{
"type": "FeatureCollection",
"name": "geo_22_地域密着型通所介護",
"crs": { "type": "name", "properties": { "name": "urn:ogc:def:crs:OGC:1.3:CRS84" } },
"features": [
{ "type": "Feature", "properties": { "内容": "デイサービス　かのん【地域密着型通所介護】静岡県静岡市葵区相生町１０番３号", "url": "https://www.kaigokensaku.mhlw.go.jp/22/index.php?action_kouhyou_detail_004_kani=true&JigyosyoCd=2274200464-00&ServiceCd=780&Type=search", "url2": "http://www.kanon.mn" }, "geometry": { "type": "Point", "coordinates": [ 138.392989100000023, 34.9785034 ] } },
{ "type": "Feature", "properties": { "内容": "丸光通所介護【地域密着型通所介護】静岡市葵区千代田２－２－１３", "url": "https://www.kaigokensaku.mhlw.go.jp/22/index.php?action_kouhyou_detail_004_kani=true&JigyosyoCd=2274100789-00&ServiceCd=780&Type=search", "url2": null }, "geometry": { "type": "Point", "coordinates": [ 138.399013200000013, 34.9919298 ] } },
{ "type": "Feature", "properties": { "内容": "きたえるーむ静岡北安東【地域密着型通所介護】静岡県静岡市葵区北安東二丁目28-10", "url": "https://www.kaigokensaku.mhlw.go.jp/22/index.php?action_kouhyou_detail_004_kani=true&JigyosyoCd=2294201997-00&ServiceCd=780&Type=search", "url2": "http://kitaeroom.com/" }, "geometry": { "type": "Point", "coordinates": [ 138.385632789549277, 34.998316098598131 ] } },
{ "type": "Feature", "properties": { "内容": "デイサービスあゆみ【地域密着型通所介護】静岡市葵区安西５丁目１０８番地", "url": "https://www.kaigokensaku.mhlw.go.jp/22/index.php?action_kouhyou_detail_004_kani=true&JigyosyoCd=2274204219-00&ServiceCd=780&Type=search", "url2": "https://shizuoka-carestyle.net/ayumi/" }, "geometry": { "type": "Point", "coordinates": [ 138.36391679999997, 34.9764758 ] } },
{ "type": "Feature", "properties": { "内容": "ボンベルカーユ・デイ美穂の家【地域密着型通所介護】静岡県静岡市葵区沓谷1丁目20-8", "url": "https://www.kaigokensaku.mhlw.go.jp/22/index.php?action_kouhyou_detail_004_kani=true&JigyosyoCd=2274206115-00&ServiceCd=780&Type=search", "url2": "http://mihonoie.net" }, "geometry": { "type": "Point", "coordinates": [ 138.398238399999968, 34.9853972 ] } },
{ "type": "Feature", "properties": { "内容": "デイサービス長寿乃家　大岩【地域密着型通所介護】静岡県静岡市葵区大岩町5-1", "url": "https://www.kaigokensaku.mhlw.go.jp/22/index.php?action_kouhyou_detail_004_kani=true&JigyosyoCd=2274207022-00&ServiceCd=780&Type=search", "url2": "http://choju-gr.com" }, "geometry": { "type": "Point", "coordinates": [ 138.378264552743843, 34.993941285149447 ] } },
{ "type": "Feature", "properties": { "内容": "デイサービス　ウィズ【地域密着型通所介護】千代田7-5-36", "url": "https://www.kaigokensaku.mhlw.go.jp/22/index.php?action_kouhyou_detail_004_kani=true&JigyosyoCd=2274206404-00&ServiceCd=780&Type=search", "url2": null }, "geometry": { "type": "Point", "coordinates": [ 138.405687299999954, 35.0011178 ] } },
{ "type": "Feature", "properties": { "内容": "デイサービス　タイム・スポットクラブ【地域密着型通所介護】静岡県静岡市葵区与一一丁目8-8", "url": "https://www.kaigokensaku.mhlw.go.jp/22/index.php?action_kouhyou_detail_004_kani=true&JigyosyoCd=2294202516-00&ServiceCd=780&Type=search", "url2": null }, "geometry": { "type": "Point", "coordinates": [ 138.3657197, 35.0051871 ] } },
{ "type": "Feature", "properties": { "内容": "デイサービスたんぽぽ【地域密着型通所介護】静岡県静岡市葵区紺屋町11-6チサンマンション201", "url": "https://www.kaigokensaku.mhlw.go.jp/22/index.php?action_kouhyou_detail_004_kani=true&JigyosyoCd=2294201690-00&ServiceCd=780&Type=search", "url2": "http://www7b.biglobe.ne.jp/~d-tanpopo/" }, "geometry": { "type": "Point", "coordinates": [ 138.3853206, 34.9716375 ] } },
{ "type": "Feature", "properties": { "内容": "リハビリデイサービスnagomi静岡葵店【地域密着型通所介護】静岡県静岡市葵区安西3丁目60－１尾崎ビル1F", "url": "https://www.kaigokensaku.mhlw.go.jp/22/index.php?action_kouhyou_detail_004_kani=true&JigyosyoCd=2274204623-00&ServiceCd=780&Type=search", "url2": "http://www.my-nagomi.com/" }, "geometry": { "type": "Point", "coordinates": [ 138.370341100000019, 34.9784727 ] } },
{ "type": "Feature", "properties": { "内容": "早稲田イーライフ沓谷【地域密着型通所介護】沓谷２丁目９番２号", "url": "https://www.kaigokensaku.mhlw.go.jp/22/index.php?action_kouhyou_detail_004_kani=true&JigyosyoCd=2274205984-00&ServiceCd=780&Type=search", "url2": "http://www.yobou-elife.com" }, "geometry": { "type": "Point", "coordinates": [ 138.400107599999956, 34.9895968 ] } },
{ "type": "Feature", "properties": { "内容": "機能訓練特化型デイサービスホットリハ【地域密着型通所介護】静岡県静岡市葵区松富二丁目2-77　スタシオン１階左B", "url": "https://www.kaigokensaku.mhlw.go.jp/22/index.php?action_kouhyou_detail_004_kani=true&JigyosyoCd=2294202912-00&ServiceCd=780&Type=search", "url2": null }, "geometry": { "type": "Point", "coordinates": [ 138.3740714, 35.012308 ] } },
{ "type": "Feature", "properties": { "内容": "デイサービスセンター　ふくみみ【地域密着型通所介護】静岡市葵区片羽町５５－１０", "url": "https://www.kaigokensaku.mhlw.go.jp/22/index.php?action_kouhyou_detail_004_kani=true&JigyosyoCd=2274203930-00&ServiceCd=780&Type=search", "url2": null }, "geometry": { "type": "Point", "coordinates": [ 138.373104600000033, 34.9830861 ] } },
{ "type": "Feature", "properties": { "内容": "デイサービスセンター　ふくみみアミーゴ【地域密着型通所介護】静岡県静岡市葵区幸町11－2", "url": "https://www.kaigokensaku.mhlw.go.jp/22/index.php?action_kouhyou_detail_004_kani=true&JigyosyoCd=2274206727-00&ServiceCd=780&Type=search", "url2": null }, "geometry": { "type": "Point", "coordinates": [ 138.372069, 34.9700876 ] } },
{ "type": "Feature", "properties": { "内容": "デイサービスつぐみ新伝馬【地域密着型通所介護】静岡県静岡市葵区新伝馬3丁目11番11号", "url": "https://www.kaigokensaku.mhlw.go.jp/22/index.php?action_kouhyou_detail_004_kani=true&JigyosyoCd=2294202243-00&ServiceCd=780&Type=search", "url2": "https://tsugumi-shizuoka.jp" }, "geometry": { "type": "Point", "coordinates": [ 138.3674615, 35.0007093 ] } },
{ "type": "Feature", "properties": { "内容": "デイサービス　あやめ【地域密着型通所介護】静岡県静岡市葵区瀬名2丁目２５－１１さつきハイツＡ１０２", "url": "https://www.kaigokensaku.mhlw.go.jp/22/index.php?action_kouhyou_detail_004_kani=true&JigyosyoCd=2294202391-00&ServiceCd=780&Type=search", "url2": "https://dayayame.amebaownd.com/" }, "geometry": { "type": "Point", "coordinates": [ 138.419369, 35.017341500000022 ] } },
{ "type": "Feature", "properties": { "内容": "リハデイしんあい上足洗【地域密着型通所介護】静岡県静岡市葵区上足洗2丁目11ｰ５", "url": "https://www.kaigokensaku.mhlw.go.jp/22/index.php?action_kouhyou_detail_004_kani=true&JigyosyoCd=2294203118-00&ServiceCd=780&Type=search", "url2": "https://www.shinaiwel.com/" }, "geometry": { "type": "Point", "coordinates": [ 138.393407700000012, 34.9914603 ] } },
{ "type": "Feature", "properties": { "内容": "パルモコミュニティリハプライド東草深【地域密着型通所介護】東草深町4-22", "url": "https://www.kaigokensaku.mhlw.go.jp/22/index.php?action_kouhyou_detail_004_kani=true&JigyosyoCd=2294203134-00&ServiceCd=780&Type=search", "url2": "https://www.rehapride.co.jp/higashikusabuka/index.html" }, "geometry": { "type": "Point", "coordinates": [ 138.3864151, 34.9836575 ] } },
{ "type": "Feature", "properties": { "内容": "麻機園デイサービスセンター【地域密着型通所介護】静岡県静岡市葵区東527-1", "url": "https://www.kaigokensaku.mhlw.go.jp/22/index.php?action_kouhyou_detail_004_kani=true&JigyosyoCd=2274100045-00&ServiceCd=780&Type=search", "url2": "https://www.sakura.or.jp" }, "geometry": { "type": "Point", "coordinates": [ 138.397685200000069, 35.024167500000011 ] } },
{ "type": "Feature", "properties": { "内容": "デイサービスセンター嘉響【地域密着型通所介護】静岡市葵区富沢1542－39", "url": "https://www.kaigokensaku.mhlw.go.jp/22/index.php?action_kouhyou_detail_004_kani=true&JigyosyoCd=2274100219-00&ServiceCd=780&Type=search", "url2": "http://www.surugakai.net/kakyou/" }, "geometry": { "type": "Point", "coordinates": [ 138.260174900000038, 35.0197261 ] } },
{ "type": "Feature", "properties": { "内容": "いきいきデイサービス　喜楽庭【地域密着型通所介護】静岡市葵区長谷町２４", "url": "https://www.kaigokensaku.mhlw.go.jp/22/index.php?action_kouhyou_detail_004_kani=true&JigyosyoCd=2274101019-00&ServiceCd=780&Type=search", "url2": "http://ikiiki.canariya.net/" }, "geometry": { "type": "Point", "coordinates": [ 138.381415, 34.9846692 ] } },
{ "type": "Feature", "properties": { "内容": "静岡田町福祉サービスセンター柚子【地域密着型通所介護】静岡市葵区田町5-21", "url": "https://www.kaigokensaku.mhlw.go.jp/22/index.php?action_kouhyou_detail_004_kani=true&JigyosyoCd=2274101191-00&ServiceCd=780&Type=search", "url2": "https://www.tama522.com/%E3%83%87%E3%82%A4%E3%82%B5%E3%83%BC%E3%83%93%E3%82%B9/" }, "geometry": { "type": "Point", "coordinates": [ 138.368783300000018, 34.9680907 ] } },
{ "type": "Feature", "properties": { "内容": "あいふれんどデイサービスセンター【地域密着型通所介護】静岡県静岡市葵区牛妻２６７９", "url": "https://www.kaigokensaku.mhlw.go.jp/22/index.php?action_kouhyou_detail_004_kani=true&JigyosyoCd=2274201835-00&ServiceCd=780&Type=search", "url2": "http://care-net.biz/22/ai-friend-care/" }, "geometry": { "type": "Point", "coordinates": [ 138.374483400000031, 35.0740497 ] } },
{ "type": "Feature", "properties": { "内容": "デイサービスセンター百葉わらしな【地域密着型通所介護】静岡市葵区羽鳥6-25-11", "url": "https://www.kaigokensaku.mhlw.go.jp/22/index.php?action_kouhyou_detail_004_kani=true&JigyosyoCd=2274202569-00&ServiceCd=780&Type=search", "url2": "http://www.koyama-gr.com/" }, "geometry": { "type": "Point", "coordinates": [ 138.33645839999997, 34.9871128 ] } },
{ "type": "Feature", "properties": { "内容": "まつもとデイ・グループホーム　長沼【地域密着型通所介護】静岡市葵区長沼２丁目11-20", "url": "https://www.kaigokensaku.mhlw.go.jp/22/index.php?action_kouhyou_detail_004_kani=true&JigyosyoCd=2274203070-00&ServiceCd=780&Type=search", "url2": "http://www.life-review.co.jp/" }, "geometry": { "type": "Point", "coordinates": [ 138.414536799999951, 34.9913525 ] } },
{ "type": "Feature", "properties": { "内容": "寿デイサービス【地域密着型通所介護】山崎　一丁目20-5", "url": "https://www.kaigokensaku.mhlw.go.jp/22/index.php?action_kouhyou_detail_004_kani=true&JigyosyoCd=2274204573-00&ServiceCd=780&Type=search", "url2": "https://www.kotobuki-day.com" }, "geometry": { "type": "Point", "coordinates": [ 138.353105479623423, 34.976437038330971 ] } },
{ "type": "Feature", "properties": { "内容": "デイサービス　リリーベル【地域密着型通所介護】瀬名一丁目１５番４０号", "url": "https://www.kaigokensaku.mhlw.go.jp/22/index.php?action_kouhyou_detail_004_kani=true&JigyosyoCd=2274204714-00&ServiceCd=780&Type=search", "url2": null }, "geometry": { "type": "Point", "coordinates": [ 138.422521800000027, 35.0138223 ] } },
{ "type": "Feature", "properties": { "内容": "（株）昭和の家【地域密着型通所介護】北5丁目29-25", "url": "https://www.kaigokensaku.mhlw.go.jp/22/index.php?action_kouhyou_detail_004_kani=true&JigyosyoCd=2274205547-00&ServiceCd=780&Type=search", "url2": null }, "geometry": { "type": "Point", "coordinates": [ 138.398584307578432, 35.03793982181228 ] } },
{ "type": "Feature", "properties": { "内容": "介護予防デイサービスセンター　ごろざ【地域密着型通所介護】静岡市葵区山崎2丁目35-11", "url": "https://www.kaigokensaku.mhlw.go.jp/22/index.php?action_kouhyou_detail_004_kani=true&JigyosyoCd=2274206388-00&ServiceCd=780&Type=search", "url2": "http://www.surugakai.net/goroza/index.html" }, "geometry": { "type": "Point", "coordinates": [ 138.350570800000014, 34.9784587 ] } },
{ "type": "Feature", "properties": { "内容": "(株)少人数個別対応デイ・いずみ静岡【地域密着型通所介護】静岡県静岡市葵区西千代田町１２番５号", "url": "https://www.kaigokensaku.mhlw.go.jp/22/index.php?action_kouhyou_detail_004_kani=true&JigyosyoCd=2274207204-00&ServiceCd=780&Type=search", "url2": null }, "geometry": { "type": "Point", "coordinates": [ 138.389958500000034, 34.9886271 ] } },
{ "type": "Feature", "properties": { "内容": "元気広場緑町【地域密着型通所介護】静岡県静岡市葵区緑町５番１号", "url": "https://www.kaigokensaku.mhlw.go.jp/22/index.php?action_kouhyou_detail_004_kani=true&JigyosyoCd=2274207428-00&ServiceCd=780&Type=search", "url2": "http://www.genkihiroba.jp" }, "geometry": { "type": "Point", "coordinates": [ 138.390725100000026, 34.9878745 ] } },
{ "type": "Feature", "properties": { "内容": "リハケアアンダンテ【地域密着型通所介護】静岡県静岡市葵区沓谷１丁目12-11", "url": "https://www.kaigokensaku.mhlw.go.jp/22/index.php?action_kouhyou_detail_004_kani=true&JigyosyoCd=2274207683-00&ServiceCd=780&Type=search", "url2": "http://www.cq-s.com" }, "geometry": { "type": "Point", "coordinates": [ 138.401343699999984, 34.9870638 ] } },
{ "type": "Feature", "properties": { "内容": "るりーるデイサービス【地域密着型通所介護】静岡県静岡市葵区昭府1丁目19‐50", "url": "https://www.kaigokensaku.mhlw.go.jp/22/index.php?action_kouhyou_detail_004_kani=true&JigyosyoCd=2274207881-00&ServiceCd=780&Type=search", "url2": null }, "geometry": { "type": "Point", "coordinates": [ 138.3715932, 34.998362 ] } },
{ "type": "Feature", "properties": { "内容": "岩本薬局　リハビリセンター歩み【地域密着型通所介護】春日2-8春日マンション", "url": "https://www.kaigokensaku.mhlw.go.jp/22/index.php?action_kouhyou_detail_004_kani=true&JigyosyoCd=2274208004-00&ServiceCd=780&Type=search", "url2": "http://iwamotoyakkyoku.jp/" }, "geometry": { "type": "Point", "coordinates": [ 140.4557605, 37.7552451 ] } },
{ "type": "Feature", "properties": { "内容": "デイサービスセンターこだま【地域密着型通所介護】静岡県静岡市葵区富沢1542-46", "url": "https://www.kaigokensaku.mhlw.go.jp/22/index.php?action_kouhyou_detail_004_kani=true&JigyosyoCd=2294201948-00&ServiceCd=780&Type=search", "url2": "http://www.surugakai.net/hikari-day/" }, "geometry": { "type": "Point", "coordinates": [ 138.2600582, 35.0203121 ] } },
{ "type": "Feature", "properties": { "内容": "ひまわりの家【地域密着型通所介護】静岡県静岡市葵区丸山町12メゾンドブランシェ104", "url": "https://www.kaigokensaku.mhlw.go.jp/22/index.php?action_kouhyou_detail_004_kani=true&JigyosyoCd=2294202094-00&ServiceCd=780&Type=search", "url2": null }, "geometry": { "type": "Point", "coordinates": [ 138.3763851, 34.9854608 ] } },
{ "type": "Feature", "properties": { "内容": "デイサービスセンターしずはた【地域密着型通所介護】静岡市葵区俵沢１０９番地１複合施設しずはた", "url": "https://www.kaigokensaku.mhlw.go.jp/22/index.php?action_kouhyou_detail_004_kani=true&JigyosyoCd=2294202128-00&ServiceCd=780&Type=search", "url2": "https://www.shizuhata-aoikai.com/" }, "geometry": { "type": "Point", "coordinates": [ 138.364705500000014, 35.1082952 ] } },
{ "type": "Feature", "properties": { "内容": "デイサービスセンタープラス北【地域密着型通所介護】静岡県静岡市葵区北5-27-33", "url": "https://www.kaigokensaku.mhlw.go.jp/22/index.php?action_kouhyou_detail_004_kani=true&JigyosyoCd=2294202201-00&ServiceCd=780&Type=search", "url2": "plus.sato@eas-co-ltd.com" }, "geometry": { "type": "Point", "coordinates": [ 138.397199199999932, 35.0370904 ] } },
{ "type": "Feature", "properties": { "内容": "デイサービス　ききょう【地域密着型通所介護】静岡県静岡市葵区安西5丁目108", "url": "https://www.kaigokensaku.mhlw.go.jp/22/index.php?action_kouhyou_detail_004_kani=true&JigyosyoCd=2294202474-00&ServiceCd=780&Type=search", "url2": "http://hanauta-world.com/" }, "geometry": { "type": "Point", "coordinates": [ 138.36391519999998, 34.9764736 ] } },
{ "type": "Feature", "properties": { "内容": "ココトレ【地域密着型通所介護】静岡県静岡市葵区安東3丁目17－32", "url": "https://www.kaigokensaku.mhlw.go.jp/22/index.php?action_kouhyou_detail_004_kani=true&JigyosyoCd=2294202664-00&ServiceCd=780&Type=search", "url2": null }, "geometry": { "type": "Point", "coordinates": [ 138.382735700000012, 34.9914668 ] } },
{ "type": "Feature", "properties": { "内容": "お泊り対応型デイサービス　ロングライフ羽鳥【地域密着型通所介護】静岡県静岡市葵区羽鳥5丁目25-46ウイングバード１F", "url": "https://www.kaigokensaku.mhlw.go.jp/22/index.php?action_kouhyou_detail_004_kani=true&JigyosyoCd=2294202672-00&ServiceCd=780&Type=search", "url2": null }, "geometry": { "type": "Point", "coordinates": [ 138.3386185, 34.9857437 ] } },
{ "type": "Feature", "properties": { "内容": "スマートフィット【地域密着型通所介護】静岡県静岡市葵区宮ケ崎町23　コーポ宮ケ崎1階A", "url": "https://www.kaigokensaku.mhlw.go.jp/22/index.php?action_kouhyou_detail_004_kani=true&JigyosyoCd=2294202771-00&ServiceCd=780&Type=search", "url2": "https://www.smart2022.jp/" }, "geometry": { "type": "Point", "coordinates": [ 138.376633098147551, 34.980918037619603 ] } },
{ "type": "Feature", "properties": { "内容": "リ・ボン俱楽部瀬名【地域密着型通所介護】静岡県静岡市葵区瀬名川２丁目３３－３３", "url": "https://www.kaigokensaku.mhlw.go.jp/22/index.php?action_kouhyou_detail_004_kani=true&JigyosyoCd=2294202854-00&ServiceCd=780&Type=search", "url2": "https://yahiro-hd.com" }, "geometry": { "type": "Point", "coordinates": [ 138.428036008598326, 35.007300793882017 ] } },
{ "type": "Feature", "properties": { "内容": "デイサ－ビス・パ－ス美和【地域密着型通所介護】安倍口新田121－8", "url": "https://www.kaigokensaku.mhlw.go.jp/22/index.php?action_kouhyou_detail_004_kani=true&JigyosyoCd=2294202862-00&ServiceCd=780&Type=search", "url2": null }, "geometry": { "type": "Point", "coordinates": [ 138.360144612303202, 35.020213315834305 ] } },
{ "type": "Feature", "properties": { "内容": "リハ特化型デイ　アイリス【地域密着型通所介護】静岡県静岡市葵区相生町7-3メゾン相生　1階", "url": "https://www.kaigokensaku.mhlw.go.jp/22/index.php?action_kouhyou_detail_004_kani=true&JigyosyoCd=2294203035-00&ServiceCd=780&Type=search", "url2": "https://sites.google.com/view/iris-2024/%E3%83%9B%E3%83%BC%E3%83%A0" }, "geometry": { "type": "Point", "coordinates": [ 138.391593199999988, 34.9780046 ] } },
{ "type": "Feature", "properties": { "内容": "デイサービス　だいふく【地域密着型通所介護】静岡県静岡市葵区与一一丁目9-5", "url": "https://www.kaigokensaku.mhlw.go.jp/22/index.php?action_kouhyou_detail_004_kani=true&JigyosyoCd=2294203043-00&ServiceCd=780&Type=search", "url2": null }, "geometry": { "type": "Point", "coordinates": [ 138.365806, 35.0055396 ] } },
{ "type": "Feature", "properties": { "内容": "リハビリデイ　内外同治　竜南【地域密着型通所介護】静岡県静岡市葵区竜南1-6-5ヒルサイドテラス竜南１階", "url": "https://www.kaigokensaku.mhlw.go.jp/22/index.php?action_kouhyou_detail_004_kani=true&JigyosyoCd=2294202763-00&ServiceCd=780&Type=search", "url2": "http://www.naigaidouchi.com" }, "geometry": { "type": "Point", "coordinates": [ 138.3967357, 34.9960884 ] } },
{ "type": "Feature", "properties": { "内容": "デイサービス大岩の家【地域密着型通所介護】静岡市葵区大岩町５－７", "url": "https://www.kaigokensaku.mhlw.go.jp/22/index.php?action_kouhyou_detail_004_kani=true&JigyosyoCd=2274203443-00&ServiceCd=780&Type=search", "url2": null }, "geometry": { "type": "Point", "coordinates": [ 138.378514900000027, 34.9944875 ] } },
{ "type": "Feature", "properties": { "内容": "友遊デイサービス【地域密着型通所介護】静岡県静岡市葵区田町５丁目69ケアタウン静和１階", "url": "https://www.kaigokensaku.mhlw.go.jp/22/index.php?action_kouhyou_detail_004_kani=true&JigyosyoCd=2274207527-00&ServiceCd=780&Type=search", "url2": null }, "geometry": { "type": "Point", "coordinates": [ 138.365717421755448, 34.967369417104749 ] } },
{ "type": "Feature", "properties": { "内容": "デイサービス池ヶ谷の家【地域密着型通所介護】静岡市葵区池ヶ谷東6-13", "url": "https://www.kaigokensaku.mhlw.go.jp/22/index.php?action_kouhyou_detail_004_kani=true&JigyosyoCd=2274205398-00&ServiceCd=780&Type=search", "url2": null }, "geometry": { "type": "Point", "coordinates": [ 138.3850745, 35.005550300000017 ] } },
{ "type": "Feature", "properties": { "内容": "ディサービス天使の学園【地域密着型通所介護】静岡県静岡市葵区北安東5丁目50-18パル城北　１０4", "url": "https://www.kaigokensaku.mhlw.go.jp/22/index.php?action_kouhyou_detail_004_kani=true&JigyosyoCd=2294202292-00&ServiceCd=780&Type=search", "url2": null }, "geometry": { "type": "Point", "coordinates": [ 138.3917108, 35.0014437 ] } },
{ "type": "Feature", "properties": { "内容": "デイサ－ビス・パース【地域密着型通所介護】静岡県静岡市葵区平和３ー８ー１４", "url": "https://www.kaigokensaku.mhlw.go.jp/22/index.php?action_kouhyou_detail_004_kani=true&JigyosyoCd=2294202557-00&ServiceCd=780&Type=search", "url2": "http://hp.kaipoke.biz/zw6/" }, "geometry": { "type": "Point", "coordinates": [ 138.368786, 34.9940588 ] } },
{ "type": "Feature", "properties": { "内容": "ひまわりの家　千代【地域密着型通所介護】静岡県静岡市葵区千代1-11-31", "url": "https://www.kaigokensaku.mhlw.go.jp/22/index.php?action_kouhyou_detail_004_kani=true&JigyosyoCd=2294202649-00&ServiceCd=780&Type=search", "url2": null }, "geometry": { "type": "Point", "coordinates": [ 138.351022025795004, 34.979976713953995 ] } },
{ "type": "Feature", "properties": { "内容": "デイサ－ビスドルフィン八幡【地域密着型通所介護】静岡県静岡市駿河区八幡５－１５－１３", "url": "https://www.kaigokensaku.mhlw.go.jp/22/index.php?action_kouhyou_detail_004_kani=true&JigyosyoCd=2274205299-00&ServiceCd=780&Type=search", "url2": null }, "geometry": { "type": "Point", "coordinates": [ 138.4015081, 34.9675911 ] } },
{ "type": "Feature", "properties": { "内容": "和らぎの家【地域密着型通所介護】静岡県静岡市駿河区青木５１５－２", "url": "https://www.kaigokensaku.mhlw.go.jp/22/index.php?action_kouhyou_detail_004_kani=true&JigyosyoCd=2274204722-00&ServiceCd=780&Type=search", "url2": null }, "geometry": { "type": "Point", "coordinates": [ 138.36103490000005, 34.9334586 ] } },
{ "type": "Feature", "properties": { "内容": "デイサービスセンターめぐみ【地域密着型通所介護】静岡市駿河区向敷地848－37", "url": "https://www.kaigokensaku.mhlw.go.jp/22/index.php?action_kouhyou_detail_004_kani=true&JigyosyoCd=2274204854-00&ServiceCd=780&Type=search", "url2": "http://www.actg.co.jp/minori/" }, "geometry": { "type": "Point", "coordinates": [ 138.360828699999956, 34.9597667 ] } },
{ "type": "Feature", "properties": { "内容": "四葉堂デイサービス【地域密着型通所介護】静岡県静岡市駿河区曲金３－１２－３７－６", "url": "https://www.kaigokensaku.mhlw.go.jp/22/index.php?action_kouhyou_detail_004_kani=true&JigyosyoCd=2294201898-00&ServiceCd=780&Type=search", "url2": null }, "geometry": { "type": "Point", "coordinates": [ 138.409996099999944, 34.9728046 ] } },
{ "type": "Feature", "properties": { "内容": "デイサービスふく福かもめ【地域密着型通所介護】静岡県静岡市駿河区下島１００６番地", "url": "https://www.kaigokensaku.mhlw.go.jp/22/index.php?action_kouhyou_detail_004_kani=true&JigyosyoCd=2274207840-00&ServiceCd=780&Type=search", "url2": "http//www.fukukamo.com" }, "geometry": { "type": "Point", "coordinates": [ 138.41268, 34.944477 ] } },
{ "type": "Feature", "properties": { "内容": "デイサービスむさしや【地域密着型通所介護】向手越一丁目10番35号", "url": "https://www.kaigokensaku.mhlw.go.jp/22/index.php?action_kouhyou_detail_004_kani=true&JigyosyoCd=2294201914-00&ServiceCd=780&Type=search", "url2": "http://kaigomusashiya.com/" }, "geometry": { "type": "Point", "coordinates": [ 138.360616982415706, 34.951408202302446 ] } },
{ "type": "Feature", "properties": { "内容": "ほっとほ～む【地域密着型通所介護】静岡県静岡市駿河区寿町２０－３", "url": "https://www.kaigokensaku.mhlw.go.jp/22/index.php?action_kouhyou_detail_004_kani=true&JigyosyoCd=2274204128-00&ServiceCd=780&Type=search", "url2": "http://www.physicalyoga.org/hot-h" }, "geometry": { "type": "Point", "coordinates": [ 138.378732600000035, 34.9603166 ] } },
{ "type": "Feature", "properties": { "内容": "デイサービス　ジェイ・ワン【地域密着型通所介護】静岡市駿河区西中原1-3-3", "url": "https://www.kaigokensaku.mhlw.go.jp/22/index.php?action_kouhyou_detail_004_kani=true&JigyosyoCd=2274201281-00&ServiceCd=780&Type=search", "url2": "http://www.j1one.com/index.html" }, "geometry": { "type": "Point", "coordinates": [ 138.3805936, 34.9595278 ] } },
{ "type": "Feature", "properties": { "内容": "いきいき・アップデイ【地域密着型通所介護】静岡県静岡市曲金2-7-67", "url": "https://www.kaigokensaku.mhlw.go.jp/22/index.php?action_kouhyou_detail_004_kani=true&JigyosyoCd=2274207600-00&ServiceCd=780&Type=search", "url2": "kaipoke.biz/c5v/86685/base_0004.html" }, "geometry": { "type": "Point", "coordinates": [ 138.40591135447653, 34.976427349851072 ] } },
{ "type": "Feature", "properties": { "内容": "デイサービスまりこ【地域密着型通所介護】静岡市駿河区丸子六丁目14-17", "url": "https://www.kaigokensaku.mhlw.go.jp/22/index.php?action_kouhyou_detail_004_kani=true&JigyosyoCd=2274204318-00&ServiceCd=780&Type=search", "url2": "https://day-mariko.com/" }, "geometry": { "type": "Point", "coordinates": [ 138.349591299999929, 34.945879300000023 ] } },
{ "type": "Feature", "properties": { "内容": "デイサービス　福寿草【地域密着型通所介護】静岡市駿河区池田６６７－１", "url": "https://www.kaigokensaku.mhlw.go.jp/22/index.php?action_kouhyou_detail_004_kani=true&JigyosyoCd=2274101282-00&ServiceCd=780&Type=search", "url2": "https://www4.hp-ez.com/hp/fukujyuso/" }, "geometry": { "type": "Point", "coordinates": [ 138.422392, 34.9784321 ] } },
{ "type": "Feature", "properties": { "内容": "登呂の家デイサービスセンター【地域密着型通所介護】静岡市駿河区登呂３丁目４－１", "url": "https://www.kaigokensaku.mhlw.go.jp/22/index.php?action_kouhyou_detail_004_kani=true&JigyosyoCd=2274201892-00&ServiceCd=780&Type=search", "url2": "http://www.tenryu-kohseikai.or.jp/senior/toro/" }, "geometry": { "type": "Point", "coordinates": [ 138.406613800000059, 34.9590751 ] } },
{ "type": "Feature", "properties": { "内容": "デイサービス　ジェイ・ワン【地域密着型通所介護】静岡県静岡市駿河区西中原１－３－３", "url": "https://www.kaigokensaku.mhlw.go.jp/22/index.php?action_kouhyou_detail_004_kani=true&JigyosyoCd=2294202698-00&ServiceCd=780&Type=search", "url2": null }, "geometry": { "type": "Point", "coordinates": [ 138.380606, 34.9595531 ] } },
{ "type": "Feature", "properties": { "内容": "ハートピアの森リハビリセンター東新田【地域密着型通所介護】東新田3丁目32-35", "url": "https://www.kaigokensaku.mhlw.go.jp/22/index.php?action_kouhyou_detail_004_kani=true&JigyosyoCd=2294202623-00&ServiceCd=780&Type=search", "url2": "https://heart-pia.co.jp/" }, "geometry": { "type": "Point", "coordinates": [ 138.373639, 34.9453434 ] } },
{ "type": "Feature", "properties": { "内容": "レコードブック静岡宮竹【地域密着型通所介護】静岡県静岡市駿河区宮竹１－３－２", "url": "https://www.kaigokensaku.mhlw.go.jp/22/index.php?action_kouhyou_detail_004_kani=true&JigyosyoCd=2294203050-00&ServiceCd=780&Type=search", "url2": "https://www.recordbook.jp/facility/shizuokamiyatake/" }, "geometry": { "type": "Point", "coordinates": [ 138.4138577, 34.9542942 ] } },
{ "type": "Feature", "properties": { "内容": "リハビリサポートLively【地域密着型通所介護】静岡県静岡市駿河区下川原3-35-30", "url": "https://www.kaigokensaku.mhlw.go.jp/22/index.php?action_kouhyou_detail_004_kani=true&JigyosyoCd=2294202870-00&ServiceCd=780&Type=search", "url2": "https://lively-shizuoka.com" }, "geometry": { "type": "Point", "coordinates": [ 138.371189, 34.9346727 ] } },
{ "type": "Feature", "properties": { "内容": "デイサービスセンターいなほ【地域密着型通所介護】静岡市駿河区高松1丁目12番10号", "url": "https://www.kaigokensaku.mhlw.go.jp/22/index.php?action_kouhyou_detail_004_kani=true&JigyosyoCd=2274200019-00&ServiceCd=780&Type=search", "url2": "http://rrr-shizuoka.org/contact/index.php" }, "geometry": { "type": "Point", "coordinates": [ 138.418434700000034, 34.9550511 ] } },
{ "type": "Feature", "properties": { "内容": "元気星まつもとデイサービス【地域密着型通所介護】静岡市駿河区大坪町２番１６号", "url": "https://www.kaigokensaku.mhlw.go.jp/22/index.php?action_kouhyou_detail_004_kani=true&JigyosyoCd=2274202957-00&ServiceCd=780&Type=search", "url2": "http://www.humangravity.jp" }, "geometry": { "type": "Point", "coordinates": [ 138.3958781, 34.9650384 ] } },
{ "type": "Feature", "properties": { "内容": "茶話本舗静岡デイサービス高松の家【地域密着型通所介護】静岡市駿河区高松1-13-11", "url": "https://www.kaigokensaku.mhlw.go.jp/22/index.php?action_kouhyou_detail_004_kani=true&JigyosyoCd=2274204938-00&ServiceCd=780&Type=search", "url2": null }, "geometry": { "type": "Point", "coordinates": [ 138.418793, 34.9548983 ] } },
{ "type": "Feature", "properties": { "内容": "茶話本舗静岡デイサービス谷田の家【地域密着型通所介護】静岡県静岡市駿河区谷田１５－３２", "url": "https://www.kaigokensaku.mhlw.go.jp/22/index.php?action_kouhyou_detail_004_kani=true&JigyosyoCd=2274205414-00&ServiceCd=780&Type=search", "url2": null }, "geometry": { "type": "Point", "coordinates": [ 138.441173599999956, 34.9919086 ] } },
{ "type": "Feature", "properties": { "内容": "茶話本舗デイサービス　ハピネス高松【地域密着型通所介護】高松２-１７-１０", "url": "https://www.kaigokensaku.mhlw.go.jp/22/index.php?action_kouhyou_detail_004_kani=true&JigyosyoCd=2274206495-00&ServiceCd=780&Type=search", "url2": null }, "geometry": { "type": "Point", "coordinates": [ 134.047380800000042, 34.3184763 ] } },
{ "type": "Feature", "properties": { "内容": "デイサービス第２しんあい【地域密着型通所介護】静岡市駿河区池田２２３－3", "url": "https://www.kaigokensaku.mhlw.go.jp/22/index.php?action_kouhyou_detail_004_kani=true&JigyosyoCd=2274206925-00&ServiceCd=780&Type=search", "url2": null }, "geometry": { "type": "Point", "coordinates": [ 138.424597299999959, 34.9803152 ] } },
{ "type": "Feature", "properties": { "内容": "デイサロン　ゆうらくてい【地域密着型通所介護】静岡県静岡市駿河区上川原３－１７", "url": "https://www.kaigokensaku.mhlw.go.jp/22/index.php?action_kouhyou_detail_004_kani=true&JigyosyoCd=2274207691-00&ServiceCd=780&Type=search", "url2": null }, "geometry": { "type": "Point", "coordinates": [ 138.36484530000007, 34.9474737 ] } },
{ "type": "Feature", "properties": { "内容": "デイサービス第3しんあい【地域密着型通所介護】池田228番地2", "url": "https://www.kaigokensaku.mhlw.go.jp/22/index.php?action_kouhyou_detail_004_kani=true&JigyosyoCd=2274207782-00&ServiceCd=780&Type=search", "url2": "http://shinaiwel.com" }, "geometry": { "type": "Point", "coordinates": [ 138.420739200000071, 34.9840869 ] } },
{ "type": "Feature", "properties": { "内容": "そらいろデイサービス【地域密着型通所介護】静岡県静岡市駿河区高松1920-1", "url": "https://www.kaigokensaku.mhlw.go.jp/22/index.php?action_kouhyou_detail_004_kani=true&JigyosyoCd=2274207949-00&ServiceCd=780&Type=search", "url2": "http://www.aosorairo.jp" }, "geometry": { "type": "Point", "coordinates": [ 138.423633583910288, 34.949031934192845 ] } },
{ "type": "Feature", "properties": { "内容": "トレーニングデイ　IITOKO【地域密着型通所介護】丸子7-12-5", "url": "https://www.kaigokensaku.mhlw.go.jp/22/index.php?action_kouhyou_detail_004_kani=true&JigyosyoCd=2294202227-00&ServiceCd=780&Type=search", "url2": "http://hp.kaipoke.biz/s32/index.html" }, "geometry": { "type": "Point", "coordinates": [ 138.333979600000021, 34.9395167 ] } },
{ "type": "Feature", "properties": { "内容": "デイサービスセンターくえすと南安倍【地域密着型通所介護】静岡県静岡市駿河区南安倍3丁目4-8", "url": "https://www.kaigokensaku.mhlw.go.jp/22/index.php?action_kouhyou_detail_004_kani=true&JigyosyoCd=2294202573-00&ServiceCd=780&Type=search", "url2": "https://www.create-life.jp/" }, "geometry": { "type": "Point", "coordinates": [ 138.3787934, 34.9600582 ] } },
{ "type": "Feature", "properties": { "内容": "早稲田イーライフ駿河小黒【地域密着型通所介護】静岡県静岡市駿河区小黒3-11-7", "url": "https://www.kaigokensaku.mhlw.go.jp/22/index.php?action_kouhyou_detail_004_kani=true&JigyosyoCd=2294202797-00&ServiceCd=780&Type=search", "url2": null }, "geometry": { "type": "Point", "coordinates": [ 138.4040622, 34.972202 ] } },
{ "type": "Feature", "properties": { "内容": "リ・ボン俱楽部東静岡【地域密着型通所介護】静岡県静岡市駿河区曲金6丁目10-11グランリーフ1階", "url": "https://www.kaigokensaku.mhlw.go.jp/22/index.php?action_kouhyou_detail_004_kani=true&JigyosyoCd=2294203159-00&ServiceCd=780&Type=search", "url2": null }, "geometry": { "type": "Point", "coordinates": [ 138.412510200000014, 34.9824247 ] } },
{ "type": "Feature", "properties": { "内容": "リ・ボン倶楽部池田【地域密着型通所介護】池田241", "url": "https://www.kaigokensaku.mhlw.go.jp/22/index.php?action_kouhyou_detail_004_kani=true&JigyosyoCd=2294203167-00&ServiceCd=780&Type=search", "url2": null }, "geometry": { "type": "Point", "coordinates": [ 135.4283797, 34.8215568 ] } },
{ "type": "Feature", "properties": { "内容": "静岡市駿河区高松1972-12【地域密着型通所介護】静岡市駿河区高松1972-12", "url": "https://www.kaigokensaku.mhlw.go.jp/22/index.php?action_kouhyou_detail_004_kani=true&JigyosyoCd=2294203175-00&ServiceCd=780&Type=search", "url2": "www.aosorairo.jp" }, "geometry": { "type": "Point", "coordinates": [ 138.423162499999989, 34.9475009 ] } },
{ "type": "Feature", "properties": { "内容": "リハデイしんあい池田【地域密着型通所介護】静岡県静岡市駿河区池田1371-20", "url": "https://www.kaigokensaku.mhlw.go.jp/22/index.php?action_kouhyou_detail_004_kani=true&JigyosyoCd=2294203225-00&ServiceCd=780&Type=search", "url2": null }, "geometry": { "type": "Point", "coordinates": [ 138.429488519049045, 34.977819417994695 ] } },
{ "type": "Feature", "properties": { "内容": "スリーケア生活とリハビリデイサービス【地域密着型通所介護】静岡県静岡市駿河区八幡２丁目７－８", "url": "https://www.kaigokensaku.mhlw.go.jp/22/index.php?action_kouhyou_detail_004_kani=true&JigyosyoCd=2294202276-00&ServiceCd=780&Type=search", "url2": "https://3-care.com/" }, "geometry": { "type": "Point", "coordinates": [ 138.394987348277539, 34.971250580503487 ] } },
{ "type": "Feature", "properties": { "内容": "デイサービス丸子の家【地域密着型通所介護】静岡市駿河区丸子3252-8", "url": "https://www.kaigokensaku.mhlw.go.jp/22/index.php?action_kouhyou_detail_004_kani=true&JigyosyoCd=2274204102-00&ServiceCd=780&Type=search", "url2": null }, "geometry": { "type": "Point", "coordinates": [ 138.331870699999968, 34.9545777 ] } },
{ "type": "Feature", "properties": { "内容": "シルバーフィットネス池田【地域密着型通所介護】静岡市駿河区池田６１", "url": "https://www.kaigokensaku.mhlw.go.jp/22/index.php?action_kouhyou_detail_004_kani=true&JigyosyoCd=2274204227-00&ServiceCd=780&Type=search", "url2": null }, "geometry": { "type": "Point", "coordinates": [ 138.41770906309057, 34.982217181902719 ] } },
{ "type": "Feature", "properties": { "内容": "リハプライド桃園【地域密着型通所介護】静岡県静岡市駿河区桃園町16-25", "url": "https://www.kaigokensaku.mhlw.go.jp/22/index.php?action_kouhyou_detail_004_kani=true&JigyosyoCd=2294202334-00&ServiceCd=780&Type=search", "url2": "https://www.rehapride.co.jp/momozono/" }, "geometry": { "type": "Point", "coordinates": [ 138.378937900000011, 34.9299511 ] } },
{ "type": "Feature", "properties": { "内容": "レコードブック清水有東坂【地域密着型通所介護】静岡県静岡市清水区有東坂二丁目278-12クラージュⅢ　1階", "url": "https://www.kaigokensaku.mhlw.go.jp/22/index.php?action_kouhyou_detail_004_kani=true&JigyosyoCd=2294202193-00&ServiceCd=780&Type=search", "url2": "www.recordbook.jp" }, "geometry": { "type": "Point", "coordinates": [ 138.464085599999947, 35.0091297 ] } },
{ "type": "Feature", "properties": { "内容": "いきいき元気燦々クラブ【地域密着型通所介護】静岡市清水区三保２７２８－４", "url": "https://www.kaigokensaku.mhlw.go.jp/22/index.php?action_kouhyou_detail_004_kani=true&JigyosyoCd=2274203310-00&ServiceCd=780&Type=search", "url2": "http://www.miho-kaigoservice.jp" }, "geometry": { "type": "Point", "coordinates": [ 138.5192687, 35.0165934 ] } },
{ "type": "Feature", "properties": { "内容": "デイサービス夢【地域密着型通所介護】静岡市清水区草薙１１３１－１", "url": "https://www.kaigokensaku.mhlw.go.jp/22/index.php?action_kouhyou_detail_004_kani=true&JigyosyoCd=2274203120-00&ServiceCd=780&Type=search", "url2": "http://www.happy-kaigo.jp" }, "geometry": { "type": "Point", "coordinates": [ 138.451600699999972, 34.999533100000022 ] } },
{ "type": "Feature", "properties": { "内容": "デイサービス大きな栗の木【地域密着型通所介護】静岡県静岡市清水区河内554－3", "url": "https://www.kaigokensaku.mhlw.go.jp/22/index.php?action_kouhyou_detail_004_kani=true&JigyosyoCd=2294201781-00&ServiceCd=780&Type=search", "url2": "https://www.ace-dayservice.com/" }, "geometry": { "type": "Point", "coordinates": [ 138.433088199999929, 35.1408675 ] } },
{ "type": "Feature", "properties": { "内容": "デイサービス遊人俱楽部【地域密着型通所介護】静岡県静岡市清水区向田町12-14", "url": "https://www.kaigokensaku.mhlw.go.jp/22/index.php?action_kouhyou_detail_004_kani=true&JigyosyoCd=2294202284-00&ServiceCd=780&Type=search", "url2": "http://ace-kaigo.com/dayservice" }, "geometry": { "type": "Point", "coordinates": [ 138.4823472, 34.9972565 ] } },
{ "type": "Feature", "properties": { "内容": "ケアセンターオアシス入江デイサービス【地域密着型通所介護】静岡市清水区入江３丁目４－２４", "url": "https://www.kaigokensaku.mhlw.go.jp/22/index.php?action_kouhyou_detail_004_kani=true&JigyosyoCd=2274204136-00&ServiceCd=780&Type=search", "url2": null }, "geometry": { "type": "Point", "coordinates": [ 138.47743689999993, 35.0173819 ] } },
{ "type": "Feature", "properties": { "内容": "デイサービス遊人倶楽部＋【地域密着型通所介護】静岡県静岡市清水区青葉町12-20", "url": "https://www.kaigokensaku.mhlw.go.jp/22/index.php?action_kouhyou_detail_004_kani=true&JigyosyoCd=2294202888-00&ServiceCd=780&Type=search", "url2": null }, "geometry": { "type": "Point", "coordinates": [ 138.476373400000028, 35.0076196 ] } },
{ "type": "Feature", "properties": { "内容": "デイサービスティフォン【地域密着型通所介護】静岡県静岡市清水区巴町５番１号川島パーキングビル２F", "url": "https://www.kaigokensaku.mhlw.go.jp/22/index.php?action_kouhyou_detail_004_kani=true&JigyosyoCd=2294202821-00&ServiceCd=780&Type=search", "url2": null }, "geometry": { "type": "Point", "coordinates": [ 138.4868674, 35.0169741 ] } },
{ "type": "Feature", "properties": { "内容": "デイサービス遊人倶楽部【地域密着型通所介護】静岡県静岡市清水区向田町12-14", "url": "https://www.kaigokensaku.mhlw.go.jp/22/index.php?action_kouhyou_detail_004_kani=true&JigyosyoCd=2294202920-00&ServiceCd=780&Type=search", "url2": "https://www.ac-dsyuujin.com/" }, "geometry": { "type": "Point", "coordinates": [ 138.4823407, 34.9972587 ] } },
{ "type": "Feature", "properties": { "内容": "伊佐布の里癒庵【地域密着型通所介護】伊佐布80-5", "url": "https://www.kaigokensaku.mhlw.go.jp/22/index.php?action_kouhyou_detail_004_kani=true&JigyosyoCd=2274205406-00&ServiceCd=780&Type=search", "url2": null }, "geometry": { "type": "Point", "coordinates": [ 138.466856, 35.0728137 ] } },
{ "type": "Feature", "properties": { "内容": "デイサービス天母【地域密着型通所介護】静岡県静岡市清水区三保1698-3ヴィラユーロ", "url": "https://www.kaigokensaku.mhlw.go.jp/22/index.php?action_kouhyou_detail_004_kani=true&JigyosyoCd=2274202122-00&ServiceCd=780&Type=search", "url2": null }, "geometry": { "type": "Point", "coordinates": [ 138.522809070569537, 35.000131285668076 ] } },
{ "type": "Feature", "properties": { "内容": "たんぽぽ村【地域密着型通所介護】静岡市清水区蒲原新栄63-1", "url": "https://www.kaigokensaku.mhlw.go.jp/22/index.php?action_kouhyou_detail_004_kani=true&JigyosyoCd=2263190023-00&ServiceCd=780&Type=search", "url2": null }, "geometry": { "type": "Point", "coordinates": [ 138.621744104924005, 35.125313783398397 ] } },
{ "type": "Feature", "properties": { "内容": "好日の園デイサービスセンター【地域密着型通所介護】静岡市清水区蒲原神沢1359番地の1", "url": "https://www.kaigokensaku.mhlw.go.jp/22/index.php?action_kouhyou_detail_004_kani=true&JigyosyoCd=2273100038-00&ServiceCd=780&Type=search", "url2": "https://www.koujitsu6500.jp" }, "geometry": { "type": "Point", "coordinates": [ 138.571625600000061, 35.1157909 ] } },
{ "type": "Feature", "properties": { "内容": "デイサービスそな～れ【地域密着型通所介護】静岡市清水区三保1800番地の1", "url": "https://www.kaigokensaku.mhlw.go.jp/22/index.php?action_kouhyou_detail_004_kani=true&JigyosyoCd=2273200408-00&ServiceCd=780&Type=search", "url2": "http://sona-re.net" }, "geometry": { "type": "Point", "coordinates": [ 138.523196, 35.0032033 ] } },
{ "type": "Feature", "properties": { "内容": "WAC清水さわやかサービス　さわやか清水【地域密着型通所介護】静岡市清水区日立町24-17", "url": "https://www.kaigokensaku.mhlw.go.jp/22/index.php?action_kouhyou_detail_004_kani=true&JigyosyoCd=2274201066-00&ServiceCd=780&Type=search", "url2": "https://wac-shimizu.com" }, "geometry": { "type": "Point", "coordinates": [ 138.482252070969366, 34.995201605546839 ] } },
{ "type": "Feature", "properties": { "内容": "デイサービス　和【地域密着型通所介護】三光町5-2", "url": "https://www.kaigokensaku.mhlw.go.jp/22/index.php?action_kouhyou_detail_004_kani=true&JigyosyoCd=2274203781-00&ServiceCd=780&Type=search", "url2": null }, "geometry": { "type": "Point", "coordinates": [ 138.486942588460579, 35.003200730567649 ] } },
{ "type": "Feature", "properties": { "内容": "まごころ＊でい＊あい梅ヶ谷【地域密着型通所介護】静岡市清水区梅ヶ谷189-2", "url": "https://www.kaigokensaku.mhlw.go.jp/22/index.php?action_kouhyou_detail_004_kani=true&JigyosyoCd=2274203971-00&ServiceCd=780&Type=search", "url2": "http://www.magokorokaigo.com" }, "geometry": { "type": "Point", "coordinates": [ 138.453063499999985, 35.0381592 ] } },
{ "type": "Feature", "properties": { "内容": "通所介護たきのや【地域密着型通所介護】静岡市清水区横砂東町6番4号", "url": "https://www.kaigokensaku.mhlw.go.jp/22/index.php?action_kouhyou_detail_004_kani=true&JigyosyoCd=2274205083-00&ServiceCd=780&Type=search", "url2": "https://heiwayuugijou.wixsite.com/takinoya" }, "geometry": { "type": "Point", "coordinates": [ 138.505138883203614, 35.044703280939622 ] } },
{ "type": "Feature", "properties": { "内容": "ＮＰＯ法人　不二見の会　介護ホーム　不二見の家　ここあん【地域密着型通所介護】村松１－３－７", "url": "https://www.kaigokensaku.mhlw.go.jp/22/index.php?action_kouhyou_detail_004_kani=true&JigyosyoCd=2274205281-00&ServiceCd=780&Type=search", "url2": "http://kokoan.jp/" }, "geometry": { "type": "Point", "coordinates": [ 138.4908974, 34.9956151 ] } },
{ "type": "Feature", "properties": { "内容": "篠原接骨院デイサービスセンターふあみ【地域密着型通所介護】静岡県静岡市清水区蒲原5111-2-1", "url": "https://www.kaigokensaku.mhlw.go.jp/22/index.php?action_kouhyou_detail_004_kani=true&JigyosyoCd=2274206081-00&ServiceCd=780&Type=search", "url2": "https://www.fuami-serapisu.com" }, "geometry": { "type": "Point", "coordinates": [ 138.622629400000051, 35.1235794 ] } },
{ "type": "Feature", "properties": { "内容": "デイサービス西里の家【地域密着型通所介護】静岡県静岡市清水区西里1392－1", "url": "https://www.kaigokensaku.mhlw.go.jp/22/index.php?action_kouhyou_detail_004_kani=true&JigyosyoCd=2274206560-00&ServiceCd=780&Type=search", "url2": "http://ace-kaigo.com/dayservice" }, "geometry": { "type": "Point", "coordinates": [ 138.430896299999972, 35.1200627 ] } },
{ "type": "Feature", "properties": { "内容": "竜宮村松【地域密着型通所介護】静岡市清水区村松１丁目１－６５", "url": "https://www.kaigokensaku.mhlw.go.jp/22/index.php?action_kouhyou_detail_004_kani=true&JigyosyoCd=2274207220-00&ServiceCd=780&Type=search", "url2": "https://urashima-ryugu.com/ryugu-muramatsu" }, "geometry": { "type": "Point", "coordinates": [ 138.489494700000023, 34.9981149 ] } },
{ "type": "Feature", "properties": { "内容": "デイサービスおひさま【地域密着型通所介護】静岡県静岡市清水区原７１番地の1", "url": "https://www.kaigokensaku.mhlw.go.jp/22/index.php?action_kouhyou_detail_004_kani=true&JigyosyoCd=2274207576-00&ServiceCd=780&Type=search", "url2": null }, "geometry": { "type": "Point", "coordinates": [ 138.482994100000042, 35.0467368 ] } },
{ "type": "Feature", "properties": { "内容": "ケアセンターオアシス北脇デイサービス【地域密着型通所介護】静岡県静岡市清水区北脇新田248-1", "url": "https://www.kaigokensaku.mhlw.go.jp/22/index.php?action_kouhyou_detail_004_kani=true&JigyosyoCd=2274207956-00&ServiceCd=780&Type=search", "url2": "http://oasis-shizuoka.com" }, "geometry": { "type": "Point", "coordinates": [ 138.4680598, 35.0234975 ] } },
{ "type": "Feature", "properties": { "内容": "デイサービスほっとケア【地域密着型通所介護】静岡県静岡市清水区由比648-8", "url": "https://www.kaigokensaku.mhlw.go.jp/22/index.php?action_kouhyou_detail_004_kani=true&JigyosyoCd=2274207980-00&ServiceCd=780&Type=search", "url2": null }, "geometry": { "type": "Point", "coordinates": [ 138.566170599999964, 35.1102197 ] } },
{ "type": "Feature", "properties": { "内容": "篠原接骨院デイサービスセンターせらぴす【地域密着型通所介護】静岡県静岡市清水区蒲原2-11-1", "url": "https://www.kaigokensaku.mhlw.go.jp/22/index.php?action_kouhyou_detail_004_kani=true&JigyosyoCd=2274208103-00&ServiceCd=780&Type=search", "url2": "http://www.fuami-serapisu.com" }, "geometry": { "type": "Point", "coordinates": [ 138.610045300000024, 35.1216749 ] } },
{ "type": "Feature", "properties": { "内容": "レジデンス花みなもクラブ【地域密着型通所介護】静岡市清水区和田島688", "url": "https://www.kaigokensaku.mhlw.go.jp/22/index.php?action_kouhyou_detail_004_kani=true&JigyosyoCd=2294201708-00&ServiceCd=780&Type=search", "url2": null }, "geometry": { "type": "Point", "coordinates": [ 138.478934164543148, 35.109471854000837 ] } },
{ "type": "Feature", "properties": { "内容": "デイサービス絆寿【地域密着型通所介護】楠402", "url": "https://www.kaigokensaku.mhlw.go.jp/22/index.php?action_kouhyou_detail_004_kani=true&JigyosyoCd=2294201740-00&ServiceCd=780&Type=search", "url2": null }, "geometry": { "type": "Point", "coordinates": [ 138.439204, 35.0116758 ] } },
{ "type": "Feature", "properties": { "内容": "シルバーフィットネス八坂【地域密着型通所介護】山原207-1", "url": "https://www.kaigokensaku.mhlw.go.jp/22/index.php?action_kouhyou_detail_004_kani=true&JigyosyoCd=2294201757-00&ServiceCd=780&Type=search", "url2": "https://glc-shimizu.jbplt.jp/" }, "geometry": { "type": "Point", "coordinates": [ 138.467389186833202, 35.040723418956496 ] } },
{ "type": "Feature", "properties": { "内容": "デイサービスセンター蜂ヶ谷園【地域密着型通所介護】蜂ヶ谷460-7", "url": "https://www.kaigokensaku.mhlw.go.jp/22/index.php?action_kouhyou_detail_004_kani=true&JigyosyoCd=2294201930-00&ServiceCd=780&Type=search", "url2": "http://sunpuaoikai.or.jp/hachigaya/" }, "geometry": { "type": "Point", "coordinates": [ 138.457275200000026, 35.0407491 ] } },
{ "type": "Feature", "properties": { "内容": "フォーシーズン　通所介護【地域密着型通所介護】西久保1丁目1-14", "url": "https://www.kaigokensaku.mhlw.go.jp/22/index.php?action_kouhyou_detail_004_kani=true&JigyosyoCd=2294202136-00&ServiceCd=780&Type=search", "url2": null }, "geometry": { "type": "Point", "coordinates": [ 139.5585003, 35.7041994 ] } },
{ "type": "Feature", "properties": { "内容": "ぷちはうす江尻【地域密着型通所介護】静岡県静岡市清水区江尻東一丁目1番5号カーニープレイス清水1階", "url": "https://www.kaigokensaku.mhlw.go.jp/22/index.php?action_kouhyou_detail_004_kani=true&JigyosyoCd=2294202144-00&ServiceCd=780&Type=search", "url2": "medical-tokai.com/petithouse/index.html" }, "geometry": { "type": "Point", "coordinates": [ 138.486735899999985, 35.0231314 ] } },
{ "type": "Feature", "properties": { "内容": "デイサービス清水亀松亭【地域密着型通所介護】清水村松地先新田２７－３", "url": "https://www.kaigokensaku.mhlw.go.jp/22/index.php?action_kouhyou_detail_004_kani=true&JigyosyoCd=2294202151-00&ServiceCd=780&Type=search", "url2": "https://www.facebook.com/shimizukishotei" }, "geometry": { "type": "Point", "coordinates": [ 138.494112399999949, 34.9933831 ] } },
{ "type": "Feature", "properties": { "内容": "デイサービス　はなうたのデイ　清水【地域密着型通所介護】静岡県静岡市清水区南矢部581", "url": "https://www.kaigokensaku.mhlw.go.jp/22/index.php?action_kouhyou_detail_004_kani=true&JigyosyoCd=2294202185-00&ServiceCd=780&Type=search", "url2": "http://hanauta-world.com/" }, "geometry": { "type": "Point", "coordinates": [ 138.476476400000024, 34.9982395 ] } },
{ "type": "Feature", "properties": { "内容": "デイサービス　平和【地域密着型通所介護】静岡県静岡市清水区西久保１丁目１２－１６", "url": "https://www.kaigokensaku.mhlw.go.jp/22/index.php?action_kouhyou_detail_004_kani=true&JigyosyoCd=2294202367-00&ServiceCd=780&Type=search", "url2": null }, "geometry": { "type": "Point", "coordinates": [ 138.4847001, 35.0340089 ] } },
{ "type": "Feature", "properties": { "内容": "デイサービス未来袖師【地域密着型通所介護】横砂西町9-21", "url": "https://www.kaigokensaku.mhlw.go.jp/22/index.php?action_kouhyou_detail_004_kani=true&JigyosyoCd=2294202409-00&ServiceCd=780&Type=search", "url2": "hppt://mirai-mukaida.com" }, "geometry": { "type": "Point", "coordinates": [ 138.4959705, 35.039065 ] } },
{ "type": "Feature", "properties": { "内容": "レコードブック清水有東坂【地域密着型通所介護】静岡県静岡市清水区有東坂２丁⽬278-12クラージュ有東坂Ⅲ　1F", "url": "https://www.kaigokensaku.mhlw.go.jp/22/index.php?action_kouhyou_detail_004_kani=true&JigyosyoCd=2294202714-00&ServiceCd=780&Type=search", "url2": "https://www.recordbook.jp/facility/simizuutouzaka/" }, "geometry": { "type": "Point", "coordinates": [ 138.466857299999987, 35.0057747 ] } },
{ "type": "Feature", "properties": { "内容": "RecoveryGymクアオルト【地域密着型通所介護】静岡県静岡市清水区真砂町4-5", "url": "https://www.kaigokensaku.mhlw.go.jp/22/index.php?action_kouhyou_detail_004_kani=true&JigyosyoCd=2294202755-00&ServiceCd=780&Type=search", "url2": "https://www.reform-universal.net/" }, "geometry": { "type": "Point", "coordinates": [ 138.4877564, 35.0216688 ] } },
{ "type": "Feature", "properties": { "内容": "RecoveryGymクアオルトplus【地域密着型通所介護】静岡県静岡市清水区真砂町4‐6", "url": "https://www.kaigokensaku.mhlw.go.jp/22/index.php?action_kouhyou_detail_004_kani=true&JigyosyoCd=2294203068-00&ServiceCd=780&Type=search", "url2": null }, "geometry": { "type": "Point", "coordinates": [ 138.487716799999987, 35.0214594 ] } },
{ "type": "Feature", "properties": { "内容": "介護ホーム　にしたか【地域密着型通所介護】静岡市清水区西高町５番１号", "url": "https://www.kaigokensaku.mhlw.go.jp/22/index.php?action_kouhyou_detail_004_kani=true&JigyosyoCd=2274202056-00&ServiceCd=780&Type=search", "url2": null }, "geometry": { "type": "Point", "coordinates": [ 138.473251399999981, 35.0096715 ] } },
{ "type": "Feature", "properties": { "内容": "アクタガワ　生活リハビリ清水銀座【地域密着型通所介護】静岡市清水区銀座１３-３０　パルシティ2F", "url": "https://www.kaigokensaku.mhlw.go.jp/22/index.php?action_kouhyou_detail_004_kani=true&JigyosyoCd=2274204813-00&ServiceCd=780&Type=search", "url2": "https://akutagawa-dayservice.com/facilities/shimizuginza/" }, "geometry": { "type": "Point", "coordinates": [ 138.484164, 35.0188208 ] } },
{ "type": "Feature", "properties": { "内容": "健康広場　佐藤【地域密着型通所介護】佐藤１－２６－３２", "url": "https://www.kaigokensaku.mhlw.go.jp/22/index.php?action_kouhyou_detail_004_kani=true&JigyosyoCd=2277201469-00&ServiceCd=780&Type=search", "url2": null }, "geometry": { "type": "Point", "coordinates": [ 137.744874699999968, 34.7129957 ] } },
{ "type": "Feature", "properties": { "内容": "湖東すこやか倶楽部【地域密着型通所介護】浜松市西区湖東町1484-202", "url": "https://www.kaigokensaku.mhlw.go.jp/22/index.php?action_kouhyou_detail_004_kani=true&JigyosyoCd=2277202525-00&ServiceCd=780&Type=search", "url2": "http://www.keiseikai6001.or.jp/" }, "geometry": { "type": "Point", "coordinates": [ 137.6656769, 34.7620848 ] } },
{ "type": "Feature", "properties": { "内容": "デイサービスＹＡＭＡＤＡ【地域密着型通所介護】若林町343", "url": "https://www.kaigokensaku.mhlw.go.jp/22/index.php?action_kouhyou_detail_004_kani=true&JigyosyoCd=2277202053-00&ServiceCd=780&Type=search", "url2": null }, "geometry": { "type": "Point", "coordinates": [ 137.7014732, 34.6880148 ] } },
{ "type": "Feature", "properties": { "内容": "えがおデイサービス【地域密着型通所介護】横山町746-8", "url": "https://www.kaigokensaku.mhlw.go.jp/22/index.php?action_kouhyou_detail_004_kani=true&JigyosyoCd=2297201036-00&ServiceCd=780&Type=search", "url2": null }, "geometry": { "type": "Point", "coordinates": [ 137.815915782243763, 34.944307267853439 ] } },
{ "type": "Feature", "properties": { "内容": "デイサービス　パレット可美【地域密着型通所介護】浜松市　南区東若林町　1418-2", "url": "https://www.kaigokensaku.mhlw.go.jp/22/index.php?action_kouhyou_detail_004_kani=true&JigyosyoCd=2277103483-00&ServiceCd=780&Type=search", "url2": null }, "geometry": { "type": "Point", "coordinates": [ 137.714333099999976, 34.6884288 ] } },
{ "type": "Feature", "properties": { "内容": "デイサービス　陽だまり【地域密着型通所介護】静岡県浜松市南区渡瀬町２１５", "url": "https://www.kaigokensaku.mhlw.go.jp/22/index.php?action_kouhyou_detail_004_kani=true&JigyosyoCd=2277200966-00&ServiceCd=780&Type=search", "url2": null }, "geometry": { "type": "Point", "coordinates": [ 137.76017109999998, 34.7066914 ] } },
{ "type": "Feature", "properties": { "内容": "デイサービス楽の郷【地域密着型通所介護】豊町2472-2", "url": "https://www.kaigokensaku.mhlw.go.jp/22/index.php?action_kouhyou_detail_004_kani=true&JigyosyoCd=2277202061-00&ServiceCd=780&Type=search", "url2": "http://dowelfare.jp/" }, "geometry": { "type": "Point", "coordinates": [ 137.805340800000067, 34.7719419 ] } },
{ "type": "Feature", "properties": { "内容": "デイサービスCOCOさくら【地域密着型通所介護】静岡県浜松市西区篠原町９３６８－１", "url": "https://www.kaigokensaku.mhlw.go.jp/22/index.php?action_kouhyou_detail_004_kani=true&JigyosyoCd=2277203887-00&ServiceCd=780&Type=search", "url2": null }, "geometry": { "type": "Point", "coordinates": [ 137.658221599999933, 34.6866639 ] } },
{ "type": "Feature", "properties": { "内容": "デイサービスあゆみ【地域密着型通所介護】浜松市東区上西町43-3", "url": "https://www.kaigokensaku.mhlw.go.jp/22/index.php?action_kouhyou_detail_004_kani=true&JigyosyoCd=2277200461-00&ServiceCd=780&Type=search", "url2": "http://nozomi-sakura.jp/" }, "geometry": { "type": "Point", "coordinates": [ 137.756558400000017, 34.7209281 ] } },
{ "type": "Feature", "properties": { "内容": "健康ﾊｰﾌﾃﾞｲ【地域密着型通所介護】常盤町138-13トキワメゾン103号室", "url": "https://www.kaigokensaku.mhlw.go.jp/22/index.php?action_kouhyou_detail_004_kani=true&JigyosyoCd=2277202780-00&ServiceCd=780&Type=search", "url2": null }, "geometry": { "type": "Point", "coordinates": [ 137.732714200000032, 34.7118206 ] } },
{ "type": "Feature", "properties": { "内容": "デイサービス幸【地域密着型通所介護】静岡県浜松市中区曳馬６丁目２２－１９1階", "url": "https://www.kaigokensaku.mhlw.go.jp/22/index.php?action_kouhyou_detail_004_kani=true&JigyosyoCd=2297200921-00&ServiceCd=780&Type=search", "url2": "https://www.genkiyume.com" }, "geometry": { "type": "Point", "coordinates": [ 137.736215600000037, 34.7381068 ] } },
{ "type": "Feature", "properties": { "内容": "デイサービスセンター野の花【地域密着型通所介護】浜松市西区大山町2847-1", "url": "https://www.kaigokensaku.mhlw.go.jp/22/index.php?action_kouhyou_detail_004_kani=true&JigyosyoCd=2277200057-00&ServiceCd=780&Type=search", "url2": "http://www.keiseikai6001.or.jp" }, "geometry": { "type": "Point", "coordinates": [ 137.679194700000039, 34.7737114 ] } },
{ "type": "Feature", "properties": { "内容": "TREE市野【地域密着型通所介護】静岡県浜松市中央区市野町1729", "url": "https://www.kaigokensaku.mhlw.go.jp/22/index.php?action_kouhyou_detail_004_kani=true&JigyosyoCd=2297201382-00&ServiceCd=780&Type=search", "url2": null }, "geometry": { "type": "Point", "coordinates": [ 137.77115520000001, 34.7456318 ] } },
{ "type": "Feature", "properties": { "内容": "デイサービスさわやか【地域密着型通所介護】高丘東4-6-34", "url": "https://www.kaigokensaku.mhlw.go.jp/22/index.php?action_kouhyou_detail_004_kani=true&JigyosyoCd=2277201188-00&ServiceCd=780&Type=search", "url2": null }, "geometry": { "type": "Point", "coordinates": [ 137.708891900000026, 34.7570372 ] } },
{ "type": "Feature", "properties": { "内容": "デイサービスアマリリス【地域密着型通所介護】静岡県浜松市東区笠井町１４９番地の４", "url": "https://www.kaigokensaku.mhlw.go.jp/22/index.php?action_kouhyou_detail_004_kani=true&JigyosyoCd=2277201113-00&ServiceCd=780&Type=search", "url2": "https://amaryllis.co.jp" }, "geometry": { "type": "Point", "coordinates": [ 137.799312791981492, 34.77048931526523 ] } },
{ "type": "Feature", "properties": { "内容": "デイサービスアビリティ中央【地域密着型通所介護】静岡県浜松市中央区中央2丁目9-7中川ビル101", "url": "https://www.kaigokensaku.mhlw.go.jp/22/index.php?action_kouhyou_detail_004_kani=true&JigyosyoCd=2277204182-00&ServiceCd=780&Type=search", "url2": "http://www.ability-hamamatsu.com" }, "geometry": { "type": "Point", "coordinates": [ 137.737827899999957, 34.7104236 ] } },
{ "type": "Feature", "properties": { "内容": "Dayi3（デイ・アイスリー）【地域密着型通所介護】静岡県浜松市西区古人見町１４３１番地の３", "url": "https://www.kaigokensaku.mhlw.go.jp/22/index.php?action_kouhyou_detail_004_kani=true&JigyosyoCd=2297200939-00&ServiceCd=780&Type=search", "url2": "http://hp.kaipoke.biz/6zw/access.html" }, "geometry": { "type": "Point", "coordinates": [ 137.638745400000062, 34.731473 ] } },
{ "type": "Feature", "properties": { "内容": "パルモコミュニティ　リハプライド篠原【地域密着型通所介護】静岡県浜松市中央区篠原町21637番地", "url": "https://www.kaigokensaku.mhlw.go.jp/22/index.php?action_kouhyou_detail_004_kani=true&JigyosyoCd=2297201473-00&ServiceCd=780&Type=search", "url2": "https://www.rehapride.co.jp/shinohara/" }, "geometry": { "type": "Point", "coordinates": [ 137.6736259, 34.687688 ] } },
{ "type": "Feature", "properties": { "内容": "蒼蒼デイサービスセンター【地域密着型通所介護】静岡県浜松市中央区三島町４８７－１７", "url": "https://www.kaigokensaku.mhlw.go.jp/22/index.php?action_kouhyou_detail_004_kani=true&JigyosyoCd=2277200313-00&ServiceCd=780&Type=search", "url2": "http://www.neiro2008.com" }, "geometry": { "type": "Point", "coordinates": [ 137.741629199999977, 34.6914931 ] } },
{ "type": "Feature", "properties": { "内容": "ファミリーケア　浜松さくら物語【地域密着型通所介護】浜松市中央区船越町５２ー３８", "url": "https://www.kaigokensaku.mhlw.go.jp/22/index.php?action_kouhyou_detail_004_kani=true&JigyosyoCd=2297201168-00&ServiceCd=780&Type=search", "url2": null }, "geometry": { "type": "Point", "coordinates": [ 137.749096900000012, 34.717820900000014 ] } },
{ "type": "Feature", "properties": { "内容": "R.Yリハビリセンター佐鳴台【地域密着型通所介護】静岡県浜松市中区佐鳴台二丁目30番20号", "url": "https://www.kaigokensaku.mhlw.go.jp/22/index.php?action_kouhyou_detail_004_kani=true&JigyosyoCd=2297201192-00&ServiceCd=780&Type=search", "url2": "https://sanarudai.ryreha.com/" }, "geometry": { "type": "Point", "coordinates": [ 137.692783300000031, 34.705071 ] } },
{ "type": "Feature", "properties": { "内容": "だんらんの家浜松曳馬【地域密着型通所介護】静岡県浜松市中央区曳馬4丁目20-38", "url": "https://www.kaigokensaku.mhlw.go.jp/22/index.php?action_kouhyou_detail_004_kani=true&JigyosyoCd=2297201457-00&ServiceCd=780&Type=search", "url2": null }, "geometry": { "type": "Point", "coordinates": [ 137.741722, 34.7332723 ] } },
{ "type": "Feature", "properties": { "内容": "デイサービス堤町の家【地域密着型通所介護】堤町232", "url": "https://www.kaigokensaku.mhlw.go.jp/22/index.php?action_kouhyou_detail_004_kani=true&JigyosyoCd=2297200889-00&ServiceCd=780&Type=search", "url2": null }, "geometry": { "type": "Point", "coordinates": [ 137.702517100000023, 34.6791466 ] } },
{ "type": "Feature", "properties": { "内容": "いきいきクラブ中島【地域密着型通所介護】静岡県浜松市中央区中島3丁目10-31", "url": "https://www.kaigokensaku.mhlw.go.jp/22/index.php?action_kouhyou_detail_004_kani=true&JigyosyoCd=2297201358-00&ServiceCd=780&Type=search", "url2": "http://faith-ltd.jp" }, "geometry": { "type": "Point", "coordinates": [ 137.746154126983669, 34.698276329258633 ] } },
{ "type": "Feature", "properties": { "内容": "株式会社いにしえの里大瀬デイサービスセンター【地域密着型通所介護】静岡県浜松市東区大島町１１３７－１", "url": "https://www.kaigokensaku.mhlw.go.jp/22/index.php?action_kouhyou_detail_004_kani=true&JigyosyoCd=2277202905-00&ServiceCd=780&Type=search", "url2": "http://www.inishie.jp" }, "geometry": { "type": "Point", "coordinates": [ 137.778319199999942, 34.7678133 ] } },
{ "type": "Feature", "properties": { "内容": "デイサービス　クレセント和合【地域密着型通所介護】静岡県浜松市中央区和合町141-1サービス付き高齢者向け住宅クレセント和合", "url": "https://www.kaigokensaku.mhlw.go.jp/22/index.php?action_kouhyou_detail_004_kani=true&JigyosyoCd=2277204067-00&ServiceCd=780&Type=search", "url2": "http://www.crescentwago.com" }, "geometry": { "type": "Point", "coordinates": [ 137.717447099999958, 34.7365013 ] } },
{ "type": "Feature", "properties": { "内容": "リハプライド浜松【地域密着型通所介護】静岡県浜松市中央区将監町16番地の5", "url": "https://www.kaigokensaku.mhlw.go.jp/22/index.php?action_kouhyou_detail_004_kani=true&JigyosyoCd=2297200806-00&ServiceCd=780&Type=search", "url2": "http://www.rehapride.co.jp/hamamatsu/" }, "geometry": { "type": "Point", "coordinates": [ 137.754860199999939, 34.7161039 ] } },
{ "type": "Feature", "properties": { "内容": "東山苑デイサービスセンター【地域密着型通所介護】浜松市中央区大山町2857番地の1", "url": "https://www.kaigokensaku.mhlw.go.jp/22/index.php?action_kouhyou_detail_004_kani=true&JigyosyoCd=2277200255-00&ServiceCd=780&Type=search", "url2": "http://www.keiseikai6001.or.jp" }, "geometry": { "type": "Point", "coordinates": [ 137.679886300000021, 34.7740725 ] } },
{ "type": "Feature", "properties": { "内容": "デイサービスのあ【地域密着型通所介護】静岡県浜松市区中央曳馬3－39－22", "url": "https://www.kaigokensaku.mhlw.go.jp/22/index.php?action_kouhyou_detail_004_kani=true&JigyosyoCd=2277202517-00&ServiceCd=780&Type=search", "url2": "http://kanan053.com/" }, "geometry": { "type": "Point", "coordinates": [ 137.74583789999997, 34.728071800000016 ] } },
{ "type": "Feature", "properties": { "内容": "健康広場　和合【地域密着型通所介護】静岡県浜松市中央区和合町162-2", "url": "https://www.kaigokensaku.mhlw.go.jp/22/index.php?action_kouhyou_detail_004_kani=true&JigyosyoCd=2297200897-00&ServiceCd=780&Type=search", "url2": "http://kenkou-hiroba.com" }, "geometry": { "type": "Point", "coordinates": [ 137.716269399999987, 34.7368679 ] } },
{ "type": "Feature", "properties": { "内容": "健康広場佐鳴台【地域密着型通所介護】静岡県浜松市中央区佐鳴台６－６－３", "url": "https://www.kaigokensaku.mhlw.go.jp/22/index.php?action_kouhyou_detail_004_kani=true&JigyosyoCd=2277203713-00&ServiceCd=780&Type=search", "url2": null }, "geometry": { "type": "Point", "coordinates": [ 137.694428600000037, 34.7085844 ] } },
{ "type": "Feature", "properties": { "内容": "デイサービスセンター　ソナタ【地域密着型通所介護】静岡県浜松市中央区向宿1丁目5番29号", "url": "https://www.kaigokensaku.mhlw.go.jp/22/index.php?action_kouhyou_detail_004_kani=true&JigyosyoCd=2297200822-00&ServiceCd=780&Type=search", "url2": "https://www.dayservicecenter-sonata.com" }, "geometry": { "type": "Point", "coordinates": [ 137.749790299999972, 34.7069164 ] } },
{ "type": "Feature", "properties": { "内容": "健康広場佐鳴台南【地域密着型通所介護】静岡県浜松市中区佐鳴台2-32-26", "url": "https://www.kaigokensaku.mhlw.go.jp/22/index.php?action_kouhyou_detail_004_kani=true&JigyosyoCd=2297201283-00&ServiceCd=780&Type=search", "url2": null }, "geometry": { "type": "Point", "coordinates": [ 137.691815600000012, 34.702292 ] } },
{ "type": "Feature", "properties": { "内容": "デイサービス結ごころ【地域密着型通所介護】半田町205", "url": "https://www.kaigokensaku.mhlw.go.jp/22/index.php?action_kouhyou_detail_004_kani=true&JigyosyoCd=2297201481-00&ServiceCd=780&Type=search", "url2": null }, "geometry": { "type": "Point", "coordinates": [ 137.752203400000013, 34.7763843 ] } },
{ "type": "Feature", "properties": { "内容": "デイサービス恩地町ガーデン【地域密着型通所介護】静岡県浜松市中央区恩地町263", "url": "https://www.kaigokensaku.mhlw.go.jp/22/index.php?action_kouhyou_detail_004_kani=true&JigyosyoCd=2297201499-00&ServiceCd=780&Type=search", "url2": "https://www.onzicho.com/" }, "geometry": { "type": "Point", "coordinates": [ 137.762652134393306, 34.689524223827554 ] } },
{ "type": "Feature", "properties": { "内容": "指定通所介護事業所すびーさいで【地域密着型通所介護】浜松市中央区東伊場一丁目39-8", "url": "https://www.kaigokensaku.mhlw.go.jp/22/index.php?action_kouhyou_detail_004_kani=true&JigyosyoCd=2277102485-00&ServiceCd=780&Type=search", "url2": null }, "geometry": { "type": "Point", "coordinates": [ 137.715407599999907, 34.7008215 ] } },
{ "type": "Feature", "properties": { "内容": "つどいの家かりん【地域密着型通所介護】高塚町４４９０－１３", "url": "https://www.kaigokensaku.mhlw.go.jp/22/index.php?action_kouhyou_detail_004_kani=true&JigyosyoCd=2277201923-00&ServiceCd=780&Type=search", "url2": "http://tsudoinoiekarin.web.fc2.com/" }, "geometry": { "type": "Point", "coordinates": [ 137.6845108, 34.6886172 ] } },
{ "type": "Feature", "properties": { "内容": "だいだいの家【地域密着型通所介護】早出町1206-17", "url": "https://www.kaigokensaku.mhlw.go.jp/22/index.php?action_kouhyou_detail_004_kani=true&JigyosyoCd=2277202145-00&ServiceCd=780&Type=search", "url2": "https://daidainoie2021.jimdofree.com/" }, "geometry": { "type": "Point", "coordinates": [ 137.752304095407794, 34.732994378573061 ] } },
{ "type": "Feature", "properties": { "内容": "浜松ケアステーション佐鳴台デイサービスセンター【地域密着型通所介護】浜松市中央区佐鳴台4丁目37番35号", "url": "https://www.kaigokensaku.mhlw.go.jp/22/index.php?action_kouhyou_detail_004_kani=true&JigyosyoCd=2277100026-00&ServiceCd=780&Type=search", "url2": null }, "geometry": { "type": "Point", "coordinates": [ 137.700172299999963, 34.7116396 ] } },
{ "type": "Feature", "properties": { "内容": "純夢デイサービスセンター三方原【地域密着型通所介護】静岡県浜松市北区三方原町314番地の2", "url": "https://www.kaigokensaku.mhlw.go.jp/22/index.php?action_kouhyou_detail_004_kani=true&JigyosyoCd=2277203820-00&ServiceCd=780&Type=search", "url2": null }, "geometry": { "type": "Point", "coordinates": [ 137.71402420000004, 34.7741186 ] } },
{ "type": "Feature", "properties": { "内容": "デイサービスみんなおいで【地域密着型通所介護】浜松市中央区富塚町649-7", "url": "https://www.kaigokensaku.mhlw.go.jp/22/index.php?action_kouhyou_detail_004_kani=true&JigyosyoCd=2277200909-00&ServiceCd=780&Type=search", "url2": "http://minnaoide-hamamatsu.com/" }, "geometry": { "type": "Point", "coordinates": [ 137.712475700000027, 34.7296296 ] } },
{ "type": "Feature", "properties": { "内容": "カームステージ佐鳴台デイサービスセンター【地域密着型通所介護】浜松市中央区佐鳴台5丁目２０番１０号カームステージ佐鳴台", "url": "https://www.kaigokensaku.mhlw.go.jp/22/index.php?action_kouhyou_detail_004_kani=true&JigyosyoCd=2277202749-00&ServiceCd=780&Type=search", "url2": null }, "geometry": { "type": "Point", "coordinates": [ 137.69732810000005, 34.7119701 ] } },
{ "type": "Feature", "properties": { "内容": "デイ　ココアン【地域密着型通所介護】静岡県浜松市中区高丘西３－１２－１６", "url": "https://www.kaigokensaku.mhlw.go.jp/22/index.php?action_kouhyou_detail_004_kani=true&JigyosyoCd=2277201808-00&ServiceCd=780&Type=search", "url2": null }, "geometry": { "type": "Point", "coordinates": [ 137.692471399999931, 34.7593972 ] } },
{ "type": "Feature", "properties": { "内容": "通所介護事業所上大瀬【地域密着型通所介護】静岡県浜松市中央区大島町959番地の1", "url": "https://www.kaigokensaku.mhlw.go.jp/22/index.php?action_kouhyou_detail_004_kani=true&JigyosyoCd=2297201424-00&ServiceCd=780&Type=search", "url2": "http://www.youshoukai.or.jp" }, "geometry": { "type": "Point", "coordinates": [ 137.782024, 34.7662477 ] } },
{ "type": "Feature", "properties": { "内容": "デイサービス元気倶楽部コグニライフ【地域密着型通所介護】静岡県浜松市中央区豊町2472-2", "url": "https://www.kaigokensaku.mhlw.go.jp/22/index.php?action_kouhyou_detail_004_kani=true&JigyosyoCd=2297201119-00&ServiceCd=780&Type=search", "url2": "http://dowelfare.jp/" }, "geometry": { "type": "Point", "coordinates": [ 137.8053582, 34.7719428 ] } },
{ "type": "Feature", "properties": { "内容": "やさしい時間デイサービスセンター下石田【地域密着型通所介護】静岡県浜松市中央区下石田町279番地の3", "url": "https://www.kaigokensaku.mhlw.go.jp/22/index.php?action_kouhyou_detail_004_kani=true&JigyosyoCd=2297201218-00&ServiceCd=780&Type=search", "url2": null }, "geometry": { "type": "Point", "coordinates": [ 137.782125921673554, 34.741405841078944 ] } },
{ "type": "Feature", "properties": { "内容": "デイサービスセンター　きらり【地域密着型通所介護】志都呂１丁目５番２０号", "url": "https://www.kaigokensaku.mhlw.go.jp/22/index.php?action_kouhyou_detail_004_kani=true&JigyosyoCd=2277201717-00&ServiceCd=780&Type=search", "url2": "http://www.nouriha.jp" }, "geometry": { "type": "Point", "coordinates": [ 137.6635484, 34.7002568 ] } },
{ "type": "Feature", "properties": { "内容": "一空園デイサービスセンター細島【地域密着型通所介護】静岡県浜松市中央区細島町6-1", "url": "https://www.kaigokensaku.mhlw.go.jp/22/index.php?action_kouhyou_detail_004_kani=true&JigyosyoCd=2297200996-00&ServiceCd=780&Type=search", "url2": "http://www.hashoukai.or.jp/index.php" }, "geometry": { "type": "Point", "coordinates": [ 137.7514179, 34.722496700000015 ] } },
{ "type": "Feature", "properties": { "内容": "篠原デイサービスセンター【地域密着型通所介護】静岡県浜松市中央区篠原町18345番地の28", "url": "https://www.kaigokensaku.mhlw.go.jp/22/index.php?action_kouhyou_detail_004_kani=true&JigyosyoCd=2277101669-00&ServiceCd=780&Type=search", "url2": "http://www.choukei-care.or.jp/" }, "geometry": { "type": "Point", "coordinates": [ 137.653632499999986, 34.6909291 ] } },
{ "type": "Feature", "properties": { "内容": "佐鳴台倶楽部【地域密着型通所介護】静岡県浜松市中央区佐鳴台３丁目36-17", "url": "https://www.kaigokensaku.mhlw.go.jp/22/index.php?action_kouhyou_detail_004_kani=true&JigyosyoCd=2277201196-00&ServiceCd=780&Type=search", "url2": "http://sosei.hamazo.tv/" }, "geometry": { "type": "Point", "coordinates": [ 137.696367399999986, 34.7069679 ] } },
{ "type": "Feature", "properties": { "内容": "入野倶楽部【地域密着型通所介護】静岡県浜松市中央区入野町9601番地の2", "url": "https://www.kaigokensaku.mhlw.go.jp/22/index.php?action_kouhyou_detail_004_kani=true&JigyosyoCd=2277201709-00&ServiceCd=780&Type=search", "url2": "http://sosei.hamazo.tv/" }, "geometry": { "type": "Point", "coordinates": [ 137.683271699999977, 34.6990659 ] } },
{ "type": "Feature", "properties": { "内容": "デイサービス木々【地域密着型通所介護】三新町７３８", "url": "https://www.kaigokensaku.mhlw.go.jp/22/index.php?action_kouhyou_detail_004_kani=true&JigyosyoCd=2297201085-00&ServiceCd=780&Type=search", "url2": "https://kigiadc.wixsite.com/my-site" }, "geometry": { "type": "Point", "coordinates": [ 137.785782399999988, 34.6565398 ] } },
{ "type": "Feature", "properties": { "内容": "富塚中央倶楽部【地域密着型通所介護】静岡県浜松市中央区富塚町1072-1", "url": "https://www.kaigokensaku.mhlw.go.jp/22/index.php?action_kouhyou_detail_004_kani=true&JigyosyoCd=2297201127-00&ServiceCd=780&Type=search", "url2": "http://sosei.hamazo.tv/" }, "geometry": { "type": "Point", "coordinates": [ 137.7030843, 34.7268389 ] } },
{ "type": "Feature", "properties": { "内容": "三方原デイサービスセンター【地域密着型通所介護】三方原町1258番地の6", "url": "https://www.kaigokensaku.mhlw.go.jp/22/index.php?action_kouhyou_detail_004_kani=true&JigyosyoCd=2217110929-00&ServiceCd=780&Type=search", "url2": null }, "geometry": { "type": "Point", "coordinates": [ 137.717929, 34.7848811 ] } },
{ "type": "Feature", "properties": { "内容": "温故療院有玉西デイサービス【地域密着型通所介護】静岡県浜松市中央区有玉西町2414-10", "url": "https://www.kaigokensaku.mhlw.go.jp/22/index.php?action_kouhyou_detail_004_kani=true&JigyosyoCd=2277200370-00&ServiceCd=780&Type=search", "url2": "http://onkoryouin.jp/" }, "geometry": { "type": "Point", "coordinates": [ 137.736718117648593, 34.750435833650393 ] } },
{ "type": "Feature", "properties": { "内容": "デイサービス　風の唄【地域密着型通所介護】浜松市西区雄踏２丁目１９番２９号", "url": "https://www.kaigokensaku.mhlw.go.jp/22/index.php?action_kouhyou_detail_004_kani=true&JigyosyoCd=2277201576-00&ServiceCd=780&Type=search", "url2": "https://medicalsanjinkai.jp/" }, "geometry": { "type": "Point", "coordinates": [ 137.641956400000026, 34.6934041 ] } },
{ "type": "Feature", "properties": { "内容": "グリーンデイ【地域密着型通所介護】静岡県浜松市中央区新橋町1726-3", "url": "https://www.kaigokensaku.mhlw.go.jp/22/index.php?action_kouhyou_detail_004_kani=true&JigyosyoCd=2277203432-00&ServiceCd=780&Type=search", "url2": null }, "geometry": { "type": "Point", "coordinates": [ 137.700404, 34.6812434 ] } },
{ "type": "Feature", "properties": { "内容": "デイサービス元気倶楽部浜松【地域密着型通所介護】静岡県浜松市中央区北島町349", "url": "https://www.kaigokensaku.mhlw.go.jp/22/index.php?action_kouhyou_detail_004_kani=true&JigyosyoCd=2277203622-00&ServiceCd=780&Type=search", "url2": "http://dowelfare.jp/index.html" }, "geometry": { "type": "Point", "coordinates": [ 137.781852107863472, 34.732023945800591 ] } },
{ "type": "Feature", "properties": { "内容": "さくらデイサービス浜松中央【地域密着型通所介護】浜松市中区尾張町124番地の3", "url": "https://www.kaigokensaku.mhlw.go.jp/22/index.php?action_kouhyou_detail_004_kani=true&JigyosyoCd=2297201226-00&ServiceCd=780&Type=search", "url2": "http://www.lotuslife-sakura.com" }, "geometry": { "type": "Point", "coordinates": [ 137.729614, 34.7109321 ] } },
{ "type": "Feature", "properties": { "内容": "リハビリデイサービスワンズ・リハ【地域密着型通所介護】静岡県浜松市中央区鹿谷町2番3号メゾン・ド・ヒロ1号室", "url": "https://www.kaigokensaku.mhlw.go.jp/22/index.php?action_kouhyou_detail_004_kani=true&JigyosyoCd=2297201275-00&ServiceCd=780&Type=search", "url2": "http://www.onesreha.com" }, "geometry": { "type": "Point", "coordinates": [ 137.722000900000012, 34.7128039 ] } },
{ "type": "Feature", "properties": { "内容": "通所介護事業所いずみ【地域密着型通所介護】静岡県浜松市中央区泉4丁目20番地の1", "url": "https://www.kaigokensaku.mhlw.go.jp/22/index.php?action_kouhyou_detail_004_kani=true&JigyosyoCd=2297201416-00&ServiceCd=780&Type=search", "url2": "http://www.youshoukai.or.jp/" }, "geometry": { "type": "Point", "coordinates": [ 137.7192877, 34.7480788 ] } },
{ "type": "Feature", "properties": { "内容": "湯穏はじめや【地域密着型通所介護】静岡県浜松市中区広沢一丁目１９番１２号", "url": "https://www.kaigokensaku.mhlw.go.jp/22/index.php?action_kouhyou_detail_004_kani=true&JigyosyoCd=2277202012-00&ServiceCd=780&Type=search", "url2": null }, "geometry": { "type": "Point", "coordinates": [ 137.71946760000003, 34.7152283 ] } },
{ "type": "Feature", "properties": { "内容": "デイセンター　はまゆう【地域密着型通所介護】古人見町3498番地の3", "url": "https://www.kaigokensaku.mhlw.go.jp/22/index.php?action_kouhyou_detail_004_kani=true&JigyosyoCd=2277202772-00&ServiceCd=780&Type=search", "url2": null }, "geometry": { "type": "Point", "coordinates": [ 137.631851200000028, 34.7270087 ] } },
{ "type": "Feature", "properties": { "内容": "トレーニング型デイサービス　ぷらすワン【地域密着型通所介護】静岡県浜松市中央区三方原町3014-1", "url": "https://www.kaigokensaku.mhlw.go.jp/22/index.php?action_kouhyou_detail_004_kani=true&JigyosyoCd=2277203101-00&ServiceCd=780&Type=search", "url2": "https://www.jyuji.or.jp/hamamatsu_city/adonai2/service" }, "geometry": { "type": "Point", "coordinates": [ 137.695139703041036, 34.791907921681855 ] } },
{ "type": "Feature", "properties": { "内容": "デイサービスなでしこ【地域密着型通所介護】静岡県浜松市中区細島町2番地の１６", "url": "https://www.kaigokensaku.mhlw.go.jp/22/index.php?action_kouhyou_detail_004_kani=true&JigyosyoCd=2297201101-00&ServiceCd=780&Type=search", "url2": null }, "geometry": { "type": "Point", "coordinates": [ 137.7512294, 34.7219011 ] } },
{ "type": "Feature", "properties": { "内容": "「蒼い空」倶楽部【地域密着型通所介護】中野町4209", "url": "https://www.kaigokensaku.mhlw.go.jp/22/index.php?action_kouhyou_detail_004_kani=true&JigyosyoCd=2297201267-00&ServiceCd=780&Type=search", "url2": "https://www.ishigakinaika.jp/" }, "geometry": { "type": "Point", "coordinates": [ 137.7966927, 34.72784 ] } },
{ "type": "Feature", "properties": { "内容": "デイサービスＳＳＫＣ＋【地域密着型通所介護】静岡県浜松市中央区雄踏町宇布見4302-1", "url": "https://www.kaigokensaku.mhlw.go.jp/22/index.php?action_kouhyou_detail_004_kani=true&JigyosyoCd=2297201564-00&ServiceCd=780&Type=search", "url2": "https://nouriha.jp/" }, "geometry": { "type": "Point", "coordinates": [ 137.643704125235558, 34.69894300787309 ] } },
{ "type": "Feature", "properties": { "内容": "デイサービスセンター　入野めぐみの里【地域密着型通所介護】静岡県浜松市中央区入野町６４１０番地", "url": "https://www.kaigokensaku.mhlw.go.jp/22/index.php?action_kouhyou_detail_004_kani=true&JigyosyoCd=2277102451-00&ServiceCd=780&Type=search", "url2": "http://www.kotou-wakeikai.com/" }, "geometry": { "type": "Point", "coordinates": [ 137.686654800000071, 34.696308 ] } },
{ "type": "Feature", "properties": { "内容": "リハビリセンターRH文丘【地域密着型通所介護】静岡県浜松市中央区文丘町29-40", "url": "https://www.kaigokensaku.mhlw.go.jp/22/index.php?action_kouhyou_detail_004_kani=true&JigyosyoCd=2297201093-00&ServiceCd=780&Type=search", "url2": "https://www.rh-solutions.jp/" }, "geometry": { "type": "Point", "coordinates": [ 137.715026599999987, 34.7272799 ] } },
{ "type": "Feature", "properties": { "内容": "レコードブック浜松伝馬町【地域密着型通所介護】静岡県浜松市中区伝馬町311-7伝馬沢ビル1F", "url": "https://www.kaigokensaku.mhlw.go.jp/22/index.php?action_kouhyou_detail_004_kani=true&JigyosyoCd=2297200863-00&ServiceCd=780&Type=search", "url2": "https://www.recordbook.jp/" }, "geometry": { "type": "Point", "coordinates": [ 137.727920300000051, 34.7058882 ] } },
{ "type": "Feature", "properties": { "内容": "鴨江三丁目デイサービス【地域密着型通所介護】静岡県浜松市中央区鴨江3-68-15", "url": "https://www.kaigokensaku.mhlw.go.jp/22/index.php?action_kouhyou_detail_004_kani=true&JigyosyoCd=2297201317-00&ServiceCd=780&Type=search", "url2": "http://www.kamoe.jp" }, "geometry": { "type": "Point", "coordinates": [ 137.707466834393273, 34.706090540324801 ] } },
{ "type": "Feature", "properties": { "内容": "共生型デイサービス元気倶楽部　幸【地域密着型通所介護】静岡県浜松市中央区幸4丁目7-1", "url": "https://www.kaigokensaku.mhlw.go.jp/22/index.php?action_kouhyou_detail_004_kani=true&JigyosyoCd=2297201515-00&ServiceCd=780&Type=search", "url2": "https://do-welfare.jp/" }, "geometry": { "type": "Point", "coordinates": [ 137.727029499999986, 34.7456007 ] } },
{ "type": "Feature", "properties": { "内容": "デイサービスセンター　いたくら【地域密着型通所介護】静岡県浜松市中央区村櫛町4218番地の1", "url": "https://www.kaigokensaku.mhlw.go.jp/22/index.php?action_kouhyou_detail_004_kani=true&JigyosyoCd=2277102998-00&ServiceCd=780&Type=search", "url2": "itakura@alimn.ocn.ne.jp" }, "geometry": { "type": "Point", "coordinates": [ 137.589016824474101, 34.726485182239074 ] } },
{ "type": "Feature", "properties": { "内容": "シニアハウス柊【地域密着型通所介護】三方原町68番地の2", "url": "https://www.kaigokensaku.mhlw.go.jp/22/index.php?action_kouhyou_detail_004_kani=true&JigyosyoCd=2297201572-00&ServiceCd=780&Type=search", "url2": "e93i3p@bma.biglobe.ne.jp" }, "geometry": { "type": "Point", "coordinates": [ 137.7189138, 34.7725707 ] } },
{ "type": "Feature", "properties": { "内容": "かやんばの家デイサービス【地域密着型通所介護】浜松市中央区中野町4163番地1", "url": "https://www.kaigokensaku.mhlw.go.jp/22/index.php?action_kouhyou_detail_004_kani=true&JigyosyoCd=2277103251-00&ServiceCd=780&Type=search", "url2": "http://www.hashoukai.jp" }, "geometry": { "type": "Point", "coordinates": [ 137.795600199999939, 34.72703 ] } },
{ "type": "Feature", "properties": { "内容": "デイサービスセンターほほえみ【地域密着型通所介護】浜松市中央区住吉一丁目４０－１７", "url": "https://www.kaigokensaku.mhlw.go.jp/22/index.php?action_kouhyou_detail_004_kani=true&JigyosyoCd=2277201097-00&ServiceCd=780&Type=search", "url2": null }, "geometry": { "type": "Point", "coordinates": [ 137.721375438622999, 34.73026616097961 ] } },
{ "type": "Feature", "properties": { "内容": "招来屋【地域密着型通所介護】鴨江二丁目７番５号", "url": "https://www.kaigokensaku.mhlw.go.jp/22/index.php?action_kouhyou_detail_004_kani=true&JigyosyoCd=2277202814-00&ServiceCd=780&Type=search", "url2": "http://kazuhiroshisetsu.com" }, "geometry": { "type": "Point", "coordinates": [ 137.714993600000071, 34.7055626 ] } },
{ "type": "Feature", "properties": { "内容": "温活デイ　こでまり【地域密着型通所介護】東三方町３８８番地の６", "url": "https://www.kaigokensaku.mhlw.go.jp/22/index.php?action_kouhyou_detail_004_kani=true&JigyosyoCd=2297201234-00&ServiceCd=780&Type=search", "url2": null }, "geometry": { "type": "Point", "coordinates": [ 137.7344665, 34.7821493 ] } },
{ "type": "Feature", "properties": { "内容": "パルモコミュニティ　リハプライド助信【地域密着型通所介護】静岡県浜松市中央区新津町67-5", "url": "https://www.kaigokensaku.mhlw.go.jp/22/index.php?action_kouhyou_detail_004_kani=true&JigyosyoCd=2297201341-00&ServiceCd=780&Type=search", "url2": "https://www.rehapride.co.jp/sukenobu/" }, "geometry": { "type": "Point", "coordinates": [ 137.739475199999987, 34.7223944 ] } },
{ "type": "Feature", "properties": { "内容": "デイサービス小春日和【地域密着型通所介護】静岡県浜松市中央区中野町2407番地", "url": "https://www.kaigokensaku.mhlw.go.jp/22/index.php?action_kouhyou_detail_004_kani=true&JigyosyoCd=2277200412-00&ServiceCd=780&Type=search", "url2": null }, "geometry": { "type": "Point", "coordinates": [ 137.797821900000031, 34.7332849 ] } },
{ "type": "Feature", "properties": { "内容": "デイサービス花の里【地域密着型通所介護】静岡県浜松市浜北区寺島2586-1", "url": "https://www.kaigokensaku.mhlw.go.jp/22/index.php?action_kouhyou_detail_004_kani=true&JigyosyoCd=2277201345-00&ServiceCd=780&Type=search", "url2": null }, "geometry": { "type": "Point", "coordinates": [ 137.7955389, 34.7831265 ] } },
{ "type": "Feature", "properties": { "内容": "引佐赤十字病院なのはな【地域密着型通所介護】静岡県浜松市北区引佐町金指1020", "url": "https://www.kaigokensaku.mhlw.go.jp/22/index.php?action_kouhyou_detail_004_kani=true&JigyosyoCd=2297201291-00&ServiceCd=780&Type=search", "url2": "http//www.habi.ne.jp/rcーinasa/" }, "geometry": { "type": "Point", "coordinates": [ 137.6818035, 34.8202574 ] } },
{ "type": "Feature", "properties": { "内容": "リハビリ型デイサービス　ラウレア【地域密着型通所介護】西美薗165", "url": "https://www.kaigokensaku.mhlw.go.jp/22/index.php?action_kouhyou_detail_004_kani=true&JigyosyoCd=2297201374-00&ServiceCd=780&Type=search", "url2": "https://orange-nurse.com/" }, "geometry": { "type": "Point", "coordinates": [ 137.7904084, 34.7956319 ] } },
{ "type": "Feature", "properties": { "内容": "デイサービス　元気倶楽部【地域密着型通所介護】浜北区東美薗662－1", "url": "https://www.kaigokensaku.mhlw.go.jp/22/index.php?action_kouhyou_detail_004_kani=true&JigyosyoCd=2277202798-00&ServiceCd=780&Type=search", "url2": "http://dowelfare.jp/" }, "geometry": { "type": "Point", "coordinates": [ 137.80407880000007, 34.7964674 ] } },
{ "type": "Feature", "properties": { "内容": "GENKI　NEXT　浜北【地域密着型通所介護】静岡県浜松市浜名区沼98-1アメニティ浜北1F", "url": "https://www.kaigokensaku.mhlw.go.jp/22/index.php?action_kouhyou_detail_004_kani=true&JigyosyoCd=2277202269-00&ServiceCd=780&Type=search", "url2": null }, "geometry": { "type": "Point", "coordinates": [ 137.786823199999958, 34.791691399999984 ] } },
{ "type": "Feature", "properties": { "内容": "デイサービス未来みっかび【地域密着型通所介護】静岡県浜松市北区三ケ日町岡本804番地の2", "url": "https://www.kaigokensaku.mhlw.go.jp/22/index.php?action_kouhyou_detail_004_kani=true&JigyosyoCd=2277203358-00&ServiceCd=780&Type=search", "url2": "https://www.mirai-yoshimaru.com/2016/11/24/228/" }, "geometry": { "type": "Point", "coordinates": [ 137.547464975393723, 34.807310007133673 ] } },
{ "type": "Feature", "properties": { "内容": "通所介護事業所　ウェルネス浜名湖【地域密着型通所介護】静岡県浜松市浜名区三ヶ日町都筑５４１－１", "url": "https://www.kaigokensaku.mhlw.go.jp/22/index.php?action_kouhyou_detail_004_kani=true&JigyosyoCd=2277200420-00&ServiceCd=780&Type=search", "url2": null }, "geometry": { "type": "Point", "coordinates": [ 137.580075242327922, 34.782687770966746 ] } },
{ "type": "Feature", "properties": { "内容": "マイリハデイサービスセンター【地域密着型通所介護】静岡県浜松市浜名区宮口362-1", "url": "https://www.kaigokensaku.mhlw.go.jp/22/index.php?action_kouhyou_detail_004_kani=true&JigyosyoCd=2297201366-00&ServiceCd=780&Type=search", "url2": null }, "geometry": { "type": "Point", "coordinates": [ 137.7662226, 34.8254021 ] } },
{ "type": "Feature", "properties": { "内容": "デイサービスセンターあいの街浜北【地域密着型通所介護】浜松市浜名区於呂２４０５-２", "url": "https://www.kaigokensaku.mhlw.go.jp/22/index.php?action_kouhyou_detail_004_kani=true&JigyosyoCd=2277201170-00&ServiceCd=780&Type=search", "url2": null }, "geometry": { "type": "Point", "coordinates": [ 137.7993117, 34.834098 ] } },
{ "type": "Feature", "properties": { "内容": "デイサービス陽なたぼっこ【地域密着型通所介護】浜松市浜名区細江町三和433-8", "url": "https://www.kaigokensaku.mhlw.go.jp/22/index.php?action_kouhyou_detail_004_kani=true&JigyosyoCd=2297201531-00&ServiceCd=780&Type=search", "url2": null }, "geometry": { "type": "Point", "coordinates": [ 137.683851488499442, 34.818795498801272 ] } },
{ "type": "Feature", "properties": { "内容": "浜松市浜名区細江町三和309【地域密着型通所介護】浜松市浜名区細江町三和309", "url": "https://www.kaigokensaku.mhlw.go.jp/22/index.php?action_kouhyou_detail_004_kani=true&JigyosyoCd=2297201549-00&ServiceCd=780&Type=search", "url2": null }, "geometry": { "type": "Point", "coordinates": [ 137.688681, 34.8183923 ] } },
{ "type": "Feature", "properties": { "内容": "きじの里デイサービス【地域密着型通所介護】染地台五丁目４番３号", "url": "https://www.kaigokensaku.mhlw.go.jp/22/index.php?action_kouhyou_detail_004_kani=true&JigyosyoCd=2277201485-00&ServiceCd=780&Type=search", "url2": "https://kijinosato-fukushi.com/" }, "geometry": { "type": "Point", "coordinates": [ 137.750120299999907, 34.7914567 ] } },
{ "type": "Feature", "properties": { "内容": "デイセンターほのぼの於呂【地域密着型通所介護】静岡県浜松市浜名区於呂875-1", "url": "https://www.kaigokensaku.mhlw.go.jp/22/index.php?action_kouhyou_detail_004_kani=true&JigyosyoCd=2277201725-00&ServiceCd=780&Type=search", "url2": null }, "geometry": { "type": "Point", "coordinates": [ 137.792957, 34.8268598 ] } },
{ "type": "Feature", "properties": { "内容": "やさしい時間デイサービスセンター小松【地域密着型通所介護】静岡県浜松市浜北区小松4460-1ゴールドサークル小松1F", "url": "https://www.kaigokensaku.mhlw.go.jp/22/index.php?action_kouhyou_detail_004_kani=true&JigyosyoCd=2277203416-00&ServiceCd=780&Type=search", "url2": "http://www.y-time.jp/komatsu/index.html" }, "geometry": { "type": "Point", "coordinates": [ 137.77713510000001, 34.7846921 ] } },
{ "type": "Feature", "properties": { "内容": "デイサービス元気倶楽部ワンデイ【地域密着型通所介護】静岡県浜松市名北区中瀬6569-1", "url": "https://www.kaigokensaku.mhlw.go.jp/22/index.php?action_kouhyou_detail_004_kani=true&JigyosyoCd=2297200954-00&ServiceCd=780&Type=search", "url2": "http://dowelfare.jp/" }, "geometry": { "type": "Point", "coordinates": [ 137.8145859, 34.8373543 ] } },
{ "type": "Feature", "properties": { "内容": "デイサービスなゆた浜北【地域密着型通所介護】浜松市浜名区貴布祢3000", "url": "https://www.kaigokensaku.mhlw.go.jp/22/index.php?action_kouhyou_detail_004_kani=true&JigyosyoCd=2278300237-00&ServiceCd=780&Type=search", "url2": "http://www.daizen-f.com" }, "geometry": { "type": "Point", "coordinates": [ 137.783281399999936, 34.7916278 ] } },
{ "type": "Feature", "properties": { "内容": "デイサービス　ゆかり【地域密着型通所介護】静岡県浜松市浜名区内野台二丁目12番1号", "url": "https://www.kaigokensaku.mhlw.go.jp/22/index.php?action_kouhyou_detail_004_kani=true&JigyosyoCd=2297200772-00&ServiceCd=780&Type=search", "url2": null }, "geometry": { "type": "Point", "coordinates": [ 138.3830845, 34.9771201 ] } },
{ "type": "Feature", "properties": { "内容": "生協デイサービスきたはまの郷【地域密着型通所介護】静岡県浜松市浜名区高畑193番地", "url": "https://www.kaigokensaku.mhlw.go.jp/22/index.php?action_kouhyou_detail_004_kani=true&JigyosyoCd=2297201507-00&ServiceCd=780&Type=search", "url2": "https://www.mcp-hamakita.jp" }, "geometry": { "type": "Point", "coordinates": [ 137.7960443, 34.7909805 ] } },
{ "type": "Feature", "properties": { "内容": "パルモコミュニティリハプライド貴布祢【地域密着型通所介護】静岡県浜名区沼５９－４", "url": "https://www.kaigokensaku.mhlw.go.jp/22/index.php?action_kouhyou_detail_004_kani=true&JigyosyoCd=2297201432-00&ServiceCd=780&Type=search", "url2": null }, "geometry": { "type": "Point", "coordinates": [ 137.7849948, 34.7909058 ] } },
{ "type": "Feature", "properties": { "内容": "みんなの家・野に咲くすみれ【地域密着型通所介護】浜松市天竜区春野町気田９６１－１", "url": "https://www.kaigokensaku.mhlw.go.jp/22/index.php?action_kouhyou_detail_004_kani=true&JigyosyoCd=2277200198-00&ServiceCd=780&Type=search", "url2": null }, "geometry": { "type": "Point", "coordinates": [ 137.910528200000044, 35.0056331 ] } },
{ "type": "Feature", "properties": { "内容": "デイサービスふれあい【地域密着型通所介護】浜松市天竜区佐久間町浦川2990-1", "url": "https://www.kaigokensaku.mhlw.go.jp/22/index.php?action_kouhyou_detail_004_kani=true&JigyosyoCd=2277103145-00&ServiceCd=780&Type=search", "url2": null }, "geometry": { "type": "Point", "coordinates": [ 137.760491199999933, 35.0554545 ] } },
{ "type": "Feature", "properties": { "内容": "デイサービス　花花【地域密着型通所介護】浜松市天竜区船明１４９５", "url": "https://www.kaigokensaku.mhlw.go.jp/22/index.php?action_kouhyou_detail_004_kani=true&JigyosyoCd=2277200800-00&ServiceCd=780&Type=search", "url2": "https://sites.google.com/view/dayservicehanahana/" }, "geometry": { "type": "Point", "coordinates": [ 137.8166675, 34.8883161 ] } },
{ "type": "Feature", "properties": { "内容": "くんまデイサービスセンター【地域密着型通所介護】静岡県浜松市天竜区熊2153", "url": "https://www.kaigokensaku.mhlw.go.jp/22/index.php?action_kouhyou_detail_004_kani=true&JigyosyoCd=2277204232-00&ServiceCd=780&Type=search", "url2": "http://www.tenryu-kohseikai.or.jp/" }, "geometry": { "type": "Point", "coordinates": [ 137.733045073016342, 34.959460820838814 ] } },
{ "type": "Feature", "properties": { "内容": "龍山デイサービスセンター【地域密着型通所介護】浜松市天竜区龍山町戸倉711-2保健センターやすらぎ", "url": "https://www.kaigokensaku.mhlw.go.jp/22/index.php?action_kouhyou_detail_004_kani=true&JigyosyoCd=2297201259-00&ServiceCd=780&Type=search", "url2": "http://www.tenryu-kohseikai.or.jp" }, "geometry": { "type": "Point", "coordinates": [ 137.830469306745897, 34.978863974033544 ] } },
{ "type": "Feature", "properties": { "内容": "株式会社結夢あたご【地域密着型通所介護】静岡県浜松市天竜区西藤平1528", "url": "https://www.kaigokensaku.mhlw.go.jp/22/index.php?action_kouhyou_detail_004_kani=true&JigyosyoCd=2277203838-00&ServiceCd=780&Type=search", "url2": "yuimuatago.jimdofree.com" }, "geometry": { "type": "Point", "coordinates": [ 137.7592002, 34.9111868 ] } },
{ "type": "Feature", "properties": { "内容": "郷の音【地域密着型通所介護】静岡県沼津市江原町17-34", "url": "https://www.kaigokensaku.mhlw.go.jp/22/index.php?action_kouhyou_detail_004_kani=true&JigyosyoCd=2291100366-00&ServiceCd=780&Type=search", "url2": "https://www.satonone.com/" }, "geometry": { "type": "Point", "coordinates": [ 138.85980619999998, 35.1211886 ] } },
{ "type": "Feature", "properties": { "内容": "デイサービスのぞみ【地域密着型通所介護】静岡県沼津市原町中3丁目13－2２", "url": "https://www.kaigokensaku.mhlw.go.jp/22/index.php?action_kouhyou_detail_004_kani=true&JigyosyoCd=2291100309-00&ServiceCd=780&Type=search", "url2": "http://www.sunny-walk.co.jp/" }, "geometry": { "type": "Point", "coordinates": [ 138.800709900000015, 35.1306399 ] } },
{ "type": "Feature", "properties": { "内容": "すまいるほーむ【地域密着型通所介護】沼津市今沢５０２－５", "url": "https://www.kaigokensaku.mhlw.go.jp/22/index.php?action_kouhyou_detail_004_kani=true&JigyosyoCd=2271100451-00&ServiceCd=780&Type=search", "url2": "https://www.facebook.com/sumairuhome/" }, "geometry": { "type": "Point", "coordinates": [ 138.816041039642073, 35.122435051999872 ] } },
{ "type": "Feature", "properties": { "内容": "デイサロン・エスコートマルシェ【地域密着型通所介護】静岡県沼津市下香貫七面1172-8", "url": "https://www.kaigokensaku.mhlw.go.jp/22/index.php?action_kouhyou_detail_004_kani=true&JigyosyoCd=2291100515-00&ServiceCd=780&Type=search", "url2": "https://www.npo-kizuna.jp/index.html" }, "geometry": { "type": "Point", "coordinates": [ 138.876859, 35.0789413 ] } },
{ "type": "Feature", "properties": { "内容": "調理特化型デイサービス　ハーモニーキッチン【地域密着型通所介護】大岡２２２６番地の３トニービル１階", "url": "https://www.kaigokensaku.mhlw.go.jp/22/index.php?action_kouhyou_detail_004_kani=true&JigyosyoCd=2291100531-00&ServiceCd=780&Type=search", "url2": "https://w-being.jp/" }, "geometry": { "type": "Point", "coordinates": [ 138.875567100000012, 35.1123327 ] } },
{ "type": "Feature", "properties": { "内容": "デイサロン・エスコート参番館【地域密着型通所介護】下香貫楊原762-21", "url": "https://www.kaigokensaku.mhlw.go.jp/22/index.php?action_kouhyou_detail_004_kani=true&JigyosyoCd=2271102937-00&ServiceCd=780&Type=search", "url2": null }, "geometry": { "type": "Point", "coordinates": [ 138.879180799999972, 35.0845218 ] } },
{ "type": "Feature", "properties": { "内容": "デイサービス江原【地域密着型通所介護】沼津市江原町９－２", "url": "https://www.kaigokensaku.mhlw.go.jp/22/index.php?action_kouhyou_detail_004_kani=true&JigyosyoCd=2271100998-00&ServiceCd=780&Type=search", "url2": null }, "geometry": { "type": "Point", "coordinates": [ 138.860680799999955, 35.1207547 ] } },
{ "type": "Feature", "properties": { "内容": "トレーニングデイサービスあんび原【地域密着型通所介護】静岡県沼津市原1804鈴木ビル1階南", "url": "https://www.kaigokensaku.mhlw.go.jp/22/index.php?action_kouhyou_detail_004_kani=true&JigyosyoCd=2291100549-00&ServiceCd=780&Type=search", "url2": "http://www.ambi-m-lab.com" }, "geometry": { "type": "Point", "coordinates": [ 138.8023393, 35.131287 ] } },
{ "type": "Feature", "properties": { "内容": "デイサービス東椎路の家【地域密着型通所介護】沼津市東椎路１２０１－１１", "url": "https://www.kaigokensaku.mhlw.go.jp/22/index.php?action_kouhyou_detail_004_kani=true&JigyosyoCd=2271102069-00&ServiceCd=780&Type=search", "url2": "http://faith-ltd.jp" }, "geometry": { "type": "Point", "coordinates": [ 138.8383685, 35.123437 ] } },
{ "type": "Feature", "properties": { "内容": "Comrade沼津【地域密着型通所介護】静岡県沼津市岡宮７３－５", "url": "https://www.kaigokensaku.mhlw.go.jp/22/index.php?action_kouhyou_detail_004_kani=true&JigyosyoCd=2291100580-00&ServiceCd=780&Type=search", "url2": null }, "geometry": { "type": "Point", "coordinates": [ 138.8653218, 35.1210703 ] } },
{ "type": "Feature", "properties": { "内容": "ユアステップ　＋プラス【地域密着型通所介護】静岡県沼津市北園町3-12　１階", "url": "https://www.kaigokensaku.mhlw.go.jp/22/index.php?action_kouhyou_detail_004_kani=true&JigyosyoCd=2291100572-00&ServiceCd=780&Type=search", "url2": "https://y-step.net" }, "geometry": { "type": "Point", "coordinates": [ 138.8753175, 35.1244813 ] } },
{ "type": "Feature", "properties": { "内容": "リゾートハウスサワディー【地域密着型通所介護】大平字大久保2233-3", "url": "https://www.kaigokensaku.mhlw.go.jp/22/index.php?action_kouhyou_detail_004_kani=true&JigyosyoCd=2271102861-00&ServiceCd=780&Type=search", "url2": null }, "geometry": { "type": "Point", "coordinates": [ 138.909975199999963, 35.0784177 ] } },
{ "type": "Feature", "properties": { "内容": "健康いきいきクラブ【地域密着型通所介護】上香貫宮原町1513-6", "url": "https://www.kaigokensaku.mhlw.go.jp/22/index.php?action_kouhyou_detail_004_kani=true&JigyosyoCd=2271102044-00&ServiceCd=780&Type=search", "url2": "http://sc-kenko.com" }, "geometry": { "type": "Point", "coordinates": [ 138.87110069817814, 35.087547808911921 ] } },
{ "type": "Feature", "properties": { "内容": "デイサービスシーク【地域密着型通所介護】静岡県沼津市小諏訪43-1", "url": "https://www.kaigokensaku.mhlw.go.jp/22/index.php?action_kouhyou_detail_004_kani=true&JigyosyoCd=2271100659-00&ServiceCd=780&Type=search", "url2": null }, "geometry": { "type": "Point", "coordinates": [ 138.843497185711158, 35.114752290672591 ] } },
{ "type": "Feature", "properties": { "内容": "ディサービス　どうぞの家【地域密着型通所介護】静岡県沼津市大岡1056-9", "url": "https://www.kaigokensaku.mhlw.go.jp/22/index.php?action_kouhyou_detail_004_kani=true&JigyosyoCd=2271101830-00&ServiceCd=780&Type=search", "url2": "http://www.yumecoop.jp/" }, "geometry": { "type": "Point", "coordinates": [ -79.4855811, 44.4876442 ] } },
{ "type": "Feature", "properties": { "内容": "レコードブック沼津吉田【地域密着型通所介護】静岡県沼津市吉田町28-21芹澤店舗1F", "url": "https://www.kaigokensaku.mhlw.go.jp/22/index.php?action_kouhyou_detail_004_kani=true&JigyosyoCd=2291100382-00&ServiceCd=780&Type=search", "url2": "https://www.recordbook.jp/facility/numazuyoshida/" }, "geometry": { "type": "Point", "coordinates": [ 138.8618898, 35.0932319 ] } },
{ "type": "Feature", "properties": { "内容": "だんらんの家　沼津【地域密着型通所介護】静岡県沼津市大岡１６９８－３", "url": "https://www.kaigokensaku.mhlw.go.jp/22/index.php?action_kouhyou_detail_004_kani=true&JigyosyoCd=2291100457-00&ServiceCd=780&Type=search", "url2": "https://danrannoie.com/home/numazu.html" }, "geometry": { "type": "Point", "coordinates": [ 138.870028600000012, 35.1045588 ] } },
{ "type": "Feature", "properties": { "内容": "和みデイサ－ビス【地域密着型通所介護】沼津市大平1538-1", "url": "https://www.kaigokensaku.mhlw.go.jp/22/index.php?action_kouhyou_detail_004_kani=true&JigyosyoCd=2271100568-00&ServiceCd=780&Type=search", "url2": "http://www/shinai-kai.jp/nagomi/" }, "geometry": { "type": "Point", "coordinates": [ 138.9045731, 35.0750318 ] } },
{ "type": "Feature", "properties": { "内容": "ever優　デイサービス沼津【地域密着型通所介護】沼津市西添町10－12", "url": "https://www.kaigokensaku.mhlw.go.jp/22/index.php?action_kouhyou_detail_004_kani=true&JigyosyoCd=2271100691-00&ServiceCd=780&Type=search", "url2": null }, "geometry": { "type": "Point", "coordinates": [ 138.790345600000023, 35.1290956 ] } },
{ "type": "Feature", "properties": { "内容": "トレーニングデイサービスあんび香貫【地域密着型通所介護】静岡県沼津市下香貫下障子3150-1", "url": "https://www.kaigokensaku.mhlw.go.jp/22/index.php?action_kouhyou_detail_004_kani=true&JigyosyoCd=2291100424-00&ServiceCd=780&Type=search", "url2": "http://www.ambi-m-lab.com" }, "geometry": { "type": "Point", "coordinates": [ 138.8694342, 35.0822983 ] } },
{ "type": "Feature", "properties": { "内容": "岡宮グリーンヒルデイサービス【地域密着型通所介護】沼津市岡宮１１８２番地の１", "url": "https://www.kaigokensaku.mhlw.go.jp/22/index.php?action_kouhyou_detail_004_kani=true&JigyosyoCd=2271101566-00&ServiceCd=780&Type=search", "url2": "http://care-net.biz/22/suruga" }, "geometry": { "type": "Point", "coordinates": [ 138.870163100000013, 35.1351593 ] } },
{ "type": "Feature", "properties": { "内容": "クローバーライフ【地域密着型通所介護】大岡3317クローバーライフ沼津", "url": "https://www.kaigokensaku.mhlw.go.jp/22/index.php?action_kouhyou_detail_004_kani=true&JigyosyoCd=2291100267-00&ServiceCd=780&Type=search", "url2": "https://www.sunlife.jp/clover/numadu" }, "geometry": { "type": "Point", "coordinates": [ 138.890881400000012, 35.1304487 ] } },
{ "type": "Feature", "properties": { "内容": "デイサービス　ルンルン【地域密着型通所介護】静岡県沼津市岡宮1111", "url": "https://www.kaigokensaku.mhlw.go.jp/22/index.php?action_kouhyou_detail_004_kani=true&JigyosyoCd=2271102499-00&ServiceCd=780&Type=search", "url2": null }, "geometry": { "type": "Point", "coordinates": [ 138.874447949032344, 35.129585680664903 ] } },
{ "type": "Feature", "properties": { "内容": "デイサービス　ランラン【地域密着型通所介護】岡宮377-1", "url": "https://www.kaigokensaku.mhlw.go.jp/22/index.php?action_kouhyou_detail_004_kani=true&JigyosyoCd=2291100317-00&ServiceCd=780&Type=search", "url2": null }, "geometry": { "type": "Point", "coordinates": [ 138.872583441139227, 35.119058830420713 ] } },
{ "type": "Feature", "properties": { "内容": "アースサポート沼津【地域密着型通所介護】静岡県沼津市岡宮755番地の1", "url": "https://www.kaigokensaku.mhlw.go.jp/22/index.php?action_kouhyou_detail_004_kani=true&JigyosyoCd=2271101277-00&ServiceCd=780&Type=search", "url2": "http://www.earthsupport.co.jp" }, "geometry": { "type": "Point", "coordinates": [ 138.866183637295507, 35.124697402979663 ] } },
{ "type": "Feature", "properties": { "内容": "リハビリサロンみなみ【地域密着型通所介護】沼津市下香貫藤井原1620－5", "url": "https://www.kaigokensaku.mhlw.go.jp/22/index.php?action_kouhyou_detail_004_kani=true&JigyosyoCd=2271101426-00&ServiceCd=780&Type=search", "url2": "http://www.dainando.com" }, "geometry": { "type": "Point", "coordinates": [ 138.873791517057839, 35.079484720939689 ] } },
{ "type": "Feature", "properties": { "内容": "デイサービスセンター　青空【地域密着型通所介護】静岡県沼津市小諏訪１５－１", "url": "https://www.kaigokensaku.mhlw.go.jp/22/index.php?action_kouhyou_detail_004_kani=true&JigyosyoCd=2271101863-00&ServiceCd=780&Type=search", "url2": "http://www.aozora-h.com" }, "geometry": { "type": "Point", "coordinates": [ 138.839843500000029, 35.1135794 ] } },
{ "type": "Feature", "properties": { "内容": "デイサービス　あい【地域密着型通所介護】沼津市小諏訪４６７－４", "url": "https://www.kaigokensaku.mhlw.go.jp/22/index.php?action_kouhyou_detail_004_kani=true&JigyosyoCd=2271101137-00&ServiceCd=780&Type=search", "url2": "http://sandtom.info/blog.html" }, "geometry": { "type": "Point", "coordinates": [ 138.839127, 35.1043912 ] } },
{ "type": "Feature", "properties": { "内容": "ル・グランハート沼津【地域密着型通所介護】静岡県沼津市一本松104-2", "url": "https://www.kaigokensaku.mhlw.go.jp/22/index.php?action_kouhyou_detail_004_kani=true&JigyosyoCd=2291100275-00&ServiceCd=780&Type=search", "url2": "https://www.le-grand-gp.jp" }, "geometry": { "type": "Point", "coordinates": [ 138.776958, 35.1287953 ] } },
{ "type": "Feature", "properties": { "内容": "デイサービスあい岡一色【地域密着型通所介護】岡一色208-14", "url": "https://www.kaigokensaku.mhlw.go.jp/22/index.php?action_kouhyou_detail_004_kani=true&JigyosyoCd=2271102176-00&ServiceCd=780&Type=search", "url2": null }, "geometry": { "type": "Point", "coordinates": [ 138.877857400000039, 35.124063 ] } },
{ "type": "Feature", "properties": { "内容": "リハビリサロンゆう和【地域密着型通所介護】沼津市新宿町11－8", "url": "https://www.kaigokensaku.mhlw.go.jp/22/index.php?action_kouhyou_detail_004_kani=true&JigyosyoCd=2271101855-00&ServiceCd=780&Type=search", "url2": "http://www.yuuwa.info" }, "geometry": { "type": "Point", "coordinates": [ 138.859997900000053, 35.1078555 ] } },
{ "type": "Feature", "properties": { "内容": "たいようデイサービスセンター【地域密着型通所介護】静岡県沼津市原町中１－８－１", "url": "https://www.kaigokensaku.mhlw.go.jp/22/index.php?action_kouhyou_detail_004_kani=true&JigyosyoCd=2271101897-00&ServiceCd=780&Type=search", "url2": null }, "geometry": { "type": "Point", "coordinates": [ 138.796250500000042, 35.1298069 ] } },
{ "type": "Feature", "properties": { "内容": "デイサービスひとつ【地域密着型通所介護】青野315-1", "url": "https://www.kaigokensaku.mhlw.go.jp/22/index.php?action_kouhyou_detail_004_kani=true&JigyosyoCd=2271102515-00&ServiceCd=780&Type=search", "url2": null }, "geometry": { "type": "Point", "coordinates": [ 138.812059800000043, 35.1368736 ] } },
{ "type": "Feature", "properties": { "内容": "デイサービスこころ沼津大岡【地域密着型通所介護】静岡県沼津市大岡186-8", "url": "https://www.kaigokensaku.mhlw.go.jp/22/index.php?action_kouhyou_detail_004_kani=true&JigyosyoCd=2291100242-00&ServiceCd=780&Type=search", "url2": "http://www.ktskk.co.jp" }, "geometry": { "type": "Point", "coordinates": [ 138.887392461404175, 35.104735462197617 ] } },
{ "type": "Feature", "properties": { "内容": "株式会社パワ－・オブ・ワン【地域密着型通所介護】沼津市松長55-5介護サ－ビスひとつ松長", "url": "https://www.kaigokensaku.mhlw.go.jp/22/index.php?action_kouhyou_detail_004_kani=true&JigyosyoCd=2291100283-00&ServiceCd=780&Type=search", "url2": "http://power-of-one.info" }, "geometry": { "type": "Point", "coordinates": [ 138.824064099999987, 35.1129261 ] } },
{ "type": "Feature", "properties": { "内容": "檜楽園【地域密着型通所介護】静岡県沼津市平町4-16", "url": "https://www.kaigokensaku.mhlw.go.jp/22/index.php?action_kouhyou_detail_004_kani=true&JigyosyoCd=2291100408-00&ServiceCd=780&Type=search", "url2": null }, "geometry": { "type": "Point", "coordinates": [ 138.865685124536924, 35.101174380960643 ] } },
{ "type": "Feature", "properties": { "内容": "通所介護まえむき【地域密着型通所介護】沼津市大岡3428番地の5", "url": "https://www.kaigokensaku.mhlw.go.jp/22/index.php?action_kouhyou_detail_004_kani=true&JigyosyoCd=2271101236-00&ServiceCd=780&Type=search", "url2": "https://www.maemuki-kaigo.com/" }, "geometry": { "type": "Point", "coordinates": [ 138.8887621, 35.132954 ] } },
{ "type": "Feature", "properties": { "内容": "友愛みなとデイサービス【地域密着型通所介護】沼津市千本東町33", "url": "https://www.kaigokensaku.mhlw.go.jp/22/index.php?action_kouhyou_detail_004_kani=true&JigyosyoCd=2271102564-00&ServiceCd=780&Type=search", "url2": "http:yuai01.webcrow.jp/" }, "geometry": { "type": "Point", "coordinates": [ 138.857518199999959, 35.0856874 ] } },
{ "type": "Feature", "properties": { "内容": "千本テラスLei【地域密着型通所介護】静岡県沼津市本字千本郷林1907－176", "url": "https://www.kaigokensaku.mhlw.go.jp/22/index.php?action_kouhyou_detail_004_kani=true&JigyosyoCd=2291100499-00&ServiceCd=780&Type=search", "url2": null }, "geometry": { "type": "Point", "coordinates": [ 138.850319576709012, 35.090052269780458 ] } },
{ "type": "Feature", "properties": { "内容": "デイサービス「すまいる」【地域密着型通所介護】静岡県沼津市下小路町25番地", "url": "https://www.kaigokensaku.mhlw.go.jp/22/index.php?action_kouhyou_detail_004_kani=true&JigyosyoCd=2271102119-00&ServiceCd=780&Type=search", "url2": null }, "geometry": { "type": "Point", "coordinates": [ 138.856469557147193, 35.093001822348 ] } },
{ "type": "Feature", "properties": { "内容": "デイサービスひばり【地域密着型通所介護】静岡県沼津市新沢田町4-10", "url": "https://www.kaigokensaku.mhlw.go.jp/22/index.php?action_kouhyou_detail_004_kani=true&JigyosyoCd=2271101434-00&ServiceCd=780&Type=search", "url2": null }, "geometry": { "type": "Point", "coordinates": [ 138.851601, 35.1166492 ] } },
{ "type": "Feature", "properties": { "内容": "通所介護つばき庵【地域密着型通所介護】静岡県沼津市下香貫山宮前３０７８番地の45", "url": "https://www.kaigokensaku.mhlw.go.jp/22/index.php?action_kouhyou_detail_004_kani=true&JigyosyoCd=2271101822-00&ServiceCd=780&Type=search", "url2": "http://cs-machinaka.com" }, "geometry": { "type": "Point", "coordinates": [ 138.863959157008338, 35.076701784259917 ] } },
{ "type": "Feature", "properties": { "内容": "デイサービス　やすらぎ【地域密着型通所介護】静岡県沼津市住吉町5-18", "url": "https://www.kaigokensaku.mhlw.go.jp/22/index.php?action_kouhyou_detail_004_kani=true&JigyosyoCd=2271102929-00&ServiceCd=780&Type=search", "url2": "https://yasuragi-kaigo.jp/" }, "geometry": { "type": "Point", "coordinates": [ 138.867106199999967, 35.0932456 ] } },
{ "type": "Feature", "properties": { "内容": "通所介護事業所こまち【地域密着型通所介護】下多賀407番地の３", "url": "https://www.kaigokensaku.mhlw.go.jp/22/index.php?action_kouhyou_detail_004_kani=true&JigyosyoCd=2270500719-00&ServiceCd=780&Type=search", "url2": null }, "geometry": { "type": "Point", "coordinates": [ 139.079304, 35.0427863 ] } },
{ "type": "Feature", "properties": { "内容": "ジャスミン【地域密着型通所介護】静岡県熱海市青葉町２６番４０号", "url": "https://www.kaigokensaku.mhlw.go.jp/22/index.php?action_kouhyou_detail_004_kani=true&JigyosyoCd=2290500210-00&ServiceCd=780&Type=search", "url2": null }, "geometry": { "type": "Point", "coordinates": [ 139.051828155155931, 35.087668367912009 ] } },
{ "type": "Feature", "properties": { "内容": "サロンシップ　アジア【地域密着型通所介護】熱海市青葉町２６番１１号", "url": "https://www.kaigokensaku.mhlw.go.jp/22/index.php?action_kouhyou_detail_004_kani=true&JigyosyoCd=2270500586-00&ServiceCd=780&Type=search", "url2": null }, "geometry": { "type": "Point", "coordinates": [ 139.0512678, 35.0874768 ] } },
{ "type": "Feature", "properties": { "内容": "デイサービス　誉【地域密着型通所介護】熱海市梅園町19-29", "url": "https://www.kaigokensaku.mhlw.go.jp/22/index.php?action_kouhyou_detail_004_kani=true&JigyosyoCd=2270500750-00&ServiceCd=780&Type=search", "url2": null }, "geometry": { "type": "Point", "coordinates": [ 139.05945870000005, 35.1003119 ] } },
{ "type": "Feature", "properties": { "内容": "ゴールドケア　デイサービスセンター【地域密着型通所介護】静岡県熱海市中央町１－４０", "url": "https://www.kaigokensaku.mhlw.go.jp/22/index.php?action_kouhyou_detail_004_kani=true&JigyosyoCd=2290500178-00&ServiceCd=780&Type=search", "url2": "http://goldcare.jp/" }, "geometry": { "type": "Point", "coordinates": [ 139.071786300000014, 35.0966407 ] } },
{ "type": "Feature", "properties": { "内容": "オレンジ・デイ【地域密着型通所介護】静岡県熱海市下多賀1484-386", "url": "https://www.kaigokensaku.mhlw.go.jp/22/index.php?action_kouhyou_detail_004_kani=true&JigyosyoCd=2290500236-00&ServiceCd=780&Type=search", "url2": null }, "geometry": { "type": "Point", "coordinates": [ 139.0650497, 35.0541846 ] } },
{ "type": "Feature", "properties": { "内容": "デイサービス木蓮【地域密着型通所介護】静岡県熱海市下多賀906-3藤間塾ビル3階", "url": "https://www.kaigokensaku.mhlw.go.jp/22/index.php?action_kouhyou_detail_004_kani=true&JigyosyoCd=2290500095-00&ServiceCd=780&Type=search", "url2": null }, "geometry": { "type": "Point", "coordinates": [ 139.070907499999947, 35.0494156 ] } },
{ "type": "Feature", "properties": { "内容": "クラシオンカフェ熱海【地域密着型通所介護】熱海市下多賀804-2", "url": "https://www.kaigokensaku.mhlw.go.jp/22/index.php?action_kouhyou_detail_004_kani=true&JigyosyoCd=2270500321-00&ServiceCd=780&Type=search", "url2": "http://www.izukaigo.com/company.htm" }, "geometry": { "type": "Point", "coordinates": [ 139.0693702, 35.0460955 ] } },
{ "type": "Feature", "properties": { "内容": "デイサービスほほえみ【地域密着型通所介護】静岡県熱海市福道町３－３", "url": "https://www.kaigokensaku.mhlw.go.jp/22/index.php?action_kouhyou_detail_004_kani=true&JigyosyoCd=2290500160-00&ServiceCd=780&Type=search", "url2": "https://nakajima-kaigo-atami.localinfo.jp/" }, "geometry": { "type": "Point", "coordinates": [ 139.0672494, 35.0984819 ] } },
{ "type": "Feature", "properties": { "内容": "悠々の庵　泉【地域密着型通所介護】泉４２８－１４", "url": "https://www.kaigokensaku.mhlw.go.jp/22/index.php?action_kouhyou_detail_004_kani=true&JigyosyoCd=2290500202-00&ServiceCd=780&Type=search", "url2": null }, "geometry": { "type": "Point", "coordinates": [ 136.9137531, 35.1758236 ] } },
{ "type": "Feature", "properties": { "内容": "通所介護事業所　なぎ日和【地域密着型通所介護】上多賀1052-64", "url": "https://www.kaigokensaku.mhlw.go.jp/22/index.php?action_kouhyou_detail_004_kani=true&JigyosyoCd=2270500693-00&ServiceCd=780&Type=search", "url2": null }, "geometry": { "type": "Point", "coordinates": [ 139.06231379999997, 35.0703373 ] } },
{ "type": "Feature", "properties": { "内容": "通所介護事業所なぎ日和２号館【地域密着型通所介護】静岡県熱海市上多賀１０８１番地の１５", "url": "https://www.kaigokensaku.mhlw.go.jp/22/index.php?action_kouhyou_detail_004_kani=true&JigyosyoCd=2270500792-00&ServiceCd=780&Type=search", "url2": null }, "geometry": { "type": "Point", "coordinates": [ 139.0658995, 35.0697626 ] } },
{ "type": "Feature", "properties": { "内容": "デイサービスよっこらぼ【地域密着型通所介護】静岡県三島市加茂川町13番46号", "url": "https://www.kaigokensaku.mhlw.go.jp/22/index.php?action_kouhyou_detail_004_kani=true&JigyosyoCd=2290600184-00&ServiceCd=780&Type=search", "url2": "https://www.kaigolabo.info" }, "geometry": { "type": "Point", "coordinates": [ 138.925733799999989, 35.127426 ] } },
{ "type": "Feature", "properties": { "内容": "樹楽団らんの家三島若松【地域密着型通所介護】静岡県三島市若松町4392-3", "url": "https://www.kaigokensaku.mhlw.go.jp/22/index.php?action_kouhyou_detail_004_kani=true&JigyosyoCd=2290600150-00&ServiceCd=780&Type=search", "url2": "https://www.sagami-seed.co.jp/kiraku/" }, "geometry": { "type": "Point", "coordinates": [ 138.9254977, 35.1313753 ] } },
{ "type": "Feature", "properties": { "内容": "樹楽団らんの家三島青木【地域密着型通所介護】静岡県三島市青木211-12", "url": "https://www.kaigokensaku.mhlw.go.jp/22/index.php?action_kouhyou_detail_004_kani=true&JigyosyoCd=2270601228-00&ServiceCd=780&Type=search", "url2": "http://www.sagami-seed.co.jp/kiraku/" }, "geometry": { "type": "Point", "coordinates": [ 138.923487600000044, 35.1051037 ] } },
{ "type": "Feature", "properties": { "内容": "デイサービス若芝【地域密着型通所介護】芝本町11番地の32", "url": "https://www.kaigokensaku.mhlw.go.jp/22/index.php?action_kouhyou_detail_004_kani=true&JigyosyoCd=2270600873-00&ServiceCd=780&Type=search", "url2": "https://www.com-work.jp/waka/" }, "geometry": { "type": "Point", "coordinates": [ 138.913893499999972, 35.1207606 ] } },
{ "type": "Feature", "properties": { "内容": "デイサービスセンターミレット【地域密着型通所介護】静岡県三島市壱町田51-1英光ビル1061", "url": "https://www.kaigokensaku.mhlw.go.jp/22/index.php?action_kouhyou_detail_004_kani=true&JigyosyoCd=2290600176-00&ServiceCd=780&Type=search", "url2": null }, "geometry": { "type": "Point", "coordinates": [ 138.9196648, 35.132831 ] } },
{ "type": "Feature", "properties": { "内容": "デイサービスこころ三島御園【地域密着型通所介護】静岡県三島市御園513-1", "url": "https://www.kaigokensaku.mhlw.go.jp/22/index.php?action_kouhyou_detail_004_kani=true&JigyosyoCd=2290600168-00&ServiceCd=780&Type=search", "url2": null }, "geometry": { "type": "Point", "coordinates": [ 138.920462401854593, 35.076814602946129 ] } },
{ "type": "Feature", "properties": { "内容": "ココカラクト三島本町【地域密着型通所介護】静岡県三島市本町12-2KAWATABLD本町22階", "url": "https://www.kaigokensaku.mhlw.go.jp/22/index.php?action_kouhyou_detail_004_kani=true&JigyosyoCd=2290600192-00&ServiceCd=780&Type=search", "url2": "https://cocokaract.super.site/" }, "geometry": { "type": "Point", "coordinates": [ 138.914597086612531, 35.119325453593966 ] } },
{ "type": "Feature", "properties": { "内容": "デイサービスセンターみのり【地域密着型通所介護】三島市南二日町６５0番地の１", "url": "https://www.kaigokensaku.mhlw.go.jp/22/index.php?action_kouhyou_detail_004_kani=true&JigyosyoCd=2270600535-00&ServiceCd=780&Type=search", "url2": null }, "geometry": { "type": "Point", "coordinates": [ 138.9216348, 35.1111143 ] } },
{ "type": "Feature", "properties": { "内容": "トレーニングデイサービスあんび三島【地域密着型通所介護】静岡県三島市文教町1-5-6日商三島ビル301", "url": "https://www.kaigokensaku.mhlw.go.jp/22/index.php?action_kouhyou_detail_004_kani=true&JigyosyoCd=2290600119-00&ServiceCd=780&Type=search", "url2": "http://www.ambi-m-lab.com" }, "geometry": { "type": "Point", "coordinates": [ 138.910496400000056, 35.1283238 ] } },
{ "type": "Feature", "properties": { "内容": "一般社団法人TASUKERUFUJIYAMAデイサービスなないろ［七彩］【地域密着型通所介護】静岡県富士宮市上井出831-1", "url": "https://www.kaigokensaku.mhlw.go.jp/22/index.php?action_kouhyou_detail_004_kani=true&JigyosyoCd=2292100399-00&ServiceCd=780&Type=search", "url2": "http://r.goope.jp/tasukeru/" }, "geometry": { "type": "Point", "coordinates": [ 138.5932282, 35.315011900000016 ] } },
{ "type": "Feature", "properties": { "内容": "ひばりデイリハサービス【地域密着型通所介護】北町18-21", "url": "https://www.kaigokensaku.mhlw.go.jp/22/index.php?action_kouhyou_detail_004_kani=true&JigyosyoCd=2272101375-00&ServiceCd=780&Type=search", "url2": null }, "geometry": { "type": "Point", "coordinates": [ 138.612525042816458, 35.235050702686095 ] } },
{ "type": "Feature", "properties": { "内容": "リハビリ特化型デイサービス　カラダラボ富士宮大岩【地域密着型通所介護】静岡県富士宮市大岩507-10", "url": "https://www.kaigokensaku.mhlw.go.jp/22/index.php?action_kouhyou_detail_004_kani=true&JigyosyoCd=2272101425-00&ServiceCd=780&Type=search", "url2": "https://camellia-inc.com/" }, "geometry": { "type": "Point", "coordinates": [ 138.631332740788253, 35.24834671237786 ] } },
{ "type": "Feature", "properties": { "内容": "リハビリ特化型デイサービス　カラダラボ富士宮駅前【地域密着型通所介護】静岡県富士宮市大宮町11-16", "url": "https://www.kaigokensaku.mhlw.go.jp/22/index.php?action_kouhyou_detail_004_kani=true&JigyosyoCd=2292100316-00&ServiceCd=780&Type=search", "url2": "https://camellia-inc.com/" }, "geometry": { "type": "Point", "coordinates": [ 138.614008199999944, 35.2247336 ] } },
{ "type": "Feature", "properties": { "内容": "株式会社コスモスデイサービスセンター【地域密着型通所介護】静岡県富士宮市北山3415番地", "url": "https://www.kaigokensaku.mhlw.go.jp/22/index.php?action_kouhyou_detail_004_kani=true&JigyosyoCd=2272100864-00&ServiceCd=780&Type=search", "url2": null }, "geometry": { "type": "Point", "coordinates": [ 138.600796299999956, 35.2934864 ] } },
{ "type": "Feature", "properties": { "内容": "デイサービス　フクC－【地域密着型通所介護】静岡県富士宮市田中町762", "url": "https://www.kaigokensaku.mhlw.go.jp/22/index.php?action_kouhyou_detail_004_kani=true&JigyosyoCd=2272101292-00&ServiceCd=780&Type=search", "url2": "https://free-way.jp/" }, "geometry": { "type": "Point", "coordinates": [ 138.619499009212035, 35.217337678400483 ] } },
{ "type": "Feature", "properties": { "内容": "朝霧高原デイサービス【地域密着型通所介護】猪之頭字人穴道1772-2", "url": "https://www.kaigokensaku.mhlw.go.jp/22/index.php?action_kouhyou_detail_004_kani=true&JigyosyoCd=2272101433-00&ServiceCd=780&Type=search", "url2": "https://www.kaigo-shizuki.com/" }, "geometry": { "type": "Point", "coordinates": [ 138.5726846, 35.3582663 ] } },
{ "type": "Feature", "properties": { "内容": "わくわくデイサービス富士宮【地域密着型通所介護】静岡県富士宮市ひばりが丘884", "url": "https://www.kaigokensaku.mhlw.go.jp/22/index.php?action_kouhyou_detail_004_kani=true&JigyosyoCd=2272101508-00&ServiceCd=780&Type=search", "url2": "http://www.e-care.co.jp" }, "geometry": { "type": "Point", "coordinates": [ 138.619122491401612, 35.237338469411583 ] } },
{ "type": "Feature", "properties": { "内容": "ケアーよろこ日　富士宮【地域密着型通所介護】静岡県富士宮市小泉221番地の１", "url": "https://www.kaigokensaku.mhlw.go.jp/22/index.php?action_kouhyou_detail_004_kani=true&JigyosyoCd=2292100266-00&ServiceCd=780&Type=search", "url2": null }, "geometry": { "type": "Point", "coordinates": [ 138.634930193192986, 35.211167043929166 ] } },
{ "type": "Feature", "properties": { "内容": "デイサービス太陽【地域密着型通所介護】静岡県富士宮市村山76番地の74", "url": "https://www.kaigokensaku.mhlw.go.jp/22/index.php?action_kouhyou_detail_004_kani=true&JigyosyoCd=2272100906-00&ServiceCd=780&Type=search", "url2": "https://www.katorea-kaigo.com/" }, "geometry": { "type": "Point", "coordinates": [ 138.656839361376996, 35.243089550567063 ] } },
{ "type": "Feature", "properties": { "内容": "デイサービスのどかな家【地域密着型通所介護】静岡県富士宮市小泉1608番地の6", "url": "https://www.kaigokensaku.mhlw.go.jp/22/index.php?action_kouhyou_detail_004_kani=true&JigyosyoCd=2272101334-00&ServiceCd=780&Type=search", "url2": "https://rfc-standoff.com/" }, "geometry": { "type": "Point", "coordinates": [ 138.637333200000057, 35.2312118 ] } },
{ "type": "Feature", "properties": { "内容": "晴レルヤ【地域密着型通所介護】静岡県富士宮市小泉1608番地の33", "url": "https://www.kaigokensaku.mhlw.go.jp/22/index.php?action_kouhyou_detail_004_kani=true&JigyosyoCd=2292100308-00&ServiceCd=780&Type=search", "url2": "https://rfc-standoff.com/" }, "geometry": { "type": "Point", "coordinates": [ 138.637333200000057, 35.2312118 ] } },
{ "type": "Feature", "properties": { "内容": "デイサービス衣の泉【地域密着型通所介護】静岡県富士宮市小泉１２０４－１", "url": "https://www.kaigokensaku.mhlw.go.jp/22/index.php?action_kouhyou_detail_004_kani=true&JigyosyoCd=2272100518-00&ServiceCd=780&Type=search", "url2": null }, "geometry": { "type": "Point", "coordinates": [ 138.62996720000001, 35.224498499999989 ] } },
{ "type": "Feature", "properties": { "内容": "デイサービスセンターげんき堂【地域密着型通所介護】静岡県富士宮市小泉336-17", "url": "https://www.kaigokensaku.mhlw.go.jp/22/index.php?action_kouhyou_detail_004_kani=true&JigyosyoCd=2272101409-00&ServiceCd=780&Type=search", "url2": null }, "geometry": { "type": "Point", "coordinates": [ 138.632737, 35.2073589 ] } },
{ "type": "Feature", "properties": { "内容": "デイサービス　かやの里【地域密着型通所介護】富士宮市ひばりが丘５２６－２", "url": "https://www.kaigokensaku.mhlw.go.jp/22/index.php?action_kouhyou_detail_004_kani=true&JigyosyoCd=2272100451-00&ServiceCd=780&Type=search", "url2": "http://care-net.biz/22/kayanosato" }, "geometry": { "type": "Point", "coordinates": [ 138.618295499999959, 35.235531318411752 ] } },
{ "type": "Feature", "properties": { "内容": "デイサービス白尾台【地域密着型通所介護】静岡県富士宮市野中620番地の1", "url": "https://www.kaigokensaku.mhlw.go.jp/22/index.php?action_kouhyou_detail_004_kani=true&JigyosyoCd=2292100423-00&ServiceCd=780&Type=search", "url2": null }, "geometry": { "type": "Point", "coordinates": [ 138.603013408602806, 35.220750658968555 ] } },
{ "type": "Feature", "properties": { "内容": "デイサービスいろは【地域密着型通所介護】静岡県富士宮市西小泉町４３－３", "url": "https://www.kaigokensaku.mhlw.go.jp/22/index.php?action_kouhyou_detail_004_kani=true&JigyosyoCd=2292100290-00&ServiceCd=780&Type=search", "url2": null }, "geometry": { "type": "Point", "coordinates": [ 138.630939399999988, 35.2216544 ] } },
{ "type": "Feature", "properties": { "内容": "ライフエイト【地域密着型通所介護】静岡県富士宮市大岩1857-2", "url": "https://www.kaigokensaku.mhlw.go.jp/22/index.php?action_kouhyou_detail_004_kani=true&JigyosyoCd=2292100449-00&ServiceCd=780&Type=search", "url2": null }, "geometry": { "type": "Point", "coordinates": [ 138.6315461, 35.245244 ] } },
{ "type": "Feature", "properties": { "内容": "機能訓練型デイサービスらくだる～む【地域密着型通所介護】静岡県富士宮市万野原新田4078-12", "url": "https://www.kaigokensaku.mhlw.go.jp/22/index.php?action_kouhyou_detail_004_kani=true&JigyosyoCd=2272101482-00&ServiceCd=780&Type=search", "url2": null }, "geometry": { "type": "Point", "coordinates": [ 138.615059699999961, 35.2563243 ] } },
{ "type": "Feature", "properties": { "内容": "機能訓練型デイサービスらくだる～む大宮町【地域密着型通所介護】静岡県富士宮市大宮町5-20", "url": "https://www.kaigokensaku.mhlw.go.jp/22/index.php?action_kouhyou_detail_004_kani=true&JigyosyoCd=2292100415-00&ServiceCd=780&Type=search", "url2": null }, "geometry": { "type": "Point", "coordinates": [ 138.611659799999984, 35.2250423 ] } },
{ "type": "Feature", "properties": { "内容": "つくもデイサービス【地域密着型通所介護】大岩507-12", "url": "https://www.kaigokensaku.mhlw.go.jp/22/index.php?action_kouhyou_detail_004_kani=true&JigyosyoCd=2292100456-00&ServiceCd=780&Type=search", "url2": null }, "geometry": { "type": "Point", "coordinates": [ 138.6315753, 35.248503 ] } },
{ "type": "Feature", "properties": { "内容": "ここからデイサービス大中里の家【地域密着型通所介護】富士宮市大中里250-1", "url": "https://www.kaigokensaku.mhlw.go.jp/22/index.php?action_kouhyou_detail_004_kani=true&JigyosyoCd=2272100989-00&ServiceCd=780&Type=search", "url2": "https://shinplace.com/cococara/" }, "geometry": { "type": "Point", "coordinates": [ 138.589262900000023, 35.2333851 ] } },
{ "type": "Feature", "properties": { "内容": "通所介護事業所　平和の杜【地域密着型通所介護】静岡県伊東市吉田825-1", "url": "https://www.kaigokensaku.mhlw.go.jp/22/index.php?action_kouhyou_detail_004_kani=true&JigyosyoCd=2270400548-00&ServiceCd=780&Type=search", "url2": "http://www.jyuji.or.jp/ito-city/heiwa/" }, "geometry": { "type": "Point", "coordinates": [ 139.104583377909876, 34.933132987175661 ] } },
{ "type": "Feature", "properties": { "内容": "通所介護　くくる【地域密着型通所介護】静岡県伊東市富戸1315番地の156", "url": "https://www.kaigokensaku.mhlw.go.jp/22/index.php?action_kouhyou_detail_004_kani=true&JigyosyoCd=2290400148-00&ServiceCd=780&Type=search", "url2": "http://hp.kaipoke.biz/9h9/" }, "geometry": { "type": "Point", "coordinates": [ 139.108469, 34.9165542 ] } },
{ "type": "Feature", "properties": { "内容": "ケアステーション悠【地域密着型通所介護】静岡県伊東市岡広町５－２１", "url": "https://www.kaigokensaku.mhlw.go.jp/22/index.php?action_kouhyou_detail_004_kani=true&JigyosyoCd=2290400346-00&ServiceCd=780&Type=search", "url2": "http://haruka-care.studio.site/" }, "geometry": { "type": "Point", "coordinates": [ 139.090916846444429, 34.968816032825245 ] } },
{ "type": "Feature", "properties": { "内容": "フルーズ宇佐美【地域密着型通所介護】宇佐美2350-1有料老人ホーム「コルテシア」", "url": "https://www.kaigokensaku.mhlw.go.jp/22/index.php?action_kouhyou_detail_004_kani=true&JigyosyoCd=2290400270-00&ServiceCd=780&Type=search", "url2": "http://www.izukaigo.com./" }, "geometry": { "type": "Point", "coordinates": [ 139.071657108850104, 35.001087400364085 ] } },
{ "type": "Feature", "properties": { "内容": "クラシオン富士見【地域密着型通所介護】玖須美元和田722-677クラシオン富士見", "url": "https://www.kaigokensaku.mhlw.go.jp/22/index.php?action_kouhyou_detail_004_kani=true&JigyosyoCd=2290400296-00&ServiceCd=780&Type=search", "url2": "http://www.izukaigo.com/" }, "geometry": { "type": "Point", "coordinates": [ 139.110105025795008, 34.9436213 ] } },
{ "type": "Feature", "properties": { "内容": "デイサービスセンター　おれんじの家【地域密着型通所介護】静岡県伊東市八幡野1306-137", "url": "https://www.kaigokensaku.mhlw.go.jp/22/index.php?action_kouhyou_detail_004_kani=true&JigyosyoCd=2290400429-00&ServiceCd=780&Type=search", "url2": "https://www.orangewelfare.net/" }, "geometry": { "type": "Point", "coordinates": [ 139.1041801, 34.887822 ] } },
{ "type": "Feature", "properties": { "内容": "カフェデイサービス　ナースの森【地域密着型通所介護】静岡県伊東市宇佐美1665-9宮上設計ビル1F", "url": "https://www.kaigokensaku.mhlw.go.jp/22/index.php?action_kouhyou_detail_004_kani=true&JigyosyoCd=2290400197-00&ServiceCd=780&Type=search", "url2": "https://na-sunomori.jp" }, "geometry": { "type": "Point", "coordinates": [ 139.08083611213587, 35.010272615695101 ] } },
{ "type": "Feature", "properties": { "内容": "スカイテラス伊東デイサービス【地域密着型通所介護】松原639-15スカイテラス伊東", "url": "https://www.kaigokensaku.mhlw.go.jp/22/index.php?action_kouhyou_detail_004_kani=true&JigyosyoCd=2290400205-00&ServiceCd=780&Type=search", "url2": "https:www.skyterrace-ito.com" }, "geometry": { "type": "Point", "coordinates": [ 139.089153900000014, 34.9747255 ] } },
{ "type": "Feature", "properties": { "内容": "古民家デイサービス　ナースの森【地域密着型通所介護】静岡県伊東市宇佐美1664-13", "url": "https://www.kaigokensaku.mhlw.go.jp/22/index.php?action_kouhyou_detail_004_kani=true&JigyosyoCd=2290400379-00&ServiceCd=780&Type=search", "url2": "https://na-sunomori.jp/" }, "geometry": { "type": "Point", "coordinates": [ 139.0814164, 35.009839 ] } },
{ "type": "Feature", "properties": { "内容": "ロコデイサービス　ナースの森【地域密着型通所介護】静岡県伊東市川奈1226-14", "url": "https://www.kaigokensaku.mhlw.go.jp/22/index.php?action_kouhyou_detail_004_kani=true&JigyosyoCd=2290400361-00&ServiceCd=780&Type=search", "url2": "https://na-sunomori.jp/" }, "geometry": { "type": "Point", "coordinates": [ 139.118213649073795, 34.952377593660273 ] } },
{ "type": "Feature", "properties": { "内容": "Hav【地域密着型通所介護】静岡県伊東市吉田992-27", "url": "https://www.kaigokensaku.mhlw.go.jp/22/index.php?action_kouhyou_detail_004_kani=true&JigyosyoCd=2290400304-00&ServiceCd=780&Type=search", "url2": "http://www.richfield.co.jp/index.html" }, "geometry": { "type": "Point", "coordinates": [ 139.1348899, 34.928096300000014 ] } },
{ "type": "Feature", "properties": { "内容": "Vinka【地域密着型通所介護】荻536-10", "url": "https://www.kaigokensaku.mhlw.go.jp/22/index.php?action_kouhyou_detail_004_kani=true&JigyosyoCd=2290400320-00&ServiceCd=780&Type=search", "url2": "http://www.richfield.co.jp/index.html" }, "geometry": { "type": "Point", "coordinates": [ 139.101312799999988, 34.9348721 ] } },
{ "type": "Feature", "properties": { "内容": "デイサービスセンター仁　グレイス【地域密着型通所介護】静岡県伊東市和田一丁目12番29号", "url": "https://www.kaigokensaku.mhlw.go.jp/22/index.php?action_kouhyou_detail_004_kani=true&JigyosyoCd=2290400221-00&ServiceCd=780&Type=search", "url2": null }, "geometry": { "type": "Point", "coordinates": [ 139.102280850802373, 34.970139532566222 ] } },
{ "type": "Feature", "properties": { "内容": "デイサービス　歩楽【地域密着型通所介護】静岡県島田市本通4丁目3番9島活会館　西", "url": "https://www.kaigokensaku.mhlw.go.jp/22/index.php?action_kouhyou_detail_004_kani=true&JigyosyoCd=2295700039-00&ServiceCd=780&Type=search", "url2": null }, "geometry": { "type": "Point", "coordinates": [ 138.177285, 34.8328798 ] } },
{ "type": "Feature", "properties": { "内容": "ライフサポート　はばたき【地域密着型通所介護】静岡県島田市川根町家山4156-37", "url": "https://www.kaigokensaku.mhlw.go.jp/22/index.php?action_kouhyou_detail_004_kani=true&JigyosyoCd=2295700047-00&ServiceCd=780&Type=search", "url2": null }, "geometry": { "type": "Point", "coordinates": [ 138.0761834, 34.9358705 ] } },
{ "type": "Feature", "properties": { "内容": "デイサービス　ほほえみの里【地域密着型通所介護】島田市野田1202", "url": "https://www.kaigokensaku.mhlw.go.jp/22/index.php?action_kouhyou_detail_004_kani=true&JigyosyoCd=2275400451-00&ServiceCd=780&Type=search", "url2": "hohoemi1225@lion.ocn.ne.jp" }, "geometry": { "type": "Point", "coordinates": [ 138.183904200000029, 34.8450431 ] } },
{ "type": "Feature", "properties": { "内容": "デイサービス事業所　かなや【地域密着型通所介護】島田市島５３６番１", "url": "https://www.kaigokensaku.mhlw.go.jp/22/index.php?action_kouhyou_detail_004_kani=true&JigyosyoCd=2275400378-00&ServiceCd=780&Type=search", "url2": "https://www.tokuyou-kanaya.com" }, "geometry": { "type": "Point", "coordinates": [ 138.1268265, 34.841987 ] } },
{ "type": "Feature", "properties": { "内容": "あかりデイサービス宮川【地域密着型通所介護】静岡県島田市宮川町2349-6", "url": "https://www.kaigokensaku.mhlw.go.jp/22/index.php?action_kouhyou_detail_004_kani=true&JigyosyoCd=2275400667-00&ServiceCd=780&Type=search", "url2": "http://www.akari-shimada.com/" }, "geometry": { "type": "Point", "coordinates": [ 138.16711429999998, 34.8359553 ] } },
{ "type": "Feature", "properties": { "内容": "デイサービスセンターひぎり【地域密着型通所介護】静岡県島田市島８２９番地の２", "url": "https://www.kaigokensaku.mhlw.go.jp/22/index.php?action_kouhyou_detail_004_kani=true&JigyosyoCd=2295400192-00&ServiceCd=780&Type=search", "url2": "http://www.youshoukai.or.jp" }, "geometry": { "type": "Point", "coordinates": [ 138.122878797132358, 34.839279365140904 ] } },
{ "type": "Feature", "properties": { "内容": "縁がわ【地域密着型通所介護】静岡県島田市伊太2131-1", "url": "https://www.kaigokensaku.mhlw.go.jp/22/index.php?action_kouhyou_detail_004_kani=true&JigyosyoCd=2275400221-00&ServiceCd=780&Type=search", "url2": null }, "geometry": { "type": "Point", "coordinates": [ 138.155056827420964, 34.846382912322149 ] } },
{ "type": "Feature", "properties": { "内容": "デイサービスちゃちゃ【地域密着型通所介護】静岡県島田市金谷猪土居2511番地の2", "url": "https://www.kaigokensaku.mhlw.go.jp/22/index.php?action_kouhyou_detail_004_kani=true&JigyosyoCd=2275400840-00&ServiceCd=780&Type=search", "url2": null }, "geometry": { "type": "Point", "coordinates": [ 138.136213106745913, 34.800589265312851 ] } },
{ "type": "Feature", "properties": { "内容": "健康ステーション　島田金谷【地域密着型通所介護】島田市横岡1073-6", "url": "https://www.kaigokensaku.mhlw.go.jp/22/index.php?action_kouhyou_detail_004_kani=true&JigyosyoCd=2275400758-00&ServiceCd=780&Type=search", "url2": "https://www.megumiplan.jp/" }, "geometry": { "type": "Point", "coordinates": [ 138.107270082650757, 34.862638618149909 ] } },
{ "type": "Feature", "properties": { "内容": "島田市社会福祉協議会指定通所介護事業所北部デイサービスセンター【地域密着型通所介護】島田市神座397番地の1北部ふれあいセンター", "url": "https://www.kaigokensaku.mhlw.go.jp/22/index.php?action_kouhyou_detail_004_kani=true&JigyosyoCd=2275400063-00&ServiceCd=780&Type=search", "url2": "https://shimada-shakyo.jp/" }, "geometry": { "type": "Point", "coordinates": [ 138.1161796, 34.8708136 ] } },
{ "type": "Feature", "properties": { "内容": "一期一会のデイ御仮屋【地域密着型通所介護】御仮屋町8797-1", "url": "https://www.kaigokensaku.mhlw.go.jp/22/index.php?action_kouhyou_detail_004_kani=true&JigyosyoCd=2275400618-00&ServiceCd=780&Type=search", "url2": "http://ichigoichie-care.com/" }, "geometry": { "type": "Point", "coordinates": [ -79.4304646, 43.842801799999982 ] } },
{ "type": "Feature", "properties": { "内容": "一期一会のデイ三ッ合【地域密着型通所介護】三ッ合町2658番地の2", "url": "https://www.kaigokensaku.mhlw.go.jp/22/index.php?action_kouhyou_detail_004_kani=true&JigyosyoCd=2275400733-00&ServiceCd=780&Type=search", "url2": "http://ichigoichie-care.com/" }, "geometry": { "type": "Point", "coordinates": [ 138.158173799999986, 34.8398325 ] } },
{ "type": "Feature", "properties": { "内容": "一期一会のデイ向谷【地域密着型通所介護】静岡県島田市向谷１丁目９６４－１", "url": "https://www.kaigokensaku.mhlw.go.jp/22/index.php?action_kouhyou_detail_004_kani=true&JigyosyoCd=2295400127-00&ServiceCd=780&Type=search", "url2": "http://ichigoichie-care.com" }, "geometry": { "type": "Point", "coordinates": [ 138.150438399999985, 34.8431874 ] } },
{ "type": "Feature", "properties": { "内容": "本田山荘デイサービスセンター【地域密着型通所介護】静岡県島田市牛尾1102番地の1", "url": "https://www.kaigokensaku.mhlw.go.jp/22/index.php?action_kouhyou_detail_004_kani=true&JigyosyoCd=2295400168-00&ServiceCd=780&Type=search", "url2": "http://hondenyamaso.jp/" }, "geometry": { "type": "Point", "coordinates": [ 138.128395599999976, 34.850786 ] } },
{ "type": "Feature", "properties": { "内容": "古民家デイなずな【地域密着型通所介護】静岡県島田市河原2丁目17番地2号", "url": "https://www.kaigokensaku.mhlw.go.jp/22/index.php?action_kouhyou_detail_004_kani=true&JigyosyoCd=2295400267-00&ServiceCd=780&Type=search", "url2": null }, "geometry": { "type": "Point", "coordinates": [ 138.1573296, 34.8325634 ] } },
{ "type": "Feature", "properties": { "内容": "アシストケア株式会社【地域密着型通所介護】元島田２８８番地の１", "url": "https://www.kaigokensaku.mhlw.go.jp/22/index.php?action_kouhyou_detail_004_kani=true&JigyosyoCd=2275400626-00&ServiceCd=780&Type=search", "url2": "http://nemunoie.blog.fc2.com/" }, "geometry": { "type": "Point", "coordinates": [ 138.179890699999987, 34.8417296 ] } },
{ "type": "Feature", "properties": { "内容": "デイサ－ビスすまいる【地域密着型通所介護】静岡県島田市島821-1", "url": "https://www.kaigokensaku.mhlw.go.jp/22/index.php?action_kouhyou_detail_004_kani=true&JigyosyoCd=2295400135-00&ServiceCd=780&Type=search", "url2": null }, "geometry": { "type": "Point", "coordinates": [ 138.1234852, 34.83969 ] } },
{ "type": "Feature", "properties": { "内容": "デイサービス湯日の家【地域密着型通所介護】湯日3617", "url": "https://www.kaigokensaku.mhlw.go.jp/22/index.php?action_kouhyou_detail_004_kani=true&JigyosyoCd=2275400659-00&ServiceCd=780&Type=search", "url2": "http://shinplace.com/" }, "geometry": { "type": "Point", "coordinates": [ 138.191856, 34.8017427 ] } },
{ "type": "Feature", "properties": { "内容": "デイサービス旗指の家【地域密着型通所介護】静岡県島田市旗指446-25", "url": "https://www.kaigokensaku.mhlw.go.jp/22/index.php?action_kouhyou_detail_004_kani=true&JigyosyoCd=2275400519-00&ServiceCd=780&Type=search", "url2": null }, "geometry": { "type": "Point", "coordinates": [ 138.171655500000043, 34.8419101 ] } },
{ "type": "Feature", "properties": { "内容": "デイサービス結【地域密着型通所介護】静岡県島田市金谷天王町１５６４－２", "url": "https://www.kaigokensaku.mhlw.go.jp/22/index.php?action_kouhyou_detail_004_kani=true&JigyosyoCd=2295400200-00&ServiceCd=780&Type=search", "url2": "day-yui@eagle.ocn.ne.jp" }, "geometry": { "type": "Point", "coordinates": [ 138.137572100000028, 34.819380100000011 ] } },
{ "type": "Feature", "properties": { "内容": "デイサービスでんでん今泉【地域密着型通所介護】静岡県富士市今泉1丁目17番12号", "url": "https://www.kaigokensaku.mhlw.go.jp/22/index.php?action_kouhyou_detail_004_kani=true&JigyosyoCd=2272301108-00&ServiceCd=780&Type=search", "url2": null }, "geometry": { "type": "Point", "coordinates": [ 138.691732399999978, 35.162104 ] } },
{ "type": "Feature", "properties": { "内容": "デイサービス　なちゅーる【地域密着型通所介護】静岡県富士市森島133-1", "url": "https://www.kaigokensaku.mhlw.go.jp/22/index.php?action_kouhyou_detail_004_kani=true&JigyosyoCd=2272302189-00&ServiceCd=780&Type=search", "url2": "https://nature2017.com/73821/" }, "geometry": { "type": "Point", "coordinates": [ 138.641447995462045, 35.145063453837125 ] } },
{ "type": "Feature", "properties": { "内容": "デイサービスセンターさくら坂【地域密着型通所介護】静岡県富士市今泉2189-1", "url": "https://www.kaigokensaku.mhlw.go.jp/22/index.php?action_kouhyou_detail_004_kani=true&JigyosyoCd=2272302445-00&ServiceCd=780&Type=search", "url2": null }, "geometry": { "type": "Point", "coordinates": [ 138.690274199999976, 35.1717556 ] } },
{ "type": "Feature", "properties": { "内容": "デイサービスセンター向日葵　柏原【地域密着型通所介護】西柏原新田85-2", "url": "https://www.kaigokensaku.mhlw.go.jp/22/index.php?action_kouhyou_detail_004_kani=true&JigyosyoCd=2272302338-00&ServiceCd=780&Type=search", "url2": null }, "geometry": { "type": "Point", "coordinates": [ 138.742897, 35.1362327 ] } },
{ "type": "Feature", "properties": { "内容": "デイサービス　ハッピーライフ【地域密着型通所介護】松本86-1", "url": "https://www.kaigokensaku.mhlw.go.jp/22/index.php?action_kouhyou_detail_004_kani=true&JigyosyoCd=2272302585-00&ServiceCd=780&Type=search", "url2": "https://happylife-ds.com/" }, "geometry": { "type": "Point", "coordinates": [ 138.650122199999942, 35.170622200000011 ] } },
{ "type": "Feature", "properties": { "内容": "リハビリデイサービスセンター富士【地域密着型通所介護】厚原688番地6", "url": "https://www.kaigokensaku.mhlw.go.jp/22/index.php?action_kouhyou_detail_004_kani=true&JigyosyoCd=2272301801-00&ServiceCd=780&Type=search", "url2": "http://ablaze-reha.com/" }, "geometry": { "type": "Point", "coordinates": [ 138.658910399999968, 35.1881564 ] } },
{ "type": "Feature", "properties": { "内容": "デイサービスセンターまんてん星【地域密着型通所介護】富士市本市場町９１７番地", "url": "https://www.kaigokensaku.mhlw.go.jp/22/index.php?action_kouhyou_detail_004_kani=true&JigyosyoCd=2272300787-00&ServiceCd=780&Type=search", "url2": "http://www.manten-boshi.jp" }, "geometry": { "type": "Point", "coordinates": [ 138.6597826, 35.1574878 ] } },
{ "type": "Feature", "properties": { "内容": "ミルトデイサービスセンター【地域密着型通所介護】鈴川中町４番２７号", "url": "https://www.kaigokensaku.mhlw.go.jp/22/index.php?action_kouhyou_detail_004_kani=true&JigyosyoCd=2272301447-00&ServiceCd=780&Type=search", "url2": null }, "geometry": { "type": "Point", "coordinates": [ 138.7057029, 35.1431008 ] } },
{ "type": "Feature", "properties": { "内容": "ケアーよろこ日【地域密着型通所介護】静岡県富士市久沢８６番地の１８", "url": "https://www.kaigokensaku.mhlw.go.jp/22/index.php?action_kouhyou_detail_004_kani=true&JigyosyoCd=2272301629-00&ServiceCd=780&Type=search", "url2": null }, "geometry": { "type": "Point", "coordinates": [ 138.64945560000001, 35.1803793 ] } },
{ "type": "Feature", "properties": { "内容": "リハステ・グラーダ元町【地域密着型通所介護】水戸島元町13-8ディアステージ富士シティレジデンス1F", "url": "https://www.kaigokensaku.mhlw.go.jp/22/index.php?action_kouhyou_detail_004_kani=true&JigyosyoCd=2272302320-00&ServiceCd=780&Type=search", "url2": "http://www.livleda.com" }, "geometry": { "type": "Point", "coordinates": [ 138.648222300000043, 35.1496386 ] } },
{ "type": "Feature", "properties": { "内容": "地域密着型デイサービスせっちゃん家【地域密着型通所介護】静岡県富士市松岡１４４８－２１", "url": "https://www.kaigokensaku.mhlw.go.jp/22/index.php?action_kouhyou_detail_004_kani=true&JigyosyoCd=2292300643-00&ServiceCd=780&Type=search", "url2": "http://sechanchi.i-ra.jp/" }, "geometry": { "type": "Point", "coordinates": [ 138.632259400000066, 35.1523405 ] } },
{ "type": "Feature", "properties": { "内容": "デイサービスどんまいシルバートレーニング【地域密着型通所介護】静岡県富士市荒田島町10-1", "url": "https://www.kaigokensaku.mhlw.go.jp/22/index.php?action_kouhyou_detail_004_kani=true&JigyosyoCd=2272301991-00&ServiceCd=780&Type=search", "url2": null }, "geometry": { "type": "Point", "coordinates": [ 138.688796977042529, 35.157788141896489 ] } },
{ "type": "Feature", "properties": { "内容": "ほっとデイサービス【地域密着型通所介護】松岡１１２２番1-1", "url": "https://www.kaigokensaku.mhlw.go.jp/22/index.php?action_kouhyou_detail_004_kani=true&JigyosyoCd=2272301975-00&ServiceCd=780&Type=search", "url2": null }, "geometry": { "type": "Point", "coordinates": [ 138.639225600000032, 35.1561153 ] } },
{ "type": "Feature", "properties": { "内容": "結どころ絆【地域密着型通所介護】静岡県富士市一色196-8", "url": "https://www.kaigokensaku.mhlw.go.jp/22/index.php?action_kouhyou_detail_004_kani=true&JigyosyoCd=2292300775-00&ServiceCd=780&Type=search", "url2": null }, "geometry": { "type": "Point", "coordinates": [ 138.692723233418263, 35.185818580006114 ] } },
{ "type": "Feature", "properties": { "内容": "デイサービスセンターかがみいし【地域密着型通所介護】富士市原田1350-16", "url": "https://www.kaigokensaku.mhlw.go.jp/22/index.php?action_kouhyou_detail_004_kani=true&JigyosyoCd=2272301553-00&ServiceCd=780&Type=search", "url2": "https://kansekien.com" }, "geometry": { "type": "Point", "coordinates": [ 138.713590116394016, 35.171855875404937 ] } },
{ "type": "Feature", "properties": { "内容": "デイサービスセンター花暖【地域密着型通所介護】静岡県富士市富士見台5丁目6-9", "url": "https://www.kaigokensaku.mhlw.go.jp/22/index.php?action_kouhyou_detail_004_kani=true&JigyosyoCd=2272301769-00&ServiceCd=780&Type=search", "url2": "http://web.thn.jp/kadan/" }, "geometry": { "type": "Point", "coordinates": [ 138.7183761, 35.1794083 ] } },
{ "type": "Feature", "properties": { "内容": "ヒューマンヒルズ富士【地域密着型通所介護】静岡県富士市宮島85番地10", "url": "https://www.kaigokensaku.mhlw.go.jp/22/index.php?action_kouhyou_detail_004_kani=true&JigyosyoCd=2292300536-00&ServiceCd=780&Type=search", "url2": "http://fmc-hh.co.jp/" }, "geometry": { "type": "Point", "coordinates": [ 138.653677499999958, 35.1437144 ] } },
{ "type": "Feature", "properties": { "内容": "ヒューマンヒルズ吉原通所介護【地域密着型通所介護】静岡県富士市吉原4丁目7番15号", "url": "https://www.kaigokensaku.mhlw.go.jp/22/index.php?action_kouhyou_detail_004_kani=true&JigyosyoCd=2292300668-00&ServiceCd=780&Type=search", "url2": "http://fmc-hh.co.jp" }, "geometry": { "type": "Point", "coordinates": [ 138.682016299999987, 35.1642113 ] } },
{ "type": "Feature", "properties": { "内容": "クローバーライフ【地域密着型通所介護】静岡県富士市久沢247番地の1住宅型有料老人ホームクローバーライフ富士", "url": "https://www.kaigokensaku.mhlw.go.jp/22/index.php?action_kouhyou_detail_004_kani=true&JigyosyoCd=2292300577-00&ServiceCd=780&Type=search", "url2": "https://www.sunlife.jp/clover/fuji/" }, "geometry": { "type": "Point", "coordinates": [ 138.649694400000044, 35.1867369 ] } },
{ "type": "Feature", "properties": { "内容": "みずほリハビリデイサービス【地域密着型通所介護】静岡県富士市瓜島町173-1", "url": "https://www.kaigokensaku.mhlw.go.jp/22/index.php?action_kouhyou_detail_004_kani=true&JigyosyoCd=2292300700-00&ServiceCd=780&Type=search", "url2": "http://mizuhocare.or.jp" }, "geometry": { "type": "Point", "coordinates": [ 138.6750821, 35.164105 ] } },
{ "type": "Feature", "properties": { "内容": "デイサービス希望【地域密着型通所介護】静岡県富士市大淵3145-27", "url": "https://www.kaigokensaku.mhlw.go.jp/22/index.php?action_kouhyou_detail_004_kani=true&JigyosyoCd=2272302353-00&ServiceCd=780&Type=search", "url2": "http://hp.kaipoke.biz/bp1/" }, "geometry": { "type": "Point", "coordinates": [ 138.678318900000022, 35.2088734 ] } },
{ "type": "Feature", "properties": { "内容": "茶話本舗静岡デイサービス中里の家【地域密着型通所介護】静岡県富士市中里1431-3", "url": "https://www.kaigokensaku.mhlw.go.jp/22/index.php?action_kouhyou_detail_004_kani=true&JigyosyoCd=2272302437-00&ServiceCd=780&Type=search", "url2": null }, "geometry": { "type": "Point", "coordinates": [ 138.73004190000006, 35.1662655 ] } },
{ "type": "Feature", "properties": { "内容": "デイサービス夢コープふじ【地域密着型通所介護】静岡県富士市中丸408-1", "url": "https://www.kaigokensaku.mhlw.go.jp/22/index.php?action_kouhyou_detail_004_kani=true&JigyosyoCd=2272302197-00&ServiceCd=780&Type=search", "url2": "http://www.yumecoop.jp" }, "geometry": { "type": "Point", "coordinates": [ 138.6703705, 35.1361987 ] } },
{ "type": "Feature", "properties": { "内容": "アダモデイサービスセンター【地域密着型通所介護】静岡県富士市三ツ沢1037-1", "url": "https://www.kaigokensaku.mhlw.go.jp/22/index.php?action_kouhyou_detail_004_kani=true&JigyosyoCd=2272301660-00&ServiceCd=780&Type=search", "url2": "https://www.adamo-fuji.com" }, "geometry": { "type": "Point", "coordinates": [ 138.717973995186071, 35.187417153688642 ] } },
{ "type": "Feature", "properties": { "内容": "ソレイルミナーレ富士今泉【地域密着型通所介護】静岡県富士市今泉6丁目12₋14", "url": "https://www.kaigokensaku.mhlw.go.jp/22/index.php?action_kouhyou_detail_004_kani=true&JigyosyoCd=2292300767-00&ServiceCd=780&Type=search", "url2": "https://sprise.co.jp/store/huziimaizumi/" }, "geometry": { "type": "Point", "coordinates": [ 138.69180628584445, 35.169128984916632 ] } },
{ "type": "Feature", "properties": { "内容": "しずきデイサービス【地域密着型通所介護】静岡県富士市中島480-1", "url": "https://www.kaigokensaku.mhlw.go.jp/22/index.php?action_kouhyou_detail_004_kani=true&JigyosyoCd=2292300684-00&ServiceCd=780&Type=search", "url2": "http://kaigo-shizuki.com/" }, "geometry": { "type": "Point", "coordinates": [ 138.653319900000042, 35.1635985 ] } },
{ "type": "Feature", "properties": { "内容": "オアシスデイサービス【地域密着型通所介護】中之郷１２８３番地の１", "url": "https://www.kaigokensaku.mhlw.go.jp/22/index.php?action_kouhyou_detail_004_kani=true&JigyosyoCd=2273100228-00&ServiceCd=780&Type=search", "url2": null }, "geometry": { "type": "Point", "coordinates": [ 138.617116, 35.1395194 ] } },
{ "type": "Feature", "properties": { "内容": "機能訓練特化型デイサービス・もんすてら【地域密着型通所介護】静岡県富士市緑町6番40号ワコー富士ビル１F", "url": "https://www.kaigokensaku.mhlw.go.jp/22/index.php?action_kouhyou_detail_004_kani=true&JigyosyoCd=2272302304-00&ServiceCd=780&Type=search", "url2": "https://www.sanarhythm.jp/" }, "geometry": { "type": "Point", "coordinates": [ 138.681648375713252, 35.15980298779327 ] } },
{ "type": "Feature", "properties": { "内容": "デイサービスのぞみ【地域密着型通所介護】静岡県富士市川成島694-3", "url": "https://www.kaigokensaku.mhlw.go.jp/22/index.php?action_kouhyou_detail_004_kani=true&JigyosyoCd=2292300718-00&ServiceCd=780&Type=search", "url2": "www.daynozomi.com" }, "geometry": { "type": "Point", "coordinates": [ 138.6621333, 35.1396262 ] } },
{ "type": "Feature", "properties": { "内容": "地域密着型サービス春晴【地域密着型通所介護】岩本537-85", "url": "https://www.kaigokensaku.mhlw.go.jp/22/index.php?action_kouhyou_detail_004_kani=true&JigyosyoCd=2292300734-00&ServiceCd=780&Type=search", "url2": null }, "geometry": { "type": "Point", "coordinates": [ 138.6374361, 35.1832329 ] } },
{ "type": "Feature", "properties": { "内容": "ここからデイサービス五貫島の家【地域密着型通所介護】五貫島348-2", "url": "https://www.kaigokensaku.mhlw.go.jp/22/index.php?action_kouhyou_detail_004_kani=true&JigyosyoCd=2272302379-00&ServiceCd=780&Type=search", "url2": null }, "geometry": { "type": "Point", "coordinates": [ 138.653224499999965, 35.1279075 ] } },
{ "type": "Feature", "properties": { "内容": "ここからデイサービス松岡の家【地域密着型通所介護】富士市松岡1615-7", "url": "https://www.kaigokensaku.mhlw.go.jp/22/index.php?action_kouhyou_detail_004_kani=true&JigyosyoCd=2272301678-00&ServiceCd=780&Type=search", "url2": null }, "geometry": { "type": "Point", "coordinates": [ 138.632470499999954, 35.1561373 ] } },
{ "type": "Feature", "properties": { "内容": "デイサービスえがお【地域密着型通所介護】静岡県富士市大渕2897-5イデキョウビル1階", "url": "https://www.kaigokensaku.mhlw.go.jp/22/index.php?action_kouhyou_detail_004_kani=true&JigyosyoCd=2292300791-00&ServiceCd=780&Type=search", "url2": "https://www.d-liberty.jp/" }, "geometry": { "type": "Point", "coordinates": [ 138.6868881, 35.2115856 ] } },
{ "type": "Feature", "properties": { "内容": "リ・ボン俱楽部本家【地域密着型通所介護】松岡1360-1", "url": "https://www.kaigokensaku.mhlw.go.jp/22/index.php?action_kouhyou_detail_004_kani=true&JigyosyoCd=2292300809-00&ServiceCd=780&Type=search", "url2": "https://yahiro-hd.com/honke/" }, "geometry": { "type": "Point", "coordinates": [ 138.639586, 35.149417 ] } },
{ "type": "Feature", "properties": { "内容": "デイサービスりあん　一言【地域密着型通所介護】一言2690-2", "url": "https://www.kaigokensaku.mhlw.go.jp/22/index.php?action_kouhyou_detail_004_kani=true&JigyosyoCd=2276900715-00&ServiceCd=780&Type=search", "url2": "https://lien-your-heart.com/" }, "geometry": { "type": "Point", "coordinates": [ 137.841308937434405, 34.7211998 ] } },
{ "type": "Feature", "properties": { "内容": "デイサービスりあん　豊田西之島【地域密着型通所介護】静岡県磐田市豊田西之島289-3", "url": "https://www.kaigokensaku.mhlw.go.jp/22/index.php?action_kouhyou_detail_004_kani=true&JigyosyoCd=2276900947-00&ServiceCd=780&Type=search", "url2": "https://lien-your-heart.com/" }, "geometry": { "type": "Point", "coordinates": [ 137.81561983859558, 34.725346895288581 ] } },
{ "type": "Feature", "properties": { "内容": "コムレイド奏【地域密着型通所介護】静岡県磐田市前野2532-1", "url": "https://www.kaigokensaku.mhlw.go.jp/22/index.php?action_kouhyou_detail_004_kani=true&JigyosyoCd=2296900224-00&ServiceCd=780&Type=search", "url2": null }, "geometry": { "type": "Point", "coordinates": [ 137.830645800000013, 34.6984998 ] } },
{ "type": "Feature", "properties": { "内容": "デイサービス和合【地域密着型通所介護】磐田市豊浜２６７番地１", "url": "https://www.kaigokensaku.mhlw.go.jp/22/index.php?action_kouhyou_detail_004_kani=true&JigyosyoCd=2276900384-00&ServiceCd=780&Type=search", "url2": null }, "geometry": { "type": "Point", "coordinates": [ 137.900129500000048, 34.6821504 ] } },
{ "type": "Feature", "properties": { "内容": "菜のはデイサービスセンター【地域密着型通所介護】静岡県磐田市西貝塚2021－1番地東棟", "url": "https://www.kaigokensaku.mhlw.go.jp/22/index.php?action_kouhyou_detail_004_kani=true&JigyosyoCd=2296900232-00&ServiceCd=780&Type=search", "url2": null }, "geometry": { "type": "Point", "coordinates": [ 137.874595199999987, 34.7180662 ] } },
{ "type": "Feature", "properties": { "内容": "デイサービスりんごの杜【地域密着型通所介護】静岡県磐田市小島62-2", "url": "https://www.kaigokensaku.mhlw.go.jp/22/index.php?action_kouhyou_detail_004_kani=true&JigyosyoCd=2276900830-00&ServiceCd=780&Type=search", "url2": null }, "geometry": { "type": "Point", "coordinates": [ 137.836088, 34.6887262 ] } },
{ "type": "Feature", "properties": { "内容": "はたらくデイサービスもぐもぐも【地域密着型通所介護】磐田市二之宮702₋1サービス付き高齢者向け住宅リッツハウス磐田", "url": "https://www.kaigokensaku.mhlw.go.jp/22/index.php?action_kouhyou_detail_004_kani=true&JigyosyoCd=2296900174-00&ServiceCd=780&Type=search", "url2": "http://www.hashoukai.or.jp" }, "geometry": { "type": "Point", "coordinates": [ 137.85533940000002, 34.707683600000017 ] } },
{ "type": "Feature", "properties": { "内容": "デイサービス磐田【地域密着型通所介護】静岡県磐田市国府台89-3", "url": "https://www.kaigokensaku.mhlw.go.jp/22/index.php?action_kouhyou_detail_004_kani=true&JigyosyoCd=2276900574-00&ServiceCd=780&Type=search", "url2": "https://www.brocade-iwata.com/" }, "geometry": { "type": "Point", "coordinates": [ 137.844727799999987, 34.7203056 ] } },
{ "type": "Feature", "properties": { "内容": "デイサービス富士見台【地域密着型通所介護】見付508-34", "url": "https://www.kaigokensaku.mhlw.go.jp/22/index.php?action_kouhyou_detail_004_kani=true&JigyosyoCd=2276900780-00&ServiceCd=780&Type=search", "url2": "https://www.brocade-iwata.com" }, "geometry": { "type": "Point", "coordinates": [ 137.86872174286782, 34.725942276022181 ] } },
{ "type": "Feature", "properties": { "内容": "デイサービス三ヶ野台【地域密着型通所介護】静岡県磐田市三ヶ野台6-1", "url": "https://www.kaigokensaku.mhlw.go.jp/22/index.php?action_kouhyou_detail_004_kani=true&JigyosyoCd=2296900091-00&ServiceCd=780&Type=search", "url2": null }, "geometry": { "type": "Point", "coordinates": [ 137.8828787, 34.7346436 ] } },
{ "type": "Feature", "properties": { "内容": "デイサービス　結【地域密着型通所介護】静岡県磐田市社山189", "url": "https://www.kaigokensaku.mhlw.go.jp/22/index.php?action_kouhyou_detail_004_kani=true&JigyosyoCd=2296900109-00&ServiceCd=780&Type=search", "url2": null }, "geometry": { "type": "Point", "coordinates": [ 137.859995300000037, 34.81619760000001 ] } },
{ "type": "Feature", "properties": { "内容": "デイサービス　ほほえみのいえ【地域密着型通所介護】磐田市明ヶ島原31番1", "url": "https://www.kaigokensaku.mhlw.go.jp/22/index.php?action_kouhyou_detail_004_kani=true&JigyosyoCd=2276900376-00&ServiceCd=780&Type=search", "url2": "hohoemi2525.com" }, "geometry": { "type": "Point", "coordinates": [ 137.887176817747928, 34.729719141571003 ] } },
{ "type": "Feature", "properties": { "内容": "花みずきデイサービスセンター【地域密着型通所介護】磐田市大久保５０８－１", "url": "https://www.kaigokensaku.mhlw.go.jp/22/index.php?action_kouhyou_detail_004_kani=true&JigyosyoCd=2276700131-00&ServiceCd=780&Type=search", "url2": "http://www.hanamizuki-iwata.jp/" }, "geometry": { "type": "Point", "coordinates": [ 137.858033500000033, 34.7680889 ] } },
{ "type": "Feature", "properties": { "内容": "パルモコミュニティ　リハプライド安久路【地域密着型通所介護】静岡県磐田市安久路1丁目1-3", "url": "https://www.kaigokensaku.mhlw.go.jp/22/index.php?action_kouhyou_detail_004_kani=true&JigyosyoCd=2296900216-00&ServiceCd=780&Type=search", "url2": "https://www.rehapride.co.jp/akuro/" }, "geometry": { "type": "Point", "coordinates": [ 137.8691119, 34.7189453 ] } },
{ "type": "Feature", "properties": { "内容": "株式会社　　OHANA　　　デイサービスおはな【地域密着型通所介護】小柳津231－1", "url": "https://www.kaigokensaku.mhlw.go.jp/22/index.php?action_kouhyou_detail_004_kani=true&JigyosyoCd=2295100347-00&ServiceCd=780&Type=search", "url2": null }, "geometry": { "type": "Point", "coordinates": [ 138.283265876196253, 34.853909794711363 ] } },
{ "type": "Feature", "properties": { "内容": "あんしんデイサービス【地域密着型通所介護】本中根485番地の1", "url": "https://www.kaigokensaku.mhlw.go.jp/22/index.php?action_kouhyou_detail_004_kani=true&JigyosyoCd=2275101125-00&ServiceCd=780&Type=search", "url2": "http;//www,ansinsupot,com" }, "geometry": { "type": "Point", "coordinates": [ 138.294672358529738, 34.828520952926162 ] } },
{ "type": "Feature", "properties": { "内容": "リビングケアゆうしん三ヶ名【地域密着型通所介護】三ヶ名１３５９－１", "url": "https://www.kaigokensaku.mhlw.go.jp/22/index.php?action_kouhyou_detail_004_kani=true&JigyosyoCd=2275100986-00&ServiceCd=780&Type=search", "url2": "yushin2011.co.jp" }, "geometry": { "type": "Point", "coordinates": [ 138.30139250000002, 34.8630625 ] } },
{ "type": "Feature", "properties": { "内容": "デイサービスセンター　だるま堂【地域密着型通所介護】静岡県焼津市藤守2771", "url": "https://www.kaigokensaku.mhlw.go.jp/22/index.php?action_kouhyou_detail_004_kani=true&JigyosyoCd=2275101315-00&ServiceCd=780&Type=search", "url2": "https://darumadou.wixsite.com/website-1" }, "geometry": { "type": "Point", "coordinates": [ 138.299775815344219, 34.805407948329247 ] } },
{ "type": "Feature", "properties": { "内容": "デイサービスセンター　いこいの杜【地域密着型通所介護】静岡県焼津市浜当目4丁目18-10", "url": "https://www.kaigokensaku.mhlw.go.jp/22/index.php?action_kouhyou_detail_004_kani=true&JigyosyoCd=2275101323-00&ServiceCd=780&Type=search", "url2": null }, "geometry": { "type": "Point", "coordinates": [ 138.334907599999951, 34.8829965 ] } },
{ "type": "Feature", "properties": { "内容": "リハートやいづ【地域密着型通所介護】静岡県焼津市小柳津６３０－５", "url": "https://www.kaigokensaku.mhlw.go.jp/22/index.php?action_kouhyou_detail_004_kani=true&JigyosyoCd=2275101257-00&ServiceCd=780&Type=search", "url2": null }, "geometry": { "type": "Point", "coordinates": [ 138.289169300000026, 34.8531585 ] } },
{ "type": "Feature", "properties": { "内容": "医療法人社団正心会　デイサービス海の子【地域密着型通所介護】焼津市三ヶ名８５０－３", "url": "https://www.kaigokensaku.mhlw.go.jp/22/index.php?action_kouhyou_detail_004_kani=true&JigyosyoCd=2275100739-00&ServiceCd=780&Type=search", "url2": null }, "geometry": { "type": "Point", "coordinates": [ 138.300767599999972, 34.8588381 ] } },
{ "type": "Feature", "properties": { "内容": "デイサービスごかふれんど【地域密着型通所介護】静岡県焼津市五ヶ堀之内１６４４－１", "url": "https://www.kaigokensaku.mhlw.go.jp/22/index.php?action_kouhyou_detail_004_kani=true&JigyosyoCd=2275100580-00&ServiceCd=780&Type=search", "url2": "http://www.gokafriend.com/" }, "geometry": { "type": "Point", "coordinates": [ 138.292641, 34.8542083 ] } },
{ "type": "Feature", "properties": { "内容": "たんぽぽデイサービス石津【地域密着型通所介護】静岡県焼津市与惣次2-12-13たんぽぽ石津デイサービス", "url": "https://www.kaigokensaku.mhlw.go.jp/22/index.php?action_kouhyou_detail_004_kani=true&JigyosyoCd=2275100391-00&ServiceCd=780&Type=search", "url2": null }, "geometry": { "type": "Point", "coordinates": [ 138.311241700000039, 34.8452237 ] } },
{ "type": "Feature", "properties": { "内容": "デイサービス百の木【地域密着型通所介護】焼津市石津向町15番地の17", "url": "https://www.kaigokensaku.mhlw.go.jp/22/index.php?action_kouhyou_detail_004_kani=true&JigyosyoCd=2275100556-00&ServiceCd=780&Type=search", "url2": null }, "geometry": { "type": "Point", "coordinates": [ 138.32239770000001, 34.842276 ] } },
{ "type": "Feature", "properties": { "内容": "デイサービス百の木　与惣次【地域密着型通所介護】焼津市与惣次1‐14‐15", "url": "https://www.kaigokensaku.mhlw.go.jp/22/index.php?action_kouhyou_detail_004_kani=true&JigyosyoCd=2275100937-00&ServiceCd=780&Type=search", "url2": null }, "geometry": { "type": "Point", "coordinates": [ 138.312174942327857, 34.845301523099963 ] } },
{ "type": "Feature", "properties": { "内容": "デイサービス　長者の森【地域密着型通所介護】焼津市三ヶ名　558-4", "url": "https://www.kaigokensaku.mhlw.go.jp/22/index.php?action_kouhyou_detail_004_kani=true&JigyosyoCd=2275100499-00&ServiceCd=780&Type=search", "url2": "http://choujanomori.com" }, "geometry": { "type": "Point", "coordinates": [ 138.302339599999982, 34.8586353 ] } },
{ "type": "Feature", "properties": { "内容": "地域密着型デイサービス　つばさ豊田【地域密着型通所介護】焼津市保福島１２０２", "url": "https://www.kaigokensaku.mhlw.go.jp/22/index.php?action_kouhyou_detail_004_kani=true&JigyosyoCd=2295100354-00&ServiceCd=780&Type=search", "url2": "http://www.tubasatoyoda.jp" }, "geometry": { "type": "Point", "coordinates": [ 138.2875285, 34.8693382 ] } },
{ "type": "Feature", "properties": { "内容": "機能訓練型デイサービスはれたす【地域密着型通所介護】静岡県焼津市焼津３丁目4-19", "url": "https://www.kaigokensaku.mhlw.go.jp/22/index.php?action_kouhyou_detail_004_kani=true&JigyosyoCd=2295100222-00&ServiceCd=780&Type=search", "url2": null }, "geometry": { "type": "Point", "coordinates": [ 138.311148687840074, 34.862517836210749 ] } },
{ "type": "Feature", "properties": { "内容": "有限会社居宅ディサービスこけし【地域密着型通所介護】焼津市大島1530-2", "url": "https://www.kaigokensaku.mhlw.go.jp/22/index.php?action_kouhyou_detail_004_kani=true&JigyosyoCd=2275100424-00&ServiceCd=780&Type=search", "url2": null }, "geometry": { "type": "Point", "coordinates": [ 138.299510199999986, 34.8189824 ] } },
{ "type": "Feature", "properties": { "内容": "デイサービスきたえるーむ掛川南【地域密着型通所介護】静岡県掛川市杉谷1-7-4", "url": "https://www.kaigokensaku.mhlw.go.jp/22/index.php?action_kouhyou_detail_004_kani=true&JigyosyoCd=2297400133-00&ServiceCd=780&Type=search", "url2": "http://kitaeroom.com" }, "geometry": { "type": "Point", "coordinates": [ 138.031477699999982, 34.7681922 ] } },
{ "type": "Feature", "properties": { "内容": "デイサービスセンターあいの街葛川【地域密着型通所介護】掛川市葛川310-3", "url": "https://www.kaigokensaku.mhlw.go.jp/22/index.php?action_kouhyou_detail_004_kani=true&JigyosyoCd=2277400145-00&ServiceCd=780&Type=search", "url2": null }, "geometry": { "type": "Point", "coordinates": [ 138.0260237, 34.7740496 ] } },
{ "type": "Feature", "properties": { "内容": "デイサービス　かみやしき【地域密着型通所介護】掛川市大池307", "url": "https://www.kaigokensaku.mhlw.go.jp/22/index.php?action_kouhyou_detail_004_kani=true&JigyosyoCd=2277400285-00&ServiceCd=780&Type=search", "url2": "http://www.hashoukai.or.jp" }, "geometry": { "type": "Point", "coordinates": [ 137.996612199999959, 34.7816652 ] } },
{ "type": "Feature", "properties": { "内容": "デイサービスピアかなで【地域密着型通所介護】静岡県掛川市大坂539大東ショッピングプラザ「ピア」内", "url": "https://www.kaigokensaku.mhlw.go.jp/22/index.php?action_kouhyou_detail_004_kani=true&JigyosyoCd=2297400174-00&ServiceCd=780&Type=search", "url2": "https://comodo-care.jp/" }, "geometry": { "type": "Point", "coordinates": [ 138.0461594, 34.671453 ] } },
{ "type": "Feature", "properties": { "内容": "デイサービス葛川の家【地域密着型通所介護】静岡県掛川市葛川1172-1", "url": "https://www.kaigokensaku.mhlw.go.jp/22/index.php?action_kouhyou_detail_004_kani=true&JigyosyoCd=2277400368-00&ServiceCd=780&Type=search", "url2": null }, "geometry": { "type": "Point", "coordinates": [ 138.024765399999978, 34.7768688 ] } },
{ "type": "Feature", "properties": { "内容": "ケアサービスききょう【地域密着型通所介護】静岡県掛川市下垂木115", "url": "https://www.kaigokensaku.mhlw.go.jp/22/index.php?action_kouhyou_detail_004_kani=true&JigyosyoCd=2297400158-00&ServiceCd=780&Type=search", "url2": null }, "geometry": { "type": "Point", "coordinates": [ 137.986991133729532, 34.796671715530898 ] } },
{ "type": "Feature", "properties": { "内容": "パルモコミュニティ　リハプライド上西郷【地域密着型通所介護】上西郷1682-2", "url": "https://www.kaigokensaku.mhlw.go.jp/22/index.php?action_kouhyou_detail_004_kani=true&JigyosyoCd=2297400182-00&ServiceCd=780&Type=search", "url2": "https://www.rehapride.co.jp/kamisaigo/" }, "geometry": { "type": "Point", "coordinates": [ 138.0127564, 34.7963662 ] } },
{ "type": "Feature", "properties": { "内容": "デイサービスサンシティ掛川【地域密着型通所介護】静岡県掛川市杉谷南1-15-13", "url": "https://www.kaigokensaku.mhlw.go.jp/22/index.php?action_kouhyou_detail_004_kani=true&JigyosyoCd=2297400166-00&ServiceCd=780&Type=search", "url2": "http://www.yhkikaku.jp/" }, "geometry": { "type": "Point", "coordinates": [ 138.0268509, 34.7628676 ] } },
{ "type": "Feature", "properties": { "内容": "デイサービス下垂木の家【地域密着型通所介護】下垂木1772", "url": "https://www.kaigokensaku.mhlw.go.jp/22/index.php?action_kouhyou_detail_004_kani=true&JigyosyoCd=2277400418-00&ServiceCd=780&Type=search", "url2": "https:shinplace.com/" }, "geometry": { "type": "Point", "coordinates": [ 137.984063099999958, 34.7861118 ] } },
{ "type": "Feature", "properties": { "内容": "運動日和　藤枝駅前【地域密着型通所介護】静岡県藤枝市駅前2丁目7-4マルハチビル1階", "url": "https://www.kaigokensaku.mhlw.go.jp/22/index.php?action_kouhyou_detail_004_kani=true&JigyosyoCd=2295300319-00&ServiceCd=780&Type=search", "url2": null }, "geometry": { "type": "Point", "coordinates": [ 138.2511236, 34.8511134 ] } },
{ "type": "Feature", "properties": { "内容": "NASA介護スペース田沼【地域密着型通所介護】田沼２丁目9-5", "url": "https://www.kaigokensaku.mhlw.go.jp/22/index.php?action_kouhyou_detail_004_kani=true&JigyosyoCd=2295300392-00&ServiceCd=780&Type=search", "url2": "http://nasa-corp.jp" }, "geometry": { "type": "Point", "coordinates": [ 138.2587684, 34.8503852 ] } },
{ "type": "Feature", "properties": { "内容": "きたえるーむ藤枝中央【地域密着型通所介護】静岡県藤枝市瀬戸新屋225番1", "url": "https://www.kaigokensaku.mhlw.go.jp/22/index.php?action_kouhyou_detail_004_kani=true&JigyosyoCd=2295300277-00&ServiceCd=780&Type=search", "url2": "http://kitaeroom.com/shop/post-34.shtml" }, "geometry": { "type": "Point", "coordinates": [ 138.2446321, 34.8522656 ] } },
{ "type": "Feature", "properties": { "内容": "ゆうしん青島【地域密着型通所介護】静岡県藤枝市下青島114-20", "url": "https://www.kaigokensaku.mhlw.go.jp/22/index.php?action_kouhyou_detail_004_kani=true&JigyosyoCd=2275301436-00&ServiceCd=780&Type=search", "url2": "yushin2011.co.jp" }, "geometry": { "type": "Point", "coordinates": [ 138.241567655819722, 34.846079461537528 ] } },
{ "type": "Feature", "properties": { "内容": "マハロワークデイ【地域密着型通所介護】静岡県藤枝市水守2丁目7番3号", "url": "https://www.kaigokensaku.mhlw.go.jp/22/index.php?action_kouhyou_detail_004_kani=true&JigyosyoCd=2295300327-00&ServiceCd=780&Type=search", "url2": "https://adult-day-care-center2048.business.site" }, "geometry": { "type": "Point", "coordinates": [ 138.2734429, 34.878899 ] } },
{ "type": "Feature", "properties": { "内容": "デイサービス未来志太【地域密着型通所介護】静岡県藤枝市志太１丁目６-５０", "url": "https://www.kaigokensaku.mhlw.go.jp/22/index.php?action_kouhyou_detail_004_kani=true&JigyosyoCd=2275301477-00&ServiceCd=780&Type=search", "url2": "http://www.nimus.jp" }, "geometry": { "type": "Point", "coordinates": [ 138.250287, 34.8599984 ] } },
{ "type": "Feature", "properties": { "内容": "アースデイサロン和楽【地域密着型通所介護】静岡県藤枝市高洲64-5", "url": "https://www.kaigokensaku.mhlw.go.jp/22/index.php?action_kouhyou_detail_004_kani=true&JigyosyoCd=2275301121-00&ServiceCd=780&Type=search", "url2": "http://www.earth-group.co.jp" }, "geometry": { "type": "Point", "coordinates": [ 138.2580481, 34.8362203 ] } },
{ "type": "Feature", "properties": { "内容": "ケアセンター太明堂【地域密着型通所介護】藤枝市音羽町３－９－１５", "url": "https://www.kaigokensaku.mhlw.go.jp/22/index.php?action_kouhyou_detail_004_kani=true&JigyosyoCd=2275300503-00&ServiceCd=780&Type=search", "url2": "contact@taimeido.com" }, "geometry": { "type": "Point", "coordinates": [ 138.238526699999966, 34.8736022 ] } },
{ "type": "Feature", "properties": { "内容": "ほほえみ【地域密着型通所介護】藤枝市郡1-5-25甲賀ビル1Ｆ", "url": "https://www.kaigokensaku.mhlw.go.jp/22/index.php?action_kouhyou_detail_004_kani=true&JigyosyoCd=2275301246-00&ServiceCd=780&Type=search", "url2": null }, "geometry": { "type": "Point", "coordinates": [ 138.2660131, 34.8716252 ] } },
{ "type": "Feature", "properties": { "内容": "里山【地域密着型通所介護】静岡県藤枝市時ケ谷1742番地", "url": "https://www.kaigokensaku.mhlw.go.jp/22/index.php?action_kouhyou_detail_004_kani=true&JigyosyoCd=2275301287-00&ServiceCd=780&Type=search", "url2": null }, "geometry": { "type": "Point", "coordinates": [ 138.25163109999994, 34.8800905 ] } },
{ "type": "Feature", "properties": { "内容": "さくらの里【地域密着型通所介護】藤枝市田沼１丁目２７－１５さくらビル２階", "url": "https://www.kaigokensaku.mhlw.go.jp/22/index.php?action_kouhyou_detail_004_kani=true&JigyosyoCd=2275301022-00&ServiceCd=780&Type=search", "url2": null }, "geometry": { "type": "Point", "coordinates": [ 138.257510599999932, 34.846998 ] } },
{ "type": "Feature", "properties": { "内容": "和気・アイアイⅡ【地域密着型通所介護】藤枝市瀬戸新屋254-3", "url": "https://www.kaigokensaku.mhlw.go.jp/22/index.php?action_kouhyou_detail_004_kani=true&JigyosyoCd=2275301030-00&ServiceCd=780&Type=search", "url2": "https://fujieda-wakiaiai.com" }, "geometry": { "type": "Point", "coordinates": [ 138.242637800000011, 34.8509212 ] } },
{ "type": "Feature", "properties": { "内容": "デイサービス　笑楽日【地域密着型通所介護】静岡県藤枝市岡部町岡部437-3", "url": "https://www.kaigokensaku.mhlw.go.jp/22/index.php?action_kouhyou_detail_004_kani=true&JigyosyoCd=2295300194-00&ServiceCd=780&Type=search", "url2": "https://www.akari-shizuoka.jp/" }, "geometry": { "type": "Point", "coordinates": [ 138.280508444791963, 34.916908963490755 ] } },
{ "type": "Feature", "properties": { "内容": "デイサービスエンゼル【地域密着型通所介護】静岡県藤枝市田沼4丁目14-1", "url": "https://www.kaigokensaku.mhlw.go.jp/22/index.php?action_kouhyou_detail_004_kani=true&JigyosyoCd=2275301303-00&ServiceCd=780&Type=search", "url2": null }, "geometry": { "type": "Point", "coordinates": [ 138.257620003119882, 34.841720412315382 ] } },
{ "type": "Feature", "properties": { "内容": "デイサービス　こころ【地域密着型通所介護】御殿場市新橋839-11", "url": "https://www.kaigokensaku.mhlw.go.jp/22/index.php?action_kouhyou_detail_004_kani=true&JigyosyoCd=2271200467-00&ServiceCd=780&Type=search", "url2": null }, "geometry": { "type": "Point", "coordinates": [ 138.941366799999969, 35.2952614 ] } },
{ "type": "Feature", "properties": { "内容": "デイサービス　にじいろ　御殿場【地域密着型通所介護】静岡県御殿場市萩原1209-1-1F", "url": "https://www.kaigokensaku.mhlw.go.jp/22/index.php?action_kouhyou_detail_004_kani=true&JigyosyoCd=2291200075-00&ServiceCd=780&Type=search", "url2": "http://www.nijiiro-ds.com" }, "geometry": { "type": "Point", "coordinates": [ 138.933276200000023, 35.2918505 ] } },
{ "type": "Feature", "properties": { "内容": "古民家デイホームたまほ村【地域密着型通所介護】御殿場市茱萸沢９１１番地", "url": "https://www.kaigokensaku.mhlw.go.jp/22/index.php?action_kouhyou_detail_004_kani=true&JigyosyoCd=2271200301-00&ServiceCd=780&Type=search", "url2": null }, "geometry": { "type": "Point", "coordinates": [ 138.917861099999982, 35.3102612 ] } },
{ "type": "Feature", "properties": { "内容": "茶話本舗デイサービス御殿場新橋【地域密着型通所介護】静岡県御殿場市新橋１７２０－６茶話本舗デイサービス　御殿場新橋", "url": "https://www.kaigokensaku.mhlw.go.jp/22/index.php?action_kouhyou_detail_004_kani=true&JigyosyoCd=2271200376-00&ServiceCd=780&Type=search", "url2": "http://www.sansen.jp" }, "geometry": { "type": "Point", "coordinates": [ 138.936525800000027, 35.29252 ] } },
{ "type": "Feature", "properties": { "内容": "労働者協同組合ワーカーズコープ・センター事業団富士岡地域福祉事業所　みんなの家【地域密着型通所介護】静岡県御殿場市駒門537番地", "url": "https://www.kaigokensaku.mhlw.go.jp/22/index.php?action_kouhyou_detail_004_kani=true&JigyosyoCd=2271200558-00&ServiceCd=780&Type=search", "url2": "https://sinma045.wixsite.com/mysite-1" }, "geometry": { "type": "Point", "coordinates": [ 138.908346700000038, 35.2588901 ] } },
{ "type": "Feature", "properties": { "内容": "デイサービスゆめ【地域密着型通所介護】静岡県御殿場市竈524-42タウンビル", "url": "https://www.kaigokensaku.mhlw.go.jp/22/index.php?action_kouhyou_detail_004_kani=true&JigyosyoCd=2271200715-00&ServiceCd=780&Type=search", "url2": null }, "geometry": { "type": "Point", "coordinates": [ 138.925996125131178, 35.284051771713685 ] } },
{ "type": "Feature", "properties": { "内容": "ほほえみ【地域密着型通所介護】御殿場市西田中452-3", "url": "https://www.kaigokensaku.mhlw.go.jp/22/index.php?action_kouhyou_detail_004_kani=true&JigyosyoCd=2271200418-00&ServiceCd=780&Type=search", "url2": "https://www.hohoemi-ikou.com/" }, "geometry": { "type": "Point", "coordinates": [ 138.941433398828167, 35.321022812198819 ] } },
{ "type": "Feature", "properties": { "内容": "デイサービスあざみ【地域密着型通所介護】静岡県御殿場市東山８５５－６", "url": "https://www.kaigokensaku.mhlw.go.jp/22/index.php?action_kouhyou_detail_004_kani=true&JigyosyoCd=2291200026-00&ServiceCd=780&Type=search", "url2": null }, "geometry": { "type": "Point", "coordinates": [ 138.961367099999961, 35.301087700000025 ] } },
{ "type": "Feature", "properties": { "内容": "ル・グランハート御殿場【地域密着型通所介護】静岡県御殿場市中山1102", "url": "https://www.kaigokensaku.mhlw.go.jp/22/index.php?action_kouhyou_detail_004_kani=true&JigyosyoCd=2271200616-00&ServiceCd=780&Type=search", "url2": "https://www.le-grand-gp.jp" }, "geometry": { "type": "Point", "coordinates": [ 138.920700721584012, 35.252119051275784 ] } },
{ "type": "Feature", "properties": { "内容": "茶話本舗デイサービス御殿場保土沢【地域密着型通所介護】保土沢字向ノ丸５０４－３", "url": "https://www.kaigokensaku.mhlw.go.jp/22/index.php?action_kouhyou_detail_004_kani=true&JigyosyoCd=2271200475-00&ServiceCd=780&Type=search", "url2": null }, "geometry": { "type": "Point", "coordinates": [ 138.908182300000021, 35.2957463 ] } },
{ "type": "Feature", "properties": { "内容": "機能訓練型デイ　かつまた【地域密着型通所介護】静岡県御殿場市中山935-12", "url": "https://www.kaigokensaku.mhlw.go.jp/22/index.php?action_kouhyou_detail_004_kani=true&JigyosyoCd=2291200083-00&ServiceCd=780&Type=search", "url2": null }, "geometry": { "type": "Point", "coordinates": [ 138.9148324, 35.2540499 ] } },
{ "type": "Feature", "properties": { "内容": "デイサ－ビス　こころ　東山【地域密着型通所介護】静岡県御殿場市東山930", "url": "https://www.kaigokensaku.mhlw.go.jp/22/index.php?action_kouhyou_detail_004_kani=true&JigyosyoCd=2271200582-00&ServiceCd=780&Type=search", "url2": null }, "geometry": { "type": "Point", "coordinates": [ 138.961212300531827, 35.300172052015569 ] } },
{ "type": "Feature", "properties": { "内容": "労協　御殿場地域福祉事業所　つばさ【地域密着型通所介護】御殿場市杉名沢661-2", "url": "https://www.kaigokensaku.mhlw.go.jp/22/index.php?action_kouhyou_detail_004_kani=true&JigyosyoCd=2271200211-00&ServiceCd=780&Type=search", "url2": "https://gtnbtbs.jimdofree.com" }, "geometry": { "type": "Point", "coordinates": [ 138.92061170489356, 35.283663733646364 ] } },
{ "type": "Feature", "properties": { "内容": "社会福祉法人浴光会　ぐみさわ苑【地域密着型通所介護】茱萸沢１９８－１", "url": "https://www.kaigokensaku.mhlw.go.jp/22/index.php?action_kouhyou_detail_004_kani=true&JigyosyoCd=2271200269-00&ServiceCd=780&Type=search", "url2": "http://www7.plala.or.jp/khtt1125/" }, "geometry": { "type": "Point", "coordinates": [ 138.923890799999981, 35.3147665 ] } },
{ "type": "Feature", "properties": { "内容": "ほたる商事株式会社【地域密着型通所介護】静岡県御殿場市六日市場３５５－5ほたる商事株式会社", "url": "https://www.kaigokensaku.mhlw.go.jp/22/index.php?action_kouhyou_detail_004_kani=true&JigyosyoCd=2271200442-00&ServiceCd=780&Type=search", "url2": "kzu5032@ac.auone-net.jp" }, "geometry": { "type": "Point", "coordinates": [ 138.915030800000068, 35.3302948 ] } },
{ "type": "Feature", "properties": { "内容": "サポートハウスこころ【地域密着型通所介護】静岡県袋井市豊沢1292-12", "url": "https://www.kaigokensaku.mhlw.go.jp/22/index.php?action_kouhyou_detail_004_kani=true&JigyosyoCd=2276600431-00&ServiceCd=780&Type=search", "url2": "http://ones-homes.org" }, "geometry": { "type": "Point", "coordinates": [ 137.943220793817716, 34.73660877548518 ] } },
{ "type": "Feature", "properties": { "内容": "はまかぜデイサービスセンター【地域密着型通所介護】袋井市大野２７３０－４", "url": "https://www.kaigokensaku.mhlw.go.jp/22/index.php?action_kouhyou_detail_004_kani=true&JigyosyoCd=2276600307-00&ServiceCd=780&Type=search", "url2": null }, "geometry": { "type": "Point", "coordinates": [ 137.94337680000001, 34.6794349 ] } },
{ "type": "Feature", "properties": { "内容": "デイサービス・グリーン【地域密着型通所介護】静岡県袋井市下山梨１－１３－１１", "url": "https://www.kaigokensaku.mhlw.go.jp/22/index.php?action_kouhyou_detail_004_kani=true&JigyosyoCd=2277300485-00&ServiceCd=780&Type=search", "url2": null }, "geometry": { "type": "Point", "coordinates": [ 137.909989017790963, 34.778689720698154 ] } },
{ "type": "Feature", "properties": { "内容": "イーズケアしもだ【地域密着型通所介護】下田市六丁目36-13", "url": "https://www.kaigokensaku.mhlw.go.jp/22/index.php?action_kouhyou_detail_004_kani=true&JigyosyoCd=2290200027-00&ServiceCd=780&Type=search", "url2": null }, "geometry": { "type": "Point", "coordinates": [ 138.933726488937708, 34.670903249665542 ] } },
{ "type": "Feature", "properties": { "内容": "デイサービス銀の鈴西中【地域密着型通所介護】静岡県下田市西中5-3", "url": "https://www.kaigokensaku.mhlw.go.jp/22/index.php?action_kouhyou_detail_004_kani=true&JigyosyoCd=2270200252-00&ServiceCd=780&Type=search", "url2": "https://silverbel.jp" }, "geometry": { "type": "Point", "coordinates": [ 138.940269, 34.690646 ] } },
{ "type": "Feature", "properties": { "内容": "デイハウスさとわ【地域密着型通所介護】静岡県下田市６丁目２４番２号", "url": "https://www.kaigokensaku.mhlw.go.jp/22/index.php?action_kouhyou_detail_004_kani=true&JigyosyoCd=2270200260-00&ServiceCd=780&Type=search", "url2": null }, "geometry": { "type": "Point", "coordinates": [ 138.932777182803306, 34.675236537769656 ] } },
{ "type": "Feature", "properties": { "内容": "デイホーム野の花【地域密着型通所介護】裾野市伊豆島田810-9", "url": "https://www.kaigokensaku.mhlw.go.jp/22/index.php?action_kouhyou_detail_004_kani=true&JigyosyoCd=2271400406-00&ServiceCd=780&Type=search", "url2": "http://dayhomenonohana.com/" }, "geometry": { "type": "Point", "coordinates": [ 138.904901900000027, 35.1549237 ] } },
{ "type": "Feature", "properties": { "内容": "裾野市デイサービスセンターすやまホーム【地域密着型通所介護】裾野市須山1632-98", "url": "https://www.kaigokensaku.mhlw.go.jp/22/index.php?action_kouhyou_detail_004_kani=true&JigyosyoCd=2271400067-00&ServiceCd=780&Type=search", "url2": "http://www.syakyo-susono.or.jp/" }, "geometry": { "type": "Point", "coordinates": [ 138.850229, 35.2469147 ] } },
{ "type": "Feature", "properties": { "内容": "ホームケアセンターら・ら・ら【地域密着型通所介護】静岡県裾野市佐野338-2", "url": "https://www.kaigokensaku.mhlw.go.jp/22/index.php?action_kouhyou_detail_004_kani=true&JigyosyoCd=2271400448-00&ServiceCd=780&Type=search", "url2": "http://www.ymmd-hcc.jp/location/%E3%82%89%E3%83%BB%E3%82%89%E3%83%BB%E3%82%89-4/" }, "geometry": { "type": "Point", "coordinates": [ 138.908731499999931, 35.1829287 ] } },
{ "type": "Feature", "properties": { "内容": "きのうくんれんがた　でいさーびす　いーすとわん【地域密着型通所介護】麦塚４０－９", "url": "https://www.kaigokensaku.mhlw.go.jp/22/index.php?action_kouhyou_detail_004_kani=true&JigyosyoCd=2271400273-00&ServiceCd=780&Type=search", "url2": "https://www.breams-eastone.com" }, "geometry": { "type": "Point", "coordinates": [ 138.915514900000062, 35.1660196 ] } },
{ "type": "Feature", "properties": { "内容": "富岳中川原ホーム【地域密着型通所介護】静岡県裾野市茶畑1707番地の3", "url": "https://www.kaigokensaku.mhlw.go.jp/22/index.php?action_kouhyou_detail_004_kani=true&JigyosyoCd=2291400048-00&ServiceCd=780&Type=search", "url2": "https://fugakukai.com/ichinoseso" }, "geometry": { "type": "Point", "coordinates": [ 138.939556700000026, 35.1734387 ] } },
{ "type": "Feature", "properties": { "内容": "すずなデイサービス【地域密着型通所介護】静岡県裾野市茶畑1183番地の3", "url": "https://www.kaigokensaku.mhlw.go.jp/22/index.php?action_kouhyou_detail_004_kani=true&JigyosyoCd=2271400463-00&ServiceCd=780&Type=search", "url2": "https://suzuna-shizuoka.jp/" }, "geometry": { "type": "Point", "coordinates": [ 138.9216533, 35.1730937 ] } },
{ "type": "Feature", "properties": { "内容": "ナナエデイサービス【地域密着型通所介護】静岡県裾野市上ヶ田１６－４", "url": "https://www.kaigokensaku.mhlw.go.jp/22/index.php?action_kouhyou_detail_004_kani=true&JigyosyoCd=2271400307-00&ServiceCd=780&Type=search", "url2": "http://www.nanae.co.jp/dayservice" }, "geometry": { "type": "Point", "coordinates": [ 138.910163900000043, 35.2072311 ] } },
{ "type": "Feature", "properties": { "内容": "デイサービス　あおいくま【地域密着型通所介護】静-岡県湖西市新居町新居896-69", "url": "https://www.kaigokensaku.mhlw.go.jp/22/index.php?action_kouhyou_detail_004_kani=true&JigyosyoCd=2278400334-00&ServiceCd=780&Type=search", "url2": null }, "geometry": { "type": "Point", "coordinates": [ 137.565647382243696, 34.693336272505945 ] } },
{ "type": "Feature", "properties": { "内容": "あおいそらデイサービス【地域密着型通所介護】古見1034-7サンライズヤマヤ103", "url": "https://www.kaigokensaku.mhlw.go.jp/22/index.php?action_kouhyou_detail_004_kani=true&JigyosyoCd=2298400090-00&ServiceCd=780&Type=search", "url2": null }, "geometry": { "type": "Point", "coordinates": [ 137.533565, 34.718561800000018 ] } },
{ "type": "Feature", "properties": { "内容": "でいの楽園～笑～【地域密着型通所介護】静岡県湖西市鷲津分川3085", "url": "https://www.kaigokensaku.mhlw.go.jp/22/index.php?action_kouhyou_detail_004_kani=true&JigyosyoCd=2298400116-00&ServiceCd=780&Type=search", "url2": null }, "geometry": { "type": "Point", "coordinates": [ 137.556920580703746, 34.712827610631216 ] } },
{ "type": "Feature", "properties": { "内容": "でいの楽園【地域密着型通所介護】静岡県湖西市鷲津字分川３０８５", "url": "https://www.kaigokensaku.mhlw.go.jp/22/index.php?action_kouhyou_detail_004_kani=true&JigyosyoCd=2278400201-00&ServiceCd=780&Type=search", "url2": null }, "geometry": { "type": "Point", "coordinates": [ 137.555732613166811, 34.712862999487555 ] } },
{ "type": "Feature", "properties": { "内容": "デイサービス陽菜【地域密着型通所介護】静岡県湖西市古見124-4", "url": "https://www.kaigokensaku.mhlw.go.jp/22/index.php?action_kouhyou_detail_004_kani=true&JigyosyoCd=2278400326-00&ServiceCd=780&Type=search", "url2": "http://www.hinahina.co/" }, "geometry": { "type": "Point", "coordinates": [ 137.530988953303591, 34.713428086485891 ] } },
{ "type": "Feature", "properties": { "内容": "ふじの花通所介護事業所【地域密着型通所介護】湖西市鷲津１０９５－１３", "url": "https://www.kaigokensaku.mhlw.go.jp/22/index.php?action_kouhyou_detail_004_kani=true&JigyosyoCd=2278400169-00&ServiceCd=780&Type=search", "url2": "http://www.hanadaira.com/" }, "geometry": { "type": "Point", "coordinates": [ 137.545710699999972, 34.7133224 ] } },
{ "type": "Feature", "properties": { "内容": "駅前デイサービス健康広場【地域密着型通所介護】湖西市新居町新居3379-11ﾋﾞｰｹｰﾏﾙﾁﾋﾞﾙ1階北", "url": "https://www.kaigokensaku.mhlw.go.jp/22/index.php?action_kouhyou_detail_004_kani=true&JigyosyoCd=2278400250-00&ServiceCd=780&Type=search", "url2": null }, "geometry": { "type": "Point", "coordinates": [ 137.568303499999956, 34.693695 ] } },
{ "type": "Feature", "properties": { "内容": "デイリハビリセンターHINATABOKKO【地域密着型通所介護】静岡県湖西市岡崎604-16デイリハビリセンターHINATABOKKO", "url": "https://www.kaigokensaku.mhlw.go.jp/22/index.php?action_kouhyou_detail_004_kani=true&JigyosyoCd=2298400108-00&ServiceCd=780&Type=search", "url2": null }, "geometry": { "type": "Point", "coordinates": [ 137.5062225, 34.725966 ] } },
{ "type": "Feature", "properties": { "内容": "湖西市社協介護センターあらい【地域密着型通所介護】静岡県湖西市新居町浜名575番地新居介護サービスセンター", "url": "https://www.kaigokensaku.mhlw.go.jp/22/index.php?action_kouhyou_detail_004_kani=true&JigyosyoCd=2298400157-00&ServiceCd=780&Type=search", "url2": "http：//www.kosai-sk.or.jp" }, "geometry": { "type": "Point", "coordinates": [ 137.5606429, 34.6871519 ] } },
{ "type": "Feature", "properties": { "内容": "高齢者自立支援センター　ねこのて【地域密着型通所介護】湖西市新居町中之郷92-7高齢者自立支援センター　ねこのて", "url": "https://www.kaigokensaku.mhlw.go.jp/22/index.php?action_kouhyou_detail_004_kani=true&JigyosyoCd=2278400235-00&ServiceCd=780&Type=search", "url2": null }, "geometry": { "type": "Point", "coordinates": [ 137.561856930984447, 34.699593263645411 ] } },
{ "type": "Feature", "properties": { "内容": "Ｒ．Ｙリハビリセンター【地域密着型通所介護】静岡県湖西市鷲津5273", "url": "https://www.kaigokensaku.mhlw.go.jp/22/index.php?action_kouhyou_detail_004_kani=true&JigyosyoCd=2298400082-00&ServiceCd=780&Type=search", "url2": "ry-reyond.com" }, "geometry": { "type": "Point", "coordinates": [ 137.543964599999981, 34.716487 ] } },
{ "type": "Feature", "properties": { "内容": "合同会社りゅう358【地域密着型通所介護】静岡県湖西市古見996-1", "url": "https://www.kaigokensaku.mhlw.go.jp/22/index.php?action_kouhyou_detail_004_kani=true&JigyosyoCd=2298400124-00&ServiceCd=780&Type=search", "url2": null }, "geometry": { "type": "Point", "coordinates": [ 137.531621699999988, 34.7184581 ] } },
{ "type": "Feature", "properties": { "内容": "デイサービスクローバー【地域密着型通所介護】静岡県伊豆市土肥１１４４－１３", "url": "https://www.kaigokensaku.mhlw.go.jp/22/index.php?action_kouhyou_detail_004_kani=true&JigyosyoCd=2270300243-00&ServiceCd=780&Type=search", "url2": null }, "geometry": { "type": "Point", "coordinates": [ 138.804866592156969, 34.90546949712445 ] } },
{ "type": "Feature", "properties": { "内容": "デイサービス　悠々自適【地域密着型通所介護】静岡県伊豆市上白岩902番地の1室野コーポ4号棟、5号棟", "url": "https://www.kaigokensaku.mhlw.go.jp/22/index.php?action_kouhyou_detail_004_kani=true&JigyosyoCd=2270700210-00&ServiceCd=780&Type=search", "url2": null }, "geometry": { "type": "Point", "coordinates": [ 138.979706289549341, 34.962752758556775 ] } },
{ "type": "Feature", "properties": { "内容": "ル・グランハート修善寺【地域密着型通所介護】静岡県伊豆市修善寺２４-３", "url": "https://www.kaigokensaku.mhlw.go.jp/22/index.php?action_kouhyou_detail_004_kani=true&JigyosyoCd=2270700236-00&ServiceCd=780&Type=search", "url2": "https://www.le-grand-gp.jp/" }, "geometry": { "type": "Point", "coordinates": [ 138.948483373610657, 34.983009524526274 ] } },
{ "type": "Feature", "properties": { "内容": "デイサービス　いいあんばい【地域密着型通所介護】伊豆市加殿２０７－１１", "url": "https://www.kaigokensaku.mhlw.go.jp/22/index.php?action_kouhyou_detail_004_kani=true&JigyosyoCd=2270300491-00&ServiceCd=780&Type=search", "url2": null }, "geometry": { "type": "Point", "coordinates": [ 138.951131499999974, 34.9709363 ] } },
{ "type": "Feature", "properties": { "内容": "デイサービスいまここ【地域密着型通所介護】上白岩１４６０－１", "url": "https://www.kaigokensaku.mhlw.go.jp/22/index.php?action_kouhyou_detail_004_kani=true&JigyosyoCd=2270700228-00&ServiceCd=780&Type=search", "url2": null }, "geometry": { "type": "Point", "coordinates": [ 138.979212800000028, 34.9607441 ] } },
{ "type": "Feature", "properties": { "内容": "デイサービスあるまじろ　修善寺【地域密着型通所介護】熊坂300-21F", "url": "https://www.kaigokensaku.mhlw.go.jp/22/index.php?action_kouhyou_detail_004_kani=true&JigyosyoCd=2290700075-00&ServiceCd=780&Type=search", "url2": null }, "geometry": { "type": "Point", "coordinates": [ 138.9355745, 34.9910912 ] } },
{ "type": "Feature", "properties": { "内容": "AYUMU塩原【地域密着型通所介護】静岡県御前崎市塩原新田142-1", "url": "https://www.kaigokensaku.mhlw.go.jp/22/index.php?action_kouhyou_detail_004_kani=true&JigyosyoCd=2275690168-00&ServiceCd=780&Type=search", "url2": "http://bambroot.co.jp" }, "geometry": { "type": "Point", "coordinates": [ 138.1020317, 34.6515394 ] } },
{ "type": "Feature", "properties": { "内容": "AYUMU門屋【地域密着型通所介護】静岡県御前崎市門屋1712-3", "url": "https://www.kaigokensaku.mhlw.go.jp/22/index.php?action_kouhyou_detail_004_kani=true&JigyosyoCd=2295600023-00&ServiceCd=780&Type=search", "url2": "https://bambroot.co.jp/" }, "geometry": { "type": "Point", "coordinates": [ 138.1180809, 34.65452 ] } },
{ "type": "Feature", "properties": { "内容": "有限会社通所介護ケアセンターお達者くらぶ【地域密着型通所介護】御前崎市白羽5941－1", "url": "https://www.kaigokensaku.mhlw.go.jp/22/index.php?action_kouhyou_detail_004_kani=true&JigyosyoCd=2275500607-00&ServiceCd=780&Type=search", "url2": null }, "geometry": { "type": "Point", "coordinates": [ 138.20245030000001, 34.6083364 ] } },
{ "type": "Feature", "properties": { "内容": "小規模多機能ホーム　ようこそ【地域密着型通所介護】静岡県菊川市潮海寺150-2", "url": "https://www.kaigokensaku.mhlw.go.jp/22/index.php?action_kouhyou_detail_004_kani=true&JigyosyoCd=2276100365-00&ServiceCd=780&Type=search", "url2": "http://www4.tokai.or.jp/youkoso/" }, "geometry": { "type": "Point", "coordinates": [ 138.092664610975561, 34.765456768337941 ] } },
{ "type": "Feature", "properties": { "内容": "デイサービス菊川加茂の家【地域密着型通所介護】加茂3092-1", "url": "https://www.kaigokensaku.mhlw.go.jp/22/index.php?action_kouhyou_detail_004_kani=true&JigyosyoCd=2276800238-00&ServiceCd=780&Type=search", "url2": "https://shinplace.com/" }, "geometry": { "type": "Point", "coordinates": [ 138.088244300000042, 34.733423 ] } },
{ "type": "Feature", "properties": { "内容": "あいねっとデイサービス伊豆長岡【地域密着型通所介護】静岡県伊豆の国市古奈279-1ジュリア伊豆長岡内", "url": "https://www.kaigokensaku.mhlw.go.jp/22/index.php?action_kouhyou_detail_004_kani=true&JigyosyoCd=2270800275-00&ServiceCd=780&Type=search", "url2": "http://www.inet-izu.com" }, "geometry": { "type": "Point", "coordinates": [ 138.938042399999972, 35.0331211 ] } },
{ "type": "Feature", "properties": { "内容": "デイサービス　ちえのわ【地域密着型通所介護】静岡県伊豆の国市四日町６１６番地", "url": "https://www.kaigokensaku.mhlw.go.jp/22/index.php?action_kouhyou_detail_004_kani=true&JigyosyoCd=2270800242-00&ServiceCd=780&Type=search", "url2": null }, "geometry": { "type": "Point", "coordinates": [ 138.944789200000059, 35.0551326 ] } },
{ "type": "Feature", "properties": { "内容": "トレーニングデイサービスあんび伊豆長岡【地域密着型通所介護】静岡県伊豆の国市中條69鈴木貸店舗３号室", "url": "https://www.kaigokensaku.mhlw.go.jp/22/index.php?action_kouhyou_detail_004_kani=true&JigyosyoCd=2290800065-00&ServiceCd=780&Type=search", "url2": "http:/www.ambi-m-lab.com" }, "geometry": { "type": "Point", "coordinates": [ 138.9421585, 35.0434889 ] } },
{ "type": "Feature", "properties": { "内容": "デイサービス　カナリア【地域密着型通所介護】静岡県伊豆の国市天野字出口23番地3", "url": "https://www.kaigokensaku.mhlw.go.jp/22/index.php?action_kouhyou_detail_004_kani=true&JigyosyoCd=2270800366-00&ServiceCd=780&Type=search", "url2": null }, "geometry": { "type": "Point", "coordinates": [ 138.939670200000023, 35.0279273 ] } },
{ "type": "Feature", "properties": { "内容": "デイサービス・ひっと【地域密着型通所介護】静岡県伊豆の国市原木1265-3", "url": "https://www.kaigokensaku.mhlw.go.jp/22/index.php?action_kouhyou_detail_004_kani=true&JigyosyoCd=2290800057-00&ServiceCd=780&Type=search", "url2": null }, "geometry": { "type": "Point", "coordinates": [ 138.946663599999965, 35.0695607 ] } },
{ "type": "Feature", "properties": { "内容": "デイサロンふらっとネス【地域密着型通所介護】静岡県伊豆の国市四日町619-1", "url": "https://www.kaigokensaku.mhlw.go.jp/22/index.php?action_kouhyou_detail_004_kani=true&JigyosyoCd=2290800081-00&ServiceCd=780&Type=search", "url2": "http://rapoai.co.jp" }, "geometry": { "type": "Point", "coordinates": [ 138.9443774, 35.0548992 ] } },
{ "type": "Feature", "properties": { "内容": "デイサービス　おらんち【地域密着型通所介護】伊豆の国市中島２７０－１", "url": "https://www.kaigokensaku.mhlw.go.jp/22/index.php?action_kouhyou_detail_004_kani=true&JigyosyoCd=2270300268-00&ServiceCd=780&Type=search", "url2": "http://www.cs-ookawa.com" }, "geometry": { "type": "Point", "coordinates": [ 138.939070500000071, 35.0041774 ] } },
{ "type": "Feature", "properties": { "内容": "デイサービスぽっかぽか【地域密着型通所介護】静岡県伊豆の国市韮山金谷120", "url": "https://www.kaigokensaku.mhlw.go.jp/22/index.php?action_kouhyou_detail_004_kani=true&JigyosyoCd=2270300458-00&ServiceCd=780&Type=search", "url2": null }, "geometry": { "type": "Point", "coordinates": [ 138.962193599999978, 35.0513556 ] } },
{ "type": "Feature", "properties": { "内容": "社協　陽だまり【地域密着型通所介護】牧之原市静波479-2", "url": "https://www.kaigokensaku.mhlw.go.jp/22/index.php?action_kouhyou_detail_004_kani=true&JigyosyoCd=2295800169-00&ServiceCd=780&Type=search", "url2": "http:www.makinohara.gr.jp" }, "geometry": { "type": "Point", "coordinates": [ 138.223455199999989, 34.7410808 ] } },
{ "type": "Feature", "properties": { "内容": "いきいきフィットネス【地域密着型通所介護】静岡県牧之原市静波976-2", "url": "https://www.kaigokensaku.mhlw.go.jp/22/index.php?action_kouhyou_detail_004_kani=true&JigyosyoCd=2275800296-00&ServiceCd=780&Type=search", "url2": null }, "geometry": { "type": "Point", "coordinates": [ 138.22259669999994, 34.7356322 ] } },
{ "type": "Feature", "properties": { "内容": "アクタガワ　生活リハビリ相良デイサービスセンター【地域密着型通所介護】牧之原市大沢565-1", "url": "https://www.kaigokensaku.mhlw.go.jp/22/index.php?action_kouhyou_detail_004_kani=true&JigyosyoCd=2275500599-00&ServiceCd=780&Type=search", "url2": "https://akutagawa-dayservice.com/facilities/sagara/" }, "geometry": { "type": "Point", "coordinates": [ 138.192931199999947, 34.689997 ] } },
{ "type": "Feature", "properties": { "内容": "デイサービスだんらんの家相良【地域密着型通所介護】静岡県牧之原市大沢５２０－６さつきの郷１階", "url": "https://www.kaigokensaku.mhlw.go.jp/22/index.php?action_kouhyou_detail_004_kani=true&JigyosyoCd=2295800144-00&ServiceCd=780&Type=search", "url2": null }, "geometry": { "type": "Point", "coordinates": [ 138.193249700000024, 34.6910133 ] } },
{ "type": "Feature", "properties": { "内容": "笑つなデイサービス【地域密着型通所介護】静岡県牧之原市松本426-2", "url": "https://www.kaigokensaku.mhlw.go.jp/22/index.php?action_kouhyou_detail_004_kani=true&JigyosyoCd=2295800151-00&ServiceCd=780&Type=search", "url2": null }, "geometry": { "type": "Point", "coordinates": [ 138.1815566, 34.7032072 ] } },
{ "type": "Feature", "properties": { "内容": "おれんじデイサービスセンター　あまなつ【地域密着型通所介護】静岡県賀茂郡東伊豆町奈良本887", "url": "https://www.kaigokensaku.mhlw.go.jp/22/index.php?action_kouhyou_detail_004_kani=true&JigyosyoCd=2290100102-00&ServiceCd=780&Type=search", "url2": "https://www.orangewelfare.net/" }, "geometry": { "type": "Point", "coordinates": [ 139.0615185, 34.8165867 ] } },
{ "type": "Feature", "properties": { "内容": "デイサービスなかじま【地域密着型通所介護】奈良本1434-156デイサービスなかじま", "url": "https://www.kaigokensaku.mhlw.go.jp/22/index.php?action_kouhyou_detail_004_kani=true&JigyosyoCd=2270100734-00&ServiceCd=780&Type=search", "url2": null }, "geometry": { "type": "Point", "coordinates": [ 139.068180208798225, 34.823473943262179 ] } },
{ "type": "Feature", "properties": { "内容": "有限会社こころ介護稲取デイサービス【地域密着型通所介護】静岡県賀茂郡東伊豆町稲取524-1", "url": "https://www.kaigokensaku.mhlw.go.jp/22/index.php?action_kouhyou_detail_004_kani=true&JigyosyoCd=2270100692-00&ServiceCd=780&Type=search", "url2": "www.care-net.biz/22/kokorokaigo/" }, "geometry": { "type": "Point", "coordinates": [ 139.037415515942712, 34.772052171016696 ] } },
{ "type": "Feature", "properties": { "内容": "社会福祉法人河津町社会福祉協議会地域密着型通所介護事業所【地域密着型通所介護】静岡県賀茂郡河津町田中２１２番地２河津町保健福祉センター", "url": "https://www.kaigokensaku.mhlw.go.jp/22/index.php?action_kouhyou_detail_004_kani=true&JigyosyoCd=2270100031-00&ServiceCd=780&Type=search", "url2": "https://www.kawazu-shakyo.com" }, "geometry": { "type": "Point", "coordinates": [ 138.987482099999966, 34.7572519 ] } },
{ "type": "Feature", "properties": { "内容": "社会福祉法人南寿会　デイサービス　バウム【地域密着型通所介護】静岡県賀茂郡河津町峰511-6", "url": "https://www.kaigokensaku.mhlw.go.jp/22/index.php?action_kouhyou_detail_004_kani=true&JigyosyoCd=2290100078-00&ServiceCd=780&Type=search", "url2": "http://sunsenior-kawazu.jp/" }, "geometry": { "type": "Point", "coordinates": [ 138.9841126, 34.7557924 ] } },
{ "type": "Feature", "properties": { "内容": "あったかデイサービスセンター【地域密着型通所介護】静岡県賀茂郡南伊豆町下賀茂177-1", "url": "https://www.kaigokensaku.mhlw.go.jp/22/index.php?action_kouhyou_detail_004_kani=true&JigyosyoCd=2270100577-00&ServiceCd=780&Type=search", "url2": null }, "geometry": { "type": "Point", "coordinates": [ 138.863658928459245, 34.651077730168197 ] } },
{ "type": "Feature", "properties": { "内容": "デイサービス・オリーブハウス【地域密着型通所介護】賀茂郡松崎町松崎65-7", "url": "https://www.kaigokensaku.mhlw.go.jp/22/index.php?action_kouhyou_detail_004_kani=true&JigyosyoCd=2270100361-00&ServiceCd=780&Type=search", "url2": "http://ageless.fun/" }, "geometry": { "type": "Point", "coordinates": [ 138.7791317, 34.7497773 ] } },
{ "type": "Feature", "properties": { "内容": "寄り場【地域密着型通所介護】静岡県賀茂郡西伊豆町宇久須３１２番地１", "url": "https://www.kaigokensaku.mhlw.go.jp/22/index.php?action_kouhyou_detail_004_kani=true&JigyosyoCd=2270100759-00&ServiceCd=780&Type=search", "url2": null }, "geometry": { "type": "Point", "coordinates": [ 138.774487, 34.846956 ] } },
{ "type": "Feature", "properties": { "内容": "みんなの家【地域密着型通所介護】静岡県賀茂郡西伊豆町中７４５－３", "url": "https://www.kaigokensaku.mhlw.go.jp/22/index.php?action_kouhyou_detail_004_kani=true&JigyosyoCd=2270100114-00&ServiceCd=780&Type=search", "url2": "http://rakutabist.com/" }, "geometry": { "type": "Point", "coordinates": [ 138.782141799999977, 34.7745955 ] } },
{ "type": "Feature", "properties": { "内容": "R.Yデイリハビリセンター【地域密着型通所介護】静岡県賀茂郡西伊豆町仁科521-1", "url": "https://www.kaigokensaku.mhlw.go.jp/22/index.php?action_kouhyou_detail_004_kani=true&JigyosyoCd=2270100379-00&ServiceCd=780&Type=search", "url2": "https://tanagokoro.site/" }, "geometry": { "type": "Point", "coordinates": [ 138.779236699999956, 34.7677792 ] } },
{ "type": "Feature", "properties": { "内容": "ヒストリア【地域密着型通所介護】静岡県賀茂郡西伊豆町仁科202-1", "url": "https://www.kaigokensaku.mhlw.go.jp/22/index.php?action_kouhyou_detail_004_kani=true&JigyosyoCd=2290100060-00&ServiceCd=780&Type=search", "url2": "http://www.richfield.co.jp/index.html" }, "geometry": { "type": "Point", "coordinates": [ 138.779353921495812, 34.770366803797202 ] } },
{ "type": "Feature", "properties": { "内容": "ル・グランハート函南【地域密着型通所介護】静岡県田方郡函南町間宮７３４－３", "url": "https://www.kaigokensaku.mhlw.go.jp/22/index.php?action_kouhyou_detail_004_kani=true&JigyosyoCd=2270300862-00&ServiceCd=780&Type=search", "url2": "https://www.le-grand-gp.jp" }, "geometry": { "type": "Point", "coordinates": [ 138.940455899999961, 35.0838704 ] } },
{ "type": "Feature", "properties": { "内容": "通所介護　えるなな函南【地域密着型通所介護】静岡県田方郡函南町柏谷330-8", "url": "https://www.kaigokensaku.mhlw.go.jp/22/index.php?action_kouhyou_detail_004_kani=true&JigyosyoCd=2290300066-00&ServiceCd=780&Type=search", "url2": "http://www.layer-seven.co.jp/erunana/" }, "geometry": { "type": "Point", "coordinates": [ 138.951599499999986, 35.0803256 ] } },
{ "type": "Feature", "properties": { "内容": "ケアアシスト　ル・ソレイユ函南【地域密着型通所介護】静岡県田方郡函南町間宮760-3", "url": "https://www.kaigokensaku.mhlw.go.jp/22/index.php?action_kouhyou_detail_004_kani=true&JigyosyoCd=2290300074-00&ServiceCd=780&Type=search", "url2": "http://care-soleil.com/" }, "geometry": { "type": "Point", "coordinates": [ 138.942767289549266, 35.084552092452277 ] } },
{ "type": "Feature", "properties": { "内容": "おいでいーらダイヤランド校【地域密着型通所介護】函南町平井１７５３の９９０", "url": "https://www.kaigokensaku.mhlw.go.jp/22/index.php?action_kouhyou_detail_004_kani=true&JigyosyoCd=2270300920-00&ServiceCd=780&Type=search", "url2": null }, "geometry": { "type": "Point", "coordinates": [ 139.011416560184074, 35.083161970038709 ] } },
{ "type": "Feature", "properties": { "内容": "芽ぶき介護センター【地域密着型通所介護】田方郡函南町平井1740-1694", "url": "https://www.kaigokensaku.mhlw.go.jp/22/index.php?action_kouhyou_detail_004_kani=true&JigyosyoCd=2270300193-00&ServiceCd=780&Type=search", "url2": "http://npo-mebuki.jimdo.com" }, "geometry": { "type": "Point", "coordinates": [ 139.001175699999976, 35.0870687 ] } },
{ "type": "Feature", "properties": { "内容": "デイサービス　なかよし【地域密着型通所介護】静岡県駿東郡清水町徳倉４４０－８", "url": "https://www.kaigokensaku.mhlw.go.jp/22/index.php?action_kouhyou_detail_004_kani=true&JigyosyoCd=2271300564-00&ServiceCd=780&Type=search", "url2": null }, "geometry": { "type": "Point", "coordinates": [ 138.896540499999986, 35.0826864 ] } },
{ "type": "Feature", "properties": { "内容": "comrade清水町【地域密着型通所介護】静岡県駿東郡清水町徳倉４３１番地", "url": "https://www.kaigokensaku.mhlw.go.jp/22/index.php?action_kouhyou_detail_004_kani=true&JigyosyoCd=2291300255-00&ServiceCd=780&Type=search", "url2": "https://comrade2024.my.canva.site/dag0dszhtre" }, "geometry": { "type": "Point", "coordinates": [ 138.896297, 35.0822227 ] } },
{ "type": "Feature", "properties": { "内容": "通所介護しおん【地域密着型通所介護】駿東郡清水町徳倉405-6", "url": "https://www.kaigokensaku.mhlw.go.jp/22/index.php?action_kouhyou_detail_004_kani=true&JigyosyoCd=2271300119-00&ServiceCd=780&Type=search", "url2": "http://www.yuuwakai-k.com" }, "geometry": { "type": "Point", "coordinates": [ 138.89780705319518, 35.082078249194446 ] } },
{ "type": "Feature", "properties": { "内容": "デイサービスセンターかわせみ【地域密着型通所介護】駿東郡清水町的場188-6", "url": "https://www.kaigokensaku.mhlw.go.jp/22/index.php?action_kouhyou_detail_004_kani=true&JigyosyoCd=2271300176-00&ServiceCd=780&Type=search", "url2": "http://www.kawasemi.or.jp" }, "geometry": { "type": "Point", "coordinates": [ 138.906828200000064, 35.0870889 ] } },
{ "type": "Feature", "properties": { "内容": "トレーニングデイサービスあんび【地域密着型通所介護】静岡県駿東郡清水町新宿206", "url": "https://www.kaigokensaku.mhlw.go.jp/22/index.php?action_kouhyou_detail_004_kani=true&JigyosyoCd=2271300754-00&ServiceCd=780&Type=search", "url2": "http://www.ambi-m-lab.com" }, "geometry": { "type": "Point", "coordinates": [ 138.9032168, 35.1165916 ] } },
{ "type": "Feature", "properties": { "内容": "デイサービスそら八幡【地域密着型通所介護】駿東郡清水町八幡317", "url": "https://www.kaigokensaku.mhlw.go.jp/22/index.php?action_kouhyou_detail_004_kani=true&JigyosyoCd=2291300198-00&ServiceCd=780&Type=search", "url2": "https://specs-sora.jp/" }, "geometry": { "type": "Point", "coordinates": [ 138.8932127, 35.1087998 ] } },
{ "type": "Feature", "properties": { "内容": "デイサービス　みどりの屋根【地域密着型通所介護】静岡県駿東郡長泉町上土狩４５２－７", "url": "https://www.kaigokensaku.mhlw.go.jp/22/index.php?action_kouhyou_detail_004_kani=true&JigyosyoCd=2291300123-00&ServiceCd=780&Type=search", "url2": "http://hp.kaipoke.biz/nrb/" }, "geometry": { "type": "Point", "coordinates": [ 138.900244599999951, 35.140244899999978 ] } },
{ "type": "Feature", "properties": { "内容": "弐番館【地域密着型通所介護】南一色181-1", "url": "https://www.kaigokensaku.mhlw.go.jp/22/index.php?action_kouhyou_detail_004_kani=true&JigyosyoCd=2291300149-00&ServiceCd=780&Type=search", "url2": null }, "geometry": { "type": "Point", "coordinates": [ 138.8975989, 35.1562571 ] } },
{ "type": "Feature", "properties": { "内容": "機能訓練型デイサービスEast-one長泉【地域密着型通所介護】静岡県駿東郡長泉町下土狩378-24　エイカクビル1階エイカクビル１階", "url": "https://www.kaigokensaku.mhlw.go.jp/22/index.php?action_kouhyou_detail_004_kani=true&JigyosyoCd=2291300131-00&ServiceCd=780&Type=search", "url2": "https://www.breams-eastone.com/" }, "geometry": { "type": "Point", "coordinates": [ 138.8986218, 35.123604600000021 ] } },
{ "type": "Feature", "properties": { "内容": "通所介護えるなな【地域密着型通所介護】静岡県駿東郡長泉町下土狩１３４７－１４まほろば　２F", "url": "https://www.kaigokensaku.mhlw.go.jp/22/index.php?action_kouhyou_detail_004_kani=true&JigyosyoCd=2271300762-00&ServiceCd=780&Type=search", "url2": "http://www.layer-seven.co.jp/erunana/" }, "geometry": { "type": "Point", "coordinates": [ 138.898011399999973, 35.1281433 ] } },
{ "type": "Feature", "properties": { "内容": "長泉町在宅福祉総合センターいずみの郷デイサービスセンター【地域密着型通所介護】駿東郡長泉町下土狩971番地", "url": "https://www.kaigokensaku.mhlw.go.jp/22/index.php?action_kouhyou_detail_004_kani=true&JigyosyoCd=2291300172-00&ServiceCd=780&Type=search", "url2": "http://nagaizumi-shakyo.jp/" }, "geometry": { "type": "Point", "coordinates": [ 138.893838, 35.1379839 ] } },
{ "type": "Feature", "properties": { "内容": "地域密着型デイサービスきずなの郷【地域密着型通所介護】静岡県駿東郡長泉町納米里251番地の1サービス付き高齢者向け住宅きずなの郷", "url": "https://www.kaigokensaku.mhlw.go.jp/22/index.php?action_kouhyou_detail_004_kani=true&JigyosyoCd=2291300081-00&ServiceCd=780&Type=search", "url2": "http://syouen.co.jp" }, "geometry": { "type": "Point", "coordinates": [ 138.897947, 35.146122 ] } },
{ "type": "Feature", "properties": { "内容": "駅中トレーニング倶楽部【地域密着型通所介護】下土狩１２８６番地の１７", "url": "https://www.kaigokensaku.mhlw.go.jp/22/index.php?action_kouhyou_detail_004_kani=true&JigyosyoCd=2271300606-00&ServiceCd=780&Type=search", "url2": null }, "geometry": { "type": "Point", "coordinates": [ 138.895704447221277, 35.129957437064661 ] } },
{ "type": "Feature", "properties": { "内容": "優しさ【地域密着型通所介護】静岡県榛原郡吉田町神戸７０－１", "url": "https://www.kaigokensaku.mhlw.go.jp/22/index.php?action_kouhyou_detail_004_kani=true&JigyosyoCd=2295500082-00&ServiceCd=780&Type=search", "url2": null }, "geometry": { "type": "Point", "coordinates": [ 138.254485430688419, 34.785792407226566 ] } },
{ "type": "Feature", "properties": { "内容": "デイサービスかわね【地域密着型通所介護】静岡県榛原郡川根本町下長尾262", "url": "https://www.kaigokensaku.mhlw.go.jp/22/index.php?action_kouhyou_detail_004_kani=true&JigyosyoCd=2295500124-00&ServiceCd=780&Type=search", "url2": null }, "geometry": { "type": "Point", "coordinates": [ 138.0839078, 35.0448579 ] } },
{ "type": "Feature", "properties": { "内容": "中川根デイサービスセンター【地域密着型通所介護】静岡県榛原郡川根本町上長尾990番地中川根高齢者デイサービスセンター", "url": "https://www.kaigokensaku.mhlw.go.jp/22/index.php?action_kouhyou_detail_004_kani=true&JigyosyoCd=2295500116-00&ServiceCd=780&Type=search", "url2": "http:/kh-syakyo.com/" }, "geometry": { "type": "Point", "coordinates": [ 138.0809344, 35.0436019 ] } },
{ "type": "Feature", "properties": { "内容": "リハビリ特化型デイサービスみずかわ【地域密着型通所介護】静岡県榛原郡川根本町水川295", "url": "https://www.kaigokensaku.mhlw.go.jp/22/index.php?action_kouhyou_detail_004_kani=true&JigyosyoCd=2295500108-00&ServiceCd=780&Type=search", "url2": null }, "geometry": { "type": "Point", "coordinates": [ 138.1023907, 35.0644804 ] } },
{ "type": "Feature", "properties": { "内容": "第２ゆるせい家【地域密着型通所介護】周智郡森町森1792-3", "url": "https://www.kaigokensaku.mhlw.go.jp/22/index.php?action_kouhyou_detail_004_kani=true&JigyosyoCd=2276300122-00&ServiceCd=780&Type=search", "url2": "https://yuruseiya.com/" }, "geometry": { "type": "Point", "coordinates": [ 137.919722200000024, 34.8331551 ] } },
{ "type": "Feature", "properties": { "内容": "第１ゆるせい家【地域密着型通所介護】静岡県周智郡森町飯田4018-26", "url": "https://www.kaigokensaku.mhlw.go.jp/22/index.php?action_kouhyou_detail_004_kani=true&JigyosyoCd=2276300114-00&ServiceCd=780&Type=search", "url2": "https://yuruseiya.com/" }, "geometry": { "type": "Point", "coordinates": [ 137.92161150000004, 34.8144824 ] } },
{ "type": "Feature", "properties": { "内容": "デイサービス　フォレスト【地域密着型通所介護】静岡県周智郡森町中川881番地1シルバーハウスもりまち", "url": "https://www.kaigokensaku.mhlw.go.jp/22/index.php?action_kouhyou_detail_004_kani=true&JigyosyoCd=2296300086-00&ServiceCd=780&Type=search", "url2": null }, "geometry": { "type": "Point", "coordinates": [ 137.894459500000011, 34.800379 ] } },
{ "type": "Feature", "properties": { "内容": "ゆうゆうの家【地域密着型通所介護】静岡県周智郡森町一宮4050番地", "url": "https://www.kaigokensaku.mhlw.go.jp/22/index.php?action_kouhyou_detail_004_kani=true&JigyosyoCd=2296300094-00&ServiceCd=780&Type=search", "url2": null }, "geometry": { "type": "Point", "coordinates": [ 137.8999613, 34.8324386 ] } }
]
}
