{
"type": "FeatureCollection",
"name": "geo_22_3",
"crs": { "type": "name", "properties": { "name": "urn:ogc:def:crs:OGC:1.3:CRS84" } },
"features": [
{ "type": "Feature", "properties": { "ID": 2232220209360, "正式名称": "浜松ルアナ歯科医院", "機関区分": 3, "都道府県コード": 22, "市区町村コード": 138, "所在地": "静岡県浜松市中央区西伊場町７９－４", "緯度": 34.698589, "経度": 137.703522, "url": "https://www.iryou.teikyouseido.mhlw.go.jp/znk-web/juminkanja/S2430/initialize?prefCd=22&kikanCd=2220209360&kikanKbn=3", "url2": "https://www.luana-dentalclinic.com/", "内容": "浜松ルアナ歯科医院【3:歯科】静岡県浜松市中央区西伊場町７９－４" }, "geometry": { "type": "Point", "coordinates": [ 137.703522, 34.698589 ] } },
{ "type": "Feature", "properties": { "ID": 2232232310256, "正式名称": "ひだまり歯科クリニック", "機関区分": 3, "都道府県コード": 22, "市区町村コード": 210, "所在地": "静岡県富士市今泉２－１０－１５ひだまり歯科クリニック", "緯度": 35.165122, "経度": 138.695492, "url": "https://www.iryou.teikyouseido.mhlw.go.jp/znk-web/juminkanja/S2430/initialize?prefCd=22&kikanCd=2232310256&kikanKbn=3", "url2": "https://www.hidamaridental.com/", "内容": "ひだまり歯科クリニック【3:歯科】静岡県富士市今泉２－１０－１５ひだまり歯科クリニック" }, "geometry": { "type": "Point", "coordinates": [ 138.695492, 35.165122 ] } },
{ "type": "Feature", "properties": { "ID": 2233220100190, "正式名称": "わかお矯正歯科", "機関区分": 3, "都道府県コード": 22, "市区町村コード": 101, "所在地": "静岡県静岡市葵区伝馬町１１－３　迦葉館２Ｆ", "緯度": 34.973963, "経度": 138.388585, "url": "https://www.iryou.teikyouseido.mhlw.go.jp/znk-web/juminkanja/S2430/initialize?prefCd=22&kikanCd=3220100190&kikanKbn=3", "url2": "http://www.wakao.jp", "内容": "わかお矯正歯科【3:歯科】静岡県静岡市葵区伝馬町１１－３　迦葉館２Ｆ" }, "geometry": { "type": "Point", "coordinates": [ 138.388585, 34.973963 ] } },
{ "type": "Feature", "properties": { "ID": 2233220100220, "正式名称": "かわした歯科クリニック", "機関区分": 3, "都道府県コード": 22, "市区町村コード": 101, "所在地": "静岡県静岡市葵区鷹匠一丁目３番１１号", "緯度": 34.976358, "経度": 138.38691, "url": "https://www.iryou.teikyouseido.mhlw.go.jp/znk-web/juminkanja/S2430/initialize?prefCd=22&kikanCd=3220100220&kikanKbn=3", "url2": "http://www.kawashita-shika.com/", "内容": "かわした歯科クリニック【3:歯科】静岡県静岡市葵区鷹匠一丁目３番１１号" }, "geometry": { "type": "Point", "coordinates": [ 138.38691, 34.976358 ] } },
{ "type": "Feature", "properties": { "ID": 2233220100350, "正式名称": "太田歯科クリニック", "機関区分": 3, "都道府県コード": 22, "市区町村コード": 101, "所在地": "静岡県静岡市葵区安東二丁目２１－２３", "緯度": 34.987635, "経度": 138.382243, "url": "https://www.iryou.teikyouseido.mhlw.go.jp/znk-web/juminkanja/S2430/initialize?prefCd=22&kikanCd=3220100350&kikanKbn=3", "url2": "http://www.ohta-dc.com", "内容": "太田歯科クリニック【3:歯科】静岡県静岡市葵区安東二丁目２１－２３" }, "geometry": { "type": "Point", "coordinates": [ 138.382243, 34.987635 ] } },
{ "type": "Feature", "properties": { "ID": 2233220100480, "正式名称": "つかもと歯科", "機関区分": 3, "都道府県コード": 22, "市区町村コード": 101, "所在地": "静岡県静岡市葵区柚木９０－９　ＭＳビル２階", "緯度": 34.980441, "経度": 138.405603, "url": "https://www.iryou.teikyouseido.mhlw.go.jp/znk-web/juminkanja/S2430/initialize?prefCd=22&kikanCd=3220100480&kikanKbn=3", "url2": null, "内容": "つかもと歯科【3:歯科】静岡県静岡市葵区柚木９０－９　ＭＳビル２階" }, "geometry": { "type": "Point", "coordinates": [ 138.405603, 34.980441 ] } },
{ "type": "Feature", "properties": { "ID": 2233220100510, "正式名称": "静岡市障害者歯科保健センター", "機関区分": 3, "都道府県コード": 22, "市区町村コード": 101, "所在地": "静岡県静岡市葵区城東町２４－１　城東保健福祉エリア保健所棟", "緯度": 34.986211, "経度": 138.387609, "url": "https://www.iryou.teikyouseido.mhlw.go.jp/znk-web/juminkanja/S2430/initialize?prefCd=22&kikanCd=3220100510&kikanKbn=3", "url2": "https://www.city.shizuoka.lg.jp/000_003498.html", "内容": "静岡市障害者歯科保健センター【3:歯科】静岡県静岡市葵区城東町２４－１　城東保健福祉エリア保健所棟" }, "geometry": { "type": "Point", "coordinates": [ 138.387609, 34.986211 ] } },
{ "type": "Feature", "properties": { "ID": 2233220100930, "正式名称": "うちの歯科クリニック", "機関区分": 3, "都道府県コード": 22, "市区町村コード": 101, "所在地": "静岡県静岡市葵区駒形通三丁目２－９", "緯度": 34.96788, "経度": 138.37671, "url": "https://www.iryou.teikyouseido.mhlw.go.jp/znk-web/juminkanja/S2430/initialize?prefCd=22&kikanCd=3220100930&kikanKbn=3", "url2": null, "内容": "うちの歯科クリニック【3:歯科】静岡県静岡市葵区駒形通三丁目２－９" }, "geometry": { "type": "Point", "coordinates": [ 138.37671, 34.96788 ] } },
{ "type": "Feature", "properties": { "ID": 2233220101070, "正式名称": "医療法人社団　藤誠会　近藤歯科医院", "機関区分": 3, "都道府県コード": 22, "市区町村コード": 102, "所在地": "静岡県静岡市駿河区手越１２２－５", "緯度": 34.952194, "経度": 138.362024, "url": "https://www.iryou.teikyouseido.mhlw.go.jp/znk-web/juminkanja/S2430/initialize?prefCd=22&kikanCd=3220101070&kikanKbn=3", "url2": null, "内容": "医療法人社団　藤誠会　近藤歯科医院【3:歯科】静岡県静岡市駿河区手越１２２－５" }, "geometry": { "type": "Point", "coordinates": [ 138.362024, 34.952194 ] } },
{ "type": "Feature", "properties": { "ID": 2233220101100, "正式名称": "アップル矯正歯科医院", "機関区分": 3, "都道府県コード": 22, "市区町村コード": 102, "所在地": "静岡県静岡市駿河区北丸子二丁目４０－１１", "緯度": 34.951181, "経度": 138.337329, "url": "https://www.iryou.teikyouseido.mhlw.go.jp/znk-web/juminkanja/S2430/initialize?prefCd=22&kikanCd=3220101100&kikanKbn=3", "url2": "http://apple-kyosei.com/", "内容": "アップル矯正歯科医院【3:歯科】静岡県静岡市駿河区北丸子二丁目４０－１１" }, "geometry": { "type": "Point", "coordinates": [ 138.337329, 34.951181 ] } },
{ "type": "Feature", "properties": { "ID": 2233220101230, "正式名称": "ビタミンＥ歯科", "機関区分": 3, "都道府県コード": 22, "市区町村コード": 103, "所在地": "静岡県静岡市清水区春日一丁目２番１７号", "緯度": 35.012044, "経度": 138.475643, "url": "https://www.iryou.teikyouseido.mhlw.go.jp/znk-web/juminkanja/S2430/initialize?prefCd=22&kikanCd=3220101230&kikanKbn=3", "url2": "http://1-abc.com/", "内容": "ビタミンＥ歯科【3:歯科】静岡県静岡市清水区春日一丁目２番１７号" }, "geometry": { "type": "Point", "coordinates": [ 138.475643, 35.012044 ] } },
{ "type": "Feature", "properties": { "ID": 2233220101360, "正式名称": "新清水歯科クリニック", "機関区分": 3, "都道府県コード": 22, "市区町村コード": 103, "所在地": "静岡県静岡市清水区島崎町６番３６号", "緯度": 35.017796, "経度": 138.489763, "url": "https://www.iryou.teikyouseido.mhlw.go.jp/znk-web/juminkanja/S2430/initialize?prefCd=22&kikanCd=3220101360&kikanKbn=3", "url2": "matunaga1218", "内容": "新清水歯科クリニック【3:歯科】静岡県静岡市清水区島崎町６番３６号" }, "geometry": { "type": "Point", "coordinates": [ 138.489763, 35.017796 ] } },
{ "type": "Feature", "properties": { "ID": 2233220101490, "正式名称": "安藤歯科クリニック", "機関区分": 3, "都道府県コード": 22, "市区町村コード": 103, "所在地": "静岡県静岡市清水区木の下町２１３", "緯度": 35.004079, "経度": 138.467957, "url": "https://www.iryou.teikyouseido.mhlw.go.jp/znk-web/juminkanja/S2430/initialize?prefCd=22&kikanCd=3220101490&kikanKbn=3", "url2": "htt://www.andoshika.jp/", "内容": "安藤歯科クリニック【3:歯科】静岡県静岡市清水区木の下町２１３" }, "geometry": { "type": "Point", "coordinates": [ 138.467957, 35.004079 ] } },
{ "type": "Feature", "properties": { "ID": 2233220101520, "正式名称": "松崎デンタルオフィス", "機関区分": 3, "都道府県コード": 22, "市区町村コード": 102, "所在地": "静岡県静岡市駿河区石田一丁目３番２１号", "緯度": 34.961221, "経度": 138.399354, "url": "https://www.iryou.teikyouseido.mhlw.go.jp/znk-web/juminkanja/S2430/initialize?prefCd=22&kikanCd=3220101520&kikanKbn=3", "url2": "http://www.matsuzaki-dental.jp/", "内容": "松崎デンタルオフィス【3:歯科】静岡県静岡市駿河区石田一丁目３番２１号" }, "geometry": { "type": "Point", "coordinates": [ 138.399354, 34.961221 ] } },
{ "type": "Feature", "properties": { "ID": 2233220101650, "正式名称": "長沼歯科クリニック", "機関区分": 3, "都道府県コード": 22, "市区町村コード": 101, "所在地": "静岡県静岡市葵区長沼二丁目１４－３", "緯度": 34.991452, "経度": 138.413539, "url": "https://www.iryou.teikyouseido.mhlw.go.jp/znk-web/juminkanja/S2430/initialize?prefCd=22&kikanCd=3220101650&kikanKbn=3", "url2": null, "内容": "長沼歯科クリニック【3:歯科】静岡県静岡市葵区長沼二丁目１４－３" }, "geometry": { "type": "Point", "coordinates": [ 138.413539, 34.991452 ] } },
{ "type": "Feature", "properties": { "ID": 2233220101780, "正式名称": "エガワ歯科医院", "機関区分": 3, "都道府県コード": 22, "市区町村コード": 103, "所在地": "静岡県静岡市清水区梅田町２－１", "緯度": 35.007794, "経度": 138.487414, "url": "https://www.iryou.teikyouseido.mhlw.go.jp/znk-web/juminkanja/S2430/initialize?prefCd=22&kikanCd=3220101780&kikanKbn=3", "url2": "http://www.418.co.jp/egawashika/", "内容": "エガワ歯科医院【3:歯科】静岡県静岡市清水区梅田町２－１" }, "geometry": { "type": "Point", "coordinates": [ 138.487414, 35.007794 ] } },
{ "type": "Feature", "properties": { "ID": 2233220101940, "正式名称": "ふくま歯科クリニック", "機関区分": 3, "都道府県コード": 22, "市区町村コード": 102, "所在地": "静岡県静岡市駿河区馬渕四丁目１１－１０", "緯度": 34.959372, "経度": 138.391144, "url": "https://www.iryou.teikyouseido.mhlw.go.jp/znk-web/juminkanja/S2430/initialize?prefCd=22&kikanCd=3220101940&kikanKbn=3", "url2": "http://www.fukuma-dc.com", "内容": "ふくま歯科クリニック【3:歯科】静岡県静岡市駿河区馬渕四丁目１１－１０" }, "geometry": { "type": "Point", "coordinates": [ 138.391144, 34.959372 ] } },
{ "type": "Feature", "properties": { "ID": 2233220102080, "正式名称": "こじま歯科医院", "機関区分": 3, "都道府県コード": 22, "市区町村コード": 103, "所在地": "静岡県静岡市清水区岡町３－２３", "緯度": 35.009036, "経度": 138.484992, "url": "https://www.iryou.teikyouseido.mhlw.go.jp/znk-web/juminkanja/S2430/initialize?prefCd=22&kikanCd=3220102080&kikanKbn=3", "url2": "www.kojima-dental-clinic.com", "内容": "こじま歯科医院【3:歯科】静岡県静岡市清水区岡町３－２３" }, "geometry": { "type": "Point", "coordinates": [ 138.484992, 35.009036 ] } },
{ "type": "Feature", "properties": { "ID": 2233220102110, "正式名称": "森本歯科クリニック", "機関区分": 3, "都道府県コード": 22, "市区町村コード": 101, "所在地": "静岡県静岡市葵区安東二丁目７番１３号", "緯度": 34.988079, "経度": 138.384993, "url": "https://www.iryou.teikyouseido.mhlw.go.jp/znk-web/juminkanja/S2430/initialize?prefCd=22&kikanCd=3220102110&kikanKbn=3", "url2": "https://www.morimoto-dc-shizuoka.com/", "内容": "森本歯科クリニック【3:歯科】静岡県静岡市葵区安東二丁目７番１３号" }, "geometry": { "type": "Point", "coordinates": [ 138.384993, 34.988079 ] } },
{ "type": "Feature", "properties": { "ID": 2233220102400, "正式名称": "小澤歯科医院", "機関区分": 3, "都道府県コード": 22, "市区町村コード": 101, "所在地": "静岡県静岡市葵区常磐町二丁目５－７", "緯度": 34.970747, "経度": 138.382605, "url": "https://www.iryou.teikyouseido.mhlw.go.jp/znk-web/juminkanja/S2430/initialize?prefCd=22&kikanCd=3220102400&kikanKbn=3", "url2": "http://www.ozawa-shika.jp/", "内容": "小澤歯科医院【3:歯科】静岡県静岡市葵区常磐町二丁目５－７" }, "geometry": { "type": "Point", "coordinates": [ 138.382605, 34.970747 ] } },
{ "type": "Feature", "properties": { "ID": 2233220102530, "正式名称": "城北公園歯科・口腔外科クリニック", "機関区分": 3, "都道府県コード": 22, "市区町村コード": 101, "所在地": "静岡県静岡市葵区丸山町１２　メゾン・ド・ブランシェ１０１", "緯度": 34.985163, "経度": 138.376355, "url": "https://www.iryou.teikyouseido.mhlw.go.jp/znk-web/juminkanja/S2430/initialize?prefCd=22&kikanCd=3220102530&kikanKbn=3", "url2": "www.jdental.jp", "内容": "城北公園歯科・口腔外科クリニック【3:歯科】静岡県静岡市葵区丸山町１２　メゾン・ド・ブランシェ１０１" }, "geometry": { "type": "Point", "coordinates": [ 138.376355, 34.985163 ] } },
{ "type": "Feature", "properties": { "ID": 2233220102660, "正式名称": "石井歯科クリニック", "機関区分": 3, "都道府県コード": 22, "市区町村コード": 102, "所在地": "静岡県静岡市駿河区池田８０５", "緯度": 34.979386, "経度": 138.424407, "url": "https://www.iryou.teikyouseido.mhlw.go.jp/znk-web/juminkanja/S2430/initialize?prefCd=22&kikanCd=3220102660&kikanKbn=3", "url2": "http://www.141dc.jp", "内容": "石井歯科クリニック【3:歯科】静岡県静岡市駿河区池田８０５" }, "geometry": { "type": "Point", "coordinates": [ 138.424407, 34.979386 ] } },
{ "type": "Feature", "properties": { "ID": 2233220102820, "正式名称": "やまぐち桂歯科医院", "機関区分": 3, "都道府県コード": 22, "市区町村コード": 101, "所在地": "静岡県静岡市葵区沓谷四丁目１－２３", "緯度": 34.994579, "経度": 138.405324, "url": "https://www.iryou.teikyouseido.mhlw.go.jp/znk-web/juminkanja/S2430/initialize?prefCd=22&kikanCd=3220102820&kikanKbn=3", "url2": "http://www.yk-dental.com/", "内容": "やまぐち桂歯科医院【3:歯科】静岡県静岡市葵区沓谷四丁目１－２３" }, "geometry": { "type": "Point", "coordinates": [ 138.405324, 34.994579 ] } },
{ "type": "Feature", "properties": { "ID": 2233220102950, "正式名称": "ＩＰソリューション　三共歯科", "機関区分": 3, "都道府県コード": 22, "市区町村コード": 101, "所在地": "静岡県静岡市葵区御幸町１１‐３０　エクセルワード静岡ビル　Ｂ１Ｆ", "緯度": 34.973442, "経度": 138.389104, "url": "https://www.iryou.teikyouseido.mhlw.go.jp/znk-web/juminkanja/S2430/initialize?prefCd=22&kikanCd=3220102950&kikanKbn=3", "url2": null, "内容": "ＩＰソリューション　三共歯科【3:歯科】静岡県静岡市葵区御幸町１１‐３０　エクセルワード静岡ビル　Ｂ１Ｆ" }, "geometry": { "type": "Point", "coordinates": [ 138.389104, 34.973442 ] } },
{ "type": "Feature", "properties": { "ID": 2233220103120, "正式名称": "あんぽ歯科医院", "機関区分": 3, "都道府県コード": 22, "市区町村コード": 102, "所在地": "静岡県静岡市駿河区西中原一丁目６－３３", "緯度": 34.957582, "経度": 138.3808, "url": "https://www.iryou.teikyouseido.mhlw.go.jp/znk-web/juminkanja/S2430/initialize?prefCd=22&kikanCd=3220103120&kikanKbn=3", "url2": null, "内容": "あんぽ歯科医院【3:歯科】静岡県静岡市駿河区西中原一丁目６－３３" }, "geometry": { "type": "Point", "coordinates": [ 138.3808, 34.957582 ] } },
{ "type": "Feature", "properties": { "ID": 2233220103380, "正式名称": "アヒルの子歯科", "機関区分": 3, "都道府県コード": 22, "市区町村コード": 101, "所在地": "静岡県静岡市葵区竜南一丁目１１番３４号", "緯度": 34.997189, "経度": 138.397325, "url": "https://www.iryou.teikyouseido.mhlw.go.jp/znk-web/juminkanja/S2430/initialize?prefCd=22&kikanCd=3220103380&kikanKbn=3", "url2": "http://www.ahirunoko.com/", "内容": "アヒルの子歯科【3:歯科】静岡県静岡市葵区竜南一丁目１１番３４号" }, "geometry": { "type": "Point", "coordinates": [ 138.397325, 34.997189 ] } },
{ "type": "Feature", "properties": { "ID": 2233220103410, "正式名称": "ｄｅｎｔａｌ　ｏｆｆｉｃｅ　ｋｏｍｕｋａｉ", "機関区分": 3, "都道府県コード": 22, "市区町村コード": 101, "所在地": "静岡県静岡市葵区東草深町２１－３", "緯度": 34.983413, "経度": 138.382493, "url": "https://www.iryou.teikyouseido.mhlw.go.jp/znk-web/juminkanja/S2430/initialize?prefCd=22&kikanCd=3220103410&kikanKbn=3", "url2": "http://www.komukai.jp/message/", "内容": "ｄｅｎｔａｌ　ｏｆｆｉｃｅ　ｋｏｍｕｋａｉ【3:歯科】静岡県静岡市葵区東草深町２１－３" }, "geometry": { "type": "Point", "coordinates": [ 138.382493, 34.983413 ] } },
{ "type": "Feature", "properties": { "ID": 2233220103700, "正式名称": "小高歯科医院", "機関区分": 3, "都道府県コード": 22, "市区町村コード": 103, "所在地": "静岡県静岡市清水区辻１－１５－３", "緯度": 35.024351, "経度": 138.488641, "url": "https://www.iryou.teikyouseido.mhlw.go.jp/znk-web/juminkanja/S2430/initialize?prefCd=22&kikanCd=3220103700&kikanKbn=3", "url2": "www.yamanoue-hospital.jp", "内容": "小高歯科医院【3:歯科】静岡県静岡市清水区辻１－１５－３" }, "geometry": { "type": "Point", "coordinates": [ 138.488641, 35.024351 ] } },
{ "type": "Feature", "properties": { "ID": 2233220103960, "正式名称": "医療法人社団ファイブスターズ　小児歯科矯正歯科　ＡＳＯ　ＫＩＤＳ　ＤＥＮＴＡＬ　ＰＡＲＫ", "機関区分": 3, "都道府県コード": 22, "市区町村コード": 102, "所在地": "静岡県静岡市駿河区栗原１５－１６", "緯度": 34.991473, "経度": 138.428231, "url": "https://www.iryou.teikyouseido.mhlw.go.jp/znk-web/juminkanja/S2430/initialize?prefCd=22&kikanCd=3220103960&kikanKbn=3", "url2": null, "内容": "医療法人社団ファイブスターズ　小児歯科矯正歯科　ＡＳＯ　ＫＩＤＳ　ＤＥＮＴＡＬ　ＰＡＲＫ【3:歯科】静岡県静岡市駿河区栗原１５－１６" }, "geometry": { "type": "Point", "coordinates": [ 138.428231, 34.991473 ] } },
{ "type": "Feature", "properties": { "ID": 2233220104130, "正式名称": "あおば歯科クリニック", "機関区分": 3, "都道府県コード": 22, "市区町村コード": 101, "所在地": "静岡県静岡市葵区緑町７－１８", "緯度": 34.988816, "経度": 138.393072, "url": "https://www.iryou.teikyouseido.mhlw.go.jp/znk-web/juminkanja/S2430/initialize?prefCd=22&kikanCd=3220104130&kikanKbn=3", "url2": "https://www.aoba-dc.info", "内容": "あおば歯科クリニック【3:歯科】静岡県静岡市葵区緑町７－１８" }, "geometry": { "type": "Point", "coordinates": [ 138.393072, 34.988816 ] } },
{ "type": "Feature", "properties": { "ID": 2233220104550, "正式名称": "ＭＯＴＯデンタルクリニック", "機関区分": 3, "都道府県コード": 22, "市区町村コード": 103, "所在地": "静岡県静岡市清水区渋川２７８番地の３", "緯度": 35.014446, "経度": 138.465341, "url": "https://www.iryou.teikyouseido.mhlw.go.jp/znk-web/juminkanja/S2430/initialize?prefCd=22&kikanCd=3220104550&kikanKbn=3", "url2": "http://www.moto-dental.com/", "内容": "ＭＯＴＯデンタルクリニック【3:歯科】静岡県静岡市清水区渋川２７８番地の３" }, "geometry": { "type": "Point", "coordinates": [ 138.465341, 35.014446 ] } },
{ "type": "Feature", "properties": { "ID": 2233220104680, "正式名称": "太陽歯科", "機関区分": 3, "都道府県コード": 22, "市区町村コード": 103, "所在地": "静岡県静岡市清水区大坪二丁目５番３８号　大村ビル１階", "緯度": 35.010712, "経度": 138.468985, "url": "https://www.iryou.teikyouseido.mhlw.go.jp/znk-web/juminkanja/S2430/initialize?prefCd=22&kikanCd=3220104680&kikanKbn=3", "url2": "http://www.shimizuootubo4240847.cihp2.jp", "内容": "太陽歯科【3:歯科】静岡県静岡市清水区大坪二丁目５番３８号　大村ビル１階" }, "geometry": { "type": "Point", "coordinates": [ 138.468985, 35.010712 ] } },
{ "type": "Feature", "properties": { "ID": 2233220104840, "正式名称": "かくた歯科医院", "機関区分": 3, "都道府県コード": 22, "市区町村コード": 102, "所在地": "静岡県静岡市駿河区宮竹２－１６－２２", "緯度": 34.952557, "経度": 138.419482, "url": "https://www.iryou.teikyouseido.mhlw.go.jp/znk-web/juminkanja/S2430/initialize?prefCd=22&kikanCd=3220104840&kikanKbn=3", "url2": null, "内容": "かくた歯科医院【3:歯科】静岡県静岡市駿河区宮竹２－１６－２２" }, "geometry": { "type": "Point", "coordinates": [ 138.419482, 34.952557 ] } },
{ "type": "Feature", "properties": { "ID": 2233220104970, "正式名称": "坂本歯科医院", "機関区分": 3, "都道府県コード": 22, "市区町村コード": 103, "所在地": "静岡県静岡市清水区小島町２５６番地の１", "緯度": 35.084366, "経度": 138.513346, "url": "https://www.iryou.teikyouseido.mhlw.go.jp/znk-web/juminkanja/S2430/initialize?prefCd=22&kikanCd=3220104970&kikanKbn=3", "url2": "ireba-nikoniko.com/", "内容": "坂本歯科医院【3:歯科】静岡県静岡市清水区小島町２５６番地の１" }, "geometry": { "type": "Point", "coordinates": [ 138.513346, 35.084366 ] } },
{ "type": "Feature", "properties": { "ID": 2233220105010, "正式名称": "中舘歯科診療所", "機関区分": 3, "都道府県コード": 22, "市区町村コード": 101, "所在地": "静岡県静岡市葵区新通１－８－１８", "緯度": 34.968692, "経度": 138.375522, "url": "https://www.iryou.teikyouseido.mhlw.go.jp/znk-web/juminkanja/S2430/initialize?prefCd=22&kikanCd=3220105010&kikanKbn=3", "url2": "https://nakadateshika.website", "内容": "中舘歯科診療所【3:歯科】静岡県静岡市葵区新通１－８－１８" }, "geometry": { "type": "Point", "coordinates": [ 138.375522, 34.968692 ] } },
{ "type": "Feature", "properties": { "ID": 2233220105430, "正式名称": "たなか歯科クリニック", "機関区分": 3, "都道府県コード": 22, "市区町村コード": 102, "所在地": "静岡県静岡市駿河区高松１８１７－１", "緯度": 34.949432, "経度": 138.425109, "url": "https://www.iryou.teikyouseido.mhlw.go.jp/znk-web/juminkanja/S2430/initialize?prefCd=22&kikanCd=3220105430&kikanKbn=3", "url2": "http://itp.ne.jp", "内容": "たなか歯科クリニック【3:歯科】静岡県静岡市駿河区高松１８１７－１" }, "geometry": { "type": "Point", "coordinates": [ 138.425109, 34.949432 ] } },
{ "type": "Feature", "properties": { "ID": 2233220105560, "正式名称": "駿河デンタルオフィス　静岡マイクロスコープ歯科", "機関区分": 3, "都道府県コード": 22, "市区町村コード": 102, "所在地": "静岡県静岡市駿河区馬渕３－７－２０", "緯度": 34.965213, "経度": 138.388695, "url": "https://www.iryou.teikyouseido.mhlw.go.jp/znk-web/juminkanja/S2430/initialize?prefCd=22&kikanCd=3220105560&kikanKbn=3", "url2": "http://www.suruga-dental.com/", "内容": "駿河デンタルオフィス　静岡マイクロスコープ歯科【3:歯科】静岡県静岡市駿河区馬渕３－７－２０" }, "geometry": { "type": "Point", "coordinates": [ 138.388695, 34.965213 ] } },
{ "type": "Feature", "properties": { "ID": 2233220105690, "正式名称": "スミス歯科医院", "機関区分": 3, "都道府県コード": 22, "市区町村コード": 102, "所在地": "静岡県静岡市駿河区東新田一丁目１番４６号", "緯度": 34.953967, "経度": 138.369767, "url": "https://www.iryou.teikyouseido.mhlw.go.jp/znk-web/juminkanja/S2430/initialize?prefCd=22&kikanCd=3220105690&kikanKbn=3", "url2": null, "内容": "スミス歯科医院【3:歯科】静岡県静岡市駿河区東新田一丁目１番４６号" }, "geometry": { "type": "Point", "coordinates": [ 138.369767, 34.953967 ] } },
{ "type": "Feature", "properties": { "ID": 2233220105720, "正式名称": "ひらたデンタルクリニック", "機関区分": 3, "都道府県コード": 22, "市区町村コード": 102, "所在地": "静岡県静岡市駿河区曲金七丁目９番３３号", "緯度": 34.980732, "経度": 138.416323, "url": "https://www.iryou.teikyouseido.mhlw.go.jp/znk-web/juminkanja/S2430/initialize?prefCd=22&kikanCd=3220105720&kikanKbn=3", "url2": "http://www.hirata-dental.biz", "内容": "ひらたデンタルクリニック【3:歯科】静岡県静岡市駿河区曲金七丁目９番３３号" }, "geometry": { "type": "Point", "coordinates": [ 138.416323, 34.980732 ] } },
{ "type": "Feature", "properties": { "ID": 2233220105850, "正式名称": "ひろ歯科クリニック", "機関区分": 3, "都道府県コード": 22, "市区町村コード": 102, "所在地": "静岡県静岡市駿河区曲金六丁目４番２０－１０１号", "緯度": 34.981684, "経度": 138.413251, "url": "https://www.iryou.teikyouseido.mhlw.go.jp/znk-web/juminkanja/S2430/initialize?prefCd=22&kikanCd=3220105850&kikanKbn=3", "url2": "http://hirodental-c.com/", "内容": "ひろ歯科クリニック【3:歯科】静岡県静岡市駿河区曲金六丁目４番２０－１０１号" }, "geometry": { "type": "Point", "coordinates": [ 138.413251, 34.981684 ] } },
{ "type": "Feature", "properties": { "ID": 2233220105980, "正式名称": "澤野歯科クリニック", "機関区分": 3, "都道府県コード": 22, "市区町村コード": 102, "所在地": "静岡県静岡市駿河区寺田１１１番地の３", "緯度": 34.939966, "経度": 138.358841, "url": "https://www.iryou.teikyouseido.mhlw.go.jp/znk-web/juminkanja/S2430/initialize?prefCd=22&kikanCd=3220105980&kikanKbn=3", "url2": "sawano-dental.com", "内容": "澤野歯科クリニック【3:歯科】静岡県静岡市駿河区寺田１１１番地の３" }, "geometry": { "type": "Point", "coordinates": [ 138.358841, 34.939966 ] } },
{ "type": "Feature", "properties": { "ID": 2233220106150, "正式名称": "片山歯科クリニック", "機関区分": 3, "都道府県コード": 22, "市区町村コード": 101, "所在地": "静岡県静岡市葵区鷹匠一丁目１番１号新静岡セノバ５階", "緯度": 34.975608, "経度": 138.387326, "url": "https://www.iryou.teikyouseido.mhlw.go.jp/znk-web/juminkanja/S2430/initialize?prefCd=22&kikanCd=3220106150&kikanKbn=3", "url2": "www.k-dental.com/", "内容": "片山歯科クリニック【3:歯科】静岡県静岡市葵区鷹匠一丁目１番１号新静岡セノバ５階" }, "geometry": { "type": "Point", "coordinates": [ 138.387326, 34.975608 ] } },
{ "type": "Feature", "properties": { "ID": 2233220106280, "正式名称": "スズカケ歯科", "機関区分": 3, "都道府県コード": 22, "市区町村コード": 101, "所在地": "静岡県静岡市葵区城東町２９番１号", "緯度": 34.9862, "経度": 138.389228, "url": "https://www.iryou.teikyouseido.mhlw.go.jp/znk-web/juminkanja/S2430/initialize?prefCd=22&kikanCd=3220106280&kikanKbn=3", "url2": null, "内容": "スズカケ歯科【3:歯科】静岡県静岡市葵区城東町２９番１号" }, "geometry": { "type": "Point", "coordinates": [ 138.389228, 34.9862 ] } },
{ "type": "Feature", "properties": { "ID": 2233220106310, "正式名称": "もりかわデンタルクリニック", "機関区分": 3, "都道府県コード": 22, "市区町村コード": 101, "所在地": "静岡県静岡市葵区瀬名川二丁目２９番４６号", "緯度": 35.007768, "経度": 138.426513, "url": "https://www.iryou.teikyouseido.mhlw.go.jp/znk-web/juminkanja/S2430/initialize?prefCd=22&kikanCd=3220106310&kikanKbn=3", "url2": "www.morikawa-dc.jp/", "内容": "もりかわデンタルクリニック【3:歯科】静岡県静岡市葵区瀬名川二丁目２９番４６号" }, "geometry": { "type": "Point", "coordinates": [ 138.426513, 35.007768 ] } },
{ "type": "Feature", "properties": { "ID": 2233220106600, "正式名称": "なお歯科医院", "機関区分": 3, "都道府県コード": 22, "市区町村コード": 101, "所在地": "静岡県静岡市葵区長沼二丁目１５番１３号", "緯度": 34.992996, "経度": 138.415379, "url": "https://www.iryou.teikyouseido.mhlw.go.jp/znk-web/juminkanja/S2430/initialize?prefCd=22&kikanCd=3220106600&kikanKbn=3", "url2": "http://n-dental.net", "内容": "なお歯科医院【3:歯科】静岡県静岡市葵区長沼二丁目１５番１３号" }, "geometry": { "type": "Point", "coordinates": [ 138.415379, 34.992996 ] } },
{ "type": "Feature", "properties": { "ID": 2233220106860, "正式名称": "新庄歯科医院", "機関区分": 3, "都道府県コード": 22, "市区町村コード": 102, "所在地": "静岡県静岡市駿河区八幡五丁目４番８号", "緯度": 34.966193, "経度": 138.39877, "url": "https://www.iryou.teikyouseido.mhlw.go.jp/znk-web/juminkanja/S2430/initialize?prefCd=22&kikanCd=3220106860&kikanKbn=3", "url2": "http://www.shinjo-shika.com", "内容": "新庄歯科医院【3:歯科】静岡県静岡市駿河区八幡五丁目４番８号" }, "geometry": { "type": "Point", "coordinates": [ 138.39877, 34.966193 ] } },
{ "type": "Feature", "properties": { "ID": 2233220107030, "正式名称": "医療法人エマージュすえのぶクローバー歯科医院", "機関区分": 3, "都道府県コード": 22, "市区町村コード": 101, "所在地": "静岡県静岡市葵区瀬名一丁目１４－３", "緯度": 35.014864, "経度": 138.422797, "url": "https://www.iryou.teikyouseido.mhlw.go.jp/znk-web/juminkanja/S2430/initialize?prefCd=22&kikanCd=3220107030&kikanKbn=3", "url2": "http://www.suenobu-smile.com", "内容": "医療法人エマージュすえのぶクローバー歯科医院【3:歯科】静岡県静岡市葵区瀬名一丁目１４－３" }, "geometry": { "type": "Point", "coordinates": [ 138.422797, 35.014864 ] } },
{ "type": "Feature", "properties": { "ID": 2233220107160, "正式名称": "医療法人社団ＧＲＩＴ　小嶋デンタルクリニック", "機関区分": 3, "都道府県コード": 22, "市区町村コード": 102, "所在地": "静岡県静岡市駿河区石田三丁目１１番３２号", "緯度": 34.956621, "経度": 138.399077, "url": "https://www.iryou.teikyouseido.mhlw.go.jp/znk-web/juminkanja/S2430/initialize?prefCd=22&kikanCd=3220107160&kikanKbn=3", "url2": "http://ryu-medical.net", "内容": "医療法人社団ＧＲＩＴ　小嶋デンタルクリニック【3:歯科】静岡県静岡市駿河区石田三丁目１１番３２号" }, "geometry": { "type": "Point", "coordinates": [ 138.399077, 34.956621 ] } },
{ "type": "Feature", "properties": { "ID": 2233220107610, "正式名称": "川口歯科医院", "機関区分": 3, "都道府県コード": 22, "市区町村コード": 101, "所在地": "静岡県静岡市葵区追手町２番１６号", "緯度": 34.975132, "経度": 138.385173, "url": "https://www.iryou.teikyouseido.mhlw.go.jp/znk-web/juminkanja/S2430/initialize?prefCd=22&kikanCd=3220107610&kikanKbn=3", "url2": "http://www.kawaguchi-dental.net", "内容": "川口歯科医院【3:歯科】静岡県静岡市葵区追手町２番１６号" }, "geometry": { "type": "Point", "coordinates": [ 138.385173, 34.975132 ] } },
{ "type": "Feature", "properties": { "ID": 2233220107740, "正式名称": "医療法人社団　静岡歯科", "機関区分": 3, "都道府県コード": 22, "市区町村コード": 101, "所在地": "静岡県静岡市葵区追手町２番１５号　ＭＲＫ追手町３階", "緯度": 34.97499, "経度": 138.38701, "url": "https://www.iryou.teikyouseido.mhlw.go.jp/znk-web/juminkanja/S2430/initialize?prefCd=22&kikanCd=3220107740&kikanKbn=3", "url2": "https://shizuoka-shika.or.jp/", "内容": "医療法人社団　静岡歯科【3:歯科】静岡県静岡市葵区追手町２番１５号　ＭＲＫ追手町３階" }, "geometry": { "type": "Point", "coordinates": [ 138.38701, 34.97499 ] } },
{ "type": "Feature", "properties": { "ID": 2233220107870, "正式名称": "やまだ歯科クリニック", "機関区分": 3, "都道府県コード": 22, "市区町村コード": 103, "所在地": "静岡県静岡市清水区矢倉町５－５", "緯度": 35.0308, "経度": 138.484264, "url": "https://www.iryou.teikyouseido.mhlw.go.jp/znk-web/juminkanja/S2430/initialize?prefCd=22&kikanCd=3220107870&kikanKbn=3", "url2": "http://nico-tama.com", "内容": "やまだ歯科クリニック【3:歯科】静岡県静岡市清水区矢倉町５－５" }, "geometry": { "type": "Point", "coordinates": [ 138.484264, 35.0308 ] } },
{ "type": "Feature", "properties": { "ID": 2233220107900, "正式名称": "高良歯科　小児歯科医院", "機関区分": 3, "都道府県コード": 22, "市区町村コード": 101, "所在地": "静岡県静岡市葵区瀬名川一丁目２１番１７号　サンクレスト１階", "緯度": 35.005187, "経度": 138.426202, "url": "https://www.iryou.teikyouseido.mhlw.go.jp/znk-web/juminkanja/S2430/initialize?prefCd=22&kikanCd=3220107900&kikanKbn=3", "url2": null, "内容": "高良歯科　小児歯科医院【3:歯科】静岡県静岡市葵区瀬名川一丁目２１番１７号　サンクレスト１階" }, "geometry": { "type": "Point", "coordinates": [ 138.426202, 35.005187 ] } },
{ "type": "Feature", "properties": { "ID": 2233220108170, "正式名称": "安部歯科医院", "機関区分": 3, "都道府県コード": 22, "市区町村コード": 103, "所在地": "静岡県静岡市清水区千歳町２－８－１", "緯度": 35.015234, "経度": 138.484452, "url": "https://www.iryou.teikyouseido.mhlw.go.jp/znk-web/juminkanja/S2430/initialize?prefCd=22&kikanCd=3220108170&kikanKbn=3", "url2": "https://abedc-shimizu.com", "内容": "安部歯科医院【3:歯科】静岡県静岡市清水区千歳町２－８－１" }, "geometry": { "type": "Point", "coordinates": [ 138.484452, 35.015234 ] } },
{ "type": "Feature", "properties": { "ID": 2233220108200, "正式名称": "なかよしだ歯科医院", "機関区分": 3, "都道府県コード": 22, "市区町村コード": 102, "所在地": "静岡県静岡市駿河区中吉田８番６５号", "緯度": 35.001224, "経度": 138.431685, "url": "https://www.iryou.teikyouseido.mhlw.go.jp/znk-web/juminkanja/S2430/initialize?prefCd=22&kikanCd=3220108200&kikanKbn=3", "url2": "http://www.nakayoshida-dc.jp/index.html", "内容": "なかよしだ歯科医院【3:歯科】静岡県静岡市駿河区中吉田８番６５号" }, "geometry": { "type": "Point", "coordinates": [ 138.431685, 35.001224 ] } },
{ "type": "Feature", "properties": { "ID": 2233220108330, "正式名称": "Ｎデンタルオフィス　ホワイトエッセンス静岡", "機関区分": 3, "都道府県コード": 22, "市区町村コード": 101, "所在地": "静岡県静岡市葵区呉服町二丁目８番地の９　アクロス辻源ビル３階", "緯度": 34.973565, "経度": 138.384297, "url": "https://www.iryou.teikyouseido.mhlw.go.jp/znk-web/juminkanja/S2430/initialize?prefCd=22&kikanCd=3220108330&kikanKbn=3", "url2": "http://www.ndental-we.com/", "内容": "Ｎデンタルオフィス　ホワイトエッセンス静岡【3:歯科】静岡県静岡市葵区呉服町二丁目８番地の９　アクロス辻源ビル３階" }, "geometry": { "type": "Point", "coordinates": [ 138.384297, 34.973565 ] } },
{ "type": "Feature", "properties": { "ID": 2233220108460, "正式名称": "ほりば歯科", "機関区分": 3, "都道府県コード": 22, "市区町村コード": 103, "所在地": "静岡県静岡市清水区草薙三丁目１３－７", "緯度": 35.002261, "経度": 138.446426, "url": "https://www.iryou.teikyouseido.mhlw.go.jp/znk-web/juminkanja/S2430/initialize?prefCd=22&kikanCd=3220108460&kikanKbn=3", "url2": "https://www.horiba-shika.com/", "内容": "ほりば歯科【3:歯科】静岡県静岡市清水区草薙三丁目１３－７" }, "geometry": { "type": "Point", "coordinates": [ 138.446426, 35.002261 ] } },
{ "type": "Feature", "properties": { "ID": 2233220108590, "正式名称": "ナンバ歯科医院", "機関区分": 3, "都道府県コード": 22, "市区町村コード": 102, "所在地": "静岡県静岡市駿河区敷地二丁目２番３号", "緯度": 34.947443, "経度": 138.412144, "url": "https://www.iryou.teikyouseido.mhlw.go.jp/znk-web/juminkanja/S2430/initialize?prefCd=22&kikanCd=3220108590&kikanKbn=3", "url2": null, "内容": "ナンバ歯科医院【3:歯科】静岡県静岡市駿河区敷地二丁目２番３号" }, "geometry": { "type": "Point", "coordinates": [ 138.412144, 34.947443 ] } },
{ "type": "Feature", "properties": { "ID": 2233220108750, "正式名称": "中島歯科医院", "機関区分": 3, "都道府県コード": 22, "市区町村コード": 102, "所在地": "静岡県静岡市駿河区曲金三丁目５番３７号", "緯度": 34.976151, "経度": 138.407071, "url": "https://www.iryou.teikyouseido.mhlw.go.jp/znk-web/juminkanja/S2430/initialize?prefCd=22&kikanCd=3220108750&kikanKbn=3", "url2": "https://dcnakajima.com", "内容": "中島歯科医院【3:歯科】静岡県静岡市駿河区曲金三丁目５番３７号" }, "geometry": { "type": "Point", "coordinates": [ 138.407071, 34.976151 ] } },
{ "type": "Feature", "properties": { "ID": 2233220108880, "正式名称": "こども矯正歯科クリニック", "機関区分": 3, "都道府県コード": 22, "市区町村コード": 101, "所在地": "静岡県静岡市葵区竜南一丁目１８番２７号", "緯度": 34.997268, "経度": 138.395422, "url": "https://www.iryou.teikyouseido.mhlw.go.jp/znk-web/juminkanja/S2430/initialize?prefCd=22&kikanCd=3220108880&kikanKbn=3", "url2": "http://www.ahirunoko.com/html/orthodontic/", "内容": "こども矯正歯科クリニック【3:歯科】静岡県静岡市葵区竜南一丁目１８番２７号" }, "geometry": { "type": "Point", "coordinates": [ 138.395422, 34.997268 ] } },
{ "type": "Feature", "properties": { "ID": 2233220109180, "正式名称": "ひだまり歯科", "機関区分": 3, "都道府県コード": 22, "市区町村コード": 101, "所在地": "静岡県静岡市葵区水道町８３番地の１", "緯度": 34.985475, "経度": 138.369719, "url": "https://www.iryou.teikyouseido.mhlw.go.jp/znk-web/juminkanja/S2430/initialize?prefCd=22&kikanCd=3220109180&kikanKbn=3", "url2": "http://www.hidamari-dent.com", "内容": "ひだまり歯科【3:歯科】静岡県静岡市葵区水道町８３番地の１" }, "geometry": { "type": "Point", "coordinates": [ 138.369719, 34.985475 ] } },
{ "type": "Feature", "properties": { "ID": 2233220109210, "正式名称": "一般社団法人静岡市静岡歯科医師会救急歯科センター", "機関区分": 3, "都道府県コード": 22, "市区町村コード": 101, "所在地": "静岡県静岡市葵区城東町２４番１号", "緯度": 34.986211, "経度": 138.387609, "url": "https://www.iryou.teikyouseido.mhlw.go.jp/znk-web/juminkanja/S2430/initialize?prefCd=22&kikanCd=3220109210&kikanKbn=3", "url2": "http://www.s418.or.jp/", "内容": "一般社団法人静岡市静岡歯科医師会救急歯科センター【3:歯科】静岡県静岡市葵区城東町２４番１号" }, "geometry": { "type": "Point", "coordinates": [ 138.387609, 34.986211 ] } },
{ "type": "Feature", "properties": { "ID": 2233220109340, "正式名称": "しんかい歯科クリニック", "機関区分": 3, "都道府県コード": 22, "市区町村コード": 103, "所在地": "静岡県静岡市清水区八木間町１６６３－５", "緯度": 35.065187, "経度": 138.523845, "url": "https://www.iryou.teikyouseido.mhlw.go.jp/znk-web/juminkanja/S2430/initialize?prefCd=22&kikanCd=3220109340&kikanKbn=3", "url2": null, "内容": "しんかい歯科クリニック【3:歯科】静岡県静岡市清水区八木間町１６６３－５" }, "geometry": { "type": "Point", "coordinates": [ 138.523845, 35.065187 ] } },
{ "type": "Feature", "properties": { "ID": 2233220109500, "正式名称": "医療法人社団ＳＳＤＣ", "機関区分": 3, "都道府県コード": 22, "市区町村コード": 101, "所在地": "静岡県静岡市葵区御幸町６番地の１１", "緯度": 34.973737, "経度": 138.387104, "url": "https://www.iryou.teikyouseido.mhlw.go.jp/znk-web/juminkanja/S2430/initialize?prefCd=22&kikanCd=3220109500&kikanKbn=3", "url2": "http://shizuoka118.com/", "内容": "医療法人社団ＳＳＤＣ【3:歯科】静岡県静岡市葵区御幸町６番地の１１" }, "geometry": { "type": "Point", "coordinates": [ 138.387104, 34.973737 ] } },
{ "type": "Feature", "properties": { "ID": 2233220109760, "正式名称": "本郷歯科クリニック", "機関区分": 3, "都道府県コード": 22, "市区町村コード": 103, "所在地": "静岡県静岡市清水区上原１－６－１６", "緯度": 35.008583, "経度": 138.458698, "url": "https://www.iryou.teikyouseido.mhlw.go.jp/znk-web/juminkanja/S2430/initialize?prefCd=22&kikanCd=3220109760&kikanKbn=3", "url2": "http://hongo-dc.com", "内容": "本郷歯科クリニック【3:歯科】静岡県静岡市清水区上原１－６－１６" }, "geometry": { "type": "Point", "coordinates": [ 138.458698, 35.008583 ] } },
{ "type": "Feature", "properties": { "ID": 2233220109920, "正式名称": "あおい歯科", "機関区分": 3, "都道府県コード": 22, "市区町村コード": 101, "所在地": "静岡県静岡市葵区竜南１丁目６番２５号", "緯度": 34.996232, "経度": 138.396244, "url": "https://www.iryou.teikyouseido.mhlw.go.jp/znk-web/juminkanja/S2430/initialize?prefCd=22&kikanCd=3220109920&kikanKbn=3", "url2": "http://aoishika.cihp.jp/", "内容": "あおい歯科【3:歯科】静岡県静岡市葵区竜南１丁目６番２５号" }, "geometry": { "type": "Point", "coordinates": [ 138.396244, 34.996232 ] } },
{ "type": "Feature", "properties": { "ID": 2233220110030, "正式名称": "医療法人社団　静医会　オリエント歯科医院", "機関区分": 3, "都道府県コード": 22, "市区町村コード": 102, "所在地": "静岡県静岡市駿河区南町９番１－３０３号", "緯度": 34.970763, "経度": 138.389528, "url": "https://www.iryou.teikyouseido.mhlw.go.jp/znk-web/juminkanja/S2430/initialize?prefCd=22&kikanCd=3220110030&kikanKbn=3", "url2": "https://ori-dc.com/", "内容": "医療法人社団　静医会　オリエント歯科医院【3:歯科】静岡県静岡市駿河区南町９番１－３０３号" }, "geometry": { "type": "Point", "coordinates": [ 138.389528, 34.970763 ] } },
{ "type": "Feature", "properties": { "ID": 2233220110160, "正式名称": "小芝町歯科クリニック", "機関区分": 3, "都道府県コード": 22, "市区町村コード": 103, "所在地": "静岡県静岡市清水区小芝町４－３", "緯度": 35.023543, "経度": 138.481842, "url": "https://www.iryou.teikyouseido.mhlw.go.jp/znk-web/juminkanja/S2430/initialize?prefCd=22&kikanCd=3220110160&kikanKbn=3", "url2": "http://oshibadent.com/", "内容": "小芝町歯科クリニック【3:歯科】静岡県静岡市清水区小芝町４－３" }, "geometry": { "type": "Point", "coordinates": [ 138.481842, 35.023543 ] } },
{ "type": "Feature", "properties": { "ID": 2233220110290, "正式名称": "医療法人社団Ｍａｈａｌｏ会七間町歯科クリニック", "機関区分": 3, "都道府県コード": 22, "市区町村コード": 101, "所在地": "静岡県静岡市葵区七間町１８番地の１　１Ｆ", "緯度": 34.971513, "経度": 138.379719, "url": "https://www.iryou.teikyouseido.mhlw.go.jp/znk-web/juminkanja/S2430/initialize?prefCd=22&kikanCd=3220110290&kikanKbn=3", "url2": "https://www.shichikencho-dc.com/facilities/", "内容": "医療法人社団Ｍａｈａｌｏ会七間町歯科クリニック【3:歯科】静岡県静岡市葵区七間町１８番地の１　１Ｆ" }, "geometry": { "type": "Point", "coordinates": [ 138.379719, 34.971513 ] } },
{ "type": "Feature", "properties": { "ID": 2233220110320, "正式名称": "日本平デンタルクリニック", "機関区分": 3, "都道府県コード": 22, "市区町村コード": 103, "所在地": "静岡県静岡市清水区草薙１－３－１５　グラソード草薙　２０３区画", "緯度": 35.002407, "経度": 138.442096, "url": "https://www.iryou.teikyouseido.mhlw.go.jp/znk-web/juminkanja/S2430/initialize?prefCd=22&kikanCd=3220110320&kikanKbn=3", "url2": "nihondaira-dc.jp", "内容": "日本平デンタルクリニック【3:歯科】静岡県静岡市清水区草薙１－３－１５　グラソード草薙　２０３区画" }, "geometry": { "type": "Point", "coordinates": [ 138.442096, 35.002407 ] } },
{ "type": "Feature", "properties": { "ID": 2233220110450, "正式名称": "医療法人社団大栄会　静岡デンタルクリニック", "機関区分": 3, "都道府県コード": 22, "市区町村コード": 102, "所在地": "静岡県静岡市駿河区小鹿一丁目２０番１７号", "緯度": 34.976446, "経度": 138.417656, "url": "https://www.iryou.teikyouseido.mhlw.go.jp/znk-web/juminkanja/S2430/initialize?prefCd=22&kikanCd=3220110450&kikanKbn=3", "url2": "https://shizuoka.daieikai.or.jp/", "内容": "医療法人社団大栄会　静岡デンタルクリニック【3:歯科】静岡県静岡市駿河区小鹿一丁目２０番１７号" }, "geometry": { "type": "Point", "coordinates": [ 138.417656, 34.976446 ] } },
{ "type": "Feature", "properties": { "ID": 2233220110610, "正式名称": "やよい齒科醫院", "機関区分": 3, "都道府県コード": 22, "市区町村コード": 102, "所在地": "静岡県静岡市駿河区中村町１２番地の３", "緯度": 34.95494, "経度": 138.392912, "url": "https://www.iryou.teikyouseido.mhlw.go.jp/znk-web/juminkanja/S2430/initialize?prefCd=22&kikanCd=3220110610&kikanKbn=3", "url2": "yayoi-shika.or.jp", "内容": "やよい齒科醫院【3:歯科】静岡県静岡市駿河区中村町１２番地の３" }, "geometry": { "type": "Point", "coordinates": [ 138.392912, 34.95494 ] } },
{ "type": "Feature", "properties": { "ID": 2233220110900, "正式名称": "医療法人社団ＳＰＤＴ　いぬい歯科医院", "機関区分": 3, "都道府県コード": 22, "市区町村コード": 103, "所在地": "静岡県静岡市清水区押切９３９－１５", "緯度": 35.027231, "経度": 138.452682, "url": "https://www.iryou.teikyouseido.mhlw.go.jp/znk-web/juminkanja/S2430/initialize?prefCd=22&kikanCd=3220110900&kikanKbn=3", "url2": "http://inuidental.com/", "内容": "医療法人社団ＳＰＤＴ　いぬい歯科医院【3:歯科】静岡県静岡市清水区押切９３９－１５" }, "geometry": { "type": "Point", "coordinates": [ 138.452682, 35.027231 ] } },
{ "type": "Feature", "properties": { "ID": 2233220111040, "正式名称": "敬天堂歯科サウスクリニック", "機関区分": 3, "都道府県コード": 22, "市区町村コード": 102, "所在地": "静岡県静岡市駿河区稲川一丁目１番１０号　コモドベルデ２Ｆ", "緯度": 34.968575, "経度": 138.39184, "url": "https://www.iryou.teikyouseido.mhlw.go.jp/znk-web/juminkanja/S2430/initialize?prefCd=22&kikanCd=3220111040&kikanKbn=3", "url2": "http://www.keitendo.com", "内容": "敬天堂歯科サウスクリニック【3:歯科】静岡県静岡市駿河区稲川一丁目１番１０号　コモドベルデ２Ｆ" }, "geometry": { "type": "Point", "coordinates": [ 138.39184, 34.968575 ] } },
{ "type": "Feature", "properties": { "ID": 2233220111170, "正式名称": "静岡両替町歯科クリニック", "機関区分": 3, "都道府県コード": 22, "市区町村コード": 101, "所在地": "静岡県静岡市葵区両替町一丁目６番地の６　３階", "緯度": 34.973382, "経度": 138.381893, "url": "https://www.iryou.teikyouseido.mhlw.go.jp/znk-web/juminkanja/S2430/initialize?prefCd=22&kikanCd=3220111170&kikanKbn=3", "url2": "http://shizuoka-rdc.net/", "内容": "静岡両替町歯科クリニック【3:歯科】静岡県静岡市葵区両替町一丁目６番地の６　３階" }, "geometry": { "type": "Point", "coordinates": [ 138.381893, 34.973382 ] } },
{ "type": "Feature", "properties": { "ID": 2233220111200, "正式名称": "ＨＯＲＩ　Ｄｅｎｔａｌ　Ｃｌｉｎｉｃ", "機関区分": 3, "都道府県コード": 22, "市区町村コード": 103, "所在地": "静岡県静岡市清水区鳥坂５５１番地", "緯度": 35.016, "経度": 138.433903, "url": "https://www.iryou.teikyouseido.mhlw.go.jp/znk-web/juminkanja/S2430/initialize?prefCd=22&kikanCd=3220111200&kikanKbn=3", "url2": "https://hori-dental.net", "内容": "ＨＯＲＩ　Ｄｅｎｔａｌ　Ｃｌｉｎｉｃ【3:歯科】静岡県静岡市清水区鳥坂５５１番地" }, "geometry": { "type": "Point", "coordinates": [ 138.433903, 35.016 ] } },
{ "type": "Feature", "properties": { "ID": 2233220111460, "正式名称": "きゆみ歯科クリニック", "機関区分": 3, "都道府県コード": 22, "市区町村コード": 101, "所在地": "静岡県静岡市葵区一番町６９番地　アンダンテ１９　１階", "緯度": 34.976596, "経度": 138.370617, "url": "https://www.iryou.teikyouseido.mhlw.go.jp/znk-web/juminkanja/S2430/initialize?prefCd=22&kikanCd=3220111460&kikanKbn=3", "url2": "www.kiyumi-dc.com", "内容": "きゆみ歯科クリニック【3:歯科】静岡県静岡市葵区一番町６９番地　アンダンテ１９　１階" }, "geometry": { "type": "Point", "coordinates": [ 138.370617, 34.976596 ] } },
{ "type": "Feature", "properties": { "ID": 2233220111750, "正式名称": "リーフデンタルクリニック", "機関区分": 3, "都道府県コード": 22, "市区町村コード": 102, "所在地": "静岡県静岡市駿河区馬渕三丁目１６番３１号", "緯度": 34.964036, "経度": 138.386882, "url": "https://www.iryou.teikyouseido.mhlw.go.jp/znk-web/juminkanja/S2430/initialize?prefCd=22&kikanCd=3220111750&kikanKbn=3", "url2": "https://leaf-dentalclinic.jp", "内容": "リーフデンタルクリニック【3:歯科】静岡県静岡市駿河区馬渕三丁目１６番３１号" }, "geometry": { "type": "Point", "coordinates": [ 138.386882, 34.964036 ] } },
{ "type": "Feature", "properties": { "ID": 2233220111880, "正式名称": "さいとう歯科クリニック", "機関区分": 3, "都道府県コード": 22, "市区町村コード": 103, "所在地": "静岡県静岡市清水区神田町１８－２２", "緯度": 35.003456, "経度": 138.476896, "url": "https://www.iryou.teikyouseido.mhlw.go.jp/znk-web/juminkanja/S2430/initialize?prefCd=22&kikanCd=3220111880&kikanKbn=3", "url2": "https://shika-saito.com", "内容": "さいとう歯科クリニック【3:歯科】静岡県静岡市清水区神田町１８－２２" }, "geometry": { "type": "Point", "coordinates": [ 138.476896, 35.003456 ] } },
{ "type": "Feature", "properties": { "ID": 2233220112050, "正式名称": "河村歯科医院", "機関区分": 3, "都道府県コード": 22, "市区町村コード": 103, "所在地": "静岡県静岡市清水区万世町一丁目６－２９", "緯度": 35.013774, "経度": 138.48795, "url": "https://www.iryou.teikyouseido.mhlw.go.jp/znk-web/juminkanja/S2430/initialize?prefCd=22&kikanCd=3220112050&kikanKbn=3", "url2": null, "内容": "河村歯科医院【3:歯科】静岡県静岡市清水区万世町一丁目６－２９" }, "geometry": { "type": "Point", "coordinates": [ 138.48795, 35.013774 ] } },
{ "type": "Feature", "properties": { "ID": 2233220112180, "正式名称": "エイセイ歯科", "機関区分": 3, "都道府県コード": 22, "市区町村コード": 101, "所在地": "静岡県静岡市葵区横内町３５番地", "緯度": 34.98226, "経度": 138.390678, "url": "https://www.iryou.teikyouseido.mhlw.go.jp/znk-web/juminkanja/S2430/initialize?prefCd=22&kikanCd=3220112180&kikanKbn=3", "url2": null, "内容": "エイセイ歯科【3:歯科】静岡県静岡市葵区横内町３５番地" }, "geometry": { "type": "Point", "coordinates": [ 138.390678, 34.98226 ] } },
{ "type": "Feature", "properties": { "ID": 2233220112210, "正式名称": "いのうえ歯科", "機関区分": 3, "都道府県コード": 22, "市区町村コード": 101, "所在地": "静岡県静岡市葵区西草深町３５番１７号", "緯度": 34.986418, "経度": 138.379097, "url": "https://www.iryou.teikyouseido.mhlw.go.jp/znk-web/juminkanja/S2430/initialize?prefCd=22&kikanCd=3220112210&kikanKbn=3", "url2": "http://shizuoka-inouedental.com/", "内容": "いのうえ歯科【3:歯科】静岡県静岡市葵区西草深町３５番１７号" }, "geometry": { "type": "Point", "coordinates": [ 138.379097, 34.986418 ] } },
{ "type": "Feature", "properties": { "ID": 2233220112340, "正式名称": "北安東ふじもと歯科医院", "機関区分": 3, "都道府県コード": 22, "市区町村コード": 101, "所在地": "静岡県静岡市葵区北安東三丁目２３番４号", "緯度": 35.001802, "経度": 138.383401, "url": "https://www.iryou.teikyouseido.mhlw.go.jp/znk-web/juminkanja/S2430/initialize?prefCd=22&kikanCd=3220112340&kikanKbn=3", "url2": null, "内容": "北安東ふじもと歯科医院【3:歯科】静岡県静岡市葵区北安東三丁目２３番４号" }, "geometry": { "type": "Point", "coordinates": [ 138.383401, 35.001802 ] } },
{ "type": "Feature", "properties": { "ID": 2233220112630, "正式名称": "静岡ひかり歯科・矯正歯科", "機関区分": 3, "都道府県コード": 22, "市区町村コード": 102, "所在地": "静岡県静岡市駿河区下川原六丁目２８番４号", "緯度": 34.932293, "経度": 138.375674, "url": "https://www.iryou.teikyouseido.mhlw.go.jp/znk-web/juminkanja/S2430/initialize?prefCd=22&kikanCd=3220112630&kikanKbn=3", "url2": "https://hikaridc.com/", "内容": "静岡ひかり歯科・矯正歯科【3:歯科】静岡県静岡市駿河区下川原六丁目２８番４号" }, "geometry": { "type": "Point", "coordinates": [ 138.375674, 34.932293 ] } },
{ "type": "Feature", "properties": { "ID": 2233220112890, "正式名称": "ゆのきざわ歯科医院", "機関区分": 3, "都道府県コード": 22, "市区町村コード": 101, "所在地": "静岡県静岡市葵区北安東一丁目３７番７号　２階", "緯度": 34.994079, "経度": 138.384726, "url": "https://www.iryou.teikyouseido.mhlw.go.jp/znk-web/juminkanja/S2430/initialize?prefCd=22&kikanCd=3220112890&kikanKbn=3", "url2": "https://yunokizawa-dental-clinic.jp/", "内容": "ゆのきざわ歯科医院【3:歯科】静岡県静岡市葵区北安東一丁目３７番７号　２階" }, "geometry": { "type": "Point", "coordinates": [ 138.384726, 34.994079 ] } },
{ "type": "Feature", "properties": { "ID": 2233220112920, "正式名称": "矯正歯科サンクチュアリ", "機関区分": 3, "都道府県コード": 22, "市区町村コード": 103, "所在地": "静岡県静岡市清水区谷田１６－１", "緯度": 34.999234, "経度": 138.443733, "url": "https://www.iryou.teikyouseido.mhlw.go.jp/znk-web/juminkanja/S2430/initialize?prefCd=22&kikanCd=3220112920&kikanKbn=3", "url2": "http://www.shizuoka-shika.jp/", "内容": "矯正歯科サンクチュアリ【3:歯科】静岡県静岡市清水区谷田１６－１" }, "geometry": { "type": "Point", "coordinates": [ 138.443733, 34.999234 ] } },
{ "type": "Feature", "properties": { "ID": 2233220113060, "正式名称": "東海リバーサイド歯科", "機関区分": 3, "都道府県コード": 22, "市区町村コード": 102, "所在地": "静岡県静岡市駿河区手越原５０番地の２", "緯度": 34.952128, "経度": 138.364372, "url": "https://www.iryou.teikyouseido.mhlw.go.jp/znk-web/juminkanja/S2430/initialize?prefCd=22&kikanCd=3220113060&kikanKbn=3", "url2": null, "内容": "東海リバーサイド歯科【3:歯科】静岡県静岡市駿河区手越原５０番地の２" }, "geometry": { "type": "Point", "coordinates": [ 138.364372, 34.952128 ] } },
{ "type": "Feature", "properties": { "ID": 2233220113190, "正式名称": "すえひろ歯科", "機関区分": 3, "都道府県コード": 22, "市区町村コード": 101, "所在地": "静岡県静岡市葵区北番町１０", "緯度": 34.980918, "経度": 138.371933, "url": "https://www.iryou.teikyouseido.mhlw.go.jp/znk-web/juminkanja/S2430/initialize?prefCd=22&kikanCd=3220113190&kikanKbn=3", "url2": null, "内容": "すえひろ歯科【3:歯科】静岡県静岡市葵区北番町１０" }, "geometry": { "type": "Point", "coordinates": [ 138.371933, 34.980918 ] } },
{ "type": "Feature", "properties": { "ID": 2233220113510, "正式名称": "医療法人社団ＴＤＣトシデンタルクリニック", "機関区分": 3, "都道府県コード": 22, "市区町村コード": 102, "所在地": "静岡県静岡市駿河区中田一丁目６番３２号", "緯度": 34.965644, "経度": 138.393107, "url": "https://www.iryou.teikyouseido.mhlw.go.jp/znk-web/juminkanja/S2430/initialize?prefCd=22&kikanCd=3220113510&kikanKbn=3", "url2": "https://toshi-dentalclinic.com/", "内容": "医療法人社団ＴＤＣトシデンタルクリニック【3:歯科】静岡県静岡市駿河区中田一丁目６番３２号" }, "geometry": { "type": "Point", "coordinates": [ 138.393107, 34.965644 ] } },
{ "type": "Feature", "properties": { "ID": 2233220113770, "正式名称": "田中歯科医院", "機関区分": 3, "都道府県コード": 22, "市区町村コード": 101, "所在地": "静岡県静岡市葵区上足洗一丁目１番３４号", "緯度": 34.987195, "経度": 138.395007, "url": "https://www.iryou.teikyouseido.mhlw.go.jp/znk-web/juminkanja/S2430/initialize?prefCd=22&kikanCd=3220113770&kikanKbn=3", "url2": null, "内容": "田中歯科医院【3:歯科】静岡県静岡市葵区上足洗一丁目１番３４号" }, "geometry": { "type": "Point", "coordinates": [ 138.395007, 34.987195 ] } },
{ "type": "Feature", "properties": { "ID": 2233220114100, "正式名称": "医療法人ＥＹＬ宇土歯科医院", "機関区分": 3, "都道府県コード": 22, "市区町村コード": 102, "所在地": "静岡県静岡市駿河区新川二丁目８番６号", "緯度": 34.960885, "経度": 138.385767, "url": "https://www.iryou.teikyouseido.mhlw.go.jp/znk-web/juminkanja/S2430/initialize?prefCd=22&kikanCd=3220114100&kikanKbn=3", "url2": "https://www.uto-shika.com/access.html", "内容": "医療法人ＥＹＬ宇土歯科医院【3:歯科】静岡県静岡市駿河区新川二丁目８番６号" }, "geometry": { "type": "Point", "coordinates": [ 138.385767, 34.960885 ] } },
{ "type": "Feature", "properties": { "ID": 2233220114360, "正式名称": "医療法人社団駿輝会山元歯科医院", "機関区分": 3, "都道府県コード": 22, "市区町村コード": 101, "所在地": "静岡県静岡市葵区紺屋町７番地の１５　３階", "緯度": 34.973344, "経度": 138.385841, "url": "https://www.iryou.teikyouseido.mhlw.go.jp/znk-web/juminkanja/S2430/initialize?prefCd=22&kikanCd=3220114360&kikanKbn=3", "url2": "https://www.yamamoto-d-c.com/", "内容": "医療法人社団駿輝会山元歯科医院【3:歯科】静岡県静岡市葵区紺屋町７番地の１５　３階" }, "geometry": { "type": "Point", "coordinates": [ 138.385841, 34.973344 ] } },
{ "type": "Feature", "properties": { "ID": 2233220114490, "正式名称": "おおつか歯科", "機関区分": 3, "都道府県コード": 22, "市区町村コード": 103, "所在地": "静岡県静岡市清水区押切１９３０", "緯度": 35.035643, "経度": 138.456589, "url": "https://www.iryou.teikyouseido.mhlw.go.jp/znk-web/juminkanja/S2430/initialize?prefCd=22&kikanCd=3220114490&kikanKbn=3", "url2": null, "内容": "おおつか歯科【3:歯科】静岡県静岡市清水区押切１９３０" }, "geometry": { "type": "Point", "coordinates": [ 138.456589, 35.035643 ] } },
{ "type": "Feature", "properties": { "ID": 2233220114520, "正式名称": "みうら歯科クリニック", "機関区分": 3, "都道府県コード": 22, "市区町村コード": 102, "所在地": "静岡県静岡市駿河区中野新田５７番地の６４", "緯度": 34.952982, "経度": 138.384561, "url": "https://www.iryou.teikyouseido.mhlw.go.jp/znk-web/juminkanja/S2430/initialize?prefCd=22&kikanCd=3220114520&kikanKbn=3", "url2": "miura-d.com", "内容": "みうら歯科クリニック【3:歯科】静岡県静岡市駿河区中野新田５７番地の６４" }, "geometry": { "type": "Point", "coordinates": [ 138.384561, 34.952982 ] } },
{ "type": "Feature", "properties": { "ID": 2233220114780, "正式名称": "Ｕ歯科・矯正歯科", "機関区分": 3, "都道府県コード": 22, "市区町村コード": 101, "所在地": "静岡県静岡市葵区幸町４１番地", "緯度": 34.967435, "経度": 138.37089, "url": "https://www.iryou.teikyouseido.mhlw.go.jp/znk-web/juminkanja/S2430/initialize?prefCd=22&kikanCd=3220114780&kikanKbn=3", "url2": "http://udental-c.com", "内容": "Ｕ歯科・矯正歯科【3:歯科】静岡県静岡市葵区幸町４１番地" }, "geometry": { "type": "Point", "coordinates": [ 138.37089, 34.967435 ] } },
{ "type": "Feature", "properties": { "ID": 2233220114940, "正式名称": "ブライフ矯正歯科", "機関区分": 3, "都道府県コード": 22, "市区町村コード": 101, "所在地": "静岡県静岡市葵区呉服町一丁目３０番地　札の辻クロス　２Ｆ", "緯度": 34.975193, "経度": 138.381676, "url": "https://www.iryou.teikyouseido.mhlw.go.jp/znk-web/juminkanja/S2430/initialize?prefCd=22&kikanCd=3220114940&kikanKbn=3", "url2": "https://www.brife-orthodontics.com", "内容": "ブライフ矯正歯科【3:歯科】静岡県静岡市葵区呉服町一丁目３０番地　札の辻クロス　２Ｆ" }, "geometry": { "type": "Point", "coordinates": [ 138.381676, 34.975193 ] } },
{ "type": "Feature", "properties": { "ID": 2233220115080, "正式名称": "ブランシュデンタルクリニック", "機関区分": 3, "都道府県コード": 22, "市区町村コード": 102, "所在地": "静岡県静岡市駿河区森下町１番３０－１Ａ号", "緯度": 34.971454, "経度": 138.391991, "url": "https://www.iryou.teikyouseido.mhlw.go.jp/znk-web/juminkanja/S2430/initialize?prefCd=22&kikanCd=3220115080&kikanKbn=3", "url2": null, "内容": "ブランシュデンタルクリニック【3:歯科】静岡県静岡市駿河区森下町１番３０－１Ａ号" }, "geometry": { "type": "Point", "coordinates": [ 138.391991, 34.971454 ] } },
{ "type": "Feature", "properties": { "ID": 2233220115530, "正式名称": "静岡スマイル歯科・矯正歯科", "機関区分": 3, "都道府県コード": 22, "市区町村コード": 102, "所在地": "静岡県静岡市駿河区豊田一丁目９番３１号", "緯度": 34.968514, "経度": 138.407838, "url": "https://www.iryou.teikyouseido.mhlw.go.jp/znk-web/juminkanja/S2430/initialize?prefCd=22&kikanCd=3220115530&kikanKbn=3", "url2": null, "内容": "静岡スマイル歯科・矯正歯科【3:歯科】静岡県静岡市駿河区豊田一丁目９番３１号" }, "geometry": { "type": "Point", "coordinates": [ 138.407838, 34.968514 ] } },
{ "type": "Feature", "properties": { "ID": 2233220115660, "正式名称": "菅野歯科医院", "機関区分": 3, "都道府県コード": 22, "市区町村コード": 101, "所在地": "静岡県静岡市葵区瀬名一丁目７番２０号", "緯度": 35.01332, "経度": 138.41898, "url": "https://www.iryou.teikyouseido.mhlw.go.jp/znk-web/juminkanja/S2430/initialize?prefCd=22&kikanCd=3220115660&kikanKbn=3", "url2": "https://sugano-dental.net", "内容": "菅野歯科医院【3:歯科】静岡県静岡市葵区瀬名一丁目７番２０号" }, "geometry": { "type": "Point", "coordinates": [ 138.41898, 35.01332 ] } },
{ "type": "Feature", "properties": { "ID": 2233220115790, "正式名称": "わたなべミント歯科", "機関区分": 3, "都道府県コード": 22, "市区町村コード": 103, "所在地": "静岡県静岡市清水区川原町１７番５号", "緯度": 34.99985, "経度": 138.476669, "url": "https://www.iryou.teikyouseido.mhlw.go.jp/znk-web/juminkanja/S2430/initialize?prefCd=22&kikanCd=3220115790&kikanKbn=3", "url2": "wmint-dc.com", "内容": "わたなべミント歯科【3:歯科】静岡県静岡市清水区川原町１７番５号" }, "geometry": { "type": "Point", "coordinates": [ 138.476669, 34.99985 ] } },
{ "type": "Feature", "properties": { "ID": 2233220115820, "正式名称": "医療法人社団健歯会　あおやぎ歯科", "機関区分": 3, "都道府県コード": 22, "市区町村コード": 103, "所在地": "静岡県静岡市清水区鶴舞町２番２７号", "緯度": 35.017228, "経度": 138.474821, "url": "https://www.iryou.teikyouseido.mhlw.go.jp/znk-web/juminkanja/S2430/initialize?prefCd=22&kikanCd=3220115820&kikanKbn=3", "url2": "https://www.yagi6480.com/", "内容": "医療法人社団健歯会　あおやぎ歯科【3:歯科】静岡県静岡市清水区鶴舞町２番２７号" }, "geometry": { "type": "Point", "coordinates": [ 138.474821, 35.017228 ] } },
{ "type": "Feature", "properties": { "ID": 2233220116090, "正式名称": "よこやま歯科クリニック", "機関区分": 3, "都道府県コード": 22, "市区町村コード": 102, "所在地": "静岡県静岡市駿河区西島１１５番地の４", "緯度": 34.949625, "経度": 138.404336, "url": "https://www.iryou.teikyouseido.mhlw.go.jp/znk-web/juminkanja/S2430/initialize?prefCd=22&kikanCd=3220116090&kikanKbn=3", "url2": null, "内容": "よこやま歯科クリニック【3:歯科】静岡県静岡市駿河区西島１１５番地の４" }, "geometry": { "type": "Point", "coordinates": [ 138.404336, 34.949625 ] } },
{ "type": "Feature", "properties": { "ID": 2233220116120, "正式名称": "池田デンタルオフィス静岡", "機関区分": 3, "都道府県コード": 22, "市区町村コード": 101, "所在地": "静岡県静岡市葵区呉服町１丁目５番地の２呉服町法月ビル　２階Ａ", "緯度": 34.9759254, "経度": 138.3795769, "url": "https://www.iryou.teikyouseido.mhlw.go.jp/znk-web/juminkanja/S2430/initialize?prefCd=22&kikanCd=3220116120&kikanKbn=3", "url2": "https://www.ikeda-dentaloffice-shizuoka.com", "内容": "池田デンタルオフィス静岡【3:歯科】静岡県静岡市葵区呉服町１丁目５番地の２呉服町法月ビル　２階Ａ" }, "geometry": { "type": "Point", "coordinates": [ 138.379576899999989, 34.9759254 ] } },
{ "type": "Feature", "properties": { "ID": 2233220116250, "正式名称": "さつき歯科クリニック", "機関区分": 3, "都道府県コード": 22, "市区町村コード": 102, "所在地": "静岡県静岡市駿河区小鹿８５６番地の３", "緯度": 34.974575, "経度": 138.427022, "url": "https://www.iryou.teikyouseido.mhlw.go.jp/znk-web/juminkanja/S2430/initialize?prefCd=22&kikanCd=3220116250&kikanKbn=3", "url2": "https://dental-satsuki.jp", "内容": "さつき歯科クリニック【3:歯科】静岡県静岡市駿河区小鹿８５６番地の３" }, "geometry": { "type": "Point", "coordinates": [ 138.427022, 34.974575 ] } },
{ "type": "Feature", "properties": { "ID": 2233220116410, "正式名称": "とりうみ歯科", "機関区分": 3, "都道府県コード": 22, "市区町村コード": 101, "所在地": "静岡県静岡市葵区牧ケ谷２２３１番地の７", "緯度": 34.9724, "経度": 138.34315, "url": "https://www.iryou.teikyouseido.mhlw.go.jp/znk-web/juminkanja/S2430/initialize?prefCd=22&kikanCd=3220116410&kikanKbn=3", "url2": null, "内容": "とりうみ歯科【3:歯科】静岡県静岡市葵区牧ケ谷２２３１番地の７" }, "geometry": { "type": "Point", "coordinates": [ 138.34315, 34.9724 ] } },
{ "type": "Feature", "properties": { "ID": 2233220116670, "正式名称": "ほりべ歯科クリニック", "機関区分": 3, "都道府県コード": 22, "市区町村コード": 102, "所在地": "静岡県静岡市駿河区富士見台一丁目１６番１３号", "緯度": 34.963388, "経度": 138.414962, "url": "https://www.iryou.teikyouseido.mhlw.go.jp/znk-web/juminkanja/S2430/initialize?prefCd=22&kikanCd=3220116670&kikanKbn=3", "url2": "https://horibedental-c.com/", "内容": "ほりべ歯科クリニック【3:歯科】静岡県静岡市駿河区富士見台一丁目１６番１３号" }, "geometry": { "type": "Point", "coordinates": [ 138.414962, 34.963388 ] } },
{ "type": "Feature", "properties": { "ID": 2233220116700, "正式名称": "うちだ歯科医院", "機関区分": 3, "都道府県コード": 22, "市区町村コード": 101, "所在地": "静岡県静岡市葵区千代田二丁目１３番３５号", "緯度": 34.992814, "経度": 138.40307, "url": "https://www.iryou.teikyouseido.mhlw.go.jp/znk-web/juminkanja/S2430/initialize?prefCd=22&kikanCd=3220116700&kikanKbn=3", "url2": null, "内容": "うちだ歯科医院【3:歯科】静岡県静岡市葵区千代田二丁目１３番３５号" }, "geometry": { "type": "Point", "coordinates": [ 138.40307, 34.992814 ] } },
{ "type": "Feature", "properties": { "ID": 2233220116960, "正式名称": "おさだデンタルクリニック", "機関区分": 3, "都道府県コード": 22, "市区町村コード": 102, "所在地": "静岡県静岡市駿河区手越原２６４－１２", "緯度": 34.948247, "経度": 138.360208, "url": "https://www.iryou.teikyouseido.mhlw.go.jp/znk-web/juminkanja/S2430/initialize?prefCd=22&kikanCd=3220116960&kikanKbn=3", "url2": "https://share.google/Ea4cnE3UgVhO2NNY8", "内容": "おさだデンタルクリニック【3:歯科】静岡県静岡市駿河区手越原２６４－１２" }, "geometry": { "type": "Point", "coordinates": [ 138.360208, 34.948247 ] } },
{ "type": "Feature", "properties": { "ID": 2233223100670, "正式名称": "尾崎歯科医院", "機関区分": 3, "都道府県コード": 22, "市区町村コード": 101, "所在地": "静岡県静岡市葵区北番町９０", "緯度": 34.979135, "経度": 138.370467, "url": "https://www.iryou.teikyouseido.mhlw.go.jp/znk-web/juminkanja/S2430/initialize?prefCd=22&kikanCd=3223100670&kikanKbn=3", "url2": null, "内容": "尾崎歯科医院【3:歯科】静岡県静岡市葵区北番町９０" }, "geometry": { "type": "Point", "coordinates": [ 138.370467, 34.979135 ] } },
{ "type": "Feature", "properties": { "ID": 2233223101420, "正式名称": "河村歯科医院", "機関区分": 3, "都道府県コード": 22, "市区町村コード": 101, "所在地": "静岡県静岡市葵区車町５２", "緯度": 34.977774, "経度": 138.376966, "url": "https://www.iryou.teikyouseido.mhlw.go.jp/znk-web/juminkanja/S2430/initialize?prefCd=22&kikanCd=3223101420&kikanKbn=3", "url2": "http://nttbj.itp.ne.jp/0542524688/", "内容": "河村歯科医院【3:歯科】静岡県静岡市葵区車町５２" }, "geometry": { "type": "Point", "coordinates": [ 138.376966, 34.977774 ] } },
{ "type": "Feature", "properties": { "ID": 2233223101550, "正式名称": "可知歯科医院", "機関区分": 3, "都道府県コード": 22, "市区町村コード": 101, "所在地": "静岡県静岡市葵区西草深町３１－１３", "緯度": 34.983829, "経度": 138.378299, "url": "https://www.iryou.teikyouseido.mhlw.go.jp/znk-web/juminkanja/S2430/initialize?prefCd=22&kikanCd=3223101550&kikanKbn=3", "url2": null, "内容": "可知歯科医院【3:歯科】静岡県静岡市葵区西草深町３１－１３" }, "geometry": { "type": "Point", "coordinates": [ 138.378299, 34.983829 ] } },
{ "type": "Feature", "properties": { "ID": 2233223102010, "正式名称": "北村歯科医院", "機関区分": 3, "都道府県コード": 22, "市区町村コード": 102, "所在地": "静岡県静岡市駿河区丸子４－１９－１", "緯度": 34.944666, "経度": 138.354636, "url": "https://www.iryou.teikyouseido.mhlw.go.jp/znk-web/juminkanja/S2430/initialize?prefCd=22&kikanCd=3223102010&kikanKbn=3", "url2": null, "内容": "北村歯科医院【3:歯科】静岡県静岡市駿河区丸子４－１９－１" }, "geometry": { "type": "Point", "coordinates": [ 138.354636, 34.944666 ] } },
{ "type": "Feature", "properties": { "ID": 2233223102300, "正式名称": "小出歯科医院", "機関区分": 3, "都道府県コード": 22, "市区町村コード": 101, "所在地": "静岡県静岡市葵区太田町４３", "緯度": 34.984941, "経度": 138.392659, "url": "https://www.iryou.teikyouseido.mhlw.go.jp/znk-web/juminkanja/S2430/initialize?prefCd=22&kikanCd=3223102300&kikanKbn=3", "url2": null, "内容": "小出歯科医院【3:歯科】静岡県静岡市葵区太田町４３" }, "geometry": { "type": "Point", "coordinates": [ 138.392659, 34.984941 ] } },
{ "type": "Feature", "properties": { "ID": 2233223103730, "正式名称": "竹内歯科医院", "機関区分": 3, "都道府県コード": 22, "市区町村コード": 102, "所在地": "静岡県静岡市駿河区広野３－９－１", "緯度": 34.932196, "経度": 138.37083, "url": "https://www.iryou.teikyouseido.mhlw.go.jp/znk-web/juminkanja/S2430/initialize?prefCd=22&kikanCd=3223103730&kikanKbn=3", "url2": null, "内容": "竹内歯科医院【3:歯科】静岡県静岡市駿河区広野３－９－１" }, "geometry": { "type": "Point", "coordinates": [ 138.37083, 34.932196 ] } },
{ "type": "Feature", "properties": { "ID": 2233223104290, "正式名称": "医療法人社団　チワタ歯科医院", "機関区分": 3, "都道府県コード": 22, "市区町村コード": 101, "所在地": "静岡県静岡市葵区呉服町２－１－３", "緯度": 34.974969, "経度": 138.38216, "url": "https://www.iryou.teikyouseido.mhlw.go.jp/znk-web/juminkanja/S2430/initialize?prefCd=22&kikanCd=3223104290&kikanKbn=3", "url2": "http://www.chiwata.jp/", "内容": "医療法人社団　チワタ歯科医院【3:歯科】静岡県静岡市葵区呉服町２－１－３" }, "geometry": { "type": "Point", "coordinates": [ 138.38216, 34.974969 ] } },
{ "type": "Feature", "properties": { "ID": 2233223104610, "正式名称": "遠山歯科医院", "機関区分": 3, "都道府県コード": 22, "市区町村コード": 101, "所在地": "静岡県静岡市葵区上石町７－３", "緯度": 34.973664, "経度": 138.378577, "url": "https://www.iryou.teikyouseido.mhlw.go.jp/znk-web/juminkanja/S2430/initialize?prefCd=22&kikanCd=3223104610&kikanKbn=3", "url2": null, "内容": "遠山歯科医院【3:歯科】静岡県静岡市葵区上石町７－３" }, "geometry": { "type": "Point", "coordinates": [ 138.378577, 34.973664 ] } },
{ "type": "Feature", "properties": { "ID": 2233223105040, "正式名称": "医療法人社団　ニシナ歯科医院", "機関区分": 3, "都道府県コード": 22, "市区町村コード": 101, "所在地": "静岡県静岡市葵区田町１－１－３", "緯度": 34.975886, "経度": 138.366939, "url": "https://www.iryou.teikyouseido.mhlw.go.jp/znk-web/juminkanja/S2430/initialize?prefCd=22&kikanCd=3223105040&kikanKbn=3", "url2": "https://www.nishina-dental-cl.com", "内容": "医療法人社団　ニシナ歯科医院【3:歯科】静岡県静岡市葵区田町１－１－３" }, "geometry": { "type": "Point", "coordinates": [ 138.366939, 34.975886 ] } },
{ "type": "Feature", "properties": { "ID": 2233223106180, "正式名称": "医療法人社団　石上歯科医院", "機関区分": 3, "都道府県コード": 22, "市区町村コード": 101, "所在地": "静岡県静岡市葵区羽鳥４丁目４番３１号", "緯度": 34.981523, "経度": 138.340802, "url": "https://www.iryou.teikyouseido.mhlw.go.jp/znk-web/juminkanja/S2430/initialize?prefCd=22&kikanCd=3223106180&kikanKbn=3", "url2": "ishigami-dc.com", "内容": "医療法人社団　石上歯科医院【3:歯科】静岡県静岡市葵区羽鳥４丁目４番３１号" }, "geometry": { "type": "Point", "coordinates": [ 138.340802, 34.981523 ] } },
{ "type": "Feature", "properties": { "ID": 2233223106210, "正式名称": "中町歯科医院", "機関区分": 3, "都道府県コード": 22, "市区町村コード": 101, "所在地": "静岡県静岡市葵区中町７－２　沢野ビル２Ｆ", "緯度": 34.977524, "経度": 138.37941, "url": "https://www.iryou.teikyouseido.mhlw.go.jp/znk-web/juminkanja/S2430/initialize?prefCd=22&kikanCd=3223106210&kikanKbn=3", "url2": null, "内容": "中町歯科医院【3:歯科】静岡県静岡市葵区中町７－２　沢野ビル２Ｆ" }, "geometry": { "type": "Point", "coordinates": [ 138.37941, 34.977524 ] } },
{ "type": "Feature", "properties": { "ID": 2233223106470, "正式名称": "塚田歯科医院", "機関区分": 3, "都道府県コード": 22, "市区町村コード": 101, "所在地": "静岡県静岡市葵区土太夫町１７－１　さくらビル", "緯度": 34.97833, "経度": 138.373133, "url": "https://www.iryou.teikyouseido.mhlw.go.jp/znk-web/juminkanja/S2430/initialize?prefCd=22&kikanCd=3223106470&kikanKbn=3", "url2": null, "内容": "塚田歯科医院【3:歯科】静岡県静岡市葵区土太夫町１７－１　さくらビル" }, "geometry": { "type": "Point", "coordinates": [ 138.373133, 34.97833 ] } },
{ "type": "Feature", "properties": { "ID": 2233223106630, "正式名称": "医療法人社団　誠慶会", "機関区分": 3, "都道府県コード": 22, "市区町村コード": 101, "所在地": "静岡県静岡市葵区七間町３－４　七間町ハイム３Ｆ", "緯度": 34.974303, "経度": 138.381216, "url": "https://www.iryou.teikyouseido.mhlw.go.jp/znk-web/juminkanja/S2430/initialize?prefCd=22&kikanCd=3223106630&kikanKbn=3", "url2": "http://torisu-dental.com/", "内容": "医療法人社団　誠慶会【3:歯科】静岡県静岡市葵区七間町３－４　七間町ハイム３Ｆ" }, "geometry": { "type": "Point", "coordinates": [ 138.381216, 34.974303 ] } },
{ "type": "Feature", "properties": { "ID": 2233223107480, "正式名称": "溝口歯科医院", "機関区分": 3, "都道府県コード": 22, "市区町村コード": 101, "所在地": "静岡県静岡市葵区北安東４－１－１８", "緯度": 35.000189, "経度": 138.387686, "url": "https://www.iryou.teikyouseido.mhlw.go.jp/znk-web/juminkanja/S2430/initialize?prefCd=22&kikanCd=3223107480&kikanKbn=3", "url2": "http://www.mizodental.com", "内容": "溝口歯科医院【3:歯科】静岡県静岡市葵区北安東４－１－１８" }, "geometry": { "type": "Point", "coordinates": [ 138.387686, 35.000189 ] } },
{ "type": "Feature", "properties": { "ID": 2233223107800, "正式名称": "大田歯科医院", "機関区分": 3, "都道府県コード": 22, "市区町村コード": 101, "所在地": "静岡県静岡市葵区呉服町２－７　静専ビル４Ｆ", "緯度": 34.974025, "経度": 138.384577, "url": "https://www.iryou.teikyouseido.mhlw.go.jp/znk-web/juminkanja/S2430/initialize?prefCd=22&kikanCd=3223107800&kikanKbn=3", "url2": "http://www.ohata-ivs-dental.com", "内容": "大田歯科医院【3:歯科】静岡県静岡市葵区呉服町２－７　静専ビル４Ｆ" }, "geometry": { "type": "Point", "coordinates": [ 138.384577, 34.974025 ] } },
{ "type": "Feature", "properties": { "ID": 2233223108230, "正式名称": "竹下歯科医院", "機関区分": 3, "都道府県コード": 22, "市区町村コード": 101, "所在地": "静岡県静岡市葵区七間町１５－１", "緯度": 34.972553, "経度": 138.379661, "url": "https://www.iryou.teikyouseido.mhlw.go.jp/znk-web/juminkanja/S2430/initialize?prefCd=22&kikanCd=3223108230&kikanKbn=3", "url2": "http://www.takeshita-shika.net", "内容": "竹下歯科医院【3:歯科】静岡県静岡市葵区七間町１５－１" }, "geometry": { "type": "Point", "coordinates": [ 138.379661, 34.972553 ] } },
{ "type": "Feature", "properties": { "ID": 2233223108360, "正式名称": "たなか歯科医院", "機関区分": 3, "都道府県コード": 22, "市区町村コード": 101, "所在地": "静岡県静岡市葵区金座町４７－１　金座ビル", "緯度": 34.976358, "経度": 138.377161, "url": "https://www.iryou.teikyouseido.mhlw.go.jp/znk-web/juminkanja/S2430/initialize?prefCd=22&kikanCd=3223108360&kikanKbn=3", "url2": null, "内容": "たなか歯科医院【3:歯科】静岡県静岡市葵区金座町４７－１　金座ビル" }, "geometry": { "type": "Point", "coordinates": [ 138.377161, 34.976358 ] } },
{ "type": "Feature", "properties": { "ID": 2233223108490, "正式名称": "エルム歯科", "機関区分": 3, "都道府県コード": 22, "市区町村コード": 101, "所在地": "静岡県静岡市葵区山崎１－２５－３２", "緯度": 34.977746, "経度": 138.35169, "url": "https://www.iryou.teikyouseido.mhlw.go.jp/znk-web/juminkanja/S2430/initialize?prefCd=22&kikanCd=3223108490&kikanKbn=3", "url2": "http://www.elm-dental.net", "内容": "エルム歯科【3:歯科】静岡県静岡市葵区山崎１－２５－３２" }, "geometry": { "type": "Point", "coordinates": [ 138.35169, 34.977746 ] } },
{ "type": "Feature", "properties": { "ID": 2233223108520, "正式名称": "山本歯科医院", "機関区分": 3, "都道府県コード": 22, "市区町村コード": 101, "所在地": "静岡県静岡市葵区唐瀬１－３－３５", "緯度": 35.009299, "経度": 138.385214, "url": "https://www.iryou.teikyouseido.mhlw.go.jp/znk-web/juminkanja/S2430/initialize?prefCd=22&kikanCd=3223108520&kikanKbn=3", "url2": null, "内容": "山本歯科医院【3:歯科】静岡県静岡市葵区唐瀬１－３－３５" }, "geometry": { "type": "Point", "coordinates": [ 138.385214, 35.009299 ] } },
{ "type": "Feature", "properties": { "ID": 2233223108650, "正式名称": "八木歯科", "機関区分": 3, "都道府県コード": 22, "市区町村コード": 101, "所在地": "静岡県静岡市葵区伝馬町３－１", "緯度": 34.974358, "経度": 138.38691, "url": "https://www.iryou.teikyouseido.mhlw.go.jp/znk-web/juminkanja/S2430/initialize?prefCd=22&kikanCd=3223108650&kikanKbn=3", "url2": "http://www.yagishika.com", "内容": "八木歯科【3:歯科】静岡県静岡市葵区伝馬町３－１" }, "geometry": { "type": "Point", "coordinates": [ 138.38691, 34.974358 ] } },
{ "type": "Feature", "properties": { "ID": 2233223108810, "正式名称": "てんま歯科", "機関区分": 3, "都道府県コード": 22, "市区町村コード": 101, "所在地": "静岡県静岡市葵区伝馬町１６－９　１Ｆ", "緯度": 34.975442, "経度": 138.390521, "url": "https://www.iryou.teikyouseido.mhlw.go.jp/znk-web/juminkanja/S2430/initialize?prefCd=22&kikanCd=3223108810&kikanKbn=3", "url2": null, "内容": "てんま歯科【3:歯科】静岡県静岡市葵区伝馬町１６－９　１Ｆ" }, "geometry": { "type": "Point", "coordinates": [ 138.390521, 34.975442 ] } },
{ "type": "Feature", "properties": { "ID": 2233223109110, "正式名称": "山田歯科医院", "機関区分": 3, "都道府県コード": 22, "市区町村コード": 101, "所在地": "静岡県静岡市葵区東千代田２－２６－５４", "緯度": 35.0023, "経度": 138.410879, "url": "https://www.iryou.teikyouseido.mhlw.go.jp/znk-web/juminkanja/S2430/initialize?prefCd=22&kikanCd=3223109110&kikanKbn=3", "url2": null, "内容": "山田歯科医院【3:歯科】静岡県静岡市葵区東千代田２－２６－５４" }, "geometry": { "type": "Point", "coordinates": [ 138.410879, 35.0023 ] } },
{ "type": "Feature", "properties": { "ID": 2233223110220, "正式名称": "麻機歯科医院", "機関区分": 3, "都道府県コード": 22, "市区町村コード": 101, "所在地": "静岡県静岡市葵区北一丁目３番１号", "緯度": 35.033185, "経度": 138.392851, "url": "https://www.iryou.teikyouseido.mhlw.go.jp/znk-web/juminkanja/S2430/initialize?prefCd=22&kikanCd=3223110220&kikanKbn=3", "url2": null, "内容": "麻機歯科医院【3:歯科】静岡県静岡市葵区北一丁目３番１号" }, "geometry": { "type": "Point", "coordinates": [ 138.392851, 35.033185 ] } },
{ "type": "Feature", "properties": { "ID": 2233223110350, "正式名称": "山本歯科医院", "機関区分": 3, "都道府県コード": 22, "市区町村コード": 101, "所在地": "静岡県静岡市葵区駒形通２－２－４", "緯度": 34.969636, "経度": 138.378189, "url": "https://www.iryou.teikyouseido.mhlw.go.jp/znk-web/juminkanja/S2430/initialize?prefCd=22&kikanCd=3223110350&kikanKbn=3", "url2": null, "内容": "山本歯科医院【3:歯科】静岡県静岡市葵区駒形通２－２－４" }, "geometry": { "type": "Point", "coordinates": [ 138.378189, 34.969636 ] } },
{ "type": "Feature", "properties": { "ID": 2233223110640, "正式名称": "大石歯科医院", "機関区分": 3, "都道府県コード": 22, "市区町村コード": 101, "所在地": "静岡県静岡市葵区上足洗４－４－５－２", "緯度": 34.992218, "経度": 138.395047, "url": "https://www.iryou.teikyouseido.mhlw.go.jp/znk-web/juminkanja/S2430/initialize?prefCd=22&kikanCd=3223110640&kikanKbn=3", "url2": null, "内容": "大石歯科医院【3:歯科】静岡県静岡市葵区上足洗４－４－５－２" }, "geometry": { "type": "Point", "coordinates": [ 138.395047, 34.992218 ] } },
{ "type": "Feature", "properties": { "ID": 2233223110800, "正式名称": "高橋歯科医院", "機関区分": 3, "都道府県コード": 22, "市区町村コード": 101, "所在地": "静岡県静岡市葵区安倍口新田６８－３", "緯度": 35.021186, "経度": 138.360049, "url": "https://www.iryou.teikyouseido.mhlw.go.jp/znk-web/juminkanja/S2430/initialize?prefCd=22&kikanCd=3223110800&kikanKbn=3", "url2": null, "内容": "高橋歯科医院【3:歯科】静岡県静岡市葵区安倍口新田６８－３" }, "geometry": { "type": "Point", "coordinates": [ 138.360049, 35.021186 ] } },
{ "type": "Feature", "properties": { "ID": 2233223111100, "正式名称": "大石歯科医院", "機関区分": 3, "都道府県コード": 22, "市区町村コード": 101, "所在地": "静岡県静岡市葵区紺屋町６－１０　大石ビル　３Ｆ", "緯度": 34.973136, "経度": 138.385605, "url": "https://www.iryou.teikyouseido.mhlw.go.jp/znk-web/juminkanja/S2430/initialize?prefCd=22&kikanCd=3223111100&kikanKbn=3", "url2": "http://www.ooisi-sika.com/", "内容": "大石歯科医院【3:歯科】静岡県静岡市葵区紺屋町６－１０　大石ビル　３Ｆ" }, "geometry": { "type": "Point", "coordinates": [ 138.385605, 34.973136 ] } },
{ "type": "Feature", "properties": { "ID": 2233223111360, "正式名称": "竜南歯科医院", "機関区分": 3, "都道府県コード": 22, "市区町村コード": 101, "所在地": "静岡県静岡市葵区城北２８－１", "緯度": 35.000022, "経度": 138.395214, "url": "https://www.iryou.teikyouseido.mhlw.go.jp/znk-web/juminkanja/S2430/initialize?prefCd=22&kikanCd=3223111360&kikanKbn=3", "url2": null, "内容": "竜南歯科医院【3:歯科】静岡県静岡市葵区城北２８－１" }, "geometry": { "type": "Point", "coordinates": [ 138.395214, 35.000022 ] } },
{ "type": "Feature", "properties": { "ID": 2233223111780, "正式名称": "土屋歯科医院", "機関区分": 3, "都道府県コード": 22, "市区町村コード": 101, "所在地": "静岡県静岡市葵区千代田７－９－３８", "緯度": 35.001411, "経度": 138.406713, "url": "https://www.iryou.teikyouseido.mhlw.go.jp/znk-web/juminkanja/S2430/initialize?prefCd=22&kikanCd=3223111780&kikanKbn=3", "url2": null, "内容": "土屋歯科医院【3:歯科】静岡県静岡市葵区千代田７－９－３８" }, "geometry": { "type": "Point", "coordinates": [ 138.406713, 35.001411 ] } },
{ "type": "Feature", "properties": { "ID": 2233223112080, "正式名称": "坂本歯科医院", "機関区分": 3, "都道府県コード": 22, "市区町村コード": 101, "所在地": "静岡県静岡市葵区黒金町４９", "緯度": 34.972129, "経度": 138.388696, "url": "https://www.iryou.teikyouseido.mhlw.go.jp/znk-web/juminkanja/S2430/initialize?prefCd=22&kikanCd=3223112080&kikanKbn=3", "url2": null, "内容": "坂本歯科医院【3:歯科】静岡県静岡市葵区黒金町４９" }, "geometry": { "type": "Point", "coordinates": [ 138.388696, 34.972129 ] } },
{ "type": "Feature", "properties": { "ID": 2233223112370, "正式名称": "吉野歯科医院", "機関区分": 3, "都道府県コード": 22, "市区町村コード": 101, "所在地": "静岡県静岡市葵区大岩２－２６－１３", "緯度": 34.997967, "経度": 138.382493, "url": "https://www.iryou.teikyouseido.mhlw.go.jp/znk-web/juminkanja/S2430/initialize?prefCd=22&kikanCd=3223112370&kikanKbn=3", "url2": "http://www.yoshino-ryu.com/", "内容": "吉野歯科医院【3:歯科】静岡県静岡市葵区大岩２－２６－１３" }, "geometry": { "type": "Point", "coordinates": [ 138.382493, 34.997967 ] } },
{ "type": "Feature", "properties": { "ID": 2233223112400, "正式名称": "赤堀歯科医院", "機関区分": 3, "都道府県コード": 22, "市区町村コード": 101, "所在地": "静岡県静岡市葵区南沼上２－１３－１", "緯度": 35.009966, "経度": 138.41049, "url": "https://www.iryou.teikyouseido.mhlw.go.jp/znk-web/juminkanja/S2430/initialize?prefCd=22&kikanCd=3223112400&kikanKbn=3", "url2": null, "内容": "赤堀歯科医院【3:歯科】静岡県静岡市葵区南沼上２－１３－１" }, "geometry": { "type": "Point", "coordinates": [ 138.41049, 35.009966 ] } },
{ "type": "Feature", "properties": { "ID": 2233223112530, "正式名称": "きたじま歯科医院", "機関区分": 3, "都道府県コード": 22, "市区町村コード": 101, "所在地": "静岡県静岡市葵区上伝馬１２－３０", "緯度": 35.008299, "経度": 138.372382, "url": "https://www.iryou.teikyouseido.mhlw.go.jp/znk-web/juminkanja/S2430/initialize?prefCd=22&kikanCd=3223112530&kikanKbn=3", "url2": null, "内容": "きたじま歯科医院【3:歯科】静岡県静岡市葵区上伝馬１２－３０" }, "geometry": { "type": "Point", "coordinates": [ 138.372382, 35.008299 ] } },
{ "type": "Feature", "properties": { "ID": 2233223112660, "正式名称": "吉川歯科医院", "機関区分": 3, "都道府県コード": 22, "市区町村コード": 101, "所在地": "静岡県静岡市葵区上足洗１－８－６０", "緯度": 34.989162, "経度": 138.395825, "url": "https://www.iryou.teikyouseido.mhlw.go.jp/znk-web/juminkanja/S2430/initialize?prefCd=22&kikanCd=3223112660&kikanKbn=3", "url2": null, "内容": "吉川歯科医院【3:歯科】静岡県静岡市葵区上足洗１－８－６０" }, "geometry": { "type": "Point", "coordinates": [ 138.395825, 34.989162 ] } },
{ "type": "Feature", "properties": { "ID": 2233223113380, "正式名称": "下村歯科医院", "機関区分": 3, "都道府県コード": 22, "市区町村コード": 101, "所在地": "静岡県静岡市葵区上新富町５番６号", "緯度": 34.971386, "経度": 138.370772, "url": "https://www.iryou.teikyouseido.mhlw.go.jp/znk-web/juminkanja/S2430/initialize?prefCd=22&kikanCd=3223113380&kikanKbn=3", "url2": "https://www.dental-iiha.com/d0018103.html", "内容": "下村歯科医院【3:歯科】静岡県静岡市葵区上新富町５番６号" }, "geometry": { "type": "Point", "coordinates": [ 138.370772, 34.971386 ] } },
{ "type": "Feature", "properties": { "ID": 2233223113410, "正式名称": "一心堂歯科", "機関区分": 3, "都道府県コード": 22, "市区町村コード": 101, "所在地": "静岡県静岡市葵区井宮町１０２－４", "緯度": 34.987023, "経度": 138.369939, "url": "https://www.iryou.teikyouseido.mhlw.go.jp/znk-web/juminkanja/S2430/initialize?prefCd=22&kikanCd=3223113410&kikanKbn=3", "url2": null, "内容": "一心堂歯科【3:歯科】静岡県静岡市葵区井宮町１０２－４" }, "geometry": { "type": "Point", "coordinates": [ 138.369939, 34.987023 ] } },
{ "type": "Feature", "properties": { "ID": 2233223113540, "正式名称": "八木歯科東新田クリニック", "機関区分": 3, "都道府県コード": 22, "市区町村コード": 102, "所在地": "静岡県静岡市駿河区東新田４－１１－１６", "緯度": 34.944088, "経度": 138.375463, "url": "https://www.iryou.teikyouseido.mhlw.go.jp/znk-web/juminkanja/S2430/initialize?prefCd=22&kikanCd=3223113540&kikanKbn=3", "url2": "https://ydtc.or.jp/", "内容": "八木歯科東新田クリニック【3:歯科】静岡県静岡市駿河区東新田４－１１－１６" }, "geometry": { "type": "Point", "coordinates": [ 138.375463, 34.944088 ] } },
{ "type": "Feature", "properties": { "ID": 2233223113670, "正式名称": "永田歯科医院", "機関区分": 3, "都道府県コード": 22, "市区町村コード": 101, "所在地": "静岡県静岡市葵区新富町３－３４－３", "緯度": 34.972719, "経度": 138.370078, "url": "https://www.iryou.teikyouseido.mhlw.go.jp/znk-web/juminkanja/S2430/initialize?prefCd=22&kikanCd=3223113670&kikanKbn=3", "url2": "http://www.smapm.com/nagata/", "内容": "永田歯科医院【3:歯科】静岡県静岡市葵区新富町３－３４－３" }, "geometry": { "type": "Point", "coordinates": [ 138.370078, 34.972719 ] } },
{ "type": "Feature", "properties": { "ID": 2233223114390, "正式名称": "保住歯科医院", "機関区分": 3, "都道府県コード": 22, "市区町村コード": 101, "所在地": "静岡県静岡市葵区川合一丁目９－１４", "緯度": 35.001689, "経度": 138.417656, "url": "https://www.iryou.teikyouseido.mhlw.go.jp/znk-web/juminkanja/S2430/initialize?prefCd=22&kikanCd=3223114390&kikanKbn=3", "url2": null, "内容": "保住歯科医院【3:歯科】静岡県静岡市葵区川合一丁目９－１４" }, "geometry": { "type": "Point", "coordinates": [ 138.417656, 35.001689 ] } },
{ "type": "Feature", "properties": { "ID": 2233223114680, "正式名称": "八木歯科医院", "機関区分": 3, "都道府県コード": 22, "市区町村コード": 101, "所在地": "静岡県静岡市葵区駒形通２－７－１３", "緯度": 34.968208, "経度": 138.377785, "url": "https://www.iryou.teikyouseido.mhlw.go.jp/znk-web/juminkanja/S2430/initialize?prefCd=22&kikanCd=3223114680&kikanKbn=3", "url2": null, "内容": "八木歯科医院【3:歯科】静岡県静岡市葵区駒形通２－７－１３" }, "geometry": { "type": "Point", "coordinates": [ 138.377785, 34.968208 ] } },
{ "type": "Feature", "properties": { "ID": 2233223114710, "正式名称": "フレンド歯科", "機関区分": 3, "都道府県コード": 22, "市区町村コード": 101, "所在地": "静岡県静岡市葵区南瀬名町４－２０", "緯度": 35.003637, "経度": 138.422433, "url": "https://www.iryou.teikyouseido.mhlw.go.jp/znk-web/juminkanja/S2430/initialize?prefCd=22&kikanCd=3223114710&kikanKbn=3", "url2": null, "内容": "フレンド歯科【3:歯科】静岡県静岡市葵区南瀬名町４－２０" }, "geometry": { "type": "Point", "coordinates": [ 138.422433, 35.003637 ] } },
{ "type": "Feature", "properties": { "ID": 2233223114840, "正式名称": "敬天堂歯科呉服町クリニック", "機関区分": 3, "都道府県コード": 22, "市区町村コード": 101, "所在地": "静岡県静岡市葵区呉服町１－４－６　松浦ビル２Ｆ", "緯度": 34.975191, "経度": 138.380605, "url": "https://www.iryou.teikyouseido.mhlw.go.jp/znk-web/juminkanja/S2430/initialize?prefCd=22&kikanCd=3223114840&kikanKbn=3", "url2": "http://www.keitendo.com", "内容": "敬天堂歯科呉服町クリニック【3:歯科】静岡県静岡市葵区呉服町１－４－６　松浦ビル２Ｆ" }, "geometry": { "type": "Point", "coordinates": [ 138.380605, 34.975191 ] } },
{ "type": "Feature", "properties": { "ID": 2233223115140, "正式名称": "パール歯科", "機関区分": 3, "都道府県コード": 22, "市区町村コード": 101, "所在地": "静岡県静岡市葵区瀬名川１－３１－３３", "緯度": 35.006717, "経度": 138.425239, "url": "https://www.iryou.teikyouseido.mhlw.go.jp/znk-web/juminkanja/S2430/initialize?prefCd=22&kikanCd=3223115140&kikanKbn=3", "url2": "www.pearl-shika.jp", "内容": "パール歯科【3:歯科】静岡県静岡市葵区瀬名川１－３１－３３" }, "geometry": { "type": "Point", "coordinates": [ 138.425239, 35.006717 ] } },
{ "type": "Feature", "properties": { "ID": 2233223115300, "正式名称": "望月歯科医院", "機関区分": 3, "都道府県コード": 22, "市区町村コード": 101, "所在地": "静岡県静岡市葵区神明町１００", "緯度": 34.980802, "経度": 138.368689, "url": "https://www.iryou.teikyouseido.mhlw.go.jp/znk-web/juminkanja/S2430/initialize?prefCd=22&kikanCd=3223115300&kikanKbn=3", "url2": null, "内容": "望月歯科医院【3:歯科】静岡県静岡市葵区神明町１００" }, "geometry": { "type": "Point", "coordinates": [ 138.368689, 34.980802 ] } },
{ "type": "Feature", "properties": { "ID": 2233223115690, "正式名称": "クリスタル歯科", "機関区分": 3, "都道府県コード": 22, "市区町村コード": 101, "所在地": "静岡県静岡市葵区新伝馬３－３－７", "緯度": 34.999744, "経度": 138.366466, "url": "https://www.iryou.teikyouseido.mhlw.go.jp/znk-web/juminkanja/S2430/initialize?prefCd=22&kikanCd=3223115690&kikanKbn=3", "url2": "http://www.crystaldc.net/", "内容": "クリスタル歯科【3:歯科】静岡県静岡市葵区新伝馬３－３－７" }, "geometry": { "type": "Point", "coordinates": [ 138.366466, 34.999744 ] } },
{ "type": "Feature", "properties": { "ID": 2233223116310, "正式名称": "大村歯科医院", "機関区分": 3, "都道府県コード": 22, "市区町村コード": 101, "所在地": "静岡県静岡市葵区籠上５－２", "緯度": 34.989301, "経度": 138.369855, "url": "https://www.iryou.teikyouseido.mhlw.go.jp/znk-web/juminkanja/S2430/initialize?prefCd=22&kikanCd=3223116310&kikanKbn=3", "url2": "www.omura-dentalclinic.jp", "内容": "大村歯科医院【3:歯科】静岡県静岡市葵区籠上５－２" }, "geometry": { "type": "Point", "coordinates": [ 138.369855, 34.989301 ] } },
{ "type": "Feature", "properties": { "ID": 2233223116440, "正式名称": "医療法人社団　牧野歯科医院", "機関区分": 3, "都道府県コード": 22, "市区町村コード": 101, "所在地": "静岡県静岡市葵区籠上１１－１", "緯度": 34.991578, "経度": 138.370272, "url": "https://www.iryou.teikyouseido.mhlw.go.jp/znk-web/juminkanja/S2430/initialize?prefCd=22&kikanCd=3223116440&kikanKbn=3", "url2": null, "内容": "医療法人社団　牧野歯科医院【3:歯科】静岡県静岡市葵区籠上１１－１" }, "geometry": { "type": "Point", "coordinates": [ 138.370272, 34.991578 ] } },
{ "type": "Feature", "properties": { "ID": 2233223116600, "正式名称": "鈴木歯科医院", "機関区分": 3, "都道府県コード": 22, "市区町村コード": 101, "所在地": "静岡県静岡市葵区双葉町９－５", "緯度": 34.967387, "経度": 138.375967, "url": "https://www.iryou.teikyouseido.mhlw.go.jp/znk-web/juminkanja/S2430/initialize?prefCd=22&kikanCd=3223116600&kikanKbn=3", "url2": null, "内容": "鈴木歯科医院【3:歯科】静岡県静岡市葵区双葉町９－５" }, "geometry": { "type": "Point", "coordinates": [ 138.375967, 34.967387 ] } },
{ "type": "Feature", "properties": { "ID": 2233223116990, "正式名称": "スマイル歯科クリニック", "機関区分": 3, "都道府県コード": 22, "市区町村コード": 101, "所在地": "静岡県静岡市葵区岳美９－２３", "緯度": 35.01191, "経度": 138.392324, "url": "https://www.iryou.teikyouseido.mhlw.go.jp/znk-web/juminkanja/S2430/initialize?prefCd=22&kikanCd=3223116990&kikanKbn=3", "url2": null, "内容": "スマイル歯科クリニック【3:歯科】静岡県静岡市葵区岳美９－２３" }, "geometry": { "type": "Point", "coordinates": [ 138.392324, 35.01191 ] } },
{ "type": "Feature", "properties": { "ID": 2233223117320, "正式名称": "八田歯科医院", "機関区分": 3, "都道府県コード": 22, "市区町村コード": 101, "所在地": "静岡県静岡市葵区北番町１４２－３", "緯度": 34.977719, "経度": 138.367995, "url": "https://www.iryou.teikyouseido.mhlw.go.jp/znk-web/juminkanja/S2430/initialize?prefCd=22&kikanCd=3223117320&kikanKbn=3", "url2": "www.hatta-shika.com/", "内容": "八田歯科医院【3:歯科】静岡県静岡市葵区北番町１４２－３" }, "geometry": { "type": "Point", "coordinates": [ 138.367995, 34.977719 ] } },
{ "type": "Feature", "properties": { "ID": 2233223117610, "正式名称": "ミツモト歯科医院", "機関区分": 3, "都道府県コード": 22, "市区町村コード": 101, "所在地": "静岡県静岡市葵区弥勒２－６－１０", "緯度": 34.962574, "経度": 138.370793, "url": "https://www.iryou.teikyouseido.mhlw.go.jp/znk-web/juminkanja/S2430/initialize?prefCd=22&kikanCd=3223117610&kikanKbn=3", "url2": null, "内容": "ミツモト歯科医院【3:歯科】静岡県静岡市葵区弥勒２－６－１０" }, "geometry": { "type": "Point", "coordinates": [ 138.370793, 34.962574 ] } },
{ "type": "Feature", "properties": { "ID": 2233223117740, "正式名称": "仲野歯科医院", "機関区分": 3, "都道府県コード": 22, "市区町村コード": 101, "所在地": "静岡県静岡市葵区城北２－３－７", "緯度": 35.002939, "経度": 138.391103, "url": "https://www.iryou.teikyouseido.mhlw.go.jp/znk-web/juminkanja/S2430/initialize?prefCd=22&kikanCd=3223117740&kikanKbn=3", "url2": null, "内容": "仲野歯科医院【3:歯科】静岡県静岡市葵区城北２－３－７" }, "geometry": { "type": "Point", "coordinates": [ 138.391103, 35.002939 ] } },
{ "type": "Feature", "properties": { "ID": 2233223117870, "正式名称": "安倍歯科医院", "機関区分": 3, "都道府県コード": 22, "市区町村コード": 102, "所在地": "静岡県静岡市駿河区みずほ４－９－３", "緯度": 34.940806, "経度": 138.364386, "url": "https://www.iryou.teikyouseido.mhlw.go.jp/znk-web/juminkanja/S2430/initialize?prefCd=22&kikanCd=3223117870&kikanKbn=3", "url2": "http://abe-shika.info", "内容": "安倍歯科医院【3:歯科】静岡県静岡市駿河区みずほ４－９－３" }, "geometry": { "type": "Point", "coordinates": [ 138.364386, 34.940806 ] } },
{ "type": "Feature", "properties": { "ID": 2233223118620, "正式名称": "森山歯科医院", "機関区分": 3, "都道府県コード": 22, "市区町村コード": 102, "所在地": "静岡県静岡市駿河区丸子６－１５－５０", "緯度": 34.947249, "経度": 138.348942, "url": "https://www.iryou.teikyouseido.mhlw.go.jp/znk-web/juminkanja/S2430/initialize?prefCd=22&kikanCd=3223118620&kikanKbn=3", "url2": null, "内容": "森山歯科医院【3:歯科】静岡県静岡市駿河区丸子６－１５－５０" }, "geometry": { "type": "Point", "coordinates": [ 138.348942, 34.947249 ] } },
{ "type": "Feature", "properties": { "ID": 2233223118750, "正式名称": "おきつ歯科医院", "機関区分": 3, "都道府県コード": 22, "市区町村コード": 101, "所在地": "静岡県静岡市葵区新間１０５３", "緯度": 34.986385, "経度": 138.309821, "url": "https://www.iryou.teikyouseido.mhlw.go.jp/znk-web/juminkanja/S2430/initialize?prefCd=22&kikanCd=3223118750&kikanKbn=3", "url2": null, "内容": "おきつ歯科医院【3:歯科】静岡県静岡市葵区新間１０５３" }, "geometry": { "type": "Point", "coordinates": [ 138.309821, 34.986385 ] } },
{ "type": "Feature", "properties": { "ID": 2233223118880, "正式名称": "曽根歯科医院", "機関区分": 3, "都道府県コード": 22, "市区町村コード": 101, "所在地": "静岡県静岡市葵区籠上９－２１", "緯度": 34.991143, "経度": 138.368385, "url": "https://www.iryou.teikyouseido.mhlw.go.jp/znk-web/juminkanja/S2430/initialize?prefCd=22&kikanCd=3223118880&kikanKbn=3", "url2": null, "内容": "曽根歯科医院【3:歯科】静岡県静岡市葵区籠上９－２１" }, "geometry": { "type": "Point", "coordinates": [ 138.368385, 34.991143 ] } },
{ "type": "Feature", "properties": { "ID": 2233223119180, "正式名称": "鳥居歯科医院", "機関区分": 3, "都道府県コード": 22, "市区町村コード": 101, "所在地": "静岡県静岡市葵区安東１－２３－２", "緯度": 34.984274, "経度": 138.38241, "url": "https://www.iryou.teikyouseido.mhlw.go.jp/znk-web/juminkanja/S2430/initialize?prefCd=22&kikanCd=3223119180&kikanKbn=3", "url2": null, "内容": "鳥居歯科医院【3:歯科】静岡県静岡市葵区安東１－２３－２" }, "geometry": { "type": "Point", "coordinates": [ 138.38241, 34.984274 ] } },
{ "type": "Feature", "properties": { "ID": 2233223119210, "正式名称": "医療法人社団直心会　柴田歯科医院", "機関区分": 3, "都道府県コード": 22, "市区町村コード": 101, "所在地": "静岡県静岡市葵区田町二丁目３７番地", "緯度": 34.973441, "経度": 138.364162, "url": "https://www.iryou.teikyouseido.mhlw.go.jp/znk-web/juminkanja/S2430/initialize?prefCd=22&kikanCd=3223119210&kikanKbn=3", "url2": "https://shibatadc.jp", "内容": "医療法人社団直心会　柴田歯科医院【3:歯科】静岡県静岡市葵区田町二丁目３７番地" }, "geometry": { "type": "Point", "coordinates": [ 138.364162, 34.973441 ] } },
{ "type": "Feature", "properties": { "ID": 2233223119340, "正式名称": "高橋歯科クリニック", "機関区分": 3, "都道府県コード": 22, "市区町村コード": 101, "所在地": "静岡県静岡市葵区平和３－３－１", "緯度": 34.994578, "経度": 138.369466, "url": "https://www.iryou.teikyouseido.mhlw.go.jp/znk-web/juminkanja/S2430/initialize?prefCd=22&kikanCd=3223119340&kikanKbn=3", "url2": null, "内容": "高橋歯科クリニック【3:歯科】静岡県静岡市葵区平和３－３－１" }, "geometry": { "type": "Point", "coordinates": [ 138.369466, 34.994578 ] } },
{ "type": "Feature", "properties": { "ID": 2233223119470, "正式名称": "歯科大久保医院", "機関区分": 3, "都道府県コード": 22, "市区町村コード": 101, "所在地": "静岡県静岡市葵区両替町２－６－３", "緯度": 34.973247, "経度": 138.384132, "url": "https://www.iryou.teikyouseido.mhlw.go.jp/znk-web/juminkanja/S2430/initialize?prefCd=22&kikanCd=3223119470&kikanKbn=3", "url2": null, "内容": "歯科大久保医院【3:歯科】静岡県静岡市葵区両替町２－６－３" }, "geometry": { "type": "Point", "coordinates": [ 138.384132, 34.973247 ] } },
{ "type": "Feature", "properties": { "ID": 2233223119500, "正式名称": "ヤマダ歯科", "機関区分": 3, "都道府県コード": 22, "市区町村コード": 101, "所在地": "静岡県静岡市葵区紺屋町１３－１", "緯度": 34.971914, "経度": 138.384327, "url": "https://www.iryou.teikyouseido.mhlw.go.jp/znk-web/juminkanja/S2430/initialize?prefCd=22&kikanCd=3223119500&kikanKbn=3", "url2": "https://www.yamada-dc.link", "内容": "ヤマダ歯科【3:歯科】静岡県静岡市葵区紺屋町１３－１" }, "geometry": { "type": "Point", "coordinates": [ 138.384327, 34.971914 ] } },
{ "type": "Feature", "properties": { "ID": 2233223119630, "正式名称": "永野歯科医院", "機関区分": 3, "都道府県コード": 22, "市区町村コード": 102, "所在地": "静岡県静岡市駿河区下川原２－２２－１８", "緯度": 34.939584, "経度": 138.377579, "url": "https://www.iryou.teikyouseido.mhlw.go.jp/znk-web/juminkanja/S2430/initialize?prefCd=22&kikanCd=3223119630&kikanKbn=3", "url2": null, "内容": "永野歯科医院【3:歯科】静岡県静岡市駿河区下川原２－２２－１８" }, "geometry": { "type": "Point", "coordinates": [ 138.377579, 34.939584 ] } },
{ "type": "Feature", "properties": { "ID": 2233223119920, "正式名称": "フタバ歯科", "機関区分": 3, "都道府県コード": 22, "市区町村コード": 101, "所在地": "静岡県静岡市葵区千代田４－３－１９", "緯度": 34.994967, "経度": 138.397547, "url": "https://www.iryou.teikyouseido.mhlw.go.jp/znk-web/juminkanja/S2430/initialize?prefCd=22&kikanCd=3223119920&kikanKbn=3", "url2": "https://futaba-dc.net/", "内容": "フタバ歯科【3:歯科】静岡県静岡市葵区千代田４－３－１９" }, "geometry": { "type": "Point", "coordinates": [ 138.397547, 34.994967 ] } },
{ "type": "Feature", "properties": { "ID": 2233223120610, "正式名称": "むろい歯科医院", "機関区分": 3, "都道府県コード": 22, "市区町村コード": 102, "所在地": "静岡県静岡市駿河区みずほ２－１７－１０", "緯度": 34.938917, "経度": 138.36783, "url": "https://www.iryou.teikyouseido.mhlw.go.jp/znk-web/juminkanja/S2430/initialize?prefCd=22&kikanCd=3223120610&kikanKbn=3", "url2": null, "内容": "むろい歯科医院【3:歯科】静岡県静岡市駿河区みずほ２－１７－１０" }, "geometry": { "type": "Point", "coordinates": [ 138.36783, 34.938917 ] } },
{ "type": "Feature", "properties": { "ID": 2233223120740, "正式名称": "医療法人社団デントブランかみや歯科", "機関区分": 3, "都道府県コード": 22, "市区町村コード": 101, "所在地": "静岡県静岡市葵区鷹匠３－１８－４", "緯度": 34.979302, "経度": 138.390576, "url": "https://www.iryou.teikyouseido.mhlw.go.jp/znk-web/juminkanja/S2430/initialize?prefCd=22&kikanCd=3223120740&kikanKbn=3", "url2": "www.kamiya-dent.com", "内容": "医療法人社団デントブランかみや歯科【3:歯科】静岡県静岡市葵区鷹匠３－１８－４" }, "geometry": { "type": "Point", "coordinates": [ 138.390576, 34.979302 ] } },
{ "type": "Feature", "properties": { "ID": 2233223121040, "正式名称": "みまつ渡辺歯科医院", "機関区分": 3, "都道府県コード": 22, "市区町村コード": 101, "所在地": "静岡県静岡市葵区千代田１－３－７", "緯度": 34.990069, "経度": 138.399466, "url": "https://www.iryou.teikyouseido.mhlw.go.jp/znk-web/juminkanja/S2430/initialize?prefCd=22&kikanCd=3223121040&kikanKbn=3", "url2": "http://mimatsu-wd.jp/", "内容": "みまつ渡辺歯科医院【3:歯科】静岡県静岡市葵区千代田１－３－７" }, "geometry": { "type": "Point", "coordinates": [ 138.399466, 34.990069 ] } },
{ "type": "Feature", "properties": { "ID": 2233223121200, "正式名称": "わなか歯科医院", "機関区分": 3, "都道府県コード": 22, "市区町村コード": 101, "所在地": "静岡県静岡市葵区北五丁目２７番５号", "緯度": 35.037268, "経度": 138.397267, "url": "https://www.iryou.teikyouseido.mhlw.go.jp/znk-web/juminkanja/S2430/initialize?prefCd=22&kikanCd=3223121200&kikanKbn=3", "url2": null, "内容": "わなか歯科医院【3:歯科】静岡県静岡市葵区北五丁目２７番５号" }, "geometry": { "type": "Point", "coordinates": [ 138.397267, 35.037268 ] } },
{ "type": "Feature", "properties": { "ID": 2233223121460, "正式名称": "医療法人　社団　和永会　杉山歯科医院", "機関区分": 3, "都道府県コード": 22, "市区町村コード": 101, "所在地": "静岡県静岡市葵区竜南３－１６－２５", "緯度": 35.001467, "経度": 138.402102, "url": "https://www.iryou.teikyouseido.mhlw.go.jp/znk-web/juminkanja/S2430/initialize?prefCd=22&kikanCd=3223121460&kikanKbn=3", "url2": "www.sugiyamadental.com", "内容": "医療法人　社団　和永会　杉山歯科医院【3:歯科】静岡県静岡市葵区竜南３－１６－２５" }, "geometry": { "type": "Point", "coordinates": [ 138.402102, 35.001467 ] } },
{ "type": "Feature", "properties": { "ID": 2233223121750, "正式名称": "小林歯科医院", "機関区分": 3, "都道府県コード": 22, "市区町村コード": 101, "所在地": "静岡県静岡市葵区両替町２－４－２　小林ビル４Ｆ", "緯度": 34.973719, "経度": 138.382633, "url": "https://www.iryou.teikyouseido.mhlw.go.jp/znk-web/juminkanja/S2430/initialize?prefCd=22&kikanCd=3223121750&kikanKbn=3", "url2": "www.shiroiha-kobayashi.jp", "内容": "小林歯科医院【3:歯科】静岡県静岡市葵区両替町２－４－２　小林ビル４Ｆ" }, "geometry": { "type": "Point", "coordinates": [ 138.382633, 34.973719 ] } },
{ "type": "Feature", "properties": { "ID": 2233223122340, "正式名称": "竹下歯科医院", "機関区分": 3, "都道府県コード": 22, "市区町村コード": 102, "所在地": "静岡県静岡市駿河区用宗１－２７－１４", "緯度": 34.926085, "経度": 138.366025, "url": "https://www.iryou.teikyouseido.mhlw.go.jp/znk-web/juminkanja/S2430/initialize?prefCd=22&kikanCd=3223122340&kikanKbn=3", "url2": "https://www.takeshita-dc.net", "内容": "竹下歯科医院【3:歯科】静岡県静岡市駿河区用宗１－２７－１４" }, "geometry": { "type": "Point", "coordinates": [ 138.366025, 34.926085 ] } },
{ "type": "Feature", "properties": { "ID": 2233223122500, "正式名称": "根本歯科医院", "機関区分": 3, "都道府県コード": 22, "市区町村コード": 101, "所在地": "静岡県静岡市葵区沓谷５－１３－５", "緯度": 34.998412, "経度": 138.413323, "url": "https://www.iryou.teikyouseido.mhlw.go.jp/znk-web/juminkanja/S2430/initialize?prefCd=22&kikanCd=3223122500&kikanKbn=3", "url2": "http://www.ne.jp/asahi/nemoto/dental/index.htm", "内容": "根本歯科医院【3:歯科】静岡県静岡市葵区沓谷５－１３－５" }, "geometry": { "type": "Point", "coordinates": [ 138.413323, 34.998412 ] } },
{ "type": "Feature", "properties": { "ID": 2233223122630, "正式名称": "はらき歯科医院", "機関区分": 3, "都道府県コード": 22, "市区町村コード": 101, "所在地": "静岡県静岡市葵区瀬名５－１５－８", "緯度": 35.026687, "経度": 138.42346, "url": "https://www.iryou.teikyouseido.mhlw.go.jp/znk-web/juminkanja/S2430/initialize?prefCd=22&kikanCd=3223122630&kikanKbn=3", "url2": null, "内容": "はらき歯科医院【3:歯科】静岡県静岡市葵区瀬名５－１５－８" }, "geometry": { "type": "Point", "coordinates": [ 138.42346, 35.026687 ] } },
{ "type": "Feature", "properties": { "ID": 2233223200280, "正式名称": "大石歯科医院", "機関区分": 3, "都道府県コード": 22, "市区町村コード": 102, "所在地": "静岡県静岡市駿河区泉町１－１４", "緯度": 34.969164, "経度": 138.386855, "url": "https://www.iryou.teikyouseido.mhlw.go.jp/znk-web/juminkanja/S2430/initialize?prefCd=22&kikanCd=3223200280&kikanKbn=3", "url2": "http://www.oishi-dental.com/", "内容": "大石歯科医院【3:歯科】静岡県静岡市駿河区泉町１－１４" }, "geometry": { "type": "Point", "coordinates": [ 138.386855, 34.969164 ] } },
{ "type": "Feature", "properties": { "ID": 2233223200600, "正式名称": "竹島歯科医院", "機関区分": 3, "都道府県コード": 22, "市区町村コード": 102, "所在地": "静岡県静岡市駿河区小鹿２－１－２", "緯度": 34.975192, "経度": 138.415519, "url": "https://www.iryou.teikyouseido.mhlw.go.jp/znk-web/juminkanja/S2430/initialize?prefCd=22&kikanCd=3223200600&kikanKbn=3", "url2": null, "内容": "竹島歯科医院【3:歯科】静岡県静岡市駿河区小鹿２－１－２" }, "geometry": { "type": "Point", "coordinates": [ 138.415519, 34.975192 ] } },
{ "type": "Feature", "properties": { "ID": 2233223200730, "正式名称": "高成田歯科医院", "機関区分": 3, "都道府県コード": 22, "市区町村コード": 102, "所在地": "静岡県静岡市駿河区石田１－１０－１", "緯度": 34.961332, "経度": 138.400798, "url": "https://www.iryou.teikyouseido.mhlw.go.jp/znk-web/juminkanja/S2430/initialize?prefCd=22&kikanCd=3223200730&kikanKbn=3", "url2": null, "内容": "高成田歯科医院【3:歯科】静岡県静岡市駿河区石田１－１０－１" }, "geometry": { "type": "Point", "coordinates": [ 138.400798, 34.961332 ] } },
{ "type": "Feature", "properties": { "ID": 2233223201030, "正式名称": "やまだ歯科", "機関区分": 3, "都道府県コード": 22, "市区町村コード": 102, "所在地": "静岡県静岡市駿河区馬渕２－１１－６", "緯度": 34.96647, "経度": 138.38641, "url": "https://www.iryou.teikyouseido.mhlw.go.jp/znk-web/juminkanja/S2430/initialize?prefCd=22&kikanCd=3223201030&kikanKbn=3", "url2": "http://www.smapm.com/yamada/index.html", "内容": "やまだ歯科【3:歯科】静岡県静岡市駿河区馬渕２－１１－６" }, "geometry": { "type": "Point", "coordinates": [ 138.38641, 34.96647 ] } },
{ "type": "Feature", "properties": { "ID": 2233223202040, "正式名称": "医療法人社団ＵＧ会　多田歯科医院", "機関区分": 3, "都道府県コード": 22, "市区町村コード": 102, "所在地": "静岡県静岡市駿河区馬渕３－１－１７多田ビル２Ｆ", "緯度": 34.965443, "経度": 138.389438, "url": "https://www.iryou.teikyouseido.mhlw.go.jp/znk-web/juminkanja/S2430/initialize?prefCd=22&kikanCd=3223202040&kikanKbn=3", "url2": "https://tadadental.clinic", "内容": "医療法人社団ＵＧ会　多田歯科医院【3:歯科】静岡県静岡市駿河区馬渕３－１－１７多田ビル２Ｆ" }, "geometry": { "type": "Point", "coordinates": [ 138.389438, 34.965443 ] } },
{ "type": "Feature", "properties": { "ID": 2233223202200, "正式名称": "いしかわ歯科", "機関区分": 3, "都道府県コード": 22, "市区町村コード": 102, "所在地": "静岡県静岡市駿河区豊田１－４－７", "緯度": 34.972776, "経度": 138.410658, "url": "https://www.iryou.teikyouseido.mhlw.go.jp/znk-web/juminkanja/S2430/initialize?prefCd=22&kikanCd=3223202200&kikanKbn=3", "url2": "https://maps.app.goo.gl/PdytpMUkKM3Ntaav9", "内容": "いしかわ歯科【3:歯科】静岡県静岡市駿河区豊田１－４－７" }, "geometry": { "type": "Point", "coordinates": [ 138.410658, 34.972776 ] } },
{ "type": "Feature", "properties": { "ID": 2233223202590, "正式名称": "庵之下歯科医院", "機関区分": 3, "都道府県コード": 22, "市区町村コード": 102, "所在地": "静岡県静岡市駿河区曲金６－１－３２", "緯度": 34.979441, "経度": 138.409769, "url": "https://www.iryou.teikyouseido.mhlw.go.jp/znk-web/juminkanja/S2430/initialize?prefCd=22&kikanCd=3223202590&kikanKbn=3", "url2": null, "内容": "庵之下歯科医院【3:歯科】静岡県静岡市駿河区曲金６－１－３２" }, "geometry": { "type": "Point", "coordinates": [ 138.409769, 34.979441 ] } },
{ "type": "Feature", "properties": { "ID": 2233223203760, "正式名称": "ワタナベ歯科医院第２クリニック", "機関区分": 3, "都道府県コード": 22, "市区町村コード": 102, "所在地": "静岡県静岡市駿河区大和１－５－１６", "緯度": 34.973609, "経度": 138.397659, "url": "https://www.iryou.teikyouseido.mhlw.go.jp/znk-web/juminkanja/S2430/initialize?prefCd=22&kikanCd=3223203760&kikanKbn=3", "url2": "http://www.watanabe-implant.net/", "内容": "ワタナベ歯科医院第２クリニック【3:歯科】静岡県静岡市駿河区大和１－５－１６" }, "geometry": { "type": "Point", "coordinates": [ 138.397659, 34.973609 ] } },
{ "type": "Feature", "properties": { "ID": 2233223203920, "正式名称": "鳥巣歯科医院", "機関区分": 3, "都道府県コード": 22, "市区町村コード": 102, "所在地": "静岡県静岡市駿河区池田２４３－３", "緯度": 34.983941, "経度": 138.421684, "url": "https://www.iryou.teikyouseido.mhlw.go.jp/znk-web/juminkanja/S2430/initialize?prefCd=22&kikanCd=3223203920&kikanKbn=3", "url2": null, "内容": "鳥巣歯科医院【3:歯科】静岡県静岡市駿河区池田２４３－３" }, "geometry": { "type": "Point", "coordinates": [ 138.421684, 34.983941 ] } },
{ "type": "Feature", "properties": { "ID": 2233223204190, "正式名称": "ポプラ歯科医院", "機関区分": 3, "都道府県コード": 22, "市区町村コード": 102, "所在地": "静岡県静岡市駿河区馬渕４－１６－４０", "緯度": 34.960027, "経度": 138.389216, "url": "https://www.iryou.teikyouseido.mhlw.go.jp/znk-web/juminkanja/S2430/initialize?prefCd=22&kikanCd=3223204190&kikanKbn=3", "url2": null, "内容": "ポプラ歯科医院【3:歯科】静岡県静岡市駿河区馬渕４－１６－４０" }, "geometry": { "type": "Point", "coordinates": [ 138.389216, 34.960027 ] } },
{ "type": "Feature", "properties": { "ID": 2233223204800, "正式名称": "寺尾歯科医院", "機関区分": 3, "都道府県コード": 22, "市区町村コード": 102, "所在地": "静岡県静岡市駿河区国吉田４－６－３０", "緯度": 34.993813, "経度": 138.434001, "url": "https://www.iryou.teikyouseido.mhlw.go.jp/znk-web/juminkanja/S2430/initialize?prefCd=22&kikanCd=3223204800&kikanKbn=3", "url2": null, "内容": "寺尾歯科医院【3:歯科】静岡県静岡市駿河区国吉田４－６－３０" }, "geometry": { "type": "Point", "coordinates": [ 138.434001, 34.993813 ] } },
{ "type": "Feature", "properties": { "ID": 2233223205070, "正式名称": "ナカノ歯科医院", "機関区分": 3, "都道府県コード": 22, "市区町村コード": 102, "所在地": "静岡県静岡市駿河区八幡２－２－１４", "緯度": 34.96947, "経度": 138.395021, "url": "https://www.iryou.teikyouseido.mhlw.go.jp/znk-web/juminkanja/S2430/initialize?prefCd=22&kikanCd=3223205070&kikanKbn=3", "url2": null, "内容": "ナカノ歯科医院【3:歯科】静岡県静岡市駿河区八幡２－２－１４" }, "geometry": { "type": "Point", "coordinates": [ 138.395021, 34.96947 ] } },
{ "type": "Feature", "properties": { "ID": 2233223205230, "正式名称": "若尾歯科医院", "機関区分": 3, "都道府県コード": 22, "市区町村コード": 102, "所在地": "静岡県静岡市駿河区大谷３６９６－１５", "緯度": 34.955833, "経度": 138.428879, "url": "https://www.iryou.teikyouseido.mhlw.go.jp/znk-web/juminkanja/S2430/initialize?prefCd=22&kikanCd=3223205230&kikanKbn=3", "url2": "http://abcde.jp", "内容": "若尾歯科医院【3:歯科】静岡県静岡市駿河区大谷３６９６－１５" }, "geometry": { "type": "Point", "coordinates": [ 138.428879, 34.955833 ] } },
{ "type": "Feature", "properties": { "ID": 2233223205490, "正式名称": "渡辺歯科医院", "機関区分": 3, "都道府県コード": 22, "市区町村コード": 102, "所在地": "静岡県静岡市駿河区中田２－４－３２", "緯度": 34.96298, "経度": 138.395423, "url": "https://www.iryou.teikyouseido.mhlw.go.jp/znk-web/juminkanja/S2430/initialize?prefCd=22&kikanCd=3223205490&kikanKbn=3", "url2": "https://www.watanabe-shika.biz", "内容": "渡辺歯科医院【3:歯科】静岡県静岡市駿河区中田２－４－３２" }, "geometry": { "type": "Point", "coordinates": [ 138.395423, 34.96298 ] } },
{ "type": "Feature", "properties": { "ID": 2233223205520, "正式名称": "秋山歯科", "機関区分": 3, "都道府県コード": 22, "市区町村コード": 102, "所在地": "静岡県静岡市駿河区有東３－４－４７", "緯度": 34.962592, "経度": 138.41189, "url": "https://www.iryou.teikyouseido.mhlw.go.jp/znk-web/juminkanja/S2430/initialize?prefCd=22&kikanCd=3223205520&kikanKbn=3", "url2": null, "内容": "秋山歯科【3:歯科】静岡県静岡市駿河区有東３－４－４７" }, "geometry": { "type": "Point", "coordinates": [ 138.41189, 34.962592 ] } },
{ "type": "Feature", "properties": { "ID": 2233223206820, "正式名称": "仲野歯科医院", "機関区分": 3, "都道府県コード": 22, "市区町村コード": 102, "所在地": "静岡県静岡市駿河区小黒１－１－１７", "緯度": 34.974609, "経度": 138.400409, "url": "https://www.iryou.teikyouseido.mhlw.go.jp/znk-web/juminkanja/S2430/initialize?prefCd=22&kikanCd=3223206820&kikanKbn=3", "url2": null, "内容": "仲野歯科医院【3:歯科】静岡県静岡市駿河区小黒１－１－１７" }, "geometry": { "type": "Point", "coordinates": [ 138.400409, 34.974609 ] } },
{ "type": "Feature", "properties": { "ID": 2233223206950, "正式名称": "ライオン歯科中田クリニック", "機関区分": 3, "都道府県コード": 22, "市区町村コード": 102, "所在地": "静岡県静岡市駿河区中田本町２１－２８　サンシティオ中田ビル１階", "緯度": 34.958416, "経度": 138.393882, "url": "https://www.iryou.teikyouseido.mhlw.go.jp/znk-web/juminkanja/S2430/initialize?prefCd=22&kikanCd=3223206950&kikanKbn=3", "url2": "watanabe-implant.net", "内容": "ライオン歯科中田クリニック【3:歯科】静岡県静岡市駿河区中田本町２１－２８　サンシティオ中田ビル１階" }, "geometry": { "type": "Point", "coordinates": [ 138.393882, 34.958416 ] } },
{ "type": "Feature", "properties": { "ID": 2233223207090, "正式名称": "アオキ歯科医院", "機関区分": 3, "都道府県コード": 22, "市区町村コード": 102, "所在地": "静岡県静岡市駿河区中田３－１－４１", "緯度": 34.962582, "経度": 138.397215, "url": "https://www.iryou.teikyouseido.mhlw.go.jp/znk-web/juminkanja/S2430/initialize?prefCd=22&kikanCd=3223207090&kikanKbn=3", "url2": null, "内容": "アオキ歯科医院【3:歯科】静岡県静岡市駿河区中田３－１－４１" }, "geometry": { "type": "Point", "coordinates": [ 138.397215, 34.962582 ] } },
{ "type": "Feature", "properties": { "ID": 2233223207380, "正式名称": "おざわ歯科クリニック", "機関区分": 3, "都道府県コード": 22, "市区町村コード": 102, "所在地": "静岡県静岡市駿河区敷地２－１０－３０", "緯度": 34.949731, "経度": 138.41324, "url": "https://www.iryou.teikyouseido.mhlw.go.jp/znk-web/juminkanja/S2430/initialize?prefCd=22&kikanCd=3223207380&kikanKbn=3", "url2": "https://ozawa-shika-clinic.com/", "内容": "おざわ歯科クリニック【3:歯科】静岡県静岡市駿河区敷地２－１０－３０" }, "geometry": { "type": "Point", "coordinates": [ 138.41324, 34.949731 ] } },
{ "type": "Feature", "properties": { "ID": 2233223207960, "正式名称": "サニー歯科医院", "機関区分": 3, "都道府県コード": 22, "市区町村コード": 102, "所在地": "静岡県静岡市駿河区有東３－９－２４", "緯度": 34.961249, "経度": 138.408714, "url": "https://www.iryou.teikyouseido.mhlw.go.jp/znk-web/juminkanja/S2430/initialize?prefCd=22&kikanCd=3223207960&kikanKbn=3", "url2": "http://www18.ocn.ne.jp/~sunny.d/", "内容": "サニー歯科医院【3:歯科】静岡県静岡市駿河区有東３－９－２４" }, "geometry": { "type": "Point", "coordinates": [ 138.408714, 34.961249 ] } },
{ "type": "Feature", "properties": { "ID": 2233223208000, "正式名称": "オシカ歯科医院", "機関区分": 3, "都道府県コード": 22, "市区町村コード": 102, "所在地": "静岡県静岡市駿河区池田８６０－１", "緯度": 34.977442, "経度": 138.425712, "url": "https://www.iryou.teikyouseido.mhlw.go.jp/znk-web/juminkanja/S2430/initialize?prefCd=22&kikanCd=3223208000&kikanKbn=3", "url2": null, "内容": "オシカ歯科医院【3:歯科】静岡県静岡市駿河区池田８６０－１" }, "geometry": { "type": "Point", "coordinates": [ 138.425712, 34.977442 ] } },
{ "type": "Feature", "properties": { "ID": 2233223208130, "正式名称": "竹下歯科医院", "機関区分": 3, "都道府県コード": 22, "市区町村コード": 102, "所在地": "静岡県静岡市駿河区八幡２－１４－２０", "緯度": 34.971081, "経度": 138.397548, "url": "https://www.iryou.teikyouseido.mhlw.go.jp/znk-web/juminkanja/S2430/initialize?prefCd=22&kikanCd=3223208130&kikanKbn=3", "url2": null, "内容": "竹下歯科医院【3:歯科】静岡県静岡市駿河区八幡２－１４－２０" }, "geometry": { "type": "Point", "coordinates": [ 138.397548, 34.971081 ] } },
{ "type": "Feature", "properties": { "ID": 2233223208420, "正式名称": "ますだ歯科", "機関区分": 3, "都道府県コード": 22, "市区町村コード": 102, "所在地": "静岡県静岡市駿河区聖一色４２４－６", "緯度": 34.985997, "経度": 138.426489, "url": "https://www.iryou.teikyouseido.mhlw.go.jp/znk-web/juminkanja/S2430/initialize?prefCd=22&kikanCd=3223208420&kikanKbn=3", "url2": null, "内容": "ますだ歯科【3:歯科】静岡県静岡市駿河区聖一色４２４－６" }, "geometry": { "type": "Point", "coordinates": [ 138.426489, 34.985997 ] } },
{ "type": "Feature", "properties": { "ID": 2233223209270, "正式名称": "司馬歯科医院", "機関区分": 3, "都道府県コード": 22, "市区町村コード": 102, "所在地": "静岡県静岡市駿河区有東１－１６－５", "緯度": 34.967915, "経度": 138.404742, "url": "https://www.iryou.teikyouseido.mhlw.go.jp/znk-web/juminkanja/S2430/initialize?prefCd=22&kikanCd=3223209270&kikanKbn=3", "url2": "https://www.shiba-dental.net", "内容": "司馬歯科医院【3:歯科】静岡県静岡市駿河区有東１－１６－５" }, "geometry": { "type": "Point", "coordinates": [ 138.404742, 34.967915 ] } },
{ "type": "Feature", "properties": { "ID": 2233223209560, "正式名称": "しみず小児歯科", "機関区分": 3, "都道府県コード": 22, "市区町村コード": 102, "所在地": "静岡県静岡市駿河区南町１８－２　サウスポットガーデン　１Ｆ", "緯度": 34.97122, "経度": 138.391632, "url": "https://www.iryou.teikyouseido.mhlw.go.jp/znk-web/juminkanja/S2430/initialize?prefCd=22&kikanCd=3223209560&kikanKbn=3", "url2": "https://shimizu-shouni-shika.jp", "内容": "しみず小児歯科【3:歯科】静岡県静岡市駿河区南町１８－２　サウスポットガーデン　１Ｆ" }, "geometry": { "type": "Point", "coordinates": [ 138.391632, 34.97122 ] } },
{ "type": "Feature", "properties": { "ID": 2233223300470, "正式名称": "天野歯科医院", "機関区分": 3, "都道府県コード": 22, "市区町村コード": 138, "所在地": "静岡県浜松市中央区栄町８－４", "緯度": 34.704546, "経度": 137.725137, "url": "https://www.iryou.teikyouseido.mhlw.go.jp/znk-web/juminkanja/S2430/initialize?prefCd=22&kikanCd=3223300470&kikanKbn=3", "url2": null, "内容": "天野歯科医院【3:歯科】静岡県浜松市中央区栄町８－４" }, "geometry": { "type": "Point", "coordinates": [ 137.725137, 34.704546 ] } },
{ "type": "Feature", "properties": { "ID": 2233223300890, "正式名称": "ナガタ歯科医院", "機関区分": 3, "都道府県コード": 22, "市区町村コード": 138, "所在地": "静岡県浜松市中央区幸２－３－５", "緯度": 34.738705, "経度": 137.726448, "url": "https://www.iryou.teikyouseido.mhlw.go.jp/znk-web/juminkanja/S2430/initialize?prefCd=22&kikanCd=3223300890&kikanKbn=3", "url2": null, "内容": "ナガタ歯科医院【3:歯科】静岡県浜松市中央区幸２－３－５" }, "geometry": { "type": "Point", "coordinates": [ 137.726448, 34.738705 ] } },
{ "type": "Feature", "properties": { "ID": 2233223301480, "正式名称": "糟谷歯科医院", "機関区分": 3, "都道府県コード": 22, "市区町村コード": 138, "所在地": "静岡県浜松市中央区西伊場町１１番２５号", "緯度": 34.69957, "経度": 137.707507, "url": "https://www.iryou.teikyouseido.mhlw.go.jp/znk-web/juminkanja/S2430/initialize?prefCd=22&kikanCd=3223301480&kikanKbn=3", "url2": null, "内容": "糟谷歯科医院【3:歯科】静岡県浜松市中央区西伊場町１１番２５号" }, "geometry": { "type": "Point", "coordinates": [ 137.707507, 34.69957 ] } },
{ "type": "Feature", "properties": { "ID": 2233223301770, "正式名称": "神谷歯科医院", "機関区分": 3, "都道府県コード": 22, "市区町村コード": 138, "所在地": "静岡県浜松市中央区村櫛町３１５９", "緯度": 34.727006, "経度": 137.592206, "url": "https://www.iryou.teikyouseido.mhlw.go.jp/znk-web/juminkanja/S2430/initialize?prefCd=22&kikanCd=3223301770&kikanKbn=3", "url2": null, "内容": "神谷歯科医院【3:歯科】静岡県浜松市中央区村櫛町３１５９" }, "geometry": { "type": "Point", "coordinates": [ 137.592206, 34.727006 ] } },
{ "type": "Feature", "properties": { "ID": 2233223302100, "正式名称": "松龍堂歯科医院", "機関区分": 3, "都道府県コード": 22, "市区町村コード": 138, "所在地": "静岡県浜松市中央区海老塚町７６７", "緯度": 34.69571, "経度": 137.733588, "url": "https://www.iryou.teikyouseido.mhlw.go.jp/znk-web/juminkanja/S2430/initialize?prefCd=22&kikanCd=3223302100&kikanKbn=3", "url2": "http://shouryudo.jp/", "内容": "松龍堂歯科医院【3:歯科】静岡県浜松市中央区海老塚町７６７" }, "geometry": { "type": "Point", "coordinates": [ 137.733588, 34.69571 ] } },
{ "type": "Feature", "properties": { "ID": 2233223302230, "正式名称": "医療法人社団啓尚会スギヤマ歯科クリニック", "機関区分": 3, "都道府県コード": 22, "市区町村コード": 138, "所在地": "静岡県浜松市中央区元城町２１８－３", "緯度": 34.709181, "経度": 137.728227, "url": "https://www.iryou.teikyouseido.mhlw.go.jp/znk-web/juminkanja/S2430/initialize?prefCd=22&kikanCd=3223302230&kikanKbn=3", "url2": "http://www.sugident.com/", "内容": "医療法人社団啓尚会スギヤマ歯科クリニック【3:歯科】静岡県浜松市中央区元城町２１８－３" }, "geometry": { "type": "Point", "coordinates": [ 137.728227, 34.709181 ] } },
{ "type": "Feature", "properties": { "ID": 2233223302360, "正式名称": "竹山歯科医院", "機関区分": 3, "都道府県コード": 22, "市区町村コード": 138, "所在地": "静岡県浜松市中央区天龍川町７３", "緯度": 34.719875, "経度": 137.776778, "url": "https://www.iryou.teikyouseido.mhlw.go.jp/znk-web/juminkanja/S2430/initialize?prefCd=22&kikanCd=3223302360&kikanKbn=3", "url2": null, "内容": "竹山歯科医院【3:歯科】静岡県浜松市中央区天龍川町７３" }, "geometry": { "type": "Point", "coordinates": [ 137.776778, 34.719875 ] } },
{ "type": "Feature", "properties": { "ID": 2233223302520, "正式名称": "田中歯科医院", "機関区分": 3, "都道府県コード": 22, "市区町村コード": 138, "所在地": "静岡県浜松市中央区積志町１３４７", "緯度": 34.764366, "経度": 137.765281, "url": "https://www.iryou.teikyouseido.mhlw.go.jp/znk-web/juminkanja/S2430/initialize?prefCd=22&kikanCd=3223302520&kikanKbn=3", "url2": "https://tanaka-dental.sakura.ne.jp", "内容": "田中歯科医院【3:歯科】静岡県浜松市中央区積志町１３４７" }, "geometry": { "type": "Point", "coordinates": [ 137.765281, 34.764366 ] } },
{ "type": "Feature", "properties": { "ID": 2233223302650, "正式名称": "鳥居歯科医院", "機関区分": 3, "都道府県コード": 22, "市区町村コード": 138, "所在地": "静岡県浜松市中央区葵東１－４－１０", "緯度": 34.752648, "経度": 137.722586, "url": "https://www.iryou.teikyouseido.mhlw.go.jp/znk-web/juminkanja/S2430/initialize?prefCd=22&kikanCd=3223302650&kikanKbn=3", "url2": null, "内容": "鳥居歯科医院【3:歯科】静岡県浜松市中央区葵東１－４－１０" }, "geometry": { "type": "Point", "coordinates": [ 137.722586, 34.752648 ] } },
{ "type": "Feature", "properties": { "ID": 2233223303110, "正式名称": "深谷歯科医院", "機関区分": 3, "都道府県コード": 22, "市区町村コード": 138, "所在地": "静岡県浜松市中央区助信町１７－１８", "緯度": 34.722254, "経度": 137.73698, "url": "https://www.iryou.teikyouseido.mhlw.go.jp/znk-web/juminkanja/S2430/initialize?prefCd=22&kikanCd=3223303110&kikanKbn=3", "url2": null, "内容": "深谷歯科医院【3:歯科】静岡県浜松市中央区助信町１７－１８" }, "geometry": { "type": "Point", "coordinates": [ 137.73698, 34.722254 ] } },
{ "type": "Feature", "properties": { "ID": 2233223303370, "正式名称": "工藤歯科医院", "機関区分": 3, "都道府県コード": 22, "市区町村コード": 138, "所在地": "静岡県浜松市中央区将監町２４－９", "緯度": 34.715458, "経度": 137.756419, "url": "https://www.iryou.teikyouseido.mhlw.go.jp/znk-web/juminkanja/S2430/initialize?prefCd=22&kikanCd=3223303370&kikanKbn=3", "url2": null, "内容": "工藤歯科医院【3:歯科】静岡県浜松市中央区将監町２４－９" }, "geometry": { "type": "Point", "coordinates": [ 137.756419, 34.715458 ] } },
{ "type": "Feature", "properties": { "ID": 2233223303400, "正式名称": "本目矯正歯科医院", "機関区分": 3, "都道府県コード": 22, "市区町村コード": 138, "所在地": "静岡県浜松市中央区連尺町３１４ー２８", "緯度": 34.706848, "経度": 137.728282, "url": "https://www.iryou.teikyouseido.mhlw.go.jp/znk-web/juminkanja/S2430/initialize?prefCd=22&kikanCd=3223303400&kikanKbn=3", "url2": "http://www.homme-ortho.com/", "内容": "本目矯正歯科医院【3:歯科】静岡県浜松市中央区連尺町３１４ー２８" }, "geometry": { "type": "Point", "coordinates": [ 137.728282, 34.706848 ] } },
{ "type": "Feature", "properties": { "ID": 2233223304250, "正式名称": "医療法人社団　東秋会　鈴木歯科医院", "機関区分": 3, "都道府県コード": 22, "市区町村コード": 138, "所在地": "静岡県浜松市中央区元城町２１８－１１", "緯度": 34.708653, "経度": 137.728255, "url": "https://www.iryou.teikyouseido.mhlw.go.jp/znk-web/juminkanja/S2430/initialize?prefCd=22&kikanCd=3223304250&kikanKbn=3", "url2": null, "内容": "医療法人社団　東秋会　鈴木歯科医院【3:歯科】静岡県浜松市中央区元城町２１８－１１" }, "geometry": { "type": "Point", "coordinates": [ 137.728255, 34.708653 ] } },
{ "type": "Feature", "properties": { "ID": 2233223304670, "正式名称": "増井歯科医院", "機関区分": 3, "都道府県コード": 22, "市区町村コード": 138, "所在地": "静岡県浜松市中央区富塚町２１１４ー２５", "緯度": 34.725095, "経度": 137.696312, "url": "https://www.iryou.teikyouseido.mhlw.go.jp/znk-web/juminkanja/S2430/initialize?prefCd=22&kikanCd=3223304670&kikanKbn=3", "url2": null, "内容": "増井歯科医院【3:歯科】静岡県浜松市中央区富塚町２１１４ー２５" }, "geometry": { "type": "Point", "coordinates": [ 137.696312, 34.725095 ] } },
{ "type": "Feature", "properties": { "ID": 2233223304960, "正式名称": "飯嶋歯科浜団地診療所", "機関区分": 3, "都道府県コード": 22, "市区町村コード": 138, "所在地": "静岡県浜松市中央区遠州浜２－２４－１", "緯度": 34.657048, "経度": 137.767254, "url": "https://www.iryou.teikyouseido.mhlw.go.jp/znk-web/juminkanja/S2430/initialize?prefCd=22&kikanCd=3223304960&kikanKbn=3", "url2": null, "内容": "飯嶋歯科浜団地診療所【3:歯科】静岡県浜松市中央区遠州浜２－２４－１" }, "geometry": { "type": "Point", "coordinates": [ 137.767254, 34.657048 ] } },
{ "type": "Feature", "properties": { "ID": 2233223305390, "正式名称": "医療法人社団積成会オペラデンタルオフィス", "機関区分": 3, "都道府県コード": 22, "市区町村コード": 138, "所在地": "静岡県浜松市中央区広沢１－３－３", "緯度": 34.712208, "経度": 137.719061, "url": "https://www.iryou.teikyouseido.mhlw.go.jp/znk-web/juminkanja/S2430/initialize?prefCd=22&kikanCd=3223305390&kikanKbn=3", "url2": "https://www.opera-dental.jp/index.html", "内容": "医療法人社団積成会オペラデンタルオフィス【3:歯科】静岡県浜松市中央区広沢１－３－３" }, "geometry": { "type": "Point", "coordinates": [ 137.719061, 34.712208 ] } },
{ "type": "Feature", "properties": { "ID": 2233223305420, "正式名称": "松島歯科医院", "機関区分": 3, "都道府県コード": 22, "市区町村コード": 138, "所在地": "静岡県浜松市中央区広沢１－２６－９", "緯度": 34.717957, "経度": 137.714672, "url": "https://www.iryou.teikyouseido.mhlw.go.jp/znk-web/juminkanja/S2430/initialize?prefCd=22&kikanCd=3223305420&kikanKbn=3", "url2": null, "内容": "松島歯科医院【3:歯科】静岡県浜松市中央区広沢１－２６－９" }, "geometry": { "type": "Point", "coordinates": [ 137.714672, 34.717957 ] } },
{ "type": "Feature", "properties": { "ID": 2233223306980, "正式名称": "龍口歯科医院", "機関区分": 3, "都道府県コード": 22, "市区町村コード": 138, "所在地": "静岡県浜松市中央区成子町５３", "緯度": 34.700154, "経度": 137.726838, "url": "https://www.iryou.teikyouseido.mhlw.go.jp/znk-web/juminkanja/S2430/initialize?prefCd=22&kikanCd=3223306980&kikanKbn=3", "url2": null, "内容": "龍口歯科医院【3:歯科】静岡県浜松市中央区成子町５３" }, "geometry": { "type": "Point", "coordinates": [ 137.726838, 34.700154 ] } },
{ "type": "Feature", "properties": { "ID": 2233223307150, "正式名称": "鈴木歯科医院", "機関区分": 3, "都道府県コード": 22, "市区町村コード": 138, "所在地": "静岡県浜松市中央区田町３３１－６", "緯度": 34.706681, "経度": 137.732171, "url": "https://www.iryou.teikyouseido.mhlw.go.jp/znk-web/juminkanja/S2430/initialize?prefCd=22&kikanCd=3223307150&kikanKbn=3", "url2": null, "内容": "鈴木歯科医院【3:歯科】静岡県浜松市中央区田町３３１－６" }, "geometry": { "type": "Point", "coordinates": [ 137.732171, 34.706681 ] } },
{ "type": "Feature", "properties": { "ID": 2233223307280, "正式名称": "島田歯科医院", "機関区分": 3, "都道府県コード": 22, "市区町村コード": 138, "所在地": "静岡県浜松市中央区船越町１９－１３", "緯度": 34.715986, "経度": 137.742475, "url": "https://www.iryou.teikyouseido.mhlw.go.jp/znk-web/juminkanja/S2430/initialize?prefCd=22&kikanCd=3223307280&kikanKbn=3", "url2": null, "内容": "島田歯科医院【3:歯科】静岡県浜松市中央区船越町１９－１３" }, "geometry": { "type": "Point", "coordinates": [ 137.742475, 34.715986 ] } },
{ "type": "Feature", "properties": { "ID": 2233223307310, "正式名称": "清水歯科医院", "機関区分": 3, "都道府県コード": 22, "市区町村コード": 138, "所在地": "静岡県浜松市中央区布橋二丁目１０－６", "緯度": 34.719374, "経度": 137.717338, "url": "https://www.iryou.teikyouseido.mhlw.go.jp/znk-web/juminkanja/S2430/initialize?prefCd=22&kikanCd=3223307310&kikanKbn=3", "url2": "http://shimizu-dc.gr.jp", "内容": "清水歯科医院【3:歯科】静岡県浜松市中央区布橋二丁目１０－６" }, "geometry": { "type": "Point", "coordinates": [ 137.717338, 34.719374 ] } },
{ "type": "Feature", "properties": { "ID": 2233223307440, "正式名称": "山下歯科医院", "機関区分": 3, "都道府県コード": 22, "市区町村コード": 138, "所在地": "静岡県浜松市中央区和地山１－７－２０８", "緯度": 34.727123, "経度": 137.720366, "url": "https://www.iryou.teikyouseido.mhlw.go.jp/znk-web/juminkanja/S2430/initialize?prefCd=22&kikanCd=3223307440&kikanKbn=3", "url2": null, "内容": "山下歯科医院【3:歯科】静岡県浜松市中央区和地山１－７－２０８" }, "geometry": { "type": "Point", "coordinates": [ 137.720366, 34.727123 ] } },
{ "type": "Feature", "properties": { "ID": 2233223308030, "正式名称": "寺田歯科医院", "機関区分": 3, "都道府県コード": 22, "市区町村コード": 138, "所在地": "静岡県浜松市中央区泉一丁目５－５５", "緯度": 34.737844, "経度": 137.723476, "url": "https://www.iryou.teikyouseido.mhlw.go.jp/znk-web/juminkanja/S2430/initialize?prefCd=22&kikanCd=3223308030&kikanKbn=3", "url2": null, "内容": "寺田歯科医院【3:歯科】静岡県浜松市中央区泉一丁目５－５５" }, "geometry": { "type": "Point", "coordinates": [ 137.723476, 34.737844 ] } },
{ "type": "Feature", "properties": { "ID": 2233223308900, "正式名称": "糟谷歯科医院根上がり松診療所", "機関区分": 3, "都道府県コード": 22, "市区町村コード": 138, "所在地": "静岡県浜松市中央区鴨江２丁目５０－１０８", "緯度": 34.704736, "経度": 137.709062, "url": "https://www.iryou.teikyouseido.mhlw.go.jp/znk-web/juminkanja/S2430/initialize?prefCd=22&kikanCd=3223308900&kikanKbn=3", "url2": null, "内容": "糟谷歯科医院根上がり松診療所【3:歯科】静岡県浜松市中央区鴨江２丁目５０－１０８" }, "geometry": { "type": "Point", "coordinates": [ 137.709062, 34.704736 ] } },
{ "type": "Feature", "properties": { "ID": 2233223309750, "正式名称": "鈴木歯科", "機関区分": 3, "都道府県コード": 22, "市区町村コード": 138, "所在地": "静岡県浜松市中央区初生町１１５４－３７", "緯度": 34.773229, "経度": 137.728029, "url": "https://www.iryou.teikyouseido.mhlw.go.jp/znk-web/juminkanja/S2430/initialize?prefCd=22&kikanCd=3223309750&kikanKbn=3", "url2": null, "内容": "鈴木歯科【3:歯科】静岡県浜松市中央区初生町１１５４－３７" }, "geometry": { "type": "Point", "coordinates": [ 137.728029, 34.773229 ] } },
{ "type": "Feature", "properties": { "ID": 2233223311450, "正式名称": "松井歯科クリニック", "機関区分": 3, "都道府県コード": 22, "市区町村コード": 138, "所在地": "静岡県浜松市中央区萩丘４丁目１４－１６", "緯度": 34.747772, "経度": 137.735869, "url": "https://www.iryou.teikyouseido.mhlw.go.jp/znk-web/juminkanja/S2430/initialize?prefCd=22&kikanCd=3223311450&kikanKbn=3", "url2": null, "内容": "松井歯科クリニック【3:歯科】静岡県浜松市中央区萩丘４丁目１４－１６" }, "geometry": { "type": "Point", "coordinates": [ 137.735869, 34.747772 ] } },
{ "type": "Feature", "properties": { "ID": 2233223312040, "正式名称": "金原歯科医院", "機関区分": 3, "都道府県コード": 22, "市区町村コード": 138, "所在地": "静岡県浜松市中央区鴨江４－７－２５", "緯度": 34.704016, "経度": 137.717499, "url": "https://www.iryou.teikyouseido.mhlw.go.jp/znk-web/juminkanja/S2430/initialize?prefCd=22&kikanCd=3223312040&kikanKbn=3", "url2": null, "内容": "金原歯科医院【3:歯科】静岡県浜松市中央区鴨江４－７－２５" }, "geometry": { "type": "Point", "coordinates": [ 137.717499, 34.704016 ] } },
{ "type": "Feature", "properties": { "ID": 2233223312620, "正式名称": "大庭歯科医院", "機関区分": 3, "都道府県コード": 22, "市区町村コード": 138, "所在地": "静岡県浜松市中央区中沢町６４－６", "緯度": 34.72204, "経度": 137.730282, "url": "https://www.iryou.teikyouseido.mhlw.go.jp/znk-web/juminkanja/S2430/initialize?prefCd=22&kikanCd=3223312620&kikanKbn=3", "url2": null, "内容": "大庭歯科医院【3:歯科】静岡県浜松市中央区中沢町６４－６" }, "geometry": { "type": "Point", "coordinates": [ 137.730282, 34.72204 ] } },
{ "type": "Feature", "properties": { "ID": 2233223312880, "正式名称": "松下歯科医院", "機関区分": 3, "都道府県コード": 22, "市区町村コード": 138, "所在地": "静岡県浜松市中央区野口町４８３－２", "緯度": 34.715541, "経度": 137.738365, "url": "https://www.iryou.teikyouseido.mhlw.go.jp/znk-web/juminkanja/S2430/initialize?prefCd=22&kikanCd=3223312880&kikanKbn=3", "url2": null, "内容": "松下歯科医院【3:歯科】静岡県浜松市中央区野口町４８３－２" }, "geometry": { "type": "Point", "coordinates": [ 137.738365, 34.715541 ] } },
{ "type": "Feature", "properties": { "ID": 2233223312910, "正式名称": "河合歯科医院", "機関区分": 3, "都道府県コード": 22, "市区町村コード": 138, "所在地": "静岡県浜松市中央区細島町８－９", "緯度": 34.722596, "経度": 137.753807, "url": "https://www.iryou.teikyouseido.mhlw.go.jp/znk-web/juminkanja/S2430/initialize?prefCd=22&kikanCd=3223312910&kikanKbn=3", "url2": "https://www.dental-kawai.jp", "内容": "河合歯科医院【3:歯科】静岡県浜松市中央区細島町８－９" }, "geometry": { "type": "Point", "coordinates": [ 137.753807, 34.722596 ] } },
{ "type": "Feature", "properties": { "ID": 2233223313050, "正式名称": "丸山歯科医院", "機関区分": 3, "都道府県コード": 22, "市区町村コード": 138, "所在地": "静岡県浜松市中央区高林４－６－２３", "緯度": 34.729956, "経度": 137.733781, "url": "https://www.iryou.teikyouseido.mhlw.go.jp/znk-web/juminkanja/S2430/initialize?prefCd=22&kikanCd=3223313050&kikanKbn=3", "url2": "maruyama-dc.jp", "内容": "丸山歯科医院【3:歯科】静岡県浜松市中央区高林４－６－２３" }, "geometry": { "type": "Point", "coordinates": [ 137.733781, 34.729956 ] } },
{ "type": "Feature", "properties": { "ID": 2233223313180, "正式名称": "医療法人社団青風会手嶋歯科医院", "機関区分": 3, "都道府県コード": 22, "市区町村コード": 138, "所在地": "静岡県浜松市中央区元浜町３５－４", "緯度": 34.71268, "経度": 137.73256, "url": "https://www.iryou.teikyouseido.mhlw.go.jp/znk-web/juminkanja/S2430/initialize?prefCd=22&kikanCd=3223313180&kikanKbn=3", "url2": null, "内容": "医療法人社団青風会手嶋歯科医院【3:歯科】静岡県浜松市中央区元浜町３５－４" }, "geometry": { "type": "Point", "coordinates": [ 137.73256, 34.71268 ] } },
{ "type": "Feature", "properties": { "ID": 2233223313920, "正式名称": "大江歯科", "機関区分": 3, "都道府県コード": 22, "市区町村コード": 138, "所在地": "静岡県浜松市中央区上島五丁目４－３", "緯度": 34.743011, "経度": 137.741419, "url": "https://www.iryou.teikyouseido.mhlw.go.jp/znk-web/juminkanja/S2430/initialize?prefCd=22&kikanCd=3223313920&kikanKbn=3", "url2": null, "内容": "大江歯科【3:歯科】静岡県浜松市中央区上島五丁目４－３" }, "geometry": { "type": "Point", "coordinates": [ 137.741419, 34.743011 ] } },
{ "type": "Feature", "properties": { "ID": 2233223314190, "正式名称": "渡辺歯科口腔外科", "機関区分": 3, "都道府県コード": 22, "市区町村コード": 138, "所在地": "静岡県浜松市中央区佐鳴台５－３－１３", "緯度": 34.714291, "経度": 137.701923, "url": "https://www.iryou.teikyouseido.mhlw.go.jp/znk-web/juminkanja/S2430/initialize?prefCd=22&kikanCd=3223314190&kikanKbn=3", "url2": null, "内容": "渡辺歯科口腔外科【3:歯科】静岡県浜松市中央区佐鳴台５－３－１３" }, "geometry": { "type": "Point", "coordinates": [ 137.701923, 34.714291 ] } },
{ "type": "Feature", "properties": { "ID": 2233223314770, "正式名称": "竹下歯科医院", "機関区分": 3, "都道府県コード": 22, "市区町村コード": 138, "所在地": "静岡県浜松市中央区天神町９－２", "緯度": 34.710709, "経度": 137.751947, "url": "https://www.iryou.teikyouseido.mhlw.go.jp/znk-web/juminkanja/S2430/initialize?prefCd=22&kikanCd=3223314770&kikanKbn=3", "url2": "www.takeshita-dc.com", "内容": "竹下歯科医院【3:歯科】静岡県浜松市中央区天神町９－２" }, "geometry": { "type": "Point", "coordinates": [ 137.751947, 34.710709 ] } },
{ "type": "Feature", "properties": { "ID": 2233223314800, "正式名称": "高倉歯科医院", "機関区分": 3, "都道府県コード": 22, "市区町村コード": 138, "所在地": "静岡県浜松市中央区早出町１２０７－３３", "緯度": 34.732651, "経度": 137.750585, "url": "https://www.iryou.teikyouseido.mhlw.go.jp/znk-web/juminkanja/S2430/initialize?prefCd=22&kikanCd=3223314800&kikanKbn=3", "url2": "https://hamamatsu-takakura.jp/", "内容": "高倉歯科医院【3:歯科】静岡県浜松市中央区早出町１２０７－３３" }, "geometry": { "type": "Point", "coordinates": [ 137.750585, 34.732651 ] } },
{ "type": "Feature", "properties": { "ID": 2233223315100, "正式名称": "たつぐち歯科", "機関区分": 3, "都道府県コード": 22, "市区町村コード": 138, "所在地": "静岡県浜松市中央区上新屋町２２２－２", "緯度": 34.729262, "経度": 137.754252, "url": "https://www.iryou.teikyouseido.mhlw.go.jp/znk-web/juminkanja/S2430/initialize?prefCd=22&kikanCd=3223315100&kikanKbn=3", "url2": "http://tatsuguchi.dental", "内容": "たつぐち歯科【3:歯科】静岡県浜松市中央区上新屋町２２２－２" }, "geometry": { "type": "Point", "coordinates": [ 137.754252, 34.729262 ] } },
{ "type": "Feature", "properties": { "ID": 2233223315520, "正式名称": "凌雲堂歯科", "機関区分": 3, "都道府県コード": 22, "市区町村コード": 138, "所在地": "静岡県浜松市中央区鴨江一丁目８－２９", "緯度": 34.703403, "経度": 137.722839, "url": "https://www.iryou.teikyouseido.mhlw.go.jp/znk-web/juminkanja/S2430/initialize?prefCd=22&kikanCd=3223315520&kikanKbn=3", "url2": "https://ryouundo.com/", "内容": "凌雲堂歯科【3:歯科】静岡県浜松市中央区鴨江一丁目８－２９" }, "geometry": { "type": "Point", "coordinates": [ 137.722839, 34.703403 ] } },
{ "type": "Feature", "properties": { "ID": 2233223315780, "正式名称": "栩木歯科医院", "機関区分": 3, "都道府県コード": 22, "市区町村コード": 138, "所在地": "静岡県浜松市中央区入野町９２４０－１", "緯度": 34.699764, "経度": 137.682453, "url": "https://www.iryou.teikyouseido.mhlw.go.jp/znk-web/juminkanja/S2430/initialize?prefCd=22&kikanCd=3223315780&kikanKbn=3", "url2": null, "内容": "栩木歯科医院【3:歯科】静岡県浜松市中央区入野町９２４０－１" }, "geometry": { "type": "Point", "coordinates": [ 137.682453, 34.699764 ] } },
{ "type": "Feature", "properties": { "ID": 2233223315810, "正式名称": "坪井歯科医院", "機関区分": 3, "都道府県コード": 22, "市区町村コード": 138, "所在地": "静岡県浜松市中央区中島１－５－１", "緯度": 34.704043, "経度": 137.745587, "url": "https://www.iryou.teikyouseido.mhlw.go.jp/znk-web/juminkanja/S2430/initialize?prefCd=22&kikanCd=3223315810&kikanKbn=3", "url2": "http://www.tsuboi-dental.jp/", "内容": "坪井歯科医院【3:歯科】静岡県浜松市中央区中島１－５－１" }, "geometry": { "type": "Point", "coordinates": [ 137.745587, 34.704043 ] } },
{ "type": "Feature", "properties": { "ID": 2233223316240, "正式名称": "大村歯科医院", "機関区分": 3, "都道府県コード": 22, "市区町村コード": 138, "所在地": "静岡県浜松市中央区上石田町１５３７－３", "緯度": 34.749566, "経度": 137.784026, "url": "https://www.iryou.teikyouseido.mhlw.go.jp/znk-web/juminkanja/S2430/initialize?prefCd=22&kikanCd=3223316240&kikanKbn=3", "url2": null, "内容": "大村歯科医院【3:歯科】静岡県浜松市中央区上石田町１５３７－３" }, "geometry": { "type": "Point", "coordinates": [ 137.784026, 34.749566 ] } },
{ "type": "Feature", "properties": { "ID": 2233223316400, "正式名称": "橋本歯科医院", "機関区分": 3, "都道府県コード": 22, "市区町村コード": 138, "所在地": "静岡県浜松市中央区上島１－１７－３", "緯度": 34.738094, "経度": 137.740308, "url": "https://www.iryou.teikyouseido.mhlw.go.jp/znk-web/juminkanja/S2430/initialize?prefCd=22&kikanCd=3223316400&kikanKbn=3", "url2": null, "内容": "橋本歯科医院【3:歯科】静岡県浜松市中央区上島１－１７－３" }, "geometry": { "type": "Point", "coordinates": [ 137.740308, 34.738094 ] } },
{ "type": "Feature", "properties": { "ID": 2233223316790, "正式名称": "すぎやま歯科医院", "機関区分": 3, "都道府県コード": 22, "市区町村コード": 138, "所在地": "静岡県浜松市中央区蜆塚二丁目１４－１", "緯度": 34.712569, "経度": 137.707673, "url": "https://www.iryou.teikyouseido.mhlw.go.jp/znk-web/juminkanja/S2430/initialize?prefCd=22&kikanCd=3223316790&kikanKbn=3", "url2": null, "内容": "すぎやま歯科医院【3:歯科】静岡県浜松市中央区蜆塚二丁目１４－１" }, "geometry": { "type": "Point", "coordinates": [ 137.707673, 34.712569 ] } },
{ "type": "Feature", "properties": { "ID": 2233223316820, "正式名称": "浜松市口腔保健医療センター歯科室", "機関区分": 3, "都道府県コード": 22, "市区町村コード": 138, "所在地": "静岡県浜松市中央区鴨江２丁目１１－２", "緯度": 34.705181, "経度": 137.713645, "url": "https://www.iryou.teikyouseido.mhlw.go.jp/znk-web/juminkanja/S2430/initialize?prefCd=22&kikanCd=3223316820&kikanKbn=3", "url2": "https://www.city.hamamatsu.shizuoka.jp/kouku/medical/kyuujitu.html", "内容": "浜松市口腔保健医療センター歯科室【3:歯科】静岡県浜松市中央区鴨江２丁目１１－２" }, "geometry": { "type": "Point", "coordinates": [ 137.713645, 34.705181 ] } },
{ "type": "Feature", "properties": { "ID": 2233223316950, "正式名称": "フジタ歯科有楽街診療室", "機関区分": 3, "都道府県コード": 22, "市区町村コード": 138, "所在地": "静岡県浜松市中央区田町３１６－２８相曽ビル３階", "緯度": 34.707412, "経度": 137.729724, "url": "https://www.iryou.teikyouseido.mhlw.go.jp/znk-web/juminkanja/S2430/initialize?prefCd=22&kikanCd=3223316950&kikanKbn=3", "url2": null, "内容": "フジタ歯科有楽街診療室【3:歯科】静岡県浜松市中央区田町３１６－２８相曽ビル３階" }, "geometry": { "type": "Point", "coordinates": [ 137.729724, 34.707412 ] } },
{ "type": "Feature", "properties": { "ID": 2233223317090, "正式名称": "森田歯科医院", "機関区分": 3, "都道府県コード": 22, "市区町村コード": 138, "所在地": "静岡県浜松市中央区富塚町１６９０－１", "緯度": 34.727539, "経度": 137.702839, "url": "https://www.iryou.teikyouseido.mhlw.go.jp/znk-web/juminkanja/S2430/initialize?prefCd=22&kikanCd=3223317090&kikanKbn=3", "url2": "http://www5c.biglobe.ne.jp/~m-dent/", "内容": "森田歯科医院【3:歯科】静岡県浜松市中央区富塚町１６９０－１" }, "geometry": { "type": "Point", "coordinates": [ 137.702839, 34.727539 ] } },
{ "type": "Feature", "properties": { "ID": 2233223317380, "正式名称": "グリーン歯科ＳＵＺＵＫＩ", "機関区分": 3, "都道府県コード": 22, "市区町村コード": 138, "所在地": "静岡県浜松市中央区宮竹町６５０", "緯度": 34.719115, "経度": 137.763395, "url": "https://www.iryou.teikyouseido.mhlw.go.jp/znk-web/juminkanja/S2430/initialize?prefCd=22&kikanCd=3223317380&kikanKbn=3", "url2": "www.greendentalsuzuki.com", "内容": "グリーン歯科ＳＵＺＵＫＩ【3:歯科】静岡県浜松市中央区宮竹町６５０" }, "geometry": { "type": "Point", "coordinates": [ 137.763395, 34.719115 ] } },
{ "type": "Feature", "properties": { "ID": 2233223317700, "正式名称": "いぬづか子供歯科クリニック", "機関区分": 3, "都道府県コード": 22, "市区町村コード": 138, "所在地": "静岡県浜松市中央区半田町１４７１", "緯度": 34.767397, "経度": 137.747639, "url": "https://www.iryou.teikyouseido.mhlw.go.jp/znk-web/juminkanja/S2430/initialize?prefCd=22&kikanCd=3223317700&kikanKbn=3", "url2": "http://www.inuzuka-kodomo-sika.jp/", "内容": "いぬづか子供歯科クリニック【3:歯科】静岡県浜松市中央区半田町１４７１" }, "geometry": { "type": "Point", "coordinates": [ 137.747639, 34.767397 ] } },
{ "type": "Feature", "properties": { "ID": 2233223318390, "正式名称": "いとう歯科医院", "機関区分": 3, "都道府県コード": 22, "市区町村コード": 138, "所在地": "静岡県浜松市中央区三方原町４６０－４", "緯度": 34.778312, "経度": 137.718336, "url": "https://www.iryou.teikyouseido.mhlw.go.jp/znk-web/juminkanja/S2430/initialize?prefCd=22&kikanCd=3223318390&kikanKbn=3", "url2": null, "内容": "いとう歯科医院【3:歯科】静岡県浜松市中央区三方原町４６０－４" }, "geometry": { "type": "Point", "coordinates": [ 137.718336, 34.778312 ] } },
{ "type": "Feature", "properties": { "ID": 2233223318420, "正式名称": "藤田歯科医院", "機関区分": 3, "都道府県コード": 22, "市区町村コード": 138, "所在地": "静岡県浜松市中央区篠原町１１１２５－１", "緯度": 34.684793, "経度": 137.6599, "url": "https://www.iryou.teikyouseido.mhlw.go.jp/znk-web/juminkanja/S2430/initialize?prefCd=22&kikanCd=3223318420&kikanKbn=3", "url2": null, "内容": "藤田歯科医院【3:歯科】静岡県浜松市中央区篠原町１１１２５－１" }, "geometry": { "type": "Point", "coordinates": [ 137.6599, 34.684793 ] } },
{ "type": "Feature", "properties": { "ID": 2233223318970, "正式名称": "大林歯科医院", "機関区分": 3, "都道府県コード": 22, "市区町村コード": 138, "所在地": "静岡県浜松市中央区西町８０７", "緯度": 34.683406, "経度": 137.778502, "url": "https://www.iryou.teikyouseido.mhlw.go.jp/znk-web/juminkanja/S2430/initialize?prefCd=22&kikanCd=3223318970&kikanKbn=3", "url2": null, "内容": "大林歯科医院【3:歯科】静岡県浜松市中央区西町８０７" }, "geometry": { "type": "Point", "coordinates": [ 137.778502, 34.683406 ] } },
{ "type": "Feature", "properties": { "ID": 2233223319010, "正式名称": "神山歯科医院", "機関区分": 3, "都道府県コード": 22, "市区町村コード": 138, "所在地": "静岡県浜松市中央区三方原町９７２－１", "緯度": 34.779034, "経度": 137.710558, "url": "https://www.iryou.teikyouseido.mhlw.go.jp/znk-web/juminkanja/S2430/initialize?prefCd=22&kikanCd=3223319010&kikanKbn=3", "url2": "http://www.citydo.com/sp/053-436-6480", "内容": "神山歯科医院【3:歯科】静岡県浜松市中央区三方原町９７２－１" }, "geometry": { "type": "Point", "coordinates": [ 137.710558, 34.779034 ] } },
{ "type": "Feature", "properties": { "ID": 2233223319300, "正式名称": "平野歯科医院", "機関区分": 3, "都道府県コード": 22, "市区町村コード": 138, "所在地": "静岡県浜松市中央区松小池町１６０", "緯度": 34.737234, "経度": 137.792498, "url": "https://www.iryou.teikyouseido.mhlw.go.jp/znk-web/juminkanja/S2430/initialize?prefCd=22&kikanCd=3223319300&kikanKbn=3", "url2": "http://www.hirano-dc.info/", "内容": "平野歯科医院【3:歯科】静岡県浜松市中央区松小池町１６０" }, "geometry": { "type": "Point", "coordinates": [ 137.792498, 34.737234 ] } },
{ "type": "Feature", "properties": { "ID": 2233223319430, "正式名称": "ニワ歯科医院", "機関区分": 3, "都道府県コード": 22, "市区町村コード": 138, "所在地": "静岡県浜松市中央区小池町２６６８－１", "緯度": 34.743066, "経度": 137.756917, "url": "https://www.iryou.teikyouseido.mhlw.go.jp/znk-web/juminkanja/S2430/initialize?prefCd=22&kikanCd=3223319430&kikanKbn=3", "url2": "seiwakai-niwa.com", "内容": "ニワ歯科医院【3:歯科】静岡県浜松市中央区小池町２６６８－１" }, "geometry": { "type": "Point", "coordinates": [ 137.756917, 34.743066 ] } },
{ "type": "Feature", "properties": { "ID": 2233223319850, "正式名称": "医療法人社団　銀輪会　長谷川歯科医院", "機関区分": 3, "都道府県コード": 22, "市区町村コード": 138, "所在地": "静岡県浜松市中央区旭町１１－１　プレスタワー８階", "緯度": 34.70482, "経度": 137.732477, "url": "https://www.iryou.teikyouseido.mhlw.go.jp/znk-web/juminkanja/S2430/initialize?prefCd=22&kikanCd=3223319850&kikanKbn=3", "url2": "http://www.hasegawa-implant.com", "内容": "医療法人社団　銀輪会　長谷川歯科医院【3:歯科】静岡県浜松市中央区旭町１１－１　プレスタワー８階" }, "geometry": { "type": "Point", "coordinates": [ 137.732477, 34.70482 ] } },
{ "type": "Feature", "properties": { "ID": 2233223320830, "正式名称": "鈴木歯科クリニック", "機関区分": 3, "都道府県コード": 22, "市区町村コード": 138, "所在地": "静岡県浜松市中央区伊左地町８８７５", "緯度": 34.75112, "経度": 137.672146, "url": "https://www.iryou.teikyouseido.mhlw.go.jp/znk-web/juminkanja/S2430/initialize?prefCd=22&kikanCd=3223320830&kikanKbn=3", "url2": "http://www.kouyukai-dental.or.jp/", "内容": "鈴木歯科クリニック【3:歯科】静岡県浜松市中央区伊左地町８８７５" }, "geometry": { "type": "Point", "coordinates": [ 137.672146, 34.75112 ] } },
{ "type": "Feature", "properties": { "ID": 2233223321390, "正式名称": "大塚歯科医院", "機関区分": 3, "都道府県コード": 22, "市区町村コード": 138, "所在地": "静岡県浜松市中央区西島町２００－１", "緯度": 34.671435, "経度": 137.768364, "url": "https://www.iryou.teikyouseido.mhlw.go.jp/znk-web/juminkanja/S2430/initialize?prefCd=22&kikanCd=3223321390&kikanKbn=3", "url2": null, "内容": "大塚歯科医院【3:歯科】静岡県浜松市中央区西島町２００－１" }, "geometry": { "type": "Point", "coordinates": [ 137.768364, 34.671435 ] } },
{ "type": "Feature", "properties": { "ID": 2233223321420, "正式名称": "森歯科名塚診療所", "機関区分": 3, "都道府県コード": 22, "市区町村コード": 138, "所在地": "静岡県浜松市中央区名塚町１８５－２", "緯度": 34.701543, "経度": 137.756114, "url": "https://www.iryou.teikyouseido.mhlw.go.jp/znk-web/juminkanja/S2430/initialize?prefCd=22&kikanCd=3223321420&kikanKbn=3", "url2": null, "内容": "森歯科名塚診療所【3:歯科】静岡県浜松市中央区名塚町１８５－２" }, "geometry": { "type": "Point", "coordinates": [ 137.756114, 34.701543 ] } },
{ "type": "Feature", "properties": { "ID": 2233223321680, "正式名称": "桑原歯科クリニック", "機関区分": 3, "都道府県コード": 22, "市区町村コード": 138, "所在地": "静岡県浜松市中央区富塚町２０１９－３", "緯度": 34.722262, "経度": 137.698062, "url": "https://www.iryou.teikyouseido.mhlw.go.jp/znk-web/juminkanja/S2430/initialize?prefCd=22&kikanCd=3223321680&kikanKbn=3", "url2": "http://www.kuwabara-dc.com/", "内容": "桑原歯科クリニック【3:歯科】静岡県浜松市中央区富塚町２０１９－３" }, "geometry": { "type": "Point", "coordinates": [ 137.698062, 34.722262 ] } },
{ "type": "Feature", "properties": { "ID": 2233223321840, "正式名称": "寺田歯科", "機関区分": 3, "都道府県コード": 22, "市区町村コード": 138, "所在地": "静岡県浜松市中央区入野町６２４９－２", "緯度": 34.698237, "経度": 137.689925, "url": "https://www.iryou.teikyouseido.mhlw.go.jp/znk-web/juminkanja/S2430/initialize?prefCd=22&kikanCd=3223321840&kikanKbn=3", "url2": "http://www.drterada.com", "内容": "寺田歯科【3:歯科】静岡県浜松市中央区入野町６２４９－２" }, "geometry": { "type": "Point", "coordinates": [ 137.689925, 34.698237 ] } },
{ "type": "Feature", "properties": { "ID": 2233223321970, "正式名称": "山崎歯科クリニック", "機関区分": 3, "都道府県コード": 22, "市区町村コード": 138, "所在地": "静岡県浜松市中央区三島町２５４－１", "緯度": 34.685822, "経度": 137.740005, "url": "https://www.iryou.teikyouseido.mhlw.go.jp/znk-web/juminkanja/S2430/initialize?prefCd=22&kikanCd=3223321970&kikanKbn=3", "url2": "http://www.ydc6480.com/", "内容": "山崎歯科クリニック【3:歯科】静岡県浜松市中央区三島町２５４－１" }, "geometry": { "type": "Point", "coordinates": [ 137.740005, 34.685822 ] } },
{ "type": "Feature", "properties": { "ID": 2233223322010, "正式名称": "柴木歯科医院", "機関区分": 3, "都道府県コード": 22, "市区町村コード": 138, "所在地": "静岡県浜松市中央区富塚町１５７４－１１", "緯度": 34.732539, "経度": 137.712727, "url": "https://www.iryou.teikyouseido.mhlw.go.jp/znk-web/juminkanja/S2430/initialize?prefCd=22&kikanCd=3223322010&kikanKbn=3", "url2": null, "内容": "柴木歯科医院【3:歯科】静岡県浜松市中央区富塚町１５７４－１１" }, "geometry": { "type": "Point", "coordinates": [ 137.712727, 34.732539 ] } },
{ "type": "Feature", "properties": { "ID": 2233223322270, "正式名称": "松永歯科医院", "機関区分": 3, "都道府県コード": 22, "市区町村コード": 138, "所在地": "静岡県浜松市中央区貴平町１７２０", "緯度": 34.758788, "経度": 137.79608, "url": "https://www.iryou.teikyouseido.mhlw.go.jp/znk-web/juminkanja/S2430/initialize?prefCd=22&kikanCd=3223322270&kikanKbn=3", "url2": null, "内容": "松永歯科医院【3:歯科】静岡県浜松市中央区貴平町１７２０" }, "geometry": { "type": "Point", "coordinates": [ 137.79608, 34.758788 ] } },
{ "type": "Feature", "properties": { "ID": 2233223322430, "正式名称": "山本歯科クリニック", "機関区分": 3, "都道府県コード": 22, "市区町村コード": 138, "所在地": "静岡県浜松市中央区参野町１５６－４", "緯度": 34.694516, "経度": 137.755392, "url": "https://www.iryou.teikyouseido.mhlw.go.jp/znk-web/juminkanja/S2430/initialize?prefCd=22&kikanCd=3223322430&kikanKbn=3", "url2": null, "内容": "山本歯科クリニック【3:歯科】静岡県浜松市中央区参野町１５６－４" }, "geometry": { "type": "Point", "coordinates": [ 137.755392, 34.694516 ] } },
{ "type": "Feature", "properties": { "ID": 2233223322560, "正式名称": "鎌田歯科医院", "機関区分": 3, "都道府県コード": 22, "市区町村コード": 138, "所在地": "静岡県浜松市中央区三方原町１３６９－２", "緯度": 34.78445, "経度": 137.711225, "url": "https://www.iryou.teikyouseido.mhlw.go.jp/znk-web/juminkanja/S2430/initialize?prefCd=22&kikanCd=3223322560&kikanKbn=3", "url2": "https://dr-kamada.jp/", "内容": "鎌田歯科医院【3:歯科】静岡県浜松市中央区三方原町１３６９－２" }, "geometry": { "type": "Point", "coordinates": [ 137.711225, 34.78445 ] } },
{ "type": "Feature", "properties": { "ID": 2233223322690, "正式名称": "小栗歯科医院", "機関区分": 3, "都道府県コード": 22, "市区町村コード": 138, "所在地": "静岡県浜松市中央区葵西６－２２－２", "緯度": 34.770868, "経度": 137.701393, "url": "https://www.iryou.teikyouseido.mhlw.go.jp/znk-web/juminkanja/S2430/initialize?prefCd=22&kikanCd=3223322690&kikanKbn=3", "url2": null, "内容": "小栗歯科医院【3:歯科】静岡県浜松市中央区葵西６－２２－２" }, "geometry": { "type": "Point", "coordinates": [ 137.701393, 34.770868 ] } },
{ "type": "Feature", "properties": { "ID": 2233223322720, "正式名称": "キムラ歯科クリニック", "機関区分": 3, "都道府県コード": 22, "市区町村コード": 138, "所在地": "静岡県浜松市中央区市野町５４１", "緯度": 34.749406, "経度": 137.76461, "url": "https://www.iryou.teikyouseido.mhlw.go.jp/znk-web/juminkanja/S2430/initialize?prefCd=22&kikanCd=3223322720&kikanKbn=3", "url2": "http://www.kimura-dc.dr-clinic.jp/", "内容": "キムラ歯科クリニック【3:歯科】静岡県浜松市中央区市野町５４１" }, "geometry": { "type": "Point", "coordinates": [ 137.76461, 34.749406 ] } },
{ "type": "Feature", "properties": { "ID": 2233223322850, "正式名称": "松田歯科医院", "機関区分": 3, "都道府県コード": 22, "市区町村コード": 138, "所在地": "静岡県浜松市中央区和合町９３６－５１２", "緯度": 34.739483, "経度": 137.706338, "url": "https://www.iryou.teikyouseido.mhlw.go.jp/znk-web/juminkanja/S2430/initialize?prefCd=22&kikanCd=3223322850&kikanKbn=3", "url2": null, "内容": "松田歯科医院【3:歯科】静岡県浜松市中央区和合町９３６－５１２" }, "geometry": { "type": "Point", "coordinates": [ 137.706338, 34.739483 ] } },
{ "type": "Feature", "properties": { "ID": 2233223323150, "正式名称": "医療法人社団スマイル会きた矯正歯科クリニック", "機関区分": 3, "都道府県コード": 22, "市区町村コード": 138, "所在地": "静岡県浜松市中央区砂山町３２０－４シティ２１ビル５階", "緯度": 34.703765, "経度": 137.733616, "url": "https://www.iryou.teikyouseido.mhlw.go.jp/znk-web/juminkanja/S2430/initialize?prefCd=22&kikanCd=3223323150&kikanKbn=3", "url2": "http://www.kita-orthodontic.com/", "内容": "医療法人社団スマイル会きた矯正歯科クリニック【3:歯科】静岡県浜松市中央区砂山町３２０－４シティ２１ビル５階" }, "geometry": { "type": "Point", "coordinates": [ 137.733616, 34.703765 ] } },
{ "type": "Feature", "properties": { "ID": 2233223323280, "正式名称": "飯島歯科医院", "機関区分": 3, "都道府県コード": 22, "市区町村コード": 138, "所在地": "静岡県浜松市中央区神ケ谷町８９６５－１", "緯度": 34.724507, "経度": 137.687228, "url": "https://www.iryou.teikyouseido.mhlw.go.jp/znk-web/juminkanja/S2430/initialize?prefCd=22&kikanCd=3223323280&kikanKbn=3", "url2": null, "内容": "飯島歯科医院【3:歯科】静岡県浜松市中央区神ケ谷町８９６５－１" }, "geometry": { "type": "Point", "coordinates": [ 137.687228, 34.724507 ] } },
{ "type": "Feature", "properties": { "ID": 2233223323440, "正式名称": "神沢歯科医院", "機関区分": 3, "都道府県コード": 22, "市区町村コード": 138, "所在地": "静岡県浜松市中央区大原町３－７", "緯度": 34.793866, "経度": 137.730945, "url": "https://www.iryou.teikyouseido.mhlw.go.jp/znk-web/juminkanja/S2430/initialize?prefCd=22&kikanCd=3223323440&kikanKbn=3", "url2": null, "内容": "神沢歯科医院【3:歯科】静岡県浜松市中央区大原町３－７" }, "geometry": { "type": "Point", "coordinates": [ 137.730945, 34.793866 ] } },
{ "type": "Feature", "properties": { "ID": 2233223323600, "正式名称": "篠ケ瀬歯科", "機関区分": 3, "都道府県コード": 22, "市区町村コード": 138, "所在地": "静岡県浜松市中央区篠ケ瀬町７６１", "緯度": 34.727675, "経度": 137.775973, "url": "https://www.iryou.teikyouseido.mhlw.go.jp/znk-web/juminkanja/S2430/initialize?prefCd=22&kikanCd=3223323600&kikanKbn=3", "url2": "http://www.sasagaseshika.com/", "内容": "篠ケ瀬歯科【3:歯科】静岡県浜松市中央区篠ケ瀬町７６１" }, "geometry": { "type": "Point", "coordinates": [ 137.775973, 34.727675 ] } },
{ "type": "Feature", "properties": { "ID": 2233223323730, "正式名称": "池谷歯科", "機関区分": 3, "都道府県コード": 22, "市区町村コード": 138, "所在地": "静岡県浜松市中央区三方原町２３５７－２", "緯度": 34.787255, "経度": 137.698781, "url": "https://www.iryou.teikyouseido.mhlw.go.jp/znk-web/juminkanja/S2430/initialize?prefCd=22&kikanCd=3223323730&kikanKbn=3", "url2": null, "内容": "池谷歯科【3:歯科】静岡県浜松市中央区三方原町２３５７－２" }, "geometry": { "type": "Point", "coordinates": [ 137.698781, 34.787255 ] } },
{ "type": "Feature", "properties": { "ID": 2233223323860, "正式名称": "たけだ歯科", "機関区分": 3, "都道府県コード": 22, "市区町村コード": 138, "所在地": "静岡県浜松市中央区安松町３９－１１", "緯度": 34.695377, "経度": 137.770391, "url": "https://www.iryou.teikyouseido.mhlw.go.jp/znk-web/juminkanja/S2430/initialize?prefCd=22&kikanCd=3223323860&kikanKbn=3", "url2": null, "内容": "たけだ歯科【3:歯科】静岡県浜松市中央区安松町３９－１１" }, "geometry": { "type": "Point", "coordinates": [ 137.770391, 34.695377 ] } },
{ "type": "Feature", "properties": { "ID": 2233223324030, "正式名称": "松本歯科医院", "機関区分": 3, "都道府県コード": 22, "市区町村コード": 138, "所在地": "静岡県浜松市中央区東伊場二丁目９－１７　アルシュ", "緯度": 34.69859, "経度": 137.720458, "url": "https://www.iryou.teikyouseido.mhlw.go.jp/znk-web/juminkanja/S2430/initialize?prefCd=22&kikanCd=3223324030&kikanKbn=3", "url2": null, "内容": "松本歯科医院【3:歯科】静岡県浜松市中央区東伊場二丁目９－１７　アルシュ" }, "geometry": { "type": "Point", "coordinates": [ 137.720458, 34.69859 ] } },
{ "type": "Feature", "properties": { "ID": 2233223324160, "正式名称": "小沢歯科医院", "機関区分": 3, "都道府県コード": 22, "市区町村コード": 138, "所在地": "静岡県浜松市中央区白羽町２４７９－３", "緯度": 34.667296, "経度": 137.73009, "url": "https://www.iryou.teikyouseido.mhlw.go.jp/znk-web/juminkanja/S2430/initialize?prefCd=22&kikanCd=3223324160&kikanKbn=3", "url2": "http://ozawa-dental.jp", "内容": "小沢歯科医院【3:歯科】静岡県浜松市中央区白羽町２４７９－３" }, "geometry": { "type": "Point", "coordinates": [ 137.73009, 34.667296 ] } },
{ "type": "Feature", "properties": { "ID": 2233223324320, "正式名称": "すずらん歯科", "機関区分": 3, "都道府県コード": 22, "市区町村コード": 138, "所在地": "静岡県浜松市中央区笠井新田町６５５－２", "緯度": 34.767509, "経度": 137.788219, "url": "https://www.iryou.teikyouseido.mhlw.go.jp/znk-web/juminkanja/S2430/initialize?prefCd=22&kikanCd=3223324320&kikanKbn=3", "url2": null, "内容": "すずらん歯科【3:歯科】静岡県浜松市中央区笠井新田町６５５－２" }, "geometry": { "type": "Point", "coordinates": [ 137.788219, 34.767509 ] } },
{ "type": "Feature", "properties": { "ID": 2233223324450, "正式名称": "医療法人社団晃和会　椎名歯科医院", "機関区分": 3, "都道府県コード": 22, "市区町村コード": 138, "所在地": "静岡県浜松市中央区下石田町１５２３－１", "緯度": 34.736123, "経度": 137.782082, "url": "https://www.iryou.teikyouseido.mhlw.go.jp/znk-web/juminkanja/S2430/initialize?prefCd=22&kikanCd=3223324450&kikanKbn=3", "url2": "www.shiina-shika-iin.com", "内容": "医療法人社団晃和会　椎名歯科医院【3:歯科】静岡県浜松市中央区下石田町１５２３－１" }, "geometry": { "type": "Point", "coordinates": [ 137.782082, 34.736123 ] } },
{ "type": "Feature", "properties": { "ID": 2233223324580, "正式名称": "山本歯科豊岡診療所", "機関区分": 3, "都道府県コード": 22, "市区町村コード": 138, "所在地": "静岡県浜松市中央区豊岡町１９５－５", "緯度": 34.789672, "経度": 137.720085, "url": "https://www.iryou.teikyouseido.mhlw.go.jp/znk-web/juminkanja/S2430/initialize?prefCd=22&kikanCd=3223324580&kikanKbn=3", "url2": null, "内容": "山本歯科豊岡診療所【3:歯科】静岡県浜松市中央区豊岡町１９５－５" }, "geometry": { "type": "Point", "coordinates": [ 137.720085, 34.789672 ] } },
{ "type": "Feature", "properties": { "ID": 2233223324870, "正式名称": "ふかや歯科医院", "機関区分": 3, "都道府県コード": 22, "市区町村コード": 138, "所在地": "静岡県浜松市中央区和合町２４３－１", "緯度": 34.737372, "経度": 137.713421, "url": "https://www.iryou.teikyouseido.mhlw.go.jp/znk-web/juminkanja/S2430/initialize?prefCd=22&kikanCd=3223324870&kikanKbn=3", "url2": null, "内容": "ふかや歯科医院【3:歯科】静岡県浜松市中央区和合町２４３－１" }, "geometry": { "type": "Point", "coordinates": [ 137.713421, 34.737372 ] } },
{ "type": "Feature", "properties": { "ID": 2233223324900, "正式名称": "中村歯科医院", "機関区分": 3, "都道府県コード": 22, "市区町村コード": 138, "所在地": "静岡県浜松市中央区木戸町３－３２", "緯度": 34.70882, "経度": 137.74267, "url": "https://www.iryou.teikyouseido.mhlw.go.jp/znk-web/juminkanja/S2430/initialize?prefCd=22&kikanCd=3223324900&kikanKbn=3", "url2": null, "内容": "中村歯科医院【3:歯科】静岡県浜松市中央区木戸町３－３２" }, "geometry": { "type": "Point", "coordinates": [ 137.74267, 34.70882 ] } },
{ "type": "Feature", "properties": { "ID": 2233223325170, "正式名称": "まつだファミリー歯科", "機関区分": 3, "都道府県コード": 22, "市区町村コード": 138, "所在地": "静岡県浜松市中央区舘山寺町２３５７", "緯度": 34.761951, "経度": 137.613928, "url": "https://www.iryou.teikyouseido.mhlw.go.jp/znk-web/juminkanja/S2430/initialize?prefCd=22&kikanCd=3223325170&kikanKbn=3", "url2": null, "内容": "まつだファミリー歯科【3:歯科】静岡県浜松市中央区舘山寺町２３５７" }, "geometry": { "type": "Point", "coordinates": [ 137.613928, 34.761951 ] } },
{ "type": "Feature", "properties": { "ID": 2233223325460, "正式名称": "北脇歯科室", "機関区分": 3, "都道府県コード": 22, "市区町村コード": 138, "所在地": "静岡県浜松市中央区助信町４５－１０", "緯度": 34.724849, "経度": 137.738493, "url": "https://www.iryou.teikyouseido.mhlw.go.jp/znk-web/juminkanja/S2430/initialize?prefCd=22&kikanCd=3223325460&kikanKbn=3", "url2": "http://www.kitawakishika.jp/", "内容": "北脇歯科室【3:歯科】静岡県浜松市中央区助信町４５－１０" }, "geometry": { "type": "Point", "coordinates": [ 137.738493, 34.724849 ] } },
{ "type": "Feature", "properties": { "ID": 2233223325620, "正式名称": "たてべ歯科医院", "機関区分": 3, "都道府県コード": 22, "市区町村コード": 138, "所在地": "静岡県浜松市中央区本郷町１３６６－３", "緯度": 34.697238, "経度": 137.759947, "url": "https://www.iryou.teikyouseido.mhlw.go.jp/znk-web/juminkanja/S2430/initialize?prefCd=22&kikanCd=3223325620&kikanKbn=3", "url2": null, "内容": "たてべ歯科医院【3:歯科】静岡県浜松市中央区本郷町１３６６－３" }, "geometry": { "type": "Point", "coordinates": [ 137.759947, 34.697238 ] } },
{ "type": "Feature", "properties": { "ID": 2233223325750, "正式名称": "柳澤歯科医院", "機関区分": 3, "都道府県コード": 22, "市区町村コード": 138, "所在地": "静岡県浜松市中央区三幸町４６１－３", "緯度": 34.803754, "経度": 137.713779, "url": "https://www.iryou.teikyouseido.mhlw.go.jp/znk-web/juminkanja/S2430/initialize?prefCd=22&kikanCd=3223325750&kikanKbn=3", "url2": "https://jbbbv-yanagisawashika.crayonsite.com", "内容": "柳澤歯科医院【3:歯科】静岡県浜松市中央区三幸町４６１－３" }, "geometry": { "type": "Point", "coordinates": [ 137.713779, 34.803754 ] } },
{ "type": "Feature", "properties": { "ID": 2233223325910, "正式名称": "せりざわ歯科医院", "機関区分": 3, "都道府県コード": 22, "市区町村コード": 138, "所在地": "静岡県浜松市中央区中郡町３８２－１", "緯度": 34.778285, "経度": 137.778803, "url": "https://www.iryou.teikyouseido.mhlw.go.jp/znk-web/juminkanja/S2430/initialize?prefCd=22&kikanCd=3223325910&kikanKbn=3", "url2": null, "内容": "せりざわ歯科医院【3:歯科】静岡県浜松市中央区中郡町３８２－１" }, "geometry": { "type": "Point", "coordinates": [ 137.778803, 34.778285 ] } },
{ "type": "Feature", "properties": { "ID": 2233223326050, "正式名称": "中山歯科クリニック", "機関区分": 3, "都道府県コード": 22, "市区町村コード": 138, "所在地": "静岡県浜松市中央区庄内町８－１", "緯度": 34.755368, "経度": 137.607901, "url": "https://www.iryou.teikyouseido.mhlw.go.jp/znk-web/juminkanja/S2430/initialize?prefCd=22&kikanCd=3223326050&kikanKbn=3", "url2": null, "内容": "中山歯科クリニック【3:歯科】静岡県浜松市中央区庄内町８－１" }, "geometry": { "type": "Point", "coordinates": [ 137.607901, 34.755368 ] } },
{ "type": "Feature", "properties": { "ID": 2233223326180, "正式名称": "医療法人社団　藤井歯科クリニック", "機関区分": 3, "都道府県コード": 22, "市区町村コード": 138, "所在地": "静岡県浜松市中央区葵東３－２－３７", "緯度": 34.762814, "経度": 137.720419, "url": "https://www.iryou.teikyouseido.mhlw.go.jp/znk-web/juminkanja/S2430/initialize?prefCd=22&kikanCd=3223326180&kikanKbn=3", "url2": "https://itp.ne.jp/info/225721931145641630/", "内容": "医療法人社団　藤井歯科クリニック【3:歯科】静岡県浜松市中央区葵東３－２－３７" }, "geometry": { "type": "Point", "coordinates": [ 137.720419, 34.762814 ] } },
{ "type": "Feature", "properties": { "ID": 2233223326470, "正式名称": "しむら歯科医院", "機関区分": 3, "都道府県コード": 22, "市区町村コード": 139, "所在地": "静岡県浜松市浜名区都田町８７８６", "緯度": 34.812872, "経度": 137.734988, "url": "https://www.iryou.teikyouseido.mhlw.go.jp/znk-web/juminkanja/S2430/initialize?prefCd=22&kikanCd=3223326470&kikanKbn=3", "url2": "www.shimuradental.com", "内容": "しむら歯科医院【3:歯科】静岡県浜松市浜名区都田町８７８６" }, "geometry": { "type": "Point", "coordinates": [ 137.734988, 34.812872 ] } },
{ "type": "Feature", "properties": { "ID": 2233223326500, "正式名称": "中郡歯科医院", "機関区分": 3, "都道府県コード": 22, "市区町村コード": 138, "所在地": "静岡県浜松市中央区中郡町１２０７－２", "緯度": 34.770953, "経度": 137.776387, "url": "https://www.iryou.teikyouseido.mhlw.go.jp/znk-web/juminkanja/S2430/initialize?prefCd=22&kikanCd=3223326500&kikanKbn=3", "url2": null, "内容": "中郡歯科医院【3:歯科】静岡県浜松市中央区中郡町１２０７－２" }, "geometry": { "type": "Point", "coordinates": [ 137.776387, 34.770953 ] } },
{ "type": "Feature", "properties": { "ID": 2233223326630, "正式名称": "秋元歯科医院", "機関区分": 3, "都道府県コード": 22, "市区町村コード": 138, "所在地": "静岡県浜松市中央区楊子町６４－３", "緯度": 34.690738, "経度": 137.749281, "url": "https://www.iryou.teikyouseido.mhlw.go.jp/znk-web/juminkanja/S2430/initialize?prefCd=22&kikanCd=3223326630&kikanKbn=3", "url2": null, "内容": "秋元歯科医院【3:歯科】静岡県浜松市中央区楊子町６４－３" }, "geometry": { "type": "Point", "coordinates": [ 137.749281, 34.690738 ] } },
{ "type": "Feature", "properties": { "ID": 2233223326920, "正式名称": "吉野歯科医院", "機関区分": 3, "都道府県コード": 22, "市区町村コード": 138, "所在地": "静岡県浜松市中央区神田町４０３", "緯度": 34.691488, "経度": 137.717062, "url": "https://www.iryou.teikyouseido.mhlw.go.jp/znk-web/juminkanja/S2430/initialize?prefCd=22&kikanCd=3223326920&kikanKbn=3", "url2": null, "内容": "吉野歯科医院【3:歯科】静岡県浜松市中央区神田町４０３" }, "geometry": { "type": "Point", "coordinates": [ 137.717062, 34.691488 ] } },
{ "type": "Feature", "properties": { "ID": 2233223327060, "正式名称": "歯医者さんはせがわ", "機関区分": 3, "都道府県コード": 22, "市区町村コード": 138, "所在地": "静岡県浜松市中央区頭陀寺町３３０－２２", "緯度": 34.69771, "経度": 137.757669, "url": "https://www.iryou.teikyouseido.mhlw.go.jp/znk-web/juminkanja/S2430/initialize?prefCd=22&kikanCd=3223327060&kikanKbn=3", "url2": null, "内容": "歯医者さんはせがわ【3:歯科】静岡県浜松市中央区頭陀寺町３３０－２２" }, "geometry": { "type": "Point", "coordinates": [ 137.757669, 34.69771 ] } },
{ "type": "Feature", "properties": { "ID": 2233223327350, "正式名称": "はじめ歯科医院", "機関区分": 3, "都道府県コード": 22, "市区町村コード": 138, "所在地": "静岡県浜松市中央区新橋町５１０－２", "緯度": 34.683044, "経度": 137.695397, "url": "https://www.iryou.teikyouseido.mhlw.go.jp/znk-web/juminkanja/S2430/initialize?prefCd=22&kikanCd=3223327350&kikanKbn=3", "url2": null, "内容": "はじめ歯科医院【3:歯科】静岡県浜松市中央区新橋町５１０－２" }, "geometry": { "type": "Point", "coordinates": [ 137.695397, 34.683044 ] } },
{ "type": "Feature", "properties": { "ID": 2233223328070, "正式名称": "たけうち歯科医院", "機関区分": 3, "都道府県コード": 22, "市区町村コード": 138, "所在地": "静岡県浜松市中央区龍禅寺町２０５－１", "緯度": 34.696738, "経度": 137.741726, "url": "https://www.iryou.teikyouseido.mhlw.go.jp/znk-web/juminkanja/S2430/initialize?prefCd=22&kikanCd=3223328070&kikanKbn=3", "url2": null, "内容": "たけうち歯科医院【3:歯科】静岡県浜松市中央区龍禅寺町２０５－１" }, "geometry": { "type": "Point", "coordinates": [ 137.741726, 34.696738 ] } },
{ "type": "Feature", "properties": { "ID": 2233223328100, "正式名称": "市川歯科", "機関区分": 3, "都道府県コード": 22, "市区町村コード": 138, "所在地": "静岡県浜松市中央区有玉西町１２０１－２", "緯度": 34.761675, "経度": 137.743668, "url": "https://www.iryou.teikyouseido.mhlw.go.jp/znk-web/juminkanja/S2430/initialize?prefCd=22&kikanCd=3223328100&kikanKbn=3", "url2": null, "内容": "市川歯科【3:歯科】静岡県浜松市中央区有玉西町１２０１－２" }, "geometry": { "type": "Point", "coordinates": [ 137.743668, 34.761675 ] } },
{ "type": "Feature", "properties": { "ID": 2233223328490, "正式名称": "酒井歯科医院", "機関区分": 3, "都道府県コード": 22, "市区町村コード": 138, "所在地": "静岡県浜松市中央区入野町１５１１７－１", "緯度": 34.701541, "経度": 137.667288, "url": "https://www.iryou.teikyouseido.mhlw.go.jp/znk-web/juminkanja/S2430/initialize?prefCd=22&kikanCd=3223328490&kikanKbn=3", "url2": null, "内容": "酒井歯科医院【3:歯科】静岡県浜松市中央区入野町１５１１７－１" }, "geometry": { "type": "Point", "coordinates": [ 137.667288, 34.701541 ] } },
{ "type": "Feature", "properties": { "ID": 2233223328650, "正式名称": "さぎさか歯科", "機関区分": 3, "都道府県コード": 22, "市区町村コード": 138, "所在地": "静岡県浜松市中央区佐鳴台３－２６－５　サニーヒルズ佐鳴台１階", "緯度": 34.704292, "経度": 137.697896, "url": "https://www.iryou.teikyouseido.mhlw.go.jp/znk-web/juminkanja/S2430/initialize?prefCd=22&kikanCd=3223328650&kikanKbn=3", "url2": "http://www.sagisakashika.com/", "内容": "さぎさか歯科【3:歯科】静岡県浜松市中央区佐鳴台３－２６－５　サニーヒルズ佐鳴台１階" }, "geometry": { "type": "Point", "coordinates": [ 137.697896, 34.704292 ] } },
{ "type": "Feature", "properties": { "ID": 2233223328780, "正式名称": "浜松やまぐちおとなこども歯科矯正歯科", "機関区分": 3, "都道府県コード": 22, "市区町村コード": 138, "所在地": "静岡県浜松市中央区佐藤二丁目２５－２６", "緯度": 34.712903, "経度": 137.747392, "url": "https://www.iryou.teikyouseido.mhlw.go.jp/znk-web/juminkanja/S2430/initialize?prefCd=22&kikanCd=3223328780&kikanKbn=3", "url2": null, "内容": "浜松やまぐちおとなこども歯科矯正歯科【3:歯科】静岡県浜松市中央区佐藤二丁目２５－２６" }, "geometry": { "type": "Point", "coordinates": [ 137.747392, 34.712903 ] } },
{ "type": "Feature", "properties": { "ID": 2233223328940, "正式名称": "若杉歯科医院", "機関区分": 3, "都道府県コード": 22, "市区町村コード": 138, "所在地": "静岡県浜松市中央区東三方町２６１－２", "緯度": 34.782062, "経度": 137.727446, "url": "https://www.iryou.teikyouseido.mhlw.go.jp/znk-web/juminkanja/S2430/initialize?prefCd=22&kikanCd=3223328940&kikanKbn=3", "url2": null, "内容": "若杉歯科医院【3:歯科】静岡県浜松市中央区東三方町２６１－２" }, "geometry": { "type": "Point", "coordinates": [ 137.727446, 34.782062 ] } },
{ "type": "Feature", "properties": { "ID": 2233223329110, "正式名称": "田口歯科クリニック", "機関区分": 3, "都道府県コード": 22, "市区町村コード": 138, "所在地": "静岡県浜松市中央区河輪町１４６", "緯度": 34.678296, "経度": 137.78464, "url": "https://www.iryou.teikyouseido.mhlw.go.jp/znk-web/juminkanja/S2430/initialize?prefCd=22&kikanCd=3223329110&kikanKbn=3", "url2": null, "内容": "田口歯科クリニック【3:歯科】静岡県浜松市中央区河輪町１４６" }, "geometry": { "type": "Point", "coordinates": [ 137.78464, 34.678296 ] } },
{ "type": "Feature", "properties": { "ID": 2233223329240, "正式名称": "松永歯科医院", "機関区分": 3, "都道府県コード": 22, "市区町村コード": 138, "所在地": "静岡県浜松市中央区佐鳴台３－４４－５", "緯度": 34.708484, "経度": 137.697848, "url": "https://www.iryou.teikyouseido.mhlw.go.jp/znk-web/juminkanja/S2430/initialize?prefCd=22&kikanCd=3223329240&kikanKbn=3", "url2": null, "内容": "松永歯科医院【3:歯科】静岡県浜松市中央区佐鳴台３－４４－５" }, "geometry": { "type": "Point", "coordinates": [ 137.697848, 34.708484 ] } },
{ "type": "Feature", "properties": { "ID": 2233223329820, "正式名称": "蓮尾歯科医院", "機関区分": 3, "都道府県コード": 22, "市区町村コード": 138, "所在地": "静岡県浜松市中央区有玉南町２６４－１", "緯度": 34.758065, "経度": 137.756417, "url": "https://www.iryou.teikyouseido.mhlw.go.jp/znk-web/juminkanja/S2430/initialize?prefCd=22&kikanCd=3223329820&kikanKbn=3", "url2": null, "内容": "蓮尾歯科医院【3:歯科】静岡県浜松市中央区有玉南町２６４－１" }, "geometry": { "type": "Point", "coordinates": [ 137.756417, 34.758065 ] } },
{ "type": "Feature", "properties": { "ID": 2233223329950, "正式名称": "えとう歯科", "機関区分": 3, "都道府県コード": 22, "市区町村コード": 138, "所在地": "静岡県浜松市中央区立野町２１０", "緯度": 34.686101, "経度": 137.774391, "url": "https://www.iryou.teikyouseido.mhlw.go.jp/znk-web/juminkanja/S2430/initialize?prefCd=22&kikanCd=3223329950&kikanKbn=3", "url2": null, "内容": "えとう歯科【3:歯科】静岡県浜松市中央区立野町２１０" }, "geometry": { "type": "Point", "coordinates": [ 137.774391, 34.686101 ] } },
{ "type": "Feature", "properties": { "ID": 2233223330060, "正式名称": "青木歯科医院", "機関区分": 3, "都道府県コード": 22, "市区町村コード": 138, "所在地": "静岡県浜松市中央区大人見町３３９３－４", "緯度": 34.733633, "経度": 137.65934, "url": "https://www.iryou.teikyouseido.mhlw.go.jp/znk-web/juminkanja/S2430/initialize?prefCd=22&kikanCd=3223330060&kikanKbn=3", "url2": "www.aoki-dent.ne.jp", "内容": "青木歯科医院【3:歯科】静岡県浜松市中央区大人見町３３９３－４" }, "geometry": { "type": "Point", "coordinates": [ 137.65934, 34.733633 ] } },
{ "type": "Feature", "properties": { "ID": 2233223330220, "正式名称": "医療法人社団ふじもと矯正歯科医院", "機関区分": 3, "都道府県コード": 22, "市区町村コード": 138, "所在地": "静岡県浜松市中央区入野町６３０１－１重兵衛矢田坂ビル", "緯度": 34.700292, "経度": 137.689147, "url": "https://www.iryou.teikyouseido.mhlw.go.jp/znk-web/juminkanja/S2430/initialize?prefCd=22&kikanCd=3223330220&kikanKbn=3", "url2": "http://www2s.biglobe.ne.jp/~m-fuji/", "内容": "医療法人社団ふじもと矯正歯科医院【3:歯科】静岡県浜松市中央区入野町６３０１－１重兵衛矢田坂ビル" }, "geometry": { "type": "Point", "coordinates": [ 137.689147, 34.700292 ] } },
{ "type": "Feature", "properties": { "ID": 2233223330350, "正式名称": "青山歯科室", "機関区分": 3, "都道府県コード": 22, "市区町村コード": 138, "所在地": "静岡県浜松市中央区板屋町１１１－２浜松アクトタワー８階", "緯度": 34.705637, "経度": 137.737179, "url": "https://www.iryou.teikyouseido.mhlw.go.jp/znk-web/juminkanja/S2430/initialize?prefCd=22&kikanCd=3223330350&kikanKbn=3", "url2": "http://www.aoyama.websapo.jp/", "内容": "青山歯科室【3:歯科】静岡県浜松市中央区板屋町１１１－２浜松アクトタワー８階" }, "geometry": { "type": "Point", "coordinates": [ 137.737179, 34.705637 ] } },
{ "type": "Feature", "properties": { "ID": 2233223330480, "正式名称": "清水歯科医院白羽診療所", "機関区分": 3, "都道府県コード": 22, "市区町村コード": 138, "所在地": "静岡県浜松市中央区白羽町８０８－１", "緯度": 34.677684, "経度": 137.739922, "url": "https://www.iryou.teikyouseido.mhlw.go.jp/znk-web/juminkanja/S2430/initialize?prefCd=22&kikanCd=3223330480&kikanKbn=3", "url2": null, "内容": "清水歯科医院白羽診療所【3:歯科】静岡県浜松市中央区白羽町８０８－１" }, "geometry": { "type": "Point", "coordinates": [ 137.739922, 34.677684 ] } },
{ "type": "Feature", "properties": { "ID": 2233223330510, "正式名称": "タケ歯科医院", "機関区分": 3, "都道府県コード": 22, "市区町村コード": 138, "所在地": "静岡県浜松市中央区小池町２３２１－１", "緯度": 34.744955, "経度": 137.75875, "url": "https://www.iryou.teikyouseido.mhlw.go.jp/znk-web/juminkanja/S2430/initialize?prefCd=22&kikanCd=3223330510&kikanKbn=3", "url2": "take-shikaiin.net", "内容": "タケ歯科医院【3:歯科】静岡県浜松市中央区小池町２３２１－１" }, "geometry": { "type": "Point", "coordinates": [ 137.75875, 34.744955 ] } },
{ "type": "Feature", "properties": { "ID": 2233223330640, "正式名称": "薬師歯科医院", "機関区分": 3, "都道府県コード": 22, "市区町村コード": 138, "所在地": "静岡県浜松市中央区薬師町１７８－１", "緯度": 34.723575, "経度": 137.782257, "url": "https://www.iryou.teikyouseido.mhlw.go.jp/znk-web/juminkanja/S2430/initialize?prefCd=22&kikanCd=3223330640&kikanKbn=3", "url2": "http://www.kimura-dc.dr-clinic.jp/", "内容": "薬師歯科医院【3:歯科】静岡県浜松市中央区薬師町１７８－１" }, "geometry": { "type": "Point", "coordinates": [ 137.782257, 34.723575 ] } },
{ "type": "Feature", "properties": { "ID": 2233223330770, "正式名称": "医療法人社団　純和会　小山歯科医院", "機関区分": 3, "都道府県コード": 22, "市区町村コード": 138, "所在地": "静岡県浜松市中央区佐鳴台１－１２－８", "緯度": 34.704708, "経度": 137.703812, "url": "https://www.iryou.teikyouseido.mhlw.go.jp/znk-web/juminkanja/S2430/initialize?prefCd=22&kikanCd=3223330770&kikanKbn=3", "url2": null, "内容": "医療法人社団　純和会　小山歯科医院【3:歯科】静岡県浜松市中央区佐鳴台１－１２－８" }, "geometry": { "type": "Point", "coordinates": [ 137.703812, 34.704708 ] } },
{ "type": "Feature", "properties": { "ID": 2233223330800, "正式名称": "山口歯科医院", "機関区分": 3, "都道府県コード": 22, "市区町村コード": 138, "所在地": "静岡県浜松市中央区神原町１２８５−４", "緯度": 34.736649, "経度": 137.676035, "url": "https://www.iryou.teikyouseido.mhlw.go.jp/znk-web/juminkanja/S2430/initialize?prefCd=22&kikanCd=3223330800&kikanKbn=3", "url2": null, "内容": "山口歯科医院【3:歯科】静岡県浜松市中央区神原町１２８５−４" }, "geometry": { "type": "Point", "coordinates": [ 137.676035, 34.736649 ] } },
{ "type": "Feature", "properties": { "ID": 2233223331070, "正式名称": "貴志歯科医院", "機関区分": 3, "都道府県コード": 22, "市区町村コード": 138, "所在地": "静岡県浜松市中央区若林町１４３４－１", "緯度": 34.690404, "経度": 137.703369, "url": "https://www.iryou.teikyouseido.mhlw.go.jp/znk-web/juminkanja/S2430/initialize?prefCd=22&kikanCd=3223331070&kikanKbn=3", "url2": null, "内容": "貴志歯科医院【3:歯科】静岡県浜松市中央区若林町１４３４－１" }, "geometry": { "type": "Point", "coordinates": [ 137.703369, 34.690404 ] } },
{ "type": "Feature", "properties": { "ID": 2233223331100, "正式名称": "矢部歯科クリニック", "機関区分": 3, "都道府県コード": 22, "市区町村コード": 138, "所在地": "静岡県浜松市中央区富塚町３４９－１", "緯度": 34.716457, "経度": 137.702618, "url": "https://www.iryou.teikyouseido.mhlw.go.jp/znk-web/juminkanja/S2430/initialize?prefCd=22&kikanCd=3223331100&kikanKbn=3", "url2": null, "内容": "矢部歯科クリニック【3:歯科】静岡県浜松市中央区富塚町３４９－１" }, "geometry": { "type": "Point", "coordinates": [ 137.702618, 34.716457 ] } },
{ "type": "Feature", "properties": { "ID": 2233223331230, "正式名称": "鈴木けいた歯科医院", "機関区分": 3, "都道府県コード": 22, "市区町村コード": 138, "所在地": "静岡県浜松市中央区小池町１７０", "緯度": 34.755898, "経度": 137.762361, "url": "https://www.iryou.teikyouseido.mhlw.go.jp/znk-web/juminkanja/S2430/initialize?prefCd=22&kikanCd=3223331230&kikanKbn=3", "url2": null, "内容": "鈴木けいた歯科医院【3:歯科】静岡県浜松市中央区小池町１７０" }, "geometry": { "type": "Point", "coordinates": [ 137.762361, 34.755898 ] } },
{ "type": "Feature", "properties": { "ID": 2233223331360, "正式名称": "のせ歯科医院", "機関区分": 3, "都道府県コード": 22, "市区町村コード": 138, "所在地": "静岡県浜松市中央区恩地町３９３", "緯度": 34.687406, "経度": 137.760003, "url": "https://www.iryou.teikyouseido.mhlw.go.jp/znk-web/juminkanja/S2430/initialize?prefCd=22&kikanCd=3223331360&kikanKbn=3", "url2": "nose-shika.com", "内容": "のせ歯科医院【3:歯科】静岡県浜松市中央区恩地町３９３" }, "geometry": { "type": "Point", "coordinates": [ 137.760003, 34.687406 ] } },
{ "type": "Feature", "properties": { "ID": 2233223331490, "正式名称": "野田歯科医院", "機関区分": 3, "都道府県コード": 22, "市区町村コード": 138, "所在地": "静岡県浜松市中央区葵東１－９－５３", "緯度": 34.755898, "経度": 137.722003, "url": "https://www.iryou.teikyouseido.mhlw.go.jp/znk-web/juminkanja/S2430/initialize?prefCd=22&kikanCd=3223331490&kikanKbn=3", "url2": null, "内容": "野田歯科医院【3:歯科】静岡県浜松市中央区葵東１－９－５３" }, "geometry": { "type": "Point", "coordinates": [ 137.722003, 34.755898 ] } },
{ "type": "Feature", "properties": { "ID": 2233223331780, "正式名称": "しみず歯科クリニック", "機関区分": 3, "都道府県コード": 22, "市区町村コード": 138, "所在地": "静岡県浜松市中央区高丘北三丁目１０－１６", "緯度": 34.764341, "経度": 137.698977, "url": "https://www.iryou.teikyouseido.mhlw.go.jp/znk-web/juminkanja/S2430/initialize?prefCd=22&kikanCd=3223331780&kikanKbn=3", "url2": null, "内容": "しみず歯科クリニック【3:歯科】静岡県浜松市中央区高丘北三丁目１０－１６" }, "geometry": { "type": "Point", "coordinates": [ 137.698977, 34.764341 ] } },
{ "type": "Feature", "properties": { "ID": 2233223331810, "正式名称": "朝比奈歯科医院", "機関区分": 3, "都道府県コード": 22, "市区町村コード": 138, "所在地": "静岡県浜松市中央区有玉台二丁目３１－１４", "緯度": 34.762258, "経度": 137.739779, "url": "https://www.iryou.teikyouseido.mhlw.go.jp/znk-web/juminkanja/S2430/initialize?prefCd=22&kikanCd=3223331810&kikanKbn=3", "url2": null, "内容": "朝比奈歯科医院【3:歯科】静岡県浜松市中央区有玉台二丁目３１－１４" }, "geometry": { "type": "Point", "coordinates": [ 137.739779, 34.762258 ] } },
{ "type": "Feature", "properties": { "ID": 2233223331940, "正式名称": "平松歯科医院", "機関区分": 3, "都道府県コード": 22, "市区町村コード": 139, "所在地": "静岡県浜松市浜名区新都田２－１－１２", "緯度": 34.816391, "経度": 137.731972, "url": "https://www.iryou.teikyouseido.mhlw.go.jp/znk-web/juminkanja/S2430/initialize?prefCd=22&kikanCd=3223331940&kikanKbn=3", "url2": null, "内容": "平松歯科医院【3:歯科】静岡県浜松市浜名区新都田２－１－１２" }, "geometry": { "type": "Point", "coordinates": [ 137.731972, 34.816391 ] } },
{ "type": "Feature", "properties": { "ID": 2233223332530, "正式名称": "医療法人社団　石川歯科", "機関区分": 3, "都道府県コード": 22, "市区町村コード": 138, "所在地": "静岡県浜松市中央区天王町１７４３番地", "緯度": 34.73579, "経度": 137.767417, "url": "https://www.iryou.teikyouseido.mhlw.go.jp/znk-web/juminkanja/S2430/initialize?prefCd=22&kikanCd=3223332530&kikanKbn=3", "url2": "http://www.ishikawa-shika.jp", "内容": "医療法人社団　石川歯科【3:歯科】静岡県浜松市中央区天王町１７４３番地" }, "geometry": { "type": "Point", "coordinates": [ 137.767417, 34.73579 ] } },
{ "type": "Feature", "properties": { "ID": 2233223332660, "正式名称": "倉内歯科", "機関区分": 3, "都道府県コード": 22, "市区町村コード": 138, "所在地": "静岡県浜松市中央区住吉１ー４３－１７", "緯度": 34.731199, "経度": 137.722425, "url": "https://www.iryou.teikyouseido.mhlw.go.jp/znk-web/juminkanja/S2430/initialize?prefCd=22&kikanCd=3223332660&kikanKbn=3", "url2": "http://www.h8020.com/", "内容": "倉内歯科【3:歯科】静岡県浜松市中央区住吉１ー４３－１７" }, "geometry": { "type": "Point", "coordinates": [ 137.722425, 34.731199 ] } },
{ "type": "Feature", "properties": { "ID": 2233223333960, "正式名称": "坂東歯科クリニック", "機関区分": 3, "都道府県コード": 22, "市区町村コード": 138, "所在地": "静岡県浜松市中央区元浜町１６１−１", "緯度": 34.71527, "経度": 137.731106, "url": "https://www.iryou.teikyouseido.mhlw.go.jp/znk-web/juminkanja/S2430/initialize?prefCd=22&kikanCd=3223333960&kikanKbn=3", "url2": null, "内容": "坂東歯科クリニック【3:歯科】静岡県浜松市中央区元浜町１６１−１" }, "geometry": { "type": "Point", "coordinates": [ 137.731106, 34.71527 ] } },
{ "type": "Feature", "properties": { "ID": 2233223334130, "正式名称": "鈴木歯科クリニック", "機関区分": 3, "都道府県コード": 22, "市区町村コード": 138, "所在地": "静岡県浜松市中央区上西町１２６２", "緯度": 34.723124, "経度": 137.76239, "url": "https://www.iryou.teikyouseido.mhlw.go.jp/znk-web/juminkanja/S2430/initialize?prefCd=22&kikanCd=3223334130&kikanKbn=3", "url2": null, "内容": "鈴木歯科クリニック【3:歯科】静岡県浜松市中央区上西町１２６２" }, "geometry": { "type": "Point", "coordinates": [ 137.76239, 34.723124 ] } },
{ "type": "Feature", "properties": { "ID": 2233223334260, "正式名称": "きとう歯科医院", "機関区分": 3, "都道府県コード": 22, "市区町村コード": 138, "所在地": "静岡県浜松市中央区富塚町１７２２－１２", "緯度": 34.725136, "経度": 137.704054, "url": "https://www.iryou.teikyouseido.mhlw.go.jp/znk-web/juminkanja/S2430/initialize?prefCd=22&kikanCd=3223334260&kikanKbn=3", "url2": "http://www.smile-party.jp/", "内容": "きとう歯科医院【3:歯科】静岡県浜松市中央区富塚町１７２２－１２" }, "geometry": { "type": "Point", "coordinates": [ 137.704054, 34.725136 ] } },
{ "type": "Feature", "properties": { "ID": 2233223334680, "正式名称": "くまがい歯科クリニック", "機関区分": 3, "都道府県コード": 22, "市区町村コード": 138, "所在地": "静岡県浜松市中央区富塚町１８６４ー１２　佐鳴湖パークタウン８号棟１Ｆ", "緯度": 34.723151, "経度": 137.700117, "url": "https://www.iryou.teikyouseido.mhlw.go.jp/znk-web/juminkanja/S2430/initialize?prefCd=22&kikanCd=3223334680&kikanKbn=3", "url2": "https://www.kumagai-dental.jp/", "内容": "くまがい歯科クリニック【3:歯科】静岡県浜松市中央区富塚町１８６４ー１２　佐鳴湖パークタウン８号棟１Ｆ" }, "geometry": { "type": "Point", "coordinates": [ 137.700117, 34.723151 ] } },
{ "type": "Feature", "properties": { "ID": 2233223334710, "正式名称": "おおすぎファミリー歯科", "機関区分": 3, "都道府県コード": 22, "市区町村コード": 138, "所在地": "静岡県浜松市中央区篠原町１４２３３－５", "緯度": 34.687682, "経度": 137.675482, "url": "https://www.iryou.teikyouseido.mhlw.go.jp/znk-web/juminkanja/S2430/initialize?prefCd=22&kikanCd=3223334710&kikanKbn=3", "url2": "osugi-family-shika.com", "内容": "おおすぎファミリー歯科【3:歯科】静岡県浜松市中央区篠原町１４２３３－５" }, "geometry": { "type": "Point", "coordinates": [ 137.675482, 34.687682 ] } },
{ "type": "Feature", "properties": { "ID": 2233223334840, "正式名称": "凌雲堂矯正歯科医院", "機関区分": 3, "都道府県コード": 22, "市区町村コード": 138, "所在地": "静岡県浜松市中央区田町２２４ー８", "緯度": 34.708764, "経度": 137.730727, "url": "https://www.iryou.teikyouseido.mhlw.go.jp/znk-web/juminkanja/S2430/initialize?prefCd=22&kikanCd=3223334840&kikanKbn=3", "url2": null, "内容": "凌雲堂矯正歯科医院【3:歯科】静岡県浜松市中央区田町２２４ー８" }, "geometry": { "type": "Point", "coordinates": [ 137.730727, 34.708764 ] } },
{ "type": "Feature", "properties": { "ID": 2233223334970, "正式名称": "近藤歯科医院", "機関区分": 3, "都道府県コード": 22, "市区町村コード": 138, "所在地": "静岡県浜松市中央区松城町２１４－１８", "緯度": 34.709735, "経度": 137.725976, "url": "https://www.iryou.teikyouseido.mhlw.go.jp/znk-web/juminkanja/S2430/initialize?prefCd=22&kikanCd=3223334970&kikanKbn=3", "url2": "kondou-dental.com", "内容": "近藤歯科医院【3:歯科】静岡県浜松市中央区松城町２１４－１８" }, "geometry": { "type": "Point", "coordinates": [ 137.725976, 34.709735 ] } },
{ "type": "Feature", "properties": { "ID": 2233223335140, "正式名称": "高本歯科医院", "機関区分": 3, "都道府県コード": 22, "市区町村コード": 138, "所在地": "静岡県浜松市中央区坪井町４４１３", "緯度": 34.681839, "経度": 137.647632, "url": "https://www.iryou.teikyouseido.mhlw.go.jp/znk-web/juminkanja/S2430/initialize?prefCd=22&kikanCd=3223335140&kikanKbn=3", "url2": null, "内容": "高本歯科医院【3:歯科】静岡県浜松市中央区坪井町４４１３" }, "geometry": { "type": "Point", "coordinates": [ 137.647632, 34.681839 ] } },
{ "type": "Feature", "properties": { "ID": 2233223335270, "正式名称": "ごとう歯科", "機関区分": 3, "都道府県コード": 22, "市区町村コード": 138, "所在地": "静岡県浜松市中央区豊町１９５７－４", "緯度": 34.77823, "経度": 137.802551, "url": "https://www.iryou.teikyouseido.mhlw.go.jp/znk-web/juminkanja/S2430/initialize?prefCd=22&kikanCd=3223335270&kikanKbn=3", "url2": "http://www.gotohdental.com", "内容": "ごとう歯科【3:歯科】静岡県浜松市中央区豊町１９５７－４" }, "geometry": { "type": "Point", "coordinates": [ 137.802551, 34.77823 ] } },
{ "type": "Feature", "properties": { "ID": 2233223335300, "正式名称": "うめがえ歯科医院", "機関区分": 3, "都道府県コード": 22, "市区町村コード": 138, "所在地": "静岡県浜松市中央区有玉西町２４４６", "緯度": 34.750676, "経度": 137.737252, "url": "https://www.iryou.teikyouseido.mhlw.go.jp/znk-web/juminkanja/S2430/initialize?prefCd=22&kikanCd=3223335300&kikanKbn=3", "url2": null, "内容": "うめがえ歯科医院【3:歯科】静岡県浜松市中央区有玉西町２４４６" }, "geometry": { "type": "Point", "coordinates": [ 137.737252, 34.750676 ] } },
{ "type": "Feature", "properties": { "ID": 2233223335720, "正式名称": "あつし歯科", "機関区分": 3, "都道府県コード": 22, "市区町村コード": 138, "所在地": "静岡県浜松市中央区西伊場町５６－２１", "緯度": 34.698154, "経度": 137.699952, "url": "https://www.iryou.teikyouseido.mhlw.go.jp/znk-web/juminkanja/S2430/initialize?prefCd=22&kikanCd=3223335720&kikanKbn=3", "url2": "https://atsushi-shika.com", "内容": "あつし歯科【3:歯科】静岡県浜松市中央区西伊場町５６－２１" }, "geometry": { "type": "Point", "coordinates": [ 137.699952, 34.698154 ] } },
{ "type": "Feature", "properties": { "ID": 2233223335850, "正式名称": "斉藤歯科医院", "機関区分": 3, "都道府県コード": 22, "市区町村コード": 138, "所在地": "静岡県浜松市中央区小豆餅１－３４－３０", "緯度": 34.757144, "経度": 137.725268, "url": "https://www.iryou.teikyouseido.mhlw.go.jp/znk-web/juminkanja/S2430/initialize?prefCd=22&kikanCd=3223335850&kikanKbn=3", "url2": null, "内容": "斉藤歯科医院【3:歯科】静岡県浜松市中央区小豆餅１－３４－３０" }, "geometry": { "type": "Point", "coordinates": [ 137.725268, 34.757144 ] } },
{ "type": "Feature", "properties": { "ID": 2233223336280, "正式名称": "林歯科医院", "機関区分": 3, "都道府県コード": 22, "市区町村コード": 138, "所在地": "静岡県浜松市中央区大平台４丁目２番３号", "緯度": 34.709152, "経度": 137.681147, "url": "https://www.iryou.teikyouseido.mhlw.go.jp/znk-web/juminkanja/S2430/initialize?prefCd=22&kikanCd=3223336280&kikanKbn=3", "url2": null, "内容": "林歯科医院【3:歯科】静岡県浜松市中央区大平台４丁目２番３号" }, "geometry": { "type": "Point", "coordinates": [ 137.681147, 34.709152 ] } },
{ "type": "Feature", "properties": { "ID": 2233223336440, "正式名称": "歯科村尾医院", "機関区分": 3, "都道府県コード": 22, "市区町村コード": 138, "所在地": "静岡県浜松市中央区元城町１１６ー１７", "緯度": 34.710569, "経度": 137.728532, "url": "https://www.iryou.teikyouseido.mhlw.go.jp/znk-web/juminkanja/S2430/initialize?prefCd=22&kikanCd=3223336440&kikanKbn=3", "url2": "www.a-murao.jp", "内容": "歯科村尾医院【3:歯科】静岡県浜松市中央区元城町１１６ー１７" }, "geometry": { "type": "Point", "coordinates": [ 137.728532, 34.710569 ] } },
{ "type": "Feature", "properties": { "ID": 2233223336570, "正式名称": "田代歯科診療所", "機関区分": 3, "都道府県コード": 22, "市区町村コード": 138, "所在地": "静岡県浜松市中央区天龍川町３０３－３ジェイハイム東浜松１階", "緯度": 34.717986, "経度": 137.778083, "url": "https://www.iryou.teikyouseido.mhlw.go.jp/znk-web/juminkanja/S2430/initialize?prefCd=22&kikanCd=3223336570&kikanKbn=3", "url2": null, "内容": "田代歯科診療所【3:歯科】静岡県浜松市中央区天龍川町３０３－３ジェイハイム東浜松１階" }, "geometry": { "type": "Point", "coordinates": [ 137.778083, 34.717986 ] } },
{ "type": "Feature", "properties": { "ID": 2233223336600, "正式名称": "才川歯科医院", "機関区分": 3, "都道府県コード": 22, "市区町村コード": 138, "所在地": "静岡県浜松市中央区伊左地町５２０１ー１", "緯度": 34.744981, "経度": 137.657148, "url": "https://www.iryou.teikyouseido.mhlw.go.jp/znk-web/juminkanja/S2430/initialize?prefCd=22&kikanCd=3223336600&kikanKbn=3", "url2": null, "内容": "才川歯科医院【3:歯科】静岡県浜松市中央区伊左地町５２０１ー１" }, "geometry": { "type": "Point", "coordinates": [ 137.657148, 34.744981 ] } },
{ "type": "Feature", "properties": { "ID": 2233223336730, "正式名称": "ふじの木ファミリー歯科医院", "機関区分": 3, "都道府県コード": 22, "市区町村コード": 138, "所在地": "静岡県浜松市中央区三方原町７３９－４", "緯度": 34.781256, "経度": 137.717086, "url": "https://www.iryou.teikyouseido.mhlw.go.jp/znk-web/juminkanja/S2430/initialize?prefCd=22&kikanCd=3223336730&kikanKbn=3", "url2": "https://fujinokifamily.jimdofree.com/", "内容": "ふじの木ファミリー歯科医院【3:歯科】静岡県浜松市中央区三方原町７３９－４" }, "geometry": { "type": "Point", "coordinates": [ 137.717086, 34.781256 ] } },
{ "type": "Feature", "properties": { "ID": 2233223336860, "正式名称": "よこい歯科", "機関区分": 3, "都道府県コード": 22, "市区町村コード": 138, "所在地": "静岡県浜松市中央区都盛町５－１", "緯度": 34.690294, "経度": 137.755337, "url": "https://www.iryou.teikyouseido.mhlw.go.jp/znk-web/juminkanja/S2430/initialize?prefCd=22&kikanCd=3223336860&kikanKbn=3", "url2": null, "内容": "よこい歯科【3:歯科】静岡県浜松市中央区都盛町５－１" }, "geometry": { "type": "Point", "coordinates": [ 137.755337, 34.690294 ] } },
{ "type": "Feature", "properties": { "ID": 2233223337030, "正式名称": "中村歯科医院", "機関区分": 3, "都道府県コード": 22, "市区町村コード": 138, "所在地": "静岡県浜松市中央区神田町５４７", "緯度": 34.688845, "経度": 137.719745, "url": "https://www.iryou.teikyouseido.mhlw.go.jp/znk-web/juminkanja/S2430/initialize?prefCd=22&kikanCd=3223337030&kikanKbn=3", "url2": null, "内容": "中村歯科医院【3:歯科】静岡県浜松市中央区神田町５４７" }, "geometry": { "type": "Point", "coordinates": [ 137.719745, 34.688845 ] } },
{ "type": "Feature", "properties": { "ID": 2233223337160, "正式名称": "杉村歯科医院", "機関区分": 3, "都道府県コード": 22, "市区町村コード": 138, "所在地": "静岡県浜松市中央区飯田町８７９", "緯度": 34.704071, "経度": 137.770696, "url": "https://www.iryou.teikyouseido.mhlw.go.jp/znk-web/juminkanja/S2430/initialize?prefCd=22&kikanCd=3223337160&kikanKbn=3", "url2": "https://hamashi-kimura.com", "内容": "杉村歯科医院【3:歯科】静岡県浜松市中央区飯田町８７９" }, "geometry": { "type": "Point", "coordinates": [ 137.770696, 34.704071 ] } },
{ "type": "Feature", "properties": { "ID": 2233223337320, "正式名称": "山本歯科医院", "機関区分": 3, "都道府県コード": 22, "市区町村コード": 138, "所在地": "静岡県浜松市中央区板屋町５７３", "緯度": 34.707959, "経度": 137.737115, "url": "https://www.iryou.teikyouseido.mhlw.go.jp/znk-web/juminkanja/S2430/initialize?prefCd=22&kikanCd=3223337320&kikanKbn=3", "url2": "ymmt-itayamachi-dc.com", "内容": "山本歯科医院【3:歯科】静岡県浜松市中央区板屋町５７３" }, "geometry": { "type": "Point", "coordinates": [ 137.737115, 34.707959 ] } },
{ "type": "Feature", "properties": { "ID": 2233223337580, "正式名称": "ユミコ歯科クリニック", "機関区分": 3, "都道府県コード": 22, "市区町村コード": 138, "所在地": "静岡県浜松市中央区城北２－４－２８", "緯度": 34.721929, "経度": 137.720727, "url": "https://www.iryou.teikyouseido.mhlw.go.jp/znk-web/juminkanja/S2430/initialize?prefCd=22&kikanCd=3223337580&kikanKbn=3", "url2": null, "内容": "ユミコ歯科クリニック【3:歯科】静岡県浜松市中央区城北２－４－２８" }, "geometry": { "type": "Point", "coordinates": [ 137.720727, 34.721929 ] } },
{ "type": "Feature", "properties": { "ID": 2233223337740, "正式名称": "東郷歯科", "機関区分": 3, "都道府県コード": 22, "市区町村コード": 138, "所在地": "静岡県浜松市中央区新津町６１５－４", "緯度": 34.719763, "経度": 137.741725, "url": "https://www.iryou.teikyouseido.mhlw.go.jp/znk-web/juminkanja/S2430/initialize?prefCd=22&kikanCd=3223337740&kikanKbn=3", "url2": null, "内容": "東郷歯科【3:歯科】静岡県浜松市中央区新津町６１５－４" }, "geometry": { "type": "Point", "coordinates": [ 137.741725, 34.719763 ] } },
{ "type": "Feature", "properties": { "ID": 2233223337870, "正式名称": "小林歯科医院", "機関区分": 3, "都道府県コード": 22, "市区町村コード": 138, "所在地": "静岡県浜松市中央区相生町５－１８", "緯度": 34.70881, "経度": 137.746516, "url": "https://www.iryou.teikyouseido.mhlw.go.jp/znk-web/juminkanja/S2430/initialize?prefCd=22&kikanCd=3223337870&kikanKbn=3", "url2": null, "内容": "小林歯科医院【3:歯科】静岡県浜松市中央区相生町５－１８" }, "geometry": { "type": "Point", "coordinates": [ 137.746516, 34.70881 ] } },
{ "type": "Feature", "properties": { "ID": 2233223337900, "正式名称": "大森歯科医院", "機関区分": 3, "都道府県コード": 22, "市区町村コード": 138, "所在地": "静岡県浜松市中央区葵西二丁目１－２８", "緯度": 34.766228, "経度": 137.715671, "url": "https://www.iryou.teikyouseido.mhlw.go.jp/znk-web/juminkanja/S2430/initialize?prefCd=22&kikanCd=3223337900&kikanKbn=3", "url2": null, "内容": "大森歯科医院【3:歯科】静岡県浜松市中央区葵西二丁目１－２８" }, "geometry": { "type": "Point", "coordinates": [ 137.715671, 34.766228 ] } },
{ "type": "Feature", "properties": { "ID": 2233223338040, "正式名称": "斉田歯科医院", "機関区分": 3, "都道府県コード": 22, "市区町村コード": 138, "所在地": "静岡県浜松市中央区西浅田２－１１－１２", "緯度": 34.690905, "経度": 137.726061, "url": "https://www.iryou.teikyouseido.mhlw.go.jp/znk-web/juminkanja/S2430/initialize?prefCd=22&kikanCd=3223338040&kikanKbn=3", "url2": "http://www3.tokai.or.jp/saida-shika/", "内容": "斉田歯科医院【3:歯科】静岡県浜松市中央区西浅田２－１１－１２" }, "geometry": { "type": "Point", "coordinates": [ 137.726061, 34.690905 ] } },
{ "type": "Feature", "properties": { "ID": 2233223338200, "正式名称": "中村歯科クリニック", "機関区分": 3, "都道府県コード": 22, "市区町村コード": 138, "所在地": "静岡県浜松市中央区三島町１６３－１", "緯度": 34.690044, "経度": 137.73881, "url": "https://www.iryou.teikyouseido.mhlw.go.jp/znk-web/juminkanja/S2430/initialize?prefCd=22&kikanCd=3223338200&kikanKbn=3", "url2": null, "内容": "中村歯科クリニック【3:歯科】静岡県浜松市中央区三島町１６３－１" }, "geometry": { "type": "Point", "coordinates": [ 137.73881, 34.690044 ] } },
{ "type": "Feature", "properties": { "ID": 2233223338330, "正式名称": "松野歯科医院", "機関区分": 3, "都道府県コード": 22, "市区町村コード": 138, "所在地": "静岡県浜松市中央区中央一丁目６－１", "緯度": 34.713125, "経度": 137.736865, "url": "https://www.iryou.teikyouseido.mhlw.go.jp/znk-web/juminkanja/S2430/initialize?prefCd=22&kikanCd=3223338330&kikanKbn=3", "url2": "http://matsuno-d.com", "内容": "松野歯科医院【3:歯科】静岡県浜松市中央区中央一丁目６－１" }, "geometry": { "type": "Point", "coordinates": [ 137.736865, 34.713125 ] } },
{ "type": "Feature", "properties": { "ID": 2233223338460, "正式名称": "さくら歯科", "機関区分": 3, "都道府県コード": 22, "市区町村コード": 138, "所在地": "静岡県浜松市中央区丸塚町１５７－１", "緯度": 34.729179, "経度": 137.762556, "url": "https://www.iryou.teikyouseido.mhlw.go.jp/znk-web/juminkanja/S2430/initialize?prefCd=22&kikanCd=3223338460&kikanKbn=3", "url2": "//www.sakura-d.net/", "内容": "さくら歯科【3:歯科】静岡県浜松市中央区丸塚町１５７－１" }, "geometry": { "type": "Point", "coordinates": [ 137.762556, 34.729179 ] } },
{ "type": "Feature", "properties": { "ID": 2233223338590, "正式名称": "舩坂歯科医院", "機関区分": 3, "都道府県コード": 22, "市区町村コード": 138, "所在地": "静岡県浜松市中央区砂山町３２９－８　第６清川ビル３Ｆ", "緯度": 34.703237, "経度": 137.737282, "url": "https://www.iryou.teikyouseido.mhlw.go.jp/znk-web/juminkanja/S2430/initialize?prefCd=22&kikanCd=3223338590&kikanKbn=3", "url2": null, "内容": "舩坂歯科医院【3:歯科】静岡県浜松市中央区砂山町３２９－８　第６清川ビル３Ｆ" }, "geometry": { "type": "Point", "coordinates": [ 137.737282, 34.703237 ] } },
{ "type": "Feature", "properties": { "ID": 2233223338620, "正式名称": "大石歯科", "機関区分": 3, "都道府県コード": 22, "市区町村コード": 138, "所在地": "静岡県浜松市中央区入野町１６１００－２０", "緯度": 34.700986, "経度": 137.673371, "url": "https://www.iryou.teikyouseido.mhlw.go.jp/znk-web/juminkanja/S2430/initialize?prefCd=22&kikanCd=3223338620&kikanKbn=3", "url2": null, "内容": "大石歯科【3:歯科】静岡県浜松市中央区入野町１６１００－２０" }, "geometry": { "type": "Point", "coordinates": [ 137.673371, 34.700986 ] } },
{ "type": "Feature", "properties": { "ID": 2233223338880, "正式名称": "ゆやま歯科医院", "機関区分": 3, "都道府県コード": 22, "市区町村コード": 138, "所在地": "静岡県浜松市中央区入野町４９０５番地の５", "緯度": 34.701474, "経度": 137.69261, "url": "https://www.iryou.teikyouseido.mhlw.go.jp/znk-web/juminkanja/S2430/initialize?prefCd=22&kikanCd=3223338880&kikanKbn=3", "url2": null, "内容": "ゆやま歯科医院【3:歯科】静岡県浜松市中央区入野町４９０５番地の５" }, "geometry": { "type": "Point", "coordinates": [ 137.69261, 34.701474 ] } },
{ "type": "Feature", "properties": { "ID": 2233223338910, "正式名称": "中下歯科医院", "機関区分": 3, "都道府県コード": 22, "市区町村コード": 138, "所在地": "静岡県浜松市中央区中央二丁目１１－１８", "緯度": 34.708903, "経度": 137.73867, "url": "https://www.iryou.teikyouseido.mhlw.go.jp/znk-web/juminkanja/S2430/initialize?prefCd=22&kikanCd=3223338910&kikanKbn=3", "url2": null, "内容": "中下歯科医院【3:歯科】静岡県浜松市中央区中央二丁目１１－１８" }, "geometry": { "type": "Point", "coordinates": [ 137.73867, 34.708903 ] } },
{ "type": "Feature", "properties": { "ID": 2233223339050, "正式名称": "やすらぎデンタルクリニック", "機関区分": 3, "都道府県コード": 22, "市区町村コード": 138, "所在地": "静岡県浜松市中央区向宿１－２１－１６", "緯度": 34.705737, "経度": 137.754086, "url": "https://www.iryou.teikyouseido.mhlw.go.jp/znk-web/juminkanja/S2430/initialize?prefCd=22&kikanCd=3223339050&kikanKbn=3", "url2": "http://yasuragi.nanka.ne.jp", "内容": "やすらぎデンタルクリニック【3:歯科】静岡県浜松市中央区向宿１－２１－１６" }, "geometry": { "type": "Point", "coordinates": [ 137.754086, 34.705737 ] } },
{ "type": "Feature", "properties": { "ID": 2233223339180, "正式名称": "柳沢歯科", "機関区分": 3, "都道府県コード": 22, "市区町村コード": 138, "所在地": "静岡県浜松市中央区原島町４５５", "緯度": 34.729651, "経度": 137.76725, "url": "https://www.iryou.teikyouseido.mhlw.go.jp/znk-web/juminkanja/S2430/initialize?prefCd=22&kikanCd=3223339180&kikanKbn=3", "url2": null, "内容": "柳沢歯科【3:歯科】静岡県浜松市中央区原島町４５５" }, "geometry": { "type": "Point", "coordinates": [ 137.76725, 34.729651 ] } },
{ "type": "Feature", "properties": { "ID": 2233223339340, "正式名称": "加藤歯科", "機関区分": 3, "都道府県コード": 22, "市区町村コード": 138, "所在地": "静岡県浜松市中央区佐鳴台４丁目３６－１２", "緯度": 34.712013, "経度": 137.700673, "url": "https://www.iryou.teikyouseido.mhlw.go.jp/znk-web/juminkanja/S2430/initialize?prefCd=22&kikanCd=3223339340&kikanKbn=3", "url2": null, "内容": "加藤歯科【3:歯科】静岡県浜松市中央区佐鳴台４丁目３６－１２" }, "geometry": { "type": "Point", "coordinates": [ 137.700673, 34.712013 ] } },
{ "type": "Feature", "properties": { "ID": 2233223339630, "正式名称": "タカ歯科医院", "機関区分": 3, "都道府県コード": 22, "市区町村コード": 138, "所在地": "静岡県浜松市中央区神立町１２３", "緯度": 34.718402, "経度": 137.75453, "url": "https://www.iryou.teikyouseido.mhlw.go.jp/znk-web/juminkanja/S2430/initialize?prefCd=22&kikanCd=3223339630&kikanKbn=3", "url2": "taka.dental", "内容": "タカ歯科医院【3:歯科】静岡県浜松市中央区神立町１２３" }, "geometry": { "type": "Point", "coordinates": [ 137.75453, 34.718402 ] } },
{ "type": "Feature", "properties": { "ID": 2233223339760, "正式名称": "医療法人社団喜田矯正歯科医院", "機関区分": 3, "都道府県コード": 22, "市区町村コード": 138, "所在地": "静岡県浜松市中央区広沢２－５３－２", "緯度": 34.71568, "経度": 137.713894, "url": "https://www.iryou.teikyouseido.mhlw.go.jp/znk-web/juminkanja/S2430/initialize?prefCd=22&kikanCd=3223339760&kikanKbn=3", "url2": "http://www.kida-ortyo.com", "内容": "医療法人社団喜田矯正歯科医院【3:歯科】静岡県浜松市中央区広沢２－５３－２" }, "geometry": { "type": "Point", "coordinates": [ 137.713894, 34.71568 ] } },
{ "type": "Feature", "properties": { "ID": 2233223339890, "正式名称": "みやじま歯科クリニック", "機関区分": 3, "都道府県コード": 22, "市区町村コード": 138, "所在地": "静岡県浜松市中央区中央一丁目１５－１６－１０２", "緯度": 34.70939, "経度": 137.734969, "url": "https://www.iryou.teikyouseido.mhlw.go.jp/znk-web/juminkanja/S2430/initialize?prefCd=22&kikanCd=3223339890&kikanKbn=3", "url2": "https://miyajima-dent.com", "内容": "みやじま歯科クリニック【3:歯科】静岡県浜松市中央区中央一丁目１５－１６－１０２" }, "geometry": { "type": "Point", "coordinates": [ 137.734969, 34.70939 ] } },
{ "type": "Feature", "properties": { "ID": 2233223339920, "正式名称": "たかせ歯科クリニック", "機関区分": 3, "都道府県コード": 22, "市区町村コード": 138, "所在地": "静岡県浜松市中央区法枝町６８２", "緯度": 34.678073, "経度": 137.719173, "url": "https://www.iryou.teikyouseido.mhlw.go.jp/znk-web/juminkanja/S2430/initialize?prefCd=22&kikanCd=3223339920&kikanKbn=3", "url2": null, "内容": "たかせ歯科クリニック【3:歯科】静岡県浜松市中央区法枝町６８２" }, "geometry": { "type": "Point", "coordinates": [ 137.719173, 34.678073 ] } },
{ "type": "Feature", "properties": { "ID": 2233223340290, "正式名称": "山崎歯科室", "機関区分": 3, "都道府県コード": 22, "市区町村コード": 138, "所在地": "静岡県浜松市中央区佐鳴台３－２８－２７", "緯度": 34.705582, "経度": 137.695209, "url": "https://www.iryou.teikyouseido.mhlw.go.jp/znk-web/juminkanja/S2430/initialize?prefCd=22&kikanCd=3223340290&kikanKbn=3", "url2": null, "内容": "山崎歯科室【3:歯科】静岡県浜松市中央区佐鳴台３－２８－２７" }, "geometry": { "type": "Point", "coordinates": [ 137.695209, 34.705582 ] } },
{ "type": "Feature", "properties": { "ID": 2233223340450, "正式名称": "むらかみ歯科クリニック", "機関区分": 3, "都道府県コード": 22, "市区町村コード": 138, "所在地": "静岡県浜松市中央区三方原町１５５９－１８", "緯度": 34.785755, "経度": 137.706281, "url": "https://www.iryou.teikyouseido.mhlw.go.jp/znk-web/juminkanja/S2430/initialize?prefCd=22&kikanCd=3223340450&kikanKbn=3", "url2": null, "内容": "むらかみ歯科クリニック【3:歯科】静岡県浜松市中央区三方原町１５５９－１８" }, "geometry": { "type": "Point", "coordinates": [ 137.706281, 34.785755 ] } },
{ "type": "Feature", "properties": { "ID": 2233223340580, "正式名称": "よねざわ歯科医院", "機関区分": 3, "都道府県コード": 22, "市区町村コード": 138, "所在地": "静岡県浜松市中央区大島町１３３６", "緯度": 34.76637, "経度": 137.77472, "url": "https://www.iryou.teikyouseido.mhlw.go.jp/znk-web/juminkanja/S2430/initialize?prefCd=22&kikanCd=3223340580&kikanKbn=3", "url2": "http://yonezawashika.cihp2.jp/", "内容": "よねざわ歯科医院【3:歯科】静岡県浜松市中央区大島町１３３６" }, "geometry": { "type": "Point", "coordinates": [ 137.77472, 34.76637 ] } },
{ "type": "Feature", "properties": { "ID": 2233223340740, "正式名称": "志村歯科・小児歯科クリニック", "機関区分": 3, "都道府県コード": 22, "市区町村コード": 138, "所在地": "静岡県浜松市中央区大人見町１５００－１", "緯度": 34.736954, "経度": 137.649177, "url": "https://www.iryou.teikyouseido.mhlw.go.jp/znk-web/juminkanja/S2430/initialize?prefCd=22&kikanCd=3223340740&kikanKbn=3", "url2": null, "内容": "志村歯科・小児歯科クリニック【3:歯科】静岡県浜松市中央区大人見町１５００－１" }, "geometry": { "type": "Point", "coordinates": [ 137.649177, 34.736954 ] } },
{ "type": "Feature", "properties": { "ID": 2233223340870, "正式名称": "清水歯科医院三方原診療所", "機関区分": 3, "都道府県コード": 22, "市区町村コード": 138, "所在地": "静岡県浜松市中央区三方原町１９６－２", "緯度": 34.773035, "経度": 137.713836, "url": "https://www.iryou.teikyouseido.mhlw.go.jp/znk-web/juminkanja/S2430/initialize?prefCd=22&kikanCd=3223340870&kikanKbn=3", "url2": "https://www.shimizu418.jp/", "内容": "清水歯科医院三方原診療所【3:歯科】静岡県浜松市中央区三方原町１９６－２" }, "geometry": { "type": "Point", "coordinates": [ 137.713836, 34.773035 ] } },
{ "type": "Feature", "properties": { "ID": 2233223340900, "正式名称": "トムラ歯科クリニック", "機関区分": 3, "都道府県コード": 22, "市区町村コード": 138, "所在地": "静岡県浜松市中央区早出町１２３４－３", "緯度": 34.72854, "経度": 137.751113, "url": "https://www.iryou.teikyouseido.mhlw.go.jp/znk-web/juminkanja/S2430/initialize?prefCd=22&kikanCd=3223340900&kikanKbn=3", "url2": null, "内容": "トムラ歯科クリニック【3:歯科】静岡県浜松市中央区早出町１２３４－３" }, "geometry": { "type": "Point", "coordinates": [ 137.751113, 34.72854 ] } },
{ "type": "Feature", "properties": { "ID": 2233223341170, "正式名称": "カナダ歯科", "機関区分": 3, "都道府県コード": 22, "市区町村コード": 138, "所在地": "静岡県浜松市中央区鍛冶町１００－１　ザザシティ浜松中央館　４Ｆ", "緯度": 34.704931, "経度": 137.730477, "url": "https://www.iryou.teikyouseido.mhlw.go.jp/znk-web/juminkanja/S2430/initialize?prefCd=22&kikanCd=3223341170&kikanKbn=3", "url2": "http://kanada-dc.com/", "内容": "カナダ歯科【3:歯科】静岡県浜松市中央区鍛冶町１００－１　ザザシティ浜松中央館　４Ｆ" }, "geometry": { "type": "Point", "coordinates": [ 137.730477, 34.704931 ] } },
{ "type": "Feature", "properties": { "ID": 2233223341200, "正式名称": "サクラ歯科医院", "機関区分": 3, "都道府県コード": 22, "市区町村コード": 138, "所在地": "静岡県浜松市中央区入野町６２４４－１　イオン浜松西ショッピングセンター", "緯度": 34.699264, "経度": 137.690008, "url": "https://www.iryou.teikyouseido.mhlw.go.jp/znk-web/juminkanja/S2430/initialize?prefCd=22&kikanCd=3223341200&kikanKbn=3", "url2": "http://hamamatsu-sakura.jp", "内容": "サクラ歯科医院【3:歯科】静岡県浜松市中央区入野町６２４４－１　イオン浜松西ショッピングセンター" }, "geometry": { "type": "Point", "coordinates": [ 137.690008, 34.699264 ] } },
{ "type": "Feature", "properties": { "ID": 2233223341330, "正式名称": "金子歯科医院", "機関区分": 3, "都道府県コード": 22, "市区町村コード": 138, "所在地": "静岡県浜松市中央区有玉南町２１７５", "緯度": 34.750815, "経度": 137.743557, "url": "https://www.iryou.teikyouseido.mhlw.go.jp/znk-web/juminkanja/S2430/initialize?prefCd=22&kikanCd=3223341330&kikanKbn=3", "url2": null, "内容": "金子歯科医院【3:歯科】静岡県浜松市中央区有玉南町２１７５" }, "geometry": { "type": "Point", "coordinates": [ 137.743557, 34.750815 ] } },
{ "type": "Feature", "properties": { "ID": 2233223341460, "正式名称": "メイ歯科クリニック", "機関区分": 3, "都道府県コード": 22, "市区町村コード": 138, "所在地": "静岡県浜松市中央区瓜内町９４３", "緯度": 34.687433, "経度": 137.737921, "url": "https://www.iryou.teikyouseido.mhlw.go.jp/znk-web/juminkanja/S2430/initialize?prefCd=22&kikanCd=3223341460&kikanKbn=3", "url2": "https://www.may-dc-1001.com/", "内容": "メイ歯科クリニック【3:歯科】静岡県浜松市中央区瓜内町９４３" }, "geometry": { "type": "Point", "coordinates": [ 137.737921, 34.687433 ] } },
{ "type": "Feature", "properties": { "ID": 2233223341590, "正式名称": "鈴木歯科医院", "機関区分": 3, "都道府県コード": 22, "市区町村コード": 138, "所在地": "静岡県浜松市中央区広沢３－１３－１４", "緯度": 34.70968, "経度": 137.71745, "url": "https://www.iryou.teikyouseido.mhlw.go.jp/znk-web/juminkanja/S2430/initialize?prefCd=22&kikanCd=3223341590&kikanKbn=3", "url2": "www.suzuki-dentalclinic.net/", "内容": "鈴木歯科医院【3:歯科】静岡県浜松市中央区広沢３－１３－１４" }, "geometry": { "type": "Point", "coordinates": [ 137.71745, 34.70968 ] } },
{ "type": "Feature", "properties": { "ID": 2233223341880, "正式名称": "医療法人社団　井口歯科クリニック", "機関区分": 3, "都道府県コード": 22, "市区町村コード": 138, "所在地": "静岡県浜松市中央区早馬町２－４", "緯度": 34.711157, "経度": 137.733748, "url": "https://www.iryou.teikyouseido.mhlw.go.jp/znk-web/juminkanja/S2430/initialize?prefCd=22&kikanCd=3223341880&kikanKbn=3", "url2": null, "内容": "医療法人社団　井口歯科クリニック【3:歯科】静岡県浜松市中央区早馬町２－４" }, "geometry": { "type": "Point", "coordinates": [ 137.733748, 34.711157 ] } },
{ "type": "Feature", "properties": { "ID": 2233223342050, "正式名称": "石野歯科医院", "機関区分": 3, "都道府県コード": 22, "市区町村コード": 138, "所在地": "静岡県浜松市中央区葵東２−２０−６", "緯度": 34.758897, "経度": 137.722058, "url": "https://www.iryou.teikyouseido.mhlw.go.jp/znk-web/juminkanja/S2430/initialize?prefCd=22&kikanCd=3223342050&kikanKbn=3", "url2": null, "内容": "石野歯科医院【3:歯科】静岡県浜松市中央区葵東２−２０−６" }, "geometry": { "type": "Point", "coordinates": [ 137.722058, 34.758897 ] } },
{ "type": "Feature", "properties": { "ID": 2233223342210, "正式名称": "寺田歯科医院", "機関区分": 3, "都道府県コード": 22, "市区町村コード": 138, "所在地": "静岡県浜松市中央区伊左地町２１５４－１", "緯度": 34.743593, "経度": 137.675757, "url": "https://www.iryou.teikyouseido.mhlw.go.jp/znk-web/juminkanja/S2430/initialize?prefCd=22&kikanCd=3223342210&kikanKbn=3", "url2": "http://www.terada-do.jp", "内容": "寺田歯科医院【3:歯科】静岡県浜松市中央区伊左地町２１５４－１" }, "geometry": { "type": "Point", "coordinates": [ 137.675757, 34.743593 ] } },
{ "type": "Feature", "properties": { "ID": 2233223342760, "正式名称": "杉山歯科医院", "機関区分": 3, "都道府県コード": 22, "市区町村コード": 138, "所在地": "静岡県浜松市中央区西山町１４３－１０", "緯度": 34.740399, "経度": 137.694784, "url": "https://www.iryou.teikyouseido.mhlw.go.jp/znk-web/juminkanja/S2430/initialize?prefCd=22&kikanCd=3223342760&kikanKbn=3", "url2": null, "内容": "杉山歯科医院【3:歯科】静岡県浜松市中央区西山町１４３－１０" }, "geometry": { "type": "Point", "coordinates": [ 137.694784, 34.740399 ] } },
{ "type": "Feature", "properties": { "ID": 2233223342890, "正式名称": "まえじま歯科医院", "機関区分": 3, "都道府県コード": 22, "市区町村コード": 138, "所在地": "静岡県浜松市中央区市野町１２２４", "緯度": 34.746844, "経度": 137.776499, "url": "https://www.iryou.teikyouseido.mhlw.go.jp/znk-web/juminkanja/S2430/initialize?prefCd=22&kikanCd=3223342890&kikanKbn=3", "url2": null, "内容": "まえじま歯科医院【3:歯科】静岡県浜松市中央区市野町１２２４" }, "geometry": { "type": "Point", "coordinates": [ 137.776499, 34.746844 ] } },
{ "type": "Feature", "properties": { "ID": 2233223342920, "正式名称": "山下歯科医院", "機関区分": 3, "都道府県コード": 22, "市区町村コード": 138, "所在地": "静岡県浜松市中央区松城町２１０－１", "緯度": 34.71043, "経度": 137.723977, "url": "https://www.iryou.teikyouseido.mhlw.go.jp/znk-web/juminkanja/S2430/initialize?prefCd=22&kikanCd=3223342920&kikanKbn=3", "url2": "https://www.yamashita-dental.com/", "内容": "山下歯科医院【3:歯科】静岡県浜松市中央区松城町２１０－１" }, "geometry": { "type": "Point", "coordinates": [ 137.723977, 34.71043 ] } },
{ "type": "Feature", "properties": { "ID": 2233223343350, "正式名称": "とだ歯科クリニック", "機関区分": 3, "都道府県コード": 22, "市区町村コード": 138, "所在地": "静岡県浜松市中央区三方原町１０９－１７", "緯度": 34.773424, "経度": 137.72353, "url": "https://www.iryou.teikyouseido.mhlw.go.jp/znk-web/juminkanja/S2430/initialize?prefCd=22&kikanCd=3223343350&kikanKbn=3", "url2": null, "内容": "とだ歯科クリニック【3:歯科】静岡県浜松市中央区三方原町１０９－１７" }, "geometry": { "type": "Point", "coordinates": [ 137.72353, 34.773424 ] } },
{ "type": "Feature", "properties": { "ID": 2233223343480, "正式名称": "ひくまの歯科", "機関区分": 3, "都道府県コード": 22, "市区町村コード": 138, "所在地": "静岡県浜松市中央区初生町１１９８－１", "緯度": 34.772368, "経度": 137.719808, "url": "https://www.iryou.teikyouseido.mhlw.go.jp/znk-web/juminkanja/S2430/initialize?prefCd=22&kikanCd=3223343480&kikanKbn=3", "url2": null, "内容": "ひくまの歯科【3:歯科】静岡県浜松市中央区初生町１１９８－１" }, "geometry": { "type": "Point", "coordinates": [ 137.719808, 34.772368 ] } },
{ "type": "Feature", "properties": { "ID": 2233223343640, "正式名称": "彦坂歯科医院", "機関区分": 3, "都道府県コード": 22, "市区町村コード": 138, "所在地": "静岡県浜松市中央区有玉北町１１５８ー１", "緯度": 34.764592, "経度": 137.755722, "url": "https://www.iryou.teikyouseido.mhlw.go.jp/znk-web/juminkanja/S2430/initialize?prefCd=22&kikanCd=3223343640&kikanKbn=3", "url2": "http://www.hikosaka-dental.jp/", "内容": "彦坂歯科医院【3:歯科】静岡県浜松市中央区有玉北町１１５８ー１" }, "geometry": { "type": "Point", "coordinates": [ 137.755722, 34.764592 ] } },
{ "type": "Feature", "properties": { "ID": 2233223343770, "正式名称": "こころ歯科", "機関区分": 3, "都道府県コード": 22, "市区町村コード": 138, "所在地": "静岡県浜松市中央区志都呂２丁目１２－２３", "緯度": 34.698069, "経度": 137.649512, "url": "https://www.iryou.teikyouseido.mhlw.go.jp/znk-web/juminkanja/S2430/initialize?prefCd=22&kikanCd=3223343770&kikanKbn=3", "url2": "https://www.kokoro-shika.com/", "内容": "こころ歯科【3:歯科】静岡県浜松市中央区志都呂２丁目１２－２３" }, "geometry": { "type": "Point", "coordinates": [ 137.649512, 34.698069 ] } },
{ "type": "Feature", "properties": { "ID": 2233223343800, "正式名称": "きらら歯科クリニック", "機関区分": 3, "都道府県コード": 22, "市区町村コード": 138, "所在地": "静岡県浜松市中央区葵西３丁目７番１号", "緯度": 34.772941, "経度": 137.709019, "url": "https://www.iryou.teikyouseido.mhlw.go.jp/znk-web/juminkanja/S2430/initialize?prefCd=22&kikanCd=3223343800&kikanKbn=3", "url2": "https://www.jda.or.jp/search/", "内容": "きらら歯科クリニック【3:歯科】静岡県浜松市中央区葵西３丁目７番１号" }, "geometry": { "type": "Point", "coordinates": [ 137.709019, 34.772941 ] } },
{ "type": "Feature", "properties": { "ID": 2233223344100, "正式名称": "しゅん歯科クリニック", "機関区分": 3, "都道府県コード": 22, "市区町村コード": 138, "所在地": "静岡県浜松市中央区天龍川町８５８", "緯度": 34.72202, "経度": 137.780309, "url": "https://www.iryou.teikyouseido.mhlw.go.jp/znk-web/juminkanja/S2430/initialize?prefCd=22&kikanCd=3223344100&kikanKbn=3", "url2": null, "内容": "しゅん歯科クリニック【3:歯科】静岡県浜松市中央区天龍川町８５８" }, "geometry": { "type": "Point", "coordinates": [ 137.780309, 34.72202 ] } },
{ "type": "Feature", "properties": { "ID": 2233223344230, "正式名称": "テクノ伊藤歯科", "機関区分": 3, "都道府県コード": 22, "市区町村コード": 139, "所在地": "静岡県浜松市浜名区都田町沢上９１０６－５", "緯度": 34.82303, "経度": 137.745637, "url": "https://www.iryou.teikyouseido.mhlw.go.jp/znk-web/juminkanja/S2430/initialize?prefCd=22&kikanCd=3223344230&kikanKbn=3", "url2": null, "内容": "テクノ伊藤歯科【3:歯科】静岡県浜松市浜名区都田町沢上９１０６－５" }, "geometry": { "type": "Point", "coordinates": [ 137.745637, 34.82303 ] } },
{ "type": "Feature", "properties": { "ID": 2233223344490, "正式名称": "医療法人社団わくわく会わくだ歯科", "機関区分": 3, "都道府県コード": 22, "市区町村コード": 138, "所在地": "静岡県浜松市中央区雄踏１−２６−２８", "緯度": 34.693474, "経度": 137.642579, "url": "https://www.iryou.teikyouseido.mhlw.go.jp/znk-web/juminkanja/S2430/initialize?prefCd=22&kikanCd=3223344490&kikanKbn=3", "url2": "http://wakuda-shika.com/", "内容": "医療法人社団わくわく会わくだ歯科【3:歯科】静岡県浜松市中央区雄踏１−２６−２８" }, "geometry": { "type": "Point", "coordinates": [ 137.642579, 34.693474 ] } },
{ "type": "Feature", "properties": { "ID": 2233223344780, "正式名称": "渡瀬ファミリー歯科クリニック", "機関区分": 3, "都道府県コード": 22, "市区町村コード": 138, "所在地": "静岡県浜松市中央区渡瀬町４０３　クレールノダ１階", "緯度": 34.705797, "経度": 137.762718, "url": "https://www.iryou.teikyouseido.mhlw.go.jp/znk-web/juminkanja/S2430/initialize?prefCd=22&kikanCd=3223344780&kikanKbn=3", "url2": "http://www.sakura-fdc.com", "内容": "渡瀬ファミリー歯科クリニック【3:歯科】静岡県浜松市中央区渡瀬町４０３　クレールノダ１階" }, "geometry": { "type": "Point", "coordinates": [ 137.762718, 34.705797 ] } },
{ "type": "Feature", "properties": { "ID": 2233223344810, "正式名称": "かわい歯科クリニック", "機関区分": 3, "都道府県コード": 22, "市区町村コード": 139, "所在地": "静岡県浜松市浜名区内野８１５", "緯度": 34.782201, "経度": 137.753582, "url": "https://www.iryou.teikyouseido.mhlw.go.jp/znk-web/juminkanja/S2430/initialize?prefCd=22&kikanCd=3223344810&kikanKbn=3", "url2": null, "内容": "かわい歯科クリニック【3:歯科】静岡県浜松市浜名区内野８１５" }, "geometry": { "type": "Point", "coordinates": [ 137.753582, 34.782201 ] } },
{ "type": "Feature", "properties": { "ID": 2233223344940, "正式名称": "ふじわら歯科医院", "機関区分": 3, "都道府県コード": 22, "市区町村コード": 138, "所在地": "静岡県浜松市中央区高丘西２－３３－３８", "緯度": 34.759631, "経度": 137.702481, "url": "https://www.iryou.teikyouseido.mhlw.go.jp/znk-web/juminkanja/S2430/initialize?prefCd=22&kikanCd=3223344940&kikanKbn=3", "url2": "https://www.fujiwara-dc-hamamatsu.com/", "内容": "ふじわら歯科医院【3:歯科】静岡県浜松市中央区高丘西２－３３－３８" }, "geometry": { "type": "Point", "coordinates": [ 137.702481, 34.759631 ] } },
{ "type": "Feature", "properties": { "ID": 2233223345080, "正式名称": "藤野歯科医院", "機関区分": 3, "都道府県コード": 22, "市区町村コード": 138, "所在地": "静岡県浜松市中央区和合町１５４－４３４", "緯度": 34.735432, "経度": 137.722219, "url": "https://www.iryou.teikyouseido.mhlw.go.jp/znk-web/juminkanja/S2430/initialize?prefCd=22&kikanCd=3223345080&kikanKbn=3", "url2": null, "内容": "藤野歯科医院【3:歯科】静岡県浜松市中央区和合町１５４－４３４" }, "geometry": { "type": "Point", "coordinates": [ 137.722219, 34.735432 ] } },
{ "type": "Feature", "properties": { "ID": 2233223345370, "正式名称": "ヤス歯科医院", "機関区分": 3, "都道府県コード": 22, "市区町村コード": 138, "所在地": "静岡県浜松市中央区篠ケ瀬町２６９", "緯度": 34.729289, "経度": 137.772206, "url": "https://www.iryou.teikyouseido.mhlw.go.jp/znk-web/juminkanja/S2430/initialize?prefCd=22&kikanCd=3223345370&kikanKbn=3", "url2": null, "内容": "ヤス歯科医院【3:歯科】静岡県浜松市中央区篠ケ瀬町２６９" }, "geometry": { "type": "Point", "coordinates": [ 137.772206, 34.729289 ] } },
{ "type": "Feature", "properties": { "ID": 2233223345400, "正式名称": "富士田歯科医院", "機関区分": 3, "都道府県コード": 22, "市区町村コード": 139, "所在地": "静岡県浜松市浜名区道本２３－７", "緯度": 34.801908, "経度": 137.788539, "url": "https://www.iryou.teikyouseido.mhlw.go.jp/znk-web/juminkanja/S2430/initialize?prefCd=22&kikanCd=3223345400&kikanKbn=3", "url2": "http://www.fujita-dental-office.jp/", "内容": "富士田歯科医院【3:歯科】静岡県浜松市浜名区道本２３－７" }, "geometry": { "type": "Point", "coordinates": [ 137.788539, 34.801908 ] } },
{ "type": "Feature", "properties": { "ID": 2233223345530, "正式名称": "なつめ歯科", "機関区分": 3, "都道府県コード": 22, "市区町村コード": 138, "所在地": "静岡県浜松市中央区海老塚２－９－１６", "緯度": 34.698654, "経度": 137.731227, "url": "https://www.iryou.teikyouseido.mhlw.go.jp/znk-web/juminkanja/S2430/initialize?prefCd=22&kikanCd=3223345530&kikanKbn=3", "url2": "https://www.natsumeshika.com/", "内容": "なつめ歯科【3:歯科】静岡県浜松市中央区海老塚２－９－１６" }, "geometry": { "type": "Point", "coordinates": [ 137.731227, 34.698654 ] } },
{ "type": "Feature", "properties": { "ID": 2233223345660, "正式名称": "すずき歯科クリニック", "機関区分": 3, "都道府県コード": 22, "市区町村コード": 139, "所在地": "静岡県浜松市浜名区引佐町黒渕１２６－１", "緯度": 34.837221, "経度": 137.654699, "url": "https://www.iryou.teikyouseido.mhlw.go.jp/znk-web/juminkanja/S2430/initialize?prefCd=22&kikanCd=3223345660&kikanKbn=3", "url2": null, "内容": "すずき歯科クリニック【3:歯科】静岡県浜松市浜名区引佐町黒渕１２６－１" }, "geometry": { "type": "Point", "coordinates": [ 137.654699, 34.837221 ] } },
{ "type": "Feature", "properties": { "ID": 2233223345790, "正式名称": "野村歯科医院", "機関区分": 3, "都道府県コード": 22, "市区町村コード": 138, "所在地": "静岡県浜松市中央区高丘北１－１－１　アーバンシティ浜松高丘（１０１）", "緯度": 34.758109, "経度": 137.706073, "url": "https://www.iryou.teikyouseido.mhlw.go.jp/znk-web/juminkanja/S2430/initialize?prefCd=22&kikanCd=3223345790&kikanKbn=3", "url2": null, "内容": "野村歯科医院【3:歯科】静岡県浜松市中央区高丘北１－１－１　アーバンシティ浜松高丘（１０１）" }, "geometry": { "type": "Point", "coordinates": [ 137.706073, 34.758109 ] } },
{ "type": "Feature", "properties": { "ID": 2233223346090, "正式名称": "影山デンタルクリニック", "機関区分": 3, "都道府県コード": 22, "市区町村コード": 138, "所在地": "静岡県浜松市中央区根洗町１９９－５", "緯度": 34.80242, "経度": 137.708585, "url": "https://www.iryou.teikyouseido.mhlw.go.jp/znk-web/juminkanja/S2430/initialize?prefCd=22&kikanCd=3223346090&kikanKbn=3", "url2": "http://www.kageyama-d.com", "内容": "影山デンタルクリニック【3:歯科】静岡県浜松市中央区根洗町１９９－５" }, "geometry": { "type": "Point", "coordinates": [ 137.708585, 34.80242 ] } },
{ "type": "Feature", "properties": { "ID": 2233223346250, "正式名称": "朝比奈歯科医院", "機関区分": 3, "都道府県コード": 22, "市区町村コード": 139, "所在地": "静岡県浜松市浜名区引佐町四方浄１４０－１９", "緯度": 34.898234, "経度": 137.655022, "url": "https://www.iryou.teikyouseido.mhlw.go.jp/znk-web/juminkanja/S2430/initialize?prefCd=22&kikanCd=3223346250&kikanKbn=3", "url2": null, "内容": "朝比奈歯科医院【3:歯科】静岡県浜松市浜名区引佐町四方浄１４０－１９" }, "geometry": { "type": "Point", "coordinates": [ 137.655022, 34.898234 ] } },
{ "type": "Feature", "properties": { "ID": 2233223346380, "正式名称": "なかむら歯科", "機関区分": 3, "都道府県コード": 22, "市区町村コード": 138, "所在地": "静岡県浜松市中央区新津町３２５－３", "緯度": 34.723929, "経度": 137.742336, "url": "https://www.iryou.teikyouseido.mhlw.go.jp/znk-web/juminkanja/S2430/initialize?prefCd=22&kikanCd=3223346380&kikanKbn=3", "url2": null, "内容": "なかむら歯科【3:歯科】静岡県浜松市中央区新津町３２５－３" }, "geometry": { "type": "Point", "coordinates": [ 137.742336, 34.723929 ] } },
{ "type": "Feature", "properties": { "ID": 2233223346410, "正式名称": "矢田歯科医院", "機関区分": 3, "都道府県コード": 22, "市区町村コード": 138, "所在地": "静岡県浜松市中央区大平台２－１７－１３", "緯度": 34.715403, "経度": 137.68246, "url": "https://www.iryou.teikyouseido.mhlw.go.jp/znk-web/juminkanja/S2430/initialize?prefCd=22&kikanCd=3223346410&kikanKbn=3", "url2": "https://www.yatashikaiin.net", "内容": "矢田歯科医院【3:歯科】静岡県浜松市中央区大平台２－１７－１３" }, "geometry": { "type": "Point", "coordinates": [ 137.68246, 34.715403 ] } },
{ "type": "Feature", "properties": { "ID": 2233223346540, "正式名称": "山﨑歯科医院", "機関区分": 3, "都道府県コード": 22, "市区町村コード": 138, "所在地": "静岡県浜松市中央区天龍川町１１２９－１", "緯度": 34.720904, "経度": 137.778329, "url": "https://www.iryou.teikyouseido.mhlw.go.jp/znk-web/juminkanja/S2430/initialize?prefCd=22&kikanCd=3223346540&kikanKbn=3", "url2": "https://yamazakishikaiin-hamamatsu.com/", "内容": "山﨑歯科医院【3:歯科】静岡県浜松市中央区天龍川町１１２９－１" }, "geometry": { "type": "Point", "coordinates": [ 137.778329, 34.720904 ] } },
{ "type": "Feature", "properties": { "ID": 2233223346670, "正式名称": "ベル歯科クリニック", "機関区分": 3, "都道府県コード": 22, "市区町村コード": 138, "所在地": "静岡県浜松市中央区半田山５－２２－３", "緯度": 34.776979, "経度": 137.737112, "url": "https://www.iryou.teikyouseido.mhlw.go.jp/znk-web/juminkanja/S2430/initialize?prefCd=22&kikanCd=3223346670&kikanKbn=3", "url2": null, "内容": "ベル歯科クリニック【3:歯科】静岡県浜松市中央区半田山５－２２－３" }, "geometry": { "type": "Point", "coordinates": [ 137.737112, 34.776979 ] } },
{ "type": "Feature", "properties": { "ID": 2233223346700, "正式名称": "あだち歯科クリニック", "機関区分": 3, "都道府県コード": 22, "市区町村コード": 138, "所在地": "静岡県浜松市中央区半田山３－３１－５", "緯度": 34.774479, "経度": 137.742334, "url": "https://www.iryou.teikyouseido.mhlw.go.jp/znk-web/juminkanja/S2430/initialize?prefCd=22&kikanCd=3223346700&kikanKbn=3", "url2": "http://www.adachi-dental.info", "内容": "あだち歯科クリニック【3:歯科】静岡県浜松市中央区半田山３－３１－５" }, "geometry": { "type": "Point", "coordinates": [ 137.742334, 34.774479 ] } },
{ "type": "Feature", "properties": { "ID": 2233223346830, "正式名称": "さと歯科医院", "機関区分": 3, "都道府県コード": 22, "市区町村コード": 138, "所在地": "静岡県浜松市中央区中島３丁目１－１９", "緯度": 34.698349, "経度": 137.74492, "url": "https://www.iryou.teikyouseido.mhlw.go.jp/znk-web/juminkanja/S2430/initialize?prefCd=22&kikanCd=3223346830&kikanKbn=3", "url2": null, "内容": "さと歯科医院【3:歯科】静岡県浜松市中央区中島３丁目１－１９" }, "geometry": { "type": "Point", "coordinates": [ 137.74492, 34.698349 ] } },
{ "type": "Feature", "properties": { "ID": 2233223346960, "正式名称": "横井歯科", "機関区分": 3, "都道府県コード": 22, "市区町村コード": 138, "所在地": "静岡県浜松市中央区上浅田１－１４－３９", "緯度": 34.694043, "経度": 137.728005, "url": "https://www.iryou.teikyouseido.mhlw.go.jp/znk-web/juminkanja/S2430/initialize?prefCd=22&kikanCd=3223346960&kikanKbn=3", "url2": "http://yokoi-shika.org/", "内容": "横井歯科【3:歯科】静岡県浜松市中央区上浅田１－１４－３９" }, "geometry": { "type": "Point", "coordinates": [ 137.728005, 34.694043 ] } },
{ "type": "Feature", "properties": { "ID": 2233223347000, "正式名称": "なおデンタルクリニック", "機関区分": 3, "都道府県コード": 22, "市区町村コード": 138, "所在地": "静岡県浜松市中央区上島３－３１－１７", "緯度": 34.739761, "経度": 137.746863, "url": "https://www.iryou.teikyouseido.mhlw.go.jp/znk-web/juminkanja/S2430/initialize?prefCd=22&kikanCd=3223347000&kikanKbn=3", "url2": null, "内容": "なおデンタルクリニック【3:歯科】静岡県浜松市中央区上島３－３１－１７" }, "geometry": { "type": "Point", "coordinates": [ 137.746863, 34.739761 ] } },
{ "type": "Feature", "properties": { "ID": 2233223347130, "正式名称": "大石歯科", "機関区分": 3, "都道府県コード": 22, "市区町村コード": 138, "所在地": "静岡県浜松市中央区富塚町２０９－２０２", "緯度": 34.718874, "経度": 137.709506, "url": "https://www.iryou.teikyouseido.mhlw.go.jp/znk-web/juminkanja/S2430/initialize?prefCd=22&kikanCd=3223347130&kikanKbn=3", "url2": "https://oisidc.com", "内容": "大石歯科【3:歯科】静岡県浜松市中央区富塚町２０９－２０２" }, "geometry": { "type": "Point", "coordinates": [ 137.709506, 34.718874 ] } },
{ "type": "Feature", "properties": { "ID": 2233223347260, "正式名称": "和歯科クリニック", "機関区分": 3, "都道府県コード": 22, "市区町村コード": 138, "所在地": "静岡県浜松市中央区和田町８９８－３", "緯度": 34.718514, "経度": 137.769167, "url": "https://www.iryou.teikyouseido.mhlw.go.jp/znk-web/juminkanja/S2430/initialize?prefCd=22&kikanCd=3223347260&kikanKbn=3", "url2": null, "内容": "和歯科クリニック【3:歯科】静岡県浜松市中央区和田町８９８－３" }, "geometry": { "type": "Point", "coordinates": [ 137.769167, 34.718514 ] } },
{ "type": "Feature", "properties": { "ID": 2233223347390, "正式名称": "柴田歯科医院", "機関区分": 3, "都道府県コード": 22, "市区町村コード": 138, "所在地": "静岡県浜松市中央区雄踏町宇布見５１８６", "緯度": 34.698125, "経度": 137.634485, "url": "https://www.iryou.teikyouseido.mhlw.go.jp/znk-web/juminkanja/S2430/initialize?prefCd=22&kikanCd=3223347390&kikanKbn=3", "url2": "https://www.shibata-dental-clinic.net/76121/", "内容": "柴田歯科医院【3:歯科】静岡県浜松市中央区雄踏町宇布見５１８６" }, "geometry": { "type": "Point", "coordinates": [ 137.634485, 34.698125 ] } },
{ "type": "Feature", "properties": { "ID": 2233223347420, "正式名称": "竹内歯科医院", "機関区分": 3, "都道府県コード": 22, "市区町村コード": 138, "所在地": "静岡県浜松市中央区入野町８８７１－６", "緯度": 34.701621, "経度": 137.685285, "url": "https://www.iryou.teikyouseido.mhlw.go.jp/znk-web/juminkanja/S2430/initialize?prefCd=22&kikanCd=3223347420&kikanKbn=3", "url2": "http://www.takeuchidc-hamamatsu.com/", "内容": "竹内歯科医院【3:歯科】静岡県浜松市中央区入野町８８７１－６" }, "geometry": { "type": "Point", "coordinates": [ 137.685285, 34.701621 ] } },
{ "type": "Feature", "properties": { "ID": 2233223347550, "正式名称": "花井歯科", "機関区分": 3, "都道府県コード": 22, "市区町村コード": 139, "所在地": "静岡県浜松市浜名区横須賀１４８－１", "緯度": 34.785896, "経度": 137.790913, "url": "https://www.iryou.teikyouseido.mhlw.go.jp/znk-web/juminkanja/S2430/initialize?prefCd=22&kikanCd=3223347550&kikanKbn=3", "url2": null, "内容": "花井歯科【3:歯科】静岡県浜松市浜名区横須賀１４８－１" }, "geometry": { "type": "Point", "coordinates": [ 137.790913, 34.785896 ] } },
{ "type": "Feature", "properties": { "ID": 2233223347680, "正式名称": "こいけ歯科・矯正歯科", "機関区分": 3, "都道府県コード": 22, "市区町村コード": 139, "所在地": "静岡県浜松市浜名区貴布祢１２００", "緯度": 34.796654, "経度": 137.77948, "url": "https://www.iryou.teikyouseido.mhlw.go.jp/znk-web/juminkanja/S2430/initialize?prefCd=22&kikanCd=3223347680&kikanKbn=3", "url2": null, "内容": "こいけ歯科・矯正歯科【3:歯科】静岡県浜松市浜名区貴布祢１２００" }, "geometry": { "type": "Point", "coordinates": [ 137.77948, 34.796654 ] } },
{ "type": "Feature", "properties": { "ID": 2233223347710, "正式名称": "医療法人社団　Ｍａｉ子どもデンタル・ルーム", "機関区分": 3, "都道府県コード": 22, "市区町村コード": 138, "所在地": "静岡県浜松市中央区舞阪町舞阪５２４７－１", "緯度": 34.684459, "経度": 137.619626, "url": "https://www.iryou.teikyouseido.mhlw.go.jp/znk-web/juminkanja/S2430/initialize?prefCd=22&kikanCd=3223347710&kikanKbn=3", "url2": "http:/www.mai-kodomo.com/", "内容": "医療法人社団　Ｍａｉ子どもデンタル・ルーム【3:歯科】静岡県浜松市中央区舞阪町舞阪５２４７－１" }, "geometry": { "type": "Point", "coordinates": [ 137.619626, 34.684459 ] } },
{ "type": "Feature", "properties": { "ID": 2233223348140, "正式名称": "牛田歯科医院", "機関区分": 3, "都道府県コード": 22, "市区町村コード": 138, "所在地": "静岡県浜松市中央区入野町６２９９－２", "緯度": 34.700096, "経度": 137.689499, "url": "https://www.iryou.teikyouseido.mhlw.go.jp/znk-web/juminkanja/S2430/initialize?prefCd=22&kikanCd=3223348140&kikanKbn=3", "url2": null, "内容": "牛田歯科医院【3:歯科】静岡県浜松市中央区入野町６２９９－２" }, "geometry": { "type": "Point", "coordinates": [ 137.689499, 34.700096 ] } },
{ "type": "Feature", "properties": { "ID": 2233223348270, "正式名称": "ひらが歯科クリニック", "機関区分": 3, "都道府県コード": 22, "市区町村コード": 138, "所在地": "静岡県浜松市中央区板屋町６７６　マツバラヤビル２階", "緯度": 34.706625, "経度": 137.735865, "url": "https://www.iryou.teikyouseido.mhlw.go.jp/znk-web/juminkanja/S2430/initialize?prefCd=22&kikanCd=3223348270&kikanKbn=3", "url2": "http://www.hiraga-dc.com", "内容": "ひらが歯科クリニック【3:歯科】静岡県浜松市中央区板屋町６７６　マツバラヤビル２階" }, "geometry": { "type": "Point", "coordinates": [ 137.735865, 34.706625 ] } },
{ "type": "Feature", "properties": { "ID": 2233223348430, "正式名称": "ふじい歯科医院", "機関区分": 3, "都道府県コード": 22, "市区町村コード": 138, "所在地": "静岡県浜松市中央区立野町３１１－１", "緯度": 34.684797, "経度": 137.771714, "url": "https://www.iryou.teikyouseido.mhlw.go.jp/znk-web/juminkanja/S2430/initialize?prefCd=22&kikanCd=3223348430&kikanKbn=3", "url2": null, "内容": "ふじい歯科医院【3:歯科】静岡県浜松市中央区立野町３１１－１" }, "geometry": { "type": "Point", "coordinates": [ 137.771714, 34.684797 ] } },
{ "type": "Feature", "properties": { "ID": 2233223348560, "正式名称": "さかな町歯科クリニック", "機関区分": 3, "都道府県コード": 22, "市区町村コード": 138, "所在地": "静岡県浜松市中央区肴町３１９－３２　青山ビル１階", "緯度": 34.705649, "経度": 137.729339, "url": "https://www.iryou.teikyouseido.mhlw.go.jp/znk-web/juminkanja/S2430/initialize?prefCd=22&kikanCd=3223348560&kikanKbn=3", "url2": null, "内容": "さかな町歯科クリニック【3:歯科】静岡県浜松市中央区肴町３１９－３２　青山ビル１階" }, "geometry": { "type": "Point", "coordinates": [ 137.729339, 34.705649 ] } },
{ "type": "Feature", "properties": { "ID": 2233223348690, "正式名称": "まつおか歯科", "機関区分": 3, "都道府県コード": 22, "市区町村コード": 138, "所在地": "静岡県浜松市中央区向宿１丁目ー１２－１５", "緯度": 34.707105, "経度": 137.752677, "url": "https://www.iryou.teikyouseido.mhlw.go.jp/znk-web/juminkanja/S2430/initialize?prefCd=22&kikanCd=3223348690&kikanKbn=3", "url2": null, "内容": "まつおか歯科【3:歯科】静岡県浜松市中央区向宿１丁目ー１２－１５" }, "geometry": { "type": "Point", "coordinates": [ 137.752677, 34.707105 ] } },
{ "type": "Feature", "properties": { "ID": 2233223348850, "正式名称": "渋谷デンタルオフィス", "機関区分": 3, "都道府県コード": 22, "市区町村コード": 138, "所在地": "静岡県浜松市中央区市野町２５４０の１", "緯度": 34.744987, "経度": 137.765144, "url": "https://www.iryou.teikyouseido.mhlw.go.jp/znk-web/juminkanja/S2430/initialize?prefCd=22&kikanCd=3223348850&kikanKbn=3", "url2": "https://www.shibuyadental.jp", "内容": "渋谷デンタルオフィス【3:歯科】静岡県浜松市中央区市野町２５４０の１" }, "geometry": { "type": "Point", "coordinates": [ 137.765144, 34.744987 ] } },
{ "type": "Feature", "properties": { "ID": 2233223348980, "正式名称": "医療法人社団倖夕会松山デンタルオフィス", "機関区分": 3, "都道府県コード": 22, "市区町村コード": 138, "所在地": "静岡県浜松市中央区西伊場町６１ー１９", "緯度": 34.700541, "経度": 137.701198, "url": "https://www.iryou.teikyouseido.mhlw.go.jp/znk-web/juminkanja/S2430/initialize?prefCd=22&kikanCd=3223348980&kikanKbn=3", "url2": "http://www.matsuyama-dental.com", "内容": "医療法人社団倖夕会松山デンタルオフィス【3:歯科】静岡県浜松市中央区西伊場町６１ー１９" }, "geometry": { "type": "Point", "coordinates": [ 137.701198, 34.700541 ] } },
{ "type": "Feature", "properties": { "ID": 2233223349020, "正式名称": "寺田歯科医院", "機関区分": 3, "都道府県コード": 22, "市区町村コード": 138, "所在地": "静岡県浜松市中央区元浜町８８", "緯度": 34.714984, "経度": 137.731509, "url": "https://www.iryou.teikyouseido.mhlw.go.jp/znk-web/juminkanja/S2430/initialize?prefCd=22&kikanCd=3223349020&kikanKbn=3", "url2": null, "内容": "寺田歯科医院【3:歯科】静岡県浜松市中央区元浜町８８" }, "geometry": { "type": "Point", "coordinates": [ 137.731509, 34.714984 ] } },
{ "type": "Feature", "properties": { "ID": 2233223349150, "正式名称": "三愛歯科医院", "機関区分": 3, "都道府県コード": 22, "市区町村コード": 138, "所在地": "静岡県浜松市中央区南浅田２－１８－２７", "緯度": 34.688179, "経度": 137.730471, "url": "https://www.iryou.teikyouseido.mhlw.go.jp/znk-web/juminkanja/S2430/initialize?prefCd=22&kikanCd=3223349150&kikanKbn=3", "url2": "http://www.sakura-fdc.com", "内容": "三愛歯科医院【3:歯科】静岡県浜松市中央区南浅田２－１８－２７" }, "geometry": { "type": "Point", "coordinates": [ 137.730471, 34.688179 ] } },
{ "type": "Feature", "properties": { "ID": 2233223349280, "正式名称": "富田歯科医院", "機関区分": 3, "都道府県コード": 22, "市区町村コード": 138, "所在地": "静岡県浜松市中央区初生町１２９４－２", "緯度": 34.769431, "経度": 137.716369, "url": "https://www.iryou.teikyouseido.mhlw.go.jp/znk-web/juminkanja/S2430/initialize?prefCd=22&kikanCd=3223349280&kikanKbn=3", "url2": null, "内容": "富田歯科医院【3:歯科】静岡県浜松市中央区初生町１２９４－２" }, "geometry": { "type": "Point", "coordinates": [ 137.716369, 34.769431 ] } },
{ "type": "Feature", "properties": { "ID": 2233223349310, "正式名称": "深谷歯科クリニック", "機関区分": 3, "都道府県コード": 22, "市区町村コード": 138, "所在地": "静岡県浜松市中央区高丘東４－１－９", "緯度": 34.756459, "経度": 137.708777, "url": "https://www.iryou.teikyouseido.mhlw.go.jp/znk-web/juminkanja/S2430/initialize?prefCd=22&kikanCd=3223349310&kikanKbn=3", "url2": "www.fukaya-dent.com", "内容": "深谷歯科クリニック【3:歯科】静岡県浜松市中央区高丘東４－１－９" }, "geometry": { "type": "Point", "coordinates": [ 137.708777, 34.756459 ] } },
{ "type": "Feature", "properties": { "ID": 2233223349440, "正式名称": "滝川歯科", "機関区分": 3, "都道府県コード": 22, "市区町村コード": 139, "所在地": "静岡県浜松市浜名区染地台一丁目四十三番四十五号", "緯度": 34.783304, "経度": 137.74451, "url": "https://www.iryou.teikyouseido.mhlw.go.jp/znk-web/juminkanja/S2430/initialize?prefCd=22&kikanCd=3223349440&kikanKbn=3", "url2": "https://www.mushiba-0.net/71828/", "内容": "滝川歯科【3:歯科】静岡県浜松市浜名区染地台一丁目四十三番四十五号" }, "geometry": { "type": "Point", "coordinates": [ 137.74451, 34.783304 ] } },
{ "type": "Feature", "properties": { "ID": 2233223349600, "正式名称": "ひろゆき歯科口腔外科", "機関区分": 3, "都道府県コード": 22, "市区町村コード": 138, "所在地": "静岡県浜松市中央区初生町３８１－１１", "緯度": 34.763507, "経度": 137.72839, "url": "https://www.iryou.teikyouseido.mhlw.go.jp/znk-web/juminkanja/S2430/initialize?prefCd=22&kikanCd=3223349600&kikanKbn=3", "url2": "http://www.hiroyuki-dentalclinic.com", "内容": "ひろゆき歯科口腔外科【3:歯科】静岡県浜松市中央区初生町３８１－１１" }, "geometry": { "type": "Point", "coordinates": [ 137.72839, 34.763507 ] } },
{ "type": "Feature", "properties": { "ID": 2233223349860, "正式名称": "ＮＳデンタルオフィス", "機関区分": 3, "都道府県コード": 22, "市区町村コード": 138, "所在地": "静岡県浜松市中央区天王町１９８１－３", "緯度": 34.74033, "経度": 137.763645, "url": "https://www.iryou.teikyouseido.mhlw.go.jp/znk-web/juminkanja/S2430/initialize?prefCd=22&kikanCd=3223349860&kikanKbn=3", "url2": "https://ns-dentaloffice.com/", "内容": "ＮＳデンタルオフィス【3:歯科】静岡県浜松市中央区天王町１９８１－３" }, "geometry": { "type": "Point", "coordinates": [ 137.763645, 34.74033 ] } },
{ "type": "Feature", "properties": { "ID": 2233223349990, "正式名称": "やよい歯科", "機関区分": 3, "都道府県コード": 22, "市区町村コード": 138, "所在地": "静岡県浜松市中央区大瀬町２５０９－３", "緯度": 34.756315, "経度": 137.771082, "url": "https://www.iryou.teikyouseido.mhlw.go.jp/znk-web/juminkanja/S2430/initialize?prefCd=22&kikanCd=3223349990&kikanKbn=3", "url2": null, "内容": "やよい歯科【3:歯科】静岡県浜松市中央区大瀬町２５０９－３" }, "geometry": { "type": "Point", "coordinates": [ 137.771082, 34.756315 ] } },
{ "type": "Feature", "properties": { "ID": 2233223350260, "正式名称": "おざわ歯科クリニック", "機関区分": 3, "都道府県コード": 22, "市区町村コード": 138, "所在地": "静岡県浜松市中央区幸５－１７－８", "緯度": 34.747497, "経度": 137.724485, "url": "https://www.iryou.teikyouseido.mhlw.go.jp/znk-web/juminkanja/S2430/initialize?prefCd=22&kikanCd=3223350260&kikanKbn=3", "url2": "http://www.ozawadentalclinic.com", "内容": "おざわ歯科クリニック【3:歯科】静岡県浜松市中央区幸５－１７－８" }, "geometry": { "type": "Point", "coordinates": [ 137.724485, 34.747497 ] } },
{ "type": "Feature", "properties": { "ID": 2233223350390, "正式名称": "おきの歯科クリニック", "機関区分": 3, "都道府県コード": 22, "市区町村コード": 138, "所在地": "静岡県浜松市中央区本郷町２８２－１", "緯度": 34.693302, "経度": 137.759191, "url": "https://www.iryou.teikyouseido.mhlw.go.jp/znk-web/juminkanja/S2430/initialize?prefCd=22&kikanCd=3223350390&kikanKbn=3", "url2": "http://www.okino-dental.net", "内容": "おきの歯科クリニック【3:歯科】静岡県浜松市中央区本郷町２８２－１" }, "geometry": { "type": "Point", "coordinates": [ 137.759191, 34.693302 ] } },
{ "type": "Feature", "properties": { "ID": 2233223350420, "正式名称": "たかだ歯科医院", "機関区分": 3, "都道府県コード": 22, "市区町村コード": 139, "所在地": "静岡県浜松市浜名区西中瀬２丁目７－１９", "緯度": 34.819836, "経度": 137.805808, "url": "https://www.iryou.teikyouseido.mhlw.go.jp/znk-web/juminkanja/S2430/initialize?prefCd=22&kikanCd=3223350420&kikanKbn=3", "url2": "https://takadashika-iin.com", "内容": "たかだ歯科医院【3:歯科】静岡県浜松市浜名区西中瀬２丁目７－１９" }, "geometry": { "type": "Point", "coordinates": [ 137.805808, 34.819836 ] } },
{ "type": "Feature", "properties": { "ID": 2233223350550, "正式名称": "フル歯科医院", "機関区分": 3, "都道府県コード": 22, "市区町村コード": 138, "所在地": "静岡県浜松市中央区馬郡町６００３", "緯度": 34.686635, "経度": 137.628792, "url": "https://www.iryou.teikyouseido.mhlw.go.jp/znk-web/juminkanja/S2430/initialize?prefCd=22&kikanCd=3223350550&kikanKbn=3", "url2": "http://full-do.jp/", "内容": "フル歯科医院【3:歯科】静岡県浜松市中央区馬郡町６００３" }, "geometry": { "type": "Point", "coordinates": [ 137.628792, 34.686635 ] } },
{ "type": "Feature", "properties": { "ID": 2233223350680, "正式名称": "Ｇ＆Ｏデンタルクリニック", "機関区分": 3, "都道府県コード": 22, "市区町村コード": 138, "所在地": "静岡県浜松市中央区砂山町３５０－１　大迫ビル２階", "緯度": 34.701413, "経度": 137.734151, "url": "https://www.iryou.teikyouseido.mhlw.go.jp/znk-web/juminkanja/S2430/initialize?prefCd=22&kikanCd=3223350680&kikanKbn=3", "url2": "http://www.kamiawase.jp/", "内容": "Ｇ＆Ｏデンタルクリニック【3:歯科】静岡県浜松市中央区砂山町３５０－１　大迫ビル２階" }, "geometry": { "type": "Point", "coordinates": [ 137.734151, 34.701413 ] } },
{ "type": "Feature", "properties": { "ID": 2233223350710, "正式名称": "水野歯科医院", "機関区分": 3, "都道府県コード": 22, "市区町村コード": 138, "所在地": "静岡県浜松市中央区雄踏町宇布見８３８６", "緯度": 34.696976, "経度": 137.630452, "url": "https://www.iryou.teikyouseido.mhlw.go.jp/znk-web/juminkanja/S2430/initialize?prefCd=22&kikanCd=3223350710&kikanKbn=3", "url2": null, "内容": "水野歯科医院【3:歯科】静岡県浜松市中央区雄踏町宇布見８３８６" }, "geometry": { "type": "Point", "coordinates": [ 137.630452, 34.696976 ] } },
{ "type": "Feature", "properties": { "ID": 2233223350840, "正式名称": "まれ歯科", "機関区分": 3, "都道府県コード": 22, "市区町村コード": 138, "所在地": "静岡県浜松市中央区桜台３－２４－３", "緯度": 34.768339, "経度": 137.668381, "url": "https://www.iryou.teikyouseido.mhlw.go.jp/znk-web/juminkanja/S2430/initialize?prefCd=22&kikanCd=3223350840&kikanKbn=3", "url2": null, "内容": "まれ歯科【3:歯科】静岡県浜松市中央区桜台３－２４－３" }, "geometry": { "type": "Point", "coordinates": [ 137.668381, 34.768339 ] } },
{ "type": "Feature", "properties": { "ID": 2233223350970, "正式名称": "しん歯科医院", "機関区分": 3, "都道府県コード": 22, "市区町村コード": 138, "所在地": "静岡県浜松市中央区龍禅寺町３２４－３", "緯度": 34.696849, "経度": 137.740587, "url": "https://www.iryou.teikyouseido.mhlw.go.jp/znk-web/juminkanja/S2430/initialize?prefCd=22&kikanCd=3223350970&kikanKbn=3", "url2": "https://sinsika.com", "内容": "しん歯科医院【3:歯科】静岡県浜松市中央区龍禅寺町３２４－３" }, "geometry": { "type": "Point", "coordinates": [ 137.740587, 34.696849 ] } },
{ "type": "Feature", "properties": { "ID": 2233223351010, "正式名称": "市川歯科医院子安診療所", "機関区分": 3, "都道府県コード": 22, "市区町村コード": 138, "所在地": "静岡県浜松市中央区子安町３１０番地の１１", "緯度": 34.714203, "経度": 137.762514, "url": "https://www.iryou.teikyouseido.mhlw.go.jp/znk-web/juminkanja/S2430/initialize?prefCd=22&kikanCd=3223351010&kikanKbn=3", "url2": null, "内容": "市川歯科医院子安診療所【3:歯科】静岡県浜松市中央区子安町３１０番地の１１" }, "geometry": { "type": "Point", "coordinates": [ 137.762514, 34.714203 ] } },
{ "type": "Feature", "properties": { "ID": 2233223351270, "正式名称": "中野歯科医院", "機関区分": 3, "都道府県コード": 22, "市区町村コード": 138, "所在地": "静岡県浜松市中央区鴨江三丁目５０番２２号", "緯度": 34.709379, "経度": 137.713457, "url": "https://www.iryou.teikyouseido.mhlw.go.jp/znk-web/juminkanja/S2430/initialize?prefCd=22&kikanCd=3223351270&kikanKbn=3", "url2": "nakano-dental.co.jp", "内容": "中野歯科医院【3:歯科】静岡県浜松市中央区鴨江三丁目５０番２２号" }, "geometry": { "type": "Point", "coordinates": [ 137.713457, 34.709379 ] } },
{ "type": "Feature", "properties": { "ID": 2233223351300, "正式名称": "龍山歯科診療所", "機関区分": 3, "都道府県コード": 22, "市区町村コード": 140, "所在地": "静岡県浜松市天竜区龍山町大嶺５８１", "緯度": 34.969334, "経度": 137.82649, "url": "https://www.iryou.teikyouseido.mhlw.go.jp/znk-web/juminkanja/S2430/initialize?prefCd=22&kikanCd=3223351300&kikanKbn=3", "url2": null, "内容": "龍山歯科診療所【3:歯科】静岡県浜松市天竜区龍山町大嶺５８１" }, "geometry": { "type": "Point", "coordinates": [ 137.82649, 34.969334 ] } },
{ "type": "Feature", "properties": { "ID": 2233223351430, "正式名称": "かみや矯正歯科・歯科", "機関区分": 3, "都道府県コード": 22, "市区町村コード": 138, "所在地": "静岡県浜松市中央区蜆塚４丁目８号７番地", "緯度": 34.710382, "経度": 137.706925, "url": "https://www.iryou.teikyouseido.mhlw.go.jp/znk-web/juminkanja/S2430/initialize?prefCd=22&kikanCd=3223351430&kikanKbn=3", "url2": "http://www.kamiya-kyousei.com", "内容": "かみや矯正歯科・歯科【3:歯科】静岡県浜松市中央区蜆塚４丁目８号７番地" }, "geometry": { "type": "Point", "coordinates": [ 137.706925, 34.710382 ] } },
{ "type": "Feature", "properties": { "ID": 2233223351560, "正式名称": "みかん歯科クリニック", "機関区分": 3, "都道府県コード": 22, "市区町村コード": 139, "所在地": "静岡県浜松市浜名区三ヶ日町三ヶ日８６－１", "緯度": 34.81, "経度": 137.549431, "url": "https://www.iryou.teikyouseido.mhlw.go.jp/znk-web/juminkanja/S2430/initialize?prefCd=22&kikanCd=3223351560&kikanKbn=3", "url2": "mikan-dc.com", "内容": "みかん歯科クリニック【3:歯科】静岡県浜松市浜名区三ヶ日町三ヶ日８６－１" }, "geometry": { "type": "Point", "coordinates": [ 137.549431, 34.81 ] } },
{ "type": "Feature", "properties": { "ID": 2233223351690, "正式名称": "大瀬町歯科", "機関区分": 3, "都道府県コード": 22, "市区町村コード": 138, "所在地": "静岡県浜松市中央区大瀬町１３４７番地", "緯度": 34.762364, "経度": 137.768279, "url": "https://www.iryou.teikyouseido.mhlw.go.jp/znk-web/juminkanja/S2430/initialize?prefCd=22&kikanCd=3223351690&kikanKbn=3", "url2": null, "内容": "大瀬町歯科【3:歯科】静岡県浜松市中央区大瀬町１３４７番地" }, "geometry": { "type": "Point", "coordinates": [ 137.768279, 34.762364 ] } },
{ "type": "Feature", "properties": { "ID": 2233223351720, "正式名称": "みなこ歯科", "機関区分": 3, "都道府県コード": 22, "市区町村コード": 138, "所在地": "静岡県浜松市中央区上島五丁目１０－１０", "緯度": 34.743545, "経度": 137.745966, "url": "https://www.iryou.teikyouseido.mhlw.go.jp/znk-web/juminkanja/S2430/initialize?prefCd=22&kikanCd=3223351720&kikanKbn=3", "url2": "https://www.minakodental.com", "内容": "みなこ歯科【3:歯科】静岡県浜松市中央区上島五丁目１０－１０" }, "geometry": { "type": "Point", "coordinates": [ 137.745966, 34.743545 ] } },
{ "type": "Feature", "properties": { "ID": 2233223351850, "正式名称": "なかや歯科", "機関区分": 3, "都道府県コード": 22, "市区町村コード": 138, "所在地": "静岡県浜松市中央区早出町２３１－２", "緯度": 34.734021, "経度": 137.751825, "url": "https://www.iryou.teikyouseido.mhlw.go.jp/znk-web/juminkanja/S2430/initialize?prefCd=22&kikanCd=3223351850&kikanKbn=3", "url2": "http://www.nakayashika.net/", "内容": "なかや歯科【3:歯科】静岡県浜松市中央区早出町２３１－２" }, "geometry": { "type": "Point", "coordinates": [ 137.751825, 34.734021 ] } },
{ "type": "Feature", "properties": { "ID": 2233223351980, "正式名称": "山田歯科クリニック", "機関区分": 3, "都道府県コード": 22, "市区町村コード": 138, "所在地": "静岡県浜松市中央区馬郡町４０５０", "緯度": 34.68097, "経度": 137.629112, "url": "https://www.iryou.teikyouseido.mhlw.go.jp/znk-web/juminkanja/S2430/initialize?prefCd=22&kikanCd=3223351980&kikanKbn=3", "url2": "http://hamamatsu-yamadadc.com", "内容": "山田歯科クリニック【3:歯科】静岡県浜松市中央区馬郡町４０５０" }, "geometry": { "type": "Point", "coordinates": [ 137.629112, 34.68097 ] } },
{ "type": "Feature", "properties": { "ID": 2233223352020, "正式名称": "あがた歯科", "機関区分": 3, "都道府県コード": 22, "市区町村コード": 138, "所在地": "静岡県浜松市中央区中央３丁目６－１", "緯度": 34.70798, "経度": 137.739761, "url": "https://www.iryou.teikyouseido.mhlw.go.jp/znk-web/juminkanja/S2430/initialize?prefCd=22&kikanCd=3223352020&kikanKbn=3", "url2": "http://www.agata-shika.com/", "内容": "あがた歯科【3:歯科】静岡県浜松市中央区中央３丁目６－１" }, "geometry": { "type": "Point", "coordinates": [ 137.739761, 34.70798 ] } },
{ "type": "Feature", "properties": { "ID": 2233223352150, "正式名称": "浜松駅前歯科クリニック", "機関区分": 3, "都道府県コード": 22, "市区町村コード": 138, "所在地": "静岡県浜松市中央区鍛冶町１４０－４　浜松Ａビル南館５Ｆ", "緯度": 34.704457, "経度": 137.732029, "url": "https://www.iryou.teikyouseido.mhlw.go.jp/znk-web/juminkanja/S2430/initialize?prefCd=22&kikanCd=3223352150&kikanKbn=3", "url2": null, "内容": "浜松駅前歯科クリニック【3:歯科】静岡県浜松市中央区鍛冶町１４０－４　浜松Ａビル南館５Ｆ" }, "geometry": { "type": "Point", "coordinates": [ 137.732029, 34.704457 ] } },
{ "type": "Feature", "properties": { "ID": 2233223352280, "正式名称": "えにしファミリー歯科クリニック", "機関区分": 3, "都道府県コード": 22, "市区町村コード": 138, "所在地": "静岡県浜松市中央区大人見町３４４７", "緯度": 34.7376, "経度": 137.663025, "url": "https://www.iryou.teikyouseido.mhlw.go.jp/znk-web/juminkanja/S2430/initialize?prefCd=22&kikanCd=3223352280&kikanKbn=3", "url2": "http://www.enishi-famly.com", "内容": "えにしファミリー歯科クリニック【3:歯科】静岡県浜松市中央区大人見町３４４７" }, "geometry": { "type": "Point", "coordinates": [ 137.663025, 34.7376 ] } },
{ "type": "Feature", "properties": { "ID": 2233223352440, "正式名称": "こんどう歯科医院", "機関区分": 3, "都道府県コード": 22, "市区町村コード": 138, "所在地": "静岡県浜松市中央区増楽町１３２８－１", "緯度": 34.690817, "経度": 137.693384, "url": "https://www.iryou.teikyouseido.mhlw.go.jp/znk-web/juminkanja/S2430/initialize?prefCd=22&kikanCd=3223352440&kikanKbn=3", "url2": null, "内容": "こんどう歯科医院【3:歯科】静岡県浜松市中央区増楽町１３２８－１" }, "geometry": { "type": "Point", "coordinates": [ 137.693384, 34.690817 ] } },
{ "type": "Feature", "properties": { "ID": 2233223352570, "正式名称": "Ｇｒｅｅｎ　Ｄｅｎｔａｌ　Ｃｌｉｎｉｃ", "機関区分": 3, "都道府県コード": 22, "市区町村コード": 138, "所在地": "静岡県浜松市中央区三方原町１４０８－３", "緯度": 34.783028, "経度": 137.708716, "url": "https://www.iryou.teikyouseido.mhlw.go.jp/znk-web/juminkanja/S2430/initialize?prefCd=22&kikanCd=3223352570&kikanKbn=3", "url2": "www.shika-green.jp/", "内容": "Ｇｒｅｅｎ　Ｄｅｎｔａｌ　Ｃｌｉｎｉｃ【3:歯科】静岡県浜松市中央区三方原町１４０８－３" }, "geometry": { "type": "Point", "coordinates": [ 137.708716, 34.783028 ] } },
{ "type": "Feature", "properties": { "ID": 2233223352600, "正式名称": "めぐり歯科医院", "機関区分": 3, "都道府県コード": 22, "市区町村コード": 138, "所在地": "静岡県浜松市中央区天王町１８３２－２", "緯度": 34.740089, "経度": 137.768587, "url": "https://www.iryou.teikyouseido.mhlw.go.jp/znk-web/juminkanja/S2430/initialize?prefCd=22&kikanCd=3223352600&kikanKbn=3", "url2": null, "内容": "めぐり歯科医院【3:歯科】静岡県浜松市中央区天王町１８３２－２" }, "geometry": { "type": "Point", "coordinates": [ 137.768587, 34.740089 ] } },
{ "type": "Feature", "properties": { "ID": 2233223352730, "正式名称": "やまなか歯科", "機関区分": 3, "都道府県コード": 22, "市区町村コード": 138, "所在地": "静岡県浜松市中央区高塚町１４７０－１", "緯度": 34.69347, "経度": 137.678902, "url": "https://www.iryou.teikyouseido.mhlw.go.jp/znk-web/juminkanja/S2430/initialize?prefCd=22&kikanCd=3223352730&kikanKbn=3", "url2": null, "内容": "やまなか歯科【3:歯科】静岡県浜松市中央区高塚町１４７０－１" }, "geometry": { "type": "Point", "coordinates": [ 137.678902, 34.69347 ] } },
{ "type": "Feature", "properties": { "ID": 2233223352860, "正式名称": "やぎ歯科", "機関区分": 3, "都道府県コード": 22, "市区町村コード": 138, "所在地": "静岡県浜松市中央区蜆塚三丁目１９番１３号", "緯度": 34.716692, "経度": 137.706941, "url": "https://www.iryou.teikyouseido.mhlw.go.jp/znk-web/juminkanja/S2430/initialize?prefCd=22&kikanCd=3223352860&kikanKbn=3", "url2": "www.yagi-shika.net", "内容": "やぎ歯科【3:歯科】静岡県浜松市中央区蜆塚三丁目１９番１３号" }, "geometry": { "type": "Point", "coordinates": [ 137.706941, 34.716692 ] } },
{ "type": "Feature", "properties": { "ID": 2233223352990, "正式名称": "フジタ歯科室", "機関区分": 3, "都道府県コード": 22, "市区町村コード": 138, "所在地": "静岡県浜松市中央区積志町１６２９－１", "緯度": 34.771318, "経度": 137.771631, "url": "https://www.iryou.teikyouseido.mhlw.go.jp/znk-web/juminkanja/S2430/initialize?prefCd=22&kikanCd=3223352990&kikanKbn=3", "url2": null, "内容": "フジタ歯科室【3:歯科】静岡県浜松市中央区積志町１６２９－１" }, "geometry": { "type": "Point", "coordinates": [ 137.771631, 34.771318 ] } },
{ "type": "Feature", "properties": { "ID": 2233223353030, "正式名称": "上林歯科", "機関区分": 3, "都道府県コード": 22, "市区町村コード": 139, "所在地": "静岡県浜松市浜名区小松１２４７", "緯度": 34.785448, "経度": 137.77819, "url": "https://www.iryou.teikyouseido.mhlw.go.jp/znk-web/juminkanja/S2430/initialize?prefCd=22&kikanCd=3223353030&kikanKbn=3", "url2": "http://uebayashi-dentistry.com/", "内容": "上林歯科【3:歯科】静岡県浜松市浜名区小松１２４７" }, "geometry": { "type": "Point", "coordinates": [ 137.77819, 34.785448 ] } },
{ "type": "Feature", "properties": { "ID": 2233223353160, "正式名称": "もり歯科クリニック", "機関区分": 3, "都道府県コード": 22, "市区町村コード": 138, "所在地": "静岡県浜松市中央区有玉南町２２９６", "緯度": 34.756625, "経度": 137.755183, "url": "https://www.iryou.teikyouseido.mhlw.go.jp/znk-web/juminkanja/S2430/initialize?prefCd=22&kikanCd=3223353160&kikanKbn=3", "url2": "http://mori-shiks-clinic.com/", "内容": "もり歯科クリニック【3:歯科】静岡県浜松市中央区有玉南町２２９６" }, "geometry": { "type": "Point", "coordinates": [ 137.755183, 34.756625 ] } },
{ "type": "Feature", "properties": { "ID": 2233223353320, "正式名称": "宮坂歯科", "機関区分": 3, "都道府県コード": 22, "市区町村コード": 138, "所在地": "静岡県浜松市中央区伝馬町", "緯度": 34.703691, "経度": 137.728451, "url": "https://www.iryou.teikyouseido.mhlw.go.jp/znk-web/juminkanja/S2430/initialize?prefCd=22&kikanCd=3223353320&kikanKbn=3", "url2": "miyasaka-dental.jp", "内容": "宮坂歯科【3:歯科】静岡県浜松市中央区伝馬町" }, "geometry": { "type": "Point", "coordinates": [ 137.728451, 34.703691 ] } },
{ "type": "Feature", "properties": { "ID": 2233223353450, "正式名称": "飯島歯科医院", "機関区分": 3, "都道府県コード": 22, "市区町村コード": 138, "所在地": "静岡県浜松市中央区海老塚", "緯度": 34.69687, "経度": 137.730696, "url": "https://www.iryou.teikyouseido.mhlw.go.jp/znk-web/juminkanja/S2430/initialize?prefCd=22&kikanCd=3223353450&kikanKbn=3", "url2": "http://www.iijima-dc.com", "内容": "飯島歯科医院【3:歯科】静岡県浜松市中央区海老塚" }, "geometry": { "type": "Point", "coordinates": [ 137.730696, 34.69687 ] } },
{ "type": "Feature", "properties": { "ID": 2233223353580, "正式名称": "佐原歯科医院", "機関区分": 3, "都道府県コード": 22, "市区町村コード": 138, "所在地": "静岡県浜松市中央区根洗町４７２−７", "緯度": 34.798417, "経度": 137.696125, "url": "https://www.iryou.teikyouseido.mhlw.go.jp/znk-web/juminkanja/S2430/initialize?prefCd=22&kikanCd=3223353580&kikanKbn=3", "url2": null, "内容": "佐原歯科医院【3:歯科】静岡県浜松市中央区根洗町４７２−７" }, "geometry": { "type": "Point", "coordinates": [ 137.696125, 34.798417 ] } },
{ "type": "Feature", "properties": { "ID": 2233223353610, "正式名称": "あい歯科クリニック", "機関区分": 3, "都道府県コード": 22, "市区町村コード": 138, "所在地": "静岡県浜松市中央区富塚町１９３３－１佐鳴湖パークタウンサウス１Ｅ１", "緯度": 34.722039, "経度": 137.699708, "url": "https://www.iryou.teikyouseido.mhlw.go.jp/znk-web/juminkanja/S2430/initialize?prefCd=22&kikanCd=3223353610&kikanKbn=3", "url2": "http://ai-dent-clinic.com", "内容": "あい歯科クリニック【3:歯科】静岡県浜松市中央区富塚町１９３３－１佐鳴湖パークタウンサウス１Ｅ１" }, "geometry": { "type": "Point", "coordinates": [ 137.699708, 34.722039 ] } },
{ "type": "Feature", "properties": { "ID": 2233223353740, "正式名称": "きらめき歯科医院", "機関区分": 3, "都道府県コード": 22, "市区町村コード": 138, "所在地": "静岡県浜松市中央区中郡町７６６－１", "緯度": 34.774857, "経度": 137.772725, "url": "https://www.iryou.teikyouseido.mhlw.go.jp/znk-web/juminkanja/S2430/initialize?prefCd=22&kikanCd=3223353740&kikanKbn=3", "url2": "kiramekishika.jp", "内容": "きらめき歯科医院【3:歯科】静岡県浜松市中央区中郡町７６６－１" }, "geometry": { "type": "Point", "coordinates": [ 137.772725, 34.774857 ] } },
{ "type": "Feature", "properties": { "ID": 2233223353870, "正式名称": "名倉歯科", "機関区分": 3, "都道府県コード": 22, "市区町村コード": 139, "所在地": "静岡県浜松市浜名区細江町気賀３０−８", "緯度": 34.809453, "経度": 137.657024, "url": "https://www.iryou.teikyouseido.mhlw.go.jp/znk-web/juminkanja/S2430/initialize?prefCd=22&kikanCd=3223353870&kikanKbn=3", "url2": null, "内容": "名倉歯科【3:歯科】静岡県浜松市浜名区細江町気賀３０−８" }, "geometry": { "type": "Point", "coordinates": [ 137.657024, 34.809453 ] } },
{ "type": "Feature", "properties": { "ID": 2233223353900, "正式名称": "医療法人社団大栄会　浜松デンタルクリニック", "機関区分": 3, "都道府県コード": 22, "市区町村コード": 139, "所在地": "静岡県浜松市浜名区貴布祢４５３ー７", "緯度": 34.795919, "経度": 137.789275, "url": "https://www.iryou.teikyouseido.mhlw.go.jp/znk-web/juminkanja/S2430/initialize?prefCd=22&kikanCd=3223353900&kikanKbn=3", "url2": null, "内容": "医療法人社団大栄会　浜松デンタルクリニック【3:歯科】静岡県浜松市浜名区貴布祢４５３ー７" }, "geometry": { "type": "Point", "coordinates": [ 137.789275, 34.795919 ] } },
{ "type": "Feature", "properties": { "ID": 2233223354040, "正式名称": "医療法人社団　廉咲会　石井デンタルクリニック", "機関区分": 3, "都道府県コード": 22, "市区町村コード": 138, "所在地": "静岡県浜松市中央区広沢３−２４−１３", "緯度": 34.709801, "経度": 137.716304, "url": "https://www.iryou.teikyouseido.mhlw.go.jp/znk-web/juminkanja/S2430/initialize?prefCd=22&kikanCd=3223354040&kikanKbn=3", "url2": "http://ishii-dentalclinic.net", "内容": "医療法人社団　廉咲会　石井デンタルクリニック【3:歯科】静岡県浜松市中央区広沢３−２４−１３" }, "geometry": { "type": "Point", "coordinates": [ 137.716304, 34.709801 ] } },
{ "type": "Feature", "properties": { "ID": 2233223354170, "正式名称": "きらり歯科医院", "機関区分": 3, "都道府県コード": 22, "市区町村コード": 139, "所在地": "静岡県浜松市浜名区染地台３丁目２５番２３号", "緯度": 34.790651, "経度": 137.74376, "url": "https://www.iryou.teikyouseido.mhlw.go.jp/znk-web/juminkanja/S2430/initialize?prefCd=22&kikanCd=3223354170&kikanKbn=3", "url2": "http://kiraridental.cihp2.jp/", "内容": "きらり歯科医院【3:歯科】静岡県浜松市浜名区染地台３丁目２５番２３号" }, "geometry": { "type": "Point", "coordinates": [ 137.74376, 34.790651 ] } },
{ "type": "Feature", "properties": { "ID": 2233223354330, "正式名称": "ねむノ木歯科クリニック", "機関区分": 3, "都道府県コード": 22, "市区町村コード": 139, "所在地": "静岡県浜松市浜名区引佐町井伊谷２３３２－１", "緯度": 34.830018, "経度": 137.675179, "url": "https://www.iryou.teikyouseido.mhlw.go.jp/znk-web/juminkanja/S2430/initialize?prefCd=22&kikanCd=3223354330&kikanKbn=3", "url2": null, "内容": "ねむノ木歯科クリニック【3:歯科】静岡県浜松市浜名区引佐町井伊谷２３３２－１" }, "geometry": { "type": "Point", "coordinates": [ 137.675179, 34.830018 ] } },
{ "type": "Feature", "properties": { "ID": 2233223354460, "正式名称": "木蘭歯科クリニック", "機関区分": 3, "都道府県コード": 22, "市区町村コード": 138, "所在地": "静岡県浜松市中央区三方原町１２７８－１", "緯度": 34.76948, "経度": 137.712536, "url": "https://www.iryou.teikyouseido.mhlw.go.jp/znk-web/juminkanja/S2430/initialize?prefCd=22&kikanCd=3223354460&kikanKbn=3", "url2": null, "内容": "木蘭歯科クリニック【3:歯科】静岡県浜松市中央区三方原町１２７８－１" }, "geometry": { "type": "Point", "coordinates": [ 137.712536, 34.76948 ] } },
{ "type": "Feature", "properties": { "ID": 2233223354750, "正式名称": "みやぎ歯科室", "機関区分": 3, "都道府県コード": 22, "市区町村コード": 139, "所在地": "静岡県浜松市浜名区染地台４丁目２３−１８", "緯度": 34.791858, "経度": 137.746175, "url": "https://www.iryou.teikyouseido.mhlw.go.jp/znk-web/juminkanja/S2430/initialize?prefCd=22&kikanCd=3223354750&kikanKbn=3", "url2": "https://www.miyagidental.com", "内容": "みやぎ歯科室【3:歯科】静岡県浜松市浜名区染地台４丁目２３−１８" }, "geometry": { "type": "Point", "coordinates": [ 137.746175, 34.791858 ] } },
{ "type": "Feature", "properties": { "ID": 2233223354880, "正式名称": "医療法人社団　かえで歯科クリニック", "機関区分": 3, "都道府県コード": 22, "市区町村コード": 138, "所在地": "静岡県浜松市中央区積志町８８１ー１", "緯度": 34.768524, "経度": 137.766585, "url": "https://www.iryou.teikyouseido.mhlw.go.jp/znk-web/juminkanja/S2430/initialize?prefCd=22&kikanCd=3223354880&kikanKbn=3", "url2": "http://www.kaede-shika.jp/", "内容": "医療法人社団　かえで歯科クリニック【3:歯科】静岡県浜松市中央区積志町８８１ー１" }, "geometry": { "type": "Point", "coordinates": [ 137.766585, 34.768524 ] } },
{ "type": "Feature", "properties": { "ID": 2233223354910, "正式名称": "本田歯科クリニック", "機関区分": 3, "都道府県コード": 22, "市区町村コード": 138, "所在地": "静岡県浜松市中央区頭陀寺町３５８－２", "緯度": 34.702014, "経度": 137.760568, "url": "https://www.iryou.teikyouseido.mhlw.go.jp/znk-web/juminkanja/S2430/initialize?prefCd=22&kikanCd=3223354910&kikanKbn=3", "url2": null, "内容": "本田歯科クリニック【3:歯科】静岡県浜松市中央区頭陀寺町３５８－２" }, "geometry": { "type": "Point", "coordinates": [ 137.760568, 34.702014 ] } },
{ "type": "Feature", "properties": { "ID": 2233223355210, "正式名称": "藤原歯科室", "機関区分": 3, "都道府県コード": 22, "市区町村コード": 138, "所在地": "静岡県浜松市中央区連尺町３０９－１５", "緯度": 34.707068, "経度": 137.727493, "url": "https://www.iryou.teikyouseido.mhlw.go.jp/znk-web/juminkanja/S2430/initialize?prefCd=22&kikanCd=3223355210&kikanKbn=3", "url2": "www.fujiwara-dentaloffice.jp", "内容": "藤原歯科室【3:歯科】静岡県浜松市中央区連尺町３０９－１５" }, "geometry": { "type": "Point", "coordinates": [ 137.727493, 34.707068 ] } },
{ "type": "Feature", "properties": { "ID": 2233223355340, "正式名称": "浜松エムアイ歯科クリニック", "機関区分": 3, "都道府県コード": 22, "市区町村コード": 138, "所在地": "静岡県浜松市中央区南浅田二丁目１３－２５", "緯度": 34.687543, "経度": 137.731921, "url": "https://www.iryou.teikyouseido.mhlw.go.jp/znk-web/juminkanja/S2430/initialize?prefCd=22&kikanCd=3223355340&kikanKbn=3", "url2": "http://hmid.jp/", "内容": "浜松エムアイ歯科クリニック【3:歯科】静岡県浜松市中央区南浅田二丁目１３－２５" }, "geometry": { "type": "Point", "coordinates": [ 137.731921, 34.687543 ] } },
{ "type": "Feature", "properties": { "ID": 2233223355470, "正式名称": "ケイ・デンタルクリニック", "機関区分": 3, "都道府県コード": 22, "市区町村コード": 138, "所在地": "静岡県浜松市中央区豊岡町１１１", "緯度": 34.786417, "経度": 137.725986, "url": "https://www.iryou.teikyouseido.mhlw.go.jp/znk-web/juminkanja/S2430/initialize?prefCd=22&kikanCd=3223355470&kikanKbn=3", "url2": "http://www.kdentalclinic.jp/", "内容": "ケイ・デンタルクリニック【3:歯科】静岡県浜松市中央区豊岡町１１１" }, "geometry": { "type": "Point", "coordinates": [ 137.725986, 34.786417 ] } },
{ "type": "Feature", "properties": { "ID": 2233223355500, "正式名称": "いとう歯科矯正歯科ティースエクセレントクリニック", "機関区分": 3, "都道府県コード": 22, "市区町村コード": 138, "所在地": "静岡県浜松市中央区松城町２１１－３", "緯度": 34.709907, "経度": 137.724259, "url": "https://www.iryou.teikyouseido.mhlw.go.jp/znk-web/juminkanja/S2430/initialize?prefCd=22&kikanCd=3223355500&kikanKbn=3", "url2": "https://www.hamamatsu-kyousei.com/", "内容": "いとう歯科矯正歯科ティースエクセレントクリニック【3:歯科】静岡県浜松市中央区松城町２１１－３" }, "geometry": { "type": "Point", "coordinates": [ 137.724259, 34.709907 ] } },
{ "type": "Feature", "properties": { "ID": 2233223355630, "正式名称": "田畑歯科クリニック", "機関区分": 3, "都道府県コード": 22, "市区町村コード": 138, "所在地": "静岡県浜松市中央区曳馬６－５－３８", "緯度": 34.734299, "経度": 137.739991, "url": "https://www.iryou.teikyouseido.mhlw.go.jp/znk-web/juminkanja/S2430/initialize?prefCd=22&kikanCd=3223355630&kikanKbn=3", "url2": "http://www.tabata-dental-clinic.jp/", "内容": "田畑歯科クリニック【3:歯科】静岡県浜松市中央区曳馬６－５－３８" }, "geometry": { "type": "Point", "coordinates": [ 137.739991, 34.734299 ] } },
{ "type": "Feature", "properties": { "ID": 2233223355760, "正式名称": "深谷歯科医院", "機関区分": 3, "都道府県コード": 22, "市区町村コード": 138, "所在地": "静岡県浜松市中央区常盤町１３３－１５", "緯度": 34.710293, "経度": 137.731245, "url": "https://www.iryou.teikyouseido.mhlw.go.jp/znk-web/juminkanja/S2430/initialize?prefCd=22&kikanCd=3223355760&kikanKbn=3", "url2": "http://www.fukayadental.com", "内容": "深谷歯科医院【3:歯科】静岡県浜松市中央区常盤町１３３－１５" }, "geometry": { "type": "Point", "coordinates": [ 137.731245, 34.710293 ] } },
{ "type": "Feature", "properties": { "ID": 2233223355920, "正式名称": "森田歯科医院", "機関区分": 3, "都道府県コード": 22, "市区町村コード": 138, "所在地": "静岡県浜松市中央区領家３－４－５", "緯度": 34.695995, "経度": 137.750689, "url": "https://www.iryou.teikyouseido.mhlw.go.jp/znk-web/juminkanja/S2430/initialize?prefCd=22&kikanCd=3223355920&kikanKbn=3", "url2": "www..moritashika.net", "内容": "森田歯科医院【3:歯科】静岡県浜松市中央区領家３－４－５" }, "geometry": { "type": "Point", "coordinates": [ 137.750689, 34.695995 ] } },
{ "type": "Feature", "properties": { "ID": 2233223356190, "正式名称": "医療法人社団友和会　浜松歯科", "機関区分": 3, "都道府県コード": 22, "市区町村コード": 138, "所在地": "静岡県浜松市中央区西伊場町６２－６", "緯度": 34.700179, "経度": 137.700505, "url": "https://www.iryou.teikyouseido.mhlw.go.jp/znk-web/juminkanja/S2430/initialize?prefCd=22&kikanCd=3223356190&kikanKbn=3", "url2": null, "内容": "医療法人社団友和会　浜松歯科【3:歯科】静岡県浜松市中央区西伊場町６２－６" }, "geometry": { "type": "Point", "coordinates": [ 137.700505, 34.700179 ] } },
{ "type": "Feature", "properties": { "ID": 2233223356220, "正式名称": "みもり　ｆａｍｉｌｙ　歯科　クリニック", "機関区分": 3, "都道府県コード": 22, "市区町村コード": 138, "所在地": "静岡県浜松市中央区若林町３２６", "緯度": 34.687576, "経度": 137.703504, "url": "https://www.iryou.teikyouseido.mhlw.go.jp/znk-web/juminkanja/S2430/initialize?prefCd=22&kikanCd=3223356220&kikanKbn=3", "url2": "https://www.mimori-family-dc.com/", "内容": "みもり　ｆａｍｉｌｙ　歯科　クリニック【3:歯科】静岡県浜松市中央区若林町３２６" }, "geometry": { "type": "Point", "coordinates": [ 137.703504, 34.687576 ] } },
{ "type": "Feature", "properties": { "ID": 2233223356350, "正式名称": "深谷歯科医院", "機関区分": 3, "都道府県コード": 22, "市区町村コード": 138, "所在地": "静岡県浜松市中央区芳川町８３８", "緯度": 34.68986, "経度": 137.766974, "url": "https://www.iryou.teikyouseido.mhlw.go.jp/znk-web/juminkanja/S2430/initialize?prefCd=22&kikanCd=3223356350&kikanKbn=3", "url2": "http://fukagaishika.ci-hp.jp/", "内容": "深谷歯科医院【3:歯科】静岡県浜松市中央区芳川町８３８" }, "geometry": { "type": "Point", "coordinates": [ 137.766974, 34.68986 ] } },
{ "type": "Feature", "properties": { "ID": 2233223356480, "正式名称": "たかはし歯科・口腔外科クリニック", "機関区分": 3, "都道府県コード": 22, "市区町村コード": 139, "所在地": "静岡県浜松市浜名区西美薗２５３８－１", "緯度": 34.808618, "経度": 137.805341, "url": "https://www.iryou.teikyouseido.mhlw.go.jp/znk-web/juminkanja/S2430/initialize?prefCd=22&kikanCd=3223356480&kikanKbn=3", "url2": "https://takahashi-oral-surgery.com/", "内容": "たかはし歯科・口腔外科クリニック【3:歯科】静岡県浜松市浜名区西美薗２５３８－１" }, "geometry": { "type": "Point", "coordinates": [ 137.805341, 34.808618 ] } },
{ "type": "Feature", "properties": { "ID": 2233223356510, "正式名称": "医療法人社団マキタ歯科", "機関区分": 3, "都道府県コード": 22, "市区町村コード": 138, "所在地": "静岡県浜松市中央区大平台３－２８－３０", "緯度": 34.713157, "経度": 137.678514, "url": "https://www.iryou.teikyouseido.mhlw.go.jp/znk-web/juminkanja/S2430/initialize?prefCd=22&kikanCd=3223356510&kikanKbn=3", "url2": "http://www.makitashika.com/", "内容": "医療法人社団マキタ歯科【3:歯科】静岡県浜松市中央区大平台３－２８－３０" }, "geometry": { "type": "Point", "coordinates": [ 137.678514, 34.713157 ] } },
{ "type": "Feature", "properties": { "ID": 2233223356640, "正式名称": "ハニー矯正歯科", "機関区分": 3, "都道府県コード": 22, "市区町村コード": 138, "所在地": "静岡県浜松市中央区中央１－３－６イーストセブン１０１", "緯度": 34.712205, "経度": 137.735935, "url": "https://www.iryou.teikyouseido.mhlw.go.jp/znk-web/juminkanja/S2430/initialize?prefCd=22&kikanCd=3223356640&kikanKbn=3", "url2": "https://honey-ortho.com", "内容": "ハニー矯正歯科【3:歯科】静岡県浜松市中央区中央１－３－６イーストセブン１０１" }, "geometry": { "type": "Point", "coordinates": [ 137.735935, 34.712205 ] } },
{ "type": "Feature", "properties": { "ID": 2233223356770, "正式名称": "ＫＡＮ歯列矯正クリニック", "機関区分": 3, "都道府県コード": 22, "市区町村コード": 138, "所在地": "静岡県浜松市中央区田町３２６番地の４棒屋第４ビル１階", "緯度": 34.708038, "経度": 137.731301, "url": "https://www.iryou.teikyouseido.mhlw.go.jp/znk-web/juminkanja/S2430/initialize?prefCd=22&kikanCd=3223356770&kikanKbn=3", "url2": null, "内容": "ＫＡＮ歯列矯正クリニック【3:歯科】静岡県浜松市中央区田町３２６番地の４棒屋第４ビル１階" }, "geometry": { "type": "Point", "coordinates": [ 137.731301, 34.708038 ] } },
{ "type": "Feature", "properties": { "ID": 2233223356800, "正式名称": "朝岡歯科メディカルクリニック", "機関区分": 3, "都道府県コード": 22, "市区町村コード": 138, "所在地": "静岡県浜松市中央区中央一丁目１５番５号浜松メディカルパークビル５階", "緯度": 34.709662, "経度": 137.735346, "url": "https://www.iryou.teikyouseido.mhlw.go.jp/znk-web/juminkanja/S2430/initialize?prefCd=22&kikanCd=3223356800&kikanKbn=3", "url2": null, "内容": "朝岡歯科メディカルクリニック【3:歯科】静岡県浜松市中央区中央一丁目１５番５号浜松メディカルパークビル５階" }, "geometry": { "type": "Point", "coordinates": [ 137.735346, 34.709662 ] } },
{ "type": "Feature", "properties": { "ID": 2233223356930, "正式名称": "鹿谷デンタルクリニック", "機関区分": 3, "都道府県コード": 22, "市区町村コード": 138, "所在地": "静岡県浜松市中央区鹿谷町３１－１７", "緯度": 34.714959, "経度": 137.720808, "url": "https://www.iryou.teikyouseido.mhlw.go.jp/znk-web/juminkanja/S2430/initialize?prefCd=22&kikanCd=3223356930&kikanKbn=3", "url2": "http://shikatanidental.com/", "内容": "鹿谷デンタルクリニック【3:歯科】静岡県浜松市中央区鹿谷町３１－１７" }, "geometry": { "type": "Point", "coordinates": [ 137.720808, 34.714959 ] } },
{ "type": "Feature", "properties": { "ID": 2233223357070, "正式名称": "はんだ歯科医院", "機関区分": 3, "都道府県コード": 22, "市区町村コード": 138, "所在地": "静岡県浜松市中央区半田山一丁目２２番３号", "緯度": 34.772883, "経度": 137.74307, "url": "https://www.iryou.teikyouseido.mhlw.go.jp/znk-web/juminkanja/S2430/initialize?prefCd=22&kikanCd=3223357070&kikanKbn=3", "url2": "https://handa-oralsurg.amebaownd.com", "内容": "はんだ歯科医院【3:歯科】静岡県浜松市中央区半田山一丁目２２番３号" }, "geometry": { "type": "Point", "coordinates": [ 137.74307, 34.772883 ] } },
{ "type": "Feature", "properties": { "ID": 2233223357100, "正式名称": "篠田歯科", "機関区分": 3, "都道府県コード": 22, "市区町村コード": 138, "所在地": "静岡県浜松市中央区泉４－２－１６", "緯度": 34.743944, "経度": 137.719091, "url": "https://www.iryou.teikyouseido.mhlw.go.jp/znk-web/juminkanja/S2430/initialize?prefCd=22&kikanCd=3223357100&kikanKbn=3", "url2": null, "内容": "篠田歯科【3:歯科】静岡県浜松市中央区泉４－２－１６" }, "geometry": { "type": "Point", "coordinates": [ 137.719091, 34.743944 ] } },
{ "type": "Feature", "properties": { "ID": 2233223357230, "正式名称": "鴨江うちだ歯科", "機関区分": 3, "都道府県コード": 22, "市区町村コード": 138, "所在地": "静岡県浜松市中央区鴨江町９７－２", "緯度": 34.704484, "経度": 137.72189, "url": "https://www.iryou.teikyouseido.mhlw.go.jp/znk-web/juminkanja/S2430/initialize?prefCd=22&kikanCd=3223357230&kikanKbn=3", "url2": "http://www.kamoe-uchida-dental.com/", "内容": "鴨江うちだ歯科【3:歯科】静岡県浜松市中央区鴨江町９７－２" }, "geometry": { "type": "Point", "coordinates": [ 137.72189, 34.704484 ] } },
{ "type": "Feature", "properties": { "ID": 2233223357360, "正式名称": "あいみる歯科", "機関区分": 3, "都道府県コード": 22, "市区町村コード": 138, "所在地": "静岡県浜松市中央区志都呂１－４－１６", "緯度": 34.699793, "経度": 137.663821, "url": "https://www.iryou.teikyouseido.mhlw.go.jp/znk-web/juminkanja/S2430/initialize?prefCd=22&kikanCd=3223357360&kikanKbn=3", "url2": "https://www.aimiru-dental.com/", "内容": "あいみる歯科【3:歯科】静岡県浜松市中央区志都呂１－４－１６" }, "geometry": { "type": "Point", "coordinates": [ 137.663821, 34.699793 ] } },
{ "type": "Feature", "properties": { "ID": 2233223357490, "正式名称": "わたなべ歯科醫院", "機関区分": 3, "都道府県コード": 22, "市区町村コード": 138, "所在地": "静岡県浜松市中央区名塚町３０１番地１", "緯度": 34.703302, "経度": 137.757064, "url": "https://www.iryou.teikyouseido.mhlw.go.jp/znk-web/juminkanja/S2430/initialize?prefCd=22&kikanCd=3223357490&kikanKbn=3", "url2": "https://watanabeshika-main.jp/", "内容": "わたなべ歯科醫院【3:歯科】静岡県浜松市中央区名塚町３０１番地１" }, "geometry": { "type": "Point", "coordinates": [ 137.757064, 34.703302 ] } },
{ "type": "Feature", "properties": { "ID": 2233223357520, "正式名称": "医療法人社団ダンケ　まつした歯科クリニック", "機関区分": 3, "都道府県コード": 22, "市区町村コード": 138, "所在地": "静岡県浜松市中央区法枝町２２４－１", "緯度": 34.678684, "経度": 137.725822, "url": "https://www.iryou.teikyouseido.mhlw.go.jp/znk-web/juminkanja/S2430/initialize?prefCd=22&kikanCd=3223357520&kikanKbn=3", "url2": "http://matsushitadental.jp/", "内容": "医療法人社団ダンケ　まつした歯科クリニック【3:歯科】静岡県浜松市中央区法枝町２２４－１" }, "geometry": { "type": "Point", "coordinates": [ 137.725822, 34.678684 ] } },
{ "type": "Feature", "properties": { "ID": 2233223357650, "正式名称": "ファミリアデンタルオフィス", "機関区分": 3, "都道府県コード": 22, "市区町村コード": 138, "所在地": "静岡県浜松市中央区天王町１９６６", "緯度": 34.736531, "経度": 137.771155, "url": "https://www.iryou.teikyouseido.mhlw.go.jp/znk-web/juminkanja/S2430/initialize?prefCd=22&kikanCd=3223357650&kikanKbn=3", "url2": "https://familiar-dental-office.com", "内容": "ファミリアデンタルオフィス【3:歯科】静岡県浜松市中央区天王町１９６６" }, "geometry": { "type": "Point", "coordinates": [ 137.771155, 34.736531 ] } },
{ "type": "Feature", "properties": { "ID": 2233223357780, "正式名称": "アズキ餅歯科", "機関区分": 3, "都道府県コード": 22, "市区町村コード": 138, "所在地": "静岡県浜松市中央区小豆餅２丁目６番１５号", "緯度": 34.751666, "経度": 137.726682, "url": "https://www.iryou.teikyouseido.mhlw.go.jp/znk-web/juminkanja/S2430/initialize?prefCd=22&kikanCd=3223357780&kikanKbn=3", "url2": null, "内容": "アズキ餅歯科【3:歯科】静岡県浜松市中央区小豆餅２丁目６番１５号" }, "geometry": { "type": "Point", "coordinates": [ 137.726682, 34.751666 ] } },
{ "type": "Feature", "properties": { "ID": 2233223357810, "正式名称": "林歯科医院", "機関区分": 3, "都道府県コード": 22, "市区町村コード": 138, "所在地": "静岡県浜松市中央区半田町８４１番地の１", "緯度": 34.771973, "経度": 137.750195, "url": "https://www.iryou.teikyouseido.mhlw.go.jp/znk-web/juminkanja/S2430/initialize?prefCd=22&kikanCd=3223357810&kikanKbn=3", "url2": "hayashi-dental-clinic.or.jp", "内容": "林歯科医院【3:歯科】静岡県浜松市中央区半田町８４１番地の１" }, "geometry": { "type": "Point", "coordinates": [ 137.750195, 34.771973 ] } },
{ "type": "Feature", "properties": { "ID": 2233223358080, "正式名称": "にしお歯科・矯正歯科クリニック", "機関区分": 3, "都道府県コード": 22, "市区町村コード": 138, "所在地": "静岡県浜松市中央区雄踏一丁目１２－１３", "緯度": 34.69379, "経度": 137.646747, "url": "https://www.iryou.teikyouseido.mhlw.go.jp/znk-web/juminkanja/S2430/initialize?prefCd=22&kikanCd=3223358080&kikanKbn=3", "url2": null, "内容": "にしお歯科・矯正歯科クリニック【3:歯科】静岡県浜松市中央区雄踏一丁目１２－１３" }, "geometry": { "type": "Point", "coordinates": [ 137.646747, 34.69379 ] } },
{ "type": "Feature", "properties": { "ID": 2233223358110, "正式名称": "ますだ歯科クリニック", "機関区分": 3, "都道府県コード": 22, "市区町村コード": 138, "所在地": "静岡県浜松市中央区富塚町１８００番地の１", "緯度": 34.723813, "経度": 137.703095, "url": "https://www.iryou.teikyouseido.mhlw.go.jp/znk-web/juminkanja/S2430/initialize?prefCd=22&kikanCd=3223358110&kikanKbn=3", "url2": null, "内容": "ますだ歯科クリニック【3:歯科】静岡県浜松市中央区富塚町１８００番地の１" }, "geometry": { "type": "Point", "coordinates": [ 137.703095, 34.723813 ] } },
{ "type": "Feature", "properties": { "ID": 2233223358240, "正式名称": "浜松市口腔保健医療センター歯科室", "機関区分": 3, "都道府県コード": 22, "市区町村コード": 138, "所在地": "静岡県浜松市中央区鴨江二丁目１１番２号", "緯度": 34.705214, "経度": 137.713665, "url": "https://www.iryou.teikyouseido.mhlw.go.jp/znk-web/juminkanja/S2430/initialize?prefCd=22&kikanCd=3223358240&kikanKbn=3", "url2": "https://www.city.hamamatsu.shizuoka.jp/kouku/medical/shika.html", "内容": "浜松市口腔保健医療センター歯科室【3:歯科】静岡県浜松市中央区鴨江二丁目１１番２号" }, "geometry": { "type": "Point", "coordinates": [ 137.713665, 34.705214 ] } },
{ "type": "Feature", "properties": { "ID": 2233223358370, "正式名称": "浜松みなみ歯科", "機関区分": 3, "都道府県コード": 22, "市区町村コード": 138, "所在地": "静岡県浜松市中央区領家１ー１－８", "緯度": 34.700647, "経度": 137.750532, "url": "https://www.iryou.teikyouseido.mhlw.go.jp/znk-web/juminkanja/S2430/initialize?prefCd=22&kikanCd=3223358370&kikanKbn=3", "url2": "https://seiwakai-minami.com", "内容": "浜松みなみ歯科【3:歯科】静岡県浜松市中央区領家１ー１－８" }, "geometry": { "type": "Point", "coordinates": [ 137.750532, 34.700647 ] } },
{ "type": "Feature", "properties": { "ID": 2233223358400, "正式名称": "わかな歯科クリニック", "機関区分": 3, "都道府県コード": 22, "市区町村コード": 138, "所在地": "静岡県浜松市中央区寺脇町３４１", "緯度": 34.68238, "経度": 137.744245, "url": "https://www.iryou.teikyouseido.mhlw.go.jp/znk-web/juminkanja/S2430/initialize?prefCd=22&kikanCd=3223358400&kikanKbn=3", "url2": "https://wakana-dental-cl.com", "内容": "わかな歯科クリニック【3:歯科】静岡県浜松市中央区寺脇町３４１" }, "geometry": { "type": "Point", "coordinates": [ 137.744245, 34.68238 ] } },
{ "type": "Feature", "properties": { "ID": 2233223358530, "正式名称": "浅井歯科医院", "機関区分": 3, "都道府県コード": 22, "市区町村コード": 138, "所在地": "静岡県浜松市中央区湖東町５８４４－１", "緯度": 34.759783, "経度": 137.685953, "url": "https://www.iryou.teikyouseido.mhlw.go.jp/znk-web/juminkanja/S2430/initialize?prefCd=22&kikanCd=3223358530&kikanKbn=3", "url2": null, "内容": "浅井歯科医院【3:歯科】静岡県浜松市中央区湖東町５８４４－１" }, "geometry": { "type": "Point", "coordinates": [ 137.685953, 34.759783 ] } },
{ "type": "Feature", "properties": { "ID": 2233223358660, "正式名称": "池澤歯科医院", "機関区分": 3, "都道府県コード": 22, "市区町村コード": 138, "所在地": "静岡県浜松市中央区大島町９７９", "緯度": 34.767606, "経度": 137.781705, "url": "https://www.iryou.teikyouseido.mhlw.go.jp/znk-web/juminkanja/S2430/initialize?prefCd=22&kikanCd=3223358660&kikanKbn=3", "url2": null, "内容": "池澤歯科医院【3:歯科】静岡県浜松市中央区大島町９７９" }, "geometry": { "type": "Point", "coordinates": [ 137.781705, 34.767606 ] } },
{ "type": "Feature", "properties": { "ID": 2233223358790, "正式名称": "さわデンタルクリニック", "機関区分": 3, "都道府県コード": 22, "市区町村コード": 138, "所在地": "静岡県浜松市中央区中央２－１３－１９", "緯度": 34.709344, "経度": 137.740222, "url": "https://www.iryou.teikyouseido.mhlw.go.jp/znk-web/juminkanja/S2430/initialize?prefCd=22&kikanCd=3223358790&kikanKbn=3", "url2": "https://dc-sawa.com", "内容": "さわデンタルクリニック【3:歯科】静岡県浜松市中央区中央２－１３－１９" }, "geometry": { "type": "Point", "coordinates": [ 137.740222, 34.709344 ] } },
{ "type": "Feature", "properties": { "ID": 2233223358820, "正式名称": "むらい歯科口腔外科クリニック", "機関区分": 3, "都道府県コード": 22, "市区町村コード": 138, "所在地": "静岡県浜松市中央区佐鳴台６ー１５ー１０", "緯度": 34.704339, "経度": 137.691827, "url": "https://www.iryou.teikyouseido.mhlw.go.jp/znk-web/juminkanja/S2430/initialize?prefCd=22&kikanCd=3223358820&kikanKbn=3", "url2": "https://www.murai-kouge.com/", "内容": "むらい歯科口腔外科クリニック【3:歯科】静岡県浜松市中央区佐鳴台６ー１５ー１０" }, "geometry": { "type": "Point", "coordinates": [ 137.691827, 34.704339 ] } },
{ "type": "Feature", "properties": { "ID": 2233223358950, "正式名称": "佐田歯科医院", "機関区分": 3, "都道府県コード": 22, "市区町村コード": 139, "所在地": "静岡県浜松市浜名区小林１５５３－１９", "緯度": 34.810228, "経度": 137.790029, "url": "https://www.iryou.teikyouseido.mhlw.go.jp/znk-web/juminkanja/S2430/initialize?prefCd=22&kikanCd=3223358950&kikanKbn=3", "url2": null, "内容": "佐田歯科医院【3:歯科】静岡県浜松市浜名区小林１５５３－１９" }, "geometry": { "type": "Point", "coordinates": [ 137.790029, 34.810228 ] } },
{ "type": "Feature", "properties": { "ID": 2233223359090, "正式名称": "医療法人社団祐志会　はつおい歯科室", "機関区分": 3, "都道府県コード": 22, "市区町村コード": 138, "所在地": "静岡県浜松市中央区初生町２３５－５　１階", "緯度": 34.763383, "経度": 137.730818, "url": "https://www.iryou.teikyouseido.mhlw.go.jp/znk-web/juminkanja/S2430/initialize?prefCd=22&kikanCd=3223359090&kikanKbn=3", "url2": "https://hatsuoi-dental-surgery.com", "内容": "医療法人社団祐志会　はつおい歯科室【3:歯科】静岡県浜松市中央区初生町２３５－５　１階" }, "geometry": { "type": "Point", "coordinates": [ 137.730818, 34.763383 ] } },
{ "type": "Feature", "properties": { "ID": 2233223359120, "正式名称": "田代歯科医院", "機関区分": 3, "都道府県コード": 22, "市区町村コード": 138, "所在地": "静岡県浜松市中央区中央３－９－３", "緯度": 34.706718, "経度": 137.739333, "url": "https://www.iryou.teikyouseido.mhlw.go.jp/znk-web/juminkanja/S2430/initialize?prefCd=22&kikanCd=3223359120&kikanKbn=3", "url2": null, "内容": "田代歯科医院【3:歯科】静岡県浜松市中央区中央３－９－３" }, "geometry": { "type": "Point", "coordinates": [ 137.739333, 34.706718 ] } },
{ "type": "Feature", "properties": { "ID": 2233223359250, "正式名称": "根上り松せいと歯科", "機関区分": 3, "都道府県コード": 22, "市区町村コード": 138, "所在地": "静岡県浜松市中央区鴨江２丁目５３ー３", "緯度": 34.704357, "経度": 137.707221, "url": "https://www.iryou.teikyouseido.mhlw.go.jp/znk-web/juminkanja/S2430/initialize?prefCd=22&kikanCd=3223359250&kikanKbn=3", "url2": "https://www.neagarimatsu-seitoshika.com", "内容": "根上り松せいと歯科【3:歯科】静岡県浜松市中央区鴨江２丁目５３ー３" }, "geometry": { "type": "Point", "coordinates": [ 137.707221, 34.704357 ] } },
{ "type": "Feature", "properties": { "ID": 2233223359380, "正式名称": "ハート歯科クリニック", "機関区分": 3, "都道府県コード": 22, "市区町村コード": 138, "所在地": "静岡県浜松市中央区龍禅寺町７７８　竜禅寺ハイツ　１階", "緯度": 34.695655, "経度": 137.737547, "url": "https://www.iryou.teikyouseido.mhlw.go.jp/znk-web/juminkanja/S2430/initialize?prefCd=22&kikanCd=3223359380&kikanKbn=3", "url2": "https://heart-dentalclinic.com/", "内容": "ハート歯科クリニック【3:歯科】静岡県浜松市中央区龍禅寺町７７８　竜禅寺ハイツ　１階" }, "geometry": { "type": "Point", "coordinates": [ 137.737547, 34.695655 ] } },
{ "type": "Feature", "properties": { "ID": 2233223360070, "正式名称": "だいいち歯科", "機関区分": 3, "都道府県コード": 22, "市区町村コード": 138, "所在地": "静岡県浜松市中央区小豆餅３－１８－６", "緯度": 34.753787, "経度": 137.72792, "url": "https://www.iryou.teikyouseido.mhlw.go.jp/znk-web/juminkanja/S2430/initialize?prefCd=22&kikanCd=3223360070&kikanKbn=3", "url2": null, "内容": "だいいち歯科【3:歯科】静岡県浜松市中央区小豆餅３－１８－６" }, "geometry": { "type": "Point", "coordinates": [ 137.72792, 34.753787 ] } },
{ "type": "Feature", "properties": { "ID": 2233223360230, "正式名称": "あいば歯科クリニック", "機関区分": 3, "都道府県コード": 22, "市区町村コード": 139, "所在地": "静岡県浜松市浜名区於呂２９９１－１", "緯度": 34.827206, "経度": 137.798372, "url": "https://www.iryou.teikyouseido.mhlw.go.jp/znk-web/juminkanja/S2430/initialize?prefCd=22&kikanCd=3223360230&kikanKbn=3", "url2": null, "内容": "あいば歯科クリニック【3:歯科】静岡県浜松市浜名区於呂２９９１－１" }, "geometry": { "type": "Point", "coordinates": [ 137.798372, 34.827206 ] } },
{ "type": "Feature", "properties": { "ID": 2233223360520, "正式名称": "レイ歯科クリニック", "機関区分": 3, "都道府県コード": 22, "市区町村コード": 138, "所在地": "静岡県浜松市中央区篠原町２１５５５－２", "緯度": 34.685936, "経度": 137.664774, "url": "https://www.iryou.teikyouseido.mhlw.go.jp/znk-web/juminkanja/S2430/initialize?prefCd=22&kikanCd=3223360520&kikanKbn=3", "url2": "www.rei-dental.com", "内容": "レイ歯科クリニック【3:歯科】静岡県浜松市中央区篠原町２１５５５－２" }, "geometry": { "type": "Point", "coordinates": [ 137.664774, 34.685936 ] } },
{ "type": "Feature", "properties": { "ID": 2233223400110, "正式名称": "佐藤歯科クリニック", "機関区分": 3, "都道府県コード": 22, "市区町村コード": 101, "所在地": "静岡県静岡市葵区昭府２－６－１７", "緯度": 35.001383, "経度": 138.370271, "url": "https://www.iryou.teikyouseido.mhlw.go.jp/znk-web/juminkanja/S2430/initialize?prefCd=22&kikanCd=3223400110&kikanKbn=3", "url2": null, "内容": "佐藤歯科クリニック【3:歯科】静岡県静岡市葵区昭府２－６－１７" }, "geometry": { "type": "Point", "coordinates": [ 138.370271, 35.001383 ] } },
{ "type": "Feature", "properties": { "ID": 2233223400240, "正式名称": "久永歯科医院", "機関区分": 3, "都道府県コード": 22, "市区町村コード": 101, "所在地": "静岡県静岡市葵区音羽町２３－１３", "緯度": 34.977691, "経度": 138.395076, "url": "https://www.iryou.teikyouseido.mhlw.go.jp/znk-web/juminkanja/S2430/initialize?prefCd=22&kikanCd=3223400240&kikanKbn=3", "url2": null, "内容": "久永歯科医院【3:歯科】静岡県静岡市葵区音羽町２３－１３" }, "geometry": { "type": "Point", "coordinates": [ 138.395076, 34.977691 ] } },
{ "type": "Feature", "properties": { "ID": 2233223400370, "正式名称": "セキネ歯科クリニック", "機関区分": 3, "都道府県コード": 22, "市区町村コード": 101, "所在地": "静岡県静岡市葵区安東１－７－３", "緯度": 34.986135, "経度": 138.386465, "url": "https://www.iryou.teikyouseido.mhlw.go.jp/znk-web/juminkanja/S2430/initialize?prefCd=22&kikanCd=3223400370&kikanKbn=3", "url2": "sekine-dc.com", "内容": "セキネ歯科クリニック【3:歯科】静岡県静岡市葵区安東１－７－３" }, "geometry": { "type": "Point", "coordinates": [ 138.386465, 34.986135 ] } },
{ "type": "Feature", "properties": { "ID": 2233223400790, "正式名称": "土井歯科医院", "機関区分": 3, "都道府県コード": 22, "市区町村コード": 102, "所在地": "静岡県静岡市駿河区丸子１－６－６８", "緯度": 34.945958, "経度": 138.356707, "url": "https://www.iryou.teikyouseido.mhlw.go.jp/znk-web/juminkanja/S2430/initialize?prefCd=22&kikanCd=3223400790&kikanKbn=3", "url2": null, "内容": "土井歯科医院【3:歯科】静岡県静岡市駿河区丸子１－６－６８" }, "geometry": { "type": "Point", "coordinates": [ 138.356707, 34.945958 ] } },
{ "type": "Feature", "properties": { "ID": 2233223400950, "正式名称": "マルサン歯科クリニック", "機関区分": 3, "都道府県コード": 22, "市区町村コード": 101, "所在地": "静岡県静岡市葵区本通５－２－２", "緯度": 34.972942, "経度": 138.376355, "url": "https://www.iryou.teikyouseido.mhlw.go.jp/znk-web/juminkanja/S2430/initialize?prefCd=22&kikanCd=3223400950&kikanKbn=3", "url2": null, "内容": "マルサン歯科クリニック【3:歯科】静岡県静岡市葵区本通５－２－２" }, "geometry": { "type": "Point", "coordinates": [ 138.376355, 34.972942 ] } },
{ "type": "Feature", "properties": { "ID": 2233223401090, "正式名称": "エンゼル矯正歯科・小児歯科クリニック", "機関区分": 3, "都道府県コード": 22, "市区町村コード": 101, "所在地": "静岡県静岡市葵区紺屋町１－３　岩久本店ビル３Ｆ", "緯度": 34.973775, "経度": 138.385105, "url": "https://www.iryou.teikyouseido.mhlw.go.jp/znk-web/juminkanja/S2430/initialize?prefCd=22&kikanCd=3223401090&kikanKbn=3", "url2": "http://www.angel-ortho.com", "内容": "エンゼル矯正歯科・小児歯科クリニック【3:歯科】静岡県静岡市葵区紺屋町１－３　岩久本店ビル３Ｆ" }, "geometry": { "type": "Point", "coordinates": [ 138.385105, 34.973775 ] } },
{ "type": "Feature", "properties": { "ID": 2233223401250, "正式名称": "わかば歯科クリニック", "機関区分": 3, "都道府県コード": 22, "市区町村コード": 101, "所在地": "静岡県静岡市葵区新伝馬３－２３－３２", "緯度": 35.002549, "経度": 138.364827, "url": "https://www.iryou.teikyouseido.mhlw.go.jp/znk-web/juminkanja/S2430/initialize?prefCd=22&kikanCd=3223401250&kikanKbn=3", "url2": null, "内容": "わかば歯科クリニック【3:歯科】静岡県静岡市葵区新伝馬３－２３－３２" }, "geometry": { "type": "Point", "coordinates": [ 138.364827, 35.002549 ] } },
{ "type": "Feature", "properties": { "ID": 2233223401380, "正式名称": "篠田歯科医院", "機関区分": 3, "都道府県コード": 22, "市区町村コード": 102, "所在地": "静岡県静岡市駿河区中田１－１－１６", "緯度": 34.966998, "経度": 138.392882, "url": "https://www.iryou.teikyouseido.mhlw.go.jp/znk-web/juminkanja/S2430/initialize?prefCd=22&kikanCd=3223401380&kikanKbn=3", "url2": null, "内容": "篠田歯科医院【3:歯科】静岡県静岡市駿河区中田１－１－１６" }, "geometry": { "type": "Point", "coordinates": [ 138.392882, 34.966998 ] } },
{ "type": "Feature", "properties": { "ID": 2233223401540, "正式名称": "かたやま矯正歯科", "機関区分": 3, "都道府県コード": 22, "市区町村コード": 101, "所在地": "静岡県静岡市葵区呉服町２－２－１４", "緯度": 34.974192, "経度": 138.382355, "url": "https://www.iryou.teikyouseido.mhlw.go.jp/znk-web/juminkanja/S2430/initialize?prefCd=22&kikanCd=3223401540&kikanKbn=3", "url2": "www.hanarabi.biz", "内容": "かたやま矯正歯科【3:歯科】静岡県静岡市葵区呉服町２－２－１４" }, "geometry": { "type": "Point", "coordinates": [ 138.382355, 34.974192 ] } },
{ "type": "Feature", "properties": { "ID": 2233223401670, "正式名称": "長井歯科口腔外科", "機関区分": 3, "都道府県コード": 22, "市区町村コード": 101, "所在地": "静岡県静岡市葵区瀬名中央４－５－６５", "緯度": 35.011744, "経度": 138.424572, "url": "https://www.iryou.teikyouseido.mhlw.go.jp/znk-web/juminkanja/S2430/initialize?prefCd=22&kikanCd=3223401670&kikanKbn=3", "url2": null, "内容": "長井歯科口腔外科【3:歯科】静岡県静岡市葵区瀬名中央４－５－６５" }, "geometry": { "type": "Point", "coordinates": [ 138.424572, 35.011744 ] } },
{ "type": "Feature", "properties": { "ID": 2233223401700, "正式名称": "小長井歯科", "機関区分": 3, "都道府県コード": 22, "市区町村コード": 102, "所在地": "静岡県静岡市駿河区向敷地二丁目１０番１９号", "緯度": 34.963248, "経度": 138.356718, "url": "https://www.iryou.teikyouseido.mhlw.go.jp/znk-web/juminkanja/S2430/initialize?prefCd=22&kikanCd=3223401700&kikanKbn=3", "url2": null, "内容": "小長井歯科【3:歯科】静岡県静岡市駿河区向敷地二丁目１０番１９号" }, "geometry": { "type": "Point", "coordinates": [ 138.356718, 34.963248 ] } },
{ "type": "Feature", "properties": { "ID": 2233223401960, "正式名称": "くりやま歯科", "機関区分": 3, "都道府県コード": 22, "市区町村コード": 101, "所在地": "静岡県静岡市葵区大岩４－２４－１", "緯度": 35.000161, "経度": 138.381159, "url": "https://www.iryou.teikyouseido.mhlw.go.jp/znk-web/juminkanja/S2430/initialize?prefCd=22&kikanCd=3223401960&kikanKbn=3", "url2": null, "内容": "くりやま歯科【3:歯科】静岡県静岡市葵区大岩４－２４－１" }, "geometry": { "type": "Point", "coordinates": [ 138.381159, 35.000161 ] } },
{ "type": "Feature", "properties": { "ID": 2233223402260, "正式名称": "深沢歯科医院", "機関区分": 3, "都道府県コード": 22, "市区町村コード": 102, "所在地": "静岡県静岡市駿河区中村町２０２－３", "緯度": 34.951111, "経度": 138.394105, "url": "https://www.iryou.teikyouseido.mhlw.go.jp/znk-web/juminkanja/S2430/initialize?prefCd=22&kikanCd=3223402260&kikanKbn=3", "url2": null, "内容": "深沢歯科医院【3:歯科】静岡県静岡市駿河区中村町２０２－３" }, "geometry": { "type": "Point", "coordinates": [ 138.394105, 34.951111 ] } },
{ "type": "Feature", "properties": { "ID": 2233223402390, "正式名称": "是永歯科医院", "機関区分": 3, "都道府県コード": 22, "市区町村コード": 101, "所在地": "静岡県静岡市葵区上石町５－６", "緯度": 34.974079, "経度": 138.378478, "url": "https://www.iryou.teikyouseido.mhlw.go.jp/znk-web/juminkanja/S2430/initialize?prefCd=22&kikanCd=3223402390&kikanKbn=3", "url2": "http://www.korenaga-dentel.com./.Email.", "内容": "是永歯科医院【3:歯科】静岡県静岡市葵区上石町５－６" }, "geometry": { "type": "Point", "coordinates": [ 138.378478, 34.974079 ] } },
{ "type": "Feature", "properties": { "ID": 2233223402710, "正式名称": "清水歯科医院", "機関区分": 3, "都道府県コード": 22, "市区町村コード": 101, "所在地": "静岡県静岡市葵区上足洗２－８－３７", "緯度": 34.99469, "経度": 138.392103, "url": "https://www.iryou.teikyouseido.mhlw.go.jp/znk-web/juminkanja/S2430/initialize?prefCd=22&kikanCd=3223402710&kikanKbn=3", "url2": "s-shimizu-dental.com", "内容": "清水歯科医院【3:歯科】静岡県静岡市葵区上足洗２－８－３７" }, "geometry": { "type": "Point", "coordinates": [ 138.392103, 34.99469 ] } },
{ "type": "Feature", "properties": { "ID": 2233223402970, "正式名称": "ユリの木歯科医院", "機関区分": 3, "都道府県コード": 22, "市区町村コード": 102, "所在地": "静岡県静岡市駿河区国吉田４－２０－１９", "緯度": 34.991357, "経度": 138.432905, "url": "https://www.iryou.teikyouseido.mhlw.go.jp/znk-web/juminkanja/S2430/initialize?prefCd=22&kikanCd=3223402970&kikanKbn=3", "url2": "https://www.yurinoki-shika.com/", "内容": "ユリの木歯科医院【3:歯科】静岡県静岡市駿河区国吉田４－２０－１９" }, "geometry": { "type": "Point", "coordinates": [ 138.432905, 34.991357 ] } },
{ "type": "Feature", "properties": { "ID": 2233223403010, "正式名称": "岩崎矯正歯科クリニック", "機関区分": 3, "都道府県コード": 22, "市区町村コード": 102, "所在地": "静岡県静岡市駿河区南町３－１２　スクウェア・エス　１Ｆ", "緯度": 34.969053, "経度": 138.388577, "url": "https://www.iryou.teikyouseido.mhlw.go.jp/znk-web/juminkanja/S2430/initialize?prefCd=22&kikanCd=3223403010&kikanKbn=3", "url2": "http://www.io-clinic.com", "内容": "岩崎矯正歯科クリニック【3:歯科】静岡県静岡市駿河区南町３－１２　スクウェア・エス　１Ｆ" }, "geometry": { "type": "Point", "coordinates": [ 138.388577, 34.969053 ] } },
{ "type": "Feature", "properties": { "ID": 2233223403300, "正式名称": "グリーンデンタルクリニック", "機関区分": 3, "都道府県コード": 22, "市区町村コード": 102, "所在地": "静岡県静岡市駿河区上川原８－３", "緯度": 34.946222, "経度": 138.365302, "url": "https://www.iryou.teikyouseido.mhlw.go.jp/znk-web/juminkanja/S2430/initialize?prefCd=22&kikanCd=3223403300&kikanKbn=3", "url2": "https://www.green--dental.com", "内容": "グリーンデンタルクリニック【3:歯科】静岡県静岡市駿河区上川原８－３" }, "geometry": { "type": "Point", "coordinates": [ 138.365302, 34.946222 ] } },
{ "type": "Feature", "properties": { "ID": 2233223403430, "正式名称": "大森歯科医院", "機関区分": 3, "都道府県コード": 22, "市区町村コード": 102, "所在地": "静岡県静岡市駿河区敷地１－１５－２０", "緯度": 34.952, "経度": 138.411576, "url": "https://www.iryou.teikyouseido.mhlw.go.jp/znk-web/juminkanja/S2430/initialize?prefCd=22&kikanCd=3223403430&kikanKbn=3", "url2": "https://www.ohmori-dentaloffice.com", "内容": "大森歯科医院【3:歯科】静岡県静岡市駿河区敷地１－１５－２０" }, "geometry": { "type": "Point", "coordinates": [ 138.411576, 34.952 ] } },
{ "type": "Feature", "properties": { "ID": 2233223403560, "正式名称": "青木歯科石田クリニック", "機関区分": 3, "都道府県コード": 22, "市区町村コード": 102, "所在地": "静岡県静岡市駿河区石田３－５－２６", "緯度": 34.957944, "経度": 138.400715, "url": "https://www.iryou.teikyouseido.mhlw.go.jp/znk-web/juminkanja/S2430/initialize?prefCd=22&kikanCd=3223403560&kikanKbn=3", "url2": "https://aoki-dental-ishida-clinic.com/", "内容": "青木歯科石田クリニック【3:歯科】静岡県静岡市駿河区石田３－５－２６" }, "geometry": { "type": "Point", "coordinates": [ 138.400715, 34.957944 ] } },
{ "type": "Feature", "properties": { "ID": 2233223403850, "正式名称": "医療法人社団仁静会音羽歯科クリニック", "機関区分": 3, "都道府県コード": 22, "市区町村コード": 101, "所在地": "静岡県静岡市葵区音羽町２０－１２", "緯度": 34.97858, "経度": 138.395992, "url": "https://www.iryou.teikyouseido.mhlw.go.jp/znk-web/juminkanja/S2430/initialize?prefCd=22&kikanCd=3223403850&kikanKbn=3", "url2": "http://www.otowashika.com", "内容": "医療法人社団仁静会音羽歯科クリニック【3:歯科】静岡県静岡市葵区音羽町２０－１２" }, "geometry": { "type": "Point", "coordinates": [ 138.395992, 34.97858 ] } },
{ "type": "Feature", "properties": { "ID": 2233223404020, "正式名称": "佐塚歯科クリニック", "機関区分": 3, "都道府県コード": 22, "市区町村コード": 102, "所在地": "静岡県静岡市駿河区宮本町８－３２", "緯度": 34.963776, "経度": 138.383966, "url": "https://www.iryou.teikyouseido.mhlw.go.jp/znk-web/juminkanja/S2430/initialize?prefCd=22&kikanCd=3223404020&kikanKbn=3", "url2": "http//sazuka-dental.com", "内容": "佐塚歯科クリニック【3:歯科】静岡県静岡市駿河区宮本町８－３２" }, "geometry": { "type": "Point", "coordinates": [ 138.383966, 34.963776 ] } },
{ "type": "Feature", "properties": { "ID": 2233223404150, "正式名称": "おぎ原歯科医院", "機関区分": 3, "都道府県コード": 22, "市区町村コード": 101, "所在地": "静岡県静岡市葵区七間町１３－１０　アトランタビル　２Ｆ", "緯度": 34.972747, "経度": 138.380605, "url": "https://www.iryou.teikyouseido.mhlw.go.jp/znk-web/juminkanja/S2430/initialize?prefCd=22&kikanCd=3223404150&kikanKbn=3", "url2": "http://www.ogiwarashika.com/", "内容": "おぎ原歯科医院【3:歯科】静岡県静岡市葵区七間町１３－１０　アトランタビル　２Ｆ" }, "geometry": { "type": "Point", "coordinates": [ 138.380605, 34.972747 ] } },
{ "type": "Feature", "properties": { "ID": 2233223404280, "正式名称": "医療法人社団松金会　理事長　渡邉　信介", "機関区分": 3, "都道府県コード": 22, "市区町村コード": 101, "所在地": "静岡県静岡市葵区松富２－１－５６", "緯度": 35.011002, "経度": 138.373479, "url": "https://www.iryou.teikyouseido.mhlw.go.jp/znk-web/juminkanja/S2430/initialize?prefCd=22&kikanCd=3223404280&kikanKbn=3", "url2": "http://www.watanabe-shika.or.jp", "内容": "医療法人社団松金会　理事長　渡邉　信介【3:歯科】静岡県静岡市葵区松富２－１－５６" }, "geometry": { "type": "Point", "coordinates": [ 138.373479, 35.011002 ] } },
{ "type": "Feature", "properties": { "ID": 2233223404310, "正式名称": "山内歯科医院", "機関区分": 3, "都道府県コード": 22, "市区町村コード": 101, "所在地": "静岡県静岡市葵区北安東４－２８－３１", "緯度": 35.003716, "経度": 138.384687, "url": "https://www.iryou.teikyouseido.mhlw.go.jp/znk-web/juminkanja/S2430/initialize?prefCd=22&kikanCd=3223404310&kikanKbn=3", "url2": null, "内容": "山内歯科医院【3:歯科】静岡県静岡市葵区北安東４－２８－３１" }, "geometry": { "type": "Point", "coordinates": [ 138.384687, 35.003716 ] } },
{ "type": "Feature", "properties": { "ID": 2233223404570, "正式名称": "吉川歯科クリニック", "機関区分": 3, "都道府県コード": 22, "市区町村コード": 102, "所在地": "静岡県静岡市駿河区用宗４－１６－１０", "緯度": 34.919891, "経度": 138.362609, "url": "https://www.iryou.teikyouseido.mhlw.go.jp/znk-web/juminkanja/S2430/initialize?prefCd=22&kikanCd=3223404570&kikanKbn=3", "url2": null, "内容": "吉川歯科クリニック【3:歯科】静岡県静岡市駿河区用宗４－１６－１０" }, "geometry": { "type": "Point", "coordinates": [ 138.362609, 34.919891 ] } },
{ "type": "Feature", "properties": { "ID": 2233223404600, "正式名称": "医療法人社団輔珊会セントラル歯科クリニック", "機関区分": 3, "都道府県コード": 22, "市区町村コード": 102, "所在地": "静岡県静岡市駿河区新川２－１０－３５　新川ビル２Ｆ", "緯度": 34.961355, "経度": 138.38381, "url": "https://www.iryou.teikyouseido.mhlw.go.jp/znk-web/juminkanja/S2430/initialize?prefCd=22&kikanCd=3223404600&kikanKbn=3", "url2": "http://www.central-shika.jp/original13.html", "内容": "医療法人社団輔珊会セントラル歯科クリニック【3:歯科】静岡県静岡市駿河区新川２－１０－３５　新川ビル２Ｆ" }, "geometry": { "type": "Point", "coordinates": [ 138.38381, 34.961355 ] } },
{ "type": "Feature", "properties": { "ID": 2233223405290, "正式名称": "まさ歯科クリニック", "機関区分": 3, "都道府県コード": 22, "市区町村コード": 103, "所在地": "静岡県静岡市清水区長崎７３２", "緯度": 35.014688, "経度": 138.443653, "url": "https://www.iryou.teikyouseido.mhlw.go.jp/znk-web/juminkanja/S2430/initialize?prefCd=22&kikanCd=3223405290&kikanKbn=3", "url2": null, "内容": "まさ歯科クリニック【3:歯科】静岡県静岡市清水区長崎７３２" }, "geometry": { "type": "Point", "coordinates": [ 138.443653, 35.014688 ] } },
{ "type": "Feature", "properties": { "ID": 2233223405320, "正式名称": "エンジェル歯科", "機関区分": 3, "都道府県コード": 22, "市区町村コード": 102, "所在地": "静岡県静岡市駿河区北丸子１－５－５", "緯度": 34.948888, "経度": 138.352969, "url": "https://www.iryou.teikyouseido.mhlw.go.jp/znk-web/juminkanja/S2430/initialize?prefCd=22&kikanCd=3223405320&kikanKbn=3", "url2": "http://www.1-abc.com/", "内容": "エンジェル歯科【3:歯科】静岡県静岡市駿河区北丸子１－５－５" }, "geometry": { "type": "Point", "coordinates": [ 138.352969, 34.948888 ] } },
{ "type": "Feature", "properties": { "ID": 2233223405450, "正式名称": "はじめ歯科医院", "機関区分": 3, "都道府県コード": 22, "市区町村コード": 102, "所在地": "静岡県静岡市駿河区曲金４丁目１３－７", "緯度": 34.975581, "経度": 138.411713, "url": "https://www.iryou.teikyouseido.mhlw.go.jp/znk-web/juminkanja/S2430/initialize?prefCd=22&kikanCd=3223405450&kikanKbn=3", "url2": null, "内容": "はじめ歯科医院【3:歯科】静岡県静岡市駿河区曲金４丁目１３－７" }, "geometry": { "type": "Point", "coordinates": [ 138.411713, 34.975581 ] } },
{ "type": "Feature", "properties": { "ID": 2233223405580, "正式名称": "パール歯科エスパティオクリニック", "機関区分": 3, "都道府県コード": 22, "市区町村コード": 102, "所在地": "静岡県静岡市駿河区南町１４－２５－２０１－Ａ", "緯度": 34.97072, "経度": 138.390271, "url": "https://www.iryou.teikyouseido.mhlw.go.jp/znk-web/juminkanja/S2430/initialize?prefCd=22&kikanCd=3223405580&kikanKbn=3", "url2": "http://www.Pearl-Shika.jp", "内容": "パール歯科エスパティオクリニック【3:歯科】静岡県静岡市駿河区南町１４－２５－２０１－Ａ" }, "geometry": { "type": "Point", "coordinates": [ 138.390271, 34.97072 ] } },
{ "type": "Feature", "properties": { "ID": 2233223405610, "正式名称": "ほり歯科医院", "機関区分": 3, "都道府県コード": 22, "市区町村コード": 101, "所在地": "静岡県静岡市葵区新伝馬１丁目４－５０", "緯度": 34.996994, "経度": 138.363939, "url": "https://www.iryou.teikyouseido.mhlw.go.jp/znk-web/juminkanja/S2430/initialize?prefCd=22&kikanCd=3223405610&kikanKbn=3", "url2": null, "内容": "ほり歯科医院【3:歯科】静岡県静岡市葵区新伝馬１丁目４－５０" }, "geometry": { "type": "Point", "coordinates": [ 138.363939, 34.996994 ] } },
{ "type": "Feature", "properties": { "ID": 2233223405900, "正式名称": "藤本歯科医院", "機関区分": 3, "都道府県コード": 22, "市区町村コード": 102, "所在地": "静岡県静岡市駿河区用宗４－６－２４", "緯度": 34.92203, "経度": 138.360831, "url": "https://www.iryou.teikyouseido.mhlw.go.jp/znk-web/juminkanja/S2430/initialize?prefCd=22&kikanCd=3223405900&kikanKbn=3", "url2": "http://www.fujimoto-shika.com", "内容": "藤本歯科医院【3:歯科】静岡県静岡市駿河区用宗４－６－２４" }, "geometry": { "type": "Point", "coordinates": [ 138.360831, 34.92203 ] } },
{ "type": "Feature", "properties": { "ID": 2233223406040, "正式名称": "溝口歯科クリニック", "機関区分": 3, "都道府県コード": 22, "市区町村コード": 101, "所在地": "静岡県静岡市葵区古庄２－１５－２４", "緯度": 34.997412, "経度": 138.422906, "url": "https://www.iryou.teikyouseido.mhlw.go.jp/znk-web/juminkanja/S2430/initialize?prefCd=22&kikanCd=3223406040&kikanKbn=3", "url2": "http://www.mizo-dc.com", "内容": "溝口歯科クリニック【3:歯科】静岡県静岡市葵区古庄２－１５－２４" }, "geometry": { "type": "Point", "coordinates": [ 138.422906, 34.997412 ] } },
{ "type": "Feature", "properties": { "ID": 2233223406170, "正式名称": "安竹歯科医院", "機関区分": 3, "都道府県コード": 22, "市区町村コード": 101, "所在地": "静岡県静岡市葵区北安東１－２９－１", "緯度": 34.994217, "経度": 138.386548, "url": "https://www.iryou.teikyouseido.mhlw.go.jp/znk-web/juminkanja/S2430/initialize?prefCd=22&kikanCd=3223406170&kikanKbn=3", "url2": null, "内容": "安竹歯科医院【3:歯科】静岡県静岡市葵区北安東１－２９－１" }, "geometry": { "type": "Point", "coordinates": [ 138.386548, 34.994217 ] } },
{ "type": "Feature", "properties": { "ID": 2233223406200, "正式名称": "清水歯科医院", "機関区分": 3, "都道府県コード": 22, "市区町村コード": 101, "所在地": "静岡県静岡市葵区鷹匠２－１－２０　黒柳ビル２階", "緯度": 34.977414, "経度": 138.387326, "url": "https://www.iryou.teikyouseido.mhlw.go.jp/znk-web/juminkanja/S2430/initialize?prefCd=22&kikanCd=3223406200&kikanKbn=3", "url2": "https://.shimizu-shika.info", "内容": "清水歯科医院【3:歯科】静岡県静岡市葵区鷹匠２－１－２０　黒柳ビル２階" }, "geometry": { "type": "Point", "coordinates": [ 138.387326, 34.977414 ] } },
{ "type": "Feature", "properties": { "ID": 2233223406330, "正式名称": "麻生歯科クリニック", "機関区分": 3, "都道府県コード": 22, "市区町村コード": 101, "所在地": "静岡県静岡市葵区春日二丁目１２番５号　Ａ・Ｓ・Ｏビル", "緯度": 34.978333, "経度": 138.401587, "url": "https://www.iryou.teikyouseido.mhlw.go.jp/znk-web/juminkanja/S2430/initialize?prefCd=22&kikanCd=3223406330&kikanKbn=3", "url2": "www.aso-shika.com/", "内容": "麻生歯科クリニック【3:歯科】静岡県静岡市葵区春日二丁目１２番５号　Ａ・Ｓ・Ｏビル" }, "geometry": { "type": "Point", "coordinates": [ 138.401587, 34.978333 ] } },
{ "type": "Feature", "properties": { "ID": 2233223406460, "正式名称": "近藤矯正歯科医院", "機関区分": 3, "都道府県コード": 22, "市区町村コード": 101, "所在地": "静岡県静岡市葵区呉服町２丁目６番地の１０　レイアップ呉服町ビル４Ｆ", "緯度": 34.974034, "経度": 138.383371, "url": "https://www.iryou.teikyouseido.mhlw.go.jp/znk-web/juminkanja/S2430/initialize?prefCd=22&kikanCd=3223406460&kikanKbn=3", "url2": "kondo-ortho.com", "内容": "近藤矯正歯科医院【3:歯科】静岡県静岡市葵区呉服町２丁目６番地の１０　レイアップ呉服町ビル４Ｆ" }, "geometry": { "type": "Point", "coordinates": [ 138.383371, 34.974034 ] } },
{ "type": "Feature", "properties": { "ID": 2233223532900, "正式名称": "デンタルステーション　ハル歯科医院", "機関区分": 3, "都道府県コード": 22, "市区町村コード": 138, "所在地": "静岡県浜松市中央区小豆餅３－７－２３", "緯度": 34.751543, "経度": 137.729525, "url": "https://www.iryou.teikyouseido.mhlw.go.jp/znk-web/juminkanja/S2430/initialize?prefCd=22&kikanCd=3223532900&kikanKbn=3", "url2": "http://www.haru-shika.jp/", "内容": "デンタルステーション　ハル歯科医院【3:歯科】静岡県浜松市中央区小豆餅３－７－２３" }, "geometry": { "type": "Point", "coordinates": [ 137.729525, 34.751543 ] } },
{ "type": "Feature", "properties": { "ID": 2233225100270, "正式名称": "田原歯科医院", "機関区分": 3, "都道府県コード": 22, "市区町村コード": 219, "所在地": "静岡県下田市五丁目１－４１", "緯度": 34.673122, "経度": 138.938795, "url": "https://www.iryou.teikyouseido.mhlw.go.jp/znk-web/juminkanja/S2430/initialize?prefCd=22&kikanCd=3225100270&kikanKbn=3", "url2": null, "内容": "田原歯科医院【3:歯科】静岡県下田市五丁目１－４１" }, "geometry": { "type": "Point", "coordinates": [ 138.938795, 34.673122 ] } },
{ "type": "Feature", "properties": { "ID": 2233225100430, "正式名称": "笹本歯科診療所", "機関区分": 3, "都道府県コード": 22, "市区町村コード": 219, "所在地": "静岡県下田市二丁目１－２０", "緯度": 34.674317, "経度": 138.942655, "url": "https://www.iryou.teikyouseido.mhlw.go.jp/znk-web/juminkanja/S2430/initialize?prefCd=22&kikanCd=3225100430&kikanKbn=3", "url2": null, "内容": "笹本歯科診療所【3:歯科】静岡県下田市二丁目１－２０" }, "geometry": { "type": "Point", "coordinates": [ 138.942655, 34.674317 ] } },
{ "type": "Feature", "properties": { "ID": 2233225100560, "正式名称": "菊池歯科医院", "機関区分": 3, "都道府県コード": 22, "市区町村コード": 219, "所在地": "静岡県下田市二丁目１２－２６", "緯度": 34.673622, "経度": 138.942794, "url": "https://www.iryou.teikyouseido.mhlw.go.jp/znk-web/juminkanja/S2430/initialize?prefCd=22&kikanCd=3225100560&kikanKbn=3", "url2": null, "内容": "菊池歯科医院【3:歯科】静岡県下田市二丁目１２－２６" }, "geometry": { "type": "Point", "coordinates": [ 138.942794, 34.673622 ] } },
{ "type": "Feature", "properties": { "ID": 2233225100690, "正式名称": "土屋歯科医院", "機関区分": 3, "都道府県コード": 22, "市区町村コード": 219, "所在地": "静岡県下田市東本郷１－５－２４", "緯度": 34.67905, "経度": 138.945449, "url": "https://www.iryou.teikyouseido.mhlw.go.jp/znk-web/juminkanja/S2430/initialize?prefCd=22&kikanCd=3225100690&kikanKbn=3", "url2": null, "内容": "土屋歯科医院【3:歯科】静岡県下田市東本郷１－５－２４" }, "geometry": { "type": "Point", "coordinates": [ 138.945449, 34.67905 ] } },
{ "type": "Feature", "properties": { "ID": 2233225100980, "正式名称": "勝田歯科医院", "機関区分": 3, "都道府県コード": 22, "市区町村コード": 219, "所在地": "静岡県下田市一丁目２０－２４", "緯度": 34.675511, "経度": 138.944238, "url": "https://www.iryou.teikyouseido.mhlw.go.jp/znk-web/juminkanja/S2430/initialize?prefCd=22&kikanCd=3225100980&kikanKbn=3", "url2": null, "内容": "勝田歯科医院【3:歯科】静岡県下田市一丁目２０－２４" }, "geometry": { "type": "Point", "coordinates": [ 138.944238, 34.675511 ] } },
{ "type": "Feature", "properties": { "ID": 2233225101150, "正式名称": "医療法人社団　心成会　　かとう歯科医院", "機関区分": 3, "都道府県コード": 22, "市区町村コード": 301, "所在地": "静岡県賀茂郡東伊豆町稲取３９９－４", "緯度": 34.771169, "経度": 139.041254, "url": "https://www.iryou.teikyouseido.mhlw.go.jp/znk-web/juminkanja/S2430/initialize?prefCd=22&kikanCd=3225101150&kikanKbn=3", "url2": "kato-shika.com", "内容": "医療法人社団　心成会　　かとう歯科医院【3:歯科】静岡県賀茂郡東伊豆町稲取３９９－４" }, "geometry": { "type": "Point", "coordinates": [ 139.041254, 34.771169 ] } },
{ "type": "Feature", "properties": { "ID": 2233225102160, "正式名称": "森田歯科医院", "機関区分": 3, "都道府県コード": 22, "市区町村コード": 301, "所在地": "静岡県賀茂郡東伊豆町片瀬５６４－１４", "緯度": 34.804444, "経度": 139.060612, "url": "https://www.iryou.teikyouseido.mhlw.go.jp/znk-web/juminkanja/S2430/initialize?prefCd=22&kikanCd=3225102160&kikanKbn=3", "url2": null, "内容": "森田歯科医院【3:歯科】静岡県賀茂郡東伊豆町片瀬５６４－１４" }, "geometry": { "type": "Point", "coordinates": [ 139.060612, 34.804444 ] } },
{ "type": "Feature", "properties": { "ID": 2233225102320, "正式名称": "渡辺歯科医院", "機関区分": 3, "都道府県コード": 22, "市区町村コード": 219, "所在地": "静岡県下田市西本郷２－１３－８", "緯度": 34.684844, "経度": 138.942155, "url": "https://www.iryou.teikyouseido.mhlw.go.jp/znk-web/juminkanja/S2430/initialize?prefCd=22&kikanCd=3225102320&kikanKbn=3", "url2": null, "内容": "渡辺歯科医院【3:歯科】静岡県下田市西本郷２－１３－８" }, "geometry": { "type": "Point", "coordinates": [ 138.942155, 34.684844 ] } },
{ "type": "Feature", "properties": { "ID": 2233225102450, "正式名称": "キクチ歯科医院", "機関区分": 3, "都道府県コード": 22, "市区町村コード": 219, "所在地": "静岡県下田市河内１４９－４", "緯度": 34.700231, "経度": 138.939266, "url": "https://www.iryou.teikyouseido.mhlw.go.jp/znk-web/juminkanja/S2430/initialize?prefCd=22&kikanCd=3225102450&kikanKbn=3", "url2": null, "内容": "キクチ歯科医院【3:歯科】静岡県下田市河内１４９－４" }, "geometry": { "type": "Point", "coordinates": [ 138.939266, 34.700231 ] } },
{ "type": "Feature", "properties": { "ID": 2233225103040, "正式名称": "雲野歯科クリニック", "機関区分": 3, "都道府県コード": 22, "市区町村コード": 301, "所在地": "静岡県賀茂郡東伊豆町稲取７１５", "緯度": 34.769725, "経度": 139.041476, "url": "https://www.iryou.teikyouseido.mhlw.go.jp/znk-web/juminkanja/S2430/initialize?prefCd=22&kikanCd=3225103040&kikanKbn=3", "url2": null, "内容": "雲野歯科クリニック【3:歯科】静岡県賀茂郡東伊豆町稲取７１５" }, "geometry": { "type": "Point", "coordinates": [ 139.041476, 34.769725 ] } },
{ "type": "Feature", "properties": { "ID": 2233225103200, "正式名称": "杉山歯科診療所", "機関区分": 3, "都道府県コード": 22, "市区町村コード": 219, "所在地": "静岡県下田市西本郷１－７－２０", "緯度": 34.681955, "経度": 138.944544, "url": "https://www.iryou.teikyouseido.mhlw.go.jp/znk-web/juminkanja/S2430/initialize?prefCd=22&kikanCd=3225103200&kikanKbn=3", "url2": null, "内容": "杉山歯科診療所【3:歯科】静岡県下田市西本郷１－７－２０" }, "geometry": { "type": "Point", "coordinates": [ 138.944544, 34.681955 ] } },
{ "type": "Feature", "properties": { "ID": 2233225103330, "正式名称": "平野歯科医院", "機関区分": 3, "都道府県コード": 22, "市区町村コード": 304, "所在地": "静岡県賀茂郡南伊豆町湊３３７－２", "緯度": 34.648613, "経度": 138.880471, "url": "https://www.iryou.teikyouseido.mhlw.go.jp/znk-web/juminkanja/S2430/initialize?prefCd=22&kikanCd=3225103330&kikanKbn=3", "url2": null, "内容": "平野歯科医院【3:歯科】静岡県賀茂郡南伊豆町湊３３７－２" }, "geometry": { "type": "Point", "coordinates": [ 138.880471, 34.648613 ] } },
{ "type": "Feature", "properties": { "ID": 2233225103620, "正式名称": "医療法人社団　川村歯科医院", "機関区分": 3, "都道府県コード": 22, "市区町村コード": 301, "所在地": "静岡県賀茂郡東伊豆町奈良本２５０", "緯度": 34.819415, "経度": 139.061972, "url": "https://www.iryou.teikyouseido.mhlw.go.jp/znk-web/juminkanja/S2430/initialize?prefCd=22&kikanCd=3225103620&kikanKbn=3", "url2": "http://www.kawamurashika.or.jp", "内容": "医療法人社団　川村歯科医院【3:歯科】静岡県賀茂郡東伊豆町奈良本２５０" }, "geometry": { "type": "Point", "coordinates": [ 139.061972, 34.819415 ] } },
{ "type": "Feature", "properties": { "ID": 2233225103750, "正式名称": "村松歯科医院", "機関区分": 3, "都道府県コード": 22, "市区町村コード": 301, "所在地": "静岡県賀茂郡東伊豆町稲取２７８－９", "緯度": 34.773725, "経度": 139.039004, "url": "https://www.iryou.teikyouseido.mhlw.go.jp/znk-web/juminkanja/S2430/initialize?prefCd=22&kikanCd=3225103750&kikanKbn=3", "url2": null, "内容": "村松歯科医院【3:歯科】静岡県賀茂郡東伊豆町稲取２７８－９" }, "geometry": { "type": "Point", "coordinates": [ 139.039004, 34.773725 ] } },
{ "type": "Feature", "properties": { "ID": 2233225104180, "正式名称": "近藤歯科医院", "機関区分": 3, "都道府県コード": 22, "市区町村コード": 305, "所在地": "静岡県賀茂郡松崎町松崎３５４", "緯度": 34.753583, "経度": 138.777971, "url": "https://www.iryou.teikyouseido.mhlw.go.jp/znk-web/juminkanja/S2430/initialize?prefCd=22&kikanCd=3225104180&kikanKbn=3", "url2": null, "内容": "近藤歯科医院【3:歯科】静岡県賀茂郡松崎町松崎３５４" }, "geometry": { "type": "Point", "coordinates": [ 138.777971, 34.753583 ] } },
{ "type": "Feature", "properties": { "ID": 2233225104470, "正式名称": "矯正歯科兼松医院", "機関区分": 3, "都道府県コード": 22, "市区町村コード": 219, "所在地": "静岡県下田市東本郷１－９－２１", "緯度": 34.679872, "経度": 138.946488, "url": "https://www.iryou.teikyouseido.mhlw.go.jp/znk-web/juminkanja/S2430/initialize?prefCd=22&kikanCd=3225104470&kikanKbn=3", "url2": null, "内容": "矯正歯科兼松医院【3:歯科】静岡県下田市東本郷１－９－２１" }, "geometry": { "type": "Point", "coordinates": [ 138.946488, 34.679872 ] } },
{ "type": "Feature", "properties": { "ID": 2233225105190, "正式名称": "田子歯科診療所", "機関区分": 3, "都道府県コード": 22, "市区町村コード": 306, "所在地": "静岡県賀茂郡西伊豆町田子１０１０－１６", "緯度": 34.80914, "経度": 138.769576, "url": "https://www.iryou.teikyouseido.mhlw.go.jp/znk-web/juminkanja/S2430/initialize?prefCd=22&kikanCd=3225105190&kikanKbn=3", "url2": null, "内容": "田子歯科診療所【3:歯科】静岡県賀茂郡西伊豆町田子１０１０－１６" }, "geometry": { "type": "Point", "coordinates": [ 138.769576, 34.80914 ] } },
{ "type": "Feature", "properties": { "ID": 2233225105220, "正式名称": "中村屋歯科医院", "機関区分": 3, "都道府県コード": 22, "市区町村コード": 302, "所在地": "静岡県賀茂郡河津町田中２０７－５", "緯度": 34.756002, "経度": 138.986982, "url": "https://www.iryou.teikyouseido.mhlw.go.jp/znk-web/juminkanja/S2430/initialize?prefCd=22&kikanCd=3225105220&kikanKbn=3", "url2": null, "内容": "中村屋歯科医院【3:歯科】静岡県賀茂郡河津町田中２０７－５" }, "geometry": { "type": "Point", "coordinates": [ 138.986982, 34.756002 ] } },
{ "type": "Feature", "properties": { "ID": 2233225105350, "正式名称": "松崎歯科診療所", "機関区分": 3, "都道府県コード": 22, "市区町村コード": 305, "所在地": "静岡県賀茂郡松崎町伏倉５２０－３", "緯度": 34.750344, "経度": 138.794025, "url": "https://www.iryou.teikyouseido.mhlw.go.jp/znk-web/juminkanja/S2430/initialize?prefCd=22&kikanCd=3225105350&kikanKbn=3", "url2": null, "内容": "松崎歯科診療所【3:歯科】静岡県賀茂郡松崎町伏倉５２０－３" }, "geometry": { "type": "Point", "coordinates": [ 138.794025, 34.750344 ] } },
{ "type": "Feature", "properties": { "ID": 2233225106070, "正式名称": "ワンズデンタルクリニック", "機関区分": 3, "都道府県コード": 22, "市区町村コード": 302, "所在地": "静岡県賀茂郡河津町下佐ケ野５２－４", "緯度": 34.774816, "経度": 138.9572, "url": "https://www.iryou.teikyouseido.mhlw.go.jp/znk-web/juminkanja/S2430/initialize?prefCd=22&kikanCd=3225106070&kikanKbn=3", "url2": null, "内容": "ワンズデンタルクリニック【3:歯科】静岡県賀茂郡河津町下佐ケ野５２－４" }, "geometry": { "type": "Point", "coordinates": [ 138.9572, 34.774816 ] } },
{ "type": "Feature", "properties": { "ID": 2233225106100, "正式名称": "医療法人社団翼成会　石原歯科医院", "機関区分": 3, "都道府県コード": 22, "市区町村コード": 302, "所在地": "静岡県賀茂郡河津町浜１８０－３", "緯度": 34.748027, "経度": 138.998299, "url": "https://www.iryou.teikyouseido.mhlw.go.jp/znk-web/juminkanja/S2430/initialize?prefCd=22&kikanCd=3225106100&kikanKbn=3", "url2": "ishihara-sika.net", "内容": "医療法人社団翼成会　石原歯科医院【3:歯科】静岡県賀茂郡河津町浜１８０－３" }, "geometry": { "type": "Point", "coordinates": [ 138.998299, 34.748027 ] } },
{ "type": "Feature", "properties": { "ID": 2233225116620, "正式名称": "いとこ歯科クリニック", "機関区分": 3, "都道府県コード": 22, "市区町村コード": 302, "所在地": "静岡県賀茂郡河津町浜１５７ー２", "緯度": 34.747493, "経度": 138.99628, "url": "https://www.iryou.teikyouseido.mhlw.go.jp/znk-web/juminkanja/S2430/initialize?prefCd=22&kikanCd=3225116620&kikanKbn=3", "url2": "https://itoko-dental.com/949093127", "内容": "いとこ歯科クリニック【3:歯科】静岡県賀茂郡河津町浜１５７ー２" }, "geometry": { "type": "Point", "coordinates": [ 138.99628, 34.747493 ] } },
{ "type": "Feature", "properties": { "ID": 2233225200330, "正式名称": "中江歯科医院", "機関区分": 3, "都道府県コード": 22, "市区町村コード": 305, "所在地": "静岡県賀茂郡松崎町松崎３６７", "緯度": 34.754555, "経度": 138.777888, "url": "https://www.iryou.teikyouseido.mhlw.go.jp/znk-web/juminkanja/S2430/initialize?prefCd=22&kikanCd=3225200330&kikanKbn=3", "url2": null, "内容": "中江歯科医院【3:歯科】静岡県賀茂郡松崎町松崎３６７" }, "geometry": { "type": "Point", "coordinates": [ 138.777888, 34.754555 ] } },
{ "type": "Feature", "properties": { "ID": 2233225200590, "正式名称": "渡部歯科医院", "機関区分": 3, "都道府県コード": 22, "市区町村コード": 305, "所在地": "静岡県賀茂郡松崎町江奈２５２－９", "緯度": 34.755916, "経度": 138.781248, "url": "https://www.iryou.teikyouseido.mhlw.go.jp/znk-web/juminkanja/S2430/initialize?prefCd=22&kikanCd=3225200590&kikanKbn=3", "url2": null, "内容": "渡部歯科医院【3:歯科】静岡県賀茂郡松崎町江奈２５２－９" }, "geometry": { "type": "Point", "coordinates": [ 138.781248, 34.755916 ] } },
{ "type": "Feature", "properties": { "ID": 2233225201050, "正式名称": "藤井歯科医院", "機関区分": 3, "都道府県コード": 22, "市区町村コード": 306, "所在地": "静岡県賀茂郡西伊豆町宇久須８３４－３", "緯度": 34.84948, "経度": 138.783177, "url": "https://www.iryou.teikyouseido.mhlw.go.jp/znk-web/juminkanja/S2430/initialize?prefCd=22&kikanCd=3225201050&kikanKbn=3", "url2": "http://www.fujii.shika-hp.com/index.html", "内容": "藤井歯科医院【3:歯科】静岡県賀茂郡西伊豆町宇久須８３４－３" }, "geometry": { "type": "Point", "coordinates": [ 138.783177, 34.84948 ] } },
{ "type": "Feature", "properties": { "ID": 2233225300230, "正式名称": "本田歯科医院", "機関区分": 3, "都道府県コード": 22, "市区町村コード": 205, "所在地": "静岡県熱海市銀座町１４－２５", "緯度": 35.097552, "経度": 139.073069, "url": "https://www.iryou.teikyouseido.mhlw.go.jp/znk-web/juminkanja/S2430/initialize?prefCd=22&kikanCd=3225300230&kikanKbn=3", "url2": null, "内容": "本田歯科医院【3:歯科】静岡県熱海市銀座町１４－２５" }, "geometry": { "type": "Point", "coordinates": [ 139.073069, 35.097552 ] } },
{ "type": "Feature", "properties": { "ID": 2233225301240, "正式名称": "野本歯科医院", "機関区分": 3, "都道府県コード": 22, "市区町村コード": 205, "所在地": "静岡県熱海市清水町１－１５", "緯度": 35.094496, "経度": 139.071348, "url": "https://www.iryou.teikyouseido.mhlw.go.jp/znk-web/juminkanja/S2430/initialize?prefCd=22&kikanCd=3225301240&kikanKbn=3", "url2": "http://nomotoshika.jp/", "内容": "野本歯科医院【3:歯科】静岡県熱海市清水町１－１５" }, "geometry": { "type": "Point", "coordinates": [ 139.071348, 35.094496 ] } },
{ "type": "Feature", "properties": { "ID": 2233225301400, "正式名称": "医療法人社団愛歯科診療所", "機関区分": 3, "都道府県コード": 22, "市区町村コード": 205, "所在地": "静岡県熱海市田原本町９－１　熱海第一ビル６Ｆ", "緯度": 35.103337, "経度": 139.079096, "url": "https://www.iryou.teikyouseido.mhlw.go.jp/znk-web/juminkanja/S2430/initialize?prefCd=22&kikanCd=3225301400&kikanKbn=3", "url2": "http://www.aishika.info", "内容": "医療法人社団愛歯科診療所【3:歯科】静岡県熱海市田原本町９－１　熱海第一ビル６Ｆ" }, "geometry": { "type": "Point", "coordinates": [ 139.079096, 35.103337 ] } },
{ "type": "Feature", "properties": { "ID": 2233225301950, "正式名称": "ツイキ歯科医院", "機関区分": 3, "都道府県コード": 22, "市区町村コード": 205, "所在地": "静岡県熱海市中央町１９－２７　對木ビル　３Ｆ", "緯度": 35.095444, "経度": 139.071166, "url": "https://www.iryou.teikyouseido.mhlw.go.jp/znk-web/juminkanja/S2430/initialize?prefCd=22&kikanCd=3225301950&kikanKbn=3", "url2": "https://sites.google.com/view/tsuikidentalclinic", "内容": "ツイキ歯科医院【3:歯科】静岡県熱海市中央町１９－２７　對木ビル　３Ｆ" }, "geometry": { "type": "Point", "coordinates": [ 139.071166, 35.095444 ] } },
{ "type": "Feature", "properties": { "ID": 2233225302120, "正式名称": "セントラル歯科", "機関区分": 3, "都道府県コード": 22, "市区町村コード": 205, "所在地": "静岡県熱海市中央町１－９　中央ビル２Ｆ", "緯度": 35.095804, "経度": 139.071698, "url": "https://www.iryou.teikyouseido.mhlw.go.jp/znk-web/juminkanja/S2430/initialize?prefCd=22&kikanCd=3225302120&kikanKbn=3", "url2": null, "内容": "セントラル歯科【3:歯科】静岡県熱海市中央町１－９　中央ビル２Ｆ" }, "geometry": { "type": "Point", "coordinates": [ 139.071698, 35.095804 ] } },
{ "type": "Feature", "properties": { "ID": 2233225302380, "正式名称": "井上歯科医院", "機関区分": 3, "都道府県コード": 22, "市区町村コード": 205, "所在地": "静岡県熱海市清水町５－１５", "緯度": 35.093552, "経度": 139.072875, "url": "https://www.iryou.teikyouseido.mhlw.go.jp/znk-web/juminkanja/S2430/initialize?prefCd=22&kikanCd=3225302380&kikanKbn=3", "url2": null, "内容": "井上歯科医院【3:歯科】静岡県熱海市清水町５－１５" }, "geometry": { "type": "Point", "coordinates": [ 139.072875, 35.093552 ] } },
{ "type": "Feature", "properties": { "ID": 2233225303000, "正式名称": "飯田歯科医院", "機関区分": 3, "都道府県コード": 22, "市区町村コード": 208, "所在地": "静岡県伊東市東松原町１３－３", "緯度": 34.971954, "経度": 139.097462, "url": "https://www.iryou.teikyouseido.mhlw.go.jp/znk-web/juminkanja/S2430/initialize?prefCd=22&kikanCd=3225303000&kikanKbn=3", "url2": null, "内容": "飯田歯科医院【3:歯科】静岡県伊東市東松原町１３－３" }, "geometry": { "type": "Point", "coordinates": [ 139.097462, 34.971954 ] } },
{ "type": "Feature", "properties": { "ID": 2233225303260, "正式名称": "新谷歯科医院", "機関区分": 3, "都道府県コード": 22, "市区町村コード": 208, "所在地": "静岡県伊東市宇佐美１６０９－５", "緯度": 35.008367, "経度": 139.079629, "url": "https://www.iryou.teikyouseido.mhlw.go.jp/znk-web/juminkanja/S2430/initialize?prefCd=22&kikanCd=3225303260&kikanKbn=3", "url2": null, "内容": "新谷歯科医院【3:歯科】静岡県伊東市宇佐美１６０９－５" }, "geometry": { "type": "Point", "coordinates": [ 139.079629, 35.008367 ] } },
{ "type": "Feature", "properties": { "ID": 2233225303390, "正式名称": "岡山歯科", "機関区分": 3, "都道府県コード": 22, "市区町村コード": 208, "所在地": "静岡県伊東市湯川１－６－４", "緯度": 34.974204, "経度": 139.093823, "url": "https://www.iryou.teikyouseido.mhlw.go.jp/znk-web/juminkanja/S2430/initialize?prefCd=22&kikanCd=3225303390&kikanKbn=3", "url2": null, "内容": "岡山歯科【3:歯科】静岡県伊東市湯川１－６－４" }, "geometry": { "type": "Point", "coordinates": [ 139.093823, 34.974204 ] } },
{ "type": "Feature", "properties": { "ID": 2233225303970, "正式名称": "石川歯科", "機関区分": 3, "都道府県コード": 22, "市区町村コード": 208, "所在地": "静岡県伊東市銀座元町６－１", "緯度": 34.970343, "経度": 139.097351, "url": "https://www.iryou.teikyouseido.mhlw.go.jp/znk-web/juminkanja/S2430/initialize?prefCd=22&kikanCd=3225303970&kikanKbn=3", "url2": null, "内容": "石川歯科【3:歯科】静岡県伊東市銀座元町６－１" }, "geometry": { "type": "Point", "coordinates": [ 139.097351, 34.970343 ] } },
{ "type": "Feature", "properties": { "ID": 2233225304430, "正式名称": "エトワール歯科クリニック", "機関区分": 3, "都道府県コード": 22, "市区町村コード": 208, "所在地": "静岡県伊東市広野１－１－２６", "緯度": 34.963927, "経度": 139.092352, "url": "https://www.iryou.teikyouseido.mhlw.go.jp/znk-web/juminkanja/S2430/initialize?prefCd=22&kikanCd=3225304430&kikanKbn=3", "url2": null, "内容": "エトワール歯科クリニック【3:歯科】静岡県伊東市広野１－１－２６" }, "geometry": { "type": "Point", "coordinates": [ 139.092352, 34.963927 ] } },
{ "type": "Feature", "properties": { "ID": 2233225304720, "正式名称": "小川歯科医院", "機関区分": 3, "都道府県コード": 22, "市区町村コード": 208, "所在地": "静岡県伊東市宇佐美１７８２－９", "緯度": 35.005895, "経度": 139.083378, "url": "https://www.iryou.teikyouseido.mhlw.go.jp/znk-web/juminkanja/S2430/initialize?prefCd=22&kikanCd=3225304720&kikanKbn=3", "url2": "www.dent-ogawa.jp", "内容": "小川歯科医院【3:歯科】静岡県伊東市宇佐美１７８２－９" }, "geometry": { "type": "Point", "coordinates": [ 139.083378, 35.005895 ] } },
{ "type": "Feature", "properties": { "ID": 2233225305150, "正式名称": "土屋歯科診療所", "機関区分": 3, "都道府県コード": 22, "市区町村コード": 208, "所在地": "静岡県伊東市竹の内２－４－２０", "緯度": 34.968871, "経度": 139.097629, "url": "https://www.iryou.teikyouseido.mhlw.go.jp/znk-web/juminkanja/S2430/initialize?prefCd=22&kikanCd=3225305150&kikanKbn=3", "url2": null, "内容": "土屋歯科診療所【3:歯科】静岡県伊東市竹の内２－４－２０" }, "geometry": { "type": "Point", "coordinates": [ 139.097629, 34.968871 ] } },
{ "type": "Feature", "properties": { "ID": 2233225305600, "正式名称": "石井歯科医院", "機関区分": 3, "都道府県コード": 22, "市区町村コード": 208, "所在地": "静岡県伊東市静海町４－２０", "緯度": 34.969205, "経度": 139.104684, "url": "https://www.iryou.teikyouseido.mhlw.go.jp/znk-web/juminkanja/S2430/initialize?prefCd=22&kikanCd=3225305600&kikanKbn=3", "url2": "http://www.ishii-dental420.jp/", "内容": "石井歯科医院【3:歯科】静岡県伊東市静海町４－２０" }, "geometry": { "type": "Point", "coordinates": [ 139.104684, 34.969205 ] } },
{ "type": "Feature", "properties": { "ID": 2233225306290, "正式名称": "あかつき歯科医院", "機関区分": 3, "都道府県コード": 22, "市区町村コード": 208, "所在地": "静岡県伊東市松川町３－２", "緯度": 34.972065, "経度": 139.095823, "url": "https://www.iryou.teikyouseido.mhlw.go.jp/znk-web/juminkanja/S2430/initialize?prefCd=22&kikanCd=3225306290&kikanKbn=3", "url2": null, "内容": "あかつき歯科医院【3:歯科】静岡県伊東市松川町３－２" }, "geometry": { "type": "Point", "coordinates": [ 139.095823, 34.972065 ] } },
{ "type": "Feature", "properties": { "ID": 2233225306320, "正式名称": "医療法人社団皓歯会ひだ歯科医院", "機関区分": 3, "都道府県コード": 22, "市区町村コード": 208, "所在地": "静岡県伊東市川奈１２２８－２１０", "緯度": 34.953123, "経度": 139.118295, "url": "https://www.iryou.teikyouseido.mhlw.go.jp/znk-web/juminkanja/S2430/initialize?prefCd=22&kikanCd=3225306320&kikanKbn=3", "url2": "http://www.hida-shika.com", "内容": "医療法人社団皓歯会ひだ歯科医院【3:歯科】静岡県伊東市川奈１２２８－２１０" }, "geometry": { "type": "Point", "coordinates": [ 139.118295, 34.953123 ] } },
{ "type": "Feature", "properties": { "ID": 2233225306450, "正式名称": "小林歯科医院", "機関区分": 3, "都道府県コード": 22, "市区町村コード": 208, "所在地": "静岡県伊東市荻１４７－３", "緯度": 34.936097, "経度": 139.089714, "url": "https://www.iryou.teikyouseido.mhlw.go.jp/znk-web/juminkanja/S2430/initialize?prefCd=22&kikanCd=3225306450&kikanKbn=3", "url2": null, "内容": "小林歯科医院【3:歯科】静岡県伊東市荻１４７－３" }, "geometry": { "type": "Point", "coordinates": [ 139.089714, 34.936097 ] } },
{ "type": "Feature", "properties": { "ID": 2233225306580, "正式名称": "土屋歯科医院", "機関区分": 3, "都道府県コード": 22, "市区町村コード": 205, "所在地": "静岡県熱海市下多賀９０６－５", "緯度": 35.049446, "経度": 139.071016, "url": "https://www.iryou.teikyouseido.mhlw.go.jp/znk-web/juminkanja/S2430/initialize?prefCd=22&kikanCd=3225306580&kikanKbn=3", "url2": null, "内容": "土屋歯科医院【3:歯科】静岡県熱海市下多賀９０６－５" }, "geometry": { "type": "Point", "coordinates": [ 139.071016, 35.049446 ] } },
{ "type": "Feature", "properties": { "ID": 2233225306610, "正式名称": "石田歯科医院", "機関区分": 3, "都道府県コード": 22, "市区町村コード": 205, "所在地": "静岡県熱海市水口町４－１８", "緯度": 35.097274, "経度": 139.068375, "url": "https://www.iryou.teikyouseido.mhlw.go.jp/znk-web/juminkanja/S2430/initialize?prefCd=22&kikanCd=3225306610&kikanKbn=3", "url2": "www.ishida-shika.info/", "内容": "石田歯科医院【3:歯科】静岡県熱海市水口町４－１８" }, "geometry": { "type": "Point", "coordinates": [ 139.068375, 35.097274 ] } },
{ "type": "Feature", "properties": { "ID": 2233225306740, "正式名称": "下村歯科医院", "機関区分": 3, "都道府県コード": 22, "市区町村コード": 208, "所在地": "静岡県伊東市吉田４０４", "緯度": 34.936114, "経度": 139.120621, "url": "https://www.iryou.teikyouseido.mhlw.go.jp/znk-web/juminkanja/S2430/initialize?prefCd=22&kikanCd=3225306740&kikanKbn=3", "url2": null, "内容": "下村歯科医院【3:歯科】静岡県伊東市吉田４０４" }, "geometry": { "type": "Point", "coordinates": [ 139.120621, 34.936114 ] } },
{ "type": "Feature", "properties": { "ID": 2233225306900, "正式名称": "医療法人社団新正会高原歯科医院", "機関区分": 3, "都道府県コード": 22, "市区町村コード": 208, "所在地": "静岡県伊東市富戸１３１７－５１２３", "緯度": 34.902712, "経度": 139.110436, "url": "https://www.iryou.teikyouseido.mhlw.go.jp/znk-web/juminkanja/S2430/initialize?prefCd=22&kikanCd=3225306900&kikanKbn=3", "url2": "http://www.ando-dental.jp", "内容": "医療法人社団新正会高原歯科医院【3:歯科】静岡県伊東市富戸１３１７－５１２３" }, "geometry": { "type": "Point", "coordinates": [ 139.110436, 34.902712 ] } },
{ "type": "Feature", "properties": { "ID": 2233225307040, "正式名称": "立山歯科医院", "機関区分": 3, "都道府県コード": 22, "市区町村コード": 205, "所在地": "静岡県熱海市桃山町１８－１３", "緯度": 35.106384, "経度": 139.079624, "url": "https://www.iryou.teikyouseido.mhlw.go.jp/znk-web/juminkanja/S2430/initialize?prefCd=22&kikanCd=3225307040&kikanKbn=3", "url2": null, "内容": "立山歯科医院【3:歯科】静岡県熱海市桃山町１８－１３" }, "geometry": { "type": "Point", "coordinates": [ 139.079624, 35.106384 ] } },
{ "type": "Feature", "properties": { "ID": 2233225307880, "正式名称": "ホワイト歯科クリニック", "機関区分": 3, "都道府県コード": 22, "市区町村コード": 208, "所在地": "静岡県伊東市竹の内１－５－１３", "緯度": 34.967705, "経度": 139.09574, "url": "https://www.iryou.teikyouseido.mhlw.go.jp/znk-web/juminkanja/S2430/initialize?prefCd=22&kikanCd=3225307880&kikanKbn=3", "url2": null, "内容": "ホワイト歯科クリニック【3:歯科】静岡県伊東市竹の内１－５－１３" }, "geometry": { "type": "Point", "coordinates": [ 139.09574, 34.967705 ] } },
{ "type": "Feature", "properties": { "ID": 2233225308180, "正式名称": "小出歯科医院", "機関区分": 3, "都道府県コード": 22, "市区町村コード": 208, "所在地": "静岡県伊東市桜が丘２－５－８", "緯度": 34.956484, "経度": 139.087769, "url": "https://www.iryou.teikyouseido.mhlw.go.jp/znk-web/juminkanja/S2430/initialize?prefCd=22&kikanCd=3225308180&kikanKbn=3", "url2": null, "内容": "小出歯科医院【3:歯科】静岡県伊東市桜が丘２－５－８" }, "geometry": { "type": "Point", "coordinates": [ 139.087769, 34.956484 ] } },
{ "type": "Feature", "properties": { "ID": 2233225308340, "正式名称": "やまだ歯科医院", "機関区分": 3, "都道府県コード": 22, "市区町村コード": 205, "所在地": "静岡県熱海市清水町６－２７　ニュ－山田ビル　２Ｆ", "緯度": 35.093135, "経度": 139.072431, "url": "https://www.iryou.teikyouseido.mhlw.go.jp/znk-web/juminkanja/S2430/initialize?prefCd=22&kikanCd=3225308340&kikanKbn=3", "url2": "http://yamada-dental.cihp2.jp/", "内容": "やまだ歯科医院【3:歯科】静岡県熱海市清水町６－２７　ニュ－山田ビル　２Ｆ" }, "geometry": { "type": "Point", "coordinates": [ 139.072431, 35.093135 ] } },
{ "type": "Feature", "properties": { "ID": 2233225308920, "正式名称": "菊池歯科医院", "機関区分": 3, "都道府県コード": 22, "市区町村コード": 208, "所在地": "静岡県伊東市吉田１１８－１", "緯度": 34.933765, "経度": 139.12224, "url": "https://www.iryou.teikyouseido.mhlw.go.jp/znk-web/juminkanja/S2430/initialize?prefCd=22&kikanCd=3225308920&kikanKbn=3", "url2": null, "内容": "菊池歯科医院【3:歯科】静岡県伊東市吉田１１８－１" }, "geometry": { "type": "Point", "coordinates": [ 139.12224, 34.933765 ] } },
{ "type": "Feature", "properties": { "ID": 2233225309220, "正式名称": "こあくつ歯科医院", "機関区分": 3, "都道府県コード": 22, "市区町村コード": 205, "所在地": "静岡県熱海市福道町３－１５　ウエルネスビル３Ｆ", "緯度": 35.098385, "経度": 139.066431, "url": "https://www.iryou.teikyouseido.mhlw.go.jp/znk-web/juminkanja/S2430/initialize?prefCd=22&kikanCd=3225309220&kikanKbn=3", "url2": "http:/www.koakutsu-dental.com", "内容": "こあくつ歯科医院【3:歯科】静岡県熱海市福道町３－１５　ウエルネスビル３Ｆ" }, "geometry": { "type": "Point", "coordinates": [ 139.066431, 35.098385 ] } },
{ "type": "Feature", "properties": { "ID": 2233225309480, "正式名称": "エンゼル歯科クリニック", "機関区分": 3, "都道府県コード": 22, "市区町村コード": 208, "所在地": "静岡県伊東市鎌田９５７－１", "緯度": 34.947096, "経度": 139.081853, "url": "https://www.iryou.teikyouseido.mhlw.go.jp/znk-web/juminkanja/S2430/initialize?prefCd=22&kikanCd=3225309480&kikanKbn=3", "url2": "http://www.ito-angel-dental.com", "内容": "エンゼル歯科クリニック【3:歯科】静岡県伊東市鎌田９５７－１" }, "geometry": { "type": "Point", "coordinates": [ 139.081853, 34.947096 ] } },
{ "type": "Feature", "properties": { "ID": 2233225309510, "正式名称": "八幡野歯科診療所", "機関区分": 3, "都道府県コード": 22, "市区町村コード": 208, "所在地": "静岡県伊東市八幡野９８９－３", "緯度": 34.874465, "経度": 139.102827, "url": "https://www.iryou.teikyouseido.mhlw.go.jp/znk-web/juminkanja/S2430/initialize?prefCd=22&kikanCd=3225309510&kikanKbn=3", "url2": null, "内容": "八幡野歯科診療所【3:歯科】静岡県伊東市八幡野９８９－３" }, "geometry": { "type": "Point", "coordinates": [ 139.102827, 34.874465 ] } },
{ "type": "Feature", "properties": { "ID": 2233225309770, "正式名称": "前島歯科医院", "機関区分": 3, "都道府県コード": 22, "市区町村コード": 208, "所在地": "静岡県伊東市玖須美元和田７２７－７１", "緯度": 34.949929, "経度": 139.114712, "url": "https://www.iryou.teikyouseido.mhlw.go.jp/znk-web/juminkanja/S2430/initialize?prefCd=22&kikanCd=3225309770&kikanKbn=3", "url2": null, "内容": "前島歯科医院【3:歯科】静岡県伊東市玖須美元和田７２７－７１" }, "geometry": { "type": "Point", "coordinates": [ 139.114712, 34.949929 ] } },
{ "type": "Feature", "properties": { "ID": 2233225309800, "正式名称": "栄光歯科医院", "機関区分": 3, "都道府県コード": 22, "市区町村コード": 208, "所在地": "静岡県伊東市荻１５２－１", "緯度": 34.936541, "経度": 139.090937, "url": "https://www.iryou.teikyouseido.mhlw.go.jp/znk-web/juminkanja/S2430/initialize?prefCd=22&kikanCd=3225309800&kikanKbn=3", "url2": "http://www.eikou-shika.com", "内容": "栄光歯科医院【3:歯科】静岡県伊東市荻１５２－１" }, "geometry": { "type": "Point", "coordinates": [ 139.090937, 34.936541 ] } },
{ "type": "Feature", "properties": { "ID": 2233225309930, "正式名称": "愛歯科原田診療所", "機関区分": 3, "都道府県コード": 22, "市区町村コード": 205, "所在地": "静岡県熱海市田原本町９－１　熱海第一ビル６Ｆ", "緯度": 35.103357, "経度": 139.079124, "url": "https://www.iryou.teikyouseido.mhlw.go.jp/znk-web/juminkanja/S2430/initialize?prefCd=22&kikanCd=3225309930&kikanKbn=3", "url2": "http://www.aiharada.com", "内容": "愛歯科原田診療所【3:歯科】静岡県熱海市田原本町９－１　熱海第一ビル６Ｆ" }, "geometry": { "type": "Point", "coordinates": [ 139.079124, 35.103357 ] } },
{ "type": "Feature", "properties": { "ID": 2233225310170, "正式名称": "伊東中央歯科医院", "機関区分": 3, "都道府県コード": 22, "市区町村コード": 208, "所在地": "静岡県伊東市中央町９－１", "緯度": 34.972038, "経度": 139.094796, "url": "https://www.iryou.teikyouseido.mhlw.go.jp/znk-web/juminkanja/S2430/initialize?prefCd=22&kikanCd=3225310170&kikanKbn=3", "url2": null, "内容": "伊東中央歯科医院【3:歯科】静岡県伊東市中央町９－１" }, "geometry": { "type": "Point", "coordinates": [ 139.094796, 34.972038 ] } },
{ "type": "Feature", "properties": { "ID": 2233225310330, "正式名称": "富士見歯科医院", "機関区分": 3, "都道府県コード": 22, "市区町村コード": 208, "所在地": "静岡県伊東市玖須美元和田７３０", "緯度": 34.956401, "経度": 139.108184, "url": "https://www.iryou.teikyouseido.mhlw.go.jp/znk-web/juminkanja/S2430/initialize?prefCd=22&kikanCd=3225310330&kikanKbn=3", "url2": null, "内容": "富士見歯科医院【3:歯科】静岡県伊東市玖須美元和田７３０" }, "geometry": { "type": "Point", "coordinates": [ 139.108184, 34.956401 ] } },
{ "type": "Feature", "properties": { "ID": 2233225310460, "正式名称": "医療法人社団　健伸会　はぎわら歯科", "機関区分": 3, "都道府県コード": 22, "市区町村コード": 208, "所在地": "静岡県伊東市八幡野１１９４－３０", "緯度": 34.877048, "経度": 139.103549, "url": "https://www.iryou.teikyouseido.mhlw.go.jp/znk-web/juminkanja/S2430/initialize?prefCd=22&kikanCd=3225310460&kikanKbn=3", "url2": "http://hagiwara-hd.com/", "内容": "医療法人社団　健伸会　はぎわら歯科【3:歯科】静岡県伊東市八幡野１１９４－３０" }, "geometry": { "type": "Point", "coordinates": [ 139.103549, 34.877048 ] } },
{ "type": "Feature", "properties": { "ID": 2233225310620, "正式名称": "みと歯科・矯正歯科", "機関区分": 3, "都道府県コード": 22, "市区町村コード": 205, "所在地": "静岡県熱海市田原本町９－１　熱海第一ビル３Ｆ", "緯度": 35.103357, "経度": 139.079124, "url": "https://www.iryou.teikyouseido.mhlw.go.jp/znk-web/juminkanja/S2430/initialize?prefCd=22&kikanCd=3225310620&kikanKbn=3", "url2": "http://www.mitoshika.net/", "内容": "みと歯科・矯正歯科【3:歯科】静岡県熱海市田原本町９－１　熱海第一ビル３Ｆ" }, "geometry": { "type": "Point", "coordinates": [ 139.079124, 35.103357 ] } },
{ "type": "Feature", "properties": { "ID": 2233225310750, "正式名称": "難波歯科医院", "機関区分": 3, "都道府県コード": 22, "市区町村コード": 208, "所在地": "静岡県伊東市玖須美元和田７２０－１４３　伊東ショッピングプラザデュオ２階", "緯度": 34.948763, "経度": 139.11474, "url": "https://www.iryou.teikyouseido.mhlw.go.jp/znk-web/juminkanja/S2430/initialize?prefCd=22&kikanCd=3225310750&kikanKbn=3", "url2": null, "内容": "難波歯科医院【3:歯科】静岡県伊東市玖須美元和田７２０－１４３　伊東ショッピングプラザデュオ２階" }, "geometry": { "type": "Point", "coordinates": [ 139.11474, 34.948763 ] } },
{ "type": "Feature", "properties": { "ID": 2233225310910, "正式名称": "熱海歯科クリニック", "機関区分": 3, "都道府県コード": 22, "市区町村コード": 205, "所在地": "静岡県熱海市田原本町４－１６　伊東園ホテル熱海館２Ｆ", "緯度": 35.102023, "経度": 139.076236, "url": "https://www.iryou.teikyouseido.mhlw.go.jp/znk-web/juminkanja/S2430/initialize?prefCd=22&kikanCd=3225310910&kikanKbn=3", "url2": "http://www.atamishika-clinic.com", "内容": "熱海歯科クリニック【3:歯科】静岡県熱海市田原本町４－１６　伊東園ホテル熱海館２Ｆ" }, "geometry": { "type": "Point", "coordinates": [ 139.076236, 35.102023 ] } },
{ "type": "Feature", "properties": { "ID": 2233225311340, "正式名称": "南島歯科医院", "機関区分": 3, "都道府県コード": 22, "市区町村コード": 208, "所在地": "静岡県伊東市吉田７５８－１２", "緯度": 34.942736, "経度": 139.114601, "url": "https://www.iryou.teikyouseido.mhlw.go.jp/znk-web/juminkanja/S2430/initialize?prefCd=22&kikanCd=3225311340&kikanKbn=3", "url2": null, "内容": "南島歯科医院【3:歯科】静岡県伊東市吉田７５８－１２" }, "geometry": { "type": "Point", "coordinates": [ 139.114601, 34.942736 ] } },
{ "type": "Feature", "properties": { "ID": 2233225311470, "正式名称": "医療法人社団青歯会ちゃいるど歯科医院", "機関区分": 3, "都道府県コード": 22, "市区町村コード": 208, "所在地": "静岡県伊東市松原本町１６－１６号", "緯度": 34.973292, "経度": 139.095934, "url": "https://www.iryou.teikyouseido.mhlw.go.jp/znk-web/juminkanja/S2430/initialize?prefCd=22&kikanCd=3225311470&kikanKbn=3", "url2": null, "内容": "医療法人社団青歯会ちゃいるど歯科医院【3:歯科】静岡県伊東市松原本町１６－１６号" }, "geometry": { "type": "Point", "coordinates": [ 139.095934, 34.973292 ] } },
{ "type": "Feature", "properties": { "ID": 2233225311630, "正式名称": "エムアイデンタルクリニック", "機関区分": 3, "都道府県コード": 22, "市区町村コード": 208, "所在地": "静岡県伊東市南町２－３－２３", "緯度": 34.955484, "経度": 139.088547, "url": "https://www.iryou.teikyouseido.mhlw.go.jp/znk-web/juminkanja/S2430/initialize?prefCd=22&kikanCd=3225311630&kikanKbn=3", "url2": "http://www.midc1.com/", "内容": "エムアイデンタルクリニック【3:歯科】静岡県伊東市南町２－３－２３" }, "geometry": { "type": "Point", "coordinates": [ 139.088547, 34.955484 ] } },
{ "type": "Feature", "properties": { "ID": 2233225311760, "正式名称": "野田デンタルクリニック", "機関区分": 3, "都道府県コード": 22, "市区町村コード": 205, "所在地": "静岡県熱海市清水町２１－７　石井ビル", "緯度": 35.094581, "経度": 139.070524, "url": "https://www.iryou.teikyouseido.mhlw.go.jp/znk-web/juminkanja/S2430/initialize?prefCd=22&kikanCd=3225311760&kikanKbn=3", "url2": null, "内容": "野田デンタルクリニック【3:歯科】静岡県熱海市清水町２１－７　石井ビル" }, "geometry": { "type": "Point", "coordinates": [ 139.070524, 35.094581 ] } },
{ "type": "Feature", "properties": { "ID": 2233225312350, "正式名称": "泉デンタルクリニック", "機関区分": 3, "都道府県コード": 22, "市区町村コード": 205, "所在地": "静岡県熱海市泉８２－１", "緯度": 35.142067, "経度": 139.078535, "url": "https://www.iryou.teikyouseido.mhlw.go.jp/znk-web/juminkanja/S2430/initialize?prefCd=22&kikanCd=3225312350&kikanKbn=3", "url2": null, "内容": "泉デンタルクリニック【3:歯科】静岡県熱海市泉８２－１" }, "geometry": { "type": "Point", "coordinates": [ 139.078535, 35.142067 ] } },
{ "type": "Feature", "properties": { "ID": 2233225312510, "正式名称": "みどり歯科クリニック", "機関区分": 3, "都道府県コード": 22, "市区町村コード": 208, "所在地": "静岡県伊東市川奈１２３０－１９　川奈駅前ビル東館２階", "緯度": 34.949712, "経度": 139.122353, "url": "https://www.iryou.teikyouseido.mhlw.go.jp/znk-web/juminkanja/S2430/initialize?prefCd=22&kikanCd=3225312510&kikanKbn=3", "url2": null, "内容": "みどり歯科クリニック【3:歯科】静岡県伊東市川奈１２３０－１９　川奈駅前ビル東館２階" }, "geometry": { "type": "Point", "coordinates": [ 139.122353, 34.949712 ] } },
{ "type": "Feature", "properties": { "ID": 2233225312770, "正式名称": "矢田デンタル", "機関区分": 3, "都道府県コード": 22, "市区町村コード": 205, "所在地": "静岡県熱海市西山町１９－６", "緯度": 35.106654, "経度": 139.063865, "url": "https://www.iryou.teikyouseido.mhlw.go.jp/znk-web/juminkanja/S2430/initialize?prefCd=22&kikanCd=3225312770&kikanKbn=3", "url2": "www.yatadental.com", "内容": "矢田デンタル【3:歯科】静岡県熱海市西山町１９－６" }, "geometry": { "type": "Point", "coordinates": [ 139.063865, 35.106654 ] } },
{ "type": "Feature", "properties": { "ID": 2233225312800, "正式名称": "モモセ歯科クリニック", "機関区分": 3, "都道府県コード": 22, "市区町村コード": 208, "所在地": "静岡県伊東市大原３－１５－２０", "緯度": 34.964481, "経度": 139.104052, "url": "https://www.iryou.teikyouseido.mhlw.go.jp/znk-web/juminkanja/S2430/initialize?prefCd=22&kikanCd=3225312800&kikanKbn=3", "url2": null, "内容": "モモセ歯科クリニック【3:歯科】静岡県伊東市大原３－１５－２０" }, "geometry": { "type": "Point", "coordinates": [ 139.104052, 34.964481 ] } },
{ "type": "Feature", "properties": { "ID": 2233225314080, "正式名称": "医療法人社団アプロデーテ　アヒルデンタルクリニック伊東市在宅訪問歯科プラス", "機関区分": 3, "都道府県コード": 22, "市区町村コード": 208, "所在地": "静岡県伊東市広野１丁目３番２６号　広野ＭＣビル２階", "緯度": 34.962943, "経度": 139.091141, "url": "https://www.iryou.teikyouseido.mhlw.go.jp/znk-web/juminkanja/S2430/initialize?prefCd=22&kikanCd=3225314080&kikanKbn=3", "url2": "https://ahill.aphrodite.or.jp/", "内容": "医療法人社団アプロデーテ　アヒルデンタルクリニック伊東市在宅訪問歯科プラス【3:歯科】静岡県伊東市広野１丁目３番２６号　広野ＭＣビル２階" }, "geometry": { "type": "Point", "coordinates": [ 139.091141, 34.962943 ] } },
{ "type": "Feature", "properties": { "ID": 2233225314110, "正式名称": "Ｒｅｌｙ　Ｄｅｎｔａｌ　Ｃｌｉｎｉｃ", "機関区分": 3, "都道府県コード": 22, "市区町村コード": 205, "所在地": "静岡県熱海市下多賀９３７－２", "緯度": 35.045415, "経度": 139.056459, "url": "https://www.iryou.teikyouseido.mhlw.go.jp/znk-web/juminkanja/S2430/initialize?prefCd=22&kikanCd=3225314110&kikanKbn=3", "url2": null, "内容": "Ｒｅｌｙ　Ｄｅｎｔａｌ　Ｃｌｉｎｉｃ【3:歯科】静岡県熱海市下多賀９３７－２" }, "geometry": { "type": "Point", "coordinates": [ 139.056459, 35.045415 ] } },
{ "type": "Feature", "properties": { "ID": 2233225314240, "正式名称": "グレースデンタルメディカルクリニック熱海", "機関区分": 3, "都道府県コード": 22, "市区町村コード": 205, "所在地": "静岡県熱海市田原本町８－６ハローズ熱海ビル中２階Ｂ１０１号室", "緯度": 35.102763, "経度": 139.078367, "url": "https://www.iryou.teikyouseido.mhlw.go.jp/znk-web/juminkanja/S2430/initialize?prefCd=22&kikanCd=3225314240&kikanKbn=3", "url2": null, "内容": "グレースデンタルメディカルクリニック熱海【3:歯科】静岡県熱海市田原本町８－６ハローズ熱海ビル中２階Ｂ１０１号室" }, "geometry": { "type": "Point", "coordinates": [ 139.078367, 35.102763 ] } },
{ "type": "Feature", "properties": { "ID": 2233225500740, "正式名称": "石井歯科医院", "機関区分": 3, "都道府県コード": 22, "市区町村コード": 222, "所在地": "静岡県伊豆市柏久保１３０２", "緯度": 34.980118, "経度": 138.950641, "url": "https://www.iryou.teikyouseido.mhlw.go.jp/znk-web/juminkanja/S2430/initialize?prefCd=22&kikanCd=3225500740&kikanKbn=3", "url2": null, "内容": "石井歯科医院【3:歯科】静岡県伊豆市柏久保１３０２" }, "geometry": { "type": "Point", "coordinates": [ 138.950641, 34.980118 ] } },
{ "type": "Feature", "properties": { "ID": 2233225501200, "正式名称": "塚本歯科医院", "機関区分": 3, "都道府県コード": 22, "市区町村コード": 225, "所在地": "静岡県伊豆の国市大仁２８２", "緯度": 34.994421, "経度": 138.939724, "url": "https://www.iryou.teikyouseido.mhlw.go.jp/znk-web/juminkanja/S2430/initialize?prefCd=22&kikanCd=3225501200&kikanKbn=3", "url2": null, "内容": "塚本歯科医院【3:歯科】静岡県伊豆の国市大仁２８２" }, "geometry": { "type": "Point", "coordinates": [ 138.939724, 34.994421 ] } },
{ "type": "Feature", "properties": { "ID": 2233225501590, "正式名称": "神田歯科医院", "機関区分": 3, "都道府県コード": 22, "市区町村コード": 225, "所在地": "静岡県伊豆の国市大仁４３７－１", "緯度": 34.995699, "経度": 138.939002, "url": "https://www.iryou.teikyouseido.mhlw.go.jp/znk-web/juminkanja/S2430/initialize?prefCd=22&kikanCd=3225501590&kikanKbn=3", "url2": "http://kandashika.net", "内容": "神田歯科医院【3:歯科】静岡県伊豆の国市大仁４３７－１" }, "geometry": { "type": "Point", "coordinates": [ 138.939002, 34.995699 ] } },
{ "type": "Feature", "properties": { "ID": 2233225502470, "正式名称": "鈴木歯科医院", "機関区分": 3, "都道府県コード": 22, "市区町村コード": 225, "所在地": "静岡県伊豆の国市大仁５３２", "緯度": 34.993227, "経度": 138.938502, "url": "https://www.iryou.teikyouseido.mhlw.go.jp/znk-web/juminkanja/S2430/initialize?prefCd=22&kikanCd=3225502470&kikanKbn=3", "url2": null, "内容": "鈴木歯科医院【3:歯科】静岡県伊豆の国市大仁５３２" }, "geometry": { "type": "Point", "coordinates": [ 138.938502, 34.993227 ] } },
{ "type": "Feature", "properties": { "ID": 2233225502500, "正式名称": "小長谷歯科医院", "機関区分": 3, "都道府県コード": 22, "市区町村コード": 222, "所在地": "静岡県伊豆市土肥２７６５－１１", "緯度": 34.908706, "経度": 138.791879, "url": "https://www.iryou.teikyouseido.mhlw.go.jp/znk-web/juminkanja/S2430/initialize?prefCd=22&kikanCd=3225502500&kikanKbn=3", "url2": null, "内容": "小長谷歯科医院【3:歯科】静岡県伊豆市土肥２７６５－１１" }, "geometry": { "type": "Point", "coordinates": [ 138.791879, 34.908706 ] } },
{ "type": "Feature", "properties": { "ID": 2233225502920, "正式名称": "フジ歯科医院", "機関区分": 3, "都道府県コード": 22, "市区町村コード": 222, "所在地": "静岡県伊豆市城６１－７", "緯度": 34.959448, "経度": 138.99658, "url": "https://www.iryou.teikyouseido.mhlw.go.jp/znk-web/juminkanja/S2430/initialize?prefCd=22&kikanCd=3225502920&kikanKbn=3", "url2": "http://www2.wbs.ne.jp/~fj-dent/", "内容": "フジ歯科医院【3:歯科】静岡県伊豆市城６１－７" }, "geometry": { "type": "Point", "coordinates": [ 138.99658, 34.959448 ] } },
{ "type": "Feature", "properties": { "ID": 2233225503350, "正式名称": "宮内歯科医院", "機関区分": 3, "都道府県コード": 22, "市区町村コード": 222, "所在地": "静岡県伊豆市大平１６０－１３", "緯度": 34.959897, "経度": 138.937226, "url": "https://www.iryou.teikyouseido.mhlw.go.jp/znk-web/juminkanja/S2430/initialize?prefCd=22&kikanCd=3225503350&kikanKbn=3", "url2": null, "内容": "宮内歯科医院【3:歯科】静岡県伊豆市大平１６０－１３" }, "geometry": { "type": "Point", "coordinates": [ 138.937226, 34.959897 ] } },
{ "type": "Feature", "properties": { "ID": 2233225503640, "正式名称": "森田歯科医院", "機関区分": 3, "都道府県コード": 22, "市区町村コード": 203, "所在地": "静岡県沼津市戸田１５７４－１７", "緯度": 34.970644, "経度": 138.792849, "url": "https://www.iryou.teikyouseido.mhlw.go.jp/znk-web/juminkanja/S2430/initialize?prefCd=22&kikanCd=3225503640&kikanKbn=3", "url2": null, "内容": "森田歯科医院【3:歯科】静岡県沼津市戸田１５７４－１７" }, "geometry": { "type": "Point", "coordinates": [ 138.792849, 34.970644 ] } },
{ "type": "Feature", "properties": { "ID": 2233225503800, "正式名称": "柿宇土歯科医院", "機関区分": 3, "都道府県コード": 22, "市区町村コード": 222, "所在地": "静岡県伊豆市修善寺７６３－１", "緯度": 34.971674, "経度": 138.93067, "url": "https://www.iryou.teikyouseido.mhlw.go.jp/znk-web/juminkanja/S2430/initialize?prefCd=22&kikanCd=3225503800&kikanKbn=3", "url2": null, "内容": "柿宇土歯科医院【3:歯科】静岡県伊豆市修善寺７６３－１" }, "geometry": { "type": "Point", "coordinates": [ 138.93067, 34.971674 ] } },
{ "type": "Feature", "properties": { "ID": 2233225503930, "正式名称": "梅原歯科医院", "機関区分": 3, "都道府県コード": 22, "市区町村コード": 225, "所在地": "静岡県伊豆の国市大仁８８１", "緯度": 34.990005, "経度": 138.938474, "url": "https://www.iryou.teikyouseido.mhlw.go.jp/znk-web/juminkanja/S2430/initialize?prefCd=22&kikanCd=3225503930&kikanKbn=3", "url2": null, "内容": "梅原歯科医院【3:歯科】静岡県伊豆の国市大仁８８１" }, "geometry": { "type": "Point", "coordinates": [ 138.938474, 34.990005 ] } },
{ "type": "Feature", "properties": { "ID": 2233225504100, "正式名称": "あぶの歯科", "機関区分": 3, "都道府県コード": 22, "市区町村コード": 222, "所在地": "静岡県伊豆市修善寺２６", "緯度": 34.98284, "経度": 138.948474, "url": "https://www.iryou.teikyouseido.mhlw.go.jp/znk-web/juminkanja/S2430/initialize?prefCd=22&kikanCd=3225504100&kikanKbn=3", "url2": null, "内容": "あぶの歯科【3:歯科】静岡県伊豆市修善寺２６" }, "geometry": { "type": "Point", "coordinates": [ 138.948474, 34.98284 ] } },
{ "type": "Feature", "properties": { "ID": 2233225504360, "正式名称": "山田歯科医院", "機関区分": 3, "都道府県コード": 22, "市区町村コード": 203, "所在地": "静岡県沼津市戸田５２２", "緯度": 34.969671, "経度": 138.7776, "url": "https://www.iryou.teikyouseido.mhlw.go.jp/znk-web/juminkanja/S2430/initialize?prefCd=22&kikanCd=3225504360&kikanKbn=3", "url2": null, "内容": "山田歯科医院【3:歯科】静岡県沼津市戸田５２２" }, "geometry": { "type": "Point", "coordinates": [ 138.7776, 34.969671 ] } },
{ "type": "Feature", "properties": { "ID": 2233225600220, "正式名称": "旭歯科医院", "機関区分": 3, "都道府県コード": 22, "市区町村コード": 203, "所在地": "静岡県沼津市末広町６７", "緯度": 35.09752, "経度": 138.854699, "url": "https://www.iryou.teikyouseido.mhlw.go.jp/znk-web/juminkanja/S2430/initialize?prefCd=22&kikanCd=3225600220&kikanKbn=3", "url2": "https://www.asahi-sikaiin.com", "内容": "旭歯科医院【3:歯科】静岡県沼津市末広町６７" }, "geometry": { "type": "Point", "coordinates": [ 138.854699, 35.09752 ] } },
{ "type": "Feature", "properties": { "ID": 2233225600510, "正式名称": "石渡歯科クリニック", "機関区分": 3, "都道府県コード": 22, "市区町村コード": 203, "所在地": "静岡県沼津市東椎路８８－１１", "緯度": 35.122267, "経度": 138.844226, "url": "https://www.iryou.teikyouseido.mhlw.go.jp/znk-web/juminkanja/S2430/initialize?prefCd=22&kikanCd=3225600510&kikanKbn=3", "url2": "http://ishiwata-denntal.com/", "内容": "石渡歯科クリニック【3:歯科】静岡県沼津市東椎路８８－１１" }, "geometry": { "type": "Point", "coordinates": [ 138.844226, 35.122267 ] } },
{ "type": "Feature", "properties": { "ID": 2233225600930, "正式名称": "小野歯科医院", "機関区分": 3, "都道府県コード": 22, "市区町村コード": 203, "所在地": "静岡県沼津市高島町８－１", "緯度": 35.10488, "経度": 138.860115, "url": "https://www.iryou.teikyouseido.mhlw.go.jp/znk-web/juminkanja/S2430/initialize?prefCd=22&kikanCd=3225600930&kikanKbn=3", "url2": null, "内容": "小野歯科医院【3:歯科】静岡県沼津市高島町８－１" }, "geometry": { "type": "Point", "coordinates": [ 138.860115, 35.10488 ] } },
{ "type": "Feature", "properties": { "ID": 2233225601940, "正式名称": "ソデ歯科医院", "機関区分": 3, "都道府県コード": 22, "市区町村コード": 203, "所在地": "静岡県沼津市高島町２７－１１", "緯度": 35.105797, "経度": 138.85792, "url": "https://www.iryou.teikyouseido.mhlw.go.jp/znk-web/juminkanja/S2430/initialize?prefCd=22&kikanCd=3225601940&kikanKbn=3", "url2": null, "内容": "ソデ歯科医院【3:歯科】静岡県沼津市高島町２７－１１" }, "geometry": { "type": "Point", "coordinates": [ 138.85792, 35.105797 ] } },
{ "type": "Feature", "properties": { "ID": 2233225602240, "正式名称": "津野歯科医院", "機関区分": 3, "都道府県コード": 22, "市区町村コード": 203, "所在地": "静岡県沼津市大岡２２７５－６", "緯度": 35.114991, "経度": 138.878751, "url": "https://www.iryou.teikyouseido.mhlw.go.jp/znk-web/juminkanja/S2430/initialize?prefCd=22&kikanCd=3225602240&kikanKbn=3", "url2": "tsuno-dc.com", "内容": "津野歯科医院【3:歯科】静岡県沼津市大岡２２７５－６" }, "geometry": { "type": "Point", "coordinates": [ 138.878751, 35.114991 ] } },
{ "type": "Feature", "properties": { "ID": 2233225602530, "正式名称": "長尾歯科医院", "機関区分": 3, "都道府県コード": 22, "市区町村コード": 203, "所在地": "静岡県沼津市上香貫宮原町１５０５", "緯度": 35.087383, "経度": 138.871059, "url": "https://www.iryou.teikyouseido.mhlw.go.jp/znk-web/juminkanja/S2430/initialize?prefCd=22&kikanCd=3225602530&kikanKbn=3", "url2": null, "内容": "長尾歯科医院【3:歯科】静岡県沼津市上香貫宮原町１５０５" }, "geometry": { "type": "Point", "coordinates": [ 138.871059, 35.087383 ] } },
{ "type": "Feature", "properties": { "ID": 2233225603540, "正式名称": "西家歯科医院", "機関区分": 3, "都道府県コード": 22, "市区町村コード": 203, "所在地": "静岡県沼津市原１９８", "緯度": 35.125238, "経度": 138.797758, "url": "https://www.iryou.teikyouseido.mhlw.go.jp/znk-web/juminkanja/S2430/initialize?prefCd=22&kikanCd=3225603540&kikanKbn=3", "url2": null, "内容": "西家歯科医院【3:歯科】静岡県沼津市原１９８" }, "geometry": { "type": "Point", "coordinates": [ 138.797758, 35.125238 ] } },
{ "type": "Feature", "properties": { "ID": 2233225603700, "正式名称": "牛臥歯科診療所", "機関区分": 3, "都道府県コード": 22, "市区町村コード": 203, "所在地": "静岡県沼津市下香貫塩場３０７９－１１", "緯度": 35.077661, "経度": 138.86781, "url": "https://www.iryou.teikyouseido.mhlw.go.jp/znk-web/juminkanja/S2430/initialize?prefCd=22&kikanCd=3225603700&kikanKbn=3", "url2": null, "内容": "牛臥歯科診療所【3:歯科】静岡県沼津市下香貫塩場３０７９－１１" }, "geometry": { "type": "Point", "coordinates": [ 138.86781, 35.077661 ] } },
{ "type": "Feature", "properties": { "ID": 2233225604000, "正式名称": "笹本歯科", "機関区分": 3, "都道府県コード": 22, "市区町村コード": 203, "所在地": "静岡県沼津市大手町５－６－７　大手町トラストビル　５Ｆ", "緯度": 35.099548, "経度": 138.857893, "url": "https://www.iryou.teikyouseido.mhlw.go.jp/znk-web/juminkanja/S2430/initialize?prefCd=22&kikanCd=3225604000&kikanKbn=3", "url2": null, "内容": "笹本歯科【3:歯科】静岡県沼津市大手町５－６－７　大手町トラストビル　５Ｆ" }, "geometry": { "type": "Point", "coordinates": [ 138.857893, 35.099548 ] } },
{ "type": "Feature", "properties": { "ID": 2233225604390, "正式名称": "黒木歯科診療所", "機関区分": 3, "都道府県コード": 22, "市区町村コード": 203, "所在地": "静岡県沼津市本郷町２２－１８", "緯度": 35.092132, "経度": 138.870337, "url": "https://www.iryou.teikyouseido.mhlw.go.jp/znk-web/juminkanja/S2430/initialize?prefCd=22&kikanCd=3225604390&kikanKbn=3", "url2": "http://kurokisika.o.oo7.jp/", "内容": "黒木歯科診療所【3:歯科】静岡県沼津市本郷町２２－１８" }, "geometry": { "type": "Point", "coordinates": [ 138.870337, 35.092132 ] } },
{ "type": "Feature", "properties": { "ID": 2233225604420, "正式名称": "庵原歯科医院", "機関区分": 3, "都道府県コード": 22, "市区町村コード": 203, "所在地": "静岡県沼津市添地町１４９", "緯度": 35.100825, "経度": 138.856865, "url": "https://www.iryou.teikyouseido.mhlw.go.jp/znk-web/juminkanja/S2430/initialize?prefCd=22&kikanCd=3225604420&kikanKbn=3", "url2": null, "内容": "庵原歯科医院【3:歯科】静岡県沼津市添地町１４９" }, "geometry": { "type": "Point", "coordinates": [ 138.856865, 35.100825 ] } },
{ "type": "Feature", "properties": { "ID": 2233225604970, "正式名称": "中央歯科医院", "機関区分": 3, "都道府県コード": 22, "市区町村コード": 203, "所在地": "静岡県沼津市末広町２８ー２", "緯度": 35.097714, "経度": 138.853838, "url": "https://www.iryou.teikyouseido.mhlw.go.jp/znk-web/juminkanja/S2430/initialize?prefCd=22&kikanCd=3225604970&kikanKbn=3", "url2": "http://www.chuo-shika.jp/", "内容": "中央歯科医院【3:歯科】静岡県沼津市末広町２８ー２" }, "geometry": { "type": "Point", "coordinates": [ 138.853838, 35.097714 ] } },
{ "type": "Feature", "properties": { "ID": 2233225605010, "正式名称": "浅井歯科医院", "機関区分": 3, "都道府県コード": 22, "市区町村コード": 203, "所在地": "静岡県沼津市浅間町２５１", "緯度": 35.09427, "経度": 138.855365, "url": "https://www.iryou.teikyouseido.mhlw.go.jp/znk-web/juminkanja/S2430/initialize?prefCd=22&kikanCd=3225605010&kikanKbn=3", "url2": null, "内容": "浅井歯科医院【3:歯科】静岡県沼津市浅間町２５１" }, "geometry": { "type": "Point", "coordinates": [ 138.855365, 35.09427 ] } },
{ "type": "Feature", "properties": { "ID": 2233225605140, "正式名称": "鈴木歯科医院", "機関区分": 3, "都道府県コード": 22, "市区町村コード": 203, "所在地": "静岡県沼津市吉田町２８－２６", "緯度": 35.093604, "経度": 138.861698, "url": "https://www.iryou.teikyouseido.mhlw.go.jp/znk-web/juminkanja/S2430/initialize?prefCd=22&kikanCd=3225605140&kikanKbn=3", "url2": null, "内容": "鈴木歯科医院【3:歯科】静岡県沼津市吉田町２８－２６" }, "geometry": { "type": "Point", "coordinates": [ 138.861698, 35.093604 ] } },
{ "type": "Feature", "properties": { "ID": 2233225605270, "正式名称": "中島歯科医院", "機関区分": 3, "都道府県コード": 22, "市区町村コード": 203, "所在地": "静岡県沼津市三園町９－１４", "緯度": 35.087855, "経度": 138.865754, "url": "https://www.iryou.teikyouseido.mhlw.go.jp/znk-web/juminkanja/S2430/initialize?prefCd=22&kikanCd=3225605270&kikanKbn=3", "url2": "nakajimashika.JP", "内容": "中島歯科医院【3:歯科】静岡県沼津市三園町９－１４" }, "geometry": { "type": "Point", "coordinates": [ 138.865754, 35.087855 ] } },
{ "type": "Feature", "properties": { "ID": 2233225605300, "正式名称": "ＫＬＴ川口メモリアル歯科", "機関区分": 3, "都道府県コード": 22, "市区町村コード": 203, "所在地": "静岡県沼津市大手町３－２－２０　サンフォーレビル　３０１", "緯度": 35.101742, "経度": 138.860642, "url": "https://www.iryou.teikyouseido.mhlw.go.jp/znk-web/juminkanja/S2430/initialize?prefCd=22&kikanCd=3225605300&kikanKbn=3", "url2": "http://www.klt-implant.net/", "内容": "ＫＬＴ川口メモリアル歯科【3:歯科】静岡県沼津市大手町３－２－２０　サンフォーレビル　３０１" }, "geometry": { "type": "Point", "coordinates": [ 138.860642, 35.101742 ] } },
{ "type": "Feature", "properties": { "ID": 2233225605560, "正式名称": "川口歯科医院", "機関区分": 3, "都道府県コード": 22, "市区町村コード": 203, "所在地": "静岡県沼津市高島町２１－２　川口歯科ビル", "緯度": 35.104714, "経度": 138.857893, "url": "https://www.iryou.teikyouseido.mhlw.go.jp/znk-web/juminkanja/S2430/initialize?prefCd=22&kikanCd=3225605560&kikanKbn=3", "url2": null, "内容": "川口歯科医院【3:歯科】静岡県沼津市高島町２１－２　川口歯科ビル" }, "geometry": { "type": "Point", "coordinates": [ 138.857893, 35.104714 ] } },
{ "type": "Feature", "properties": { "ID": 2233225606150, "正式名称": "芹澤歯科医院", "機関区分": 3, "都道府県コード": 22, "市区町村コード": 203, "所在地": "静岡県沼津市大岡１９６２", "緯度": 35.11488, "経度": 138.868613, "url": "https://www.iryou.teikyouseido.mhlw.go.jp/znk-web/juminkanja/S2430/initialize?prefCd=22&kikanCd=3225606150&kikanKbn=3", "url2": "http://www.serizawashika.com", "内容": "芹澤歯科医院【3:歯科】静岡県沼津市大岡１９６２" }, "geometry": { "type": "Point", "coordinates": [ 138.868613, 35.11488 ] } },
{ "type": "Feature", "properties": { "ID": 2233225606310, "正式名称": "はせがわ歯科", "機関区分": 3, "都道府県コード": 22, "市区町村コード": 203, "所在地": "静岡県沼津市三枚橋日ノ出町３８３－８", "緯度": 35.110491, "経度": 138.867753, "url": "https://www.iryou.teikyouseido.mhlw.go.jp/znk-web/juminkanja/S2430/initialize?prefCd=22&kikanCd=3225606310&kikanKbn=3", "url2": "dc-hase.com", "内容": "はせがわ歯科【3:歯科】静岡県沼津市三枚橋日ノ出町３８３－８" }, "geometry": { "type": "Point", "coordinates": [ 138.867753, 35.110491 ] } },
{ "type": "Feature", "properties": { "ID": 2233225607030, "正式名称": "鈴木歯科医院", "機関区分": 3, "都道府県コード": 22, "市区町村コード": 203, "所在地": "静岡県沼津市北高島町４－１１　杉ビル２Ｆ", "緯度": 35.112157, "経度": 138.859503, "url": "https://www.iryou.teikyouseido.mhlw.go.jp/znk-web/juminkanja/S2430/initialize?prefCd=22&kikanCd=3225607030&kikanKbn=3", "url2": null, "内容": "鈴木歯科医院【3:歯科】静岡県沼津市北高島町４－１１　杉ビル２Ｆ" }, "geometry": { "type": "Point", "coordinates": [ 138.859503, 35.112157 ] } },
{ "type": "Feature", "properties": { "ID": 2233225607160, "正式名称": "植松歯科医院", "機関区分": 3, "都道府県コード": 22, "市区町村コード": 203, "所在地": "静岡県沼津市若葉町１７－２７", "緯度": 35.120379, "経度": 138.856642, "url": "https://www.iryou.teikyouseido.mhlw.go.jp/znk-web/juminkanja/S2430/initialize?prefCd=22&kikanCd=3225607160&kikanKbn=3", "url2": "http://nttbj.itp.ne.jp/0559243535/index.html", "内容": "植松歯科医院【3:歯科】静岡県沼津市若葉町１７－２７" }, "geometry": { "type": "Point", "coordinates": [ 138.856642, 35.120379 ] } },
{ "type": "Feature", "properties": { "ID": 2233225607290, "正式名称": "野口歯科医院", "機関区分": 3, "都道府県コード": 22, "市区町村コード": 203, "所在地": "静岡県沼津市三枚橋町６－５", "緯度": 35.100848, "経度": 138.863248, "url": "https://www.iryou.teikyouseido.mhlw.go.jp/znk-web/juminkanja/S2430/initialize?prefCd=22&kikanCd=3225607290&kikanKbn=3", "url2": "noguchidentalclinic.ci-hp.jp", "内容": "野口歯科医院【3:歯科】静岡県沼津市三枚橋町６－５" }, "geometry": { "type": "Point", "coordinates": [ 138.863248, 35.100848 ] } },
{ "type": "Feature", "properties": { "ID": 2233225607320, "正式名称": "ごとう歯科医院", "機関区分": 3, "都道府県コード": 22, "市区町村コード": 203, "所在地": "静岡県沼津市原１４１８－４５", "緯度": 35.129127, "経度": 138.805812, "url": "https://www.iryou.teikyouseido.mhlw.go.jp/znk-web/juminkanja/S2430/initialize?prefCd=22&kikanCd=3225607320&kikanKbn=3", "url2": null, "内容": "ごとう歯科医院【3:歯科】静岡県沼津市原１４１８－４５" }, "geometry": { "type": "Point", "coordinates": [ 138.805812, 35.129127 ] } },
{ "type": "Feature", "properties": { "ID": 2233225607580, "正式名称": "土屋歯科医院", "機関区分": 3, "都道府県コード": 22, "市区町村コード": 203, "所在地": "静岡県沼津市大岡１１４２－１", "緯度": 35.103964, "経度": 138.881752, "url": "https://www.iryou.teikyouseido.mhlw.go.jp/znk-web/juminkanja/S2430/initialize?prefCd=22&kikanCd=3225607580&kikanKbn=3", "url2": "https://tsuchiya-shika.com/", "内容": "土屋歯科医院【3:歯科】静岡県沼津市大岡１１４２－１" }, "geometry": { "type": "Point", "coordinates": [ 138.881752, 35.103964 ] } },
{ "type": "Feature", "properties": { "ID": 2233225607740, "正式名称": "くわはら矯正歯科医院", "機関区分": 3, "都道府県コード": 22, "市区町村コード": 203, "所在地": "静岡県沼津市大手町５－５－３　森田ビル５階", "緯度": 35.099631, "経度": 138.858615, "url": "https://www.iryou.teikyouseido.mhlw.go.jp/znk-web/juminkanja/S2430/initialize?prefCd=22&kikanCd=3225607740&kikanKbn=3", "url2": "http://kuwaharaortho.muse.weblife.me/index.html", "内容": "くわはら矯正歯科医院【3:歯科】静岡県沼津市大手町５－５－３　森田ビル５階" }, "geometry": { "type": "Point", "coordinates": [ 138.858615, 35.099631 ] } },
{ "type": "Feature", "properties": { "ID": 2233225608200, "正式名称": "サクラ歯科", "機関区分": 3, "都道府県コード": 22, "市区町村コード": 206, "所在地": "静岡県三島市大社町８－３０", "緯度": 35.120435, "経度": 138.922414, "url": "https://www.iryou.teikyouseido.mhlw.go.jp/znk-web/juminkanja/S2430/initialize?prefCd=22&kikanCd=3225608200&kikanKbn=3", "url2": null, "内容": "サクラ歯科【3:歯科】静岡県三島市大社町８－３０" }, "geometry": { "type": "Point", "coordinates": [ 138.922414, 35.120435 ] } },
{ "type": "Feature", "properties": { "ID": 2233225608590, "正式名称": "星山歯科医院", "機関区分": 3, "都道府県コード": 22, "市区町村コード": 206, "所在地": "静岡県三島市東本町１－１０－３１", "緯度": 35.11638, "経度": 138.92097, "url": "https://www.iryou.teikyouseido.mhlw.go.jp/znk-web/juminkanja/S2430/initialize?prefCd=22&kikanCd=3225608590&kikanKbn=3", "url2": null, "内容": "星山歯科医院【3:歯科】静岡県三島市東本町１－１０－３１" }, "geometry": { "type": "Point", "coordinates": [ 138.92097, 35.11638 ] } },
{ "type": "Feature", "properties": { "ID": 2233225608620, "正式名称": "竹花歯科医院", "機関区分": 3, "都道府県コード": 22, "市区町村コード": 206, "所在地": "静岡県三島市東本町１－１３－２３", "緯度": 35.115797, "経度": 138.923109, "url": "https://www.iryou.teikyouseido.mhlw.go.jp/znk-web/juminkanja/S2430/initialize?prefCd=22&kikanCd=3225608620&kikanKbn=3", "url2": "http://www.j-dent.com/noriko_t/", "内容": "竹花歯科医院【3:歯科】静岡県三島市東本町１－１３－２３" }, "geometry": { "type": "Point", "coordinates": [ 138.923109, 35.115797 ] } },
{ "type": "Feature", "properties": { "ID": 2233225609180, "正式名称": "長野歯科医院", "機関区分": 3, "都道府県コード": 22, "市区町村コード": 206, "所在地": "静岡県三島市芝本町５－２９", "緯度": 35.12213, "経度": 138.914415, "url": "https://www.iryou.teikyouseido.mhlw.go.jp/znk-web/juminkanja/S2430/initialize?prefCd=22&kikanCd=3225609180&kikanKbn=3", "url2": null, "内容": "長野歯科医院【3:歯科】静岡県三島市芝本町５－２９" }, "geometry": { "type": "Point", "coordinates": [ 138.914415, 35.12213 ] } },
{ "type": "Feature", "properties": { "ID": 2233225609630, "正式名称": "医療法人矯仁会浅井歯科診療所", "機関区分": 3, "都道府県コード": 22, "市区町村コード": 206, "所在地": "静岡県三島市本町２－９", "緯度": 35.120296, "経度": 138.914498, "url": "https://www.iryou.teikyouseido.mhlw.go.jp/znk-web/juminkanja/S2430/initialize?prefCd=22&kikanCd=3225609630&kikanKbn=3", "url2": "http://www.asaishika.com/", "内容": "医療法人矯仁会浅井歯科診療所【3:歯科】静岡県三島市本町２－９" }, "geometry": { "type": "Point", "coordinates": [ 138.914498, 35.120296 ] } },
{ "type": "Feature", "properties": { "ID": 2233225609890, "正式名称": "田中歯科医院", "機関区分": 3, "都道府県コード": 22, "市区町村コード": 206, "所在地": "静岡県三島市本町８－３４", "緯度": 35.118824, "経度": 138.912748, "url": "https://www.iryou.teikyouseido.mhlw.go.jp/znk-web/juminkanja/S2430/initialize?prefCd=22&kikanCd=3225609890&kikanKbn=3", "url2": "http://www.tanaka-sika.net/", "内容": "田中歯科医院【3:歯科】静岡県三島市本町８－３４" }, "geometry": { "type": "Point", "coordinates": [ 138.912748, 35.118824 ] } },
{ "type": "Feature", "properties": { "ID": 2233225609920, "正式名称": "栗原歯科医院", "機関区分": 3, "都道府県コード": 22, "市区町村コード": 206, "所在地": "静岡県三島市中央町１－３１", "緯度": 35.119297, "経度": 138.916693, "url": "https://www.iryou.teikyouseido.mhlw.go.jp/znk-web/juminkanja/S2430/initialize?prefCd=22&kikanCd=3225609920&kikanKbn=3", "url2": null, "内容": "栗原歯科医院【3:歯科】静岡県三島市中央町１－３１" }, "geometry": { "type": "Point", "coordinates": [ 138.916693, 35.119297 ] } },
{ "type": "Feature", "properties": { "ID": 2233225610450, "正式名称": "小野歯科医院", "機関区分": 3, "都道府県コード": 22, "市区町村コード": 206, "所在地": "静岡県三島市加屋町３－１５", "緯度": 35.116074, "経度": 138.904388, "url": "https://www.iryou.teikyouseido.mhlw.go.jp/znk-web/juminkanja/S2430/initialize?prefCd=22&kikanCd=3225610450&kikanKbn=3", "url2": null, "内容": "小野歯科医院【3:歯科】静岡県三島市加屋町３－１５" }, "geometry": { "type": "Point", "coordinates": [ 138.904388, 35.116074 ] } },
{ "type": "Feature", "properties": { "ID": 2233225610580, "正式名称": "鈴木歯科クリニック", "機関区分": 3, "都道府県コード": 22, "市区町村コード": 206, "所在地": "静岡県三島市徳倉９２１　遠藤マンション", "緯度": 35.145516, "経度": 138.90972, "url": "https://www.iryou.teikyouseido.mhlw.go.jp/znk-web/juminkanja/S2430/initialize?prefCd=22&kikanCd=3225610580&kikanKbn=3", "url2": null, "内容": "鈴木歯科クリニック【3:歯科】静岡県三島市徳倉９２１　遠藤マンション" }, "geometry": { "type": "Point", "coordinates": [ 138.90972, 35.145516 ] } },
{ "type": "Feature", "properties": { "ID": 2233225610740, "正式名称": "歯科シズオカクリニック", "機関区分": 3, "都道府県コード": 22, "市区町村コード": 206, "所在地": "静岡県三島市泉町１－４０", "緯度": 35.121046, "経度": 138.912304, "url": "https://www.iryou.teikyouseido.mhlw.go.jp/znk-web/juminkanja/S2430/initialize?prefCd=22&kikanCd=3225610740&kikanKbn=3", "url2": "http://www.shika-shizuoka.com/", "内容": "歯科シズオカクリニック【3:歯科】静岡県三島市泉町１－４０" }, "geometry": { "type": "Point", "coordinates": [ 138.912304, 35.121046 ] } },
{ "type": "Feature", "properties": { "ID": 2233225611040, "正式名称": "ヨシダ歯科医院", "機関区分": 3, "都道府県コード": 22, "市区町村コード": 206, "所在地": "静岡県三島市梅名２８４－１２", "緯度": 35.090272, "経度": 138.929748, "url": "https://www.iryou.teikyouseido.mhlw.go.jp/znk-web/juminkanja/S2430/initialize?prefCd=22&kikanCd=3225611040&kikanKbn=3", "url2": null, "内容": "ヨシダ歯科医院【3:歯科】静岡県三島市梅名２８４－１２" }, "geometry": { "type": "Point", "coordinates": [ 138.929748, 35.090272 ] } },
{ "type": "Feature", "properties": { "ID": 2233225611330, "正式名称": "にしはら歯科", "機関区分": 3, "都道府県コード": 22, "市区町村コード": 206, "所在地": "静岡県三島市南町１７－１８", "緯度": 35.111658, "経度": 138.914638, "url": "https://www.iryou.teikyouseido.mhlw.go.jp/znk-web/juminkanja/S2430/initialize?prefCd=22&kikanCd=3225611330&kikanKbn=3", "url2": null, "内容": "にしはら歯科【3:歯科】静岡県三島市南町１７－１８" }, "geometry": { "type": "Point", "coordinates": [ 138.914638, 35.111658 ] } },
{ "type": "Feature", "properties": { "ID": 2233225611620, "正式名称": "中郷歯科医院", "機関区分": 3, "都道府県コード": 22, "市区町村コード": 206, "所在地": "静岡県三島市長伏４２－７", "緯度": 35.090216, "経度": 138.916, "url": "https://www.iryou.teikyouseido.mhlw.go.jp/znk-web/juminkanja/S2430/initialize?prefCd=22&kikanCd=3225611620&kikanKbn=3", "url2": null, "内容": "中郷歯科医院【3:歯科】静岡県三島市長伏４２－７" }, "geometry": { "type": "Point", "coordinates": [ 138.916, 35.090216 ] } },
{ "type": "Feature", "properties": { "ID": 2233225611880, "正式名称": "鈴木歯科医院", "機関区分": 3, "都道府県コード": 22, "市区町村コード": 206, "所在地": "静岡県三島市中央町１－１２", "緯度": 35.118547, "経度": 138.916387, "url": "https://www.iryou.teikyouseido.mhlw.go.jp/znk-web/juminkanja/S2430/initialize?prefCd=22&kikanCd=3225611880&kikanKbn=3", "url2": null, "内容": "鈴木歯科医院【3:歯科】静岡県三島市中央町１－１２" }, "geometry": { "type": "Point", "coordinates": [ 138.916387, 35.118547 ] } },
{ "type": "Feature", "properties": { "ID": 2233225612050, "正式名称": "鈴木歯科医院", "機関区分": 3, "都道府県コード": 22, "市区町村コード": 206, "所在地": "静岡県三島市御園７７－３", "緯度": 35.080384, "経度": 138.921583, "url": "https://www.iryou.teikyouseido.mhlw.go.jp/znk-web/juminkanja/S2430/initialize?prefCd=22&kikanCd=3225612050&kikanKbn=3", "url2": null, "内容": "鈴木歯科医院【3:歯科】静岡県三島市御園７７－３" }, "geometry": { "type": "Point", "coordinates": [ 138.921583, 35.080384 ] } },
{ "type": "Feature", "properties": { "ID": 2233225612210, "正式名称": "芙蓉台デンタルクリニック", "機関区分": 3, "都道府県コード": 22, "市区町村コード": 206, "所在地": "静岡県三島市徳倉８３８－４２", "緯度": 35.150988, "経度": 138.912136, "url": "https://www.iryou.teikyouseido.mhlw.go.jp/znk-web/juminkanja/S2430/initialize?prefCd=22&kikanCd=3225612210&kikanKbn=3", "url2": null, "内容": "芙蓉台デンタルクリニック【3:歯科】静岡県三島市徳倉８３８－４２" }, "geometry": { "type": "Point", "coordinates": [ 138.912136, 35.150988 ] } },
{ "type": "Feature", "properties": { "ID": 2233225612630, "正式名称": "服部歯科医院", "機関区分": 3, "都道府県コード": 22, "市区町村コード": 220, "所在地": "静岡県裾野市佐野１０６９－２", "緯度": 35.17318, "経度": 138.906247, "url": "https://www.iryou.teikyouseido.mhlw.go.jp/znk-web/juminkanja/S2430/initialize?prefCd=22&kikanCd=3225612630&kikanKbn=3", "url2": null, "内容": "服部歯科医院【3:歯科】静岡県裾野市佐野１０６９－２" }, "geometry": { "type": "Point", "coordinates": [ 138.906247, 35.17318 ] } },
{ "type": "Feature", "properties": { "ID": 2233225612890, "正式名称": "しおみ歯科医院", "機関区分": 3, "都道府県コード": 22, "市区町村コード": 220, "所在地": "静岡県裾野市平松５２１－２", "緯度": 35.172124, "経度": 138.907691, "url": "https://www.iryou.teikyouseido.mhlw.go.jp/znk-web/juminkanja/S2430/initialize?prefCd=22&kikanCd=3225612890&kikanKbn=3", "url2": "http://www004.upp.so-net.ne.jp/shiomi/", "内容": "しおみ歯科医院【3:歯科】静岡県裾野市平松５２１－２" }, "geometry": { "type": "Point", "coordinates": [ 138.907691, 35.172124 ] } },
{ "type": "Feature", "properties": { "ID": 2233225612920, "正式名称": "中原歯科医院", "機関区分": 3, "都道府県コード": 22, "市区町村コード": 220, "所在地": "静岡県裾野市佐野８５０", "緯度": 35.179846, "経度": 138.910468, "url": "https://www.iryou.teikyouseido.mhlw.go.jp/znk-web/juminkanja/S2430/initialize?prefCd=22&kikanCd=3225612920&kikanKbn=3", "url2": null, "内容": "中原歯科医院【3:歯科】静岡県裾野市佐野８５０" }, "geometry": { "type": "Point", "coordinates": [ 138.910468, 35.179846 ] } },
{ "type": "Feature", "properties": { "ID": 2233225613480, "正式名称": "室伏歯科医院", "機関区分": 3, "都道府県コード": 22, "市区町村コード": 220, "所在地": "静岡県裾野市公文名２２０－３", "緯度": 35.182262, "経度": 138.920134, "url": "https://www.iryou.teikyouseido.mhlw.go.jp/znk-web/juminkanja/S2430/initialize?prefCd=22&kikanCd=3225613480&kikanKbn=3", "url2": null, "内容": "室伏歯科医院【3:歯科】静岡県裾野市公文名２２０－３" }, "geometry": { "type": "Point", "coordinates": [ 138.920134, 35.182262 ] } },
{ "type": "Feature", "properties": { "ID": 2233225613510, "正式名称": "ホワイト歯科医院", "機関区分": 3, "都道府県コード": 22, "市区町村コード": 220, "所在地": "静岡県裾野市御宿字榎田３６－１", "緯度": 35.200593, "経度": 138.911689, "url": "https://www.iryou.teikyouseido.mhlw.go.jp/znk-web/juminkanja/S2430/initialize?prefCd=22&kikanCd=3225613510&kikanKbn=3", "url2": "https://www.susonowhitedental.com/", "内容": "ホワイト歯科医院【3:歯科】静岡県裾野市御宿字榎田３６－１" }, "geometry": { "type": "Point", "coordinates": [ 138.911689, 35.200593 ] } },
{ "type": "Feature", "properties": { "ID": 2233225613640, "正式名称": "木本歯科", "機関区分": 3, "都道府県コード": 22, "市区町村コード": 225, "所在地": "静岡県伊豆の国市古奈３０５－６", "緯度": 35.033639, "経度": 138.937473, "url": "https://www.iryou.teikyouseido.mhlw.go.jp/znk-web/juminkanja/S2430/initialize?prefCd=22&kikanCd=3225613640&kikanKbn=3", "url2": "http://shika-sugimoto.com/index.html", "内容": "木本歯科【3:歯科】静岡県伊豆の国市古奈３０５－６" }, "geometry": { "type": "Point", "coordinates": [ 138.937473, 35.033639 ] } },
{ "type": "Feature", "properties": { "ID": 2233225613770, "正式名称": "小野歯科医院", "機関区分": 3, "都道府県コード": 22, "市区町村コード": 225, "所在地": "静岡県伊豆の国市長岡１１０２", "緯度": 35.029223, "経度": 138.93289, "url": "https://www.iryou.teikyouseido.mhlw.go.jp/znk-web/juminkanja/S2430/initialize?prefCd=22&kikanCd=3225613770&kikanKbn=3", "url2": null, "内容": "小野歯科医院【3:歯科】静岡県伊豆の国市長岡１１０２" }, "geometry": { "type": "Point", "coordinates": [ 138.93289, 35.029223 ] } },
{ "type": "Feature", "properties": { "ID": 2233225613800, "正式名称": "芹澤歯科医院", "機関区分": 3, "都道府県コード": 22, "市区町村コード": 325, "所在地": "静岡県田方郡函南町塚本９７０", "緯度": 35.079801, "経度": 138.941165, "url": "https://www.iryou.teikyouseido.mhlw.go.jp/znk-web/juminkanja/S2430/initialize?prefCd=22&kikanCd=3225613800&kikanKbn=3", "url2": null, "内容": "芹澤歯科医院【3:歯科】静岡県田方郡函南町塚本９７０" }, "geometry": { "type": "Point", "coordinates": [ 138.941165, 35.079801 ] } },
{ "type": "Feature", "properties": { "ID": 2233225613930, "正式名称": "中條歯科医院", "機関区分": 3, "都道府県コード": 22, "市区町村コード": 325, "所在地": "静岡県田方郡函南町間宮６８５－１", "緯度": 35.085495, "経度": 138.938637, "url": "https://www.iryou.teikyouseido.mhlw.go.jp/znk-web/juminkanja/S2430/initialize?prefCd=22&kikanCd=3225613930&kikanKbn=3", "url2": null, "内容": "中條歯科医院【3:歯科】静岡県田方郡函南町間宮６８５－１" }, "geometry": { "type": "Point", "coordinates": [ 138.938637, 35.085495 ] } },
{ "type": "Feature", "properties": { "ID": 2233225614360, "正式名称": "渡辺歯科医院", "機関区分": 3, "都道府県コード": 22, "市区町村コード": 341, "所在地": "静岡県駿東郡清水町徳倉１６０５－４３", "緯度": 35.087439, "経度": 138.899084, "url": "https://www.iryou.teikyouseido.mhlw.go.jp/znk-web/juminkanja/S2430/initialize?prefCd=22&kikanCd=3225614360&kikanKbn=3", "url2": "watanabe-dc.info", "内容": "渡辺歯科医院【3:歯科】静岡県駿東郡清水町徳倉１６０５－４３" }, "geometry": { "type": "Point", "coordinates": [ 138.899084, 35.087439 ] } },
{ "type": "Feature", "properties": { "ID": 2233225614490, "正式名称": "太田歯科医院", "機関区分": 3, "都道府県コード": 22, "市区町村コード": 341, "所在地": "静岡県駿東郡清水町長沢９５９－２", "緯度": 35.09902, "経度": 138.88689, "url": "https://www.iryou.teikyouseido.mhlw.go.jp/znk-web/juminkanja/S2430/initialize?prefCd=22&kikanCd=3225614490&kikanKbn=3", "url2": null, "内容": "太田歯科医院【3:歯科】静岡県駿東郡清水町長沢９５９－２" }, "geometry": { "type": "Point", "coordinates": [ 138.88689, 35.09902 ] } },
{ "type": "Feature", "properties": { "ID": 2233225614780, "正式名称": "メイヨ歯科医院", "機関区分": 3, "都道府県コード": 22, "市区町村コード": 341, "所在地": "静岡県駿東郡清水町長沢字中台３１１－９", "緯度": 35.103937, "経度": 138.89114, "url": "https://www.iryou.teikyouseido.mhlw.go.jp/znk-web/juminkanja/S2430/initialize?prefCd=22&kikanCd=3225614780&kikanKbn=3", "url2": null, "内容": "メイヨ歯科医院【3:歯科】静岡県駿東郡清水町長沢字中台３１１－９" }, "geometry": { "type": "Point", "coordinates": [ 138.89114, 35.103937 ] } },
{ "type": "Feature", "properties": { "ID": 2233225614810, "正式名称": "大城歯科医院", "機関区分": 3, "都道府県コード": 22, "市区町村コード": 341, "所在地": "静岡県駿東郡清水町新宿８１９－２", "緯度": 35.119907, "経度": 138.904832, "url": "https://www.iryou.teikyouseido.mhlw.go.jp/znk-web/juminkanja/S2430/initialize?prefCd=22&kikanCd=3225614810&kikanKbn=3", "url2": "http://www.ohshiroshika.com/", "内容": "大城歯科医院【3:歯科】静岡県駿東郡清水町新宿８１９－２" }, "geometry": { "type": "Point", "coordinates": [ 138.904832, 35.119907 ] } },
{ "type": "Feature", "properties": { "ID": 2233225615110, "正式名称": "秋山歯科医院", "機関区分": 3, "都道府県コード": 22, "市区町村コード": 342, "所在地": "静岡県駿東郡長泉町下土狩１０４９－１４", "緯度": 35.133407, "経度": 138.894164, "url": "https://www.iryou.teikyouseido.mhlw.go.jp/znk-web/juminkanja/S2430/initialize?prefCd=22&kikanCd=3225615110&kikanKbn=3", "url2": "http://dc-akiyama.com", "内容": "秋山歯科医院【3:歯科】静岡県駿東郡長泉町下土狩１０４９－１４" }, "geometry": { "type": "Point", "coordinates": [ 138.894164, 35.133407 ] } },
{ "type": "Feature", "properties": { "ID": 2233225615240, "正式名称": "池田歯科診療所", "機関区分": 3, "都道府県コード": 22, "市区町村コード": 342, "所在地": "静岡県駿東郡長泉町下土狩１０６－１２", "緯度": 35.123629, "経度": 138.90511, "url": "https://www.iryou.teikyouseido.mhlw.go.jp/znk-web/juminkanja/S2430/initialize?prefCd=22&kikanCd=3225615240&kikanKbn=3", "url2": null, "内容": "池田歯科診療所【3:歯科】静岡県駿東郡長泉町下土狩１０６－１２" }, "geometry": { "type": "Point", "coordinates": [ 138.90511, 35.123629 ] } },
{ "type": "Feature", "properties": { "ID": 2233225615820, "正式名称": "亀井歯科医院", "機関区分": 3, "都道府県コード": 22, "市区町村コード": 203, "所在地": "静岡県沼津市大手町１－１－９", "緯度": 35.102686, "経度": 138.856921, "url": "https://www.iryou.teikyouseido.mhlw.go.jp/znk-web/juminkanja/S2430/initialize?prefCd=22&kikanCd=3225615820&kikanKbn=3", "url2": null, "内容": "亀井歯科医院【3:歯科】静岡県沼津市大手町１－１－９" }, "geometry": { "type": "Point", "coordinates": [ 138.856921, 35.102686 ] } },
{ "type": "Feature", "properties": { "ID": 2233225615950, "正式名称": "ルピア歯科医院", "機関区分": 3, "都道府県コード": 22, "市区町村コード": 325, "所在地": "静岡県田方郡函南町間宮６４３－１", "緯度": 35.080857, "経度": 138.939192, "url": "https://www.iryou.teikyouseido.mhlw.go.jp/znk-web/juminkanja/S2430/initialize?prefCd=22&kikanCd=3225615950&kikanKbn=3", "url2": "http://lupia-dental.com/", "内容": "ルピア歯科医院【3:歯科】静岡県田方郡函南町間宮６４３－１" }, "geometry": { "type": "Point", "coordinates": [ 138.939192, 35.080857 ] } },
{ "type": "Feature", "properties": { "ID": 2233225616120, "正式名称": "ミノベ歯科医院", "機関区分": 3, "都道府県コード": 22, "市区町村コード": 203, "所在地": "静岡県沼津市大手町３－３－２　稲葉大手町ビル　３階", "緯度": 35.101436, "経度": 138.860365, "url": "https://www.iryou.teikyouseido.mhlw.go.jp/znk-web/juminkanja/S2430/initialize?prefCd=22&kikanCd=3225616120&kikanKbn=3", "url2": null, "内容": "ミノベ歯科医院【3:歯科】静岡県沼津市大手町３－３－２　稲葉大手町ビル　３階" }, "geometry": { "type": "Point", "coordinates": [ 138.860365, 35.101436 ] } },
{ "type": "Feature", "properties": { "ID": 2233225616250, "正式名称": "敬愛歯科医院", "機関区分": 3, "都道府県コード": 22, "市区町村コード": 203, "所在地": "静岡県沼津市下香貫下障子３１５１－５　東広ビル２Ｆ", "緯度": 35.084002, "経度": 138.87122, "url": "https://www.iryou.teikyouseido.mhlw.go.jp/znk-web/juminkanja/S2430/initialize?prefCd=22&kikanCd=3225616250&kikanKbn=3", "url2": null, "内容": "敬愛歯科医院【3:歯科】静岡県沼津市下香貫下障子３１５１－５　東広ビル２Ｆ" }, "geometry": { "type": "Point", "coordinates": [ 138.87122, 35.084002 ] } },
{ "type": "Feature", "properties": { "ID": 2233225616830, "正式名称": "堀江歯科医院", "機関区分": 3, "都道府県コード": 22, "市区町村コード": 203, "所在地": "静岡県沼津市三園町２－１１", "緯度": 35.091354, "経度": 138.865615, "url": "https://www.iryou.teikyouseido.mhlw.go.jp/znk-web/juminkanja/S2430/initialize?prefCd=22&kikanCd=3225616830&kikanKbn=3", "url2": "https://horie.cihp2.jp/", "内容": "堀江歯科医院【3:歯科】静岡県沼津市三園町２－１１" }, "geometry": { "type": "Point", "coordinates": [ 138.865615, 35.091354 ] } },
{ "type": "Feature", "properties": { "ID": 2233225617130, "正式名称": "増山歯科医院", "機関区分": 3, "都道府県コード": 22, "市区町村コード": 203, "所在地": "静岡県沼津市添地町１２５", "緯度": 35.101214, "経度": 138.856393, "url": "https://www.iryou.teikyouseido.mhlw.go.jp/znk-web/juminkanja/S2430/initialize?prefCd=22&kikanCd=3225617130&kikanKbn=3", "url2": "http://www.masuyama-shika.com/", "内容": "増山歯科医院【3:歯科】静岡県沼津市添地町１２５" }, "geometry": { "type": "Point", "coordinates": [ 138.856393, 35.101214 ] } },
{ "type": "Feature", "properties": { "ID": 2233225617260, "正式名称": "矢後歯科医院", "機関区分": 3, "都道府県コード": 22, "市区町村コード": 215, "所在地": "静岡県御殿場市萩原７３－１", "緯度": 35.311842, "経度": 138.927617, "url": "https://www.iryou.teikyouseido.mhlw.go.jp/znk-web/juminkanja/S2430/initialize?prefCd=22&kikanCd=3225617260&kikanKbn=3", "url2": "yagoshikaiin.com", "内容": "矢後歯科医院【3:歯科】静岡県御殿場市萩原７３－１" }, "geometry": { "type": "Point", "coordinates": [ 138.927617, 35.311842 ] } },
{ "type": "Feature", "properties": { "ID": 2233225617420, "正式名称": "吉田歯科医院", "機関区分": 3, "都道府県コード": 22, "市区町村コード": 342, "所在地": "静岡県駿東郡長泉町納米里２１１－５", "緯度": 35.145321, "経度": 138.89736, "url": "https://www.iryou.teikyouseido.mhlw.go.jp/znk-web/juminkanja/S2430/initialize?prefCd=22&kikanCd=3225617420&kikanKbn=3", "url2": null, "内容": "吉田歯科医院【3:歯科】静岡県駿東郡長泉町納米里２１１－５" }, "geometry": { "type": "Point", "coordinates": [ 138.89736, 35.145321 ] } },
{ "type": "Feature", "properties": { "ID": 2233225617680, "正式名称": "鈴木歯科医院", "機関区分": 3, "都道府県コード": 22, "市区町村コード": 220, "所在地": "静岡県裾野市平松６２４－２", "緯度": 35.165347, "経度": 138.906691, "url": "https://www.iryou.teikyouseido.mhlw.go.jp/znk-web/juminkanja/S2430/initialize?prefCd=22&kikanCd=3225617680&kikanKbn=3", "url2": null, "内容": "鈴木歯科医院【3:歯科】静岡県裾野市平松６２４－２" }, "geometry": { "type": "Point", "coordinates": [ 138.906691, 35.165347 ] } },
{ "type": "Feature", "properties": { "ID": 2233225617840, "正式名称": "あざみはら歯科医院", "機関区分": 3, "都道府県コード": 22, "市区町村コード": 215, "所在地": "静岡県御殿場市川島田９４４－１", "緯度": 35.2995, "経度": 138.920601, "url": "https://www.iryou.teikyouseido.mhlw.go.jp/znk-web/juminkanja/S2430/initialize?prefCd=22&kikanCd=3225617840&kikanKbn=3", "url2": null, "内容": "あざみはら歯科医院【3:歯科】静岡県御殿場市川島田９４４－１" }, "geometry": { "type": "Point", "coordinates": [ 138.920601, 35.2995 ] } },
{ "type": "Feature", "properties": { "ID": 2233225617970, "正式名称": "平川歯科医院", "機関区分": 3, "都道府県コード": 22, "市区町村コード": 206, "所在地": "静岡県三島市萩３２０－４７", "緯度": 35.152543, "経度": 138.908136, "url": "https://www.iryou.teikyouseido.mhlw.go.jp/znk-web/juminkanja/S2430/initialize?prefCd=22&kikanCd=3225617970&kikanKbn=3", "url2": null, "内容": "平川歯科医院【3:歯科】静岡県三島市萩３２０－４７" }, "geometry": { "type": "Point", "coordinates": [ 138.908136, 35.152543 ] } },
{ "type": "Feature", "properties": { "ID": 2233225618140, "正式名称": "三津間歯科医院", "機関区分": 3, "都道府県コード": 22, "市区町村コード": 203, "所在地": "静岡県沼津市大岡１７５６－３３", "緯度": 35.10527, "経度": 138.873113, "url": "https://www.iryou.teikyouseido.mhlw.go.jp/znk-web/juminkanja/S2430/initialize?prefCd=22&kikanCd=3225618140&kikanKbn=3", "url2": null, "内容": "三津間歯科医院【3:歯科】静岡県沼津市大岡１７５６－３３" }, "geometry": { "type": "Point", "coordinates": [ 138.873113, 35.10527 ] } },
{ "type": "Feature", "properties": { "ID": 2233225618270, "正式名称": "渡辺歯科医院", "機関区分": 3, "都道府県コード": 22, "市区町村コード": 203, "所在地": "静岡県沼津市花園町５－３", "緯度": 35.123268, "経度": 138.869224, "url": "https://www.iryou.teikyouseido.mhlw.go.jp/znk-web/juminkanja/S2430/initialize?prefCd=22&kikanCd=3225618270&kikanKbn=3", "url2": null, "内容": "渡辺歯科医院【3:歯科】静岡県沼津市花園町５－３" }, "geometry": { "type": "Point", "coordinates": [ 138.869224, 35.123268 ] } },
{ "type": "Feature", "properties": { "ID": 2233225618430, "正式名称": "すずき歯科医院", "機関区分": 3, "都道府県コード": 22, "市区町村コード": 344, "所在地": "静岡県駿東郡小山町用沢３１７－９", "緯度": 35.345884, "経度": 138.94418, "url": "https://www.iryou.teikyouseido.mhlw.go.jp/znk-web/juminkanja/S2430/initialize?prefCd=22&kikanCd=3225618430&kikanKbn=3", "url2": null, "内容": "すずき歯科医院【3:歯科】静岡県駿東郡小山町用沢３１７－９" }, "geometry": { "type": "Point", "coordinates": [ 138.94418, 35.345884 ] } },
{ "type": "Feature", "properties": { "ID": 2233225618560, "正式名称": "北岡歯科医院", "機関区分": 3, "都道府県コード": 22, "市区町村コード": 206, "所在地": "静岡県三島市広小路町５－９", "緯度": 35.11913, "経度": 138.910638, "url": "https://www.iryou.teikyouseido.mhlw.go.jp/znk-web/juminkanja/S2430/initialize?prefCd=22&kikanCd=3225618560&kikanKbn=3", "url2": null, "内容": "北岡歯科医院【3:歯科】静岡県三島市広小路町５－９" }, "geometry": { "type": "Point", "coordinates": [ 138.910638, 35.11913 ] } },
{ "type": "Feature", "properties": { "ID": 2233225618980, "正式名称": "あおぞら歯科", "機関区分": 3, "都道府県コード": 22, "市区町村コード": 215, "所在地": "静岡県御殿場市北久原５９３－２", "緯度": 35.314578, "経度": 138.938035, "url": "https://www.iryou.teikyouseido.mhlw.go.jp/znk-web/juminkanja/S2430/initialize?prefCd=22&kikanCd=3225618980&kikanKbn=3", "url2": null, "内容": "あおぞら歯科【3:歯科】静岡県御殿場市北久原５９３－２" }, "geometry": { "type": "Point", "coordinates": [ 138.938035, 35.314578 ] } },
{ "type": "Feature", "properties": { "ID": 2233225619150, "正式名称": "つしま歯科医院", "機関区分": 3, "都道府県コード": 22, "市区町村コード": 325, "所在地": "静岡県田方郡函南町塚本２７６－３　セピアム６０１階Ｂ室", "緯度": 35.079218, "経度": 138.932443, "url": "https://www.iryou.teikyouseido.mhlw.go.jp/znk-web/juminkanja/S2430/initialize?prefCd=22&kikanCd=3225619150&kikanKbn=3", "url2": null, "内容": "つしま歯科医院【3:歯科】静岡県田方郡函南町塚本２７６－３　セピアム６０１階Ｂ室" }, "geometry": { "type": "Point", "coordinates": [ 138.932443, 35.079218 ] } },
{ "type": "Feature", "properties": { "ID": 2233225619440, "正式名称": "大木歯科医院", "機関区分": 3, "都道府県コード": 22, "市区町村コード": 344, "所在地": "静岡県駿東郡小山町藤曲５８４－１２", "緯度": 35.361577, "経度": 138.985787, "url": "https://www.iryou.teikyouseido.mhlw.go.jp/znk-web/juminkanja/S2430/initialize?prefCd=22&kikanCd=3225619440&kikanKbn=3", "url2": null, "内容": "大木歯科医院【3:歯科】静岡県駿東郡小山町藤曲５８４－１２" }, "geometry": { "type": "Point", "coordinates": [ 138.985787, 35.361577 ] } },
{ "type": "Feature", "properties": { "ID": 2233225619570, "正式名称": "飯塚歯科医院", "機関区分": 3, "都道府県コード": 22, "市区町村コード": 220, "所在地": "静岡県裾野市茶畑字境川９５２－６", "緯度": 35.166625, "経度": 138.917107, "url": "https://www.iryou.teikyouseido.mhlw.go.jp/znk-web/juminkanja/S2430/initialize?prefCd=22&kikanCd=3225619570&kikanKbn=3", "url2": null, "内容": "飯塚歯科医院【3:歯科】静岡県裾野市茶畑字境川９５２－６" }, "geometry": { "type": "Point", "coordinates": [ 138.917107, 35.166625 ] } },
{ "type": "Feature", "properties": { "ID": 2233225619730, "正式名称": "山本歯科医院", "機関区分": 3, "都道府県コード": 22, "市区町村コード": 206, "所在地": "静岡県三島市本町５－６", "緯度": 35.120435, "経度": 138.913248, "url": "https://www.iryou.teikyouseido.mhlw.go.jp/znk-web/juminkanja/S2430/initialize?prefCd=22&kikanCd=3225619730&kikanKbn=3", "url2": "https://www.yama-sika.jp/", "内容": "山本歯科医院【3:歯科】静岡県三島市本町５－６" }, "geometry": { "type": "Point", "coordinates": [ 138.913248, 35.120435 ] } },
{ "type": "Feature", "properties": { "ID": 2233225620000, "正式名称": "江塚歯科医院", "機関区分": 3, "都道府県コード": 22, "市区町村コード": 215, "所在地": "静岡県御殿場市中清水２３４－１", "緯度": 35.258946, "経度": 138.915213, "url": "https://www.iryou.teikyouseido.mhlw.go.jp/znk-web/juminkanja/S2430/initialize?prefCd=22&kikanCd=3225620000&kikanKbn=3", "url2": null, "内容": "江塚歯科医院【3:歯科】静岡県御殿場市中清水２３４－１" }, "geometry": { "type": "Point", "coordinates": [ 138.915213, 35.258946 ] } },
{ "type": "Feature", "properties": { "ID": 2233225620130, "正式名称": "わたなべ歯科医院", "機関区分": 3, "都道府県コード": 22, "市区町村コード": 203, "所在地": "静岡県沼津市志下４３０－１", "緯度": 35.061608, "経度": 138.880643, "url": "https://www.iryou.teikyouseido.mhlw.go.jp/znk-web/juminkanja/S2430/initialize?prefCd=22&kikanCd=3225620130&kikanKbn=3", "url2": null, "内容": "わたなべ歯科医院【3:歯科】静岡県沼津市志下４３０－１" }, "geometry": { "type": "Point", "coordinates": [ 138.880643, 35.061608 ] } },
{ "type": "Feature", "properties": { "ID": 2233225620260, "正式名称": "米山デンタルオフィス", "機関区分": 3, "都道府県コード": 22, "市区町村コード": 206, "所在地": "静岡県三島市壱町田５１－１", "緯度": 35.132851, "経度": 138.919664, "url": "https://www.iryou.teikyouseido.mhlw.go.jp/znk-web/juminkanja/S2430/initialize?prefCd=22&kikanCd=3225620260&kikanKbn=3", "url2": null, "内容": "米山デンタルオフィス【3:歯科】静岡県三島市壱町田５１－１" }, "geometry": { "type": "Point", "coordinates": [ 138.919664, 35.132851 ] } },
{ "type": "Feature", "properties": { "ID": 2233225620390, "正式名称": "加茂川歯科医院", "機関区分": 3, "都道府県コード": 22, "市区町村コード": 206, "所在地": "静岡県三島市加茂川町３９７３－２", "緯度": 35.127601, "経度": 138.925525, "url": "https://www.iryou.teikyouseido.mhlw.go.jp/znk-web/juminkanja/S2430/initialize?prefCd=22&kikanCd=3225620390&kikanKbn=3", "url2": null, "内容": "加茂川歯科医院【3:歯科】静岡県三島市加茂川町３９７３－２" }, "geometry": { "type": "Point", "coordinates": [ 138.925525, 35.127601 ] } },
{ "type": "Feature", "properties": { "ID": 2233225620420, "正式名称": "さなだ歯科医院", "機関区分": 3, "都道府県コード": 22, "市区町村コード": 220, "所在地": "静岡県裾野市御宿字坂口１２９１－１", "緯度": 35.211398, "経度": 138.908217, "url": "https://www.iryou.teikyouseido.mhlw.go.jp/znk-web/juminkanja/S2430/initialize?prefCd=22&kikanCd=3225620420&kikanKbn=3", "url2": null, "内容": "さなだ歯科医院【3:歯科】静岡県裾野市御宿字坂口１２９１－１" }, "geometry": { "type": "Point", "coordinates": [ 138.908217, 35.211398 ] } },
{ "type": "Feature", "properties": { "ID": 2233225620550, "正式名称": "おざわ歯科医院", "機関区分": 3, "都道府県コード": 22, "市区町村コード": 203, "所在地": "静岡県沼津市大岡１５４１－４", "緯度": 35.10052, "経度": 138.871753, "url": "https://www.iryou.teikyouseido.mhlw.go.jp/znk-web/juminkanja/S2430/initialize?prefCd=22&kikanCd=3225620550&kikanKbn=3", "url2": "https://ozawashika-numazu.jp", "内容": "おざわ歯科医院【3:歯科】静岡県沼津市大岡１５４１－４" }, "geometry": { "type": "Point", "coordinates": [ 138.871753, 35.10052 ] } },
{ "type": "Feature", "properties": { "ID": 2233225620970, "正式名称": "ふじおか歯科医院", "機関区分": 3, "都道府県コード": 22, "市区町村コード": 215, "所在地": "静岡県御殿場市中山４６６－１", "緯度": 35.254143, "経度": 138.922158, "url": "https://www.iryou.teikyouseido.mhlw.go.jp/znk-web/juminkanja/S2430/initialize?prefCd=22&kikanCd=3225620970&kikanKbn=3", "url2": null, "内容": "ふじおか歯科医院【3:歯科】静岡県御殿場市中山４６６－１" }, "geometry": { "type": "Point", "coordinates": [ 138.922158, 35.254143 ] } },
{ "type": "Feature", "properties": { "ID": 2233225621010, "正式名称": "松永歯科", "機関区分": 3, "都道府県コード": 22, "市区町村コード": 203, "所在地": "静岡県沼津市八幡町２－２", "緯度": 35.099075, "経度": 138.856449, "url": "https://www.iryou.teikyouseido.mhlw.go.jp/znk-web/juminkanja/S2430/initialize?prefCd=22&kikanCd=3225621010&kikanKbn=3", "url2": "http://matsunagashika.dentalmall.jp/", "内容": "松永歯科【3:歯科】静岡県沼津市八幡町２－２" }, "geometry": { "type": "Point", "coordinates": [ 138.856449, 35.099075 ] } },
{ "type": "Feature", "properties": { "ID": 2233225621140, "正式名称": "杉山矯正歯科", "機関区分": 3, "都道府県コード": 22, "市区町村コード": 206, "所在地": "静岡県三島市広小路町１３－４　キミサワ薬局ビル　３Ｆ", "緯度": 35.118658, "経度": 138.911776, "url": "https://www.iryou.teikyouseido.mhlw.go.jp/znk-web/juminkanja/S2430/initialize?prefCd=22&kikanCd=3225621140&kikanKbn=3", "url2": "www.soo6480.com", "内容": "杉山矯正歯科【3:歯科】静岡県三島市広小路町１３－４　キミサワ薬局ビル　３Ｆ" }, "geometry": { "type": "Point", "coordinates": [ 138.911776, 35.118658 ] } },
{ "type": "Feature", "properties": { "ID": 2233225621270, "正式名称": "しんあい歯科医院", "機関区分": 3, "都道府県コード": 22, "市区町村コード": 341, "所在地": "静岡県駿東郡清水町伏見２５０－１９", "緯度": 35.112547, "経度": 138.896639, "url": "https://www.iryou.teikyouseido.mhlw.go.jp/znk-web/juminkanja/S2430/initialize?prefCd=22&kikanCd=3225621270&kikanKbn=3", "url2": null, "内容": "しんあい歯科医院【3:歯科】静岡県駿東郡清水町伏見２５０－１９" }, "geometry": { "type": "Point", "coordinates": [ 138.896639, 35.112547 ] } },
{ "type": "Feature", "properties": { "ID": 2233225621300, "正式名称": "アップル歯科医院", "機関区分": 3, "都道府県コード": 22, "市区町村コード": 203, "所在地": "静岡県沼津市新宿町８－３", "緯度": 35.107436, "経度": 138.859559, "url": "https://www.iryou.teikyouseido.mhlw.go.jp/znk-web/juminkanja/S2430/initialize?prefCd=22&kikanCd=3225621300&kikanKbn=3", "url2": null, "内容": "アップル歯科医院【3:歯科】静岡県沼津市新宿町８－３" }, "geometry": { "type": "Point", "coordinates": [ 138.859559, 35.107436 ] } },
{ "type": "Feature", "properties": { "ID": 2233225621560, "正式名称": "こも池歯科クリニック", "機関区分": 3, "都道府県コード": 22, "市区町村コード": 206, "所在地": "静岡県三島市大宮町３－１－１１", "緯度": 35.124685, "経度": 138.915859, "url": "https://www.iryou.teikyouseido.mhlw.go.jp/znk-web/juminkanja/S2430/initialize?prefCd=22&kikanCd=3225621560&kikanKbn=3", "url2": null, "内容": "こも池歯科クリニック【3:歯科】静岡県三島市大宮町３－１－１１" }, "geometry": { "type": "Point", "coordinates": [ 138.915859, 35.124685 ] } },
{ "type": "Feature", "properties": { "ID": 2233225621850, "正式名称": "遠藤歯科医院", "機関区分": 3, "都道府県コード": 22, "市区町村コード": 206, "所在地": "静岡県三島市佐野１９１", "緯度": 35.168625, "経度": 138.922551, "url": "https://www.iryou.teikyouseido.mhlw.go.jp/znk-web/juminkanja/S2430/initialize?prefCd=22&kikanCd=3225621850&kikanKbn=3", "url2": "http://www10.ocn.ne.jp/~ryu-ou/", "内容": "遠藤歯科医院【3:歯科】静岡県三島市佐野１９１" }, "geometry": { "type": "Point", "coordinates": [ 138.922551, 35.168625 ] } },
{ "type": "Feature", "properties": { "ID": 2233225622150, "正式名称": "原田歯科医院", "機関区分": 3, "都道府県コード": 22, "市区町村コード": 203, "所在地": "静岡県沼津市大塚３２７－３", "緯度": 35.123322, "経度": 138.804368, "url": "https://www.iryou.teikyouseido.mhlw.go.jp/znk-web/juminkanja/S2430/initialize?prefCd=22&kikanCd=3225622150&kikanKbn=3", "url2": null, "内容": "原田歯科医院【3:歯科】静岡県沼津市大塚３２７－３" }, "geometry": { "type": "Point", "coordinates": [ 138.804368, 35.123322 ] } },
{ "type": "Feature", "properties": { "ID": 2233225622310, "正式名称": "大川矯正歯科クリニック", "機関区分": 3, "都道府県コード": 22, "市区町村コード": 203, "所在地": "静岡県沼津市杉崎町７－５", "緯度": 35.105714, "経度": 138.865531, "url": "https://www.iryou.teikyouseido.mhlw.go.jp/znk-web/juminkanja/S2430/initialize?prefCd=22&kikanCd=3225622310&kikanKbn=3", "url2": "http://ok-kyousei.com/", "内容": "大川矯正歯科クリニック【3:歯科】静岡県沼津市杉崎町７－５" }, "geometry": { "type": "Point", "coordinates": [ 138.865531, 35.105714 ] } },
{ "type": "Feature", "properties": { "ID": 2233225622440, "正式名称": "せりざわ歯科医院", "機関区分": 3, "都道府県コード": 22, "市区町村コード": 203, "所在地": "静岡県沼津市我入道江川１６－２６", "緯度": 35.081689, "経度": 138.863921, "url": "https://www.iryou.teikyouseido.mhlw.go.jp/znk-web/juminkanja/S2430/initialize?prefCd=22&kikanCd=3225622440&kikanKbn=3", "url2": null, "内容": "せりざわ歯科医院【3:歯科】静岡県沼津市我入道江川１６－２６" }, "geometry": { "type": "Point", "coordinates": [ 138.863921, 35.081689 ] } },
{ "type": "Feature", "properties": { "ID": 2233225622860, "正式名称": "パル博愛歯科", "機関区分": 3, "都道府県コード": 22, "市区町村コード": 203, "所在地": "静岡県沼津市末広町４", "緯度": 35.097826, "経度": 138.854282, "url": "https://www.iryou.teikyouseido.mhlw.go.jp/znk-web/juminkanja/S2430/initialize?prefCd=22&kikanCd=3225622860&kikanKbn=3", "url2": "http://www.pal-hakuai-dental.com/index.html", "内容": "パル博愛歯科【3:歯科】静岡県沼津市末広町４" }, "geometry": { "type": "Point", "coordinates": [ 138.854282, 35.097826 ] } },
{ "type": "Feature", "properties": { "ID": 2233225623030, "正式名称": "光野歯科クリニック", "機関区分": 3, "都道府県コード": 22, "市区町村コード": 203, "所在地": "静岡県沼津市下香貫大久保２２９５－１４", "緯度": 35.071384, "経度": 138.878531, "url": "https://www.iryou.teikyouseido.mhlw.go.jp/znk-web/juminkanja/S2430/initialize?prefCd=22&kikanCd=3225623030&kikanKbn=3", "url2": "http://www.mitsunoshika.com/", "内容": "光野歯科クリニック【3:歯科】静岡県沼津市下香貫大久保２２９５－１４" }, "geometry": { "type": "Point", "coordinates": [ 138.878531, 35.071384 ] } },
{ "type": "Feature", "properties": { "ID": 2233225623160, "正式名称": "わたり歯科医院", "機関区分": 3, "都道府県コード": 22, "市区町村コード": 203, "所在地": "静岡県沼津市大岡３８０９－５", "緯度": 35.12942, "経度": 138.886404, "url": "https://www.iryou.teikyouseido.mhlw.go.jp/znk-web/juminkanja/S2430/initialize?prefCd=22&kikanCd=3225623160&kikanKbn=3", "url2": null, "内容": "わたり歯科医院【3:歯科】静岡県沼津市大岡３８０９－５" }, "geometry": { "type": "Point", "coordinates": [ 138.886404, 35.12942 ] } },
{ "type": "Feature", "properties": { "ID": 2233225623290, "正式名称": "ベル歯科医院", "機関区分": 3, "都道府県コード": 22, "市区町村コード": 203, "所在地": "静岡県沼津市中沢田２９０－４", "緯度": 35.121656, "経度": 138.850226, "url": "https://www.iryou.teikyouseido.mhlw.go.jp/znk-web/juminkanja/S2430/initialize?prefCd=22&kikanCd=3225623290&kikanKbn=3", "url2": "http://www.bell-shika.jp/", "内容": "ベル歯科医院【3:歯科】静岡県沼津市中沢田２９０－４" }, "geometry": { "type": "Point", "coordinates": [ 138.850226, 35.121656 ] } },
{ "type": "Feature", "properties": { "ID": 2233225623320, "正式名称": "鳥居歯科医院", "機関区分": 3, "都道府県コード": 22, "市区町村コード": 206, "所在地": "静岡県三島市光ケ丘１－４９－５", "緯度": 35.135101, "経度": 138.923636, "url": "https://www.iryou.teikyouseido.mhlw.go.jp/znk-web/juminkanja/S2430/initialize?prefCd=22&kikanCd=3225623320&kikanKbn=3", "url2": null, "内容": "鳥居歯科医院【3:歯科】静岡県三島市光ケ丘１－４９－５" }, "geometry": { "type": "Point", "coordinates": [ 138.923636, 35.135101 ] } },
{ "type": "Feature", "properties": { "ID": 2233225623870, "正式名称": "スマイル歯科医院", "機関区分": 3, "都道府県コード": 22, "市区町村コード": 220, "所在地": "静岡県裾野市深良３０６６－５", "緯度": 35.212231, "経度": 138.924215, "url": "https://www.iryou.teikyouseido.mhlw.go.jp/znk-web/juminkanja/S2430/initialize?prefCd=22&kikanCd=3225623870&kikanKbn=3", "url2": null, "内容": "スマイル歯科医院【3:歯科】静岡県裾野市深良３０６６－５" }, "geometry": { "type": "Point", "coordinates": [ 138.924215, 35.212231 ] } },
{ "type": "Feature", "properties": { "ID": 2233225624040, "正式名称": "三宅歯科医院", "機関区分": 3, "都道府県コード": 22, "市区町村コード": 203, "所在地": "静岡県沼津市玉江町７－３５", "緯度": 35.08741, "経度": 138.867726, "url": "https://www.iryou.teikyouseido.mhlw.go.jp/znk-web/juminkanja/S2430/initialize?prefCd=22&kikanCd=3225624040&kikanKbn=3", "url2": "https://www.dancing-dentist.com/", "内容": "三宅歯科医院【3:歯科】静岡県沼津市玉江町７－３５" }, "geometry": { "type": "Point", "coordinates": [ 138.867726, 35.08741 ] } },
{ "type": "Feature", "properties": { "ID": 2233225624170, "正式名称": "いしわた歯科医院", "機関区分": 3, "都道府県コード": 22, "市区町村コード": 203, "所在地": "静岡県沼津市大手町４－３－４０", "緯度": 35.098131, "経度": 138.859282, "url": "https://www.iryou.teikyouseido.mhlw.go.jp/znk-web/juminkanja/S2430/initialize?prefCd=22&kikanCd=3225624170&kikanKbn=3", "url2": "http://www.ishiwatashika.com", "内容": "いしわた歯科医院【3:歯科】静岡県沼津市大手町４－３－４０" }, "geometry": { "type": "Point", "coordinates": [ 138.859282, 35.098131 ] } },
{ "type": "Feature", "properties": { "ID": 2233225624200, "正式名称": "サトウ歯科", "機関区分": 3, "都道府県コード": 22, "市区町村コード": 203, "所在地": "静岡県沼津市石川１６３", "緯度": 35.147041, "経度": 138.777869, "url": "https://www.iryou.teikyouseido.mhlw.go.jp/znk-web/juminkanja/S2430/initialize?prefCd=22&kikanCd=3225624200&kikanKbn=3", "url2": null, "内容": "サトウ歯科【3:歯科】静岡県沼津市石川１６３" }, "geometry": { "type": "Point", "coordinates": [ 138.777869, 35.147041 ] } },
{ "type": "Feature", "properties": { "ID": 2233225624330, "正式名称": "西島歯科医院", "機関区分": 3, "都道府県コード": 22, "市区町村コード": 342, "所在地": "静岡県駿東郡長泉町納米里７２－１", "緯度": 35.148765, "経度": 138.898415, "url": "https://www.iryou.teikyouseido.mhlw.go.jp/znk-web/juminkanja/S2430/initialize?prefCd=22&kikanCd=3225624330&kikanKbn=3", "url2": "http://www.nishijima-dental.net/", "内容": "西島歯科医院【3:歯科】静岡県駿東郡長泉町納米里７２－１" }, "geometry": { "type": "Point", "coordinates": [ 138.898415, 35.148765 ] } },
{ "type": "Feature", "properties": { "ID": 2233225624460, "正式名称": "中里歯科医院", "機関区分": 3, "都道府県コード": 22, "市区町村コード": 341, "所在地": "静岡県駿東郡清水町伏見２６４－１７", "緯度": 35.112075, "経度": 138.894334, "url": "https://www.iryou.teikyouseido.mhlw.go.jp/znk-web/juminkanja/S2430/initialize?prefCd=22&kikanCd=3225624460&kikanKbn=3", "url2": null, "内容": "中里歯科医院【3:歯科】静岡県駿東郡清水町伏見２６４－１７" }, "geometry": { "type": "Point", "coordinates": [ 138.894334, 35.112075 ] } },
{ "type": "Feature", "properties": { "ID": 2233225624590, "正式名称": "日野原歯科クリニック", "機関区分": 3, "都道府県コード": 22, "市区町村コード": 206, "所在地": "静岡県三島市南田町２－１４", "緯度": 35.112658, "経度": 138.915915, "url": "https://www.iryou.teikyouseido.mhlw.go.jp/znk-web/juminkanja/S2430/initialize?prefCd=22&kikanCd=3225624590&kikanKbn=3", "url2": null, "内容": "日野原歯科クリニック【3:歯科】静岡県三島市南田町２－１４" }, "geometry": { "type": "Point", "coordinates": [ 138.915915, 35.112658 ] } },
{ "type": "Feature", "properties": { "ID": 2233225624620, "正式名称": "医療法人社団弥華会　わかば歯科医院", "機関区分": 3, "都道府県コード": 22, "市区町村コード": 344, "所在地": "静岡県駿東郡小山町一色３３１－１", "緯度": 35.341607, "経度": 138.944986, "url": "https://www.iryou.teikyouseido.mhlw.go.jp/znk-web/juminkanja/S2430/initialize?prefCd=22&kikanCd=3225624620&kikanKbn=3", "url2": "http://www.wakabasikaiin.net", "内容": "医療法人社団弥華会　わかば歯科医院【3:歯科】静岡県駿東郡小山町一色３３１－１" }, "geometry": { "type": "Point", "coordinates": [ 138.944986, 35.341607 ] } },
{ "type": "Feature", "properties": { "ID": 2233225624750, "正式名称": "鈴木歯科クリニック", "機関区分": 3, "都道府県コード": 22, "市区町村コード": 203, "所在地": "静岡県沼津市志下１７８－２", "緯度": 35.06719, "経度": 138.878087, "url": "https://www.iryou.teikyouseido.mhlw.go.jp/znk-web/juminkanja/S2430/initialize?prefCd=22&kikanCd=3225624750&kikanKbn=3", "url2": null, "内容": "鈴木歯科クリニック【3:歯科】静岡県沼津市志下１７８－２" }, "geometry": { "type": "Point", "coordinates": [ 138.878087, 35.06719 ] } },
{ "type": "Feature", "properties": { "ID": 2233225624880, "正式名称": "堀江歯科医院", "機関区分": 3, "都道府県コード": 22, "市区町村コード": 225, "所在地": "静岡県伊豆の国市原木１－１", "緯度": 35.057387, "経度": 138.941332, "url": "https://www.iryou.teikyouseido.mhlw.go.jp/znk-web/juminkanja/S2430/initialize?prefCd=22&kikanCd=3225624880&kikanKbn=3", "url2": "http://www.horie-dc.com", "内容": "堀江歯科医院【3:歯科】静岡県伊豆の国市原木１－１" }, "geometry": { "type": "Point", "coordinates": [ 138.941332, 35.057387 ] } },
{ "type": "Feature", "properties": { "ID": 2233225624910, "正式名称": "伊東歯科医院", "機関区分": 3, "都道府県コード": 22, "市区町村コード": 203, "所在地": "静岡県沼津市大塚字道の上１４１－１", "緯度": 35.121017, "経度": 138.808701, "url": "https://www.iryou.teikyouseido.mhlw.go.jp/znk-web/juminkanja/S2430/initialize?prefCd=22&kikanCd=3225624910&kikanKbn=3", "url2": null, "内容": "伊東歯科医院【3:歯科】静岡県沼津市大塚字道の上１４１－１" }, "geometry": { "type": "Point", "coordinates": [ 138.808701, 35.121017 ] } },
{ "type": "Feature", "properties": { "ID": 2233225625180, "正式名称": "八幡通り歯科医院", "機関区分": 3, "都道府県コード": 22, "市区町村コード": 215, "所在地": "静岡県御殿場市北久原６１３－１１", "緯度": 35.313248, "経度": 138.937182, "url": "https://www.iryou.teikyouseido.mhlw.go.jp/znk-web/juminkanja/S2430/initialize?prefCd=22&kikanCd=3225625180&kikanKbn=3", "url2": "http://www.hachimandoori-dc.jp/index.html", "内容": "八幡通り歯科医院【3:歯科】静岡県御殿場市北久原６１３－１１" }, "geometry": { "type": "Point", "coordinates": [ 138.937182, 35.313248 ] } },
{ "type": "Feature", "properties": { "ID": 2233225625210, "正式名称": "いで歯科医院", "機関区分": 3, "都道府県コード": 22, "市区町村コード": 325, "所在地": "静岡県田方郡函南町上沢字寒取面２５－２", "緯度": 35.094716, "経度": 138.950719, "url": "https://www.iryou.teikyouseido.mhlw.go.jp/znk-web/juminkanja/S2430/initialize?prefCd=22&kikanCd=3225625210&kikanKbn=3", "url2": "http://ide-shikaiin.com", "内容": "いで歯科医院【3:歯科】静岡県田方郡函南町上沢字寒取面２５－２" }, "geometry": { "type": "Point", "coordinates": [ 138.950719, 35.094716 ] } },
{ "type": "Feature", "properties": { "ID": 2233225625500, "正式名称": "せきざわ歯科医院", "機関区分": 3, "都道府県コード": 22, "市区町村コード": 203, "所在地": "静岡県沼津市西間門２２７－４", "緯度": 35.103964, "経度": 138.842005, "url": "https://www.iryou.teikyouseido.mhlw.go.jp/znk-web/juminkanja/S2430/initialize?prefCd=22&kikanCd=3225625500&kikanKbn=3", "url2": null, "内容": "せきざわ歯科医院【3:歯科】静岡県沼津市西間門２２７－４" }, "geometry": { "type": "Point", "coordinates": [ 138.842005, 35.103964 ] } },
{ "type": "Feature", "properties": { "ID": 2233225625630, "正式名称": "ウエムラ歯科医院", "機関区分": 3, "都道府県コード": 22, "市区町村コード": 325, "所在地": "静岡県田方郡函南町柏谷９９３－３", "緯度": 35.087162, "経度": 138.961663, "url": "https://www.iryou.teikyouseido.mhlw.go.jp/znk-web/juminkanja/S2430/initialize?prefCd=22&kikanCd=3225625630&kikanKbn=3", "url2": null, "内容": "ウエムラ歯科医院【3:歯科】静岡県田方郡函南町柏谷９９３－３" }, "geometry": { "type": "Point", "coordinates": [ 138.961663, 35.087162 ] } },
{ "type": "Feature", "properties": { "ID": 2233225625760, "正式名称": "木沢歯科医院", "機関区分": 3, "都道府県コード": 22, "市区町村コード": 341, "所在地": "静岡県駿東郡清水町柿田２０９－９", "緯度": 35.100382, "経度": 138.898501, "url": "https://www.iryou.teikyouseido.mhlw.go.jp/znk-web/juminkanja/S2430/initialize?prefCd=22&kikanCd=3225625760&kikanKbn=3", "url2": "http://www.sugisawa-dc.jp/", "内容": "木沢歯科医院【3:歯科】静岡県駿東郡清水町柿田２０９－９" }, "geometry": { "type": "Point", "coordinates": [ 138.898501, 35.100382 ] } },
{ "type": "Feature", "properties": { "ID": 2233225625920, "正式名称": "斉藤歯科クリニック", "機関区分": 3, "都道府県コード": 22, "市区町村コード": 206, "所在地": "静岡県三島市大場１６４－５", "緯度": 35.092078, "経度": 138.940275, "url": "https://www.iryou.teikyouseido.mhlw.go.jp/znk-web/juminkanja/S2430/initialize?prefCd=22&kikanCd=3225625920&kikanKbn=3", "url2": null, "内容": "斉藤歯科クリニック【3:歯科】静岡県三島市大場１６４－５" }, "geometry": { "type": "Point", "coordinates": [ 138.940275, 35.092078 ] } },
{ "type": "Feature", "properties": { "ID": 2233225626060, "正式名称": "渡辺歯科クリニック", "機関区分": 3, "都道府県コード": 22, "市区町村コード": 325, "所在地": "静岡県田方郡函南町上沢７４－２", "緯度": 35.093522, "経度": 138.949497, "url": "https://www.iryou.teikyouseido.mhlw.go.jp/znk-web/juminkanja/S2430/initialize?prefCd=22&kikanCd=3225626060&kikanKbn=3", "url2": "https://r.goope.jp/dentalwatanabe", "内容": "渡辺歯科クリニック【3:歯科】静岡県田方郡函南町上沢７４－２" }, "geometry": { "type": "Point", "coordinates": [ 138.949497, 35.093522 ] } },
{ "type": "Feature", "properties": { "ID": 2233225626220, "正式名称": "米山歯科クリニック", "機関区分": 3, "都道府県コード": 22, "市区町村コード": 342, "所在地": "静岡県駿東郡長泉町下土狩１３７５－１　若葉ビル２Ｆ", "緯度": 35.129406, "経度": 138.898388, "url": "https://www.iryou.teikyouseido.mhlw.go.jp/znk-web/juminkanja/S2430/initialize?prefCd=22&kikanCd=3225626220&kikanKbn=3", "url2": "https://www.yoneyama-dental.jp/", "内容": "米山歯科クリニック【3:歯科】静岡県駿東郡長泉町下土狩１３７５－１　若葉ビル２Ｆ" }, "geometry": { "type": "Point", "coordinates": [ 138.898388, 35.129406 ] } },
{ "type": "Feature", "properties": { "ID": 2233225626480, "正式名称": "松本歯科医院", "機関区分": 3, "都道府県コード": 22, "市区町村コード": 220, "所在地": "静岡県裾野市千福が丘１－１０－３５", "緯度": 35.197315, "経度": 138.882858, "url": "https://www.iryou.teikyouseido.mhlw.go.jp/znk-web/juminkanja/S2430/initialize?prefCd=22&kikanCd=3225626480&kikanKbn=3", "url2": null, "内容": "松本歯科医院【3:歯科】静岡県裾野市千福が丘１－１０－３５" }, "geometry": { "type": "Point", "coordinates": [ 138.882858, 35.197315 ] } },
{ "type": "Feature", "properties": { "ID": 2233225626510, "正式名称": "ウエダ歯科", "機関区分": 3, "都道府県コード": 22, "市区町村コード": 203, "所在地": "静岡県沼津市平町１５－１０　上田ビル２Ｆ", "緯度": 35.099909, "経度": 138.865837, "url": "https://www.iryou.teikyouseido.mhlw.go.jp/znk-web/juminkanja/S2430/initialize?prefCd=22&kikanCd=3225626510&kikanKbn=3", "url2": "http://ueda-ortho.net", "内容": "ウエダ歯科【3:歯科】静岡県沼津市平町１５－１０　上田ビル２Ｆ" }, "geometry": { "type": "Point", "coordinates": [ 138.865837, 35.099909 ] } },
{ "type": "Feature", "properties": { "ID": 2233225626770, "正式名称": "梶本弘歯科医院", "機関区分": 3, "都道府県コード": 22, "市区町村コード": 215, "所在地": "静岡県御殿場市新橋１９３６－５　辻村ビル", "緯度": 35.300139, "経度": 138.93596, "url": "https://www.iryou.teikyouseido.mhlw.go.jp/znk-web/juminkanja/S2430/initialize?prefCd=22&kikanCd=3225626770&kikanKbn=3", "url2": null, "内容": "梶本弘歯科医院【3:歯科】静岡県御殿場市新橋１９３６－５　辻村ビル" }, "geometry": { "type": "Point", "coordinates": [ 138.93596, 35.300139 ] } },
{ "type": "Feature", "properties": { "ID": 2233225627070, "正式名称": "山田歯科クリニック", "機関区分": 3, "都道府県コード": 22, "市区町村コード": 225, "所在地": "静岡県伊豆の国市南江間１１０７－８", "緯度": 35.05422, "経度": 138.927778, "url": "https://www.iryou.teikyouseido.mhlw.go.jp/znk-web/juminkanja/S2430/initialize?prefCd=22&kikanCd=3225627070&kikanKbn=3", "url2": "http://www.yamadadc-izu.com", "内容": "山田歯科クリニック【3:歯科】静岡県伊豆の国市南江間１１０７－８" }, "geometry": { "type": "Point", "coordinates": [ 138.927778, 35.05422 ] } },
{ "type": "Feature", "properties": { "ID": 2233225627230, "正式名称": "宮内歯科医院", "機関区分": 3, "都道府県コード": 22, "市区町村コード": 203, "所在地": "静岡県沼津市中沢田４６６", "緯度": 35.122351, "経度": 138.855225, "url": "https://www.iryou.teikyouseido.mhlw.go.jp/znk-web/juminkanja/S2430/initialize?prefCd=22&kikanCd=3225627230&kikanKbn=3", "url2": null, "内容": "宮内歯科医院【3:歯科】静岡県沼津市中沢田４６６" }, "geometry": { "type": "Point", "coordinates": [ 138.855225, 35.122351 ] } },
{ "type": "Feature", "properties": { "ID": 2233225627520, "正式名称": "岡山デンタルクリニック", "機関区分": 3, "都道府県コード": 22, "市区町村コード": 203, "所在地": "静岡県沼津市西椎路１１８－１", "緯度": 35.123072, "経度": 138.822422, "url": "https://www.iryou.teikyouseido.mhlw.go.jp/znk-web/juminkanja/S2430/initialize?prefCd=22&kikanCd=3225627520&kikanKbn=3", "url2": null, "内容": "岡山デンタルクリニック【3:歯科】静岡県沼津市西椎路１１８－１" }, "geometry": { "type": "Point", "coordinates": [ 138.822422, 35.123072 ] } },
{ "type": "Feature", "properties": { "ID": 2233225628080, "正式名称": "医療法人社団　吉本歯科医院", "機関区分": 3, "都道府県コード": 22, "市区町村コード": 225, "所在地": "静岡県伊豆の国市古奈２２２", "緯度": 35.035723, "経度": 138.940111, "url": "https://www.iryou.teikyouseido.mhlw.go.jp/znk-web/juminkanja/S2430/initialize?prefCd=22&kikanCd=3225628080&kikanKbn=3", "url2": null, "内容": "医療法人社団　吉本歯科医院【3:歯科】静岡県伊豆の国市古奈２２２" }, "geometry": { "type": "Point", "coordinates": [ 138.940111, 35.035723 ] } },
{ "type": "Feature", "properties": { "ID": 2233225628110, "正式名称": "増田デンタルクリニック", "機関区分": 3, "都道府県コード": 22, "市区町村コード": 203, "所在地": "静岡県沼津市大岡２４３７－１　大岡駅前ビル", "緯度": 35.115241, "経度": 138.880807, "url": "https://www.iryou.teikyouseido.mhlw.go.jp/znk-web/juminkanja/S2430/initialize?prefCd=22&kikanCd=3225628110&kikanKbn=3", "url2": null, "内容": "増田デンタルクリニック【3:歯科】静岡県沼津市大岡２４３７－１　大岡駅前ビル" }, "geometry": { "type": "Point", "coordinates": [ 138.880807, 35.115241 ] } },
{ "type": "Feature", "properties": { "ID": 2233225628370, "正式名称": "村田歯科医院", "機関区分": 3, "都道府県コード": 22, "市区町村コード": 225, "所在地": "静岡県伊豆の国市南條８３２－２", "緯度": 35.041833, "経度": 138.948221, "url": "https://www.iryou.teikyouseido.mhlw.go.jp/znk-web/juminkanja/S2430/initialize?prefCd=22&kikanCd=3225628370&kikanKbn=3", "url2": null, "内容": "村田歯科医院【3:歯科】静岡県伊豆の国市南條８３２－２" }, "geometry": { "type": "Point", "coordinates": [ 138.948221, 35.041833 ] } },
{ "type": "Feature", "properties": { "ID": 2233225628790, "正式名称": "向笠歯科医院", "機関区分": 3, "都道府県コード": 22, "市区町村コード": 325, "所在地": "静岡県田方郡函南町平井９０６　メゾン松柏", "緯度": 35.089884, "経度": 138.960163, "url": "https://www.iryou.teikyouseido.mhlw.go.jp/znk-web/juminkanja/S2430/initialize?prefCd=22&kikanCd=3225628790&kikanKbn=3", "url2": null, "内容": "向笠歯科医院【3:歯科】静岡県田方郡函南町平井９０６　メゾン松柏" }, "geometry": { "type": "Point", "coordinates": [ 138.960163, 35.089884 ] } },
{ "type": "Feature", "properties": { "ID": 2233225628820, "正式名称": "市川歯科医院", "機関区分": 3, "都道府県コード": 22, "市区町村コード": 342, "所在地": "静岡県駿東郡長泉町中土狩９０４－１５　ピューアビル１Ｆ", "緯度": 35.135628, "経度": 138.898777, "url": "https://www.iryou.teikyouseido.mhlw.go.jp/znk-web/juminkanja/S2430/initialize?prefCd=22&kikanCd=3225628820&kikanKbn=3", "url2": null, "内容": "市川歯科医院【3:歯科】静岡県駿東郡長泉町中土狩９０４－１５　ピューアビル１Ｆ" }, "geometry": { "type": "Point", "coordinates": [ 138.898777, 35.135628 ] } },
{ "type": "Feature", "properties": { "ID": 2233225628950, "正式名称": "菊地歯科", "機関区分": 3, "都道府県コード": 22, "市区町村コード": 206, "所在地": "静岡県三島市本町２－８", "緯度": 35.120213, "経度": 138.91447, "url": "https://www.iryou.teikyouseido.mhlw.go.jp/znk-web/juminkanja/S2430/initialize?prefCd=22&kikanCd=3225628950&kikanKbn=3", "url2": "http://www.kikuchi-sika.jp", "内容": "菊地歯科【3:歯科】静岡県三島市本町２－８" }, "geometry": { "type": "Point", "coordinates": [ 138.91447, 35.120213 ] } },
{ "type": "Feature", "properties": { "ID": 2233225629090, "正式名称": "勝又歯科医院", "機関区分": 3, "都道府県コード": 22, "市区町村コード": 342, "所在地": "静岡県駿東郡長泉町上土狩６６８－６", "緯度": 35.140016, "経度": 138.899165, "url": "https://www.iryou.teikyouseido.mhlw.go.jp/znk-web/juminkanja/S2430/initialize?prefCd=22&kikanCd=3225629090&kikanKbn=3", "url2": null, "内容": "勝又歯科医院【3:歯科】静岡県駿東郡長泉町上土狩６６８－６" }, "geometry": { "type": "Point", "coordinates": [ 138.899165, 35.140016 ] } },
{ "type": "Feature", "properties": { "ID": 2233225629410, "正式名称": "三宅歯科医院", "機関区分": 3, "都道府県コード": 22, "市区町村コード": 206, "所在地": "静岡県三島市加屋町１０－２０", "緯度": 35.116158, "経度": 138.906944, "url": "https://www.iryou.teikyouseido.mhlw.go.jp/znk-web/juminkanja/S2430/initialize?prefCd=22&kikanCd=3225629410&kikanKbn=3", "url2": null, "内容": "三宅歯科医院【3:歯科】静岡県三島市加屋町１０－２０" }, "geometry": { "type": "Point", "coordinates": [ 138.906944, 35.116158 ] } },
{ "type": "Feature", "properties": { "ID": 2233225629540, "正式名称": "ヒロ歯科医院", "機関区分": 3, "都道府県コード": 22, "市区町村コード": 206, "所在地": "静岡県三島市梅名５１６－３", "緯度": 35.09591, "経度": 138.925471, "url": "https://www.iryou.teikyouseido.mhlw.go.jp/znk-web/juminkanja/S2430/initialize?prefCd=22&kikanCd=3225629540&kikanKbn=3", "url2": null, "内容": "ヒロ歯科医院【3:歯科】静岡県三島市梅名５１６－３" }, "geometry": { "type": "Point", "coordinates": [ 138.925471, 35.09591 ] } },
{ "type": "Feature", "properties": { "ID": 2233225629670, "正式名称": "大森歯科医院", "機関区分": 3, "都道府県コード": 22, "市区町村コード": 225, "所在地": "静岡県伊豆の国市長岡８１－１", "緯度": 35.031973, "経度": 138.930557, "url": "https://www.iryou.teikyouseido.mhlw.go.jp/znk-web/juminkanja/S2430/initialize?prefCd=22&kikanCd=3225629670&kikanKbn=3", "url2": "htttp://www.4334odc.com/", "内容": "大森歯科医院【3:歯科】静岡県伊豆の国市長岡８１－１" }, "geometry": { "type": "Point", "coordinates": [ 138.930557, 35.031973 ] } },
{ "type": "Feature", "properties": { "ID": 2233225629700, "正式名称": "細川歯科医院", "機関区分": 3, "都道府県コード": 22, "市区町村コード": 206, "所在地": "静岡県三島市東町１３－２６", "緯度": 35.118658, "経度": 138.924164, "url": "https://www.iryou.teikyouseido.mhlw.go.jp/znk-web/juminkanja/S2430/initialize?prefCd=22&kikanCd=3225629700&kikanKbn=3", "url2": "https://www.hosokawashika.com", "内容": "細川歯科医院【3:歯科】静岡県三島市東町１３－２６" }, "geometry": { "type": "Point", "coordinates": [ 138.924164, 35.118658 ] } },
{ "type": "Feature", "properties": { "ID": 2233225629960, "正式名称": "Ｓ．Ｄ．Ｃさいとう歯科クリニック", "機関区分": 3, "都道府県コード": 22, "市区町村コード": 206, "所在地": "静岡県三島市谷田夏梅木６６４－５", "緯度": 35.107076, "経度": 138.937358, "url": "https://www.iryou.teikyouseido.mhlw.go.jp/znk-web/juminkanja/S2430/initialize?prefCd=22&kikanCd=3225629960&kikanKbn=3", "url2": null, "内容": "Ｓ．Ｄ．Ｃさいとう歯科クリニック【3:歯科】静岡県三島市谷田夏梅木６６４－５" }, "geometry": { "type": "Point", "coordinates": [ 138.937358, 35.107076 ] } },
{ "type": "Feature", "properties": { "ID": 2233225630070, "正式名称": "山口歯科医院", "機関区分": 3, "都道府県コード": 22, "市区町村コード": 206, "所在地": "静岡県三島市栄町１－２４", "緯度": 35.118908, "経度": 138.908749, "url": "https://www.iryou.teikyouseido.mhlw.go.jp/znk-web/juminkanja/S2430/initialize?prefCd=22&kikanCd=3225630070&kikanKbn=3", "url2": "http://mydh-dental.jp/", "内容": "山口歯科医院【3:歯科】静岡県三島市栄町１－２４" }, "geometry": { "type": "Point", "coordinates": [ 138.908749, 35.118908 ] } },
{ "type": "Feature", "properties": { "ID": 2233225630230, "正式名称": "きくた歯科医院", "機関区分": 3, "都道府県コード": 22, "市区町村コード": 203, "所在地": "静岡県沼津市下河原町三丁目１１番地１５", "緯度": 35.088222, "経度": 138.857005, "url": "https://www.iryou.teikyouseido.mhlw.go.jp/znk-web/juminkanja/S2430/initialize?prefCd=22&kikanCd=3225630230&kikanKbn=3", "url2": "https://www.kikuta-dentalclinic.com/", "内容": "きくた歯科医院【3:歯科】静岡県沼津市下河原町三丁目１１番地１５" }, "geometry": { "type": "Point", "coordinates": [ 138.857005, 35.088222 ] } },
{ "type": "Feature", "properties": { "ID": 2233225630360, "正式名称": "稲玉歯科医院", "機関区分": 3, "都道府県コード": 22, "市区町村コード": 203, "所在地": "静岡県沼津市大岡１８８１－３　ベルメゾン９３’　１０１", "緯度": 35.111408, "経度": 138.86878, "url": "https://www.iryou.teikyouseido.mhlw.go.jp/znk-web/juminkanja/S2430/initialize?prefCd=22&kikanCd=3225630360&kikanKbn=3", "url2": null, "内容": "稲玉歯科医院【3:歯科】静岡県沼津市大岡１８８１－３　ベルメゾン９３’　１０１" }, "geometry": { "type": "Point", "coordinates": [ 138.86878, 35.111408 ] } },
{ "type": "Feature", "properties": { "ID": 2233225630650, "正式名称": "梅田歯科医院", "機関区分": 3, "都道府県コード": 22, "市区町村コード": 203, "所在地": "静岡県沼津市米山町２－２９", "緯度": 35.104742, "経度": 138.862892, "url": "https://www.iryou.teikyouseido.mhlw.go.jp/znk-web/juminkanja/S2430/initialize?prefCd=22&kikanCd=3225630650&kikanKbn=3", "url2": null, "内容": "梅田歯科医院【3:歯科】静岡県沼津市米山町２－２９" }, "geometry": { "type": "Point", "coordinates": [ 138.862892, 35.104742 ] } },
{ "type": "Feature", "properties": { "ID": 2233225630780, "正式名称": "ゆきひこ歯科医院", "機関区分": 3, "都道府県コード": 22, "市区町村コード": 341, "所在地": "静岡県駿東郡清水町玉川８１－１２", "緯度": 35.108492, "経度": 138.902444, "url": "https://www.iryou.teikyouseido.mhlw.go.jp/znk-web/juminkanja/S2430/initialize?prefCd=22&kikanCd=3225630780&kikanKbn=3", "url2": "https://yukihiko-dc..cihp.jp", "内容": "ゆきひこ歯科医院【3:歯科】静岡県駿東郡清水町玉川８１－１２" }, "geometry": { "type": "Point", "coordinates": [ 138.902444, 35.108492 ] } },
{ "type": "Feature", "properties": { "ID": 2233225630810, "正式名称": "平原歯科クリニック", "機関区分": 3, "都道府県コード": 22, "市区町村コード": 203, "所在地": "静岡県沼津市大岡５１７－４　鈴福ビル１Ｆ", "緯度": 35.106825, "経度": 138.885085, "url": "https://www.iryou.teikyouseido.mhlw.go.jp/znk-web/juminkanja/S2430/initialize?prefCd=22&kikanCd=3225630810&kikanKbn=3", "url2": null, "内容": "平原歯科クリニック【3:歯科】静岡県沼津市大岡５１７－４　鈴福ビル１Ｆ" }, "geometry": { "type": "Point", "coordinates": [ 138.885085, 35.106825 ] } },
{ "type": "Feature", "properties": { "ID": 2233225630940, "正式名称": "武井歯科", "機関区分": 3, "都道府県コード": 22, "市区町村コード": 206, "所在地": "静岡県三島市谷田並木９７５－９", "緯度": 35.113964, "経度": 138.936858, "url": "https://www.iryou.teikyouseido.mhlw.go.jp/znk-web/juminkanja/S2430/initialize?prefCd=22&kikanCd=3225630940&kikanKbn=3", "url2": null, "内容": "武井歯科【3:歯科】静岡県三島市谷田並木９７５－９" }, "geometry": { "type": "Point", "coordinates": [ 138.936858, 35.113964 ] } },
{ "type": "Feature", "properties": { "ID": 2233225631080, "正式名称": "あおば歯科医院", "機関区分": 3, "都道府県コード": 22, "市区町村コード": 225, "所在地": "静岡県伊豆の国市四日町５３０－１", "緯度": 35.055832, "経度": 138.943388, "url": "https://www.iryou.teikyouseido.mhlw.go.jp/znk-web/juminkanja/S2430/initialize?prefCd=22&kikanCd=3225631080&kikanKbn=3", "url2": null, "内容": "あおば歯科医院【3:歯科】静岡県伊豆の国市四日町５３０－１" }, "geometry": { "type": "Point", "coordinates": [ 138.943388, 35.055832 ] } },
{ "type": "Feature", "properties": { "ID": 2233225631240, "正式名称": "雲野歯科医院", "機関区分": 3, "都道府県コード": 22, "市区町村コード": 203, "所在地": "静岡県沼津市山王台１番６号", "緯度": 35.103825, "経度": 138.867392, "url": "https://www.iryou.teikyouseido.mhlw.go.jp/znk-web/juminkanja/S2430/initialize?prefCd=22&kikanCd=3225631240&kikanKbn=3", "url2": null, "内容": "雲野歯科医院【3:歯科】静岡県沼津市山王台１番６号" }, "geometry": { "type": "Point", "coordinates": [ 138.867392, 35.103825 ] } },
{ "type": "Feature", "properties": { "ID": 2233225631530, "正式名称": "医療法人社団　久正会　矢部歯科医院香貫診療所", "機関区分": 3, "都道府県コード": 22, "市区町村コード": 203, "所在地": "静岡県沼津市下香貫馬場４８７－６", "緯度": 35.077578, "経度": 138.873254, "url": "https://www.iryou.teikyouseido.mhlw.go.jp/znk-web/juminkanja/S2430/initialize?prefCd=22&kikanCd=3225631530&kikanKbn=3", "url2": "yabesika.com", "内容": "医療法人社団　久正会　矢部歯科医院香貫診療所【3:歯科】静岡県沼津市下香貫馬場４８７－６" }, "geometry": { "type": "Point", "coordinates": [ 138.873254, 35.077578 ] } },
{ "type": "Feature", "properties": { "ID": 2233225631660, "正式名称": "大島歯科医院", "機関区分": 3, "都道府県コード": 22, "市区町村コード": 203, "所在地": "静岡県沼津市筒井町２－６", "緯度": 35.119212, "経度": 138.86353, "url": "https://www.iryou.teikyouseido.mhlw.go.jp/znk-web/juminkanja/S2430/initialize?prefCd=22&kikanCd=3225631660&kikanKbn=3", "url2": null, "内容": "大島歯科医院【3:歯科】静岡県沼津市筒井町２－６" }, "geometry": { "type": "Point", "coordinates": [ 138.86353, 35.119212 ] } },
{ "type": "Feature", "properties": { "ID": 2233225631950, "正式名称": "医）社団メディカルスピリッツ高橋デンタルクルニック", "機関区分": 3, "都道府県コード": 22, "市区町村コード": 325, "所在地": "静岡県田方郡函南町間宮８９５－６", "緯度": 35.084523, "経度": 138.933304, "url": "https://www.iryou.teikyouseido.mhlw.go.jp/znk-web/juminkanja/S2430/initialize?prefCd=22&kikanCd=3225631950&kikanKbn=3", "url2": null, "内容": "医）社団メディカルスピリッツ高橋デンタルクルニック【3:歯科】静岡県田方郡函南町間宮８９５－６" }, "geometry": { "type": "Point", "coordinates": [ 138.933304, 35.084523 ] } },
{ "type": "Feature", "properties": { "ID": 2233225632090, "正式名称": "栗田歯科医院", "機関区分": 3, "都道府県コード": 22, "市区町村コード": 203, "所在地": "静岡県沼津市幸町４", "緯度": 35.095104, "経度": 138.854949, "url": "https://www.iryou.teikyouseido.mhlw.go.jp/znk-web/juminkanja/S2430/initialize?prefCd=22&kikanCd=3225632090&kikanKbn=3", "url2": null, "内容": "栗田歯科医院【3:歯科】静岡県沼津市幸町４" }, "geometry": { "type": "Point", "coordinates": [ 138.854949, 35.095104 ] } },
{ "type": "Feature", "properties": { "ID": 2233225632120, "正式名称": "梶歯科医院", "機関区分": 3, "都道府県コード": 22, "市区町村コード": 220, "所在地": "静岡県裾野市石脇１１１－９", "緯度": 35.185956, "経度": 138.906913, "url": "https://www.iryou.teikyouseido.mhlw.go.jp/znk-web/juminkanja/S2430/initialize?prefCd=22&kikanCd=3225632120&kikanKbn=3", "url2": null, "内容": "梶歯科医院【3:歯科】静岡県裾野市石脇１１１－９" }, "geometry": { "type": "Point", "coordinates": [ 138.906913, 35.185956 ] } },
{ "type": "Feature", "properties": { "ID": 2233225632410, "正式名称": "牧野歯科医院", "機関区分": 3, "都道府県コード": 22, "市区町村コード": 342, "所在地": "静岡県駿東郡長泉町下長窪４３１－１", "緯度": 35.141905, "経度": 138.8865, "url": "https://www.iryou.teikyouseido.mhlw.go.jp/znk-web/juminkanja/S2430/initialize?prefCd=22&kikanCd=3225632410&kikanKbn=3", "url2": null, "内容": "牧野歯科医院【3:歯科】静岡県駿東郡長泉町下長窪４３１－１" }, "geometry": { "type": "Point", "coordinates": [ 138.8865, 35.141905 ] } },
{ "type": "Feature", "properties": { "ID": 2233225632670, "正式名称": "ほりうち矯正歯科クリニック", "機関区分": 3, "都道府県コード": 22, "市区町村コード": 203, "所在地": "静岡県沼津市西間門４４７－２", "緯度": 35.101936, "経度": 138.842061, "url": "https://www.iryou.teikyouseido.mhlw.go.jp/znk-web/juminkanja/S2430/initialize?prefCd=22&kikanCd=3225632670&kikanKbn=3", "url2": "horiuchi-kyousei,com", "内容": "ほりうち矯正歯科クリニック【3:歯科】静岡県沼津市西間門４４７－２" }, "geometry": { "type": "Point", "coordinates": [ 138.842061, 35.101936 ] } },
{ "type": "Feature", "properties": { "ID": 2233225632700, "正式名称": "えがわ歯科矯正歯科", "機関区分": 3, "都道府県コード": 22, "市区町村コード": 203, "所在地": "静岡県沼津市高島本町１１－１５　えがわビル１Ｆ", "緯度": 35.109602, "経度": 138.861114, "url": "https://www.iryou.teikyouseido.mhlw.go.jp/znk-web/juminkanja/S2430/initialize?prefCd=22&kikanCd=3225632700&kikanKbn=3", "url2": "http://www.egawa-dental.jp/", "内容": "えがわ歯科矯正歯科【3:歯科】静岡県沼津市高島本町１１－１５　えがわビル１Ｆ" }, "geometry": { "type": "Point", "coordinates": [ 138.861114, 35.109602 ] } },
{ "type": "Feature", "properties": { "ID": 2233225632830, "正式名称": "町田歯科クリニック", "機関区分": 3, "都道府県コード": 22, "市区町村コード": 203, "所在地": "静岡県沼津市原７２０", "緯度": 35.128934, "経度": 138.784524, "url": "https://www.iryou.teikyouseido.mhlw.go.jp/znk-web/juminkanja/S2430/initialize?prefCd=22&kikanCd=3225632830&kikanKbn=3", "url2": null, "内容": "町田歯科クリニック【3:歯科】静岡県沼津市原７２０" }, "geometry": { "type": "Point", "coordinates": [ 138.784524, 35.128934 ] } },
{ "type": "Feature", "properties": { "ID": 2233225632960, "正式名称": "歯科クリニックみよし", "機関区分": 3, "都道府県コード": 22, "市区町村コード": 220, "所在地": "静岡県裾野市佐野１０８９", "緯度": 35.174513, "経度": 138.905913, "url": "https://www.iryou.teikyouseido.mhlw.go.jp/znk-web/juminkanja/S2430/initialize?prefCd=22&kikanCd=3225632960&kikanKbn=3", "url2": null, "内容": "歯科クリニックみよし【3:歯科】静岡県裾野市佐野１０８９" }, "geometry": { "type": "Point", "coordinates": [ 138.905913, 35.174513 ] } },
{ "type": "Feature", "properties": { "ID": 2233225633000, "正式名称": "さとう歯科医院", "機関区分": 3, "都道府県コード": 22, "市区町村コード": 203, "所在地": "静岡県沼津市大岡８１０－２６　つるかめマンション　１Ｆ", "緯度": 35.111047, "経度": 138.879307, "url": "https://www.iryou.teikyouseido.mhlw.go.jp/znk-web/juminkanja/S2430/initialize?prefCd=22&kikanCd=3225633000&kikanKbn=3", "url2": "https://www.numazu-sato-dentalclinic.com/", "内容": "さとう歯科医院【3:歯科】静岡県沼津市大岡８１０－２６　つるかめマンション　１Ｆ" }, "geometry": { "type": "Point", "coordinates": [ 138.879307, 35.111047 ] } },
{ "type": "Feature", "properties": { "ID": 2233225633390, "正式名称": "むらまつ歯科医院", "機関区分": 3, "都道府県コード": 22, "市区町村コード": 203, "所在地": "静岡県沼津市高沢町４－２５", "緯度": 35.104658, "経度": 138.854837, "url": "https://www.iryou.teikyouseido.mhlw.go.jp/znk-web/juminkanja/S2430/initialize?prefCd=22&kikanCd=3225633390&kikanKbn=3", "url2": null, "内容": "むらまつ歯科医院【3:歯科】静岡県沼津市高沢町４－２５" }, "geometry": { "type": "Point", "coordinates": [ 138.854837, 35.104658 ] } },
{ "type": "Feature", "properties": { "ID": 2233225633550, "正式名称": "小児歯科よしいけ", "機関区分": 3, "都道府県コード": 22, "市区町村コード": 203, "所在地": "静岡県沼津市市場町７－８", "緯度": 35.094755, "経度": 138.862719, "url": "https://www.iryou.teikyouseido.mhlw.go.jp/znk-web/juminkanja/S2430/initialize?prefCd=22&kikanCd=3225633550&kikanKbn=3", "url2": null, "内容": "小児歯科よしいけ【3:歯科】静岡県沼津市市場町７－８" }, "geometry": { "type": "Point", "coordinates": [ 138.862719, 35.094755 ] } },
{ "type": "Feature", "properties": { "ID": 2233225633680, "正式名称": "いくこ歯科医院", "機関区分": 3, "都道府県コード": 22, "市区町村コード": 203, "所在地": "静岡県沼津市原６５５－１５", "緯度": 35.127543, "経度": 138.784398, "url": "https://www.iryou.teikyouseido.mhlw.go.jp/znk-web/juminkanja/S2430/initialize?prefCd=22&kikanCd=3225633680&kikanKbn=3", "url2": null, "内容": "いくこ歯科医院【3:歯科】静岡県沼津市原６５５－１５" }, "geometry": { "type": "Point", "coordinates": [ 138.784398, 35.127543 ] } },
{ "type": "Feature", "properties": { "ID": 2233225633710, "正式名称": "中ノ森歯科医院", "機関区分": 3, "都道府県コード": 22, "市区町村コード": 203, "所在地": "静岡県沼津市緑ケ丘２－１０", "緯度": 35.120046, "経度": 138.872363, "url": "https://www.iryou.teikyouseido.mhlw.go.jp/znk-web/juminkanja/S2430/initialize?prefCd=22&kikanCd=3225633710&kikanKbn=3", "url2": null, "内容": "中ノ森歯科医院【3:歯科】静岡県沼津市緑ケ丘２－１０" }, "geometry": { "type": "Point", "coordinates": [ 138.872363, 35.120046 ] } },
{ "type": "Feature", "properties": { "ID": 2233225634140, "正式名称": "広小路だいとう歯科", "機関区分": 3, "都道府県コード": 22, "市区町村コード": 206, "所在地": "静岡県三島市広小路町１３－１０", "緯度": 35.11838, "経度": 138.911637, "url": "https://www.iryou.teikyouseido.mhlw.go.jp/znk-web/juminkanja/S2430/initialize?prefCd=22&kikanCd=3225634140&kikanKbn=3", "url2": "http://www.h-daito-do.com/", "内容": "広小路だいとう歯科【3:歯科】静岡県三島市広小路町１３－１０" }, "geometry": { "type": "Point", "coordinates": [ 138.911637, 35.11838 ] } },
{ "type": "Feature", "properties": { "ID": 2233225635670, "正式名称": "酒井歯科医院", "機関区分": 3, "都道府県コード": 22, "市区町村コード": 203, "所在地": "静岡県沼津市今沢３４０", "緯度": 35.119286, "経度": 138.815084, "url": "https://www.iryou.teikyouseido.mhlw.go.jp/znk-web/juminkanja/S2430/initialize?prefCd=22&kikanCd=3225635670&kikanKbn=3", "url2": null, "内容": "酒井歯科医院【3:歯科】静岡県沼津市今沢３４０" }, "geometry": { "type": "Point", "coordinates": [ 138.815084, 35.119286 ] } },
{ "type": "Feature", "properties": { "ID": 2233225700410, "正式名称": "江本歯科医院", "機関区分": 3, "都道府県コード": 22, "市区町村コード": 215, "所在地": "静岡県御殿場市御殿場５４２－１", "緯度": 35.314861, "経度": 138.943614, "url": "https://www.iryou.teikyouseido.mhlw.go.jp/znk-web/juminkanja/S2430/initialize?prefCd=22&kikanCd=3225700410&kikanKbn=3", "url2": null, "内容": "江本歯科医院【3:歯科】静岡県御殿場市御殿場５４２－１" }, "geometry": { "type": "Point", "coordinates": [ 138.943614, 35.314861 ] } },
{ "type": "Feature", "properties": { "ID": 2233225700670, "正式名称": "豊山歯科医院", "機関区分": 3, "都道府県コード": 22, "市区町村コード": 215, "所在地": "静岡県御殿場市萩原７４０", "緯度": 35.303499, "経度": 138.932044, "url": "https://www.iryou.teikyouseido.mhlw.go.jp/znk-web/juminkanja/S2430/initialize?prefCd=22&kikanCd=3225700670&kikanKbn=3", "url2": null, "内容": "豊山歯科医院【3:歯科】静岡県御殿場市萩原７４０" }, "geometry": { "type": "Point", "coordinates": [ 138.932044, 35.303499 ] } },
{ "type": "Feature", "properties": { "ID": 2233225700700, "正式名称": "渡邉歯科医院", "機関区分": 3, "都道府県コード": 22, "市区町村コード": 215, "所在地": "静岡県御殿場市二枚橋２９７－１", "緯度": 35.311499, "経度": 138.939487, "url": "https://www.iryou.teikyouseido.mhlw.go.jp/znk-web/juminkanja/S2430/initialize?prefCd=22&kikanCd=3225700700&kikanKbn=3", "url2": null, "内容": "渡邉歯科医院【3:歯科】静岡県御殿場市二枚橋２９７－１" }, "geometry": { "type": "Point", "coordinates": [ 138.939487, 35.311499 ] } },
{ "type": "Feature", "properties": { "ID": 2233225701000, "正式名称": "勝又歯科医院", "機関区分": 3, "都道府県コード": 22, "市区町村コード": 215, "所在地": "静岡県御殿場市二枚橋６４－２", "緯度": 35.303611, "経度": 138.936349, "url": "https://www.iryou.teikyouseido.mhlw.go.jp/znk-web/juminkanja/S2430/initialize?prefCd=22&kikanCd=3225701000&kikanKbn=3", "url2": "https://katsumata-dental-clinic.com/", "内容": "勝又歯科医院【3:歯科】静岡県御殿場市二枚橋６４－２" }, "geometry": { "type": "Point", "coordinates": [ 138.936349, 35.303611 ] } },
{ "type": "Feature", "properties": { "ID": 2233225701130, "正式名称": "杉山歯科医院", "機関区分": 3, "都道府県コード": 22, "市区町村コード": 215, "所在地": "静岡県御殿場市萩原５０４－２６", "緯度": 35.309027, "経度": 138.932905, "url": "https://www.iryou.teikyouseido.mhlw.go.jp/znk-web/juminkanja/S2430/initialize?prefCd=22&kikanCd=3225701130&kikanKbn=3", "url2": null, "内容": "杉山歯科医院【3:歯科】静岡県御殿場市萩原５０４－２６" }, "geometry": { "type": "Point", "coordinates": [ 138.932905, 35.309027 ] } },
{ "type": "Feature", "properties": { "ID": 2233225701260, "正式名称": "玉穂歯科診療所", "機関区分": 3, "都道府県コード": 22, "市区町村コード": 215, "所在地": "静岡県御殿場市茱萸沢７１９－１", "緯度": 35.314998, "経度": 138.90649, "url": "https://www.iryou.teikyouseido.mhlw.go.jp/znk-web/juminkanja/S2430/initialize?prefCd=22&kikanCd=3225701260&kikanKbn=3", "url2": null, "内容": "玉穂歯科診療所【3:歯科】静岡県御殿場市茱萸沢７１９－１" }, "geometry": { "type": "Point", "coordinates": [ 138.90649, 35.314998 ] } },
{ "type": "Feature", "properties": { "ID": 2233225701390, "正式名称": "梶本歯科医院", "機関区分": 3, "都道府県コード": 22, "市区町村コード": 215, "所在地": "静岡県御殿場市新橋１８７９－１", "緯度": 35.298667, "経度": 138.934405, "url": "https://www.iryou.teikyouseido.mhlw.go.jp/znk-web/juminkanja/S2430/initialize?prefCd=22&kikanCd=3225701390&kikanKbn=3", "url2": null, "内容": "梶本歯科医院【3:歯科】静岡県御殿場市新橋１８７９－１" }, "geometry": { "type": "Point", "coordinates": [ 138.934405, 35.298667 ] } },
{ "type": "Feature", "properties": { "ID": 2233225701680, "正式名称": "小宮山歯科医院", "機関区分": 3, "都道府県コード": 22, "市区町村コード": 215, "所在地": "静岡県御殿場市新橋１７９６－３", "緯度": 35.298889, "経度": 138.936127, "url": "https://www.iryou.teikyouseido.mhlw.go.jp/znk-web/juminkanja/S2430/initialize?prefCd=22&kikanCd=3225701680&kikanKbn=3", "url2": null, "内容": "小宮山歯科医院【3:歯科】静岡県御殿場市新橋１７９６－３" }, "geometry": { "type": "Point", "coordinates": [ 138.936127, 35.298889 ] } },
{ "type": "Feature", "properties": { "ID": 2233225701840, "正式名称": "小野歯科医院", "機関区分": 3, "都道府県コード": 22, "市区町村コード": 344, "所在地": "静岡県駿東郡小山町生土６－１", "緯度": 35.361633, "経度": 138.989425, "url": "https://www.iryou.teikyouseido.mhlw.go.jp/znk-web/juminkanja/S2430/initialize?prefCd=22&kikanCd=3225701840&kikanKbn=3", "url2": "http://www.onoshikaiin.com/", "内容": "小野歯科医院【3:歯科】静岡県駿東郡小山町生土６－１" }, "geometry": { "type": "Point", "coordinates": [ 138.989425, 35.361633 ] } },
{ "type": "Feature", "properties": { "ID": 2233225701970, "正式名称": "須走歯科医院", "機関区分": 3, "都道府県コード": 22, "市区町村コード": 344, "所在地": "静岡県駿東郡小山町須走２７８－４", "緯度": 35.360742, "経度": 138.868741, "url": "https://www.iryou.teikyouseido.mhlw.go.jp/znk-web/juminkanja/S2430/initialize?prefCd=22&kikanCd=3225701970&kikanKbn=3", "url2": "http://www.subashiri-dental.com/", "内容": "須走歯科医院【3:歯科】静岡県駿東郡小山町須走２７８－４" }, "geometry": { "type": "Point", "coordinates": [ 138.868741, 35.360742 ] } },
{ "type": "Feature", "properties": { "ID": 2233225702140, "正式名称": "第一歯科医院", "機関区分": 3, "都道府県コード": 22, "市区町村コード": 215, "所在地": "静岡県御殿場市茱萸沢６８－１", "緯度": 35.30986, "経度": 138.924739, "url": "https://www.iryou.teikyouseido.mhlw.go.jp/znk-web/juminkanja/S2430/initialize?prefCd=22&kikanCd=3225702140&kikanKbn=3", "url2": "http://daiichi-dental-clinic.com/", "内容": "第一歯科医院【3:歯科】静岡県御殿場市茱萸沢６８－１" }, "geometry": { "type": "Point", "coordinates": [ 138.924739, 35.30986 ] } },
{ "type": "Feature", "properties": { "ID": 2233225702300, "正式名称": "岩瀬歯科医院", "機関区分": 3, "都道府県コード": 22, "市区町村コード": 215, "所在地": "静岡県御殿場市川島田４２６－１", "緯度": 35.297972, "経度": 138.925822, "url": "https://www.iryou.teikyouseido.mhlw.go.jp/znk-web/juminkanja/S2430/initialize?prefCd=22&kikanCd=3225702300&kikanKbn=3", "url2": null, "内容": "岩瀬歯科医院【3:歯科】静岡県御殿場市川島田４２６－１" }, "geometry": { "type": "Point", "coordinates": [ 138.925822, 35.297972 ] } },
{ "type": "Feature", "properties": { "ID": 2233225702560, "正式名称": "村井歯科医院", "機関区分": 3, "都道府県コード": 22, "市区町村コード": 344, "所在地": "静岡県駿東郡小山町吉久保４４７－３", "緯度": 35.342051, "経度": 138.960206, "url": "https://www.iryou.teikyouseido.mhlw.go.jp/znk-web/juminkanja/S2430/initialize?prefCd=22&kikanCd=3225702560&kikanKbn=3", "url2": "https://www.murai-dental.info", "内容": "村井歯科医院【3:歯科】静岡県駿東郡小山町吉久保４４７－３" }, "geometry": { "type": "Point", "coordinates": [ 138.960206, 35.342051 ] } },
{ "type": "Feature", "properties": { "ID": 2233225702690, "正式名称": "ヤナカ歯科医院", "機関区分": 3, "都道府県コード": 22, "市区町村コード": 215, "所在地": "静岡県御殿場市神山１１１０－１６", "緯度": 35.225396, "経度": 138.91816, "url": "https://www.iryou.teikyouseido.mhlw.go.jp/znk-web/juminkanja/S2430/initialize?prefCd=22&kikanCd=3225702690&kikanKbn=3", "url2": null, "内容": "ヤナカ歯科医院【3:歯科】静岡県御殿場市神山１１１０－１６" }, "geometry": { "type": "Point", "coordinates": [ 138.91816, 35.225396 ] } },
{ "type": "Feature", "properties": { "ID": 2233225702720, "正式名称": "三浦歯科医院", "機関区分": 3, "都道府県コード": 22, "市区町村コード": 215, "所在地": "静岡県御殿場市神山８３３－１", "緯度": 35.229813, "経度": 138.92052, "url": "https://www.iryou.teikyouseido.mhlw.go.jp/znk-web/juminkanja/S2430/initialize?prefCd=22&kikanCd=3225702720&kikanKbn=3", "url2": null, "内容": "三浦歯科医院【3:歯科】静岡県御殿場市神山８３３－１" }, "geometry": { "type": "Point", "coordinates": [ 138.92052, 35.229813 ] } },
{ "type": "Feature", "properties": { "ID": 2233225703020, "正式名称": "マリーン歯科", "機関区分": 3, "都道府県コード": 22, "市区町村コード": 215, "所在地": "静岡県御殿場市茱萸沢１２２６－４", "緯度": 35.304445, "経度": 138.923254, "url": "https://www.iryou.teikyouseido.mhlw.go.jp/znk-web/juminkanja/S2430/initialize?prefCd=22&kikanCd=3225703020&kikanKbn=3", "url2": "http://www.1-abc.com/", "内容": "マリーン歯科【3:歯科】静岡県御殿場市茱萸沢１２２６－４" }, "geometry": { "type": "Point", "coordinates": [ 138.923254, 35.304445 ] } },
{ "type": "Feature", "properties": { "ID": 2233225703310, "正式名称": "いしだ歯科", "機関区分": 3, "都道府県コード": 22, "市区町村コード": 215, "所在地": "静岡県御殿場市茱萸沢１１４３－４", "緯度": 35.306019, "経度": 138.920271, "url": "https://www.iryou.teikyouseido.mhlw.go.jp/znk-web/juminkanja/S2430/initialize?prefCd=22&kikanCd=3225703310&kikanKbn=3", "url2": null, "内容": "いしだ歯科【3:歯科】静岡県御殿場市茱萸沢１１４３－４" }, "geometry": { "type": "Point", "coordinates": [ 138.920271, 35.306019 ] } },
{ "type": "Feature", "properties": { "ID": 2233225703600, "正式名称": "たきがわ矯正歯科", "機関区分": 3, "都道府県コード": 22, "市区町村コード": 215, "所在地": "静岡県御殿場市東田中１－１８－１０　フォーラム２１　２ーＤ", "緯度": 35.303194, "経度": 138.94096, "url": "https://www.iryou.teikyouseido.mhlw.go.jp/znk-web/juminkanja/S2430/initialize?prefCd=22&kikanCd=3225703600&kikanKbn=3", "url2": "http//www2.wbs.ne.jp/~takigawa/", "内容": "たきがわ矯正歯科【3:歯科】静岡県御殿場市東田中１－１８－１０　フォーラム２１　２ーＤ" }, "geometry": { "type": "Point", "coordinates": [ 138.94096, 35.303194 ] } },
{ "type": "Feature", "properties": { "ID": 2233225703730, "正式名称": "さとう歯科医院", "機関区分": 3, "都道府県コード": 22, "市区町村コード": 215, "所在地": "静岡県御殿場市新橋２０７７－４", "緯度": 35.301444, "経度": 138.930516, "url": "https://www.iryou.teikyouseido.mhlw.go.jp/znk-web/juminkanja/S2430/initialize?prefCd=22&kikanCd=3225703730&kikanKbn=3", "url2": "http://sato-dental-clinic..net", "内容": "さとう歯科医院【3:歯科】静岡県御殿場市新橋２０７７－４" }, "geometry": { "type": "Point", "coordinates": [ 138.930516, 35.301444 ] } },
{ "type": "Feature", "properties": { "ID": 2233225704030, "正式名称": "二枚橋歯科医院", "機関区分": 3, "都道府県コード": 22, "市区町村コード": 215, "所在地": "静岡県御殿場市二枚橋２３０", "緯度": 35.308915, "経度": 138.936639, "url": "https://www.iryou.teikyouseido.mhlw.go.jp/znk-web/juminkanja/S2430/initialize?prefCd=22&kikanCd=3225704030&kikanKbn=3", "url2": null, "内容": "二枚橋歯科医院【3:歯科】静岡県御殿場市二枚橋２３０" }, "geometry": { "type": "Point", "coordinates": [ 138.936639, 35.308915 ] } },
{ "type": "Feature", "properties": { "ID": 2233225704160, "正式名称": "いなば歯科クリニック", "機関区分": 3, "都道府県コード": 22, "市区町村コード": 215, "所在地": "静岡県御殿場市新橋１５８４－３", "緯度": 35.29642, "経度": 138.938851, "url": "https://www.iryou.teikyouseido.mhlw.go.jp/znk-web/juminkanja/S2430/initialize?prefCd=22&kikanCd=3225704160&kikanKbn=3", "url2": "https://www.inaba-shika-gotemba.com/", "内容": "いなば歯科クリニック【3:歯科】静岡県御殿場市新橋１５８４－３" }, "geometry": { "type": "Point", "coordinates": [ 138.938851, 35.29642 ] } },
{ "type": "Feature", "properties": { "ID": 2233225704320, "正式名称": "ひまわり歯科クリニック", "機関区分": 3, "都道府県コード": 22, "市区町村コード": 215, "所在地": "静岡県御殿場市保土沢４５４－１", "緯度": 35.296055, "経度": 138.902797, "url": "https://www.iryou.teikyouseido.mhlw.go.jp/znk-web/juminkanja/S2430/initialize?prefCd=22&kikanCd=3225704320&kikanKbn=3", "url2": "http://www.himawari-dent.com", "内容": "ひまわり歯科クリニック【3:歯科】静岡県御殿場市保土沢４５４－１" }, "geometry": { "type": "Point", "coordinates": [ 138.902797, 35.296055 ] } },
{ "type": "Feature", "properties": { "ID": 2233225704450, "正式名称": "高根デンタルクリニック", "機関区分": 3, "都道府県コード": 22, "市区町村コード": 215, "所在地": "静岡県御殿場市山之尻３２７－１", "緯度": 35.325886, "経度": 138.937404, "url": "https://www.iryou.teikyouseido.mhlw.go.jp/znk-web/juminkanja/S2430/initialize?prefCd=22&kikanCd=3225704450&kikanKbn=3", "url2": "http://www.takane-dc.jp/", "内容": "高根デンタルクリニック【3:歯科】静岡県御殿場市山之尻３２７－１" }, "geometry": { "type": "Point", "coordinates": [ 138.937404, 35.325886 ] } },
{ "type": "Feature", "properties": { "ID": 2233225704580, "正式名称": "ビタミンＦ歯科", "機関区分": 3, "都道府県コード": 22, "市区町村コード": 215, "所在地": "静岡県御殿場市川島田１３３４－１０", "緯度": 35.298744, "経度": 138.910346, "url": "https://www.iryou.teikyouseido.mhlw.go.jp/znk-web/juminkanja/S2430/initialize?prefCd=22&kikanCd=3225704580&kikanKbn=3", "url2": "http://www.1-abc.com/", "内容": "ビタミンＦ歯科【3:歯科】静岡県御殿場市川島田１３３４－１０" }, "geometry": { "type": "Point", "coordinates": [ 138.910346, 35.298744 ] } },
{ "type": "Feature", "properties": { "ID": 2233225704610, "正式名称": "そのだ歯科", "機関区分": 3, "都道府県コード": 22, "市区町村コード": 215, "所在地": "静岡県御殿場市東田中１９０９－６", "緯度": 35.287327, "経度": 138.950183, "url": "https://www.iryou.teikyouseido.mhlw.go.jp/znk-web/juminkanja/S2430/initialize?prefCd=22&kikanCd=3225704610&kikanKbn=3", "url2": "https://sonoda-shika.com/access-consultation-hours/", "内容": "そのだ歯科【3:歯科】静岡県御殿場市東田中１９０９－６" }, "geometry": { "type": "Point", "coordinates": [ 138.950183, 35.287327 ] } },
{ "type": "Feature", "properties": { "ID": 2233225704870, "正式名称": "オレンジ歯科御殿場", "機関区分": 3, "都道府県コード": 22, "市区町村コード": 215, "所在地": "静岡県御殿場市神場７４０－４０　１階", "緯度": 35.284272, "経度": 138.904363, "url": "https://www.iryou.teikyouseido.mhlw.go.jp/znk-web/juminkanja/S2430/initialize?prefCd=22&kikanCd=3225704870&kikanKbn=3", "url2": null, "内容": "オレンジ歯科御殿場【3:歯科】静岡県御殿場市神場７４０－４０　１階" }, "geometry": { "type": "Point", "coordinates": [ 138.904363, 35.284272 ] } },
{ "type": "Feature", "properties": { "ID": 2233225704900, "正式名称": "おおば歯科", "機関区分": 3, "都道府県コード": 22, "市区町村コード": 215, "所在地": "静岡県御殿場市萩原９９２－２４６", "緯度": 35.311415, "経度": 138.907397, "url": "https://www.iryou.teikyouseido.mhlw.go.jp/znk-web/juminkanja/S2430/initialize?prefCd=22&kikanCd=3225704900&kikanKbn=3", "url2": "https://oba-dentalclinic.com/", "内容": "おおば歯科【3:歯科】静岡県御殿場市萩原９９２－２４６" }, "geometry": { "type": "Point", "coordinates": [ 138.907397, 35.311415 ] } },
{ "type": "Feature", "properties": { "ID": 2233225705040, "正式名称": "はだ歯科医院", "機関区分": 3, "都道府県コード": 22, "市区町村コード": 215, "所在地": "静岡県御殿場市東田中１４４６－１９", "緯度": 35.291061, "経度": 138.953181, "url": "https://www.iryou.teikyouseido.mhlw.go.jp/znk-web/juminkanja/S2430/initialize?prefCd=22&kikanCd=3225705040&kikanKbn=3", "url2": "https://hada-dental.com/", "内容": "はだ歯科医院【3:歯科】静岡県御殿場市東田中１４４６－１９" }, "geometry": { "type": "Point", "coordinates": [ 138.953181, 35.291061 ] } },
{ "type": "Feature", "properties": { "ID": 2233225705170, "正式名称": "御殿場トーメイ歯科", "機関区分": 3, "都道府県コード": 22, "市区町村コード": 215, "所在地": "静岡県御殿場市東田中１０６２－２", "緯度": 35.296141, "経度": 138.943055, "url": "https://www.iryou.teikyouseido.mhlw.go.jp/znk-web/juminkanja/S2430/initialize?prefCd=22&kikanCd=3225705170&kikanKbn=3", "url2": "https://www.gotemba-dentalclinic.com/", "内容": "御殿場トーメイ歯科【3:歯科】静岡県御殿場市東田中１０６２－２" }, "geometry": { "type": "Point", "coordinates": [ 138.943055, 35.296141 ] } },
{ "type": "Feature", "properties": { "ID": 2233225705330, "正式名称": "医療法人社団エミライク御殿場ささき歯科", "機関区分": 3, "都道府県コード": 22, "市区町村コード": 215, "所在地": "静岡県御殿場市新橋２８７－１", "緯度": 35.296435, "経度": 138.939361, "url": "https://www.iryou.teikyouseido.mhlw.go.jp/znk-web/juminkanja/S2430/initialize?prefCd=22&kikanCd=3225705330&kikanKbn=3", "url2": "https://www.gotemba-sasaki-dc.com/staff/", "内容": "医療法人社団エミライク御殿場ささき歯科【3:歯科】静岡県御殿場市新橋２８７－１" }, "geometry": { "type": "Point", "coordinates": [ 138.939361, 35.296435 ] } },
{ "type": "Feature", "properties": { "ID": 2233225705460, "正式名称": "ビタミンＦ２歯科", "機関区分": 3, "都道府県コード": 22, "市区町村コード": 215, "所在地": "静岡県御殿場市新橋１９３８－１０ふじのやビル２Ｆ", "緯度": 35.301017, "経度": 138.934169, "url": "https://www.iryou.teikyouseido.mhlw.go.jp/znk-web/juminkanja/S2430/initialize?prefCd=22&kikanCd=3225705460&kikanKbn=3", "url2": null, "内容": "ビタミンＦ２歯科【3:歯科】静岡県御殿場市新橋１９３８－１０ふじのやビル２Ｆ" }, "geometry": { "type": "Point", "coordinates": [ 138.934169, 35.301017 ] } },
{ "type": "Feature", "properties": { "ID": 2233225709360, "正式名称": "エコーデンタルクリニック", "機関区分": 3, "都道府県コード": 22, "市区町村コード": 215, "所在地": "静岡県御殿場市大坂４８２", "緯度": 35.250286, "経度": 138.921695, "url": "https://www.iryou.teikyouseido.mhlw.go.jp/znk-web/juminkanja/S2430/initialize?prefCd=22&kikanCd=3225709360&kikanKbn=3", "url2": "http://www.echo-dc.com", "内容": "エコーデンタルクリニック【3:歯科】静岡県御殿場市大坂４８２" }, "geometry": { "type": "Point", "coordinates": [ 138.921695, 35.250286 ] } },
{ "type": "Feature", "properties": { "ID": 2233225800600, "正式名称": "植田歯科医院", "機関区分": 3, "都道府県コード": 22, "市区町村コード": 210, "所在地": "静岡県富士市吉原１－２－３", "緯度": 35.161371, "経度": 138.690265, "url": "https://www.iryou.teikyouseido.mhlw.go.jp/znk-web/juminkanja/S2430/initialize?prefCd=22&kikanCd=3225800600&kikanKbn=3", "url2": null, "内容": "植田歯科医院【3:歯科】静岡県富士市吉原１－２－３" }, "geometry": { "type": "Point", "coordinates": [ 138.690265, 35.161371 ] } },
{ "type": "Feature", "properties": { "ID": 2233225801320, "正式名称": "片岡歯科医院", "機関区分": 3, "都道府県コード": 22, "市区町村コード": 210, "所在地": "静岡県富士市高嶺町１０－３", "緯度": 35.157038, "経度": 138.681266, "url": "https://www.iryou.teikyouseido.mhlw.go.jp/znk-web/juminkanja/S2430/initialize?prefCd=22&kikanCd=3225801320&kikanKbn=3", "url2": null, "内容": "片岡歯科医院【3:歯科】静岡県富士市高嶺町１０－３" }, "geometry": { "type": "Point", "coordinates": [ 138.681266, 35.157038 ] } },
{ "type": "Feature", "properties": { "ID": 2233225801580, "正式名称": "久保田歯科医院", "機関区分": 3, "都道府県コード": 22, "市区町村コード": 210, "所在地": "静岡県富士市松岡９９１", "緯度": 35.162898, "経度": 138.631881, "url": "https://www.iryou.teikyouseido.mhlw.go.jp/znk-web/juminkanja/S2430/initialize?prefCd=22&kikanCd=3225801580&kikanKbn=3", "url2": null, "内容": "久保田歯科医院【3:歯科】静岡県富士市松岡９９１" }, "geometry": { "type": "Point", "coordinates": [ 138.631881, 35.162898 ] } },
{ "type": "Feature", "properties": { "ID": 2233225801870, "正式名称": "後藤歯科医院", "機関区分": 3, "都道府県コード": 22, "市区町村コード": 210, "所在地": "静岡県富士市吉原４－９－１３", "緯度": 35.164649, "経度": 138.682154, "url": "https://www.iryou.teikyouseido.mhlw.go.jp/znk-web/juminkanja/S2430/initialize?prefCd=22&kikanCd=3225801870&kikanKbn=3", "url2": "http://nttbj.itp.ne.jp/0545520834/index.html", "内容": "後藤歯科医院【3:歯科】静岡県富士市吉原４－９－１３" }, "geometry": { "type": "Point", "coordinates": [ 138.682154, 35.164649 ] } },
{ "type": "Feature", "properties": { "ID": 2233225802170, "正式名称": "鈴木歯科医院", "機関区分": 3, "都道府県コード": 22, "市区町村コード": 210, "所在地": "静岡県富士市比奈１４９６－２", "緯度": 35.165872, "経度": 138.723373, "url": "https://www.iryou.teikyouseido.mhlw.go.jp/znk-web/juminkanja/S2430/initialize?prefCd=22&kikanCd=3225802170&kikanKbn=3", "url2": null, "内容": "鈴木歯科医院【3:歯科】静岡県富士市比奈１４９６－２" }, "geometry": { "type": "Point", "coordinates": [ 138.723373, 35.165872 ] } },
{ "type": "Feature", "properties": { "ID": 2233225803630, "正式名称": "鈴川鈴木歯科医院", "機関区分": 3, "都道府県コード": 22, "市区町村コード": 210, "所在地": "静岡県富士市鈴川本町８－１４", "緯度": 35.14379, "経度": 138.705681, "url": "https://www.iryou.teikyouseido.mhlw.go.jp/znk-web/juminkanja/S2430/initialize?prefCd=22&kikanCd=3225803630&kikanKbn=3", "url2": null, "内容": "鈴川鈴木歯科医院【3:歯科】静岡県富士市鈴川本町８－１４" }, "geometry": { "type": "Point", "coordinates": [ 138.705681, 35.14379 ] } },
{ "type": "Feature", "properties": { "ID": 2233225803760, "正式名称": "渡辺歯科", "機関区分": 3, "都道府県コード": 22, "市区町村コード": 210, "所在地": "静岡県富士市久沢２２９－１", "緯度": 35.188285, "経度": 138.651184, "url": "https://www.iryou.teikyouseido.mhlw.go.jp/znk-web/juminkanja/S2430/initialize?prefCd=22&kikanCd=3225803760&kikanKbn=3", "url2": null, "内容": "渡辺歯科【3:歯科】静岡県富士市久沢２２９－１" }, "geometry": { "type": "Point", "coordinates": [ 138.651184, 35.188285 ] } },
{ "type": "Feature", "properties": { "ID": 2233225803890, "正式名称": "庵原歯科医院", "機関区分": 3, "都道府県コード": 22, "市区町村コード": 210, "所在地": "静岡県富士市今泉１－１１－３６", "緯度": 35.163038, "経度": 138.690765, "url": "https://www.iryou.teikyouseido.mhlw.go.jp/znk-web/juminkanja/S2430/initialize?prefCd=22&kikanCd=3225803890&kikanKbn=3", "url2": "https://www.ihara-dental.com", "内容": "庵原歯科医院【3:歯科】静岡県富士市今泉１－１１－３６" }, "geometry": { "type": "Point", "coordinates": [ 138.690765, 35.163038 ] } },
{ "type": "Feature", "properties": { "ID": 2233225805230, "正式名称": "植松歯科医院", "機関区分": 3, "都道府県コード": 22, "市区町村コード": 210, "所在地": "静岡県富士市鷹岡本町２－１", "緯度": 35.187479, "経度": 138.647601, "url": "https://www.iryou.teikyouseido.mhlw.go.jp/znk-web/juminkanja/S2430/initialize?prefCd=22&kikanCd=3225805230&kikanKbn=3", "url2": null, "内容": "植松歯科医院【3:歯科】静岡県富士市鷹岡本町２－１" }, "geometry": { "type": "Point", "coordinates": [ 138.647601, 35.187479 ] } },
{ "type": "Feature", "properties": { "ID": 2233225805490, "正式名称": "斉藤歯科医院", "機関区分": 3, "都道府県コード": 22, "市区町村コード": 210, "所在地": "静岡県富士市一色２１０－１", "緯度": 35.187091, "経度": 138.692718, "url": "https://www.iryou.teikyouseido.mhlw.go.jp/znk-web/juminkanja/S2430/initialize?prefCd=22&kikanCd=3225805490&kikanKbn=3", "url2": "http://dent-saito.jimdo.com/", "内容": "斉藤歯科医院【3:歯科】静岡県富士市一色２１０－１" }, "geometry": { "type": "Point", "coordinates": [ 138.692718, 35.187091 ] } },
{ "type": "Feature", "properties": { "ID": 2233225805520, "正式名称": "マキノ歯科医院", "機関区分": 3, "都道府県コード": 22, "市区町村コード": 210, "所在地": "静岡県富士市厚原５９４－２", "緯度": 35.185646, "経度": 138.661072, "url": "https://www.iryou.teikyouseido.mhlw.go.jp/znk-web/juminkanja/S2430/initialize?prefCd=22&kikanCd=3225805520&kikanKbn=3", "url2": null, "内容": "マキノ歯科医院【3:歯科】静岡県富士市厚原５９４－２" }, "geometry": { "type": "Point", "coordinates": [ 138.661072, 35.185646 ] } },
{ "type": "Feature", "properties": { "ID": 2233225805940, "正式名称": "片岡歯科医院", "機関区分": 3, "都道府県コード": 22, "市区町村コード": 210, "所在地": "静岡県富士市今泉２０５９－２０", "緯度": 35.171537, "経度": 138.689598, "url": "https://www.iryou.teikyouseido.mhlw.go.jp/znk-web/juminkanja/S2430/initialize?prefCd=22&kikanCd=3225805940&kikanKbn=3", "url2": "http://www.kataoka-dc.jp/", "内容": "片岡歯科医院【3:歯科】静岡県富士市今泉２０５９－２０" }, "geometry": { "type": "Point", "coordinates": [ 138.689598, 35.171537 ] } },
{ "type": "Feature", "properties": { "ID": 2233225806080, "正式名称": "富士市歯科医師会館", "機関区分": 3, "都道府県コード": 22, "市区町村コード": 210, "所在地": "静岡県富士市伝法２８５０－３", "緯度": 35.170537, "経度": 138.674349, "url": "https://www.iryou.teikyouseido.mhlw.go.jp/znk-web/juminkanja/S2430/initialize?prefCd=22&kikanCd=3225806080&kikanKbn=3", "url2": "https://www.fuji8020.jp", "内容": "富士市歯科医師会館【3:歯科】静岡県富士市伝法２８５０－３" }, "geometry": { "type": "Point", "coordinates": [ 138.674349, 35.170537 ] } },
{ "type": "Feature", "properties": { "ID": 2233225806790, "正式名称": "北條歯科医院", "機関区分": 3, "都道府県コード": 22, "市区町村コード": 210, "所在地": "静岡県富士市横割６－９－３９", "緯度": 35.144317, "経度": 138.659018, "url": "https://www.iryou.teikyouseido.mhlw.go.jp/znk-web/juminkanja/S2430/initialize?prefCd=22&kikanCd=3225806790&kikanKbn=3", "url2": null, "内容": "北條歯科医院【3:歯科】静岡県富士市横割６－９－３９" }, "geometry": { "type": "Point", "coordinates": [ 138.659018, 35.144317 ] } },
{ "type": "Feature", "properties": { "ID": 2233225806950, "正式名称": "吉田歯科医院", "機関区分": 3, "都道府県コード": 22, "市区町村コード": 210, "所在地": "静岡県富士市宮島８１８－６", "緯度": 35.134457, "経度": 138.658963, "url": "https://www.iryou.teikyouseido.mhlw.go.jp/znk-web/juminkanja/S2430/initialize?prefCd=22&kikanCd=3225806950&kikanKbn=3", "url2": null, "内容": "吉田歯科医院【3:歯科】静岡県富士市宮島８１８－６" }, "geometry": { "type": "Point", "coordinates": [ 138.658963, 35.134457 ] } },
{ "type": "Feature", "properties": { "ID": 2233225807090, "正式名称": "富士根歯科医院", "機関区分": 3, "都道府県コード": 22, "市区町村コード": 210, "所在地": "静岡県富士市天間１３２１－１", "緯度": 35.205116, "経度": 138.642239, "url": "https://www.iryou.teikyouseido.mhlw.go.jp/znk-web/juminkanja/S2430/initialize?prefCd=22&kikanCd=3225807090&kikanKbn=3", "url2": "http:/www.fujinedc.info", "内容": "富士根歯科医院【3:歯科】静岡県富士市天間１３２１－１" }, "geometry": { "type": "Point", "coordinates": [ 138.642239, 35.205116 ] } },
{ "type": "Feature", "properties": { "ID": 2233225807120, "正式名称": "遠藤歯科医院", "機関区分": 3, "都道府県コード": 22, "市区町村コード": 210, "所在地": "静岡県富士市松本１３７－１", "緯度": 35.16912, "経度": 138.648268, "url": "https://www.iryou.teikyouseido.mhlw.go.jp/znk-web/juminkanja/S2430/initialize?prefCd=22&kikanCd=3225807120&kikanKbn=3", "url2": "http://endo.dentalmall.jp/", "内容": "遠藤歯科医院【3:歯科】静岡県富士市松本１３７－１" }, "geometry": { "type": "Point", "coordinates": [ 138.648268, 35.16912 ] } },
{ "type": "Feature", "properties": { "ID": 2233225807250, "正式名称": "荻野歯科医院", "機関区分": 3, "都道府県コード": 22, "市区町村コード": 210, "所在地": "静岡県富士市富士岡１４６２", "緯度": 35.165261, "経度": 138.727123, "url": "https://www.iryou.teikyouseido.mhlw.go.jp/znk-web/juminkanja/S2430/initialize?prefCd=22&kikanCd=3225807250&kikanKbn=3", "url2": null, "内容": "荻野歯科医院【3:歯科】静岡県富士市富士岡１４６２" }, "geometry": { "type": "Point", "coordinates": [ 138.727123, 35.165261 ] } },
{ "type": "Feature", "properties": { "ID": 2233225807380, "正式名称": "秋庭歯科矯正歯科医院", "機関区分": 3, "都道府県コード": 22, "市区町村コード": 210, "所在地": "静岡県富士市浅間上町１３－４１", "緯度": 35.170342, "経度": 138.675905, "url": "https://www.iryou.teikyouseido.mhlw.go.jp/znk-web/juminkanja/S2430/initialize?prefCd=22&kikanCd=3225807380&kikanKbn=3", "url2": null, "内容": "秋庭歯科矯正歯科医院【3:歯科】静岡県富士市浅間上町１３－４１" }, "geometry": { "type": "Point", "coordinates": [ 138.675905, 35.170342 ] } },
{ "type": "Feature", "properties": { "ID": 2233225807540, "正式名称": "医療法人社団元氣会西村歯科医院", "機関区分": 3, "都道府県コード": 22, "市区町村コード": 210, "所在地": "静岡県富士市岩本１０２－１", "緯度": 35.167786, "経度": 138.637297, "url": "https://www.iryou.teikyouseido.mhlw.go.jp/znk-web/juminkanja/S2430/initialize?prefCd=22&kikanCd=3225807540&kikanKbn=3", "url2": "418nishumura.com", "内容": "医療法人社団元氣会西村歯科医院【3:歯科】静岡県富士市岩本１０２－１" }, "geometry": { "type": "Point", "coordinates": [ 138.637297, 35.167786 ] } },
{ "type": "Feature", "properties": { "ID": 2233225807670, "正式名称": "大塔歯科クリニック", "機関区分": 3, "都道府県コード": 22, "市区町村コード": 210, "所在地": "静岡県富士市松岡３４６－５", "緯度": 35.169092, "経度": 138.639824, "url": "https://www.iryou.teikyouseido.mhlw.go.jp/znk-web/juminkanja/S2430/initialize?prefCd=22&kikanCd=3225807670&kikanKbn=3", "url2": null, "内容": "大塔歯科クリニック【3:歯科】静岡県富士市松岡３４６－５" }, "geometry": { "type": "Point", "coordinates": [ 138.639824, 35.169092 ] } },
{ "type": "Feature", "properties": { "ID": 2233225807700, "正式名称": "鈴福歯科医院", "機関区分": 3, "都道府県コード": 22, "市区町村コード": 210, "所在地": "静岡県富士市原田４０１－８", "緯度": 35.167066, "経度": 138.712374, "url": "https://www.iryou.teikyouseido.mhlw.go.jp/znk-web/juminkanja/S2430/initialize?prefCd=22&kikanCd=3225807700&kikanKbn=3", "url2": null, "内容": "鈴福歯科医院【3:歯科】静岡県富士市原田４０１－８" }, "geometry": { "type": "Point", "coordinates": [ 138.712374, 35.167066 ] } },
{ "type": "Feature", "properties": { "ID": 2233225807830, "正式名称": "こぐれ歯科クリニック", "機関区分": 3, "都道府県コード": 22, "市区町村コード": 210, "所在地": "静岡県富士市厚原１４２７－２１", "緯度": 35.196173, "経度": 138.655266, "url": "https://www.iryou.teikyouseido.mhlw.go.jp/znk-web/juminkanja/S2430/initialize?prefCd=22&kikanCd=3225807830&kikanKbn=3", "url2": "http://koguredental.com", "内容": "こぐれ歯科クリニック【3:歯科】静岡県富士市厚原１４２７－２１" }, "geometry": { "type": "Point", "coordinates": [ 138.655266, 35.196173 ] } },
{ "type": "Feature", "properties": { "ID": 2233225808000, "正式名称": "清水歯科", "機関区分": 3, "都道府県コード": 22, "市区町村コード": 210, "所在地": "静岡県富士市加島町２－１２", "緯度": 35.15826, "経度": 138.649519, "url": "https://www.iryou.teikyouseido.mhlw.go.jp/znk-web/juminkanja/S2430/initialize?prefCd=22&kikanCd=3225808000&kikanKbn=3", "url2": null, "内容": "清水歯科【3:歯科】静岡県富士市加島町２－１２" }, "geometry": { "type": "Point", "coordinates": [ 138.649519, 35.15826 ] } },
{ "type": "Feature", "properties": { "ID": 2233225808390, "正式名称": "小山矯正歯科クリニック", "機関区分": 3, "都道府県コード": 22, "市区町村コード": 210, "所在地": "静岡県富士市元町１９－１", "緯度": 35.154955, "経度": 138.64638, "url": "https://www.iryou.teikyouseido.mhlw.go.jp/znk-web/juminkanja/S2430/initialize?prefCd=22&kikanCd=3225808390&kikanKbn=3", "url2": null, "内容": "小山矯正歯科クリニック【3:歯科】静岡県富士市元町１９－１" }, "geometry": { "type": "Point", "coordinates": [ 138.64638, 35.154955 ] } },
{ "type": "Feature", "properties": { "ID": 2233225808680, "正式名称": "太田歯科医院", "機関区分": 3, "都道府県コード": 22, "市区町村コード": 210, "所在地": "静岡県富士市加島町４－１", "緯度": 35.158399, "経度": 138.649907, "url": "https://www.iryou.teikyouseido.mhlw.go.jp/znk-web/juminkanja/S2430/initialize?prefCd=22&kikanCd=3225808680&kikanKbn=3", "url2": "https://otadental.net", "内容": "太田歯科医院【3:歯科】静岡県富士市加島町４－１" }, "geometry": { "type": "Point", "coordinates": [ 138.649907, 35.158399 ] } },
{ "type": "Feature", "properties": { "ID": 2233225808710, "正式名称": "かたおか矯正歯科医院", "機関区分": 3, "都道府県コード": 22, "市区町村コード": 210, "所在地": "静岡県富士市吉原２－６－３", "緯度": 35.16301, "経度": 138.686293, "url": "https://www.iryou.teikyouseido.mhlw.go.jp/znk-web/juminkanja/S2430/initialize?prefCd=22&kikanCd=3225808710&kikanKbn=3", "url2": "https://www.kataoka-ortho.com", "内容": "かたおか矯正歯科医院【3:歯科】静岡県富士市吉原２－６－３" }, "geometry": { "type": "Point", "coordinates": [ 138.686293, 35.16301 ] } },
{ "type": "Feature", "properties": { "ID": 2233225808840, "正式名称": "近藤歯科医院", "機関区分": 3, "都道府県コード": 22, "市区町村コード": 210, "所在地": "静岡県富士市平垣１４０－２", "緯度": 35.161482, "経度": 138.648768, "url": "https://www.iryou.teikyouseido.mhlw.go.jp/znk-web/juminkanja/S2430/initialize?prefCd=22&kikanCd=3225808840&kikanKbn=3", "url2": null, "内容": "近藤歯科医院【3:歯科】静岡県富士市平垣１４０－２" }, "geometry": { "type": "Point", "coordinates": [ 138.648768, 35.161482 ] } },
{ "type": "Feature", "properties": { "ID": 2233225809270, "正式名称": "植松秀紀歯科医院", "機関区分": 3, "都道府県コード": 22, "市区町村コード": 210, "所在地": "静岡県富士市蓼原６４－２", "緯度": 35.15601, "経度": 138.663601, "url": "https://www.iryou.teikyouseido.mhlw.go.jp/znk-web/juminkanja/S2430/initialize?prefCd=22&kikanCd=3225809270&kikanKbn=3", "url2": null, "内容": "植松秀紀歯科医院【3:歯科】静岡県富士市蓼原６４－２" }, "geometry": { "type": "Point", "coordinates": [ 138.663601, 35.15601 ] } },
{ "type": "Feature", "properties": { "ID": 2233225809430, "正式名称": "医療法人社団　明愛会　斉藤歯科医院", "機関区分": 3, "都道府県コード": 22, "市区町村コード": 210, "所在地": "静岡県富士市吉原４－７－２２", "緯度": 35.163957, "経度": 138.682694, "url": "https://www.iryou.teikyouseido.mhlw.go.jp/znk-web/juminkanja/S2430/initialize?prefCd=22&kikanCd=3225809430&kikanKbn=3", "url2": "http://www.saitoshika.com/", "内容": "医療法人社団　明愛会　斉藤歯科医院【3:歯科】静岡県富士市吉原４－７－２２" }, "geometry": { "type": "Point", "coordinates": [ 138.682694, 35.163957 ] } },
{ "type": "Feature", "properties": { "ID": 2233225809690, "正式名称": "杉村歯科医院", "機関区分": 3, "都道府県コード": 22, "市区町村コード": 210, "所在地": "静岡県富士市中野６１６－２", "緯度": 35.193562, "経度": 138.679626, "url": "https://www.iryou.teikyouseido.mhlw.go.jp/znk-web/juminkanja/S2430/initialize?prefCd=22&kikanCd=3225809690&kikanKbn=3", "url2": "fuji-kimuradental.com/", "内容": "杉村歯科医院【3:歯科】静岡県富士市中野６１６－２" }, "geometry": { "type": "Point", "coordinates": [ 138.679626, 35.193562 ] } },
{ "type": "Feature", "properties": { "ID": 2233225809720, "正式名称": "大村歯科医院", "機関区分": 3, "都道府県コード": 22, "市区町村コード": 210, "所在地": "静岡県富士市鷹岡本町３－４６", "緯度": 35.18634, "経度": 138.647295, "url": "https://www.iryou.teikyouseido.mhlw.go.jp/znk-web/juminkanja/S2430/initialize?prefCd=22&kikanCd=3225809720&kikanKbn=3", "url2": null, "内容": "大村歯科医院【3:歯科】静岡県富士市鷹岡本町３－４６" }, "geometry": { "type": "Point", "coordinates": [ 138.647295, 35.18634 ] } },
{ "type": "Feature", "properties": { "ID": 2233225809980, "正式名称": "坂田歯科医院", "機関区分": 3, "都道府県コード": 22, "市区町村コード": 210, "所在地": "静岡県富士市伝法２６４６－１", "緯度": 35.174981, "経度": 138.668655, "url": "https://www.iryou.teikyouseido.mhlw.go.jp/znk-web/juminkanja/S2430/initialize?prefCd=22&kikanCd=3225809980&kikanKbn=3", "url2": null, "内容": "坂田歯科医院【3:歯科】静岡県富士市伝法２６４６－１" }, "geometry": { "type": "Point", "coordinates": [ 138.668655, 35.174981 ] } },
{ "type": "Feature", "properties": { "ID": 2233225810090, "正式名称": "医療法人社団井出歯科医院", "機関区分": 3, "都道府県コード": 22, "市区町村コード": 210, "所在地": "静岡県富士市入山瀬２－３－７６", "緯度": 35.190006, "経度": 138.644601, "url": "https://www.iryou.teikyouseido.mhlw.go.jp/znk-web/juminkanja/S2430/initialize?prefCd=22&kikanCd=3225810090&kikanKbn=3", "url2": "https://.ideshika.jp/", "内容": "医療法人社団井出歯科医院【3:歯科】静岡県富士市入山瀬２－３－７６" }, "geometry": { "type": "Point", "coordinates": [ 138.644601, 35.190006 ] } },
{ "type": "Feature", "properties": { "ID": 2233225810120, "正式名称": "若月歯科医院", "機関区分": 3, "都道府県コード": 22, "市区町村コード": 210, "所在地": "静岡県富士市富士町７－１３　ひかりビル２階", "緯度": 35.152149, "経度": 138.649658, "url": "https://www.iryou.teikyouseido.mhlw.go.jp/znk-web/juminkanja/S2430/initialize?prefCd=22&kikanCd=3225810120&kikanKbn=3", "url2": "http://www.shika-town.com/personal.php?per=&cl=23015", "内容": "若月歯科医院【3:歯科】静岡県富士市富士町７－１３　ひかりビル２階" }, "geometry": { "type": "Point", "coordinates": [ 138.649658, 35.152149 ] } },
{ "type": "Feature", "properties": { "ID": 2233225810380, "正式名称": "コスモ歯科医院", "機関区分": 3, "都道府県コード": 22, "市区町村コード": 210, "所在地": "静岡県富士市大淵１７４－１６", "緯度": 35.188813, "経度": 138.684959, "url": "https://www.iryou.teikyouseido.mhlw.go.jp/znk-web/juminkanja/S2430/initialize?prefCd=22&kikanCd=3225810380&kikanKbn=3", "url2": "http://web.thn.jp/cosmodc", "内容": "コスモ歯科医院【3:歯科】静岡県富士市大淵１７４－１６" }, "geometry": { "type": "Point", "coordinates": [ 138.684959, 35.188813 ] } },
{ "type": "Feature", "properties": { "ID": 2233225810540, "正式名称": "栗田歯科医院", "機関区分": 3, "都道府県コード": 22, "市区町村コード": 210, "所在地": "静岡県富士市松岡１３５９－２", "緯度": 35.149829, "経度": 138.639612, "url": "https://www.iryou.teikyouseido.mhlw.go.jp/znk-web/juminkanja/S2430/initialize?prefCd=22&kikanCd=3225810540&kikanKbn=3", "url2": null, "内容": "栗田歯科医院【3:歯科】静岡県富士市松岡１３５９－２" }, "geometry": { "type": "Point", "coordinates": [ 138.639612, 35.149829 ] } },
{ "type": "Feature", "properties": { "ID": 2233225810670, "正式名称": "加藤歯科医院", "機関区分": 3, "都道府県コード": 22, "市区町村コード": 210, "所在地": "静岡県富士市御幸町１３－６", "緯度": 35.160094, "経度": 138.685432, "url": "https://www.iryou.teikyouseido.mhlw.go.jp/znk-web/juminkanja/S2430/initialize?prefCd=22&kikanCd=3225810670&kikanKbn=3", "url2": "http://katoshika.la.coocan.jp/", "内容": "加藤歯科医院【3:歯科】静岡県富士市御幸町１３－６" }, "geometry": { "type": "Point", "coordinates": [ 138.685432, 35.160094 ] } },
{ "type": "Feature", "properties": { "ID": 2233225810830, "正式名称": "石塚歯科医院", "機関区分": 3, "都道府県コード": 22, "市区町村コード": 210, "所在地": "静岡県富士市鈴川町９－２８", "緯度": 35.142596, "経度": 138.702182, "url": "https://www.iryou.teikyouseido.mhlw.go.jp/znk-web/juminkanja/S2430/initialize?prefCd=22&kikanCd=3225810830&kikanKbn=3", "url2": null, "内容": "石塚歯科医院【3:歯科】静岡県富士市鈴川町９－２８" }, "geometry": { "type": "Point", "coordinates": [ 138.702182, 35.142596 ] } },
{ "type": "Feature", "properties": { "ID": 2233225811000, "正式名称": "元町歯科医院", "機関区分": 3, "都道府県コード": 22, "市区町村コード": 210, "所在地": "静岡県富士市元町１２－２７", "緯度": 35.153621, "経度": 138.645769, "url": "https://www.iryou.teikyouseido.mhlw.go.jp/znk-web/juminkanja/S2430/initialize?prefCd=22&kikanCd=3225811000&kikanKbn=3", "url2": "www.d-motomachi.com", "内容": "元町歯科医院【3:歯科】静岡県富士市元町１２－２７" }, "geometry": { "type": "Point", "coordinates": [ 138.645769, 35.153621 ] } },
{ "type": "Feature", "properties": { "ID": 2233225811260, "正式名称": "土屋歯科医院", "機関区分": 3, "都道府県コード": 22, "市区町村コード": 210, "所在地": "静岡県富士市中里２４７－２０", "緯度": 35.160478, "経度": 138.731202, "url": "https://www.iryou.teikyouseido.mhlw.go.jp/znk-web/juminkanja/S2430/initialize?prefCd=22&kikanCd=3225811260&kikanKbn=3", "url2": null, "内容": "土屋歯科医院【3:歯科】静岡県富士市中里２４７－２０" }, "geometry": { "type": "Point", "coordinates": [ 138.731202, 35.160478 ] } },
{ "type": "Feature", "properties": { "ID": 2233225811420, "正式名称": "宮本歯科", "機関区分": 3, "都道府県コード": 22, "市区町村コード": 210, "所在地": "静岡県富士市富士町１４－３", "緯度": 35.153316, "経度": 138.64913, "url": "https://www.iryou.teikyouseido.mhlw.go.jp/znk-web/juminkanja/S2430/initialize?prefCd=22&kikanCd=3225811420&kikanKbn=3", "url2": "www.miyamotsika.net", "内容": "宮本歯科【3:歯科】静岡県富士市富士町１４－３" }, "geometry": { "type": "Point", "coordinates": [ 138.64913, 35.153316 ] } },
{ "type": "Feature", "properties": { "ID": 2233225811550, "正式名称": "鈴木歯科クリニック", "機関区分": 3, "都道府県コード": 22, "市区町村コード": 210, "所在地": "静岡県富士市松岡３６２－５", "緯度": 35.167287, "経度": 138.639075, "url": "https://www.iryou.teikyouseido.mhlw.go.jp/znk-web/juminkanja/S2430/initialize?prefCd=22&kikanCd=3225811550&kikanKbn=3", "url2": null, "内容": "鈴木歯科クリニック【3:歯科】静岡県富士市松岡３６２－５" }, "geometry": { "type": "Point", "coordinates": [ 138.639075, 35.167287 ] } },
{ "type": "Feature", "properties": { "ID": 2233225811680, "正式名称": "吉田歯科クリニック", "機関区分": 3, "都道府県コード": 22, "市区町村コード": 210, "所在地": "静岡県富士市富士町１６－１８", "緯度": 35.153343, "経度": 138.649737, "url": "https://www.iryou.teikyouseido.mhlw.go.jp/znk-web/juminkanja/S2430/initialize?prefCd=22&kikanCd=3225811680&kikanKbn=3", "url2": null, "内容": "吉田歯科クリニック【3:歯科】静岡県富士市富士町１６－１８" }, "geometry": { "type": "Point", "coordinates": [ 138.649737, 35.153343 ] } },
{ "type": "Feature", "properties": { "ID": 2233225811970, "正式名称": "杉山歯科クリニック", "機関区分": 3, "都道府県コード": 22, "市区町村コード": 210, "所在地": "静岡県富士市依田原町３－２", "緯度": 35.159955, "経度": 138.690182, "url": "https://www.iryou.teikyouseido.mhlw.go.jp/znk-web/juminkanja/S2430/initialize?prefCd=22&kikanCd=3225811970&kikanKbn=3", "url2": null, "内容": "杉山歯科クリニック【3:歯科】静岡県富士市依田原町３－２" }, "geometry": { "type": "Point", "coordinates": [ 138.690182, 35.159955 ] } },
{ "type": "Feature", "properties": { "ID": 2233225812010, "正式名称": "飯田歯科医院", "機関区分": 3, "都道府県コード": 22, "市区町村コード": 210, "所在地": "静岡県富士市本市場町７１８", "緯度": 35.159066, "経度": 138.662767, "url": "https://www.iryou.teikyouseido.mhlw.go.jp/znk-web/juminkanja/S2430/initialize?prefCd=22&kikanCd=3225812010&kikanKbn=3", "url2": "https://iidashika.com/", "内容": "飯田歯科医院【3:歯科】静岡県富士市本市場町７１８" }, "geometry": { "type": "Point", "coordinates": [ 138.662767, 35.159066 ] } },
{ "type": "Feature", "properties": { "ID": 2233225812140, "正式名称": "望月歯科クリニック", "機関区分": 3, "都道府県コード": 22, "市区町村コード": 210, "所在地": "静岡県富士市水戸島１１０－５", "緯度": 35.145622, "経度": 138.651325, "url": "https://www.iryou.teikyouseido.mhlw.go.jp/znk-web/juminkanja/S2430/initialize?prefCd=22&kikanCd=3225812140&kikanKbn=3", "url2": null, "内容": "望月歯科クリニック【3:歯科】静岡県富士市水戸島１１０－５" }, "geometry": { "type": "Point", "coordinates": [ 138.651325, 35.145622 ] } },
{ "type": "Feature", "properties": { "ID": 2233225812430, "正式名称": "ホシナ歯科クリニック", "機関区分": 3, "都道府県コード": 22, "市区町村コード": 210, "所在地": "静岡県富士市中島４５８－７", "緯度": 35.163454, "経度": 138.654407, "url": "https://www.iryou.teikyouseido.mhlw.go.jp/znk-web/juminkanja/S2430/initialize?prefCd=22&kikanCd=3225812430&kikanKbn=3", "url2": "http://www7b.biglobe.ne.jp/~hoshinadental/", "内容": "ホシナ歯科クリニック【3:歯科】静岡県富士市中島４５８－７" }, "geometry": { "type": "Point", "coordinates": [ 138.654407, 35.163454 ] } },
{ "type": "Feature", "properties": { "ID": 2233225812560, "正式名称": "和田歯科クリニック", "機関区分": 3, "都道府県コード": 22, "市区町村コード": 210, "所在地": "静岡県富士市平垣本町６－４１", "緯度": 35.154594, "経度": 138.650158, "url": "https://www.iryou.teikyouseido.mhlw.go.jp/znk-web/juminkanja/S2430/initialize?prefCd=22&kikanCd=3225812560&kikanKbn=3", "url2": null, "内容": "和田歯科クリニック【3:歯科】静岡県富士市平垣本町６－４１" }, "geometry": { "type": "Point", "coordinates": [ 138.650158, 35.154594 ] } },
{ "type": "Feature", "properties": { "ID": 2233225812690, "正式名称": "秋元歯科医院", "機関区分": 3, "都道府県コード": 22, "市区町村コード": 210, "所在地": "静岡県富士市中央町２丁目１－１２", "緯度": 35.163232, "経度": 138.682793, "url": "https://www.iryou.teikyouseido.mhlw.go.jp/znk-web/juminkanja/S2430/initialize?prefCd=22&kikanCd=3225812690&kikanKbn=3", "url2": "akimoto-dental.com", "内容": "秋元歯科医院【3:歯科】静岡県富士市中央町２丁目１－１２" }, "geometry": { "type": "Point", "coordinates": [ 138.682793, 35.163232 ] } },
{ "type": "Feature", "properties": { "ID": 2233225812720, "正式名称": "窪田歯科医院", "機関区分": 3, "都道府県コード": 22, "市区町村コード": 210, "所在地": "静岡県富士市富士見台６－３－２", "緯度": 35.182592, "経度": 138.713873, "url": "https://www.iryou.teikyouseido.mhlw.go.jp/znk-web/juminkanja/S2430/initialize?prefCd=22&kikanCd=3225812720&kikanKbn=3", "url2": null, "内容": "窪田歯科医院【3:歯科】静岡県富士市富士見台６－３－２" }, "geometry": { "type": "Point", "coordinates": [ 138.713873, 35.182592 ] } },
{ "type": "Feature", "properties": { "ID": 2233225812850, "正式名称": "石井歯科医院", "機関区分": 3, "都道府県コード": 22, "市区町村コード": 210, "所在地": "静岡県富士市神戸字島原１５－２", "緯度": 35.18848, "経度": 138.707679, "url": "https://www.iryou.teikyouseido.mhlw.go.jp/znk-web/juminkanja/S2430/initialize?prefCd=22&kikanCd=3225812850&kikanKbn=3", "url2": null, "内容": "石井歯科医院【3:歯科】静岡県富士市神戸字島原１５－２" }, "geometry": { "type": "Point", "coordinates": [ 138.707679, 35.18848 ] } },
{ "type": "Feature", "properties": { "ID": 2233225813150, "正式名称": "塔の木歯科医院", "機関区分": 3, "都道府県コード": 22, "市区町村コード": 210, "所在地": "静岡県富士市蓼原２２", "緯度": 35.157038, "経度": 138.664601, "url": "https://www.iryou.teikyouseido.mhlw.go.jp/znk-web/juminkanja/S2430/initialize?prefCd=22&kikanCd=3225813150&kikanKbn=3", "url2": null, "内容": "塔の木歯科医院【3:歯科】静岡県富士市蓼原２２" }, "geometry": { "type": "Point", "coordinates": [ 138.664601, 35.157038 ] } },
{ "type": "Feature", "properties": { "ID": 2233225813280, "正式名称": "水上歯科医院", "機関区分": 3, "都道府県コード": 22, "市区町村コード": 210, "所在地": "静岡県富士市宮下９７－８", "緯度": 35.141595, "経度": 138.637881, "url": "https://www.iryou.teikyouseido.mhlw.go.jp/znk-web/juminkanja/S2430/initialize?prefCd=22&kikanCd=3225813280&kikanKbn=3", "url2": null, "内容": "水上歯科医院【3:歯科】静岡県富士市宮下９７－８" }, "geometry": { "type": "Point", "coordinates": [ 138.637881, 35.141595 ] } },
{ "type": "Feature", "properties": { "ID": 2233225813310, "正式名称": "小池歯科医院", "機関区分": 3, "都道府県コード": 22, "市区町村コード": 210, "所在地": "静岡県富士市石坂８４－３", "緯度": 35.176453, "経度": 138.682459, "url": "https://www.iryou.teikyouseido.mhlw.go.jp/znk-web/juminkanja/S2430/initialize?prefCd=22&kikanCd=3225813310&kikanKbn=3", "url2": null, "内容": "小池歯科医院【3:歯科】静岡県富士市石坂８４－３" }, "geometry": { "type": "Point", "coordinates": [ 138.682459, 35.176453 ] } },
{ "type": "Feature", "properties": { "ID": 2233225813570, "正式名称": "影山歯科", "機関区分": 3, "都道府県コード": 22, "市区町村コード": 210, "所在地": "静岡県富士市森島４３４－３", "緯度": 35.140873, "経度": 138.647436, "url": "https://www.iryou.teikyouseido.mhlw.go.jp/znk-web/juminkanja/S2430/initialize?prefCd=22&kikanCd=3225813570&kikanKbn=3", "url2": null, "内容": "影山歯科【3:歯科】静岡県富士市森島４３４－３" }, "geometry": { "type": "Point", "coordinates": [ 138.647436, 35.140873 ] } },
{ "type": "Feature", "properties": { "ID": 2233225813730, "正式名称": "しん歯科医院", "機関区分": 3, "都道府県コード": 22, "市区町村コード": 210, "所在地": "静岡県富士市一色７１８－１", "緯度": 35.201145, "経度": 138.706595, "url": "https://www.iryou.teikyouseido.mhlw.go.jp/znk-web/juminkanja/S2430/initialize?prefCd=22&kikanCd=3225813730&kikanKbn=3", "url2": null, "内容": "しん歯科医院【3:歯科】静岡県富士市一色７１８－１" }, "geometry": { "type": "Point", "coordinates": [ 138.706595, 35.201145 ] } },
{ "type": "Feature", "properties": { "ID": 2233225813990, "正式名称": "ごとう歯科", "機関区分": 3, "都道府県コード": 22, "市区町村コード": 210, "所在地": "静岡県富士市中島４９６－５", "緯度": 35.164648, "経度": 138.653962, "url": "https://www.iryou.teikyouseido.mhlw.go.jp/znk-web/juminkanja/S2430/initialize?prefCd=22&kikanCd=3225813990&kikanKbn=3", "url2": null, "内容": "ごとう歯科【3:歯科】静岡県富士市中島４９６－５" }, "geometry": { "type": "Point", "coordinates": [ 138.653962, 35.164648 ] } },
{ "type": "Feature", "properties": { "ID": 2233225814030, "正式名称": "渡辺矯正歯科医院", "機関区分": 3, "都道府県コード": 22, "市区町村コード": 210, "所在地": "静岡県富士市伝法２８２０－３", "緯度": 35.170898, "経度": 138.671711, "url": "https://www.iryou.teikyouseido.mhlw.go.jp/znk-web/juminkanja/S2430/initialize?prefCd=22&kikanCd=3225814030&kikanKbn=3", "url2": "http://www.fuji-smile.com", "内容": "渡辺矯正歯科医院【3:歯科】静岡県富士市伝法２８２０－３" }, "geometry": { "type": "Point", "coordinates": [ 138.671711, 35.170898 ] } },
{ "type": "Feature", "properties": { "ID": 2233225814160, "正式名称": "尾崎歯科医院", "機関区分": 3, "都道府県コード": 22, "市区町村コード": 210, "所在地": "静岡県富士市鈴川町６－６", "緯度": 35.143346, "経度": 138.704237, "url": "https://www.iryou.teikyouseido.mhlw.go.jp/znk-web/juminkanja/S2430/initialize?prefCd=22&kikanCd=3225814160&kikanKbn=3", "url2": "https://www.ozakidental-cl.com/", "内容": "尾崎歯科医院【3:歯科】静岡県富士市鈴川町６－６" }, "geometry": { "type": "Point", "coordinates": [ 138.704237, 35.143346 ] } },
{ "type": "Feature", "properties": { "ID": 2233225814320, "正式名称": "マコト歯科医院", "機関区分": 3, "都道府県コード": 22, "市区町村コード": 210, "所在地": "静岡県富士市水戸島２－２３－５", "緯度": 35.145713, "経度": 138.646031, "url": "https://www.iryou.teikyouseido.mhlw.go.jp/znk-web/juminkanja/S2430/initialize?prefCd=22&kikanCd=3225814320&kikanKbn=3", "url2": null, "内容": "マコト歯科医院【3:歯科】静岡県富士市水戸島２－２３－５" }, "geometry": { "type": "Point", "coordinates": [ 138.646031, 35.145713 ] } },
{ "type": "Feature", "properties": { "ID": 2233225814450, "正式名称": "大内歯科医院", "機関区分": 3, "都道府県コード": 22, "市区町村コード": 210, "所在地": "静岡県富士市横割１－５－７", "緯度": 35.148931, "経度": 138.654168, "url": "https://www.iryou.teikyouseido.mhlw.go.jp/znk-web/juminkanja/S2430/initialize?prefCd=22&kikanCd=3225814450&kikanKbn=3", "url2": "https://www.facebook.com/OhuchiDental/?ref=bookmarks", "内容": "大内歯科医院【3:歯科】静岡県富士市横割１－５－７" }, "geometry": { "type": "Point", "coordinates": [ 138.654168, 35.148931 ] } },
{ "type": "Feature", "properties": { "ID": 2233225814580, "正式名称": "よしの歯科医院", "機関区分": 3, "都道府県コード": 22, "市区町村コード": 210, "所在地": "静岡県富士市錦町１－１５－２５", "緯度": 35.15851, "経度": 138.678044, "url": "https://www.iryou.teikyouseido.mhlw.go.jp/znk-web/juminkanja/S2430/initialize?prefCd=22&kikanCd=3225814580&kikanKbn=3", "url2": null, "内容": "よしの歯科医院【3:歯科】静岡県富士市錦町１－１５－２５" }, "geometry": { "type": "Point", "coordinates": [ 138.678044, 35.15851 ] } },
{ "type": "Feature", "properties": { "ID": 2233225814740, "正式名称": "小川歯科医院", "機関区分": 3, "都道府県コード": 22, "市区町村コード": 210, "所在地": "静岡県富士市浅間本町６－１０", "緯度": 35.168037, "経度": 138.675405, "url": "https://www.iryou.teikyouseido.mhlw.go.jp/znk-web/juminkanja/S2430/initialize?prefCd=22&kikanCd=3225814740&kikanKbn=3", "url2": null, "内容": "小川歯科医院【3:歯科】静岡県富士市浅間本町６－１０" }, "geometry": { "type": "Point", "coordinates": [ 138.675405, 35.168037 ] } },
{ "type": "Feature", "properties": { "ID": 2233225814870, "正式名称": "図書館前歯科　直立医学研究所", "機関区分": 3, "都道府県コード": 22, "市区町村コード": 210, "所在地": "静岡県富士市中央町３－９－２８", "緯度": 35.163371, "経度": 138.679571, "url": "https://www.iryou.teikyouseido.mhlw.go.jp/znk-web/juminkanja/S2430/initialize?prefCd=22&kikanCd=3225814870&kikanKbn=3", "url2": "http://agozure.com", "内容": "図書館前歯科　直立医学研究所【3:歯科】静岡県富士市中央町３－９－２８" }, "geometry": { "type": "Point", "coordinates": [ 138.679571, 35.163371 ] } },
{ "type": "Feature", "properties": { "ID": 2233225815170, "正式名称": "ちはる歯科", "機関区分": 3, "都道府県コード": 22, "市区町村コード": 207, "所在地": "静岡県富士宮市大岩１１８－２３", "緯度": 35.236468, "経度": 138.627763, "url": "https://www.iryou.teikyouseido.mhlw.go.jp/znk-web/juminkanja/S2430/initialize?prefCd=22&kikanCd=3225815170&kikanKbn=3", "url2": null, "内容": "ちはる歯科【3:歯科】静岡県富士宮市大岩１１８－２３" }, "geometry": { "type": "Point", "coordinates": [ 138.627763, 35.236468 ] } },
{ "type": "Feature", "properties": { "ID": 2233225815200, "正式名称": "加藤歯科医院", "機関区分": 3, "都道府県コード": 22, "市区町村コード": 210, "所在地": "静岡県富士市増川新町１２５", "緯度": 35.160872, "経度": 138.745066, "url": "https://www.iryou.teikyouseido.mhlw.go.jp/znk-web/juminkanja/S2430/initialize?prefCd=22&kikanCd=3225815200&kikanKbn=3", "url2": null, "内容": "加藤歯科医院【3:歯科】静岡県富士市増川新町１２５" }, "geometry": { "type": "Point", "coordinates": [ 138.745066, 35.160872 ] } },
{ "type": "Feature", "properties": { "ID": 2233225815330, "正式名称": "ヒロ歯科医院", "機関区分": 3, "都道府県コード": 22, "市区町村コード": 210, "所在地": "静岡県富士市大淵３１１９－１１", "緯度": 35.211657, "経度": 138.680344, "url": "https://www.iryou.teikyouseido.mhlw.go.jp/znk-web/juminkanja/S2430/initialize?prefCd=22&kikanCd=3225815330&kikanKbn=3", "url2": null, "内容": "ヒロ歯科医院【3:歯科】静岡県富士市大淵３１１９－１１" }, "geometry": { "type": "Point", "coordinates": [ 138.680344, 35.211657 ] } },
{ "type": "Feature", "properties": { "ID": 2233225815460, "正式名称": "中澤歯科医院", "機関区分": 3, "都道府県コード": 22, "市区町村コード": 210, "所在地": "静岡県富士市宮島１１２－２", "緯度": 35.143234, "経度": 138.653963, "url": "https://www.iryou.teikyouseido.mhlw.go.jp/znk-web/juminkanja/S2430/initialize?prefCd=22&kikanCd=3225815460&kikanKbn=3", "url2": "www.nakazawasika.com", "内容": "中澤歯科医院【3:歯科】静岡県富士市宮島１１２－２" }, "geometry": { "type": "Point", "coordinates": [ 138.653963, 35.143234 ] } },
{ "type": "Feature", "properties": { "ID": 2233225815590, "正式名称": "あつはら秋庭歯科クリニック", "機関区分": 3, "都道府県コード": 22, "市区町村コード": 210, "所在地": "静岡県富士市厚原１３１９－１０", "緯度": 35.192062, "経度": 138.66071, "url": "https://www.iryou.teikyouseido.mhlw.go.jp/znk-web/juminkanja/S2430/initialize?prefCd=22&kikanCd=3225815590&kikanKbn=3", "url2": null, "内容": "あつはら秋庭歯科クリニック【3:歯科】静岡県富士市厚原１３１９－１０" }, "geometry": { "type": "Point", "coordinates": [ 138.66071, 35.192062 ] } },
{ "type": "Feature", "properties": { "ID": 2233225815620, "正式名称": "窪田歯科医院", "機関区分": 3, "都道府県コード": 22, "市区町村コード": 207, "所在地": "静岡県富士宮市万野原新田２９０６－１３", "緯度": 35.245889, "経度": 138.62135, "url": "https://www.iryou.teikyouseido.mhlw.go.jp/znk-web/juminkanja/S2430/initialize?prefCd=22&kikanCd=3225815620&kikanKbn=3", "url2": null, "内容": "窪田歯科医院【3:歯科】静岡県富士宮市万野原新田２９０６－１３" }, "geometry": { "type": "Point", "coordinates": [ 138.62135, 35.245889 ] } },
{ "type": "Feature", "properties": { "ID": 2233225815880, "正式名称": "やしき歯科医院", "機関区分": 3, "都道府県コード": 22, "市区町村コード": 210, "所在地": "静岡県富士市永田町２丁目２８－２", "緯度": 35.162091, "経度": 138.67232, "url": "https://www.iryou.teikyouseido.mhlw.go.jp/znk-web/juminkanja/S2430/initialize?prefCd=22&kikanCd=3225815880&kikanKbn=3", "url2": "http://yashiki-dental.com/", "内容": "やしき歯科医院【3:歯科】静岡県富士市永田町２丁目２８－２" }, "geometry": { "type": "Point", "coordinates": [ 138.67232, 35.162091 ] } },
{ "type": "Feature", "properties": { "ID": 2233225815910, "正式名称": "医療法人社団　神谷歯科クリニック", "機関区分": 3, "都道府県コード": 22, "市区町村コード": 210, "所在地": "静岡県富士市今泉３９８３－１４", "緯度": 35.181092, "経度": 138.690875, "url": "https://www.iryou.teikyouseido.mhlw.go.jp/znk-web/juminkanja/S2430/initialize?prefCd=22&kikanCd=3225815910&kikanKbn=3", "url2": "http://www.kamiyashika.jp/", "内容": "医療法人社団　神谷歯科クリニック【3:歯科】静岡県富士市今泉３９８３－１４" }, "geometry": { "type": "Point", "coordinates": [ 138.690875, 35.181092 ] } },
{ "type": "Feature", "properties": { "ID": 2233225816050, "正式名称": "みむら歯科医院", "機関区分": 3, "都道府県コード": 22, "市区町村コード": 207, "所在地": "静岡県富士宮市下条７１番地の５", "緯度": 35.278301, "経度": 138.58088, "url": "https://www.iryou.teikyouseido.mhlw.go.jp/znk-web/juminkanja/S2430/initialize?prefCd=22&kikanCd=3225816050&kikanKbn=3", "url2": null, "内容": "みむら歯科医院【3:歯科】静岡県富士宮市下条７１番地の５" }, "geometry": { "type": "Point", "coordinates": [ 138.58088, 35.278301 ] } },
{ "type": "Feature", "properties": { "ID": 2233225816180, "正式名称": "中央歯科クリニック", "機関区分": 3, "都道府県コード": 22, "市区町村コード": 207, "所在地": "静岡県富士宮市若の宮町２２７", "緯度": 35.231307, "経度": 138.616768, "url": "https://www.iryou.teikyouseido.mhlw.go.jp/znk-web/juminkanja/S2430/initialize?prefCd=22&kikanCd=3225816180&kikanKbn=3", "url2": null, "内容": "中央歯科クリニック【3:歯科】静岡県富士宮市若の宮町２２７" }, "geometry": { "type": "Point", "coordinates": [ 138.616768, 35.231307 ] } },
{ "type": "Feature", "properties": { "ID": 2233225816210, "正式名称": "外神歯科医院", "機関区分": 3, "都道府県コード": 22, "市区町村コード": 207, "所在地": "静岡県富士宮市外神２２１８－１１", "緯度": 35.258582, "経度": 138.61585, "url": "https://www.iryou.teikyouseido.mhlw.go.jp/znk-web/juminkanja/S2430/initialize?prefCd=22&kikanCd=3225816210&kikanKbn=3", "url2": "http://www.togami.dental-net.jp", "内容": "外神歯科医院【3:歯科】静岡県富士宮市外神２２１８－１１" }, "geometry": { "type": "Point", "coordinates": [ 138.61585, 35.258582 ] } },
{ "type": "Feature", "properties": { "ID": 2233225816340, "正式名称": "西町歯科クリニック", "機関区分": 3, "都道府県コード": 22, "市区町村コード": 207, "所在地": "静岡県富士宮市貴船町１－７渡辺ビル３階", "緯度": 35.22528, "経度": 138.603019, "url": "https://www.iryou.teikyouseido.mhlw.go.jp/znk-web/juminkanja/S2430/initialize?prefCd=22&kikanCd=3225816340&kikanKbn=3", "url2": null, "内容": "西町歯科クリニック【3:歯科】静岡県富士宮市貴船町１－７渡辺ビル３階" }, "geometry": { "type": "Point", "coordinates": [ 138.603019, 35.22528 ] } },
{ "type": "Feature", "properties": { "ID": 2233225816630, "正式名称": "ハロースマイル歯科", "機関区分": 3, "都道府県コード": 22, "市区町村コード": 207, "所在地": "静岡県富士宮市浅間町１番８号", "緯度": 35.220169, "経度": 138.611685, "url": "https://www.iryou.teikyouseido.mhlw.go.jp/znk-web/juminkanja/S2430/initialize?prefCd=22&kikanCd=3225816630&kikanKbn=3", "url2": "http://www.hello-smile.jp/mp/", "内容": "ハロースマイル歯科【3:歯科】静岡県富士宮市浅間町１番８号" }, "geometry": { "type": "Point", "coordinates": [ 138.611685, 35.220169 ] } },
{ "type": "Feature", "properties": { "ID": 2233225816890, "正式名称": "望月歯科医院", "機関区分": 3, "都道府県コード": 22, "市区町村コード": 210, "所在地": "静岡県富士市神戸７３６－１", "緯度": 35.190174, "経度": 138.717845, "url": "https://www.iryou.teikyouseido.mhlw.go.jp/znk-web/juminkanja/S2430/initialize?prefCd=22&kikanCd=3225816890&kikanKbn=3", "url2": "https://itp.ne.jp/info/226020867200000899/", "内容": "望月歯科医院【3:歯科】静岡県富士市神戸７３６－１" }, "geometry": { "type": "Point", "coordinates": [ 138.717845, 35.190174 ] } },
{ "type": "Feature", "properties": { "ID": 2233225816920, "正式名称": "やまざき歯科クリニック", "機関区分": 3, "都道府県コード": 22, "市区町村コード": 210, "所在地": "静岡県富士市川成新町２７３", "緯度": 35.134624, "経度": 138.665157, "url": "https://www.iryou.teikyouseido.mhlw.go.jp/znk-web/juminkanja/S2430/initialize?prefCd=22&kikanCd=3225816920&kikanKbn=3", "url2": null, "内容": "やまざき歯科クリニック【3:歯科】静岡県富士市川成新町２７３" }, "geometry": { "type": "Point", "coordinates": [ 138.665157, 35.134624 ] } },
{ "type": "Feature", "properties": { "ID": 2233225817060, "正式名称": "若林歯科クリニック", "機関区分": 3, "都道府県コード": 22, "市区町村コード": 207, "所在地": "静岡県富士宮市田中町１８５－６", "緯度": 35.215892, "経度": 138.615908, "url": "https://www.iryou.teikyouseido.mhlw.go.jp/znk-web/juminkanja/S2430/initialize?prefCd=22&kikanCd=3225817060&kikanKbn=3", "url2": null, "内容": "若林歯科クリニック【3:歯科】静岡県富士宮市田中町１８５－６" }, "geometry": { "type": "Point", "coordinates": [ 138.615908, 35.215892 ] } },
{ "type": "Feature", "properties": { "ID": 2233225817190, "正式名称": "あきやま歯科", "機関区分": 3, "都道府県コード": 22, "市区町村コード": 210, "所在地": "静岡県富士市中野１７５－６", "緯度": 35.210422, "経度": 138.687513, "url": "https://www.iryou.teikyouseido.mhlw.go.jp/znk-web/juminkanja/S2430/initialize?prefCd=22&kikanCd=3225817190&kikanKbn=3", "url2": null, "内容": "あきやま歯科【3:歯科】静岡県富士市中野１７５－６" }, "geometry": { "type": "Point", "coordinates": [ 138.687513, 35.210422 ] } },
{ "type": "Feature", "properties": { "ID": 2233225817220, "正式名称": "小野歯科医院", "機関区分": 3, "都道府県コード": 22, "市区町村コード": 210, "所在地": "静岡県富士市大淵２８６３－３", "緯度": 35.210588, "経度": 138.683847, "url": "https://www.iryou.teikyouseido.mhlw.go.jp/znk-web/juminkanja/S2430/initialize?prefCd=22&kikanCd=3225817220&kikanKbn=3", "url2": null, "内容": "小野歯科医院【3:歯科】静岡県富士市大淵２８６３－３" }, "geometry": { "type": "Point", "coordinates": [ 138.683847, 35.210588 ] } },
{ "type": "Feature", "properties": { "ID": 2233225817350, "正式名称": "てんま歯科", "機関区分": 3, "都道府県コード": 22, "市区町村コード": 210, "所在地": "静岡県富士市天間５３５－１５", "緯度": 35.204227, "経度": 138.640101, "url": "https://www.iryou.teikyouseido.mhlw.go.jp/znk-web/juminkanja/S2430/initialize?prefCd=22&kikanCd=3225817350&kikanKbn=3", "url2": "https://tenmadental.com", "内容": "てんま歯科【3:歯科】静岡県富士市天間５３５－１５" }, "geometry": { "type": "Point", "coordinates": [ 138.640101, 35.204227 ] } },
{ "type": "Feature", "properties": { "ID": 2233225817640, "正式名称": "愛歯科クリニック", "機関区分": 3, "都道府県コード": 22, "市区町村コード": 207, "所在地": "静岡県富士宮市富士見ケ丘４１９－１", "緯度": 35.236973, "経度": 138.621128, "url": "https://www.iryou.teikyouseido.mhlw.go.jp/znk-web/juminkanja/S2430/initialize?prefCd=22&kikanCd=3225817640&kikanKbn=3", "url2": "http//www.love-dental.jp", "内容": "愛歯科クリニック【3:歯科】静岡県富士宮市富士見ケ丘４１９－１" }, "geometry": { "type": "Point", "coordinates": [ 138.621128, 35.236973 ] } },
{ "type": "Feature", "properties": { "ID": 2233225817770, "正式名称": "メロディー歯科", "機関区分": 3, "都道府県コード": 22, "市区町村コード": 210, "所在地": "静岡県富士市今泉九丁目７番２４号", "緯度": 35.16953, "経度": 138.684993, "url": "https://www.iryou.teikyouseido.mhlw.go.jp/znk-web/juminkanja/S2430/initialize?prefCd=22&kikanCd=3225817770&kikanKbn=3", "url2": "http://www.1-abc.com/", "内容": "メロディー歯科【3:歯科】静岡県富士市今泉九丁目７番２４号" }, "geometry": { "type": "Point", "coordinates": [ 138.684993, 35.16953 ] } },
{ "type": "Feature", "properties": { "ID": 2233225817800, "正式名称": "医療法人社団駿河会するが歯科", "機関区分": 3, "都道府県コード": 22, "市区町村コード": 207, "所在地": "静岡県富士宮市西小泉町１９－８", "緯度": 35.215892, "経度": 138.628184, "url": "https://www.iryou.teikyouseido.mhlw.go.jp/znk-web/juminkanja/S2430/initialize?prefCd=22&kikanCd=3225817800&kikanKbn=3", "url2": "http://www.surugashika.jp", "内容": "医療法人社団駿河会するが歯科【3:歯科】静岡県富士宮市西小泉町１９－８" }, "geometry": { "type": "Point", "coordinates": [ 138.628184, 35.215892 ] } },
{ "type": "Feature", "properties": { "ID": 2233225818070, "正式名称": "泉町歯科クリニック", "機関区分": 3, "都道府県コード": 22, "市区町村コード": 207, "所在地": "静岡県富士宮市泉町６５２", "緯度": 35.222224, "経度": 138.601936, "url": "https://www.iryou.teikyouseido.mhlw.go.jp/znk-web/juminkanja/S2430/initialize?prefCd=22&kikanCd=3225818070&kikanKbn=3", "url2": "http://www.izumi-dental.net", "内容": "泉町歯科クリニック【3:歯科】静岡県富士宮市泉町６５２" }, "geometry": { "type": "Point", "coordinates": [ 138.601936, 35.222224 ] } },
{ "type": "Feature", "properties": { "ID": 2233225818100, "正式名称": "中澤歯科クリニック", "機関区分": 3, "都道府県コード": 22, "市区町村コード": 207, "所在地": "静岡県富士宮市中島町３６１－１", "緯度": 35.233862, "経度": 138.596985, "url": "https://www.iryou.teikyouseido.mhlw.go.jp/znk-web/juminkanja/S2430/initialize?prefCd=22&kikanCd=3225818100&kikanKbn=3", "url2": null, "内容": "中澤歯科クリニック【3:歯科】静岡県富士宮市中島町３６１－１" }, "geometry": { "type": "Point", "coordinates": [ 138.596985, 35.233862 ] } },
{ "type": "Feature", "properties": { "ID": 2233225818230, "正式名称": "鈴原歯科医院", "機関区分": 3, "都道府県コード": 22, "市区町村コード": 210, "所在地": "静岡県富士市中里２５５６－４", "緯度": 35.138375, "経度": 138.743067, "url": "https://www.iryou.teikyouseido.mhlw.go.jp/znk-web/juminkanja/S2430/initialize?prefCd=22&kikanCd=3225818230&kikanKbn=3", "url2": null, "内容": "鈴原歯科医院【3:歯科】静岡県富士市中里２５５６－４" }, "geometry": { "type": "Point", "coordinates": [ 138.743067, 35.138375 ] } },
{ "type": "Feature", "properties": { "ID": 2233225818490, "正式名称": "ビタミン歯科", "機関区分": 3, "都道府県コード": 22, "市区町村コード": 210, "所在地": "静岡県富士市伝法３０８７－２", "緯度": 35.166871, "経度": 138.673044, "url": "https://www.iryou.teikyouseido.mhlw.go.jp/znk-web/juminkanja/S2430/initialize?prefCd=22&kikanCd=3225818490&kikanKbn=3", "url2": "http://www.1-abc.com/", "内容": "ビタミン歯科【3:歯科】静岡県富士市伝法３０８７－２" }, "geometry": { "type": "Point", "coordinates": [ 138.673044, 35.166871 ] } },
{ "type": "Feature", "properties": { "ID": 2233225818520, "正式名称": "秋庭歯科医院たごのうら", "機関区分": 3, "都道府県コード": 22, "市区町村コード": 210, "所在地": "静岡県富士市中丸１９６－８", "緯度": 35.132862, "経度": 138.672763, "url": "https://www.iryou.teikyouseido.mhlw.go.jp/znk-web/juminkanja/S2430/initialize?prefCd=22&kikanCd=3225818520&kikanKbn=3", "url2": null, "内容": "秋庭歯科医院たごのうら【3:歯科】静岡県富士市中丸１９６－８" }, "geometry": { "type": "Point", "coordinates": [ 138.672763, 35.132862 ] } },
{ "type": "Feature", "properties": { "ID": 2233225818780, "正式名称": "医療法人社団幸人会よねやまクリニックよねやま歯科", "機関区分": 3, "都道府県コード": 22, "市区町村コード": 210, "所在地": "静岡県富士市今泉１－１１－８", "緯度": 35.163596, "経度": 138.690308, "url": "https://www.iryou.teikyouseido.mhlw.go.jp/znk-web/juminkanja/S2430/initialize?prefCd=22&kikanCd=3225818780&kikanKbn=3", "url2": "https://www.yone-shika.com/", "内容": "医療法人社団幸人会よねやまクリニックよねやま歯科【3:歯科】静岡県富士市今泉１－１１－８" }, "geometry": { "type": "Point", "coordinates": [ 138.690308, 35.163596 ] } },
{ "type": "Feature", "properties": { "ID": 2233225818940, "正式名称": "医療法人社団エー・アール・ティ・エス　おおぶち歯科医院", "機関区分": 3, "都道府県コード": 22, "市区町村コード": 210, "所在地": "静岡県富士市中野２６６－８", "緯度": 35.203301, "経度": 138.684457, "url": "https://www.iryou.teikyouseido.mhlw.go.jp/znk-web/juminkanja/S2430/initialize?prefCd=22&kikanCd=3225818940&kikanKbn=3", "url2": null, "内容": "医療法人社団エー・アール・ティ・エス　おおぶち歯科医院【3:歯科】静岡県富士市中野２６６－８" }, "geometry": { "type": "Point", "coordinates": [ 138.684457, 35.203301 ] } },
{ "type": "Feature", "properties": { "ID": 2233225819110, "正式名称": "ＫＥＩＯデンタルクリニック", "機関区分": 3, "都道府県コード": 22, "市区町村コード": 210, "所在地": "静岡県富士市米之宮町１２－３", "緯度": 35.162262, "経度": 138.656833, "url": "https://www.iryou.teikyouseido.mhlw.go.jp/znk-web/juminkanja/S2430/initialize?prefCd=22&kikanCd=3225819110&kikanKbn=3", "url2": "http://www.keio-dc.com", "内容": "ＫＥＩＯデンタルクリニック【3:歯科】静岡県富士市米之宮町１２－３" }, "geometry": { "type": "Point", "coordinates": [ 138.656833, 35.162262 ] } },
{ "type": "Feature", "properties": { "ID": 2233225819240, "正式名称": "上野泰治歯科診療所", "機関区分": 3, "都道府県コード": 22, "市区町村コード": 210, "所在地": "静岡県富士市南松野２５３３", "緯度": 35.183889, "経度": 138.603974, "url": "https://www.iryou.teikyouseido.mhlw.go.jp/znk-web/juminkanja/S2430/initialize?prefCd=22&kikanCd=3225819240&kikanKbn=3", "url2": null, "内容": "上野泰治歯科診療所【3:歯科】静岡県富士市南松野２５３３" }, "geometry": { "type": "Point", "coordinates": [ 138.603974, 35.183889 ] } },
{ "type": "Feature", "properties": { "ID": 2233225819400, "正式名称": "みうら歯科クリニック", "機関区分": 3, "都道府県コード": 22, "市区町村コード": 210, "所在地": "静岡県富士市伝法２７３５", "緯度": 35.171618, "経度": 138.668167, "url": "https://www.iryou.teikyouseido.mhlw.go.jp/znk-web/juminkanja/S2430/initialize?prefCd=22&kikanCd=3225819400&kikanKbn=3", "url2": "https://www.miu-dent.jp", "内容": "みうら歯科クリニック【3:歯科】静岡県富士市伝法２７３５" }, "geometry": { "type": "Point", "coordinates": [ 138.668167, 35.171618 ] } },
{ "type": "Feature", "properties": { "ID": 2233225819530, "正式名称": "かぶらぎ歯科", "機関区分": 3, "都道府県コード": 22, "市区町村コード": 207, "所在地": "静岡県富士宮市淀師１５３２－２", "緯度": 35.245342, "経度": 138.604458, "url": "https://www.iryou.teikyouseido.mhlw.go.jp/znk-web/juminkanja/S2430/initialize?prefCd=22&kikanCd=3225819530&kikanKbn=3", "url2": "http://www.kaburagi-sika.jp", "内容": "かぶらぎ歯科【3:歯科】静岡県富士宮市淀師１５３２－２" }, "geometry": { "type": "Point", "coordinates": [ 138.604458, 35.245342 ] } },
{ "type": "Feature", "properties": { "ID": 2233225819660, "正式名称": "はまなか歯科", "機関区分": 3, "都道府県コード": 22, "市区町村コード": 207, "所在地": "静岡県富士宮市小泉２３３－４", "緯度": 35.210865, "経度": 138.636406, "url": "https://www.iryou.teikyouseido.mhlw.go.jp/znk-web/juminkanja/S2430/initialize?prefCd=22&kikanCd=3225819660&kikanKbn=3", "url2": "http://www.1-abc.com", "内容": "はまなか歯科【3:歯科】静岡県富士宮市小泉２３３－４" }, "geometry": { "type": "Point", "coordinates": [ 138.636406, 35.210865 ] } },
{ "type": "Feature", "properties": { "ID": 2233225819820, "正式名称": "ビタミン歯科富士厚原診療所", "機関区分": 3, "都道府県コード": 22, "市区町村コード": 210, "所在地": "静岡県富士市厚原７７５－１", "緯度": 35.189323, "経度": 138.657452, "url": "https://www.iryou.teikyouseido.mhlw.go.jp/znk-web/juminkanja/S2430/initialize?prefCd=22&kikanCd=3225819820&kikanKbn=3", "url2": "hyyp://www.1-abc.com/", "内容": "ビタミン歯科富士厚原診療所【3:歯科】静岡県富士市厚原７７５－１" }, "geometry": { "type": "Point", "coordinates": [ 138.657452, 35.189323 ] } },
{ "type": "Feature", "properties": { "ID": 2233225819950, "正式名称": "あおぞら歯科", "機関区分": 3, "都道府県コード": 22, "市区町村コード": 210, "所在地": "静岡県富士市元町１８－６", "緯度": 35.154668, "経度": 138.6456, "url": "https://www.iryou.teikyouseido.mhlw.go.jp/znk-web/juminkanja/S2430/initialize?prefCd=22&kikanCd=3225819950&kikanKbn=3", "url2": null, "内容": "あおぞら歯科【3:歯科】静岡県富士市元町１８－６" }, "geometry": { "type": "Point", "coordinates": [ 138.6456, 35.154668 ] } },
{ "type": "Feature", "properties": { "ID": 2233225820190, "正式名称": "米山歯科クリニック", "機関区分": 3, "都道府県コード": 22, "市区町村コード": 207, "所在地": "静岡県富士宮市黒田１９９－９", "緯度": 35.205338, "経度": 138.619001, "url": "https://www.iryou.teikyouseido.mhlw.go.jp/znk-web/juminkanja/S2430/initialize?prefCd=22&kikanCd=3225820190&kikanKbn=3", "url2": "yone-dc.com", "内容": "米山歯科クリニック【3:歯科】静岡県富士宮市黒田１９９－９" }, "geometry": { "type": "Point", "coordinates": [ 138.619001, 35.205338 ] } },
{ "type": "Feature", "properties": { "ID": 2233225820220, "正式名称": "小沢歯科医院", "機関区分": 3, "都道府県コード": 22, "市区町村コード": 210, "所在地": "静岡県富士市永田北町６－２１", "緯度": 35.165567, "経度": 138.676512, "url": "https://www.iryou.teikyouseido.mhlw.go.jp/znk-web/juminkanja/S2430/initialize?prefCd=22&kikanCd=3225820220&kikanKbn=3", "url2": "http://ozawashika.net/", "内容": "小沢歯科医院【3:歯科】静岡県富士市永田北町６－２１" }, "geometry": { "type": "Point", "coordinates": [ 138.676512, 35.165567 ] } },
{ "type": "Feature", "properties": { "ID": 2233225820350, "正式名称": "富士宮市救急医療センター", "機関区分": 3, "都道府県コード": 22, "市区町村コード": 207, "所在地": "静岡県富士宮市宮原１２ー１", "緯度": 35.245083, "経度": 138.60799, "url": "https://www.iryou.teikyouseido.mhlw.go.jp/znk-web/juminkanja/S2430/initialize?prefCd=22&kikanCd=3225820350&kikanKbn=3", "url2": "http://www.city.fujinomiya.lg.jp/municipal_government/llti2b000000jbnv.html", "内容": "富士宮市救急医療センター【3:歯科】静岡県富士宮市宮原１２ー１" }, "geometry": { "type": "Point", "coordinates": [ 138.60799, 35.245083 ] } },
{ "type": "Feature", "properties": { "ID": 2233225820480, "正式名称": "医療法人社団昭陽会　かだ歯科医院", "機関区分": 3, "都道府県コード": 22, "市区町村コード": 210, "所在地": "静岡県富士市伝法１０３８－３", "緯度": 35.176599, "経度": 138.664302, "url": "https://www.iryou.teikyouseido.mhlw.go.jp/znk-web/juminkanja/S2430/initialize?prefCd=22&kikanCd=3225820480&kikanKbn=3", "url2": null, "内容": "医療法人社団昭陽会　かだ歯科医院【3:歯科】静岡県富士市伝法１０３８－３" }, "geometry": { "type": "Point", "coordinates": [ 138.664302, 35.176599 ] } },
{ "type": "Feature", "properties": { "ID": 2233225820510, "正式名称": "ビタミン歯科八幡町診療所", "機関区分": 3, "都道府県コード": 22, "市区町村コード": 210, "所在地": "静岡県富士市八幡町６－３", "緯度": 35.161196, "経度": 138.649233, "url": "https://www.iryou.teikyouseido.mhlw.go.jp/znk-web/juminkanja/S2430/initialize?prefCd=22&kikanCd=3225820510&kikanKbn=3", "url2": "http://www.1-abc.com/", "内容": "ビタミン歯科八幡町診療所【3:歯科】静岡県富士市八幡町６－３" }, "geometry": { "type": "Point", "coordinates": [ 138.649233, 35.161196 ] } },
{ "type": "Feature", "properties": { "ID": 2233225820640, "正式名称": "上杉歯科医院", "機関区分": 3, "都道府県コード": 22, "市区町村コード": 207, "所在地": "静岡県富士宮市矢立町６６１", "緯度": 35.227447, "経度": 138.623379, "url": "https://www.iryou.teikyouseido.mhlw.go.jp/znk-web/juminkanja/S2430/initialize?prefCd=22&kikanCd=3225820640&kikanKbn=3", "url2": "http//uesugidental112.com", "内容": "上杉歯科医院【3:歯科】静岡県富士宮市矢立町６６１" }, "geometry": { "type": "Point", "coordinates": [ 138.623379, 35.227447 ] } },
{ "type": "Feature", "properties": { "ID": 2233225820770, "正式名称": "佐野歯科医院", "機関区分": 3, "都道府県コード": 22, "市区町村コード": 207, "所在地": "静岡県富士宮市元城町１９－８", "緯度": 35.227767, "経度": 138.612854, "url": "https://www.iryou.teikyouseido.mhlw.go.jp/znk-web/juminkanja/S2430/initialize?prefCd=22&kikanCd=3225820770&kikanKbn=3", "url2": "www.sanohaisha.com", "内容": "佐野歯科医院【3:歯科】静岡県富士宮市元城町１９－８" }, "geometry": { "type": "Point", "coordinates": [ 138.612854, 35.227767 ] } },
{ "type": "Feature", "properties": { "ID": 2233225820800, "正式名称": "医療法人社団美六会　望月歯科医院", "機関区分": 3, "都道府県コード": 22, "市区町村コード": 210, "所在地": "静岡県富士市岩渕９７０－２", "緯度": 35.147702, "経度": 138.621605, "url": "https://www.iryou.teikyouseido.mhlw.go.jp/znk-web/juminkanja/S2430/initialize?prefCd=22&kikanCd=3225820800&kikanKbn=3", "url2": "http://md-c.jp", "内容": "医療法人社団美六会　望月歯科医院【3:歯科】静岡県富士市岩渕９７０－２" }, "geometry": { "type": "Point", "coordinates": [ 138.621605, 35.147702 ] } },
{ "type": "Feature", "properties": { "ID": 2233225820930, "正式名称": "東海歯科医院", "機関区分": 3, "都道府県コード": 22, "市区町村コード": 210, "所在地": "静岡県富士市青島町１７４－１", "緯度": 35.159638, "経度": 138.675378, "url": "https://www.iryou.teikyouseido.mhlw.go.jp/znk-web/juminkanja/S2430/initialize?prefCd=22&kikanCd=3225820930&kikanKbn=3", "url2": null, "内容": "東海歯科医院【3:歯科】静岡県富士市青島町１７４－１" }, "geometry": { "type": "Point", "coordinates": [ 138.675378, 35.159638 ] } },
{ "type": "Feature", "properties": { "ID": 2233225821070, "正式名称": "上井出歯科医院", "機関区分": 3, "都道府県コード": 22, "市区町村コード": 207, "所在地": "静岡県富士宮市上井出１１－１", "緯度": 35.301166, "経度": 138.593294, "url": "https://www.iryou.teikyouseido.mhlw.go.jp/znk-web/juminkanja/S2430/initialize?prefCd=22&kikanCd=3225821070&kikanKbn=3", "url2": null, "内容": "上井出歯科医院【3:歯科】静岡県富士宮市上井出１１－１" }, "geometry": { "type": "Point", "coordinates": [ 138.593294, 35.301166 ] } },
{ "type": "Feature", "properties": { "ID": 2233225821100, "正式名称": "小松歯科クリニック", "機関区分": 3, "都道府県コード": 22, "市区町村コード": 207, "所在地": "静岡県富士宮市前田町７９－２", "緯度": 35.214583, "経度": 138.629343, "url": "https://www.iryou.teikyouseido.mhlw.go.jp/znk-web/juminkanja/S2430/initialize?prefCd=22&kikanCd=3225821100&kikanKbn=3", "url2": "www.komatsu-shika.jp", "内容": "小松歯科クリニック【3:歯科】静岡県富士宮市前田町７９－２" }, "geometry": { "type": "Point", "coordinates": [ 138.629343, 35.214583 ] } },
{ "type": "Feature", "properties": { "ID": 2233225821360, "正式名称": "富樫歯科医院", "機関区分": 3, "都道府県コード": 22, "市区町村コード": 207, "所在地": "静岡県富士宮市杉田３００－１６", "緯度": 35.216048, "経度": 138.664577, "url": "https://www.iryou.teikyouseido.mhlw.go.jp/znk-web/juminkanja/S2430/initialize?prefCd=22&kikanCd=3225821360&kikanKbn=3", "url2": "http://www.togashi-shika.com/", "内容": "富樫歯科医院【3:歯科】静岡県富士宮市杉田３００－１６" }, "geometry": { "type": "Point", "coordinates": [ 138.664577, 35.216048 ] } },
{ "type": "Feature", "properties": { "ID": 2233225821490, "正式名称": "あすなろ歯科", "機関区分": 3, "都道府県コード": 22, "市区町村コード": 207, "所在地": "静岡県富士宮市北町２０－４", "緯度": 35.234538, "経度": 138.609735, "url": "https://www.iryou.teikyouseido.mhlw.go.jp/znk-web/juminkanja/S2430/initialize?prefCd=22&kikanCd=3225821490&kikanKbn=3", "url2": null, "内容": "あすなろ歯科【3:歯科】静岡県富士宮市北町２０－４" }, "geometry": { "type": "Point", "coordinates": [ 138.609735, 35.234538 ] } },
{ "type": "Feature", "properties": { "ID": 2233225821650, "正式名称": "渡井デンタルクリニック", "機関区分": 3, "都道府県コード": 22, "市区町村コード": 210, "所在地": "静岡県富士市五貫島７８－２", "緯度": 35.135208, "経度": 138.650146, "url": "https://www.iryou.teikyouseido.mhlw.go.jp/znk-web/juminkanja/S2430/initialize?prefCd=22&kikanCd=3225821650&kikanKbn=3", "url2": "http://wdc.jp", "内容": "渡井デンタルクリニック【3:歯科】静岡県富士市五貫島７８－２" }, "geometry": { "type": "Point", "coordinates": [ 138.650146, 35.135208 ] } },
{ "type": "Feature", "properties": { "ID": 2233225821780, "正式名称": "みつ歯科クリニック", "機関区分": 3, "都道府県コード": 22, "市区町村コード": 207, "所在地": "静岡県富士宮市小泉１９６６－３", "緯度": 35.223819, "経度": 138.63657, "url": "https://www.iryou.teikyouseido.mhlw.go.jp/znk-web/juminkanja/S2430/initialize?prefCd=22&kikanCd=3225821780&kikanKbn=3", "url2": "http://www.mitsushika.com", "内容": "みつ歯科クリニック【3:歯科】静岡県富士宮市小泉１９６６－３" }, "geometry": { "type": "Point", "coordinates": [ 138.63657, 35.223819 ] } },
{ "type": "Feature", "properties": { "ID": 2233225821810, "正式名称": "医療法人桜樹会　さくらぎ富士歯科", "機関区分": 3, "都道府県コード": 22, "市区町村コード": 210, "所在地": "静岡県富士市横割１－１７－３０駅南ハイツ１階西側", "緯度": 35.148775, "経度": 138.65883, "url": "https://www.iryou.teikyouseido.mhlw.go.jp/znk-web/juminkanja/S2430/initialize?prefCd=22&kikanCd=3225821810&kikanKbn=3", "url2": null, "内容": "医療法人桜樹会　さくらぎ富士歯科【3:歯科】静岡県富士市横割１－１７－３０駅南ハイツ１階西側" }, "geometry": { "type": "Point", "coordinates": [ 138.65883, 35.148775 ] } },
{ "type": "Feature", "properties": { "ID": 2233225821940, "正式名称": "安田歯科医院", "機関区分": 3, "都道府県コード": 22, "市区町村コード": 207, "所在地": "静岡県富士宮市小泉４０９－３", "緯度": 35.211025, "経度": 138.630031, "url": "https://www.iryou.teikyouseido.mhlw.go.jp/znk-web/juminkanja/S2430/initialize?prefCd=22&kikanCd=3225821940&kikanKbn=3", "url2": "http://www.yasudashika111.com", "内容": "安田歯科医院【3:歯科】静岡県富士宮市小泉４０９－３" }, "geometry": { "type": "Point", "coordinates": [ 138.630031, 35.211025 ] } },
{ "type": "Feature", "properties": { "ID": 2233225822110, "正式名称": "ふじのみや中央歯科", "機関区分": 3, "都道府県コード": 22, "市区町村コード": 207, "所在地": "静岡県富士宮市三園平６８７", "緯度": 35.244445, "経度": 138.612962, "url": "https://www.iryou.teikyouseido.mhlw.go.jp/znk-web/juminkanja/S2430/initialize?prefCd=22&kikanCd=3225822110&kikanKbn=3", "url2": "http://www.fujinomiyashika.com/", "内容": "ふじのみや中央歯科【3:歯科】静岡県富士宮市三園平６８７" }, "geometry": { "type": "Point", "coordinates": [ 138.612962, 35.244445 ] } },
{ "type": "Feature", "properties": { "ID": 2233225822240, "正式名称": "みこと歯科", "機関区分": 3, "都道府県コード": 22, "市区町村コード": 210, "所在地": "静岡県富士市鮫島１１８－１０イオンタウン富士南１階", "緯度": 35.140953, "経度": 138.673965, "url": "https://www.iryou.teikyouseido.mhlw.go.jp/znk-web/juminkanja/S2430/initialize?prefCd=22&kikanCd=3225822240&kikanKbn=3", "url2": null, "内容": "みこと歯科【3:歯科】静岡県富士市鮫島１１８－１０イオンタウン富士南１階" }, "geometry": { "type": "Point", "coordinates": [ 138.673965, 35.140953 ] } },
{ "type": "Feature", "properties": { "ID": 2233225822442, "正式名称": "ふじ歯科口腔外科クリニック", "機関区分": 3, "都道府県コード": 22, "市区町村コード": 210, "所在地": "静岡県富士市南町４－１２", "緯度": 35.160631, "経度": 138.689112, "url": "https://www.iryou.teikyouseido.mhlw.go.jp/znk-web/juminkanja/S2430/initialize?prefCd=22&kikanCd=3225822442&kikanKbn=3", "url2": "fomfs-clinic.com", "内容": "ふじ歯科口腔外科クリニック【3:歯科】静岡県富士市南町４－１２" }, "geometry": { "type": "Point", "coordinates": [ 138.689112, 35.160631 ] } },
{ "type": "Feature", "properties": { "ID": 2233225822530, "正式名称": "ひだまり歯科クリニック", "機関区分": 3, "都道府県コード": 22, "市区町村コード": 210, "所在地": "静岡県富士市今泉２－１０－１５", "緯度": 35.164887, "経度": 138.695578, "url": "https://www.iryou.teikyouseido.mhlw.go.jp/znk-web/juminkanja/S2430/initialize?prefCd=22&kikanCd=3225822530&kikanKbn=3", "url2": "http://www.hidamaridental.com", "内容": "ひだまり歯科クリニック【3:歯科】静岡県富士市今泉２－１０－１５" }, "geometry": { "type": "Point", "coordinates": [ 138.695578, 35.164887 ] } },
{ "type": "Feature", "properties": { "ID": 2233225822660, "正式名称": "秋庭歯科・矯正歯科クリニック", "機関区分": 3, "都道府県コード": 22, "市区町村コード": 210, "所在地": "静岡県富士市横割１－１９－１５", "緯度": 35.147658, "経度": 138.650742, "url": "https://www.iryou.teikyouseido.mhlw.go.jp/znk-web/juminkanja/S2430/initialize?prefCd=22&kikanCd=3225822660&kikanKbn=3", "url2": "https://www.akiniwadental.com/", "内容": "秋庭歯科・矯正歯科クリニック【3:歯科】静岡県富士市横割１－１９－１５" }, "geometry": { "type": "Point", "coordinates": [ 138.650742, 35.147658 ] } },
{ "type": "Feature", "properties": { "ID": 2233225822790, "正式名称": "松おか歯科", "機関区分": 3, "都道府県コード": 22, "市区町村コード": 210, "所在地": "静岡県富士市松岡１５４２－１", "緯度": 35.153991, "経度": 138.636723, "url": "https://www.iryou.teikyouseido.mhlw.go.jp/znk-web/juminkanja/S2430/initialize?prefCd=22&kikanCd=3225822790&kikanKbn=3", "url2": null, "内容": "松おか歯科【3:歯科】静岡県富士市松岡１５４２－１" }, "geometry": { "type": "Point", "coordinates": [ 138.636723, 35.153991 ] } },
{ "type": "Feature", "properties": { "ID": 2233225822820, "正式名称": "さくら歯科クリニック", "機関区分": 3, "都道府県コード": 22, "市区町村コード": 207, "所在地": "静岡県富士宮市三園平１６５３", "緯度": 35.241951, "経度": 138.616174, "url": "https://www.iryou.teikyouseido.mhlw.go.jp/znk-web/juminkanja/S2430/initialize?prefCd=22&kikanCd=3225822820&kikanKbn=3", "url2": "http://www.sakura-shika.com/", "内容": "さくら歯科クリニック【3:歯科】静岡県富士宮市三園平１６５３" }, "geometry": { "type": "Point", "coordinates": [ 138.616174, 35.241951 ] } },
{ "type": "Feature", "properties": { "ID": 2233225822950, "正式名称": "千葉歯科クリニック", "機関区分": 3, "都道府県コード": 22, "市区町村コード": 210, "所在地": "静岡県富士市厚原１１９　アクロスプラザ富士厚原", "緯度": 35.182982, "経度": 138.656779, "url": "https://www.iryou.teikyouseido.mhlw.go.jp/znk-web/juminkanja/S2430/initialize?prefCd=22&kikanCd=3225822950&kikanKbn=3", "url2": null, "内容": "千葉歯科クリニック【3:歯科】静岡県富士市厚原１１９　アクロスプラザ富士厚原" }, "geometry": { "type": "Point", "coordinates": [ 138.656779, 35.182982 ] } },
{ "type": "Feature", "properties": { "ID": 2233225823090, "正式名称": "尾崎歯科医院", "機関区分": 3, "都道府県コード": 22, "市区町村コード": 210, "所在地": "静岡県富士市北松野１８１７－５", "緯度": 35.184599, "経度": 138.596518, "url": "https://www.iryou.teikyouseido.mhlw.go.jp/znk-web/juminkanja/S2430/initialize?prefCd=22&kikanCd=3225823090&kikanKbn=3", "url2": "https://www.ozaki-dc.info", "内容": "尾崎歯科医院【3:歯科】静岡県富士市北松野１８１７－５" }, "geometry": { "type": "Point", "coordinates": [ 138.596518, 35.184599 ] } },
{ "type": "Feature", "properties": { "ID": 2233225823250, "正式名称": "和田歯科クリニック", "機関区分": 3, "都道府県コード": 22, "市区町村コード": 207, "所在地": "静岡県富士宮市宝町９－１７", "緯度": 35.228944, "経度": 138.606125, "url": "https://www.iryou.teikyouseido.mhlw.go.jp/znk-web/juminkanja/S2430/initialize?prefCd=22&kikanCd=3225823250&kikanKbn=3", "url2": null, "内容": "和田歯科クリニック【3:歯科】静岡県富士宮市宝町９－１７" }, "geometry": { "type": "Point", "coordinates": [ 138.606125, 35.228944 ] } },
{ "type": "Feature", "properties": { "ID": 2233225823380, "正式名称": "かわむら歯科クリニック", "機関区分": 3, "都道府県コード": 22, "市区町村コード": 210, "所在地": "静岡県富士市中島３１４－１", "緯度": 35.163129, "経度": 138.649325, "url": "https://www.iryou.teikyouseido.mhlw.go.jp/znk-web/juminkanja/S2430/initialize?prefCd=22&kikanCd=3225823380&kikanKbn=3", "url2": "www.kawamura-dc-fuji.jp", "内容": "かわむら歯科クリニック【3:歯科】静岡県富士市中島３１４－１" }, "geometry": { "type": "Point", "coordinates": [ 138.649325, 35.163129 ] } },
{ "type": "Feature", "properties": { "ID": 2233225823410, "正式名称": "小林歯科医院", "機関区分": 3, "都道府県コード": 22, "市区町村コード": 210, "所在地": "静岡県富士市蓼原２０７－１１", "緯度": 35.155716, "経度": 138.663685, "url": "https://www.iryou.teikyouseido.mhlw.go.jp/znk-web/juminkanja/S2430/initialize?prefCd=22&kikanCd=3225823410&kikanKbn=3", "url2": "htt://koba-dc.net", "内容": "小林歯科医院【3:歯科】静岡県富士市蓼原２０７－１１" }, "geometry": { "type": "Point", "coordinates": [ 138.663685, 35.155716 ] } },
{ "type": "Feature", "properties": { "ID": 2233225823540, "正式名称": "はせがわ歯科医院", "機関区分": 3, "都道府県コード": 22, "市区町村コード": 210, "所在地": "静岡県富士市岩本１３２－１５", "緯度": 35.176299, "経度": 138.639476, "url": "https://www.iryou.teikyouseido.mhlw.go.jp/znk-web/juminkanja/S2430/initialize?prefCd=22&kikanCd=3225823540&kikanKbn=3", "url2": "http://dent-hasegawa.com", "内容": "はせがわ歯科医院【3:歯科】静岡県富士市岩本１３２－１５" }, "geometry": { "type": "Point", "coordinates": [ 138.639476, 35.176299 ] } },
{ "type": "Feature", "properties": { "ID": 2233225823700, "正式名称": "このはな歯科", "機関区分": 3, "都道府県コード": 22, "市区町村コード": 210, "所在地": "静岡県富士市江尾１５５－４", "緯度": 35.156781, "経度": 138.752371, "url": "https://www.iryou.teikyouseido.mhlw.go.jp/znk-web/juminkanja/S2430/initialize?prefCd=22&kikanCd=3225823700&kikanKbn=3", "url2": null, "内容": "このはな歯科【3:歯科】静岡県富士市江尾１５５－４" }, "geometry": { "type": "Point", "coordinates": [ 138.752371, 35.156781 ] } },
{ "type": "Feature", "properties": { "ID": 2233225823830, "正式名称": "小塚歯科医院", "機関区分": 3, "都道府県コード": 22, "市区町村コード": 210, "所在地": "静岡県富士市中里１１４２－２", "緯度": 35.163074, "経度": 138.738611, "url": "https://www.iryou.teikyouseido.mhlw.go.jp/znk-web/juminkanja/S2430/initialize?prefCd=22&kikanCd=3225823830&kikanKbn=3", "url2": "https://kozuka.dental-office.jp/", "内容": "小塚歯科医院【3:歯科】静岡県富士市中里１１４２－２" }, "geometry": { "type": "Point", "coordinates": [ 138.738611, 35.163074 ] } },
{ "type": "Feature", "properties": { "ID": 2233225823960, "正式名称": "医療法人社団　武真会　武田デンタルクリニック", "機関区分": 3, "都道府県コード": 22, "市区町村コード": 210, "所在地": "静岡県富士市松本３７２－８", "緯度": 35.164139, "経度": 138.649489, "url": "https://www.iryou.teikyouseido.mhlw.go.jp/znk-web/juminkanja/S2430/initialize?prefCd=22&kikanCd=3225823960&kikanKbn=3", "url2": "https://takeden-cl.com", "内容": "医療法人社団　武真会　武田デンタルクリニック【3:歯科】静岡県富士市松本３７２－８" }, "geometry": { "type": "Point", "coordinates": [ 138.649489, 35.164139 ] } },
{ "type": "Feature", "properties": { "ID": 2233225824000, "正式名称": "きうち歯科医院", "機関区分": 3, "都道府県コード": 22, "市区町村コード": 210, "所在地": "静岡県富士市柚木３８３－６", "緯度": 35.158788, "経度": 138.644546, "url": "https://www.iryou.teikyouseido.mhlw.go.jp/znk-web/juminkanja/S2430/initialize?prefCd=22&kikanCd=3225824000&kikanKbn=3", "url2": "http://kiuchi-shika.com/", "内容": "きうち歯科医院【3:歯科】静岡県富士市柚木３８３－６" }, "geometry": { "type": "Point", "coordinates": [ 138.644546, 35.158788 ] } },
{ "type": "Feature", "properties": { "ID": 2233225824130, "正式名称": "長谷川歯科医院", "機関区分": 3, "都道府県コード": 22, "市区町村コード": 210, "所在地": "静岡県富士市本市場１５８－１", "緯度": 35.15728, "経度": 138.654672, "url": "https://www.iryou.teikyouseido.mhlw.go.jp/znk-web/juminkanja/S2430/initialize?prefCd=22&kikanCd=3225824130&kikanKbn=3", "url2": null, "内容": "長谷川歯科医院【3:歯科】静岡県富士市本市場１５８－１" }, "geometry": { "type": "Point", "coordinates": [ 138.654672, 35.15728 ] } },
{ "type": "Feature", "properties": { "ID": 2233225824260, "正式名称": "むらかみ歯科クリニック", "機関区分": 3, "都道府県コード": 22, "市区町村コード": 210, "所在地": "静岡県富士市日乃出町１３９", "緯度": 35.16392, "経度": 138.665875, "url": "https://www.iryou.teikyouseido.mhlw.go.jp/znk-web/juminkanja/S2430/initialize?prefCd=22&kikanCd=3225824260&kikanKbn=3", "url2": null, "内容": "むらかみ歯科クリニック【3:歯科】静岡県富士市日乃出町１３９" }, "geometry": { "type": "Point", "coordinates": [ 138.665875, 35.16392 ] } },
{ "type": "Feature", "properties": { "ID": 2233225824550, "正式名称": "いなば歯科クリニック", "機関区分": 3, "都道府県コード": 22, "市区町村コード": 210, "所在地": "静岡県富士市石坂４４２－２９", "緯度": 35.183882, "経度": 138.682079, "url": "https://www.iryou.teikyouseido.mhlw.go.jp/znk-web/juminkanja/S2430/initialize?prefCd=22&kikanCd=3225824550&kikanKbn=3", "url2": "https://inaba-dental.com/", "内容": "いなば歯科クリニック【3:歯科】静岡県富士市石坂４４２－２９" }, "geometry": { "type": "Point", "coordinates": [ 138.682079, 35.183882 ] } },
{ "type": "Feature", "properties": { "ID": 2233225901800, "正式名称": "清歯科医院", "機関区分": 3, "都道府県コード": 22, "市区町村コード": 207, "所在地": "静岡県富士宮市ひばりが丘９８５", "緯度": 35.237418, "経度": 138.617434, "url": "https://www.iryou.teikyouseido.mhlw.go.jp/znk-web/juminkanja/S2430/initialize?prefCd=22&kikanCd=3225901800&kikanKbn=3", "url2": null, "内容": "清歯科医院【3:歯科】静岡県富士宮市ひばりが丘９８５" }, "geometry": { "type": "Point", "coordinates": [ 138.617434, 35.237418 ] } },
{ "type": "Feature", "properties": { "ID": 2233225902360, "正式名称": "内山歯科医院", "機関区分": 3, "都道府県コード": 22, "市区町村コード": 207, "所在地": "静岡県富士宮市宮町８－１２", "緯度": 35.224585, "経度": 138.607963, "url": "https://www.iryou.teikyouseido.mhlw.go.jp/znk-web/juminkanja/S2430/initialize?prefCd=22&kikanCd=3225902360&kikanKbn=3", "url2": "https://www.uchiyamadc3306.com/", "内容": "内山歯科医院【3:歯科】静岡県富士宮市宮町８－１２" }, "geometry": { "type": "Point", "coordinates": [ 138.607963, 35.224585 ] } },
{ "type": "Feature", "properties": { "ID": 2233225902490, "正式名称": "伊波歯科医院", "機関区分": 3, "都道府県コード": 22, "市区町村コード": 207, "所在地": "静岡県富士宮市宮町１３－５", "緯度": 35.227141, "経度": 138.608269, "url": "https://www.iryou.teikyouseido.mhlw.go.jp/znk-web/juminkanja/S2430/initialize?prefCd=22&kikanCd=3225902490&kikanKbn=3", "url2": null, "内容": "伊波歯科医院【3:歯科】静岡県富士宮市宮町１３－５" }, "geometry": { "type": "Point", "coordinates": [ 138.608269, 35.227141 ] } },
{ "type": "Feature", "properties": { "ID": 2233225902520, "正式名称": "万野原歯科医院", "機関区分": 3, "都道府県コード": 22, "市区町村コード": 207, "所在地": "静岡県富士宮市舞々木町３４１", "緯度": 35.242334, "経度": 138.623239, "url": "https://www.iryou.teikyouseido.mhlw.go.jp/znk-web/juminkanja/S2430/initialize?prefCd=22&kikanCd=3225902520&kikanKbn=3", "url2": "http://manno-dental.com", "内容": "万野原歯科医院【3:歯科】静岡県富士宮市舞々木町３４１" }, "geometry": { "type": "Point", "coordinates": [ 138.623239, 35.242334 ] } },
{ "type": "Feature", "properties": { "ID": 2233225902780, "正式名称": "富士宮歯科医院", "機関区分": 3, "都道府県コード": 22, "市区町村コード": 207, "所在地": "静岡県富士宮市東阿幸地５８３", "緯度": 35.229696, "経度": 138.623295, "url": "https://www.iryou.teikyouseido.mhlw.go.jp/znk-web/juminkanja/S2430/initialize?prefCd=22&kikanCd=3225902780&kikanKbn=3", "url2": null, "内容": "富士宮歯科医院【3:歯科】静岡県富士宮市東阿幸地５８３" }, "geometry": { "type": "Point", "coordinates": [ 138.623295, 35.229696 ] } },
{ "type": "Feature", "properties": { "ID": 2233225902810, "正式名称": "清水歯科医院", "機関区分": 3, "都道府県コード": 22, "市区町村コード": 207, "所在地": "静岡県富士宮市浅間町８－３", "緯度": 35.218753, "経度": 138.611574, "url": "https://www.iryou.teikyouseido.mhlw.go.jp/znk-web/juminkanja/S2430/initialize?prefCd=22&kikanCd=3225902810&kikanKbn=3", "url2": null, "内容": "清水歯科医院【3:歯科】静岡県富士宮市浅間町８－３" }, "geometry": { "type": "Point", "coordinates": [ 138.611574, 35.218753 ] } },
{ "type": "Feature", "properties": { "ID": 2233225903240, "正式名称": "ふかせ歯科医院", "機関区分": 3, "都道府県コード": 22, "市区町村コード": 207, "所在地": "静岡県富士宮市西町２８－７", "緯度": 35.223419, "経度": 138.604325, "url": "https://www.iryou.teikyouseido.mhlw.go.jp/znk-web/juminkanja/S2430/initialize?prefCd=22&kikanCd=3225903240&kikanKbn=3", "url2": "www.fukaseshika.com", "内容": "ふかせ歯科医院【3:歯科】静岡県富士宮市西町２８－７" }, "geometry": { "type": "Point", "coordinates": [ 138.604325, 35.223419 ] } },
{ "type": "Feature", "properties": { "ID": 2233225903370, "正式名称": "遠藤歯科医院", "機関区分": 3, "都道府県コード": 22, "市区町村コード": 207, "所在地": "静岡県富士宮市西町６－２４", "緯度": 35.227891, "経度": 138.60663, "url": "https://www.iryou.teikyouseido.mhlw.go.jp/znk-web/juminkanja/S2430/initialize?prefCd=22&kikanCd=3225903370&kikanKbn=3", "url2": null, "内容": "遠藤歯科医院【3:歯科】静岡県富士宮市西町６－２４" }, "geometry": { "type": "Point", "coordinates": [ 138.60663, 35.227891 ] } },
{ "type": "Feature", "properties": { "ID": 2233225903790, "正式名称": "村野歯科医院", "機関区分": 3, "都道府県コード": 22, "市区町村コード": 207, "所在地": "静岡県富士宮市長貫１１３１－５", "緯度": 35.199365, "経度": 138.561691, "url": "https://www.iryou.teikyouseido.mhlw.go.jp/znk-web/juminkanja/S2430/initialize?prefCd=22&kikanCd=3225903790&kikanKbn=3", "url2": null, "内容": "村野歯科医院【3:歯科】静岡県富士宮市長貫１１３１－５" }, "geometry": { "type": "Point", "coordinates": [ 138.561691, 35.199365 ] } },
{ "type": "Feature", "properties": { "ID": 2233225903820, "正式名称": "サトウ歯科", "機関区分": 3, "都道府県コード": 22, "市区町村コード": 207, "所在地": "静岡県富士宮市野中９９０－９", "緯度": 35.213726, "経度": 138.610853, "url": "https://www.iryou.teikyouseido.mhlw.go.jp/znk-web/juminkanja/S2430/initialize?prefCd=22&kikanCd=3225903820&kikanKbn=3", "url2": null, "内容": "サトウ歯科【3:歯科】静岡県富士宮市野中９９０－９" }, "geometry": { "type": "Point", "coordinates": [ 138.610853, 35.213726 ] } },
{ "type": "Feature", "properties": { "ID": 2233225903950, "正式名称": "寺西歯科医院", "機関区分": 3, "都道府県コード": 22, "市区町村コード": 207, "所在地": "静岡県富士宮市西小泉町３４－１", "緯度": 35.220447, "経度": 138.628601, "url": "https://www.iryou.teikyouseido.mhlw.go.jp/znk-web/juminkanja/S2430/initialize?prefCd=22&kikanCd=3225903950&kikanKbn=3", "url2": null, "内容": "寺西歯科医院【3:歯科】静岡県富士宮市西小泉町３４－１" }, "geometry": { "type": "Point", "coordinates": [ 138.628601, 35.220447 ] } },
{ "type": "Feature", "properties": { "ID": 2233225904090, "正式名称": "鈴木歯科医院", "機関区分": 3, "都道府県コード": 22, "市区町村コード": 207, "所在地": "静岡県富士宮市大宮町３２－１０", "緯度": 35.222169, "経度": 138.612824, "url": "https://www.iryou.teikyouseido.mhlw.go.jp/znk-web/juminkanja/S2430/initialize?prefCd=22&kikanCd=3225904090&kikanKbn=3", "url2": null, "内容": "鈴木歯科医院【3:歯科】静岡県富士宮市大宮町３２－１０" }, "geometry": { "type": "Point", "coordinates": [ 138.612824, 35.222169 ] } },
{ "type": "Feature", "properties": { "ID": 2233225904250, "正式名称": "鈴木ファミリー歯科", "機関区分": 3, "都道府県コード": 22, "市区町村コード": 207, "所在地": "静岡県富士宮市小泉１１１８－１", "緯度": 35.223558, "経度": 138.626906, "url": "https://www.iryou.teikyouseido.mhlw.go.jp/znk-web/juminkanja/S2430/initialize?prefCd=22&kikanCd=3225904250&kikanKbn=3", "url2": "http://www.suzuki-fam.com", "内容": "鈴木ファミリー歯科【3:歯科】静岡県富士宮市小泉１１１８－１" }, "geometry": { "type": "Point", "coordinates": [ 138.626906, 35.223558 ] } },
{ "type": "Feature", "properties": { "ID": 2233225904380, "正式名称": "秋山歯科医院", "機関区分": 3, "都道府県コード": 22, "市区町村コード": 207, "所在地": "静岡県富士宮市小泉１９３３－８", "緯度": 35.221808, "経度": 138.636878, "url": "https://www.iryou.teikyouseido.mhlw.go.jp/znk-web/juminkanja/S2430/initialize?prefCd=22&kikanCd=3225904380&kikanKbn=3", "url2": "adcfm.com", "内容": "秋山歯科医院【3:歯科】静岡県富士宮市小泉１９３３－８" }, "geometry": { "type": "Point", "coordinates": [ 138.636878, 35.221808 ] } },
{ "type": "Feature", "properties": { "ID": 2233225904410, "正式名称": "赤池歯科医院", "機関区分": 3, "都道府県コード": 22, "市区町村コード": 207, "所在地": "静岡県富士宮市神田川町１３－１", "緯度": 35.219642, "経度": 138.608325, "url": "https://www.iryou.teikyouseido.mhlw.go.jp/znk-web/juminkanja/S2430/initialize?prefCd=22&kikanCd=3225904410&kikanKbn=3", "url2": null, "内容": "赤池歯科医院【3:歯科】静岡県富士宮市神田川町１３－１" }, "geometry": { "type": "Point", "coordinates": [ 138.608325, 35.219642 ] } },
{ "type": "Feature", "properties": { "ID": 2233225904700, "正式名称": "髙木歯科医院", "機関区分": 3, "都道府県コード": 22, "市区町村コード": 207, "所在地": "静岡県富士宮市中央町１３－４", "緯度": 35.22328, "経度": 138.616213, "url": "https://www.iryou.teikyouseido.mhlw.go.jp/znk-web/juminkanja/S2430/initialize?prefCd=22&kikanCd=3225904700&kikanKbn=3", "url2": null, "内容": "髙木歯科医院【3:歯科】静岡県富士宮市中央町１３－４" }, "geometry": { "type": "Point", "coordinates": [ 138.616213, 35.22328 ] } },
{ "type": "Feature", "properties": { "ID": 2233225904960, "正式名称": "桑原歯科医院", "機関区分": 3, "都道府県コード": 22, "市区町村コード": 207, "所在地": "静岡県富士宮市宮原３８５－１", "緯度": 35.246833, "経度": 138.611073, "url": "https://www.iryou.teikyouseido.mhlw.go.jp/znk-web/juminkanja/S2430/initialize?prefCd=22&kikanCd=3225904960&kikanKbn=3", "url2": null, "内容": "桑原歯科医院【3:歯科】静岡県富士宮市宮原３８５－１" }, "geometry": { "type": "Point", "coordinates": [ 138.611073, 35.246833 ] } },
{ "type": "Feature", "properties": { "ID": 2233225905260, "正式名称": "平田歯科医院", "機関区分": 3, "都道府県コード": 22, "市区町村コード": 207, "所在地": "静岡県富士宮市弓沢町２１３", "緯度": 35.222947, "経度": 138.622157, "url": "https://www.iryou.teikyouseido.mhlw.go.jp/znk-web/juminkanja/S2430/initialize?prefCd=22&kikanCd=3225905260&kikanKbn=3", "url2": null, "内容": "平田歯科医院【3:歯科】静岡県富士宮市弓沢町２１３" }, "geometry": { "type": "Point", "coordinates": [ 138.622157, 35.222947 ] } },
{ "type": "Feature", "properties": { "ID": 2233225905390, "正式名称": "ホワイト歯科医院", "機関区分": 3, "都道府県コード": 22, "市区町村コード": 207, "所在地": "静岡県富士宮市粟倉南町１１２", "緯度": 35.251028, "経度": 138.637432, "url": "https://www.iryou.teikyouseido.mhlw.go.jp/znk-web/juminkanja/S2430/initialize?prefCd=22&kikanCd=3225905390&kikanKbn=3", "url2": null, "内容": "ホワイト歯科医院【3:歯科】静岡県富士宮市粟倉南町１１２" }, "geometry": { "type": "Point", "coordinates": [ 138.637432, 35.251028 ] } },
{ "type": "Feature", "properties": { "ID": 2233225905550, "正式名称": "小泉歯科医院", "機関区分": 3, "都道府県コード": 22, "市区町村コード": 207, "所在地": "静岡県富士宮市小泉２１６９－１４", "緯度": 35.216448, "経度": 138.638572, "url": "https://www.iryou.teikyouseido.mhlw.go.jp/znk-web/juminkanja/S2430/initialize?prefCd=22&kikanCd=3225905550&kikanKbn=3", "url2": null, "内容": "小泉歯科医院【3:歯科】静岡県富士宮市小泉２１６９－１４" }, "geometry": { "type": "Point", "coordinates": [ 138.638572, 35.216448 ] } },
{ "type": "Feature", "properties": { "ID": 2233225905840, "正式名称": "芝切歯科医院", "機関区分": 3, "都道府県コード": 22, "市区町村コード": 207, "所在地": "静岡県富士宮市淀師８５－３", "緯度": 35.23457, "経度": 138.600464, "url": "https://www.iryou.teikyouseido.mhlw.go.jp/znk-web/juminkanja/S2430/initialize?prefCd=22&kikanCd=3225905840&kikanKbn=3", "url2": null, "内容": "芝切歯科医院【3:歯科】静岡県富士宮市淀師８５－３" }, "geometry": { "type": "Point", "coordinates": [ 138.600464, 35.23457 ] } },
{ "type": "Feature", "properties": { "ID": 2233225905970, "正式名称": "長谷川歯科クリニック", "機関区分": 3, "都道府県コード": 22, "市区町村コード": 207, "所在地": "静岡県富士宮市内房３１９５－１", "緯度": 35.200198, "経度": 138.551775, "url": "https://www.iryou.teikyouseido.mhlw.go.jp/znk-web/juminkanja/S2430/initialize?prefCd=22&kikanCd=3225905970&kikanKbn=3", "url2": null, "内容": "長谷川歯科クリニック【3:歯科】静岡県富士宮市内房３１９５－１" }, "geometry": { "type": "Point", "coordinates": [ 138.551775, 35.200198 ] } },
{ "type": "Feature", "properties": { "ID": 2233225906140, "正式名称": "パル佐野歯科医院", "機関区分": 3, "都道府県コード": 22, "市区町村コード": 207, "所在地": "静岡県富士宮市淀川町８－８", "緯度": 35.232058, "経度": 138.602684, "url": "https://www.iryou.teikyouseido.mhlw.go.jp/znk-web/juminkanja/S2430/initialize?prefCd=22&kikanCd=3225906140&kikanKbn=3", "url2": null, "内容": "パル佐野歯科医院【3:歯科】静岡県富士宮市淀川町８－８" }, "geometry": { "type": "Point", "coordinates": [ 138.602684, 35.232058 ] } },
{ "type": "Feature", "properties": { "ID": 2233225906300, "正式名称": "野中歯科クリニック", "機関区分": 3, "都道府県コード": 22, "市区町村コード": 207, "所在地": "静岡県富士宮市野中９１０－１", "緯度": 35.211031, "経度": 138.607714, "url": "https://www.iryou.teikyouseido.mhlw.go.jp/znk-web/juminkanja/S2430/initialize?prefCd=22&kikanCd=3225906300&kikanKbn=3", "url2": null, "内容": "野中歯科クリニック【3:歯科】静岡県富士宮市野中９１０－１" }, "geometry": { "type": "Point", "coordinates": [ 138.607714, 35.211031 ] } },
{ "type": "Feature", "properties": { "ID": 2233225906560, "正式名称": "小林歯科医院", "機関区分": 3, "都道府県コード": 22, "市区町村コード": 207, "所在地": "静岡県富士宮市粟倉南町１３８", "緯度": 35.252083, "経度": 138.636015, "url": "https://www.iryou.teikyouseido.mhlw.go.jp/znk-web/juminkanja/S2430/initialize?prefCd=22&kikanCd=3225906560&kikanKbn=3", "url2": "fujinomiya-kdc.cihp2.jp", "内容": "小林歯科医院【3:歯科】静岡県富士宮市粟倉南町１３８" }, "geometry": { "type": "Point", "coordinates": [ 138.636015, 35.252083 ] } },
{ "type": "Feature", "properties": { "ID": 2233225906720, "正式名称": "ゆざわ歯科", "機関区分": 3, "都道府県コード": 22, "市区町村コード": 207, "所在地": "静岡県富士宮市万野原新田３８９３－４", "緯度": 35.25, "経度": 138.619433, "url": "https://www.iryou.teikyouseido.mhlw.go.jp/znk-web/juminkanja/S2430/initialize?prefCd=22&kikanCd=3225906720&kikanKbn=3", "url2": null, "内容": "ゆざわ歯科【3:歯科】静岡県富士宮市万野原新田３８９３－４" }, "geometry": { "type": "Point", "coordinates": [ 138.619433, 35.25 ] } },
{ "type": "Feature", "properties": { "ID": 2233225906980, "正式名称": "森本歯科医院", "機関区分": 3, "都道府県コード": 22, "市区町村コード": 207, "所在地": "静岡県富士宮市西町５－７", "緯度": 35.225946, "経度": 138.606463, "url": "https://www.iryou.teikyouseido.mhlw.go.jp/znk-web/juminkanja/S2430/initialize?prefCd=22&kikanCd=3225906980&kikanKbn=3", "url2": null, "内容": "森本歯科医院【3:歯科】静岡県富士宮市西町５－７" }, "geometry": { "type": "Point", "coordinates": [ 138.606463, 35.225946 ] } },
{ "type": "Feature", "properties": { "ID": 2233226000120, "正式名称": "井川歯科医院", "機関区分": 3, "都道府県コード": 22, "市区町村コード": 103, "所在地": "静岡県静岡市清水区江尻町１０－２８", "緯度": 35.020938, "経度": 138.48165, "url": "https://www.iryou.teikyouseido.mhlw.go.jp/znk-web/juminkanja/S2430/initialize?prefCd=22&kikanCd=3226000120&kikanKbn=3", "url2": null, "内容": "井川歯科医院【3:歯科】静岡県静岡市清水区江尻町１０－２８" }, "geometry": { "type": "Point", "coordinates": [ 138.48165, 35.020938 ] } },
{ "type": "Feature", "properties": { "ID": 2233226000540, "正式名称": "井川歯科医院", "機関区分": 3, "都道府県コード": 22, "市区町村コード": 103, "所在地": "静岡県静岡市清水区興津中町３９８－３", "緯度": 35.05313, "経度": 138.52395, "url": "https://www.iryou.teikyouseido.mhlw.go.jp/znk-web/juminkanja/S2430/initialize?prefCd=22&kikanCd=3226000540&kikanKbn=3", "url2": null, "内容": "井川歯科医院【3:歯科】静岡県静岡市清水区興津中町３９８－３" }, "geometry": { "type": "Point", "coordinates": [ 138.52395, 35.05313 ] } },
{ "type": "Feature", "properties": { "ID": 2233226000670, "正式名称": "わかお歯科クリニック", "機関区分": 3, "都道府県コード": 22, "市区町村コード": 103, "所在地": "静岡県静岡市清水区有東坂３－１", "緯度": 35.009189, "経度": 138.46368, "url": "https://www.iryou.teikyouseido.mhlw.go.jp/znk-web/juminkanja/S2430/initialize?prefCd=22&kikanCd=3226000670&kikanKbn=3", "url2": "http://www.wakao-dent.jp/", "内容": "わかお歯科クリニック【3:歯科】静岡県静岡市清水区有東坂３－１" }, "geometry": { "type": "Point", "coordinates": [ 138.46368, 35.009189 ] } },
{ "type": "Feature", "properties": { "ID": 2233226000700, "正式名称": "本間歯科医院", "機関区分": 3, "都道府県コード": 22, "市区町村コード": 103, "所在地": "静岡県静岡市清水区草薙一丁目８－３", "緯度": 35.00244, "経度": 138.443015, "url": "https://www.iryou.teikyouseido.mhlw.go.jp/znk-web/juminkanja/S2430/initialize?prefCd=22&kikanCd=3226000700&kikanKbn=3", "url2": null, "内容": "本間歯科医院【3:歯科】静岡県静岡市清水区草薙一丁目８－３" }, "geometry": { "type": "Point", "coordinates": [ 138.443015, 35.00244 ] } },
{ "type": "Feature", "properties": { "ID": 2233226000960, "正式名称": "そし歯科医院", "機関区分": 3, "都道府県コード": 22, "市区町村コード": 103, "所在地": "静岡県静岡市清水区興津本町２１７", "緯度": 35.049964, "経度": 138.519229, "url": "https://www.iryou.teikyouseido.mhlw.go.jp/znk-web/juminkanja/S2430/initialize?prefCd=22&kikanCd=3226000960&kikanKbn=3", "url2": "http://www.soshi-dental.com", "内容": "そし歯科医院【3:歯科】静岡県静岡市清水区興津本町２１７" }, "geometry": { "type": "Point", "coordinates": [ 138.519229, 35.049964 ] } },
{ "type": "Feature", "properties": { "ID": 2233226001000, "正式名称": "前田歯科医院", "機関区分": 3, "都道府県コード": 22, "市区町村コード": 103, "所在地": "静岡県静岡市清水区富士見町２－１７", "緯度": 35.01069, "経度": 138.4884, "url": "https://www.iryou.teikyouseido.mhlw.go.jp/znk-web/juminkanja/S2430/initialize?prefCd=22&kikanCd=3226001000&kikanKbn=3", "url2": null, "内容": "前田歯科医院【3:歯科】静岡県静岡市清水区富士見町２－１７" }, "geometry": { "type": "Point", "coordinates": [ 138.4884, 35.01069 ] } },
{ "type": "Feature", "properties": { "ID": 2233226001260, "正式名称": "華輝光デンタルクリニック", "機関区分": 3, "都道府県コード": 22, "市区町村コード": 103, "所在地": "静岡県静岡市清水区秋吉町２－４１", "緯度": 35.031104, "経度": 138.481872, "url": "https://www.iryou.teikyouseido.mhlw.go.jp/znk-web/juminkanja/S2430/initialize?prefCd=22&kikanCd=3226001260&kikanKbn=3", "url2": "https://hanakihikaru-dc.com/", "内容": "華輝光デンタルクリニック【3:歯科】静岡県静岡市清水区秋吉町２－４１" }, "geometry": { "type": "Point", "coordinates": [ 138.481872, 35.031104 ] } },
{ "type": "Feature", "properties": { "ID": 2233226001390, "正式名称": "井川歯科医院", "機関区分": 3, "都道府県コード": 22, "市区町村コード": 103, "所在地": "静岡県静岡市清水区神田町１－３７", "緯度": 35.008967, "経度": 138.480206, "url": "https://www.iryou.teikyouseido.mhlw.go.jp/znk-web/juminkanja/S2430/initialize?prefCd=22&kikanCd=3226001390&kikanKbn=3", "url2": null, "内容": "井川歯科医院【3:歯科】静岡県静岡市清水区神田町１－３７" }, "geometry": { "type": "Point", "coordinates": [ 138.480206, 35.008967 ] } },
{ "type": "Feature", "properties": { "ID": 2233226001840, "正式名称": "大関歯科医院", "機関区分": 3, "都道府県コード": 22, "市区町村コード": 103, "所在地": "静岡県静岡市清水区興津中町８７", "緯度": 35.051714, "経度": 138.523895, "url": "https://www.iryou.teikyouseido.mhlw.go.jp/znk-web/juminkanja/S2430/initialize?prefCd=22&kikanCd=3226001840&kikanKbn=3", "url2": null, "内容": "大関歯科医院【3:歯科】静岡県静岡市清水区興津中町８７" }, "geometry": { "type": "Point", "coordinates": [ 138.523895, 35.051714 ] } },
{ "type": "Feature", "properties": { "ID": 2233226002430, "正式名称": "江川（八千代）歯科医院", "機関区分": 3, "都道府県コード": 22, "市区町村コード": 103, "所在地": "静岡県静岡市清水区八千代町９－２４", "緯度": 35.003103, "経度": 138.488065, "url": "https://www.iryou.teikyouseido.mhlw.go.jp/znk-web/juminkanja/S2430/initialize?prefCd=22&kikanCd=3226002430&kikanKbn=3", "url2": "http://www.s-cnet.ne.jp/~apb09812/", "内容": "江川（八千代）歯科医院【3:歯科】静岡県静岡市清水区八千代町９－２４" }, "geometry": { "type": "Point", "coordinates": [ 138.488065, 35.003103 ] } },
{ "type": "Feature", "properties": { "ID": 2233226003280, "正式名称": "さくらばし歯科医院", "機関区分": 3, "都道府県コード": 22, "市区町村コード": 103, "所在地": "静岡県静岡市清水区桜が丘町１－５", "緯度": 35.012772, "経度": 138.478289, "url": "https://www.iryou.teikyouseido.mhlw.go.jp/znk-web/juminkanja/S2430/initialize?prefCd=22&kikanCd=3226003280&kikanKbn=3", "url2": null, "内容": "さくらばし歯科医院【3:歯科】静岡県静岡市清水区桜が丘町１－５" }, "geometry": { "type": "Point", "coordinates": [ 138.478289, 35.012772 ] } },
{ "type": "Feature", "properties": { "ID": 2233226003730, "正式名称": "朝波歯科医院", "機関区分": 3, "都道府県コード": 22, "市区町村コード": 103, "所在地": "静岡県静岡市清水区上清水町３－１０", "緯度": 35.010301, "経度": 138.484206, "url": "https://www.iryou.teikyouseido.mhlw.go.jp/znk-web/juminkanja/S2430/initialize?prefCd=22&kikanCd=3226003730&kikanKbn=3", "url2": null, "内容": "朝波歯科医院【3:歯科】静岡県静岡市清水区上清水町３－１０" }, "geometry": { "type": "Point", "coordinates": [ 138.484206, 35.010301 ] } },
{ "type": "Feature", "properties": { "ID": 2233226005330, "正式名称": "ハセベ歯科医院", "機関区分": 3, "都道府県コード": 22, "市区町村コード": 103, "所在地": "静岡県静岡市清水区中之郷一丁目１１－１５", "緯度": 34.998586, "経度": 138.441779, "url": "https://www.iryou.teikyouseido.mhlw.go.jp/znk-web/juminkanja/S2430/initialize?prefCd=22&kikanCd=3226005330&kikanKbn=3", "url2": null, "内容": "ハセベ歯科医院【3:歯科】静岡県静岡市清水区中之郷一丁目１１－１５" }, "geometry": { "type": "Point", "coordinates": [ 138.441779, 34.998586 ] } },
{ "type": "Feature", "properties": { "ID": 2233226005620, "正式名称": "医療法人社団　　山水会　　杉山歯科医院", "機関区分": 3, "都道府県コード": 22, "市区町村コード": 103, "所在地": "静岡県静岡市清水区馬走北１－３", "緯度": 35.008217, "経度": 138.460958, "url": "https://www.iryou.teikyouseido.mhlw.go.jp/znk-web/juminkanja/S2430/initialize?prefCd=22&kikanCd=3226005620&kikanKbn=3", "url2": "http://www.sansuikai-sugiyamasika.com/", "内容": "医療法人社団　　山水会　　杉山歯科医院【3:歯科】静岡県静岡市清水区馬走北１－３" }, "geometry": { "type": "Point", "coordinates": [ 138.460958, 35.008217 ] } },
{ "type": "Feature", "properties": { "ID": 2233226006340, "正式名称": "オオタキ歯科医院", "機関区分": 3, "都道府県コード": 22, "市区町村コード": 103, "所在地": "静岡県静岡市清水区緑が丘町１８－４３", "緯度": 34.993386, "経度": 138.485456, "url": "https://www.iryou.teikyouseido.mhlw.go.jp/znk-web/juminkanja/S2430/initialize?prefCd=22&kikanCd=3226006340&kikanKbn=3", "url2": null, "内容": "オオタキ歯科医院【3:歯科】静岡県静岡市清水区緑が丘町１８－４３" }, "geometry": { "type": "Point", "coordinates": [ 138.485456, 34.993386 ] } },
{ "type": "Feature", "properties": { "ID": 2233226006470, "正式名称": "瀧歯科医院", "機関区分": 3, "都道府県コード": 22, "市区町村コード": 103, "所在地": "静岡県静岡市清水区谷田１－１", "緯度": 34.999829, "経度": 138.44296, "url": "https://www.iryou.teikyouseido.mhlw.go.jp/znk-web/juminkanja/S2430/initialize?prefCd=22&kikanCd=3226006470&kikanKbn=3", "url2": null, "内容": "瀧歯科医院【3:歯科】静岡県静岡市清水区谷田１－１" }, "geometry": { "type": "Point", "coordinates": [ 138.44296, 34.999829 ] } },
{ "type": "Feature", "properties": { "ID": 2233226006630, "正式名称": "佐々木歯科医院", "機関区分": 3, "都道府県コード": 22, "市区町村コード": 103, "所在地": "静岡県静岡市清水区江尻町１０－１２", "緯度": 35.019966, "経度": 138.481567, "url": "https://www.iryou.teikyouseido.mhlw.go.jp/znk-web/juminkanja/S2430/initialize?prefCd=22&kikanCd=3226006630&kikanKbn=3", "url2": null, "内容": "佐々木歯科医院【3:歯科】静岡県静岡市清水区江尻町１０－１２" }, "geometry": { "type": "Point", "coordinates": [ 138.481567, 35.019966 ] } },
{ "type": "Feature", "properties": { "ID": 2233226006760, "正式名称": "医療法人社団　歯仁会　朝浪歯科医院", "機関区分": 3, "都道府県コード": 22, "市区町村コード": 103, "所在地": "静岡県静岡市清水区入江一丁目８－２８", "緯度": 35.017946, "経度": 138.481156, "url": "https://www.iryou.teikyouseido.mhlw.go.jp/znk-web/juminkanja/S2430/initialize?prefCd=22&kikanCd=3226006760&kikanKbn=3", "url2": "http://www.asanami-dental.com/", "内容": "医療法人社団　歯仁会　朝浪歯科医院【3:歯科】静岡県静岡市清水区入江一丁目８－２８" }, "geometry": { "type": "Point", "coordinates": [ 138.481156, 35.017946 ] } },
{ "type": "Feature", "properties": { "ID": 2233226006890, "正式名称": "天野歯科医院", "機関区分": 3, "都道府県コード": 22, "市区町村コード": 103, "所在地": "静岡県静岡市清水区巴町１０－９", "緯度": 35.015133, "経度": 138.487761, "url": "https://www.iryou.teikyouseido.mhlw.go.jp/znk-web/juminkanja/S2430/initialize?prefCd=22&kikanCd=3226006890&kikanKbn=3", "url2": null, "内容": "天野歯科医院【3:歯科】静岡県静岡市清水区巴町１０－９" }, "geometry": { "type": "Point", "coordinates": [ 138.487761, 35.015133 ] } },
{ "type": "Feature", "properties": { "ID": 2233226006920, "正式名称": "高尾歯科", "機関区分": 3, "都道府県コード": 22, "市区町村コード": 103, "所在地": "静岡県静岡市清水区辻五丁目１－４０", "緯度": 35.028715, "経度": 138.484149, "url": "https://www.iryou.teikyouseido.mhlw.go.jp/znk-web/juminkanja/S2430/initialize?prefCd=22&kikanCd=3226006920&kikanKbn=3", "url2": "http://takaoshika.com", "内容": "高尾歯科【3:歯科】静岡県静岡市清水区辻五丁目１－４０" }, "geometry": { "type": "Point", "coordinates": [ 138.484149, 35.028715 ] } },
{ "type": "Feature", "properties": { "ID": 2233226007060, "正式名称": "医療法人社団グリーン歯科", "機関区分": 3, "都道府県コード": 22, "市区町村コード": 103, "所在地": "静岡県静岡市清水区天王南４－２０", "緯度": 35.028243, "経度": 138.464651, "url": "https://www.iryou.teikyouseido.mhlw.go.jp/znk-web/juminkanja/S2430/initialize?prefCd=22&kikanCd=3226007060&kikanKbn=3", "url2": null, "内容": "医療法人社団グリーン歯科【3:歯科】静岡県静岡市清水区天王南４－２０" }, "geometry": { "type": "Point", "coordinates": [ 138.464651, 35.028243 ] } },
{ "type": "Feature", "properties": { "ID": 2233226007190, "正式名称": "土屋歯科クリニック", "機関区分": 3, "都道府県コード": 22, "市区町村コード": 103, "所在地": "静岡県静岡市清水区元城町７－３７", "緯度": 35.018966, "経度": 138.476539, "url": "https://www.iryou.teikyouseido.mhlw.go.jp/znk-web/juminkanja/S2430/initialize?prefCd=22&kikanCd=3226007190&kikanKbn=3", "url2": null, "内容": "土屋歯科クリニック【3:歯科】静岡県静岡市清水区元城町７－３７" }, "geometry": { "type": "Point", "coordinates": [ 138.476539, 35.018966 ] } },
{ "type": "Feature", "properties": { "ID": 2233226007220, "正式名称": "河村歯科医院", "機関区分": 3, "都道府県コード": 22, "市区町村コード": 103, "所在地": "静岡県静岡市清水区草薙３丁目５－２０", "緯度": 35.002967, "経度": 138.445765, "url": "https://www.iryou.teikyouseido.mhlw.go.jp/znk-web/juminkanja/S2430/initialize?prefCd=22&kikanCd=3226007220&kikanKbn=3", "url2": "https://kawamura-dental-clinic.com/", "内容": "河村歯科医院【3:歯科】静岡県静岡市清水区草薙３丁目５－２０" }, "geometry": { "type": "Point", "coordinates": [ 138.445765, 35.002967 ] } },
{ "type": "Feature", "properties": { "ID": 2233226007480, "正式名称": "つかはら歯科医院", "機関区分": 3, "都道府県コード": 22, "市区町村コード": 103, "所在地": "静岡県静岡市清水区下野西３－２０", "緯度": 35.033659, "経度": 138.467206, "url": "https://www.iryou.teikyouseido.mhlw.go.jp/znk-web/juminkanja/S2430/initialize?prefCd=22&kikanCd=3226007480&kikanKbn=3", "url2": null, "内容": "つかはら歯科医院【3:歯科】静岡県静岡市清水区下野西３－２０" }, "geometry": { "type": "Point", "coordinates": [ 138.467206, 35.033659 ] } },
{ "type": "Feature", "properties": { "ID": 2233226007640, "正式名称": "クボタ歯科医院", "機関区分": 3, "都道府県コード": 22, "市区町村コード": 103, "所在地": "静岡県静岡市清水区押切字橋下８２３－１", "緯度": 35.028798, "経度": 138.457235, "url": "https://www.iryou.teikyouseido.mhlw.go.jp/znk-web/juminkanja/S2430/initialize?prefCd=22&kikanCd=3226007640&kikanKbn=3", "url2": null, "内容": "クボタ歯科医院【3:歯科】静岡県静岡市清水区押切字橋下８２３－１" }, "geometry": { "type": "Point", "coordinates": [ 138.457235, 35.028798 ] } },
{ "type": "Feature", "properties": { "ID": 2233226007800, "正式名称": "鈴木歯科医院", "機関区分": 3, "都道府県コード": 22, "市区町村コード": 103, "所在地": "静岡県静岡市清水区庵原町５９３－３", "緯度": 35.044852, "経度": 138.476038, "url": "https://www.iryou.teikyouseido.mhlw.go.jp/znk-web/juminkanja/S2430/initialize?prefCd=22&kikanCd=3226007800&kikanKbn=3", "url2": null, "内容": "鈴木歯科医院【3:歯科】静岡県静岡市清水区庵原町５９３－３" }, "geometry": { "type": "Point", "coordinates": [ 138.476038, 35.044852 ] } },
{ "type": "Feature", "properties": { "ID": 2233226008100, "正式名称": "立花歯科医院", "機関区分": 3, "都道府県コード": 22, "市区町村コード": 210, "所在地": "静岡県富士市岩渕７６３－１", "緯度": 35.147844, "経度": 138.620466, "url": "https://www.iryou.teikyouseido.mhlw.go.jp/znk-web/juminkanja/S2430/initialize?prefCd=22&kikanCd=3226008100&kikanKbn=3", "url2": null, "内容": "立花歯科医院【3:歯科】静岡県富士市岩渕７６３－１" }, "geometry": { "type": "Point", "coordinates": [ 138.620466, 35.147844 ] } },
{ "type": "Feature", "properties": { "ID": 2233226008780, "正式名称": "宇佐美歯科医院", "機関区分": 3, "都道府県コード": 22, "市区町村コード": 103, "所在地": "静岡県静岡市清水区蒲原三丁目２３－１２", "緯度": 35.119513, "経度": 138.602358, "url": "https://www.iryou.teikyouseido.mhlw.go.jp/znk-web/juminkanja/S2430/initialize?prefCd=22&kikanCd=3226008780&kikanKbn=3", "url2": null, "内容": "宇佐美歯科医院【3:歯科】静岡県静岡市清水区蒲原三丁目２３－１２" }, "geometry": { "type": "Point", "coordinates": [ 138.602358, 35.119513 ] } },
{ "type": "Feature", "properties": { "ID": 2233226009110, "正式名称": "安藤歯科医院", "機関区分": 3, "都道府県コード": 22, "市区町村コード": 103, "所在地": "静岡県静岡市清水区由比町屋原１２６", "緯度": 35.103792, "経度": 138.558723, "url": "https://www.iryou.teikyouseido.mhlw.go.jp/znk-web/juminkanja/S2430/initialize?prefCd=22&kikanCd=3226009110&kikanKbn=3", "url2": null, "内容": "安藤歯科医院【3:歯科】静岡県静岡市清水区由比町屋原１２６" }, "geometry": { "type": "Point", "coordinates": [ 138.558723, 35.103792 ] } },
{ "type": "Feature", "properties": { "ID": 2233226009240, "正式名称": "小沢歯科", "機関区分": 3, "都道府県コード": 22, "市区町村コード": 103, "所在地": "静岡県静岡市清水区北矢部町一丁目１４－１", "緯度": 35.002187, "経度": 138.48199, "url": "https://www.iryou.teikyouseido.mhlw.go.jp/znk-web/juminkanja/S2430/initialize?prefCd=22&kikanCd=3226009240&kikanKbn=3", "url2": null, "内容": "小沢歯科【3:歯科】静岡県静岡市清水区北矢部町一丁目１４－１" }, "geometry": { "type": "Point", "coordinates": [ 138.48199, 35.002187 ] } },
{ "type": "Feature", "properties": { "ID": 2233226009530, "正式名称": "望月歯科", "機関区分": 3, "都道府県コード": 22, "市区町村コード": 103, "所在地": "静岡県静岡市清水区桜橋町２－１", "緯度": 35.015022, "経度": 138.476873, "url": "https://www.iryou.teikyouseido.mhlw.go.jp/znk-web/juminkanja/S2430/initialize?prefCd=22&kikanCd=3226009530&kikanKbn=3", "url2": "http://homepage3.nifty.com/makozuki/mochi/", "内容": "望月歯科【3:歯科】静岡県静岡市清水区桜橋町２－１" }, "geometry": { "type": "Point", "coordinates": [ 138.476873, 35.015022 ] } },
{ "type": "Feature", "properties": { "ID": 2233226009660, "正式名称": "西久保歯科", "機関区分": 3, "都道府県コード": 22, "市区町村コード": 103, "所在地": "静岡県静岡市清水区西久保１６５－４２", "緯度": 35.037213, "経度": 138.484628, "url": "https://www.iryou.teikyouseido.mhlw.go.jp/znk-web/juminkanja/S2430/initialize?prefCd=22&kikanCd=3226009660&kikanKbn=3", "url2": null, "内容": "西久保歯科【3:歯科】静岡県静岡市清水区西久保１６５－４２" }, "geometry": { "type": "Point", "coordinates": [ 138.484628, 35.037213 ] } },
{ "type": "Feature", "properties": { "ID": 2233226010060, "正式名称": "大塔歯科クリニック", "機関区分": 3, "都道府県コード": 22, "市区町村コード": 103, "所在地": "静岡県静岡市清水区八木間町１７０１", "緯度": 35.068823, "経度": 138.522783, "url": "https://www.iryou.teikyouseido.mhlw.go.jp/znk-web/juminkanja/S2430/initialize?prefCd=22&kikanCd=3226010060&kikanKbn=3", "url2": "https://daito-dental.com/", "内容": "大塔歯科クリニック【3:歯科】静岡県静岡市清水区八木間町１７０１" }, "geometry": { "type": "Point", "coordinates": [ 138.522783, 35.068823 ] } },
{ "type": "Feature", "properties": { "ID": 2233226010220, "正式名称": "松下歯科", "機関区分": 3, "都道府県コード": 22, "市区町村コード": 103, "所在地": "静岡県静岡市清水区八木間町１７６４", "緯度": 35.069712, "経度": 138.523033, "url": "https://www.iryou.teikyouseido.mhlw.go.jp/znk-web/juminkanja/S2430/initialize?prefCd=22&kikanCd=3226010220&kikanKbn=3", "url2": null, "内容": "松下歯科【3:歯科】静岡県静岡市清水区八木間町１７６４" }, "geometry": { "type": "Point", "coordinates": [ 138.523033, 35.069712 ] } },
{ "type": "Feature", "properties": { "ID": 2233226010510, "正式名称": "折原歯科医院", "機関区分": 3, "都道府県コード": 22, "市区町村コード": 103, "所在地": "静岡県静岡市清水区蒲原新栄１４５－２", "緯度": 35.126957, "経度": 138.621439, "url": "https://www.iryou.teikyouseido.mhlw.go.jp/znk-web/juminkanja/S2430/initialize?prefCd=22&kikanCd=3226010510&kikanKbn=3", "url2": null, "内容": "折原歯科医院【3:歯科】静岡県静岡市清水区蒲原新栄１４５－２" }, "geometry": { "type": "Point", "coordinates": [ 138.621439, 35.126957 ] } },
{ "type": "Feature", "properties": { "ID": 2233226010640, "正式名称": "タムラ歯科", "機関区分": 3, "都道府県コード": 22, "市区町村コード": 103, "所在地": "静岡県静岡市清水区石川新町１－２０", "緯度": 35.031631, "経度": 138.459818, "url": "https://www.iryou.teikyouseido.mhlw.go.jp/znk-web/juminkanja/S2430/initialize?prefCd=22&kikanCd=3226010640&kikanKbn=3", "url2": null, "内容": "タムラ歯科【3:歯科】静岡県静岡市清水区石川新町１－２０" }, "geometry": { "type": "Point", "coordinates": [ 138.459818, 35.031631 ] } },
{ "type": "Feature", "properties": { "ID": 2233226011070, "正式名称": "平田歯科医院", "機関区分": 3, "都道府県コード": 22, "市区町村コード": 103, "所在地": "静岡県静岡市清水区由比町屋原１５６番地の３", "緯度": 35.104014, "経度": 138.557695, "url": "https://www.iryou.teikyouseido.mhlw.go.jp/znk-web/juminkanja/S2430/initialize?prefCd=22&kikanCd=3226011070&kikanKbn=3", "url2": null, "内容": "平田歯科医院【3:歯科】静岡県静岡市清水区由比町屋原１５６番地の３" }, "geometry": { "type": "Point", "coordinates": [ 138.557695, 35.104014 ] } },
{ "type": "Feature", "properties": { "ID": 2233226011100, "正式名称": "あさみ歯科医院", "機関区分": 3, "都道府県コード": 22, "市区町村コード": 103, "所在地": "静岡県静岡市清水区下清水町６－１５", "緯度": 35.006051, "経度": 138.482012, "url": "https://www.iryou.teikyouseido.mhlw.go.jp/znk-web/juminkanja/S2430/initialize?prefCd=22&kikanCd=3226011100&kikanKbn=3", "url2": "asami-dental.net", "内容": "あさみ歯科医院【3:歯科】静岡県静岡市清水区下清水町６－１５" }, "geometry": { "type": "Point", "coordinates": [ 138.482012, 35.006051 ] } },
{ "type": "Feature", "properties": { "ID": 2233226011230, "正式名称": "アルファ矯正歯科クリニック", "機関区分": 3, "都道府県コード": 22, "市区町村コード": 103, "所在地": "静岡県静岡市清水区中之郷一丁目４－１１　ミハラビル　３Ｆ", "緯度": 34.997385, "経度": 138.438377, "url": "https://www.iryou.teikyouseido.mhlw.go.jp/znk-web/juminkanja/S2430/initialize?prefCd=22&kikanCd=3226011230&kikanKbn=3", "url2": "http://www.a-ortho.com/", "内容": "アルファ矯正歯科クリニック【3:歯科】静岡県静岡市清水区中之郷一丁目４－１１　ミハラビル　３Ｆ" }, "geometry": { "type": "Point", "coordinates": [ 138.438377, 34.997385 ] } },
{ "type": "Feature", "properties": { "ID": 2233226011490, "正式名称": "すずき歯科", "機関区分": 3, "都道府県コード": 22, "市区町村コード": 103, "所在地": "静岡県静岡市清水区駒越南町１－１１", "緯度": 34.983665, "経度": 138.50565, "url": "https://www.iryou.teikyouseido.mhlw.go.jp/znk-web/juminkanja/S2430/initialize?prefCd=22&kikanCd=3226011490&kikanKbn=3", "url2": "www.suzukidc6767.com", "内容": "すずき歯科【3:歯科】静岡県静岡市清水区駒越南町１－１１" }, "geometry": { "type": "Point", "coordinates": [ 138.50565, 34.983665 ] } },
{ "type": "Feature", "properties": { "ID": 2233226011520, "正式名称": "岩上歯科医院", "機関区分": 3, "都道府県コード": 22, "市区町村コード": 103, "所在地": "静岡県静岡市清水区有度本町３－１７", "緯度": 35.006384, "経度": 138.453375, "url": "https://www.iryou.teikyouseido.mhlw.go.jp/znk-web/juminkanja/S2430/initialize?prefCd=22&kikanCd=3226011520&kikanKbn=3", "url2": null, "内容": "岩上歯科医院【3:歯科】静岡県静岡市清水区有度本町３－１７" }, "geometry": { "type": "Point", "coordinates": [ 138.453375, 35.006384 ] } },
{ "type": "Feature", "properties": { "ID": 2233226011650, "正式名称": "深松歯科医院", "機関区分": 3, "都道府県コード": 22, "市区町村コード": 103, "所在地": "静岡県静岡市清水区西高町８－３", "緯度": 35.008328, "経度": 138.47329, "url": "https://www.iryou.teikyouseido.mhlw.go.jp/znk-web/juminkanja/S2430/initialize?prefCd=22&kikanCd=3226011650&kikanKbn=3", "url2": null, "内容": "深松歯科医院【3:歯科】静岡県静岡市清水区西高町８－３" }, "geometry": { "type": "Point", "coordinates": [ 138.47329, 35.008328 ] } },
{ "type": "Feature", "properties": { "ID": 2233226011780, "正式名称": "名取歯科", "機関区分": 3, "都道府県コード": 22, "市区町村コード": 103, "所在地": "静岡県静岡市清水区港町一丁目２－１７", "緯度": 35.008218, "経度": 138.491205, "url": "https://www.iryou.teikyouseido.mhlw.go.jp/znk-web/juminkanja/S2430/initialize?prefCd=22&kikanCd=3226011780&kikanKbn=3", "url2": null, "内容": "名取歯科【3:歯科】静岡県静岡市清水区港町一丁目２－１７" }, "geometry": { "type": "Point", "coordinates": [ 138.491205, 35.008218 ] } },
{ "type": "Feature", "properties": { "ID": 2233226011810, "正式名称": "クリタ歯科医院", "機関区分": 3, "都道府県コード": 22, "市区町村コード": 103, "所在地": "静岡県静岡市清水区押切１１６５－１", "緯度": 35.031319, "経度": 138.452151, "url": "https://www.iryou.teikyouseido.mhlw.go.jp/znk-web/juminkanja/S2430/initialize?prefCd=22&kikanCd=3226011810&kikanKbn=3", "url2": null, "内容": "クリタ歯科医院【3:歯科】静岡県静岡市清水区押切１１６５－１" }, "geometry": { "type": "Point", "coordinates": [ 138.452151, 35.031319 ] } },
{ "type": "Feature", "properties": { "ID": 2233226011940, "正式名称": "宮城島歯科医院", "機関区分": 3, "都道府県コード": 22, "市区町村コード": 103, "所在地": "静岡県静岡市清水区三保３１２－９", "緯度": 35.001552, "経度": 138.515065, "url": "https://www.iryou.teikyouseido.mhlw.go.jp/znk-web/juminkanja/S2430/initialize?prefCd=22&kikanCd=3226011940&kikanKbn=3", "url2": "http://miyagishima-shika.com/", "内容": "宮城島歯科医院【3:歯科】静岡県静岡市清水区三保３１２－９" }, "geometry": { "type": "Point", "coordinates": [ 138.515065, 35.001552 ] } },
{ "type": "Feature", "properties": { "ID": 2233226012240, "正式名称": "恵愛歯科医院", "機関区分": 3, "都道府県コード": 22, "市区町村コード": 103, "所在地": "静岡県静岡市清水区天神二丁目５－１", "緯度": 35.025299, "経度": 138.479289, "url": "https://www.iryou.teikyouseido.mhlw.go.jp/znk-web/juminkanja/S2430/initialize?prefCd=22&kikanCd=3226012240&kikanKbn=3", "url2": null, "内容": "恵愛歯科医院【3:歯科】静岡県静岡市清水区天神二丁目５－１" }, "geometry": { "type": "Point", "coordinates": [ 138.479289, 35.025299 ] } },
{ "type": "Feature", "properties": { "ID": 2233226012370, "正式名称": "兼子歯科医院", "機関区分": 3, "都道府県コード": 22, "市区町村コード": 103, "所在地": "静岡県静岡市清水区万世町二丁目７－４　中村ビル", "緯度": 35.012296, "経度": 138.489953, "url": "https://www.iryou.teikyouseido.mhlw.go.jp/znk-web/juminkanja/S2430/initialize?prefCd=22&kikanCd=3226012370&kikanKbn=3", "url2": null, "内容": "兼子歯科医院【3:歯科】静岡県静岡市清水区万世町二丁目７－４　中村ビル" }, "geometry": { "type": "Point", "coordinates": [ 138.489953, 35.012296 ] } },
{ "type": "Feature", "properties": { "ID": 2233226012400, "正式名称": "中根歯科医院", "機関区分": 3, "都道府県コード": 22, "市区町村コード": 103, "所在地": "静岡県静岡市清水区折戸五丁目１－１１", "緯度": 34.993609, "経度": 138.515176, "url": "https://www.iryou.teikyouseido.mhlw.go.jp/znk-web/juminkanja/S2430/initialize?prefCd=22&kikanCd=3226012400&kikanKbn=3", "url2": "www.nakanedc.com", "内容": "中根歯科医院【3:歯科】静岡県静岡市清水区折戸五丁目１－１１" }, "geometry": { "type": "Point", "coordinates": [ 138.515176, 34.993609 ] } },
{ "type": "Feature", "properties": { "ID": 2233226012820, "正式名称": "大野歯科医院", "機関区分": 3, "都道府県コード": 22, "市区町村コード": 103, "所在地": "静岡県静岡市清水区七ツ新屋二丁目６－１１", "緯度": 35.010161, "経度": 138.449764, "url": "https://www.iryou.teikyouseido.mhlw.go.jp/znk-web/juminkanja/S2430/initialize?prefCd=22&kikanCd=3226012820&kikanKbn=3", "url2": null, "内容": "大野歯科医院【3:歯科】静岡県静岡市清水区七ツ新屋二丁目６－１１" }, "geometry": { "type": "Point", "coordinates": [ 138.449764, 35.010161 ] } },
{ "type": "Feature", "properties": { "ID": 2233226012950, "正式名称": "平岡歯科医院", "機関区分": 3, "都道府県コード": 22, "市区町村コード": 103, "所在地": "静岡県静岡市清水区北矢部町二丁目１１－２０", "緯度": 34.999663, "経度": 138.482068, "url": "https://www.iryou.teikyouseido.mhlw.go.jp/znk-web/juminkanja/S2430/initialize?prefCd=22&kikanCd=3226012950&kikanKbn=3", "url2": null, "内容": "平岡歯科医院【3:歯科】静岡県静岡市清水区北矢部町二丁目１１－２０" }, "geometry": { "type": "Point", "coordinates": [ 138.482068, 34.999663 ] } },
{ "type": "Feature", "properties": { "ID": 2233226013090, "正式名称": "エンゼル歯科", "機関区分": 3, "都道府県コード": 22, "市区町村コード": 103, "所在地": "静岡県静岡市清水区興津中町１３５４－４", "緯度": 35.06149, "経度": 138.525422, "url": "https://www.iryou.teikyouseido.mhlw.go.jp/znk-web/juminkanja/S2430/initialize?prefCd=22&kikanCd=3226013090&kikanKbn=3", "url2": "http://www.angel-dental-clinic.com/", "内容": "エンゼル歯科【3:歯科】静岡県静岡市清水区興津中町１３５４－４" }, "geometry": { "type": "Point", "coordinates": [ 138.525422, 35.06149 ] } },
{ "type": "Feature", "properties": { "ID": 2233226013120, "正式名称": "よしざわ歯科医院", "機関区分": 3, "都道府県コード": 22, "市区町村コード": 103, "所在地": "静岡県静岡市清水区下野東１丁目７６　エクセルリバーサイド　１Ｆ", "緯度": 35.034659, "経度": 138.472178, "url": "https://www.iryou.teikyouseido.mhlw.go.jp/znk-web/juminkanja/S2430/initialize?prefCd=22&kikanCd=3226013120&kikanKbn=3", "url2": null, "内容": "よしざわ歯科医院【3:歯科】静岡県静岡市清水区下野東１丁目７６　エクセルリバーサイド　１Ｆ" }, "geometry": { "type": "Point", "coordinates": [ 138.472178, 35.034659 ] } },
{ "type": "Feature", "properties": { "ID": 2233226013250, "正式名称": "ひぐち歯科医院", "機関区分": 3, "都道府県コード": 22, "市区町村コード": 103, "所在地": "静岡県静岡市清水区草薙一里山２３－１０", "緯度": 35.004912, "経度": 138.449042, "url": "https://www.iryou.teikyouseido.mhlw.go.jp/znk-web/juminkanja/S2430/initialize?prefCd=22&kikanCd=3226013250&kikanKbn=3", "url2": null, "内容": "ひぐち歯科医院【3:歯科】静岡県静岡市清水区草薙一里山２３－１０" }, "geometry": { "type": "Point", "coordinates": [ 138.449042, 35.004912 ] } },
{ "type": "Feature", "properties": { "ID": 2233226013380, "正式名称": "相原歯科", "機関区分": 3, "都道府県コード": 22, "市区町村コード": 103, "所在地": "静岡県静岡市清水区村松原一丁目３－３０", "緯度": 34.998684, "経度": 138.489284, "url": "https://www.iryou.teikyouseido.mhlw.go.jp/znk-web/juminkanja/S2430/initialize?prefCd=22&kikanCd=3226013380&kikanKbn=3", "url2": "http://aihara-dental-clinic.cihp.jp/", "内容": "相原歯科【3:歯科】静岡県静岡市清水区村松原一丁目３－３０" }, "geometry": { "type": "Point", "coordinates": [ 138.489284, 34.998684 ] } },
{ "type": "Feature", "properties": { "ID": 2233226013540, "正式名称": "はまかぜ歯科", "機関区分": 3, "都道府県コード": 22, "市区町村コード": 103, "所在地": "静岡県静岡市清水区蒲原堰沢１８０－１", "緯度": 35.112902, "経度": 138.580887, "url": "https://www.iryou.teikyouseido.mhlw.go.jp/znk-web/juminkanja/S2430/initialize?prefCd=22&kikanCd=3226013540&kikanKbn=3", "url2": null, "内容": "はまかぜ歯科【3:歯科】静岡県静岡市清水区蒲原堰沢１８０－１" }, "geometry": { "type": "Point", "coordinates": [ 138.580887, 35.112902 ] } },
{ "type": "Feature", "properties": { "ID": 2233226013670, "正式名称": "いとう歯科医院", "機関区分": 3, "都道府県コード": 22, "市区町村コード": 103, "所在地": "静岡県静岡市清水区鶴舞町３－１７", "緯度": 35.016633, "経度": 138.473373, "url": "https://www.iryou.teikyouseido.mhlw.go.jp/znk-web/juminkanja/S2430/initialize?prefCd=22&kikanCd=3226013670&kikanKbn=3", "url2": "http://www.itodentalclinic.com/", "内容": "いとう歯科医院【3:歯科】静岡県静岡市清水区鶴舞町３－１７" }, "geometry": { "type": "Point", "coordinates": [ 138.473373, 35.016633 ] } },
{ "type": "Feature", "properties": { "ID": 2233226013700, "正式名称": "かめやま歯科", "機関区分": 3, "都道府県コード": 22, "市区町村コード": 103, "所在地": "静岡県静岡市清水区草薙１１８１－２０", "緯度": 34.999134, "経度": 138.447515, "url": "https://www.iryou.teikyouseido.mhlw.go.jp/znk-web/juminkanja/S2430/initialize?prefCd=22&kikanCd=3226013700&kikanKbn=3", "url2": null, "内容": "かめやま歯科【3:歯科】静岡県静岡市清水区草薙１１８１－２０" }, "geometry": { "type": "Point", "coordinates": [ 138.447515, 34.999134 ] } },
{ "type": "Feature", "properties": { "ID": 2233226013960, "正式名称": "うちの歯科クリニック", "機関区分": 3, "都道府県コード": 22, "市区町村コード": 103, "所在地": "静岡県静岡市清水区鳥坂１２０７－１", "緯度": 35.012247, "経度": 138.431056, "url": "https://www.iryou.teikyouseido.mhlw.go.jp/znk-web/juminkanja/S2430/initialize?prefCd=22&kikanCd=3226013960&kikanKbn=3", "url2": null, "内容": "うちの歯科クリニック【3:歯科】静岡県静岡市清水区鳥坂１２０７－１" }, "geometry": { "type": "Point", "coordinates": [ 138.431056, 35.012247 ] } },
{ "type": "Feature", "properties": { "ID": 2233226014130, "正式名称": "ガリバー歯科", "機関区分": 3, "都道府県コード": 22, "市区町村コード": 103, "所在地": "静岡県静岡市清水区天神一丁目６－１１", "緯度": 35.025743, "経度": 138.4799, "url": "https://www.iryou.teikyouseido.mhlw.go.jp/znk-web/juminkanja/S2430/initialize?prefCd=22&kikanCd=3226014130&kikanKbn=3", "url2": "http://www.1-abc.com/", "内容": "ガリバー歯科【3:歯科】静岡県静岡市清水区天神一丁目６－１１" }, "geometry": { "type": "Point", "coordinates": [ 138.4799, 35.025743 ] } },
{ "type": "Feature", "properties": { "ID": 2233226014390, "正式名称": "歯科クリニック三保", "機関区分": 3, "都道府県コード": 22, "市区町村コード": 103, "所在地": "静岡県静岡市清水区三保９３２－１", "緯度": 35.003719, "経度": 138.518648, "url": "https://www.iryou.teikyouseido.mhlw.go.jp/znk-web/juminkanja/S2430/initialize?prefCd=22&kikanCd=3226014390&kikanKbn=3", "url2": null, "内容": "歯科クリニック三保【3:歯科】静岡県静岡市清水区三保９３２－１" }, "geometry": { "type": "Point", "coordinates": [ 138.518648, 35.003719 ] } },
{ "type": "Feature", "properties": { "ID": 2233226014420, "正式名称": "くさなぎ歯科クリニック", "機関区分": 3, "都道府県コード": 22, "市区町村コード": 103, "所在地": "静岡県静岡市清水区中之郷１－９－３０", "緯度": 34.998051, "経度": 138.440238, "url": "https://www.iryou.teikyouseido.mhlw.go.jp/znk-web/juminkanja/S2430/initialize?prefCd=22&kikanCd=3226014420&kikanKbn=3", "url2": null, "内容": "くさなぎ歯科クリニック【3:歯科】静岡県静岡市清水区中之郷１－９－３０" }, "geometry": { "type": "Point", "coordinates": [ 138.440238, 34.998051 ] } },
{ "type": "Feature", "properties": { "ID": 2233226014450, "正式名称": "秋庭歯科医院", "機関区分": 3, "都道府県コード": 22, "市区町村コード": 210, "所在地": "静岡県富士市中之郷１２２９－２", "緯度": 35.140376, "経度": 138.617931, "url": "https://www.iryou.teikyouseido.mhlw.go.jp/znk-web/juminkanja/S2430/initialize?prefCd=22&kikanCd=3226014450&kikanKbn=3", "url2": null, "内容": "秋庭歯科医院【3:歯科】静岡県富士市中之郷１２２９－２" }, "geometry": { "type": "Point", "coordinates": [ 138.617931, 35.140376 ] } },
{ "type": "Feature", "properties": { "ID": 2233226014680, "正式名称": "かわはら歯科", "機関区分": 3, "都道府県コード": 22, "市区町村コード": 103, "所在地": "静岡県静岡市清水区天神一丁目１１番９号", "緯度": 35.027632, "経度": 138.479983, "url": "https://www.iryou.teikyouseido.mhlw.go.jp/znk-web/juminkanja/S2430/initialize?prefCd=22&kikanCd=3226014680&kikanKbn=3", "url2": null, "内容": "かわはら歯科【3:歯科】静岡県静岡市清水区天神一丁目１１番９号" }, "geometry": { "type": "Point", "coordinates": [ 138.479983, 35.027632 ] } },
{ "type": "Feature", "properties": { "ID": 2233226014710, "正式名称": "河野歯科医院", "機関区分": 3, "都道府県コード": 22, "市区町村コード": 103, "所在地": "静岡県静岡市清水区宮代町９－９", "緯度": 35.02766, "経度": 138.483261, "url": "https://www.iryou.teikyouseido.mhlw.go.jp/znk-web/juminkanja/S2430/initialize?prefCd=22&kikanCd=3226014710&kikanKbn=3", "url2": null, "内容": "河野歯科医院【3:歯科】静岡県静岡市清水区宮代町９－９" }, "geometry": { "type": "Point", "coordinates": [ 138.483261, 35.02766 ] } },
{ "type": "Feature", "properties": { "ID": 2233226101290, "正式名称": "井澤歯科医院", "機関区分": 3, "都道府県コード": 22, "市区町村コード": 212, "所在地": "静岡県焼津市石津港町３５－４", "緯度": 34.842594, "経度": 138.330698, "url": "https://www.iryou.teikyouseido.mhlw.go.jp/znk-web/juminkanja/S2430/initialize?prefCd=22&kikanCd=3226101290&kikanKbn=3", "url2": null, "内容": "井澤歯科医院【3:歯科】静岡県焼津市石津港町３５－４" }, "geometry": { "type": "Point", "coordinates": [ 138.330698, 34.842594 ] } },
{ "type": "Feature", "properties": { "ID": 2233226102170, "正式名称": "永田歯科医院", "機関区分": 3, "都道府県コード": 22, "市区町村コード": 212, "所在地": "静岡県焼津市本町１－１－２３", "緯度": 34.868591, "経度": 138.321531, "url": "https://www.iryou.teikyouseido.mhlw.go.jp/znk-web/juminkanja/S2430/initialize?prefCd=22&kikanCd=3226102170&kikanKbn=3", "url2": "www.nagatadentalclinic.jp/company.html", "内容": "永田歯科医院【3:歯科】静岡県焼津市本町１－１－２３" }, "geometry": { "type": "Point", "coordinates": [ 138.321531, 34.868591 ] } },
{ "type": "Feature", "properties": { "ID": 2233226102620, "正式名称": "本町歯科医院", "機関区分": 3, "都道府県コード": 22, "市区町村コード": 212, "所在地": "静岡県焼津市本町１－５－２１", "緯度": 34.869257, "経度": 138.323142, "url": "https://www.iryou.teikyouseido.mhlw.go.jp/znk-web/juminkanja/S2430/initialize?prefCd=22&kikanCd=3226102620&kikanKbn=3", "url2": null, "内容": "本町歯科医院【3:歯科】静岡県焼津市本町１－５－２１" }, "geometry": { "type": "Point", "coordinates": [ 138.323142, 34.869257 ] } },
{ "type": "Feature", "properties": { "ID": 2233226102750, "正式名称": "松浦歯科医院", "機関区分": 3, "都道府県コード": 22, "市区町村コード": 212, "所在地": "静岡県焼津市中根新田２２６－４", "緯度": 34.836816, "経度": 138.299146, "url": "https://www.iryou.teikyouseido.mhlw.go.jp/znk-web/juminkanja/S2430/initialize?prefCd=22&kikanCd=3226102750&kikanKbn=3", "url2": null, "内容": "松浦歯科医院【3:歯科】静岡県焼津市中根新田２２６－４" }, "geometry": { "type": "Point", "coordinates": [ 138.299146, 34.836816 ] } },
{ "type": "Feature", "properties": { "ID": 2233226102880, "正式名称": "増井歯科医院", "機関区分": 3, "都道府県コード": 22, "市区町村コード": 212, "所在地": "静岡県焼津市田尻３３０", "緯度": 34.827401, "経度": 138.318672, "url": "https://www.iryou.teikyouseido.mhlw.go.jp/znk-web/juminkanja/S2430/initialize?prefCd=22&kikanCd=3226102880&kikanKbn=3", "url2": null, "内容": "増井歯科医院【3:歯科】静岡県焼津市田尻３３０" }, "geometry": { "type": "Point", "coordinates": [ 138.318672, 34.827401 ] } },
{ "type": "Feature", "properties": { "ID": 2233226102910, "正式名称": "大栄歯科医院", "機関区分": 3, "都道府県コード": 22, "市区町村コード": 212, "所在地": "静岡県焼津市大栄町２－１０－５", "緯度": 34.872646, "経度": 138.312365, "url": "https://www.iryou.teikyouseido.mhlw.go.jp/znk-web/juminkanja/S2430/initialize?prefCd=22&kikanCd=3226102910&kikanKbn=3", "url2": null, "内容": "大栄歯科医院【3:歯科】静岡県焼津市大栄町２－１０－５" }, "geometry": { "type": "Point", "coordinates": [ 138.312365, 34.872646 ] } },
{ "type": "Feature", "properties": { "ID": 2233226103050, "正式名称": "酒井歯科医院", "機関区分": 3, "都道府県コード": 22, "市区町村コード": 212, "所在地": "静岡県焼津市石津向町２１－１８", "緯度": 34.840955, "経度": 138.318533, "url": "https://www.iryou.teikyouseido.mhlw.go.jp/znk-web/juminkanja/S2430/initialize?prefCd=22&kikanCd=3226103050&kikanKbn=3", "url2": "http://www.sakai-dental.info/", "内容": "酒井歯科医院【3:歯科】静岡県焼津市石津向町２１－１８" }, "geometry": { "type": "Point", "coordinates": [ 138.318533, 34.840955 ] } },
{ "type": "Feature", "properties": { "ID": 2233226104220, "正式名称": "和田歯科医院", "機関区分": 3, "都道府県コード": 22, "市区町村コード": 214, "所在地": "静岡県藤枝市駅前２－４－２１", "緯度": 34.851952, "経度": 138.24976, "url": "https://www.iryou.teikyouseido.mhlw.go.jp/znk-web/juminkanja/S2430/initialize?prefCd=22&kikanCd=3226104220&kikanKbn=3", "url2": null, "内容": "和田歯科医院【3:歯科】静岡県藤枝市駅前２－４－２１" }, "geometry": { "type": "Point", "coordinates": [ 138.24976, 34.851952 ] } },
{ "type": "Feature", "properties": { "ID": 2233226104800, "正式名称": "藤枝歯科", "機関区分": 3, "都道府県コード": 22, "市区町村コード": 214, "所在地": "静岡県藤枝市築地５２２－２", "緯度": 34.859702, "経度": 138.273425, "url": "https://www.iryou.teikyouseido.mhlw.go.jp/znk-web/juminkanja/S2430/initialize?prefCd=22&kikanCd=3226104800&kikanKbn=3", "url2": null, "内容": "藤枝歯科【3:歯科】静岡県藤枝市築地５２２－２" }, "geometry": { "type": "Point", "coordinates": [ 138.273425, 34.859702 ] } },
{ "type": "Feature", "properties": { "ID": 2233226105230, "正式名称": "青島歯科医院", "機関区分": 3, "都道府県コード": 22, "市区町村コード": 214, "所在地": "静岡県藤枝市田沼４－２１－２３", "緯度": 34.843176, "経度": 138.261787, "url": "https://www.iryou.teikyouseido.mhlw.go.jp/znk-web/juminkanja/S2430/initialize?prefCd=22&kikanCd=3226105230&kikanKbn=3", "url2": null, "内容": "青島歯科医院【3:歯科】静岡県藤枝市田沼４－２１－２３" }, "geometry": { "type": "Point", "coordinates": [ 138.261787, 34.843176 ] } },
{ "type": "Feature", "properties": { "ID": 2233226105490, "正式名称": "岡歯科医院", "機関区分": 3, "都道府県コード": 22, "市区町村コード": 214, "所在地": "静岡県藤枝市大洲４－１４－１０", "緯度": 34.827344, "経度": 138.256316, "url": "https://www.iryou.teikyouseido.mhlw.go.jp/znk-web/juminkanja/S2430/initialize?prefCd=22&kikanCd=3226105490&kikanKbn=3", "url2": null, "内容": "岡歯科医院【3:歯科】静岡県藤枝市大洲４－１４－１０" }, "geometry": { "type": "Point", "coordinates": [ 138.256316, 34.827344 ] } },
{ "type": "Feature", "properties": { "ID": 2233226105780, "正式名称": "岸村歯科医院", "機関区分": 3, "都道府県コード": 22, "市区町村コード": 214, "所在地": "静岡県藤枝市郡１１３２", "緯度": 34.872756, "経度": 138.278896, "url": "https://www.iryou.teikyouseido.mhlw.go.jp/znk-web/juminkanja/S2430/initialize?prefCd=22&kikanCd=3226105780&kikanKbn=3", "url2": "https://www.kishimurashika.com/", "内容": "岸村歯科医院【3:歯科】静岡県藤枝市郡１１３２" }, "geometry": { "type": "Point", "coordinates": [ 138.278896, 34.872756 ] } },
{ "type": "Feature", "properties": { "ID": 2233226105940, "正式名称": "二宮歯科医院", "機関区分": 3, "都道府県コード": 22, "市区町村コード": 214, "所在地": "静岡県藤枝市岡部町内谷５８", "緯度": 34.913224, "経度": 138.281227, "url": "https://www.iryou.teikyouseido.mhlw.go.jp/znk-web/juminkanja/S2430/initialize?prefCd=22&kikanCd=3226105940&kikanKbn=3", "url2": null, "内容": "二宮歯科医院【3:歯科】静岡県藤枝市岡部町内谷５８" }, "geometry": { "type": "Point", "coordinates": [ 138.281227, 34.913224 ] } },
{ "type": "Feature", "properties": { "ID": 2233226106240, "正式名称": "原崎歯科医院", "機関区分": 3, "都道府県コード": 22, "市区町村コード": 212, "所在地": "静岡県焼津市吉永７８２", "緯度": 34.797153, "経度": 138.295065, "url": "https://www.iryou.teikyouseido.mhlw.go.jp/znk-web/juminkanja/S2430/initialize?prefCd=22&kikanCd=3226106240&kikanKbn=3", "url2": null, "内容": "原崎歯科医院【3:歯科】静岡県焼津市吉永７８２" }, "geometry": { "type": "Point", "coordinates": [ 138.295065, 34.797153 ] } },
{ "type": "Feature", "properties": { "ID": 2233226106400, "正式名称": "八木橋歯科医院", "機関区分": 3, "都道府県コード": 22, "市区町村コード": 214, "所在地": "静岡県藤枝市青葉町２－１－５７", "緯度": 34.845208, "経度": 138.247442, "url": "https://www.iryou.teikyouseido.mhlw.go.jp/znk-web/juminkanja/S2430/initialize?prefCd=22&kikanCd=3226106400&kikanKbn=3", "url2": null, "内容": "八木橋歯科医院【3:歯科】静岡県藤枝市青葉町２－１－５７" }, "geometry": { "type": "Point", "coordinates": [ 138.247442, 34.845208 ] } },
{ "type": "Feature", "properties": { "ID": 2233226106790, "正式名称": "小杉歯科医院", "機関区分": 3, "都道府県コード": 22, "市区町村コード": 212, "所在地": "静岡県焼津市西小川２－４－２０", "緯度": 34.859369, "経度": 138.310727, "url": "https://www.iryou.teikyouseido.mhlw.go.jp/znk-web/juminkanja/S2430/initialize?prefCd=22&kikanCd=3226106790&kikanKbn=3", "url2": null, "内容": "小杉歯科医院【3:歯科】静岡県焼津市西小川２－４－２０" }, "geometry": { "type": "Point", "coordinates": [ 138.310727, 34.859369 ] } },
{ "type": "Feature", "properties": { "ID": 2233226106950, "正式名称": "アライ歯科", "機関区分": 3, "都道府県コード": 22, "市区町村コード": 214, "所在地": "静岡県藤枝市鬼島５３６－２", "緯度": 34.888254, "経度": 138.279145, "url": "https://www.iryou.teikyouseido.mhlw.go.jp/znk-web/juminkanja/S2430/initialize?prefCd=22&kikanCd=3226106950&kikanKbn=3", "url2": null, "内容": "アライ歯科【3:歯科】静岡県藤枝市鬼島５３６－２" }, "geometry": { "type": "Point", "coordinates": [ 138.279145, 34.888254 ] } },
{ "type": "Feature", "properties": { "ID": 2233226107090, "正式名称": "八木歯科三和クリニック", "機関区分": 3, "都道府県コード": 22, "市区町村コード": 212, "所在地": "静岡県焼津市三和１６０３", "緯度": 34.832261, "経度": 138.300951, "url": "https://www.iryou.teikyouseido.mhlw.go.jp/znk-web/juminkanja/S2430/initialize?prefCd=22&kikanCd=3226107090&kikanKbn=3", "url2": "http://www.yagimiwa-dc.com/", "内容": "八木歯科三和クリニック【3:歯科】静岡県焼津市三和１６０３" }, "geometry": { "type": "Point", "coordinates": [ 138.300951, 34.832261 ] } },
{ "type": "Feature", "properties": { "ID": 2233226107120, "正式名称": "伊東歯科医院", "機関区分": 3, "都道府県コード": 22, "市区町村コード": 212, "所在地": "静岡県焼津市三ケ名１２４９－１", "緯度": 34.861119, "経度": 138.304755, "url": "https://www.iryou.teikyouseido.mhlw.go.jp/znk-web/juminkanja/S2430/initialize?prefCd=22&kikanCd=3226107120&kikanKbn=3", "url2": "http://www.ito-shika.biz/index.html", "内容": "伊東歯科医院【3:歯科】静岡県焼津市三ケ名１２４９－１" }, "geometry": { "type": "Point", "coordinates": [ 138.304755, 34.861119 ] } },
{ "type": "Feature", "properties": { "ID": 2233226107250, "正式名称": "若林歯科医院", "機関区分": 3, "都道府県コード": 22, "市区町村コード": 214, "所在地": "静岡県藤枝市水上字榎田１１６－１", "緯度": 34.853896, "経度": 138.244205, "url": "https://www.iryou.teikyouseido.mhlw.go.jp/znk-web/juminkanja/S2430/initialize?prefCd=22&kikanCd=3226107250&kikanKbn=3", "url2": null, "内容": "若林歯科医院【3:歯科】静岡県藤枝市水上字榎田１１６－１" }, "geometry": { "type": "Point", "coordinates": [ 138.244205, 34.853896 ] } },
{ "type": "Feature", "properties": { "ID": 2233226107380, "正式名称": "黒田歯科医院", "機関区分": 3, "都道府県コード": 22, "市区町村コード": 212, "所在地": "静岡県焼津市中里３７６－１", "緯度": 34.883506, "経度": 138.318114, "url": "https://www.iryou.teikyouseido.mhlw.go.jp/znk-web/juminkanja/S2430/initialize?prefCd=22&kikanCd=3226107380&kikanKbn=3", "url2": null, "内容": "黒田歯科医院【3:歯科】静岡県焼津市中里３７６－１" }, "geometry": { "type": "Point", "coordinates": [ 138.318114, 34.883506 ] } },
{ "type": "Feature", "properties": { "ID": 2233226107410, "正式名称": "中川歯科医院", "機関区分": 3, "都道府県コード": 22, "市区町村コード": 212, "所在地": "静岡県焼津市塩津２１７－３", "緯度": 34.868924, "経度": 138.307033, "url": "https://www.iryou.teikyouseido.mhlw.go.jp/znk-web/juminkanja/S2430/initialize?prefCd=22&kikanCd=3226107410&kikanKbn=3", "url2": null, "内容": "中川歯科医院【3:歯科】静岡県焼津市塩津２１７－３" }, "geometry": { "type": "Point", "coordinates": [ 138.307033, 34.868924 ] } },
{ "type": "Feature", "properties": { "ID": 2233226107540, "正式名称": "滝本歯科口腔外科クリニック", "機関区分": 3, "都道府県コード": 22, "市区町村コード": 214, "所在地": "静岡県藤枝市五十海４－１４－１３", "緯度": 34.882505, "経度": 138.263202, "url": "https://www.iryou.teikyouseido.mhlw.go.jp/znk-web/juminkanja/S2430/initialize?prefCd=22&kikanCd=3226107540&kikanKbn=3", "url2": null, "内容": "滝本歯科口腔外科クリニック【3:歯科】静岡県藤枝市五十海４－１４－１３" }, "geometry": { "type": "Point", "coordinates": [ 138.263202, 34.882505 ] } },
{ "type": "Feature", "properties": { "ID": 2233226107670, "正式名称": "永井歯科クリニック", "機関区分": 3, "都道府県コード": 22, "市区町村コード": 214, "所在地": "静岡県藤枝市藤岡５－２０－４", "緯度": 34.883279, "経度": 138.265733, "url": "https://www.iryou.teikyouseido.mhlw.go.jp/znk-web/juminkanja/S2430/initialize?prefCd=22&kikanCd=3226107670&kikanKbn=3", "url2": null, "内容": "永井歯科クリニック【3:歯科】静岡県藤枝市藤岡５－２０－４" }, "geometry": { "type": "Point", "coordinates": [ 138.265733, 34.883279 ] } },
{ "type": "Feature", "properties": { "ID": 2233226107700, "正式名称": "溝越歯科医院", "機関区分": 3, "都道府県コード": 22, "市区町村コード": 214, "所在地": "静岡県藤枝市上藪田１３－１０", "緯度": 34.890282, "経度": 138.253675, "url": "https://www.iryou.teikyouseido.mhlw.go.jp/znk-web/juminkanja/S2430/initialize?prefCd=22&kikanCd=3226107700&kikanKbn=3", "url2": null, "内容": "溝越歯科医院【3:歯科】静岡県藤枝市上藪田１３－１０" }, "geometry": { "type": "Point", "coordinates": [ 138.253675, 34.890282 ] } },
{ "type": "Feature", "properties": { "ID": 2233226108000, "正式名称": "上野歯科医院", "機関区分": 3, "都道府県コード": 22, "市区町村コード": 212, "所在地": "静岡県焼津市宗高１１８５－２", "緯度": 34.805902, "経度": 138.288093, "url": "https://www.iryou.teikyouseido.mhlw.go.jp/znk-web/juminkanja/S2430/initialize?prefCd=22&kikanCd=3226108000&kikanKbn=3", "url2": null, "内容": "上野歯科医院【3:歯科】静岡県焼津市宗高１１８５－２" }, "geometry": { "type": "Point", "coordinates": [ 138.288093, 34.805902 ] } },
{ "type": "Feature", "properties": { "ID": 2233226108130, "正式名称": "村松歯科医院", "機関区分": 3, "都道府県コード": 22, "市区町村コード": 214, "所在地": "静岡県藤枝市本町２－１－３９", "緯度": 34.873422, "経度": 138.261119, "url": "https://www.iryou.teikyouseido.mhlw.go.jp/znk-web/juminkanja/S2430/initialize?prefCd=22&kikanCd=3226108130&kikanKbn=3", "url2": "http://muramatsushika.net/", "内容": "村松歯科医院【3:歯科】静岡県藤枝市本町２－１－３９" }, "geometry": { "type": "Point", "coordinates": [ 138.261119, 34.873422 ] } },
{ "type": "Feature", "properties": { "ID": 2233226108260, "正式名称": "松本歯科", "機関区分": 3, "都道府県コード": 22, "市区町村コード": 212, "所在地": "静岡県焼津市柳新屋８７４－２", "緯度": 34.85798, "経度": 138.289479, "url": "https://www.iryou.teikyouseido.mhlw.go.jp/znk-web/juminkanja/S2430/initialize?prefCd=22&kikanCd=3226108260&kikanKbn=3", "url2": null, "内容": "松本歯科【3:歯科】静岡県焼津市柳新屋８７４－２" }, "geometry": { "type": "Point", "coordinates": [ 138.289479, 34.85798 ] } },
{ "type": "Feature", "properties": { "ID": 2233226108550, "正式名称": "河村歯科医院", "機関区分": 3, "都道府県コード": 22, "市区町村コード": 212, "所在地": "静岡県焼津市本町３－４－３６", "緯度": 34.86598, "経度": 138.32117, "url": "https://www.iryou.teikyouseido.mhlw.go.jp/znk-web/juminkanja/S2430/initialize?prefCd=22&kikanCd=3226108550&kikanKbn=3", "url2": null, "内容": "河村歯科医院【3:歯科】静岡県焼津市本町３－４－３６" }, "geometry": { "type": "Point", "coordinates": [ 138.32117, 34.86598 ] } },
{ "type": "Feature", "properties": { "ID": 2233226108710, "正式名称": "駿河台井澤歯科", "機関区分": 3, "都道府県コード": 22, "市区町村コード": 214, "所在地": "静岡県藤枝市駿河台２－１－６", "緯度": 34.861895, "経度": 138.237011, "url": "https://www.iryou.teikyouseido.mhlw.go.jp/znk-web/juminkanja/S2430/initialize?prefCd=22&kikanCd=3226108710&kikanKbn=3", "url2": null, "内容": "駿河台井澤歯科【3:歯科】静岡県藤枝市駿河台２－１－６" }, "geometry": { "type": "Point", "coordinates": [ 138.237011, 34.861895 ] } },
{ "type": "Feature", "properties": { "ID": 2233226108840, "正式名称": "赤堀歯科医院", "機関区分": 3, "都道府県コード": 22, "市区町村コード": 212, "所在地": "静岡県焼津市吉永１３１６", "緯度": 34.793348, "経度": 138.301981, "url": "https://www.iryou.teikyouseido.mhlw.go.jp/znk-web/juminkanja/S2430/initialize?prefCd=22&kikanCd=3226108840&kikanKbn=3", "url2": null, "内容": "赤堀歯科医院【3:歯科】静岡県焼津市吉永１３１６" }, "geometry": { "type": "Point", "coordinates": [ 138.301981, 34.793348 ] } },
{ "type": "Feature", "properties": { "ID": 2233226109010, "正式名称": "ホワイト歯科クリニック", "機関区分": 3, "都道府県コード": 22, "市区町村コード": 214, "所在地": "静岡県藤枝市築地３１４－４", "緯度": 34.860313, "経度": 138.279007, "url": "https://www.iryou.teikyouseido.mhlw.go.jp/znk-web/juminkanja/S2430/initialize?prefCd=22&kikanCd=3226109010&kikanKbn=3", "url2": null, "内容": "ホワイト歯科クリニック【3:歯科】静岡県藤枝市築地３１４－４" }, "geometry": { "type": "Point", "coordinates": [ 138.279007, 34.860313 ] } },
{ "type": "Feature", "properties": { "ID": 2233226109140, "正式名称": "原崎歯科大島クリニック", "機関区分": 3, "都道府県コード": 22, "市区町村コード": 212, "所在地": "静岡県焼津市大島５９０－１", "緯度": 34.823416, "経度": 138.283059, "url": "https://www.iryou.teikyouseido.mhlw.go.jp/znk-web/juminkanja/S2430/initialize?prefCd=22&kikanCd=3226109140&kikanKbn=3", "url2": null, "内容": "原崎歯科大島クリニック【3:歯科】静岡県焼津市大島５９０－１" }, "geometry": { "type": "Point", "coordinates": [ 138.283059, 34.823416 ] } },
{ "type": "Feature", "properties": { "ID": 2233226109300, "正式名称": "岡本歯科医院", "機関区分": 3, "都道府県コード": 22, "市区町村コード": 214, "所在地": "静岡県藤枝市岡部町内谷９４８－１１", "緯度": 34.907641, "経度": 138.282061, "url": "https://www.iryou.teikyouseido.mhlw.go.jp/znk-web/juminkanja/S2430/initialize?prefCd=22&kikanCd=3226109300&kikanKbn=3", "url2": null, "内容": "岡本歯科医院【3:歯科】静岡県藤枝市岡部町内谷９４８－１１" }, "geometry": { "type": "Point", "coordinates": [ 138.282061, 34.907641 ] } },
{ "type": "Feature", "properties": { "ID": 2233226109430, "正式名称": "河合歯科医院", "機関区分": 3, "都道府県コード": 22, "市区町村コード": 212, "所在地": "静岡県焼津市西小川４－１５－２", "緯度": 34.853453, "経度": 138.306783, "url": "https://www.iryou.teikyouseido.mhlw.go.jp/znk-web/juminkanja/S2430/initialize?prefCd=22&kikanCd=3226109430&kikanKbn=3", "url2": null, "内容": "河合歯科医院【3:歯科】静岡県焼津市西小川４－１５－２" }, "geometry": { "type": "Point", "coordinates": [ 138.306783, 34.853453 ] } },
{ "type": "Feature", "properties": { "ID": 2233226109560, "正式名称": "渡辺歯科医院", "機関区分": 3, "都道府県コード": 22, "市区町村コード": 212, "所在地": "静岡県焼津市焼津１－８－２７", "緯度": 34.866785, "経度": 138.314782, "url": "https://www.iryou.teikyouseido.mhlw.go.jp/znk-web/juminkanja/S2430/initialize?prefCd=22&kikanCd=3226109560&kikanKbn=3", "url2": "http://www.watanabe-dentalclinic.jp", "内容": "渡辺歯科医院【3:歯科】静岡県焼津市焼津１－８－２７" }, "geometry": { "type": "Point", "coordinates": [ 138.314782, 34.866785 ] } },
{ "type": "Feature", "properties": { "ID": 2233226109690, "正式名称": "港歯科医院", "機関区分": 3, "都道府県コード": 22, "市区町村コード": 212, "所在地": "静岡県焼津市中港３－４－１６", "緯度": 34.874201, "経度": 138.326142, "url": "https://www.iryou.teikyouseido.mhlw.go.jp/znk-web/juminkanja/S2430/initialize?prefCd=22&kikanCd=3226109690&kikanKbn=3", "url2": "www.minato-shikaiin.com", "内容": "港歯科医院【3:歯科】静岡県焼津市中港３－４－１６" }, "geometry": { "type": "Point", "coordinates": [ 138.326142, 34.874201 ] } },
{ "type": "Feature", "properties": { "ID": 2233226109720, "正式名称": "高塚歯科医院", "機関区分": 3, "都道府県コード": 22, "市区町村コード": 212, "所在地": "静岡県焼津市大島７３５－９", "緯度": 34.821479, "経度": 138.290017, "url": "https://www.iryou.teikyouseido.mhlw.go.jp/znk-web/juminkanja/S2430/initialize?prefCd=22&kikanCd=3226109720&kikanKbn=3", "url2": null, "内容": "高塚歯科医院【3:歯科】静岡県焼津市大島７３５－９" }, "geometry": { "type": "Point", "coordinates": [ 138.290017, 34.821479 ] } },
{ "type": "Feature", "properties": { "ID": 2233226109850, "正式名称": "キャロットクリニック小田歯科", "機関区分": 3, "都道府県コード": 22, "市区町村コード": 212, "所在地": "静岡県焼津市中新田２４８－１", "緯度": 34.84126, "経度": 138.293396, "url": "https://www.iryou.teikyouseido.mhlw.go.jp/znk-web/juminkanja/S2430/initialize?prefCd=22&kikanCd=3226109850&kikanKbn=3", "url2": "https://carrotclinic-odadental.com", "内容": "キャロットクリニック小田歯科【3:歯科】静岡県焼津市中新田２４８－１" }, "geometry": { "type": "Point", "coordinates": [ 138.293396, 34.84126 ] } },
{ "type": "Feature", "properties": { "ID": 2233226109980, "正式名称": "おおいし歯科医院", "機関区分": 3, "都道府県コード": 22, "市区町村コード": 214, "所在地": "静岡県藤枝市立花２－６－６", "緯度": 34.874006, "経度": 138.27148, "url": "https://www.iryou.teikyouseido.mhlw.go.jp/znk-web/juminkanja/S2430/initialize?prefCd=22&kikanCd=3226109980&kikanKbn=3", "url2": null, "内容": "おおいし歯科医院【3:歯科】静岡県藤枝市立花２－６－６" }, "geometry": { "type": "Point", "coordinates": [ 138.27148, 34.874006 ] } },
{ "type": "Feature", "properties": { "ID": 2233226110380, "正式名称": "河野歯科医院", "機関区分": 3, "都道府県コード": 22, "市区町村コード": 214, "所在地": "静岡県藤枝市与左衛門４６８－１", "緯度": 34.834816, "経度": 138.266565, "url": "https://www.iryou.teikyouseido.mhlw.go.jp/znk-web/juminkanja/S2430/initialize?prefCd=22&kikanCd=3226110380&kikanKbn=3", "url2": "https://konodc.jimdofree.com/", "内容": "河野歯科医院【3:歯科】静岡県藤枝市与左衛門４６８－１" }, "geometry": { "type": "Point", "coordinates": [ 138.266565, 34.834816 ] } },
{ "type": "Feature", "properties": { "ID": 2233226110700, "正式名称": "竹中歯科医院", "機関区分": 3, "都道府県コード": 22, "市区町村コード": 214, "所在地": "静岡県藤枝市高洲１－１７－５", "緯度": 34.840593, "経度": 138.268676, "url": "https://www.iryou.teikyouseido.mhlw.go.jp/znk-web/juminkanja/S2430/initialize?prefCd=22&kikanCd=3226110700&kikanKbn=3", "url2": null, "内容": "竹中歯科医院【3:歯科】静岡県藤枝市高洲１－１７－５" }, "geometry": { "type": "Point", "coordinates": [ 138.268676, 34.840593 ] } },
{ "type": "Feature", "properties": { "ID": 2233226110830, "正式名称": "原歯科医院", "機関区分": 3, "都道府県コード": 22, "市区町村コード": 214, "所在地": "静岡県藤枝市大洲二丁目６番地の８", "緯度": 34.831677, "経度": 138.248372, "url": "https://www.iryou.teikyouseido.mhlw.go.jp/znk-web/juminkanja/S2430/initialize?prefCd=22&kikanCd=3226110830&kikanKbn=3", "url2": "http://www.hara-shika.jp/", "内容": "原歯科医院【3:歯科】静岡県藤枝市大洲二丁目６番地の８" }, "geometry": { "type": "Point", "coordinates": [ 138.248372, 34.831677 ] } },
{ "type": "Feature", "properties": { "ID": 2233226110960, "正式名称": "いのまた歯科医院", "機関区分": 3, "都道府県コード": 22, "市区町村コード": 214, "所在地": "静岡県藤枝市仮宿１３３４－１", "緯度": 34.899003, "経度": 138.278561, "url": "https://www.iryou.teikyouseido.mhlw.go.jp/znk-web/juminkanja/S2430/initialize?prefCd=22&kikanCd=3226110960&kikanKbn=3", "url2": null, "内容": "いのまた歯科医院【3:歯科】静岡県藤枝市仮宿１３３４－１" }, "geometry": { "type": "Point", "coordinates": [ 138.278561, 34.899003 ] } },
{ "type": "Feature", "properties": { "ID": 2233226111130, "正式名称": "小澤歯科医院", "機関区分": 3, "都道府県コード": 22, "市区町村コード": 214, "所在地": "静岡県藤枝市瀬古２－２２－２３", "緯度": 34.866534, "経度": 138.237038, "url": "https://www.iryou.teikyouseido.mhlw.go.jp/znk-web/juminkanja/S2430/initialize?prefCd=22&kikanCd=3226111130&kikanKbn=3", "url2": null, "内容": "小澤歯科医院【3:歯科】静岡県藤枝市瀬古２－２２－２３" }, "geometry": { "type": "Point", "coordinates": [ 138.237038, 34.866534 ] } },
{ "type": "Feature", "properties": { "ID": 2233226111390, "正式名称": "あさひ歯科", "機関区分": 3, "都道府県コード": 22, "市区町村コード": 212, "所在地": "静岡県焼津市駅北３－２０－２　１Ｆ", "緯度": 34.87459, "経度": 138.314087, "url": "https://www.iryou.teikyouseido.mhlw.go.jp/znk-web/juminkanja/S2430/initialize?prefCd=22&kikanCd=3226111390&kikanKbn=3", "url2": null, "内容": "あさひ歯科【3:歯科】静岡県焼津市駅北３－２０－２　１Ｆ" }, "geometry": { "type": "Point", "coordinates": [ 138.314087, 34.87459 ] } },
{ "type": "Feature", "properties": { "ID": 2233226111420, "正式名称": "緑の森歯科", "機関区分": 3, "都道府県コード": 22, "市区町村コード": 214, "所在地": "静岡県藤枝市岡出山１－７－１９", "緯度": 34.867229, "経度": 138.25612, "url": "https://www.iryou.teikyouseido.mhlw.go.jp/znk-web/juminkanja/S2430/initialize?prefCd=22&kikanCd=3226111420&kikanKbn=3", "url2": "https://www.jda.or.jp/search/detail_55721.html", "内容": "緑の森歯科【3:歯科】静岡県藤枝市岡出山１－７－１９" }, "geometry": { "type": "Point", "coordinates": [ 138.25612, 34.867229 ] } },
{ "type": "Feature", "properties": { "ID": 2233226111680, "正式名称": "かわさき歯科医院", "機関区分": 3, "都道府県コード": 22, "市区町村コード": 212, "所在地": "静岡県焼津市駅北１－２－２４　クリオ焼津壱番館１０３号", "緯度": 34.873007, "経度": 138.317893, "url": "https://www.iryou.teikyouseido.mhlw.go.jp/znk-web/juminkanja/S2430/initialize?prefCd=22&kikanCd=3226111680&kikanKbn=3", "url2": null, "内容": "かわさき歯科医院【3:歯科】静岡県焼津市駅北１－２－２４　クリオ焼津壱番館１０３号" }, "geometry": { "type": "Point", "coordinates": [ 138.317893, 34.873007 ] } },
{ "type": "Feature", "properties": { "ID": 2233226111710, "正式名称": "丸山歯科医院", "機関区分": 3, "都道府県コード": 22, "市区町村コード": 212, "所在地": "静岡県焼津市相川１０６１－１", "緯度": 34.806874, "経度": 138.2644, "url": "https://www.iryou.teikyouseido.mhlw.go.jp/znk-web/juminkanja/S2430/initialize?prefCd=22&kikanCd=3226111710&kikanKbn=3", "url2": "http://www.maruyama-dental.com/", "内容": "丸山歯科医院【3:歯科】静岡県焼津市相川１０６１－１" }, "geometry": { "type": "Point", "coordinates": [ 138.2644, 34.806874 ] } },
{ "type": "Feature", "properties": { "ID": 2233226111840, "正式名称": "ファミリー歯科医院", "機関区分": 3, "都道府県コード": 22, "市区町村コード": 212, "所在地": "静岡県焼津市惣右衛門８３４－１", "緯度": 34.815874, "経度": 138.315895, "url": "https://www.iryou.teikyouseido.mhlw.go.jp/znk-web/juminkanja/S2430/initialize?prefCd=22&kikanCd=3226111840&kikanKbn=3", "url2": null, "内容": "ファミリー歯科医院【3:歯科】静岡県焼津市惣右衛門８３４－１" }, "geometry": { "type": "Point", "coordinates": [ 138.315895, 34.815874 ] } },
{ "type": "Feature", "properties": { "ID": 2233226112010, "正式名称": "そのべ歯科医院", "機関区分": 3, "都道府県コード": 22, "市区町村コード": 212, "所在地": "静岡県焼津市八楠１－１７－１　ＦＡビレッジ１０１号", "緯度": 34.882783, "経度": 138.305754, "url": "https://www.iryou.teikyouseido.mhlw.go.jp/znk-web/juminkanja/S2430/initialize?prefCd=22&kikanCd=3226112010&kikanKbn=3", "url2": null, "内容": "そのべ歯科医院【3:歯科】静岡県焼津市八楠１－１７－１　ＦＡビレッジ１０１号" }, "geometry": { "type": "Point", "coordinates": [ 138.305754, 34.882783 ] } },
{ "type": "Feature", "properties": { "ID": 2233226112140, "正式名称": "医療法人社団やまもと　やまもと歯科", "機関区分": 3, "都道府県コード": 22, "市区町村コード": 214, "所在地": "静岡県藤枝市東町１－２０", "緯度": 34.857952, "経度": 138.254815, "url": "https://www.iryou.teikyouseido.mhlw.go.jp/znk-web/juminkanja/S2430/initialize?prefCd=22&kikanCd=3226112140&kikanKbn=3", "url2": "http://www.yamamotodental.jp", "内容": "医療法人社団やまもと　やまもと歯科【3:歯科】静岡県藤枝市東町１－２０" }, "geometry": { "type": "Point", "coordinates": [ 138.254815, 34.857952 ] } },
{ "type": "Feature", "properties": { "ID": 2233226112270, "正式名称": "アオキ歯科", "機関区分": 3, "都道府県コード": 22, "市区町村コード": 212, "所在地": "静岡県焼津市石津８０６－１", "緯度": 34.847306, "経度": 138.318793, "url": "https://www.iryou.teikyouseido.mhlw.go.jp/znk-web/juminkanja/S2430/initialize?prefCd=22&kikanCd=3226112270&kikanKbn=3", "url2": null, "内容": "アオキ歯科【3:歯科】静岡県焼津市石津８０６－１" }, "geometry": { "type": "Point", "coordinates": [ 138.318793, 34.847306 ] } },
{ "type": "Feature", "properties": { "ID": 2233226112300, "正式名称": "ふかざわ歯科", "機関区分": 3, "都道府県コード": 22, "市区町村コード": 212, "所在地": "静岡県焼津市坂本３８３－１", "緯度": 34.890838, "経度": 138.310059, "url": "https://www.iryou.teikyouseido.mhlw.go.jp/znk-web/juminkanja/S2430/initialize?prefCd=22&kikanCd=3226112300&kikanKbn=3", "url2": "http://www.fukazawa-sika.com", "内容": "ふかざわ歯科【3:歯科】静岡県焼津市坂本３８３－１" }, "geometry": { "type": "Point", "coordinates": [ 138.310059, 34.890838 ] } },
{ "type": "Feature", "properties": { "ID": 2233226119410, "正式名称": "亀山歯科医院", "機関区分": 3, "都道府県コード": 22, "市区町村コード": 212, "所在地": "静岡県焼津市五ケ堀之内１０６０－１", "緯度": 34.859425, "経度": 138.294034, "url": "https://www.iryou.teikyouseido.mhlw.go.jp/znk-web/juminkanja/S2430/initialize?prefCd=22&kikanCd=3226119410&kikanKbn=3", "url2": null, "内容": "亀山歯科医院【3:歯科】静岡県焼津市五ケ堀之内１０６０－１" }, "geometry": { "type": "Point", "coordinates": [ 138.294034, 34.859425 ] } },
{ "type": "Feature", "properties": { "ID": 2233226200470, "正式名称": "桐原歯科医院", "機関区分": 3, "都道府県コード": 22, "市区町村コード": 209, "所在地": "静岡県島田市稲荷３－１９－１１", "緯度": 34.839952, "経度": 138.15488, "url": "https://www.iryou.teikyouseido.mhlw.go.jp/znk-web/juminkanja/S2430/initialize?prefCd=22&kikanCd=3226200470&kikanKbn=3", "url2": "https://kirihara-dental.com/", "内容": "桐原歯科医院【3:歯科】静岡県島田市稲荷３－１９－１１" }, "geometry": { "type": "Point", "coordinates": [ 138.15488, 34.839952 ] } },
{ "type": "Feature", "properties": { "ID": 2233226201800, "正式名称": "医療法人社団明友会　竹内歯科医院", "機関区分": 3, "都道府県コード": 22, "市区町村コード": 209, "所在地": "静岡県島田市南二丁目５番６号", "緯度": 34.828533, "経度": 138.182607, "url": "https://www.iryou.teikyouseido.mhlw.go.jp/znk-web/juminkanja/S2430/initialize?prefCd=22&kikanCd=3226201800&kikanKbn=3", "url2": "www.takeuchi-dent.net", "内容": "医療法人社団明友会　竹内歯科医院【3:歯科】静岡県島田市南二丁目５番６号" }, "geometry": { "type": "Point", "coordinates": [ 138.182607, 34.828533 ] } },
{ "type": "Feature", "properties": { "ID": 2233226201930, "正式名称": "クニオ歯科医院", "機関区分": 3, "都道府県コード": 22, "市区町村コード": 209, "所在地": "静岡県島田市日之出町４－３", "緯度": 34.831287, "経度": 138.173601, "url": "https://www.iryou.teikyouseido.mhlw.go.jp/znk-web/juminkanja/S2430/initialize?prefCd=22&kikanCd=3226201930&kikanKbn=3", "url2": "http://www.d418.jp/", "内容": "クニオ歯科医院【3:歯科】静岡県島田市日之出町４－３" }, "geometry": { "type": "Point", "coordinates": [ 138.173601, 34.831287 ] } },
{ "type": "Feature", "properties": { "ID": 2233226202070, "正式名称": "櫻井歯科医院", "機関区分": 3, "都道府県コード": 22, "市区町村コード": 209, "所在地": "静岡県島田市中河町８９６０－１", "緯度": 34.837602, "経度": 138.181979, "url": "https://www.iryou.teikyouseido.mhlw.go.jp/znk-web/juminkanja/S2430/initialize?prefCd=22&kikanCd=3226202070&kikanKbn=3", "url2": null, "内容": "櫻井歯科医院【3:歯科】静岡県島田市中河町８９６０－１" }, "geometry": { "type": "Point", "coordinates": [ 138.181979, 34.837602 ] } },
{ "type": "Feature", "properties": { "ID": 2233226202100, "正式名称": "坂田歯科医院", "機関区分": 3, "都道府県コード": 22, "市区町村コード": 209, "所在地": "静岡県島田市向谷元町６６７－１", "緯度": 34.845229, "経度": 138.156296, "url": "https://www.iryou.teikyouseido.mhlw.go.jp/znk-web/juminkanja/S2430/initialize?prefCd=22&kikanCd=3226202100&kikanKbn=3", "url2": null, "内容": "坂田歯科医院【3:歯科】静岡県島田市向谷元町６６７－１" }, "geometry": { "type": "Point", "coordinates": [ 138.156296, 34.845229 ] } },
{ "type": "Feature", "properties": { "ID": 2233226202490, "正式名称": "柴田歯科医院", "機関区分": 3, "都道府県コード": 22, "市区町村コード": 209, "所在地": "静岡県島田市金谷宮崎町５７－６", "緯度": 34.826703, "経度": 138.128494, "url": "https://www.iryou.teikyouseido.mhlw.go.jp/znk-web/juminkanja/S2430/initialize?prefCd=22&kikanCd=3226202490&kikanKbn=3", "url2": "https://www.shibatashikaiin.com/", "内容": "柴田歯科医院【3:歯科】静岡県島田市金谷宮崎町５７－６" }, "geometry": { "type": "Point", "coordinates": [ 138.128494, 34.826703 ] } },
{ "type": "Feature", "properties": { "ID": 2233226202940, "正式名称": "小澤歯科医院", "機関区分": 3, "都道府県コード": 22, "市区町村コード": 429, "所在地": "静岡県榛原郡川根本町下長尾２５６－４", "緯度": 35.027875, "経度": 138.085294, "url": "https://www.iryou.teikyouseido.mhlw.go.jp/znk-web/juminkanja/S2430/initialize?prefCd=22&kikanCd=3226202940&kikanKbn=3", "url2": null, "内容": "小澤歯科医院【3:歯科】静岡県榛原郡川根本町下長尾２５６－４" }, "geometry": { "type": "Point", "coordinates": [ 138.085294, 35.027875 ] } },
{ "type": "Feature", "properties": { "ID": 2233226203370, "正式名称": "安原歯科医院", "機関区分": 3, "都道府県コード": 22, "市区町村コード": 209, "所在地": "静岡県島田市横井３－７－２３", "緯度": 34.828565, "経度": 138.172268, "url": "https://www.iryou.teikyouseido.mhlw.go.jp/znk-web/juminkanja/S2430/initialize?prefCd=22&kikanCd=3226203370&kikanKbn=3", "url2": null, "内容": "安原歯科医院【3:歯科】静岡県島田市横井３－７－２３" }, "geometry": { "type": "Point", "coordinates": [ 138.172268, 34.828565 ] } },
{ "type": "Feature", "properties": { "ID": 2233226203660, "正式名称": "又平歯科医院", "機関区分": 3, "都道府県コード": 22, "市区町村コード": 209, "所在地": "静岡県島田市川根町家山３３６－１", "緯度": 34.94256, "経度": 138.077322, "url": "https://www.iryou.teikyouseido.mhlw.go.jp/znk-web/juminkanja/S2430/initialize?prefCd=22&kikanCd=3226203660&kikanKbn=3", "url2": null, "内容": "又平歯科医院【3:歯科】静岡県島田市川根町家山３３６－１" }, "geometry": { "type": "Point", "coordinates": [ 138.077322, 34.94256 ] } },
{ "type": "Feature", "properties": { "ID": 2233226204090, "正式名称": "良知歯科医院", "機関区分": 3, "都道府県コード": 22, "市区町村コード": 424, "所在地": "静岡県榛原郡吉田町住吉３５５－３", "緯度": 34.767323, "経度": 138.256347, "url": "https://www.iryou.teikyouseido.mhlw.go.jp/znk-web/juminkanja/S2430/initialize?prefCd=22&kikanCd=3226204090&kikanKbn=3", "url2": null, "内容": "良知歯科医院【3:歯科】静岡県榛原郡吉田町住吉３５５－３" }, "geometry": { "type": "Point", "coordinates": [ 138.256347, 34.767323 ] } },
{ "type": "Feature", "properties": { "ID": 2233226204250, "正式名称": "服部歯科医院六合診療所", "機関区分": 3, "都道府県コード": 22, "市区町村コード": 209, "所在地": "静岡県島田市道悦３－１６－１２", "緯度": 34.833592, "経度": 138.204848, "url": "https://www.iryou.teikyouseido.mhlw.go.jp/znk-web/juminkanja/S2430/initialize?prefCd=22&kikanCd=3226204250&kikanKbn=3", "url2": null, "内容": "服部歯科医院六合診療所【3:歯科】静岡県島田市道悦３－１６－１２" }, "geometry": { "type": "Point", "coordinates": [ 138.204848, 34.833592 ] } },
{ "type": "Feature", "properties": { "ID": 2233226204380, "正式名称": "柴田歯科医院", "機関区分": 3, "都道府県コード": 22, "市区町村コード": 226, "所在地": "静岡県牧之原市静波２８４１－４", "緯度": 34.73477, "経度": 138.220185, "url": "https://www.iryou.teikyouseido.mhlw.go.jp/znk-web/juminkanja/S2430/initialize?prefCd=22&kikanCd=3226204380&kikanKbn=3", "url2": null, "内容": "柴田歯科医院【3:歯科】静岡県牧之原市静波２８４１－４" }, "geometry": { "type": "Point", "coordinates": [ 138.220185, 34.73477 ] } },
{ "type": "Feature", "properties": { "ID": 2233226204410, "正式名称": "川端歯科医院", "機関区分": 3, "都道府県コード": 22, "市区町村コード": 209, "所在地": "静岡県島田市本通１丁目２９０６－９", "緯度": 34.832675, "経度": 138.170018, "url": "https://www.iryou.teikyouseido.mhlw.go.jp/znk-web/juminkanja/S2430/initialize?prefCd=22&kikanCd=3226204410&kikanKbn=3", "url2": null, "内容": "川端歯科医院【3:歯科】静岡県島田市本通１丁目２９０６－９" }, "geometry": { "type": "Point", "coordinates": [ 138.170018, 34.832675 ] } },
{ "type": "Feature", "properties": { "ID": 2233226204670, "正式名称": "杉浦歯科", "機関区分": 3, "都道府県コード": 22, "市区町村コード": 209, "所在地": "静岡県島田市金谷上十五軒１９８９－１", "緯度": 34.824203, "経度": 138.130438, "url": "https://www.iryou.teikyouseido.mhlw.go.jp/znk-web/juminkanja/S2430/initialize?prefCd=22&kikanCd=3226204670&kikanKbn=3", "url2": null, "内容": "杉浦歯科【3:歯科】静岡県島田市金谷上十五軒１９８９－１" }, "geometry": { "type": "Point", "coordinates": [ 138.130438, 34.824203 ] } },
{ "type": "Feature", "properties": { "ID": 2233226205260, "正式名称": "関歯科医院", "機関区分": 3, "都道府県コード": 22, "市区町村コード": 209, "所在地": "静岡県島田市中河町３０９－１", "緯度": 34.840841, "経度": 138.178767, "url": "https://www.iryou.teikyouseido.mhlw.go.jp/znk-web/juminkanja/S2430/initialize?prefCd=22&kikanCd=3226205260&kikanKbn=3", "url2": "http://www.seki-dc.com/", "内容": "関歯科医院【3:歯科】静岡県島田市中河町３０９－１" }, "geometry": { "type": "Point", "coordinates": [ 138.178767, 34.840841 ] } },
{ "type": "Feature", "properties": { "ID": 2233226205390, "正式名称": "おび歯科クリニック", "機関区分": 3, "都道府県コード": 22, "市区町村コード": 209, "所在地": "静岡県島田市幸町１７ー１３", "緯度": 34.83362, "経度": 138.176378, "url": "https://www.iryou.teikyouseido.mhlw.go.jp/znk-web/juminkanja/S2430/initialize?prefCd=22&kikanCd=3226205390&kikanKbn=3", "url2": "https//www.obishika.com", "内容": "おび歯科クリニック【3:歯科】静岡県島田市幸町１７ー１３" }, "geometry": { "type": "Point", "coordinates": [ 138.176378, 34.83362 ] } },
{ "type": "Feature", "properties": { "ID": 2233226205420, "正式名称": "萩原歯科医院", "機関区分": 3, "都道府県コード": 22, "市区町村コード": 424, "所在地": "静岡県榛原郡吉田町川尻１３９８－３", "緯度": 34.767193, "経度": 138.268614, "url": "https://www.iryou.teikyouseido.mhlw.go.jp/znk-web/juminkanja/S2430/initialize?prefCd=22&kikanCd=3226205420&kikanKbn=3", "url2": null, "内容": "萩原歯科医院【3:歯科】静岡県榛原郡吉田町川尻１３９８－３" }, "geometry": { "type": "Point", "coordinates": [ 138.268614, 34.767193 ] } },
{ "type": "Feature", "properties": { "ID": 2233226205680, "正式名称": "榎田歯科医院", "機関区分": 3, "都道府県コード": 22, "市区町村コード": 226, "所在地": "静岡県牧之原市細江４５２１－１", "緯度": 34.747009, "経度": 138.228877, "url": "https://www.iryou.teikyouseido.mhlw.go.jp/znk-web/juminkanja/S2430/initialize?prefCd=22&kikanCd=3226205680&kikanKbn=3", "url2": "https://enokida-d.net", "内容": "榎田歯科医院【3:歯科】静岡県牧之原市細江４５２１－１" }, "geometry": { "type": "Point", "coordinates": [ 138.228877, 34.747009 ] } },
{ "type": "Feature", "properties": { "ID": 2233226205710, "正式名称": "つるなが歯科", "機関区分": 3, "都道府県コード": 22, "市区町村コード": 209, "所在地": "静岡県島田市金谷宮崎町３６８１", "緯度": 34.828175, "経度": 138.131827, "url": "https://www.iryou.teikyouseido.mhlw.go.jp/znk-web/juminkanja/S2430/initialize?prefCd=22&kikanCd=3226205710&kikanKbn=3", "url2": null, "内容": "つるなが歯科【3:歯科】静岡県島田市金谷宮崎町３６８１" }, "geometry": { "type": "Point", "coordinates": [ 138.131827, 34.828175 ] } },
{ "type": "Feature", "properties": { "ID": 2233226205840, "正式名称": "ライン歯科", "機関区分": 3, "都道府県コード": 22, "市区町村コード": 424, "所在地": "静岡県榛原郡吉田町神戸７０３－１", "緯度": 34.788042, "経度": 138.245152, "url": "https://www.iryou.teikyouseido.mhlw.go.jp/znk-web/juminkanja/S2430/initialize?prefCd=22&kikanCd=3226205840&kikanKbn=3", "url2": null, "内容": "ライン歯科【3:歯科】静岡県榛原郡吉田町神戸７０３－１" }, "geometry": { "type": "Point", "coordinates": [ 138.245152, 34.788042 ] } },
{ "type": "Feature", "properties": { "ID": 2233226205970, "正式名称": "またひら歯科医院", "機関区分": 3, "都道府県コード": 22, "市区町村コード": 209, "所在地": "静岡県島田市牛尾４２６－５", "緯度": 34.846673, "経度": 138.123438, "url": "https://www.iryou.teikyouseido.mhlw.go.jp/znk-web/juminkanja/S2430/initialize?prefCd=22&kikanCd=3226205970&kikanKbn=3", "url2": null, "内容": "またひら歯科医院【3:歯科】静岡県島田市牛尾４２６－５" }, "geometry": { "type": "Point", "coordinates": [ 138.123438, 34.846673 ] } },
{ "type": "Feature", "properties": { "ID": 2233226206010, "正式名称": "中川根渡辺歯科医院", "機関区分": 3, "都道府県コード": 22, "市区町村コード": 429, "所在地": "静岡県榛原郡川根本町徳山３３６－１", "緯度": 35.077149, "経度": 138.107994, "url": "https://www.iryou.teikyouseido.mhlw.go.jp/znk-web/juminkanja/S2430/initialize?prefCd=22&kikanCd=3226206010&kikanKbn=3", "url2": null, "内容": "中川根渡辺歯科医院【3:歯科】静岡県榛原郡川根本町徳山３３６－１" }, "geometry": { "type": "Point", "coordinates": [ 138.107994, 35.077149 ] } },
{ "type": "Feature", "properties": { "ID": 2233226206270, "正式名称": "まき歯科医院", "機関区分": 3, "都道府県コード": 22, "市区町村コード": 209, "所在地": "静岡県島田市東町１１７６－１", "緯度": 34.834093, "経度": 138.22368, "url": "https://www.iryou.teikyouseido.mhlw.go.jp/znk-web/juminkanja/S2430/initialize?prefCd=22&kikanCd=3226206270&kikanKbn=3", "url2": null, "内容": "まき歯科医院【3:歯科】静岡県島田市東町１１７６－１" }, "geometry": { "type": "Point", "coordinates": [ 138.22368, 34.834093 ] } },
{ "type": "Feature", "properties": { "ID": 2233226206300, "正式名称": "めぐみ歯科医院", "機関区分": 3, "都道府県コード": 22, "市区町村コード": 209, "所在地": "静岡県島田市大柳南７８－２", "緯度": 34.805596, "経度": 138.225209, "url": "https://www.iryou.teikyouseido.mhlw.go.jp/znk-web/juminkanja/S2430/initialize?prefCd=22&kikanCd=3226206300&kikanKbn=3", "url2": "http://www.megumi888.com", "内容": "めぐみ歯科医院【3:歯科】静岡県島田市大柳南７８－２" }, "geometry": { "type": "Point", "coordinates": [ 138.225209, 34.805596 ] } },
{ "type": "Feature", "properties": { "ID": 2233226206430, "正式名称": "原田歯科医院", "機関区分": 3, "都道府県コード": 22, "市区町村コード": 209, "所在地": "静岡県島田市旭３－２３－３０", "緯度": 34.829704, "経度": 138.195377, "url": "https://www.iryou.teikyouseido.mhlw.go.jp/znk-web/juminkanja/S2430/initialize?prefCd=22&kikanCd=3226206430&kikanKbn=3", "url2": "http://www.haradashikaiin.com", "内容": "原田歯科医院【3:歯科】静岡県島田市旭３－２３－３０" }, "geometry": { "type": "Point", "coordinates": [ 138.195377, 34.829704 ] } },
{ "type": "Feature", "properties": { "ID": 2233226206560, "正式名称": "板倉歯科医院", "機関区分": 3, "都道府県コード": 22, "市区町村コード": 209, "所在地": "静岡県島田市阪本３０９－８", "緯度": 34.817872, "経度": 138.213515, "url": "https://www.iryou.teikyouseido.mhlw.go.jp/znk-web/juminkanja/S2430/initialize?prefCd=22&kikanCd=3226206560&kikanKbn=3", "url2": "https://www.itakurashika.jp/", "内容": "板倉歯科医院【3:歯科】静岡県島田市阪本３０９－８" }, "geometry": { "type": "Point", "coordinates": [ 138.213515, 34.817872 ] } },
{ "type": "Feature", "properties": { "ID": 2233226206850, "正式名称": "みどり歯科", "機関区分": 3, "都道府県コード": 22, "市区町村コード": 226, "所在地": "静岡県牧之原市細江１４０９－１　メゾン杉山」１階", "緯度": 34.751463, "経度": 138.240655, "url": "https://www.iryou.teikyouseido.mhlw.go.jp/znk-web/juminkanja/S2430/initialize?prefCd=22&kikanCd=3226206850&kikanKbn=3", "url2": null, "内容": "みどり歯科【3:歯科】静岡県牧之原市細江１４０９－１　メゾン杉山」１階" }, "geometry": { "type": "Point", "coordinates": [ 138.240655, 34.751463 ] } },
{ "type": "Feature", "properties": { "ID": 2233226207020, "正式名称": "おおい歯科クリニック", "機関区分": 3, "都道府県コード": 22, "市区町村コード": 226, "所在地": "静岡県牧之原市細江６０７２－３", "緯度": 34.761656, "経度": 138.237793, "url": "https://www.iryou.teikyouseido.mhlw.go.jp/znk-web/juminkanja/S2430/initialize?prefCd=22&kikanCd=3226207020&kikanKbn=3", "url2": null, "内容": "おおい歯科クリニック【3:歯科】静岡県牧之原市細江６０７２－３" }, "geometry": { "type": "Point", "coordinates": [ 138.237793, 34.761656 ] } },
{ "type": "Feature", "properties": { "ID": 2233226300530, "正式名称": "奥山歯科医院", "機関区分": 3, "都道府県コード": 22, "市区町村コード": 226, "所在地": "静岡県牧之原市須々木７５７", "緯度": 34.668919, "経度": 138.192863, "url": "https://www.iryou.teikyouseido.mhlw.go.jp/znk-web/juminkanja/S2430/initialize?prefCd=22&kikanCd=3226300530&kikanKbn=3", "url2": null, "内容": "奥山歯科医院【3:歯科】静岡県牧之原市須々木７５７" }, "geometry": { "type": "Point", "coordinates": [ 138.192863, 34.668919 ] } },
{ "type": "Feature", "properties": { "ID": 2233226300660, "正式名称": "川田歯科医院", "機関区分": 3, "都道府県コード": 22, "市区町村コード": 226, "所在地": "静岡県牧之原市波津４３９", "緯度": 34.683192, "経度": 138.196022, "url": "https://www.iryou.teikyouseido.mhlw.go.jp/znk-web/juminkanja/S2430/initialize?prefCd=22&kikanCd=3226300660&kikanKbn=3", "url2": null, "内容": "川田歯科医院【3:歯科】静岡県牧之原市波津４３９" }, "geometry": { "type": "Point", "coordinates": [ 138.196022, 34.683192 ] } },
{ "type": "Feature", "properties": { "ID": 2233226301120, "正式名称": "植田歯科医院", "機関区分": 3, "都道府県コード": 22, "市区町村コード": 226, "所在地": "静岡県牧之原市大沢１－６", "緯度": 34.687759, "経度": 138.191577, "url": "https://www.iryou.teikyouseido.mhlw.go.jp/znk-web/juminkanja/S2430/initialize?prefCd=22&kikanCd=3226301120&kikanKbn=3", "url2": null, "内容": "植田歯科医院【3:歯科】静岡県牧之原市大沢１－６" }, "geometry": { "type": "Point", "coordinates": [ 138.191577, 34.687759 ] } },
{ "type": "Feature", "properties": { "ID": 2233226301670, "正式名称": "辻歯科医院", "機関区分": 3, "都道府県コード": 22, "市区町村コード": 226, "所在地": "静岡県牧之原市静波２４６６", "緯度": 34.733492, "経度": 138.222796, "url": "https://www.iryou.teikyouseido.mhlw.go.jp/znk-web/juminkanja/S2430/initialize?prefCd=22&kikanCd=3226301670&kikanKbn=3", "url2": null, "内容": "辻歯科医院【3:歯科】静岡県牧之原市静波２４６６" }, "geometry": { "type": "Point", "coordinates": [ 138.222796, 34.733492 ] } },
{ "type": "Feature", "properties": { "ID": 2233226301830, "正式名称": "高成田歯科医院", "機関区分": 3, "都道府県コード": 22, "市区町村コード": 424, "所在地": "静岡県榛原郡吉田町片岡１５７１ー３", "緯度": 34.760934, "経度": 138.259986, "url": "https://www.iryou.teikyouseido.mhlw.go.jp/znk-web/juminkanja/S2430/initialize?prefCd=22&kikanCd=3226301830&kikanKbn=3", "url2": null, "内容": "高成田歯科医院【3:歯科】静岡県榛原郡吉田町片岡１５７１ー３" }, "geometry": { "type": "Point", "coordinates": [ 138.259986, 34.760934 ] } },
{ "type": "Feature", "properties": { "ID": 2233226301960, "正式名称": "平井歯科医院", "機関区分": 3, "都道府県コード": 22, "市区町村コード": 424, "所在地": "静岡県榛原郡吉田町住吉１９７６－４", "緯度": 34.757324, "経度": 138.254431, "url": "https://www.iryou.teikyouseido.mhlw.go.jp/znk-web/juminkanja/S2430/initialize?prefCd=22&kikanCd=3226301960&kikanKbn=3", "url2": null, "内容": "平井歯科医院【3:歯科】静岡県榛原郡吉田町住吉１９７６－４" }, "geometry": { "type": "Point", "coordinates": [ 138.254431, 34.757324 ] } },
{ "type": "Feature", "properties": { "ID": 2233226302260, "正式名称": "鈴木歯科医院", "機関区分": 3, "都道府県コード": 22, "市区町村コード": 424, "所在地": "静岡県榛原郡吉田町神戸２１４５－７", "緯度": 34.785182, "経度": 138.244597, "url": "https://www.iryou.teikyouseido.mhlw.go.jp/znk-web/juminkanja/S2430/initialize?prefCd=22&kikanCd=3226302260&kikanKbn=3", "url2": "suzukidental-y.com", "内容": "鈴木歯科医院【3:歯科】静岡県榛原郡吉田町神戸２１４５－７" }, "geometry": { "type": "Point", "coordinates": [ 138.244597, 34.785182 ] } },
{ "type": "Feature", "properties": { "ID": 2233226302680, "正式名称": "黒木歯科医院", "機関区分": 3, "都道府県コード": 22, "市区町村コード": 226, "所在地": "静岡県牧之原市静波１３９４－６", "緯度": 34.741714, "経度": 138.226878, "url": "https://www.iryou.teikyouseido.mhlw.go.jp/znk-web/juminkanja/S2430/initialize?prefCd=22&kikanCd=3226302680&kikanKbn=3", "url2": null, "内容": "黒木歯科医院【3:歯科】静岡県牧之原市静波１３９４－６" }, "geometry": { "type": "Point", "coordinates": [ 138.226878, 34.741714 ] } },
{ "type": "Feature", "properties": { "ID": 2233226302970, "正式名称": "大澤歯科医院", "機関区分": 3, "都道府県コード": 22, "市区町村コード": 223, "所在地": "静岡県御前崎市御前崎２９４９－１", "緯度": 34.603728, "経度": 138.215219, "url": "https://www.iryou.teikyouseido.mhlw.go.jp/znk-web/juminkanja/S2430/initialize?prefCd=22&kikanCd=3226302970&kikanKbn=3", "url2": null, "内容": "大澤歯科医院【3:歯科】静岡県御前崎市御前崎２９４９－１" }, "geometry": { "type": "Point", "coordinates": [ 138.215219, 34.603728 ] } },
{ "type": "Feature", "properties": { "ID": 2233226400300, "正式名称": "山本歯科医院", "機関区分": 3, "都道府県コード": 22, "市区町村コード": 213, "所在地": "静岡県掛川市中央１－４－１３", "緯度": 34.770132, "経度": 138.012369, "url": "https://www.iryou.teikyouseido.mhlw.go.jp/znk-web/juminkanja/S2430/initialize?prefCd=22&kikanCd=3226400300&kikanKbn=3", "url2": null, "内容": "山本歯科医院【3:歯科】静岡県掛川市中央１－４－１３" }, "geometry": { "type": "Point", "coordinates": [ 138.012369, 34.770132 ] } },
{ "type": "Feature", "properties": { "ID": 2233226400720, "正式名称": "小野田歯科医院", "機関区分": 3, "都道府県コード": 22, "市区町村コード": 213, "所在地": "静岡県掛川市柳町５８－２", "緯度": 34.780932, "経度": 138.011344, "url": "https://www.iryou.teikyouseido.mhlw.go.jp/znk-web/juminkanja/S2430/initialize?prefCd=22&kikanCd=3226400720&kikanKbn=3", "url2": null, "内容": "小野田歯科医院【3:歯科】静岡県掛川市柳町５８－２" }, "geometry": { "type": "Point", "coordinates": [ 138.011344, 34.780932 ] } },
{ "type": "Feature", "properties": { "ID": 2233226401150, "正式名称": "岡田歯科医院", "機関区分": 3, "都道府県コード": 22, "市区町村コード": 213, "所在地": "静岡県掛川市横須賀１４４９－１", "緯度": 34.681327, "経度": 137.980818, "url": "https://www.iryou.teikyouseido.mhlw.go.jp/znk-web/juminkanja/S2430/initialize?prefCd=22&kikanCd=3226401150&kikanKbn=3", "url2": "http://okadashika.net/", "内容": "岡田歯科医院【3:歯科】静岡県掛川市横須賀１４４９－１" }, "geometry": { "type": "Point", "coordinates": [ 137.980818, 34.681327 ] } },
{ "type": "Feature", "properties": { "ID": 2233226401990, "正式名称": "藤田歯科医院", "機関区分": 3, "都道府県コード": 22, "市区町村コード": 224, "所在地": "静岡県菊川市下平川１３９６－２", "緯度": 34.69916, "経度": 138.089281, "url": "https://www.iryou.teikyouseido.mhlw.go.jp/znk-web/juminkanja/S2430/initialize?prefCd=22&kikanCd=3226401990&kikanKbn=3", "url2": null, "内容": "藤田歯科医院【3:歯科】静岡県菊川市下平川１３９６－２" }, "geometry": { "type": "Point", "coordinates": [ 138.089281, 34.69916 ] } },
{ "type": "Feature", "properties": { "ID": 2233226402030, "正式名称": "宮城歯科医院", "機関区分": 3, "都道府県コード": 22, "市区町村コード": 224, "所在地": "静岡県菊川市下平川１８９７－１", "緯度": 34.704882, "経度": 138.086586, "url": "https://www.iryou.teikyouseido.mhlw.go.jp/znk-web/juminkanja/S2430/initialize?prefCd=22&kikanCd=3226402030&kikanKbn=3", "url2": null, "内容": "宮城歯科医院【3:歯科】静岡県菊川市下平川１８９７－１" }, "geometry": { "type": "Point", "coordinates": [ 138.086586, 34.704882 ] } },
{ "type": "Feature", "properties": { "ID": 2233226402160, "正式名称": "武藤歯科医院", "機関区分": 3, "都道府県コード": 22, "市区町村コード": 224, "所在地": "静岡県菊川市半済１２１４－２", "緯度": 34.755904, "経度": 138.086723, "url": "https://www.iryou.teikyouseido.mhlw.go.jp/znk-web/juminkanja/S2430/initialize?prefCd=22&kikanCd=3226402160&kikanKbn=3", "url2": null, "内容": "武藤歯科医院【3:歯科】静岡県菊川市半済１２１４－２" }, "geometry": { "type": "Point", "coordinates": [ 138.086723, 34.755904 ] } },
{ "type": "Feature", "properties": { "ID": 2233226402580, "正式名称": "さの歯科クリニック", "機関区分": 3, "都道府県コード": 22, "市区町村コード": 213, "所在地": "静岡県掛川市三俣５８４－２", "緯度": 34.666163, "経度": 138.052119, "url": "https://www.iryou.teikyouseido.mhlw.go.jp/znk-web/juminkanja/S2430/initialize?prefCd=22&kikanCd=3226402580&kikanKbn=3", "url2": "https://sanodental.jp", "内容": "さの歯科クリニック【3:歯科】静岡県掛川市三俣５８４－２" }, "geometry": { "type": "Point", "coordinates": [ 138.052119, 34.666163 ] } },
{ "type": "Feature", "properties": { "ID": 2233226402740, "正式名称": "泉地歯科医院", "機関区分": 3, "都道府県コード": 22, "市区町村コード": 213, "所在地": "静岡県掛川市小鷹町", "緯度": 34.772012, "経度": 138.004062, "url": "https://www.iryou.teikyouseido.mhlw.go.jp/znk-web/juminkanja/S2430/initialize?prefCd=22&kikanCd=3226402740&kikanKbn=3", "url2": null, "内容": "泉地歯科医院【3:歯科】静岡県掛川市小鷹町" }, "geometry": { "type": "Point", "coordinates": [ 138.004062, 34.772012 ] } },
{ "type": "Feature", "properties": { "ID": 2233226402870, "正式名称": "水野歯科医院", "機関区分": 3, "都道府県コード": 22, "市区町村コード": 223, "所在地": "静岡県御前崎市佐倉１０１９－１", "緯度": 34.633168, "経度": 138.150695, "url": "https://www.iryou.teikyouseido.mhlw.go.jp/znk-web/juminkanja/S2430/initialize?prefCd=22&kikanCd=3226402870&kikanKbn=3", "url2": null, "内容": "水野歯科医院【3:歯科】静岡県御前崎市佐倉１０１９－１" }, "geometry": { "type": "Point", "coordinates": [ 138.150695, 34.633168 ] } },
{ "type": "Feature", "properties": { "ID": 2233226403040, "正式名称": "すずき歯科", "機関区分": 3, "都道府県コード": 22, "市区町村コード": 213, "所在地": "静岡県掛川市細谷６７１", "緯度": 34.781399, "経度": 137.966204, "url": "https://www.iryou.teikyouseido.mhlw.go.jp/znk-web/juminkanja/S2430/initialize?prefCd=22&kikanCd=3226403040&kikanKbn=3", "url2": "https://www.suzuki-shika.info/", "内容": "すずき歯科【3:歯科】静岡県掛川市細谷６７１" }, "geometry": { "type": "Point", "coordinates": [ 137.966204, 34.781399 ] } },
{ "type": "Feature", "properties": { "ID": 2233226403590, "正式名称": "医療法人社団　統慧会　かわべ歯科", "機関区分": 3, "都道府県コード": 22, "市区町村コード": 224, "所在地": "静岡県菊川市半済１１１８", "緯度": 34.753683, "経度": 138.088474, "url": "https://www.iryou.teikyouseido.mhlw.go.jp/znk-web/juminkanja/S2430/initialize?prefCd=22&kikanCd=3226403590&kikanKbn=3", "url2": "http://kawabeshika.com/", "内容": "医療法人社団　統慧会　かわべ歯科【3:歯科】静岡県菊川市半済１１１８" }, "geometry": { "type": "Point", "coordinates": [ 138.088474, 34.753683 ] } },
{ "type": "Feature", "properties": { "ID": 2233226404210, "正式名称": "さくらい歯科医院", "機関区分": 3, "都道府県コード": 22, "市区町村コード": 223, "所在地": "静岡県御前崎市池新田４６３－８", "緯度": 34.653832, "経度": 138.128279, "url": "https://www.iryou.teikyouseido.mhlw.go.jp/znk-web/juminkanja/S2430/initialize?prefCd=22&kikanCd=3226404210&kikanKbn=3", "url2": "http://www.sakuraishikaiin.com", "内容": "さくらい歯科医院【3:歯科】静岡県御前崎市池新田４６３－８" }, "geometry": { "type": "Point", "coordinates": [ 138.128279, 34.653832 ] } },
{ "type": "Feature", "properties": { "ID": 2233226404470, "正式名称": "桜木歯科", "機関区分": 3, "都道府県コード": 22, "市区町村コード": 213, "所在地": "静岡県掛川市富部９５０－４", "緯度": 34.778566, "経度": 137.978703, "url": "https://www.iryou.teikyouseido.mhlw.go.jp/znk-web/juminkanja/S2430/initialize?prefCd=22&kikanCd=3226404470&kikanKbn=3", "url2": null, "内容": "桜木歯科【3:歯科】静岡県掛川市富部９５０－４" }, "geometry": { "type": "Point", "coordinates": [ 137.978703, 34.778566 ] } },
{ "type": "Feature", "properties": { "ID": 2233226404500, "正式名称": "高久歯科医院", "機関区分": 3, "都道府県コード": 22, "市区町村コード": 223, "所在地": "静岡県御前崎市池新田４２７６－１", "緯度": 34.642973, "経度": 138.136335, "url": "https://www.iryou.teikyouseido.mhlw.go.jp/znk-web/juminkanja/S2430/initialize?prefCd=22&kikanCd=3226404500&kikanKbn=3", "url2": null, "内容": "高久歯科医院【3:歯科】静岡県御前崎市池新田４２７６－１" }, "geometry": { "type": "Point", "coordinates": [ 138.136335, 34.642973 ] } },
{ "type": "Feature", "properties": { "ID": 2233226404760, "正式名称": "青葉歯科", "機関区分": 3, "都道府県コード": 22, "市区町村コード": 213, "所在地": "静岡県掛川市杉谷１－１－７", "緯度": 34.768902, "経度": 138.031032, "url": "https://www.iryou.teikyouseido.mhlw.go.jp/znk-web/juminkanja/S2430/initialize?prefCd=22&kikanCd=3226404760&kikanKbn=3", "url2": null, "内容": "青葉歯科【3:歯科】静岡県掛川市杉谷１－１－７" }, "geometry": { "type": "Point", "coordinates": [ 138.031032, 34.768902 ] } },
{ "type": "Feature", "properties": { "ID": 2233226404890, "正式名称": "榊原歯科医院", "機関区分": 3, "都道府県コード": 22, "市区町村コード": 224, "所在地": "静岡県菊川市加茂３０６１－１", "緯度": 34.73349, "経度": 138.089223, "url": "https://www.iryou.teikyouseido.mhlw.go.jp/znk-web/juminkanja/S2430/initialize?prefCd=22&kikanCd=3226404890&kikanKbn=3", "url2": null, "内容": "榊原歯科医院【3:歯科】静岡県菊川市加茂３０６１－１" }, "geometry": { "type": "Point", "coordinates": [ 138.089223, 34.73349 ] } },
{ "type": "Feature", "properties": { "ID": 2233226404920, "正式名称": "大内歯科医院", "機関区分": 3, "都道府県コード": 22, "市区町村コード": 224, "所在地": "静岡県菊川市下平川５２９８－１", "緯度": 34.698938, "経度": 138.092808, "url": "https://www.iryou.teikyouseido.mhlw.go.jp/znk-web/juminkanja/S2430/initialize?prefCd=22&kikanCd=3226404920&kikanKbn=3", "url2": "https://ouchishikaiin-kikugawa.localinfo.jp/", "内容": "大内歯科医院【3:歯科】静岡県菊川市下平川５２９８－１" }, "geometry": { "type": "Point", "coordinates": [ 138.092808, 34.698938 ] } },
{ "type": "Feature", "properties": { "ID": 2233226405190, "正式名称": "長谷川歯科医院", "機関区分": 3, "都道府県コード": 22, "市区町村コード": 213, "所在地": "静岡県掛川市本郷１４０４－４", "緯度": 34.810507, "経度": 137.95587, "url": "https://www.iryou.teikyouseido.mhlw.go.jp/znk-web/juminkanja/S2430/initialize?prefCd=22&kikanCd=3226405190&kikanKbn=3", "url2": "www.hdc-kakegawa.com", "内容": "長谷川歯科医院【3:歯科】静岡県掛川市本郷１４０４－４" }, "geometry": { "type": "Point", "coordinates": [ 137.95587, 34.810507 ] } },
{ "type": "Feature", "properties": { "ID": 2233226405510, "正式名称": "葛ケ丘歯科医院", "機関区分": 3, "都道府県コード": 22, "市区町村コード": 213, "所在地": "静岡県掛川市大多郎１６０", "緯度": 34.785539, "経度": 138.027448, "url": "https://www.iryou.teikyouseido.mhlw.go.jp/znk-web/juminkanja/S2430/initialize?prefCd=22&kikanCd=3226405510&kikanKbn=3", "url2": "http://katsuragaoka-dc.com", "内容": "葛ケ丘歯科医院【3:歯科】静岡県掛川市大多郎１６０" }, "geometry": { "type": "Point", "coordinates": [ 138.027448, 34.785539 ] } },
{ "type": "Feature", "properties": { "ID": 2233226405770, "正式名称": "中島歯科医院", "機関区分": 3, "都道府県コード": 22, "市区町村コード": 213, "所在地": "静岡県掛川市中方１７９－３", "緯度": 34.709014, "経度": 138.060403, "url": "https://www.iryou.teikyouseido.mhlw.go.jp/znk-web/juminkanja/S2430/initialize?prefCd=22&kikanCd=3226405770&kikanKbn=3", "url2": null, "内容": "中島歯科医院【3:歯科】静岡県掛川市中方１７９－３" }, "geometry": { "type": "Point", "coordinates": [ 138.060403, 34.709014 ] } },
{ "type": "Feature", "properties": { "ID": 2233226405930, "正式名称": "甲賀歯科医院", "機関区分": 3, "都道府県コード": 22, "市区町村コード": 224, "所在地": "静岡県菊川市本所１４９５－１", "緯度": 34.749572, "経度": 138.090417, "url": "https://www.iryou.teikyouseido.mhlw.go.jp/znk-web/juminkanja/S2430/initialize?prefCd=22&kikanCd=3226405930&kikanKbn=3", "url2": null, "内容": "甲賀歯科医院【3:歯科】静岡県菊川市本所１４９５－１" }, "geometry": { "type": "Point", "coordinates": [ 138.090417, 34.749572 ] } },
{ "type": "Feature", "properties": { "ID": 2233226406070, "正式名称": "うめた歯科クリニック", "機関区分": 3, "都道府県コード": 22, "市区町村コード": 213, "所在地": "静岡県掛川市中央１－１７－１", "緯度": 34.770457, "経度": 138.011006, "url": "https://www.iryou.teikyouseido.mhlw.go.jp/znk-web/juminkanja/S2430/initialize?prefCd=22&kikanCd=3226406070&kikanKbn=3", "url2": null, "内容": "うめた歯科クリニック【3:歯科】静岡県掛川市中央１－１７－１" }, "geometry": { "type": "Point", "coordinates": [ 138.011006, 34.770457 ] } },
{ "type": "Feature", "properties": { "ID": 2233226406100, "正式名称": "渡邉歯科医院", "機関区分": 3, "都道府県コード": 22, "市区町村コード": 213, "所在地": "静岡県掛川市西大渕２２８－２", "緯度": 34.679605, "経度": 137.990762, "url": "https://www.iryou.teikyouseido.mhlw.go.jp/znk-web/juminkanja/S2430/initialize?prefCd=22&kikanCd=3226406100&kikanKbn=3", "url2": null, "内容": "渡邉歯科医院【3:歯科】静岡県掛川市西大渕２２８－２" }, "geometry": { "type": "Point", "coordinates": [ 137.990762, 34.679605 ] } },
{ "type": "Feature", "properties": { "ID": 2233226406360, "正式名称": "医療法人社団　トヨタ矯正歯科クリニック", "機関区分": 3, "都道府県コード": 22, "市区町村コード": 213, "所在地": "静岡県掛川市南１－１２－１１", "緯度": 34.767457, "経度": 138.017867, "url": "https://www.iryou.teikyouseido.mhlw.go.jp/znk-web/juminkanja/S2430/initialize?prefCd=22&kikanCd=3226406360&kikanKbn=3", "url2": null, "内容": "医療法人社団　トヨタ矯正歯科クリニック【3:歯科】静岡県掛川市南１－１２－１１" }, "geometry": { "type": "Point", "coordinates": [ 138.017867, 34.767457 ] } },
{ "type": "Feature", "properties": { "ID": 2233226406520, "正式名称": "近藤歯科医院", "機関区分": 3, "都道府県コード": 22, "市区町村コード": 213, "所在地": "静岡県掛川市久保２－１６－１４", "緯度": 34.765624, "経度": 138.008312, "url": "https://www.iryou.teikyouseido.mhlw.go.jp/znk-web/juminkanja/S2430/initialize?prefCd=22&kikanCd=3226406520&kikanKbn=3", "url2": null, "内容": "近藤歯科医院【3:歯科】静岡県掛川市久保２－１６－１４" }, "geometry": { "type": "Point", "coordinates": [ 138.008312, 34.765624 ] } },
{ "type": "Feature", "properties": { "ID": 2233226407080, "正式名称": "くりた歯科", "機関区分": 3, "都道府県コード": 22, "市区町村コード": 213, "所在地": "静岡県掛川市旭ケ丘１－３－７", "緯度": 34.781234, "経度": 138.022171, "url": "https://www.iryou.teikyouseido.mhlw.go.jp/znk-web/juminkanja/S2430/initialize?prefCd=22&kikanCd=3226407080&kikanKbn=3", "url2": null, "内容": "くりた歯科【3:歯科】静岡県掛川市旭ケ丘１－３－７" }, "geometry": { "type": "Point", "coordinates": [ 138.022171, 34.781234 ] } },
{ "type": "Feature", "properties": { "ID": 2233226407240, "正式名称": "かとう歯科", "機関区分": 3, "都道府県コード": 22, "市区町村コード": 224, "所在地": "静岡県菊川市仲島１－１０－４", "緯度": 34.756654, "経度": 138.092056, "url": "https://www.iryou.teikyouseido.mhlw.go.jp/znk-web/juminkanja/S2430/initialize?prefCd=22&kikanCd=3226407240&kikanKbn=3", "url2": null, "内容": "かとう歯科【3:歯科】静岡県菊川市仲島１－１０－４" }, "geometry": { "type": "Point", "coordinates": [ 138.092056, 34.756654 ] } },
{ "type": "Feature", "properties": { "ID": 2233226407370, "正式名称": "横井歯科医院", "機関区分": 3, "都道府県コード": 22, "市区町村コード": 213, "所在地": "静岡県掛川市宮脇２－１１－１０", "緯度": 34.782345, "経度": 138.027921, "url": "https://www.iryou.teikyouseido.mhlw.go.jp/znk-web/juminkanja/S2430/initialize?prefCd=22&kikanCd=3226407370&kikanKbn=3", "url2": null, "内容": "横井歯科医院【3:歯科】静岡県掛川市宮脇２－１１－１０" }, "geometry": { "type": "Point", "coordinates": [ 138.027921, 34.782345 ] } },
{ "type": "Feature", "properties": { "ID": 2233226407400, "正式名称": "うえむら歯科", "機関区分": 3, "都道府県コード": 22, "市区町村コード": 224, "所在地": "静岡県菊川市加茂２１８２", "緯度": 34.748377, "経度": 138.088945, "url": "https://www.iryou.teikyouseido.mhlw.go.jp/znk-web/juminkanja/S2430/initialize?prefCd=22&kikanCd=3226407400&kikanKbn=3", "url2": null, "内容": "うえむら歯科【3:歯科】静岡県菊川市加茂２１８２" }, "geometry": { "type": "Point", "coordinates": [ 138.088945, 34.748377 ] } },
{ "type": "Feature", "properties": { "ID": 2233226407530, "正式名称": "田中歯科医院", "機関区分": 3, "都道府県コード": 22, "市区町村コード": 213, "所在地": "静岡県掛川市下垂木１０７４－８", "緯度": 34.785094, "経度": 137.986619, "url": "https://www.iryou.teikyouseido.mhlw.go.jp/znk-web/juminkanja/S2430/initialize?prefCd=22&kikanCd=3226407530&kikanKbn=3", "url2": null, "内容": "田中歯科医院【3:歯科】静岡県掛川市下垂木１０７４－８" }, "geometry": { "type": "Point", "coordinates": [ 137.986619, 34.785094 ] } },
{ "type": "Feature", "properties": { "ID": 2233226407660, "正式名称": "戸塚歯科", "機関区分": 3, "都道府県コード": 22, "市区町村コード": 213, "所在地": "静岡県掛川市上西郷５３５－３", "緯度": 34.791593, "経度": 138.013005, "url": "https://www.iryou.teikyouseido.mhlw.go.jp/znk-web/juminkanja/S2430/initialize?prefCd=22&kikanCd=3226407660&kikanKbn=3", "url2": null, "内容": "戸塚歯科【3:歯科】静岡県掛川市上西郷５３５－３" }, "geometry": { "type": "Point", "coordinates": [ 138.013005, 34.791593 ] } },
{ "type": "Feature", "properties": { "ID": 2233226407790, "正式名称": "まさい歯科医院", "機関区分": 3, "都道府県コード": 22, "市区町村コード": 213, "所在地": "静岡県掛川市西大渕４３８３", "緯度": 34.682354, "経度": 137.97443, "url": "https://www.iryou.teikyouseido.mhlw.go.jp/znk-web/juminkanja/S2430/initialize?prefCd=22&kikanCd=3226407790&kikanKbn=3", "url2": "www.masai-dc.net", "内容": "まさい歯科医院【3:歯科】静岡県掛川市西大渕４３８３" }, "geometry": { "type": "Point", "coordinates": [ 137.97443, 34.682354 ] } },
{ "type": "Feature", "properties": { "ID": 2233226407820, "正式名称": "笠原歯科医院", "機関区分": 3, "都道府県コード": 22, "市区町村コード": 224, "所在地": "静岡県菊川市本所１４４０－２", "緯度": 34.751956, "経度": 138.089577, "url": "https://www.iryou.teikyouseido.mhlw.go.jp/znk-web/juminkanja/S2430/initialize?prefCd=22&kikanCd=3226407820&kikanKbn=3", "url2": null, "内容": "笠原歯科医院【3:歯科】静岡県菊川市本所１４４０－２" }, "geometry": { "type": "Point", "coordinates": [ 138.089577, 34.751956 ] } },
{ "type": "Feature", "properties": { "ID": 2233226601370, "正式名称": "小林歯科医院", "機関区分": 3, "都道府県コード": 22, "市区町村コード": 211, "所在地": "静岡県磐田市見付５８２３－７", "緯度": 34.72382, "経度": 137.854605, "url": "https://www.iryou.teikyouseido.mhlw.go.jp/znk-web/juminkanja/S2430/initialize?prefCd=22&kikanCd=3226601370&kikanKbn=3", "url2": null, "内容": "小林歯科医院【3:歯科】静岡県磐田市見付５８２３－７" }, "geometry": { "type": "Point", "coordinates": [ 137.854605, 34.72382 ] } },
{ "type": "Feature", "properties": { "ID": 2233226601400, "正式名称": "木瀬歯科医院", "機関区分": 3, "都道府県コード": 22, "市区町村コード": 211, "所在地": "静岡県磐田市見付１２１９－１０", "緯度": 34.726431, "経度": 137.860826, "url": "https://www.iryou.teikyouseido.mhlw.go.jp/znk-web/juminkanja/S2430/initialize?prefCd=22&kikanCd=3226601400&kikanKbn=3", "url2": null, "内容": "木瀬歯科医院【3:歯科】静岡県磐田市見付１２１９－１０" }, "geometry": { "type": "Point", "coordinates": [ 137.860826, 34.726431 ] } },
{ "type": "Feature", "properties": { "ID": 2233226601660, "正式名称": "すずき歯科クリニック", "機関区分": 3, "都道府県コード": 22, "市区町村コード": 211, "所在地": "静岡県磐田市城之崎４－９－１４", "緯度": 34.718626, "経度": 137.865298, "url": "https://www.iryou.teikyouseido.mhlw.go.jp/znk-web/juminkanja/S2430/initialize?prefCd=22&kikanCd=3226601660&kikanKbn=3", "url2": null, "内容": "すずき歯科クリニック【3:歯科】静岡県磐田市城之崎４－９－１４" }, "geometry": { "type": "Point", "coordinates": [ 137.865298, 34.718626 ] } },
{ "type": "Feature", "properties": { "ID": 2233226602090, "正式名称": "わたりうえ歯科医院", "機関区分": 3, "都道府県コード": 22, "市区町村コード": 211, "所在地": "静岡県磐田市国府台５５－３", "緯度": 34.722126, "経度": 137.849494, "url": "https://www.iryou.teikyouseido.mhlw.go.jp/znk-web/juminkanja/S2430/initialize?prefCd=22&kikanCd=3226602090&kikanKbn=3", "url2": null, "内容": "わたりうえ歯科医院【3:歯科】静岡県磐田市国府台５５－３" }, "geometry": { "type": "Point", "coordinates": [ 137.849494, 34.722126 ] } },
{ "type": "Feature", "properties": { "ID": 2233226602670, "正式名称": "山本歯科医院", "機関区分": 3, "都道府県コード": 22, "市区町村コード": 216, "所在地": "静岡県袋井市栄町９－３　山本歯科医院", "緯度": 34.743764, "経度": 137.922376, "url": "https://www.iryou.teikyouseido.mhlw.go.jp/znk-web/juminkanja/S2430/initialize?prefCd=22&kikanCd=3226602670&kikanKbn=3", "url2": null, "内容": "山本歯科医院【3:歯科】静岡県袋井市栄町９－３　山本歯科医院" }, "geometry": { "type": "Point", "coordinates": [ 137.922376, 34.743764 ] } },
{ "type": "Feature", "properties": { "ID": 2233226603130, "正式名称": "宇藤歯科医院", "機関区分": 3, "都道府県コード": 22, "市区町村コード": 461, "所在地": "静岡県周智郡森町森２２３－１", "緯度": 34.839559, "経度": 137.932537, "url": "https://www.iryou.teikyouseido.mhlw.go.jp/znk-web/juminkanja/S2430/initialize?prefCd=22&kikanCd=3226603130&kikanKbn=3", "url2": null, "内容": "宇藤歯科医院【3:歯科】静岡県周智郡森町森２２３－１" }, "geometry": { "type": "Point", "coordinates": [ 137.932537, 34.839559 ] } },
{ "type": "Feature", "properties": { "ID": 2233226603420, "正式名称": "まきの歯科クリニック", "機関区分": 3, "都道府県コード": 22, "市区町村コード": 216, "所在地": "静岡県袋井市浅名６７８－１", "緯度": 34.707385, "経度": 137.929306, "url": "https://www.iryou.teikyouseido.mhlw.go.jp/znk-web/juminkanja/S2430/initialize?prefCd=22&kikanCd=3226603420&kikanKbn=3", "url2": null, "内容": "まきの歯科クリニック【3:歯科】静岡県袋井市浅名６７８－１" }, "geometry": { "type": "Point", "coordinates": [ 137.929306, 34.707385 ] } },
{ "type": "Feature", "properties": { "ID": 2233226603680, "正式名称": "石川歯科医院", "機関区分": 3, "都道府県コード": 22, "市区町村コード": 211, "所在地": "静岡県磐田市福田１２３７－１", "緯度": 34.677909, "経度": 137.876466, "url": "https://www.iryou.teikyouseido.mhlw.go.jp/znk-web/juminkanja/S2430/initialize?prefCd=22&kikanCd=3226603680&kikanKbn=3", "url2": null, "内容": "石川歯科医院【3:歯科】静岡県磐田市福田１２３７－１" }, "geometry": { "type": "Point", "coordinates": [ 137.876466, 34.677909 ] } },
{ "type": "Feature", "properties": { "ID": 2233226603710, "正式名称": "深谷歯科医院", "機関区分": 3, "都道府県コード": 22, "市区町村コード": 211, "所在地": "静岡県磐田市白羽１３４", "緯度": 34.674658, "経度": 137.800472, "url": "https://www.iryou.teikyouseido.mhlw.go.jp/znk-web/juminkanja/S2430/initialize?prefCd=22&kikanCd=3226603710&kikanKbn=3", "url2": null, "内容": "深谷歯科医院【3:歯科】静岡県磐田市白羽１３４" }, "geometry": { "type": "Point", "coordinates": [ 137.800472, 34.674658 ] } },
{ "type": "Feature", "properties": { "ID": 2233226604270, "正式名称": "木瀬歯科医院", "機関区分": 3, "都道府県コード": 22, "市区町村コード": 211, "所在地": "静岡県磐田市森下３０－２", "緯度": 34.724097, "経度": 137.821357, "url": "https://www.iryou.teikyouseido.mhlw.go.jp/znk-web/juminkanja/S2430/initialize?prefCd=22&kikanCd=3226604270&kikanKbn=3", "url2": "http://www.kiseshika.com/", "内容": "木瀬歯科医院【3:歯科】静岡県磐田市森下３０－２" }, "geometry": { "type": "Point", "coordinates": [ 137.821357, 34.724097 ] } },
{ "type": "Feature", "properties": { "ID": 2233226604690, "正式名称": "大竹城之崎歯科医院", "機関区分": 3, "都道府県コード": 22, "市区町村コード": 211, "所在地": "静岡県磐田市城之崎１－１４－２", "緯度": 34.718321, "経度": 137.868909, "url": "https://www.iryou.teikyouseido.mhlw.go.jp/znk-web/juminkanja/S2430/initialize?prefCd=22&kikanCd=3226604690&kikanKbn=3", "url2": null, "内容": "大竹城之崎歯科医院【3:歯科】静岡県磐田市城之崎１－１４－２" }, "geometry": { "type": "Point", "coordinates": [ 137.868909, 34.718321 ] } },
{ "type": "Feature", "properties": { "ID": 2233226604850, "正式名称": "山本歯科医院", "機関区分": 3, "都道府県コード": 22, "市区町村コード": 461, "所在地": "静岡県周智郡森町森１７１９－１８", "緯度": 34.832143, "経度": 137.920566, "url": "https://www.iryou.teikyouseido.mhlw.go.jp/znk-web/juminkanja/S2430/initialize?prefCd=22&kikanCd=3226604850&kikanKbn=3", "url2": null, "内容": "山本歯科医院【3:歯科】静岡県周智郡森町森１７１９－１８" }, "geometry": { "type": "Point", "coordinates": [ 137.920566, 34.832143 ] } },
{ "type": "Feature", "properties": { "ID": 2233226605730, "正式名称": "守田歯科医院", "機関区分": 3, "都道府県コード": 22, "市区町村コード": 211, "所在地": "静岡県磐田市加茂１０２２", "緯度": 34.738985, "経度": 137.828078, "url": "https://www.iryou.teikyouseido.mhlw.go.jp/znk-web/juminkanja/S2430/initialize?prefCd=22&kikanCd=3226605730&kikanKbn=3", "url2": null, "内容": "守田歯科医院【3:歯科】静岡県磐田市加茂１０２２" }, "geometry": { "type": "Point", "coordinates": [ 137.828078, 34.738985 ] } },
{ "type": "Feature", "properties": { "ID": 2233226605990, "正式名称": "しのはら歯科医院", "機関区分": 3, "都道府県コード": 22, "市区町村コード": 211, "所在地": "静岡県磐田市上岡田９９４－１０", "緯度": 34.701045, "経度": 137.851828, "url": "https://www.iryou.teikyouseido.mhlw.go.jp/znk-web/juminkanja/S2430/initialize?prefCd=22&kikanCd=3226605990&kikanKbn=3", "url2": null, "内容": "しのはら歯科医院【3:歯科】静岡県磐田市上岡田９９４－１０" }, "geometry": { "type": "Point", "coordinates": [ 137.851828, 34.701045 ] } },
{ "type": "Feature", "properties": { "ID": 2233226606030, "正式名称": "原歯科医院", "機関区分": 3, "都道府県コード": 22, "市区町村コード": 211, "所在地": "静岡県磐田市福田３１０９", "緯度": 34.677548, "経度": 137.888604, "url": "https://www.iryou.teikyouseido.mhlw.go.jp/znk-web/juminkanja/S2430/initialize?prefCd=22&kikanCd=3226606030&kikanKbn=3", "url2": null, "内容": "原歯科医院【3:歯科】静岡県磐田市福田３１０９" }, "geometry": { "type": "Point", "coordinates": [ 137.888604, 34.677548 ] } },
{ "type": "Feature", "properties": { "ID": 2233226606450, "正式名称": "みどり歯科医院", "機関区分": 3, "都道府県コード": 22, "市区町村コード": 216, "所在地": "静岡県袋井市堀越３－１０－８", "緯度": 34.755679, "経度": 137.908321, "url": "https://www.iryou.teikyouseido.mhlw.go.jp/znk-web/juminkanja/S2430/initialize?prefCd=22&kikanCd=3226606450&kikanKbn=3", "url2": null, "内容": "みどり歯科医院【3:歯科】静岡県袋井市堀越３－１０－８" }, "geometry": { "type": "Point", "coordinates": [ 137.908321, 34.755679 ] } },
{ "type": "Feature", "properties": { "ID": 2233226606610, "正式名称": "スマイル歯科", "機関区分": 3, "都道府県コード": 22, "市区町村コード": 216, "所在地": "静岡県袋井市浅羽１１４－３", "緯度": 34.718127, "経度": 137.920794, "url": "https://www.iryou.teikyouseido.mhlw.go.jp/znk-web/juminkanja/S2430/initialize?prefCd=22&kikanCd=3226606610&kikanKbn=3", "url2": null, "内容": "スマイル歯科【3:歯科】静岡県袋井市浅羽１１４－３" }, "geometry": { "type": "Point", "coordinates": [ 137.920794, 34.718127 ] } },
{ "type": "Feature", "properties": { "ID": 2233226606740, "正式名称": "野末歯科医院", "機関区分": 3, "都道府県コード": 22, "市区町村コード": 216, "所在地": "静岡県袋井市下山梨川田２００１－５", "緯度": 34.77376, "経度": 137.911348, "url": "https://www.iryou.teikyouseido.mhlw.go.jp/znk-web/juminkanja/S2430/initialize?prefCd=22&kikanCd=3226606740&kikanKbn=3", "url2": null, "内容": "野末歯科医院【3:歯科】静岡県袋井市下山梨川田２００１－５" }, "geometry": { "type": "Point", "coordinates": [ 137.911348, 34.77376 ] } },
{ "type": "Feature", "properties": { "ID": 2233226607040, "正式名称": "医療法人社団日吉会牧野歯科医院", "機関区分": 3, "都道府県コード": 22, "市区町村コード": 211, "所在地": "静岡県磐田市見付２９０９－３５", "緯度": 34.724223, "経度": 137.855225, "url": "https://www.iryou.teikyouseido.mhlw.go.jp/znk-web/juminkanja/S2430/initialize?prefCd=22&kikanCd=3226607040&kikanKbn=3", "url2": "http://www.makinoshika.or.jp/", "内容": "医療法人社団日吉会牧野歯科医院【3:歯科】静岡県磐田市見付２９０９－３５" }, "geometry": { "type": "Point", "coordinates": [ 137.855225, 34.724223 ] } },
{ "type": "Feature", "properties": { "ID": 2233226607330, "正式名称": "新村歯科医院", "機関区分": 3, "都道府県コード": 22, "市区町村コード": 211, "所在地": "静岡県磐田市見付２７８３－１０", "緯度": 34.724903, "経度": 137.856743, "url": "https://www.iryou.teikyouseido.mhlw.go.jp/znk-web/juminkanja/S2430/initialize?prefCd=22&kikanCd=3226607330&kikanKbn=3", "url2": null, "内容": "新村歯科医院【3:歯科】静岡県磐田市見付２７８３－１０" }, "geometry": { "type": "Point", "coordinates": [ 137.856743, 34.724903 ] } },
{ "type": "Feature", "properties": { "ID": 2233226607460, "正式名称": "つたほ歯科医院", "機関区分": 3, "都道府県コード": 22, "市区町村コード": 211, "所在地": "静岡県磐田市堀之内１６４０－８", "緯度": 34.689119, "経度": 137.805711, "url": "https://www.iryou.teikyouseido.mhlw.go.jp/znk-web/juminkanja/S2430/initialize?prefCd=22&kikanCd=3226607460&kikanKbn=3", "url2": null, "内容": "つたほ歯科医院【3:歯科】静岡県磐田市堀之内１６４０－８" }, "geometry": { "type": "Point", "coordinates": [ 137.805711, 34.689119 ] } },
{ "type": "Feature", "properties": { "ID": 2233226607590, "正式名称": "大竹歯科医院", "機関区分": 3, "都道府県コード": 22, "市区町村コード": 211, "所在地": "静岡県磐田市中泉２３０－４", "緯度": 34.715377, "経度": 137.852161, "url": "https://www.iryou.teikyouseido.mhlw.go.jp/znk-web/juminkanja/S2430/initialize?prefCd=22&kikanCd=3226607590&kikanKbn=3", "url2": null, "内容": "大竹歯科医院【3:歯科】静岡県磐田市中泉２３０－４" }, "geometry": { "type": "Point", "coordinates": [ 137.852161, 34.715377 ] } },
{ "type": "Feature", "properties": { "ID": 2233226607620, "正式名称": "宮崎歯科医院", "機関区分": 3, "都道府県コード": 22, "市区町村コード": 211, "所在地": "静岡県磐田市上本郷２１３－５", "緯度": 34.710571, "経度": 137.821747, "url": "https://www.iryou.teikyouseido.mhlw.go.jp/znk-web/juminkanja/S2430/initialize?prefCd=22&kikanCd=3226607620&kikanKbn=3", "url2": null, "内容": "宮崎歯科医院【3:歯科】静岡県磐田市上本郷２１３－５" }, "geometry": { "type": "Point", "coordinates": [ 137.821747, 34.710571 ] } },
{ "type": "Feature", "properties": { "ID": 2233226607750, "正式名称": "てらだ歯科医院", "機関区分": 3, "都道府県コード": 22, "市区町村コード": 211, "所在地": "静岡県磐田市豊島１４１４－７", "緯度": 34.697212, "経度": 137.842801, "url": "https://www.iryou.teikyouseido.mhlw.go.jp/znk-web/juminkanja/S2430/initialize?prefCd=22&kikanCd=3226607750&kikanKbn=3", "url2": null, "内容": "てらだ歯科医院【3:歯科】静岡県磐田市豊島１４１４－７" }, "geometry": { "type": "Point", "coordinates": [ 137.842801, 34.697212 ] } },
{ "type": "Feature", "properties": { "ID": 2233226607880, "正式名称": "仲町歯科医院", "機関区分": 3, "都道府県コード": 22, "市区町村コード": 461, "所在地": "静岡県周智郡森町森３３４－１", "緯度": 34.836948, "経度": 137.931204, "url": "https://www.iryou.teikyouseido.mhlw.go.jp/znk-web/juminkanja/S2430/initialize?prefCd=22&kikanCd=3226607880&kikanKbn=3", "url2": "http://www.nakamachi-dental.jp/", "内容": "仲町歯科医院【3:歯科】静岡県周智郡森町森３３４－１" }, "geometry": { "type": "Point", "coordinates": [ 137.931204, 34.836948 ] } },
{ "type": "Feature", "properties": { "ID": 2233226608050, "正式名称": "たしろ歯科医院", "機関区分": 3, "都道府県コード": 22, "市区町村コード": 216, "所在地": "静岡県袋井市高尾町２４－１５", "緯度": 34.74321, "経度": 137.926404, "url": "https://www.iryou.teikyouseido.mhlw.go.jp/znk-web/juminkanja/S2430/initialize?prefCd=22&kikanCd=3226608050&kikanKbn=3", "url2": null, "内容": "たしろ歯科医院【3:歯科】静岡県袋井市高尾町２４－１５" }, "geometry": { "type": "Point", "coordinates": [ 137.926404, 34.74321 ] } },
{ "type": "Feature", "properties": { "ID": 2233226608210, "正式名称": "宮本歯科医院", "機関区分": 3, "都道府県コード": 22, "市区町村コード": 216, "所在地": "静岡県袋井市旭町１－７－２５", "緯度": 34.751846, "経度": 137.922875, "url": "https://www.iryou.teikyouseido.mhlw.go.jp/znk-web/juminkanja/S2430/initialize?prefCd=22&kikanCd=3226608210&kikanKbn=3", "url2": null, "内容": "宮本歯科医院【3:歯科】静岡県袋井市旭町１－７－２５" }, "geometry": { "type": "Point", "coordinates": [ 137.922875, 34.751846 ] } },
{ "type": "Feature", "properties": { "ID": 2233226608340, "正式名称": "渡辺歯科医院", "機関区分": 3, "都道府県コード": 22, "市区町村コード": 461, "所在地": "静岡県周智郡森町飯田３１８８－１", "緯度": 34.809673, "経度": 137.919873, "url": "https://www.iryou.teikyouseido.mhlw.go.jp/znk-web/juminkanja/S2430/initialize?prefCd=22&kikanCd=3226608340&kikanKbn=3", "url2": null, "内容": "渡辺歯科医院【3:歯科】静岡県周智郡森町飯田３１８８－１" }, "geometry": { "type": "Point", "coordinates": [ 137.919873, 34.809673 ] } },
{ "type": "Feature", "properties": { "ID": 2233226608470, "正式名称": "医療法人社団北島歯科医院", "機関区分": 3, "都道府県コード": 22, "市区町村コード": 211, "所在地": "静岡県磐田市安久路２－２２－３５", "緯度": 34.725295, "経度": 137.870286, "url": "https://www.iryou.teikyouseido.mhlw.go.jp/znk-web/juminkanja/S2430/initialize?prefCd=22&kikanCd=3226608470&kikanKbn=3", "url2": "http://www.kitajimadental.com", "内容": "医療法人社団北島歯科医院【3:歯科】静岡県磐田市安久路２－２２－３５" }, "geometry": { "type": "Point", "coordinates": [ 137.870286, 34.725295 ] } },
{ "type": "Feature", "properties": { "ID": 2233226608500, "正式名称": "富が丘歯科", "機関区分": 3, "都道府県コード": 22, "市区町村コード": 211, "所在地": "静岡県磐田市富丘８７４－４", "緯度": 34.733486, "経度": 137.847882, "url": "https://www.iryou.teikyouseido.mhlw.go.jp/znk-web/juminkanja/S2430/initialize?prefCd=22&kikanCd=3226608500&kikanKbn=3", "url2": null, "内容": "富が丘歯科【3:歯科】静岡県磐田市富丘８７４－４" }, "geometry": { "type": "Point", "coordinates": [ 137.847882, 34.733486 ] } },
{ "type": "Feature", "properties": { "ID": 2233226608890, "正式名称": "きどがみ歯科医院", "機関区分": 3, "都道府県コード": 22, "市区町村コード": 211, "所在地": "静岡県磐田市小立野２５２", "緯度": 34.725375, "経度": 137.818941, "url": "https://www.iryou.teikyouseido.mhlw.go.jp/znk-web/juminkanja/S2430/initialize?prefCd=22&kikanCd=3226608890&kikanKbn=3", "url2": null, "内容": "きどがみ歯科医院【3:歯科】静岡県磐田市小立野２５２" }, "geometry": { "type": "Point", "coordinates": [ 137.818941, 34.725375 ] } },
{ "type": "Feature", "properties": { "ID": 2233226608920, "正式名称": "友愛歯科クリニック", "機関区分": 3, "都道府県コード": 22, "市区町村コード": 211, "所在地": "静岡県磐田市富士見町４－１１－７", "緯度": 34.738791, "経度": 137.867158, "url": "https://www.iryou.teikyouseido.mhlw.go.jp/znk-web/juminkanja/S2430/initialize?prefCd=22&kikanCd=3226608920&kikanKbn=3", "url2": "http://www.kensei-dental.com/index.html", "内容": "友愛歯科クリニック【3:歯科】静岡県磐田市富士見町４－１１－７" }, "geometry": { "type": "Point", "coordinates": [ 137.867158, 34.738791 ] } },
{ "type": "Feature", "properties": { "ID": 2233226609060, "正式名称": "なかがわ歯科医院", "機関区分": 3, "都道府県コード": 22, "市区町村コード": 211, "所在地": "静岡県磐田市宮之一色８３３－３", "緯度": 34.717598, "経度": 137.826968, "url": "https://www.iryou.teikyouseido.mhlw.go.jp/znk-web/juminkanja/S2430/initialize?prefCd=22&kikanCd=3226609060&kikanKbn=3", "url2": null, "内容": "なかがわ歯科医院【3:歯科】静岡県磐田市宮之一色８３３－３" }, "geometry": { "type": "Point", "coordinates": [ 137.826968, 34.717598 ] } },
{ "type": "Feature", "properties": { "ID": 2233226609190, "正式名称": "キムラ歯科医院", "機関区分": 3, "都道府県コード": 22, "市区町村コード": 211, "所在地": "静岡県磐田市小中瀬村北３", "緯度": 34.674547, "経度": 137.832442, "url": "https://www.iryou.teikyouseido.mhlw.go.jp/znk-web/juminkanja/S2430/initialize?prefCd=22&kikanCd=3226609190&kikanKbn=3", "url2": null, "内容": "キムラ歯科医院【3:歯科】静岡県磐田市小中瀬村北３" }, "geometry": { "type": "Point", "coordinates": [ 137.832442, 34.674547 ] } },
{ "type": "Feature", "properties": { "ID": 2233226609350, "正式名称": "たかはし歯科医院", "機関区分": 3, "都道府県コード": 22, "市区町村コード": 211, "所在地": "静岡県磐田市掛塚４７１－１", "緯度": 34.671464, "経度": 137.801584, "url": "https://www.iryou.teikyouseido.mhlw.go.jp/znk-web/juminkanja/S2430/initialize?prefCd=22&kikanCd=3226609350&kikanKbn=3", "url2": null, "内容": "たかはし歯科医院【3:歯科】静岡県磐田市掛塚４７１－１" }, "geometry": { "type": "Point", "coordinates": [ 137.801584, 34.671464 ] } },
{ "type": "Feature", "properties": { "ID": 2233226609480, "正式名称": "一成歯科", "機関区分": 3, "都道府県コード": 22, "市区町村コード": 211, "所在地": "静岡県磐田市福田２４０２－１", "緯度": 34.67927, "経度": 137.888798, "url": "https://www.iryou.teikyouseido.mhlw.go.jp/znk-web/juminkanja/S2430/initialize?prefCd=22&kikanCd=3226609480&kikanKbn=3", "url2": "https://kzdental.com/", "内容": "一成歯科【3:歯科】静岡県磐田市福田２４０２－１" }, "geometry": { "type": "Point", "coordinates": [ 137.888798, 34.67927 ] } },
{ "type": "Feature", "properties": { "ID": 2233226609510, "正式名称": "たもつ歯科", "機関区分": 3, "都道府県コード": 22, "市区町村コード": 216, "所在地": "静岡県袋井市浅岡２５０－１", "緯度": 34.70624, "経度": 137.916878, "url": "https://www.iryou.teikyouseido.mhlw.go.jp/znk-web/juminkanja/S2430/initialize?prefCd=22&kikanCd=3226609510&kikanKbn=3", "url2": null, "内容": "たもつ歯科【3:歯科】静岡県袋井市浅岡２５０－１" }, "geometry": { "type": "Point", "coordinates": [ 137.916878, 34.70624 ] } },
{ "type": "Feature", "properties": { "ID": 2233226609800, "正式名称": "彦坂歯科医院豊田町診療所", "機関区分": 3, "都道府県コード": 22, "市区町村コード": 211, "所在地": "静岡県磐田市立野２０２４－８", "緯度": 34.714709, "経度": 137.819608, "url": "https://www.iryou.teikyouseido.mhlw.go.jp/znk-web/juminkanja/S2430/initialize?prefCd=22&kikanCd=3226609800&kikanKbn=3", "url2": null, "内容": "彦坂歯科医院豊田町診療所【3:歯科】静岡県磐田市立野２０２４－８" }, "geometry": { "type": "Point", "coordinates": [ 137.819608, 34.714709 ] } },
{ "type": "Feature", "properties": { "ID": 2233226609930, "正式名称": "山口歯科医院", "機関区分": 3, "都道府県コード": 22, "市区町村コード": 211, "所在地": "静岡県磐田市草崎８４５", "緯度": 34.691212, "経度": 137.823997, "url": "https://www.iryou.teikyouseido.mhlw.go.jp/znk-web/juminkanja/S2430/initialize?prefCd=22&kikanCd=3226609930&kikanKbn=3", "url2": null, "内容": "山口歯科医院【3:歯科】静岡県磐田市草崎８４５" }, "geometry": { "type": "Point", "coordinates": [ 137.823997, 34.691212 ] } },
{ "type": "Feature", "properties": { "ID": 2233226610040, "正式名称": "鳥之瀬歯科クリニック", "機関区分": 3, "都道府県コード": 22, "市区町村コード": 211, "所在地": "静岡県磐田市鳥之瀬１２４－１", "緯度": 34.713599, "経度": 137.863493, "url": "https://www.iryou.teikyouseido.mhlw.go.jp/znk-web/juminkanja/S2430/initialize?prefCd=22&kikanCd=3226610040&kikanKbn=3", "url2": null, "内容": "鳥之瀬歯科クリニック【3:歯科】静岡県磐田市鳥之瀬１２４－１" }, "geometry": { "type": "Point", "coordinates": [ 137.863493, 34.713599 ] } },
{ "type": "Feature", "properties": { "ID": 2233226610460, "正式名称": "松田歯科医院", "機関区分": 3, "都道府県コード": 22, "市区町村コード": 461, "所在地": "静岡県周智郡森町一宮１９２６－１", "緯度": 34.820783, "経度": 137.888181, "url": "https://www.iryou.teikyouseido.mhlw.go.jp/znk-web/juminkanja/S2430/initialize?prefCd=22&kikanCd=3226610460&kikanKbn=3", "url2": null, "内容": "松田歯科医院【3:歯科】静岡県周智郡森町一宮１９２６－１" }, "geometry": { "type": "Point", "coordinates": [ 137.888181, 34.820783 ] } },
{ "type": "Feature", "properties": { "ID": 2233226610590, "正式名称": "わたべ歯科医院", "機関区分": 3, "都道府県コード": 22, "市区町村コード": 211, "所在地": "静岡県磐田市大久保６７９－１２", "緯度": 34.778148, "経度": 137.847769, "url": "https://www.iryou.teikyouseido.mhlw.go.jp/znk-web/juminkanja/S2430/initialize?prefCd=22&kikanCd=3226610590&kikanKbn=3", "url2": null, "内容": "わたべ歯科医院【3:歯科】静岡県磐田市大久保６７９－１２" }, "geometry": { "type": "Point", "coordinates": [ 137.847769, 34.778148 ] } },
{ "type": "Feature", "properties": { "ID": 2233226610620, "正式名称": "鈴木歯科クリニック", "機関区分": 3, "都道府県コード": 22, "市区町村コード": 211, "所在地": "静岡県磐田市豊岡６８０１－１", "緯度": 34.67738, "経度": 137.815915, "url": "https://www.iryou.teikyouseido.mhlw.go.jp/znk-web/juminkanja/S2430/initialize?prefCd=22&kikanCd=3226610620&kikanKbn=3", "url2": null, "内容": "鈴木歯科クリニック【3:歯科】静岡県磐田市豊岡６８０１－１" }, "geometry": { "type": "Point", "coordinates": [ 137.815915, 34.67738 ] } },
{ "type": "Feature", "properties": { "ID": 2233226610910, "正式名称": "おぐら歯科医院", "機関区分": 3, "都道府県コード": 22, "市区町村コード": 211, "所在地": "静岡県磐田市池田字東池田１０４３－３", "緯度": 34.733852, "経度": 137.819908, "url": "https://www.iryou.teikyouseido.mhlw.go.jp/znk-web/juminkanja/S2430/initialize?prefCd=22&kikanCd=3226610910&kikanKbn=3", "url2": null, "内容": "おぐら歯科医院【3:歯科】静岡県磐田市池田字東池田１０４３－３" }, "geometry": { "type": "Point", "coordinates": [ 137.819908, 34.733852 ] } },
{ "type": "Feature", "properties": { "ID": 2233226700710, "正式名称": "大村歯科", "機関区分": 3, "都道府県コード": 22, "市区町村コード": 140, "所在地": "静岡県浜松市天竜区横山町４３７－５", "緯度": 34.941463, "経度": 137.819014, "url": "https://www.iryou.teikyouseido.mhlw.go.jp/znk-web/juminkanja/S2430/initialize?prefCd=22&kikanCd=3226700710&kikanKbn=3", "url2": null, "内容": "大村歯科【3:歯科】静岡県浜松市天竜区横山町４３７－５" }, "geometry": { "type": "Point", "coordinates": [ 137.819014, 34.941463 ] } },
{ "type": "Feature", "properties": { "ID": 2233226700970, "正式名称": "氣賀歯科医院", "機関区分": 3, "都道府県コード": 22, "市区町村コード": 139, "所在地": "静岡県浜松市浜名区沼２６０－１", "緯度": 34.793228, "経度": 137.785468, "url": "https://www.iryou.teikyouseido.mhlw.go.jp/znk-web/juminkanja/S2430/initialize?prefCd=22&kikanCd=3226700970&kikanKbn=3", "url2": null, "内容": "氣賀歯科医院【3:歯科】静岡県浜松市浜名区沼２６０－１" }, "geometry": { "type": "Point", "coordinates": [ 137.785468, 34.793228 ] } },
{ "type": "Feature", "properties": { "ID": 2233226701270, "正式名称": "浜北歯科医院", "機関区分": 3, "都道府県コード": 22, "市区町村コード": 139, "所在地": "静岡県浜松市浜名区中条１２８８", "緯度": 34.784642, "経度": 137.779449, "url": "https://www.iryou.teikyouseido.mhlw.go.jp/znk-web/juminkanja/S2430/initialize?prefCd=22&kikanCd=3226701270&kikanKbn=3", "url2": "http://hamakitashika.com/", "内容": "浜北歯科医院【3:歯科】静岡県浜松市浜名区中条１２８８" }, "geometry": { "type": "Point", "coordinates": [ 137.779449, 34.784642 ] } },
{ "type": "Feature", "properties": { "ID": 2233226701720, "正式名称": "大城歯科医院", "機関区分": 3, "都道府県コード": 22, "市区町村コード": 139, "所在地": "静岡県浜松市浜名区新原１０４４－５", "緯度": 34.810949, "経度": 137.794717, "url": "https://www.iryou.teikyouseido.mhlw.go.jp/znk-web/juminkanja/S2430/initialize?prefCd=22&kikanCd=3226701720&kikanKbn=3", "url2": null, "内容": "大城歯科医院【3:歯科】静岡県浜松市浜名区新原１０４４－５" }, "geometry": { "type": "Point", "coordinates": [ 137.794717, 34.810949 ] } },
{ "type": "Feature", "properties": { "ID": 2233226702150, "正式名称": "医療法人社団　芳和会　中野歯科医院", "機関区分": 3, "都道府県コード": 22, "市区町村コード": 139, "所在地": "静岡県浜松市浜名区小松２９７－２", "緯度": 34.790312, "経度": 137.778886, "url": "https://www.iryou.teikyouseido.mhlw.go.jp/znk-web/juminkanja/S2430/initialize?prefCd=22&kikanCd=3226702150&kikanKbn=3", "url2": null, "内容": "医療法人社団　芳和会　中野歯科医院【3:歯科】静岡県浜松市浜名区小松２９７－２" }, "geometry": { "type": "Point", "coordinates": [ 137.778886, 34.790312 ] } },
{ "type": "Feature", "properties": { "ID": 2233226702280, "正式名称": "きたはま歯科", "機関区分": 3, "都道府県コード": 22, "市区町村コード": 139, "所在地": "静岡県浜松市浜名区寺島２８０１", "緯度": 34.789562, "経度": 137.796269, "url": "https://www.iryou.teikyouseido.mhlw.go.jp/znk-web/juminkanja/S2430/initialize?prefCd=22&kikanCd=3226702280&kikanKbn=3", "url2": "https://www.kitahama-shika.com/", "内容": "きたはま歯科【3:歯科】静岡県浜松市浜名区寺島２８０１" }, "geometry": { "type": "Point", "coordinates": [ 137.796269, 34.789562 ] } },
{ "type": "Feature", "properties": { "ID": 2233226702310, "正式名称": "大城歯科医院内野診療所", "機関区分": 3, "都道府県コード": 22, "市区町村コード": 139, "所在地": "静岡県浜松市浜名区内野９３３－２", "緯度": 34.785423, "経度": 137.75336, "url": "https://www.iryou.teikyouseido.mhlw.go.jp/znk-web/juminkanja/S2430/initialize?prefCd=22&kikanCd=3226702310&kikanKbn=3", "url2": null, "内容": "大城歯科医院内野診療所【3:歯科】静岡県浜松市浜名区内野９３３－２" }, "geometry": { "type": "Point", "coordinates": [ 137.75336, 34.785423 ] } },
{ "type": "Feature", "properties": { "ID": 2233226702570, "正式名称": "山下歯科医院", "機関区分": 3, "都道府県コード": 22, "市区町村コード": 211, "所在地": "静岡県磐田市新開４０７", "緯度": 34.836197, "経度": 137.8431, "url": "https://www.iryou.teikyouseido.mhlw.go.jp/znk-web/juminkanja/S2430/initialize?prefCd=22&kikanCd=3226702570&kikanKbn=3", "url2": "https://yamashita-dentalclinic.hp.peraichi.com", "内容": "山下歯科医院【3:歯科】静岡県磐田市新開４０７" }, "geometry": { "type": "Point", "coordinates": [ 137.8431, 34.836197 ] } },
{ "type": "Feature", "properties": { "ID": 2233226702990, "正式名称": "平賀歯科医院", "機関区分": 3, "都道府県コード": 22, "市区町村コード": 140, "所在地": "静岡県浜松市天竜区佐久間町中部７９－１", "緯度": 35.081531, "経度": 137.800037, "url": "https://www.iryou.teikyouseido.mhlw.go.jp/znk-web/juminkanja/S2430/initialize?prefCd=22&kikanCd=3226702990&kikanKbn=3", "url2": null, "内容": "平賀歯科医院【3:歯科】静岡県浜松市天竜区佐久間町中部７９－１" }, "geometry": { "type": "Point", "coordinates": [ 137.800037, 35.081531 ] } },
{ "type": "Feature", "properties": { "ID": 2233226703320, "正式名称": "芦沢歯科医院", "機関区分": 3, "都道府県コード": 22, "市区町村コード": 140, "所在地": "静岡県浜松市天竜区二俣町二俣１５６６－２", "緯度": 34.861721, "経度": 137.813685, "url": "https://www.iryou.teikyouseido.mhlw.go.jp/znk-web/juminkanja/S2430/initialize?prefCd=22&kikanCd=3226703320&kikanKbn=3", "url2": null, "内容": "芦沢歯科医院【3:歯科】静岡県浜松市天竜区二俣町二俣１５６６－２" }, "geometry": { "type": "Point", "coordinates": [ 137.813685, 34.861721 ] } },
{ "type": "Feature", "properties": { "ID": 2233226703450, "正式名称": "すずき歯科医院", "機関区分": 3, "都道府県コード": 22, "市区町村コード": 139, "所在地": "静岡県浜松市浜名区油一色９２－１", "緯度": 34.799506, "経度": 137.807827, "url": "https://www.iryou.teikyouseido.mhlw.go.jp/znk-web/juminkanja/S2430/initialize?prefCd=22&kikanCd=3226703450&kikanKbn=3", "url2": null, "内容": "すずき歯科医院【3:歯科】静岡県浜松市浜名区油一色９２－１" }, "geometry": { "type": "Point", "coordinates": [ 137.807827, 34.799506 ] } },
{ "type": "Feature", "properties": { "ID": 2233226703610, "正式名称": "小澤歯科医院", "機関区分": 3, "都道府県コード": 22, "市区町村コード": 140, "所在地": "静岡県浜松市天竜区水窪町奥領家２６６０", "緯度": 35.163412, "経度": 137.868, "url": "https://www.iryou.teikyouseido.mhlw.go.jp/znk-web/juminkanja/S2430/initialize?prefCd=22&kikanCd=3226703610&kikanKbn=3", "url2": null, "内容": "小澤歯科医院【3:歯科】静岡県浜松市天竜区水窪町奥領家２６６０" }, "geometry": { "type": "Point", "coordinates": [ 137.868, 35.163412 ] } },
{ "type": "Feature", "properties": { "ID": 2233226703740, "正式名称": "浅倉歯科医院", "機関区分": 3, "都道府県コード": 22, "市区町村コード": 140, "所在地": "静岡県浜松市天竜区春野町気田５８２－１", "緯度": 35.004291, "経度": 137.907754, "url": "https://www.iryou.teikyouseido.mhlw.go.jp/znk-web/juminkanja/S2430/initialize?prefCd=22&kikanCd=3226703740&kikanKbn=3", "url2": null, "内容": "浅倉歯科医院【3:歯科】静岡県浜松市天竜区春野町気田５８２－１" }, "geometry": { "type": "Point", "coordinates": [ 137.907754, 35.004291 ] } },
{ "type": "Feature", "properties": { "ID": 2233226703870, "正式名称": "秋山歯科", "機関区分": 3, "都道府県コード": 22, "市区町村コード": 140, "所在地": "静岡県浜松市天竜区二俣町鹿島４２－１", "緯度": 34.849473, "経度": 137.807797, "url": "https://www.iryou.teikyouseido.mhlw.go.jp/znk-web/juminkanja/S2430/initialize?prefCd=22&kikanCd=3226703870&kikanKbn=3", "url2": null, "内容": "秋山歯科【3:歯科】静岡県浜松市天竜区二俣町鹿島４２－１" }, "geometry": { "type": "Point", "coordinates": [ 137.807797, 34.849473 ] } },
{ "type": "Feature", "properties": { "ID": 2233226703900, "正式名称": "浜松市春野歯科診療所", "機関区分": 3, "都道府県コード": 22, "市区町村コード": 140, "所在地": "静岡県浜松市天竜区春野町宮川１４６７－２　浜松市春野支所内", "緯度": 34.982377, "経度": 137.896506, "url": "https://www.iryou.teikyouseido.mhlw.go.jp/znk-web/juminkanja/S2430/initialize?prefCd=22&kikanCd=3226703900&kikanKbn=3", "url2": "https://www.city.hamamatsu.shizuoka.jp/maps/t-harunosika.html", "内容": "浜松市春野歯科診療所【3:歯科】静岡県浜松市天竜区春野町宮川１４６７－２　浜松市春野支所内" }, "geometry": { "type": "Point", "coordinates": [ 137.896506, 34.982377 ] } },
{ "type": "Feature", "properties": { "ID": 2233226704040, "正式名称": "浜名歯科診療所", "機関区分": 3, "都道府県コード": 22, "市区町村コード": 139, "所在地": "静岡県浜松市浜名区道本２７８－２", "緯度": 34.805088, "経度": 137.794046, "url": "https://www.iryou.teikyouseido.mhlw.go.jp/znk-web/juminkanja/S2430/initialize?prefCd=22&kikanCd=3226704040&kikanKbn=3", "url2": null, "内容": "浜名歯科診療所【3:歯科】静岡県浜松市浜名区道本２７８－２" }, "geometry": { "type": "Point", "coordinates": [ 137.794046, 34.805088 ] } },
{ "type": "Feature", "properties": { "ID": 2233226704460, "正式名称": "中嶋歯科医院", "機関区分": 3, "都道府県コード": 22, "市区町村コード": 139, "所在地": "静岡県浜松市浜名区宮口２８３６－１", "緯度": 34.823725, "経度": 137.771579, "url": "https://www.iryou.teikyouseido.mhlw.go.jp/znk-web/juminkanja/S2430/initialize?prefCd=22&kikanCd=3226704460&kikanKbn=3", "url2": null, "内容": "中嶋歯科医院【3:歯科】静岡県浜松市浜名区宮口２８３６－１" }, "geometry": { "type": "Point", "coordinates": [ 137.771579, 34.823725 ] } },
{ "type": "Feature", "properties": { "ID": 2233226704620, "正式名称": "長谷川歯科医院", "機関区分": 3, "都道府県コード": 22, "市区町村コード": 139, "所在地": "静岡県浜松市浜名区於呂２１２９－１", "緯度": 34.835731, "経度": 137.793688, "url": "https://www.iryou.teikyouseido.mhlw.go.jp/znk-web/juminkanja/S2430/initialize?prefCd=22&kikanCd=3226704620&kikanKbn=3", "url2": "http://hsgw-dc.com", "内容": "長谷川歯科医院【3:歯科】静岡県浜松市浜名区於呂２１２９－１" }, "geometry": { "type": "Point", "coordinates": [ 137.793688, 34.835731 ] } },
{ "type": "Feature", "properties": { "ID": 2233226704750, "正式名称": "吉田歯科", "機関区分": 3, "都道府県コード": 22, "市区町村コード": 139, "所在地": "静岡県浜松市浜名区内野２５３４－１", "緯度": 34.781979, "経度": 137.761249, "url": "https://www.iryou.teikyouseido.mhlw.go.jp/znk-web/juminkanja/S2430/initialize?prefCd=22&kikanCd=3226704750&kikanKbn=3", "url2": null, "内容": "吉田歯科【3:歯科】静岡県浜松市浜名区内野２５３４－１" }, "geometry": { "type": "Point", "coordinates": [ 137.761249, 34.781979 ] } },
{ "type": "Feature", "properties": { "ID": 2233226705210, "正式名称": "ポプラ歯科医院", "機関区分": 3, "都道府県コード": 22, "市区町村コード": 139, "所在地": "静岡県浜松市浜名区中瀬７１３６－９８", "緯度": 34.844779, "経度": 137.812047, "url": "https://www.iryou.teikyouseido.mhlw.go.jp/znk-web/juminkanja/S2430/initialize?prefCd=22&kikanCd=3226705210&kikanKbn=3", "url2": "http://www.popura-dc.jp/", "内容": "ポプラ歯科医院【3:歯科】静岡県浜松市浜名区中瀬７１３６－９８" }, "geometry": { "type": "Point", "coordinates": [ 137.812047, 34.844779 ] } },
{ "type": "Feature", "properties": { "ID": 2233226705340, "正式名称": "ナカゼ歯科", "機関区分": 3, "都道府県コード": 22, "市区町村コード": 139, "所在地": "静岡県浜松市浜名区新原３５９６－３", "緯度": 34.811365, "経度": 137.779218, "url": "https://www.iryou.teikyouseido.mhlw.go.jp/znk-web/juminkanja/S2430/initialize?prefCd=22&kikanCd=3226705340&kikanKbn=3", "url2": "https://hamamatsu-nakaze-dental.com/", "内容": "ナカゼ歯科【3:歯科】静岡県浜松市浜名区新原３５９６－３" }, "geometry": { "type": "Point", "coordinates": [ 137.779218, 34.811365 ] } },
{ "type": "Feature", "properties": { "ID": 2233226705470, "正式名称": "医療法人社団日吉会牧野歯科医院豊岡診療所", "機関区分": 3, "都道府県コード": 22, "市区町村コード": 211, "所在地": "静岡県磐田市神増５６－１", "緯度": 34.812561, "経度": 137.848018, "url": "https://www.iryou.teikyouseido.mhlw.go.jp/znk-web/juminkanja/S2430/initialize?prefCd=22&kikanCd=3226705470&kikanKbn=3", "url2": "http://www.makinoshika.or.jp/", "内容": "医療法人社団日吉会牧野歯科医院豊岡診療所【3:歯科】静岡県磐田市神増５６－１" }, "geometry": { "type": "Point", "coordinates": [ 137.848018, 34.812561 ] } },
{ "type": "Feature", "properties": { "ID": 2233226705500, "正式名称": "きぶね歯科", "機関区分": 3, "都道府県コード": 22, "市区町村コード": 139, "所在地": "静岡県浜松市浜名区貴布祢５３４－１１", "緯度": 34.801144, "経度": 137.790828, "url": "https://www.iryou.teikyouseido.mhlw.go.jp/znk-web/juminkanja/S2430/initialize?prefCd=22&kikanCd=3226705500&kikanKbn=3", "url2": "seiwakai-kibune.com", "内容": "きぶね歯科【3:歯科】静岡県浜松市浜名区貴布祢５３４－１１" }, "geometry": { "type": "Point", "coordinates": [ 137.790828, 34.801144 ] } },
{ "type": "Feature", "properties": { "ID": 2233226705760, "正式名称": "氏原歯科", "機関区分": 3, "都道府県コード": 22, "市区町村コード": 139, "所在地": "静岡県浜松市浜名区宮口１３３１－２", "緯度": 34.824336, "経度": 137.775829, "url": "https://www.iryou.teikyouseido.mhlw.go.jp/znk-web/juminkanja/S2430/initialize?prefCd=22&kikanCd=3226705760&kikanKbn=3", "url2": null, "内容": "氏原歯科【3:歯科】静岡県浜松市浜名区宮口１３３１－２" }, "geometry": { "type": "Point", "coordinates": [ 137.775829, 34.824336 ] } },
{ "type": "Feature", "properties": { "ID": 2233226705890, "正式名称": "さわき歯科クリニック", "機関区分": 3, "都道府県コード": 22, "市区町村コード": 139, "所在地": "静岡県浜松市浜名区中瀬２６９１－３３", "緯度": 34.840779, "経度": 137.80952, "url": "https://www.iryou.teikyouseido.mhlw.go.jp/znk-web/juminkanja/S2430/initialize?prefCd=22&kikanCd=3226705890&kikanKbn=3", "url2": null, "内容": "さわき歯科クリニック【3:歯科】静岡県浜松市浜名区中瀬２６９１－３３" }, "geometry": { "type": "Point", "coordinates": [ 137.80952, 34.840779 ] } },
{ "type": "Feature", "properties": { "ID": 2233226900350, "正式名称": "鳥居歯科医院", "機関区分": 3, "都道府県コード": 22, "市区町村コード": 221, "所在地": "静岡県湖西市鷲津５３８", "緯度": 34.717399, "経度": 137.542936, "url": "https://www.iryou.teikyouseido.mhlw.go.jp/znk-web/juminkanja/S2430/initialize?prefCd=22&kikanCd=3226900350&kikanKbn=3", "url2": "http://toriishikaiin.com/", "内容": "鳥居歯科医院【3:歯科】静岡県湖西市鷲津５３８" }, "geometry": { "type": "Point", "coordinates": [ 137.542936, 34.717399 ] } },
{ "type": "Feature", "properties": { "ID": 2233226900480, "正式名称": "伊藤歯科医院", "機関区分": 3, "都道府県コード": 22, "市区町村コード": 221, "所在地": "静岡県湖西市白須賀３９０４", "緯度": 34.689429, "経度": 137.50033, "url": "https://www.iryou.teikyouseido.mhlw.go.jp/znk-web/juminkanja/S2430/initialize?prefCd=22&kikanCd=3226900480&kikanKbn=3", "url2": null, "内容": "伊藤歯科医院【3:歯科】静岡県湖西市白須賀３９０４" }, "geometry": { "type": "Point", "coordinates": [ 137.50033, 34.689429 ] } },
{ "type": "Feature", "properties": { "ID": 2233226900640, "正式名称": "尾崎歯科医院", "機関区分": 3, "都道府県コード": 22, "市区町村コード": 221, "所在地": "静岡県湖西市新所原２－８－１", "緯度": 34.725425, "経度": 137.487107, "url": "https://www.iryou.teikyouseido.mhlw.go.jp/znk-web/juminkanja/S2430/initialize?prefCd=22&kikanCd=3226900640&kikanKbn=3", "url2": "http://www.ozakishika.com", "内容": "尾崎歯科医院【3:歯科】静岡県湖西市新所原２－８－１" }, "geometry": { "type": "Point", "coordinates": [ 137.487107, 34.725425 ] } },
{ "type": "Feature", "properties": { "ID": 2233226900930, "正式名称": "喜田歯科医院", "機関区分": 3, "都道府県コード": 22, "市区町村コード": 138, "所在地": "静岡県浜松市中央区高塚町１２９", "緯度": 34.689876, "経度": 137.685953, "url": "https://www.iryou.teikyouseido.mhlw.go.jp/znk-web/juminkanja/S2430/initialize?prefCd=22&kikanCd=3226900930&kikanKbn=3", "url2": null, "内容": "喜田歯科医院【3:歯科】静岡県浜松市中央区高塚町１２９" }, "geometry": { "type": "Point", "coordinates": [ 137.685953, 34.689876 ] } },
{ "type": "Feature", "properties": { "ID": 2233226901070, "正式名称": "鈴木歯科医院", "機関区分": 3, "都道府県コード": 22, "市区町村コード": 138, "所在地": "静岡県浜松市中央区若林町１２１４", "緯度": 34.688849, "経度": 137.700175, "url": "https://www.iryou.teikyouseido.mhlw.go.jp/znk-web/juminkanja/S2430/initialize?prefCd=22&kikanCd=3226901070&kikanKbn=3", "url2": "http://www.dc-suzuki.jp/", "内容": "鈴木歯科医院【3:歯科】静岡県浜松市中央区若林町１２１４" }, "geometry": { "type": "Point", "coordinates": [ 137.700175, 34.688849 ] } },
{ "type": "Feature", "properties": { "ID": 2233226901230, "正式名称": "本目歯科医院", "機関区分": 3, "都道府県コード": 22, "市区町村コード": 138, "所在地": "静岡県浜松市中央区舞阪町舞阪２１２３－１", "緯度": 34.686292, "経度": 137.608738, "url": "https://www.iryou.teikyouseido.mhlw.go.jp/znk-web/juminkanja/S2430/initialize?prefCd=22&kikanCd=3226901230&kikanKbn=3", "url2": null, "内容": "本目歯科医院【3:歯科】静岡県浜松市中央区舞阪町舞阪２１２３－１" }, "geometry": { "type": "Point", "coordinates": [ 137.608738, 34.686292 ] } },
{ "type": "Feature", "properties": { "ID": 2233226901810, "正式名称": "鳥居歯科医院（新居）", "機関区分": 3, "都道府県コード": 22, "市区町村コード": 221, "所在地": "静岡県湖西市新居町新居１２１５", "緯度": 34.693846, "経度": 137.561436, "url": "https://www.iryou.teikyouseido.mhlw.go.jp/znk-web/juminkanja/S2430/initialize?prefCd=22&kikanCd=3226901810&kikanKbn=3", "url2": null, "内容": "鳥居歯科医院（新居）【3:歯科】静岡県湖西市新居町新居１２１５" }, "geometry": { "type": "Point", "coordinates": [ 137.561436, 34.693846 ] } },
{ "type": "Feature", "properties": { "ID": 2233226902240, "正式名称": "水野歯科診療所", "機関区分": 3, "都道府県コード": 22, "市区町村コード": 138, "所在地": "静岡県浜松市中央区増楽町６６３－５", "緯度": 34.688071, "経度": 137.691647, "url": "https://www.iryou.teikyouseido.mhlw.go.jp/znk-web/juminkanja/S2430/initialize?prefCd=22&kikanCd=3226902240&kikanKbn=3", "url2": null, "内容": "水野歯科診療所【3:歯科】静岡県浜松市中央区増楽町６６３－５" }, "geometry": { "type": "Point", "coordinates": [ 137.691647, 34.688071 ] } },
{ "type": "Feature", "properties": { "ID": 2233226902400, "正式名称": "小林歯科医院", "機関区分": 3, "都道府県コード": 22, "市区町村コード": 221, "所在地": "静岡県湖西市駅南２－１４－９", "緯度": 34.720481, "経度": 137.486469, "url": "https://www.iryou.teikyouseido.mhlw.go.jp/znk-web/juminkanja/S2430/initialize?prefCd=22&kikanCd=3226902400&kikanKbn=3", "url2": null, "内容": "小林歯科医院【3:歯科】静岡県湖西市駅南２－１４－９" }, "geometry": { "type": "Point", "coordinates": [ 137.486469, 34.720481 ] } },
{ "type": "Feature", "properties": { "ID": 2233226902530, "正式名称": "神谷歯科医院", "機関区分": 3, "都道府県コード": 22, "市区町村コード": 221, "所在地": "静岡県湖西市古見９９４ー６", "緯度": 34.717315, "経度": 137.533993, "url": "https://www.iryou.teikyouseido.mhlw.go.jp/znk-web/juminkanja/S2430/initialize?prefCd=22&kikanCd=3226902530&kikanKbn=3", "url2": null, "内容": "神谷歯科医院【3:歯科】静岡県湖西市古見９９４ー６" }, "geometry": { "type": "Point", "coordinates": [ 137.533993, 34.717315 ] } },
{ "type": "Feature", "properties": { "ID": 2233226902790, "正式名称": "三田歯科医院", "機関区分": 3, "都道府県コード": 22, "市区町村コード": 221, "所在地": "静岡県湖西市鷲津１１８８－１", "緯度": 34.710816, "経度": 137.547714, "url": "https://www.iryou.teikyouseido.mhlw.go.jp/znk-web/juminkanja/S2430/initialize?prefCd=22&kikanCd=3226902790&kikanKbn=3", "url2": null, "内容": "三田歯科医院【3:歯科】静岡県湖西市鷲津１１８８－１" }, "geometry": { "type": "Point", "coordinates": [ 137.547714, 34.710816 ] } },
{ "type": "Feature", "properties": { "ID": 2233226902820, "正式名称": "遠藤歯科医院", "機関区分": 3, "都道府県コード": 22, "市区町村コード": 221, "所在地": "静岡県湖西市新居町新居１００－３", "緯度": 34.689069, "経度": 137.571074, "url": "https://www.iryou.teikyouseido.mhlw.go.jp/znk-web/juminkanja/S2430/initialize?prefCd=22&kikanCd=3226902820&kikanKbn=3", "url2": null, "内容": "遠藤歯科医院【3:歯科】静岡県湖西市新居町新居１００－３" }, "geometry": { "type": "Point", "coordinates": [ 137.571074, 34.689069 ] } },
{ "type": "Feature", "properties": { "ID": 2233226903090, "正式名称": "守吉歯科医院", "機関区分": 3, "都道府県コード": 22, "市区町村コード": 221, "所在地": "静岡県湖西市新居町中之郷１７３－１", "緯度": 34.700901, "経度": 137.560686, "url": "https://www.iryou.teikyouseido.mhlw.go.jp/znk-web/juminkanja/S2430/initialize?prefCd=22&kikanCd=3226903090&kikanKbn=3", "url2": "http://www3.tokai.or.jp/moriyosi-dental/", "内容": "守吉歯科医院【3:歯科】静岡県湖西市新居町中之郷１７３－１" }, "geometry": { "type": "Point", "coordinates": [ 137.560686, 34.700901 ] } },
{ "type": "Feature", "properties": { "ID": 2233226903540, "正式名称": "竹山歯科医院", "機関区分": 3, "都道府県コード": 22, "市区町村コード": 138, "所在地": "静岡県浜松市中央区雄踏町宇布見４０３０", "緯度": 34.699097, "経度": 137.643707, "url": "https://www.iryou.teikyouseido.mhlw.go.jp/znk-web/juminkanja/S2430/initialize?prefCd=22&kikanCd=3226903540&kikanKbn=3", "url2": null, "内容": "竹山歯科医院【3:歯科】静岡県浜松市中央区雄踏町宇布見４０３０" }, "geometry": { "type": "Point", "coordinates": [ 137.643707, 34.699097 ] } },
{ "type": "Feature", "properties": { "ID": 2233226903830, "正式名称": "医療法人積善会知波田駅歯科", "機関区分": 3, "都道府県コード": 22, "市区町村コード": 221, "所在地": "静岡県湖西市太田４６９－２０", "緯度": 34.753644, "経度": 137.511909, "url": "https://www.iryou.teikyouseido.mhlw.go.jp/znk-web/juminkanja/S2430/initialize?prefCd=22&kikanCd=3226903830&kikanKbn=3", "url2": "http://sekizenkai.jp", "内容": "医療法人積善会知波田駅歯科【3:歯科】静岡県湖西市太田４６９－２０" }, "geometry": { "type": "Point", "coordinates": [ 137.511909, 34.753644 ] } },
{ "type": "Feature", "properties": { "ID": 2233226903960, "正式名称": "小野田歯科医院", "機関区分": 3, "都道府県コード": 22, "市区町村コード": 221, "所在地": "静岡県湖西市鷲津７１６－１０", "緯度": 34.716583, "経度": 137.542441, "url": "https://www.iryou.teikyouseido.mhlw.go.jp/znk-web/juminkanja/S2430/initialize?prefCd=22&kikanCd=3226903960&kikanKbn=3", "url2": null, "内容": "小野田歯科医院【3:歯科】静岡県湖西市鷲津７１６－１０" }, "geometry": { "type": "Point", "coordinates": [ 137.542441, 34.716583 ] } },
{ "type": "Feature", "properties": { "ID": 2233226904000, "正式名称": "医療法人社団　山本歯科医院", "機関区分": 3, "都道府県コード": 22, "市区町村コード": 221, "所在地": "静岡県湖西市新所原３－３－２６", "緯度": 34.723869, "経度": 137.485607, "url": "https://www.iryou.teikyouseido.mhlw.go.jp/znk-web/juminkanja/S2430/initialize?prefCd=22&kikanCd=3226904000&kikanKbn=3", "url2": "www.kosai-yamamotodc.com", "内容": "医療法人社団　山本歯科医院【3:歯科】静岡県湖西市新所原３－３－２６" }, "geometry": { "type": "Point", "coordinates": [ 137.485607, 34.723869 ] } },
{ "type": "Feature", "properties": { "ID": 2233226904260, "正式名称": "北原歯科医院", "機関区分": 3, "都道府県コード": 22, "市区町村コード": 221, "所在地": "静岡県湖西市岡崎字新古６１０－３", "緯度": 34.72548, "経度": 137.50655, "url": "https://www.iryou.teikyouseido.mhlw.go.jp/znk-web/juminkanja/S2430/initialize?prefCd=22&kikanCd=3226904260&kikanKbn=3", "url2": null, "内容": "北原歯科医院【3:歯科】静岡県湖西市岡崎字新古６１０－３" }, "geometry": { "type": "Point", "coordinates": [ 137.50655, 34.72548 ] } },
{ "type": "Feature", "properties": { "ID": 2233226904420, "正式名称": "一瀬歯科医院", "機関区分": 3, "都道府県コード": 22, "市区町村コード": 138, "所在地": "静岡県浜松市中央区舞阪町弁天島２６５８－４６", "緯度": 34.691236, "経度": 137.603099, "url": "https://www.iryou.teikyouseido.mhlw.go.jp/znk-web/juminkanja/S2430/initialize?prefCd=22&kikanCd=3226904420&kikanKbn=3", "url2": null, "内容": "一瀬歯科医院【3:歯科】静岡県浜松市中央区舞阪町弁天島２６５８－４６" }, "geometry": { "type": "Point", "coordinates": [ 137.603099, 34.691236 ] } },
{ "type": "Feature", "properties": { "ID": 2233226904550, "正式名称": "鈴木歯科医院", "機関区分": 3, "都道府県コード": 22, "市区町村コード": 221, "所在地": "静岡県湖西市岡崎２２５４－２２", "緯度": 34.728814, "経度": 137.524243, "url": "https://www.iryou.teikyouseido.mhlw.go.jp/znk-web/juminkanja/S2430/initialize?prefCd=22&kikanCd=3226904550&kikanKbn=3", "url2": "http://www.kouyukai-dental.or.jp/", "内容": "鈴木歯科医院【3:歯科】静岡県湖西市岡崎２２５４－２２" }, "geometry": { "type": "Point", "coordinates": [ 137.524243, 34.728814 ] } },
{ "type": "Feature", "properties": { "ID": 2233227000130, "正式名称": "森歯科医院", "機関区分": 3, "都道府県コード": 22, "市区町村コード": 139, "所在地": "静岡県浜松市浜名区細江町気賀９９４－１", "緯度": 34.809609, "経度": 137.652524, "url": "https://www.iryou.teikyouseido.mhlw.go.jp/znk-web/juminkanja/S2430/initialize?prefCd=22&kikanCd=3227000130&kikanKbn=3", "url2": null, "内容": "森歯科医院【3:歯科】静岡県浜松市浜名区細江町気賀９９４－１" }, "geometry": { "type": "Point", "coordinates": [ 137.652524, 34.809609 ] } },
{ "type": "Feature", "properties": { "ID": 2233227000260, "正式名称": "村上歯科医院", "機関区分": 3, "都道府県コード": 22, "市区町村コード": 139, "所在地": "静岡県浜松市浜名区細江町気賀１１１－１１", "緯度": 34.808002, "経度": 137.656312, "url": "https://www.iryou.teikyouseido.mhlw.go.jp/znk-web/juminkanja/S2430/initialize?prefCd=22&kikanCd=3227000260&kikanKbn=3", "url2": "http://murakamisika.com", "内容": "村上歯科医院【3:歯科】静岡県浜松市浜名区細江町気賀１１１－１１" }, "geometry": { "type": "Point", "coordinates": [ 137.656312, 34.808002 ] } },
{ "type": "Feature", "properties": { "ID": 2233227000420, "正式名称": "鳥居歯科医院", "機関区分": 3, "都道府県コード": 22, "市区町村コード": 139, "所在地": "静岡県浜松市浜名区細江町気賀１０３４", "緯度": 34.809835, "経度": 137.651617, "url": "https://www.iryou.teikyouseido.mhlw.go.jp/znk-web/juminkanja/S2430/initialize?prefCd=22&kikanCd=3227000420&kikanKbn=3", "url2": null, "内容": "鳥居歯科医院【3:歯科】静岡県浜松市浜名区細江町気賀１０３４" }, "geometry": { "type": "Point", "coordinates": [ 137.651617, 34.809835 ] } },
{ "type": "Feature", "properties": { "ID": 2233227000550, "正式名称": "沖野歯科医院", "機関区分": 3, "都道府県コード": 22, "市区町村コード": 139, "所在地": "静岡県浜松市浜名区引佐町井伊谷７１１－２", "緯度": 34.832583, "経度": 137.67117, "url": "https://www.iryou.teikyouseido.mhlw.go.jp/znk-web/juminkanja/S2430/initialize?prefCd=22&kikanCd=3227000550&kikanKbn=3", "url2": null, "内容": "沖野歯科医院【3:歯科】静岡県浜松市浜名区引佐町井伊谷７１１－２" }, "geometry": { "type": "Point", "coordinates": [ 137.67117, 34.832583 ] } },
{ "type": "Feature", "properties": { "ID": 2233227000710, "正式名称": "足立歯科医院", "機関区分": 3, "都道府県コード": 22, "市区町村コード": 139, "所在地": "静岡県浜松市浜名区引佐町金指１２７６ー２", "緯度": 34.819862, "経度": 137.680476, "url": "https://www.iryou.teikyouseido.mhlw.go.jp/znk-web/juminkanja/S2430/initialize?prefCd=22&kikanCd=3227000710&kikanKbn=3", "url2": null, "内容": "足立歯科医院【3:歯科】静岡県浜松市浜名区引佐町金指１２７６ー２" }, "geometry": { "type": "Point", "coordinates": [ 137.680476, 34.819862 ] } },
{ "type": "Feature", "properties": { "ID": 2233227000970, "正式名称": "鈴木歯科医院", "機関区分": 3, "都道府県コード": 22, "市区町村コード": 139, "所在地": "静岡県浜松市浜名区三ヶ日町三ヶ日７７４－１", "緯度": 34.806417, "経度": 137.551404, "url": "https://www.iryou.teikyouseido.mhlw.go.jp/znk-web/juminkanja/S2430/initialize?prefCd=22&kikanCd=3227000970&kikanKbn=3", "url2": "suzukidental1936.com", "内容": "鈴木歯科医院【3:歯科】静岡県浜松市浜名区三ヶ日町三ヶ日７７４－１" }, "geometry": { "type": "Point", "coordinates": [ 137.551404, 34.806417 ] } },
{ "type": "Feature", "properties": { "ID": 2233227001140, "正式名称": "村上歯科医院", "機関区分": 3, "都道府県コード": 22, "市区町村コード": 139, "所在地": "静岡県浜松市浜名区三ヶ日町都筑１６９１", "緯度": 34.794363, "経度": 137.577402, "url": "https://www.iryou.teikyouseido.mhlw.go.jp/znk-web/juminkanja/S2430/initialize?prefCd=22&kikanCd=3227001140&kikanKbn=3", "url2": null, "内容": "村上歯科医院【3:歯科】静岡県浜松市浜名区三ヶ日町都筑１６９１" }, "geometry": { "type": "Point", "coordinates": [ 137.577402, 34.794363 ] } },
{ "type": "Feature", "properties": { "ID": 2233227001300, "正式名称": "医療法人社団和睦会手嶋歯科医院細江歯科診療所", "機関区分": 3, "都道府県コード": 22, "市区町村コード": 139, "所在地": "静岡県浜松市浜名区細江町中川７１７２－８６", "緯度": 34.792643, "経度": 137.676644, "url": "https://www.iryou.teikyouseido.mhlw.go.jp/znk-web/juminkanja/S2430/initialize?prefCd=22&kikanCd=3227001300&kikanKbn=3", "url2": null, "内容": "医療法人社団和睦会手嶋歯科医院細江歯科診療所【3:歯科】静岡県浜松市浜名区細江町中川７１７２－８６" }, "geometry": { "type": "Point", "coordinates": [ 137.676644, 34.792643 ] } },
{ "type": "Feature", "properties": { "ID": 2233227001430, "正式名称": "太田歯科医院", "機関区分": 3, "都道府県コード": 22, "市区町村コード": 139, "所在地": "静岡県浜松市浜名区三ヶ日町三ヶ日７４５", "緯度": 34.804417, "経度": 137.551932, "url": "https://www.iryou.teikyouseido.mhlw.go.jp/znk-web/juminkanja/S2430/initialize?prefCd=22&kikanCd=3227001430&kikanKbn=3", "url2": "http://ota-shikaiin.jp", "内容": "太田歯科医院【3:歯科】静岡県浜松市浜名区三ヶ日町三ヶ日７４５" }, "geometry": { "type": "Point", "coordinates": [ 137.551932, 34.804417 ] } },
{ "type": "Feature", "properties": { "ID": 2233227001690, "正式名称": "スズキ歯科診療所", "機関区分": 3, "都道府県コード": 22, "市区町村コード": 139, "所在地": "静岡県浜松市浜名区細江町中川１９８１", "緯度": 34.814724, "経度": 137.684476, "url": "https://www.iryou.teikyouseido.mhlw.go.jp/znk-web/juminkanja/S2430/initialize?prefCd=22&kikanCd=3227001690&kikanKbn=3", "url2": null, "内容": "スズキ歯科診療所【3:歯科】静岡県浜松市浜名区細江町中川１９８１" }, "geometry": { "type": "Point", "coordinates": [ 137.684476, 34.814724 ] } },
{ "type": "Feature", "properties": { "ID": 2233227001720, "正式名称": "太田歯科医院", "機関区分": 3, "都道府県コード": 22, "市区町村コード": 139, "所在地": "静岡県浜松市浜名区細江町中川５４１０ー２", "緯度": 34.802841, "経度": 137.660742, "url": "https://www.iryou.teikyouseido.mhlw.go.jp/znk-web/juminkanja/S2430/initialize?prefCd=22&kikanCd=3227001720&kikanKbn=3", "url2": null, "内容": "太田歯科医院【3:歯科】静岡県浜松市浜名区細江町中川５４１０ー２" }, "geometry": { "type": "Point", "coordinates": [ 137.660742, 34.802841 ] } },
{ "type": "Feature", "properties": { "ID": 2233227001980, "正式名称": "長野歯科医院", "機関区分": 3, "都道府県コード": 22, "市区町村コード": 139, "所在地": "静岡県浜松市浜名区引佐町金指１５３８－７", "緯度": 34.817196, "経度": 137.675921, "url": "https://www.iryou.teikyouseido.mhlw.go.jp/znk-web/juminkanja/S2430/initialize?prefCd=22&kikanCd=3227001980&kikanKbn=3", "url2": null, "内容": "長野歯科医院【3:歯科】静岡県浜松市浜名区引佐町金指１５３８－７" }, "geometry": { "type": "Point", "coordinates": [ 137.675921, 34.817196 ] } },
{ "type": "Feature", "properties": { "ID": 2233227134370, "正式名称": "椎貝歯科クリニック", "機関区分": 3, "都道府県コード": 22, "市区町村コード": 225, "所在地": "静岡県伊豆の国市小坂４６８－１", "緯度": 35.020946, "経度": 138.93514, "url": "https://www.iryou.teikyouseido.mhlw.go.jp/znk-web/juminkanja/S2430/initialize?prefCd=22&kikanCd=3227134370&kikanKbn=3", "url2": null, "内容": "椎貝歯科クリニック【3:歯科】静岡県伊豆の国市小坂４６８－１" }, "geometry": { "type": "Point", "coordinates": [ 138.93514, 35.020946 ] } },
{ "type": "Feature", "properties": { "ID": 2233227134400, "正式名称": "庵原町中歯科医院", "機関区分": 3, "都道府県コード": 22, "市区町村コード": 203, "所在地": "静岡県沼津市原町中１－３－１０", "緯度": 35.130515, "経度": 138.795813, "url": "https://www.iryou.teikyouseido.mhlw.go.jp/znk-web/juminkanja/S2430/initialize?prefCd=22&kikanCd=3227134400&kikanKbn=3", "url2": "http://www.ihara-dental.com/", "内容": "庵原町中歯科医院【3:歯科】静岡県沼津市原町中１－３－１０" }, "geometry": { "type": "Point", "coordinates": [ 138.795813, 35.130515 ] } },
{ "type": "Feature", "properties": { "ID": 2233227134530, "正式名称": "さきかわ歯科医院", "機関区分": 3, "都道府県コード": 22, "市区町村コード": 341, "所在地": "静岡県駿東郡清水町伏見６４９－７", "緯度": 35.113936, "経度": 138.900166, "url": "https://www.iryou.teikyouseido.mhlw.go.jp/znk-web/juminkanja/S2430/initialize?prefCd=22&kikanCd=3227134530&kikanKbn=3", "url2": null, "内容": "さきかわ歯科医院【3:歯科】静岡県駿東郡清水町伏見６４９－７" }, "geometry": { "type": "Point", "coordinates": [ 138.900166, 35.113936 ] } },
{ "type": "Feature", "properties": { "ID": 2233227134660, "正式名称": "なかじま歯科医院", "機関区分": 3, "都道府県コード": 22, "市区町村コード": 220, "所在地": "静岡県裾野市伊豆島田８１９－４　ルインズワタナベ１Ｆ", "緯度": 35.151682, "経度": 138.904081, "url": "https://www.iryou.teikyouseido.mhlw.go.jp/znk-web/juminkanja/S2430/initialize?prefCd=22&kikanCd=3227134660&kikanKbn=3", "url2": null, "内容": "なかじま歯科医院【3:歯科】静岡県裾野市伊豆島田８１９－４　ルインズワタナベ１Ｆ" }, "geometry": { "type": "Point", "coordinates": [ 138.904081, 35.151682 ] } },
{ "type": "Feature", "properties": { "ID": 2233227134820, "正式名称": "シラカベ歯科医院", "機関区分": 3, "都道府県コード": 22, "市区町村コード": 203, "所在地": "静岡県沼津市本字下一丁田８８９－７", "緯度": 35.093548, "経度": 138.852394, "url": "https://www.iryou.teikyouseido.mhlw.go.jp/znk-web/juminkanja/S2430/initialize?prefCd=22&kikanCd=3227134820&kikanKbn=3", "url2": "https://shirakabeshika.com/sp/", "内容": "シラカベ歯科医院【3:歯科】静岡県沼津市本字下一丁田８８９－７" }, "geometry": { "type": "Point", "coordinates": [ 138.852394, 35.093548 ] } },
{ "type": "Feature", "properties": { "ID": 2233227135090, "正式名称": "瀬川歯科医院", "機関区分": 3, "都道府県コード": 22, "市区町村コード": 342, "所在地": "静岡県駿東郡長泉町桜堤２－４－５", "緯度": 35.142794, "経度": 138.907498, "url": "https://www.iryou.teikyouseido.mhlw.go.jp/znk-web/juminkanja/S2430/initialize?prefCd=22&kikanCd=3227135090&kikanKbn=3", "url2": null, "内容": "瀬川歯科医院【3:歯科】静岡県駿東郡長泉町桜堤２－４－５" }, "geometry": { "type": "Point", "coordinates": [ 138.907498, 35.142794 ] } },
{ "type": "Feature", "properties": { "ID": 2233227135120, "正式名称": "池田歯科医院", "機関区分": 3, "都道府県コード": 22, "市区町村コード": 203, "所在地": "静岡県沼津市北高島町１３－３０", "緯度": 35.112491, "経度": 138.856809, "url": "https://www.iryou.teikyouseido.mhlw.go.jp/znk-web/juminkanja/S2430/initialize?prefCd=22&kikanCd=3227135120&kikanKbn=3", "url2": "http://www.ikeshika.com", "内容": "池田歯科医院【3:歯科】静岡県沼津市北高島町１３－３０" }, "geometry": { "type": "Point", "coordinates": [ 138.856809, 35.112491 ] } },
{ "type": "Feature", "properties": { "ID": 2233227135250, "正式名称": "吉村歯科医院", "機関区分": 3, "都道府県コード": 22, "市区町村コード": 206, "所在地": "静岡県三島市北田町３－５５", "緯度": 35.116923, "経度": 138.918265, "url": "https://www.iryou.teikyouseido.mhlw.go.jp/znk-web/juminkanja/S2430/initialize?prefCd=22&kikanCd=3227135250&kikanKbn=3", "url2": "https://www.yoshimuradental.jp/", "内容": "吉村歯科医院【3:歯科】静岡県三島市北田町３－５５" }, "geometry": { "type": "Point", "coordinates": [ 138.918265, 35.116923 ] } },
{ "type": "Feature", "properties": { "ID": 2233227135380, "正式名称": "とくら歯科クリニック", "機関区分": 3, "都道府県コード": 22, "市区町村コード": 341, "所在地": "静岡県駿東郡清水町徳倉１１４０－１", "緯度": 35.082856, "経度": 138.894946, "url": "https://www.iryou.teikyouseido.mhlw.go.jp/znk-web/juminkanja/S2430/initialize?prefCd=22&kikanCd=3227135380&kikanKbn=3", "url2": "https://www.tokura-sika.com/", "内容": "とくら歯科クリニック【3:歯科】静岡県駿東郡清水町徳倉１１４０－１" }, "geometry": { "type": "Point", "coordinates": [ 138.894946, 35.082856 ] } },
{ "type": "Feature", "properties": { "ID": 2233227135410, "正式名称": "高木歯科医院", "機関区分": 3, "都道府県コード": 22, "市区町村コード": 206, "所在地": "静岡県三島市長伏１２８－４", "緯度": 35.086189, "経度": 138.91675, "url": "https://www.iryou.teikyouseido.mhlw.go.jp/znk-web/juminkanja/S2430/initialize?prefCd=22&kikanCd=3227135410&kikanKbn=3", "url2": "http://www.takagi8880.com/", "内容": "高木歯科医院【3:歯科】静岡県三島市長伏１２８－４" }, "geometry": { "type": "Point", "coordinates": [ 138.91675, 35.086189 ] } },
{ "type": "Feature", "properties": { "ID": 2233227135540, "正式名称": "うさぎ歯科医院", "機関区分": 3, "都道府県コード": 22, "市区町村コード": 220, "所在地": "静岡県裾野市葛山７６７－２", "緯度": 35.205065, "経度": 138.901829, "url": "https://www.iryou.teikyouseido.mhlw.go.jp/znk-web/juminkanja/S2430/initialize?prefCd=22&kikanCd=3227135540&kikanKbn=3", "url2": null, "内容": "うさぎ歯科医院【3:歯科】静岡県裾野市葛山７６７－２" }, "geometry": { "type": "Point", "coordinates": [ 138.901829, 35.205065 ] } },
{ "type": "Feature", "properties": { "ID": 2233227135960, "正式名称": "田村歯科医院", "機関区分": 3, "都道府県コード": 22, "市区町村コード": 206, "所在地": "静岡県三島市徳倉一丁目１２－３１", "緯度": 35.140683, "経度": 138.914775, "url": "https://www.iryou.teikyouseido.mhlw.go.jp/znk-web/juminkanja/S2430/initialize?prefCd=22&kikanCd=3227135960&kikanKbn=3", "url2": null, "内容": "田村歯科医院【3:歯科】静岡県三島市徳倉一丁目１２－３１" }, "geometry": { "type": "Point", "coordinates": [ 138.914775, 35.140683 ] } },
{ "type": "Feature", "properties": { "ID": 2233227136000, "正式名称": "もちづき歯科医院", "機関区分": 3, "都道府県コード": 22, "市区町村コード": 203, "所在地": "静岡県沼津市大塚８７１－５", "緯度": 35.125822, "経度": 138.80859, "url": "https://www.iryou.teikyouseido.mhlw.go.jp/znk-web/juminkanja/S2430/initialize?prefCd=22&kikanCd=3227136000&kikanKbn=3", "url2": "http://mochizukishika.com", "内容": "もちづき歯科医院【3:歯科】静岡県沼津市大塚８７１－５" }, "geometry": { "type": "Point", "coordinates": [ 138.80859, 35.125822 ] } },
{ "type": "Feature", "properties": { "ID": 2233227136130, "正式名称": "矢田歯科医院", "機関区分": 3, "都道府県コード": 22, "市区町村コード": 203, "所在地": "静岡県沼津市御幸町１０－２７", "緯度": 35.096215, "経度": 138.867226, "url": "https://www.iryou.teikyouseido.mhlw.go.jp/znk-web/juminkanja/S2430/initialize?prefCd=22&kikanCd=3227136130&kikanKbn=3", "url2": "http://yatashika.jp", "内容": "矢田歯科医院【3:歯科】静岡県沼津市御幸町１０－２７" }, "geometry": { "type": "Point", "coordinates": [ 138.867226, 35.096215 ] } },
{ "type": "Feature", "properties": { "ID": 2233227136260, "正式名称": "西島歯科クリニック", "機関区分": 3, "都道府県コード": 22, "市区町村コード": 225, "所在地": "静岡県伊豆の国市御門字横田５２－２", "緯度": 35.016391, "経度": 138.944834, "url": "https://www.iryou.teikyouseido.mhlw.go.jp/znk-web/juminkanja/S2430/initialize?prefCd=22&kikanCd=3227136260&kikanKbn=3", "url2": null, "内容": "西島歯科クリニック【3:歯科】静岡県伊豆の国市御門字横田５２－２" }, "geometry": { "type": "Point", "coordinates": [ 138.944834, 35.016391 ] } },
{ "type": "Feature", "properties": { "ID": 2233227136390, "正式名称": "ドリーム歯科", "機関区分": 3, "都道府県コード": 22, "市区町村コード": 341, "所在地": "静岡県駿東郡清水町伏見５９４－３", "緯度": 35.114186, "経度": 138.898555, "url": "https://www.iryou.teikyouseido.mhlw.go.jp/znk-web/juminkanja/S2430/initialize?prefCd=22&kikanCd=3227136390&kikanKbn=3", "url2": "http://www.1-abc.com/", "内容": "ドリーム歯科【3:歯科】静岡県駿東郡清水町伏見５９４－３" }, "geometry": { "type": "Point", "coordinates": [ 138.898555, 35.114186 ] } },
{ "type": "Feature", "properties": { "ID": 2233227136550, "正式名称": "モリタデンタルクリニック", "機関区分": 3, "都道府県コード": 22, "市区町村コード": 222, "所在地": "静岡県伊豆市八幡２５６－２", "緯度": 34.951122, "経度": 138.994722, "url": "https://www.iryou.teikyouseido.mhlw.go.jp/znk-web/juminkanja/S2430/initialize?prefCd=22&kikanCd=3227136550&kikanKbn=3", "url2": null, "内容": "モリタデンタルクリニック【3:歯科】静岡県伊豆市八幡２５６－２" }, "geometry": { "type": "Point", "coordinates": [ 138.994722, 34.951122 ] } },
{ "type": "Feature", "properties": { "ID": 2233227136710, "正式名称": "わたなべ歯科", "機関区分": 3, "都道府県コード": 22, "市区町村コード": 206, "所在地": "静岡県三島市梅名１１１－１", "緯度": 35.09541, "経度": 138.928887, "url": "https://www.iryou.teikyouseido.mhlw.go.jp/znk-web/juminkanja/S2430/initialize?prefCd=22&kikanCd=3227136710&kikanKbn=3", "url2": "https://www.watanabeshika-mishima.com", "内容": "わたなべ歯科【3:歯科】静岡県三島市梅名１１１－１" }, "geometry": { "type": "Point", "coordinates": [ 138.928887, 35.09541 ] } },
{ "type": "Feature", "properties": { "ID": 2233227136970, "正式名称": "ヤマダデンタルオフィス", "機関区分": 3, "都道府県コード": 22, "市区町村コード": 203, "所在地": "静岡県沼津市大手町１－１－３　沼津産業ビル９Ｆ", "緯度": 35.10227, "経度": 138.860698, "url": "https://www.iryou.teikyouseido.mhlw.go.jp/znk-web/juminkanja/S2430/initialize?prefCd=22&kikanCd=3227136970&kikanKbn=3", "url2": null, "内容": "ヤマダデンタルオフィス【3:歯科】静岡県沼津市大手町１－１－３　沼津産業ビル９Ｆ" }, "geometry": { "type": "Point", "coordinates": [ 138.860698, 35.10227 ] } },
{ "type": "Feature", "properties": { "ID": 2233227137010, "正式名称": "医）真歯研　塚本歯科クリニック", "機関区分": 3, "都道府県コード": 22, "市区町村コード": 203, "所在地": "静岡県沼津市下香貫前原１４９９－１", "緯度": 35.077217, "経度": 138.871726, "url": "https://www.iryou.teikyouseido.mhlw.go.jp/znk-web/juminkanja/S2430/initialize?prefCd=22&kikanCd=3227137010&kikanKbn=3", "url2": "http://www.tdc8020.com", "内容": "医）真歯研　塚本歯科クリニック【3:歯科】静岡県沼津市下香貫前原１４９９－１" }, "geometry": { "type": "Point", "coordinates": [ 138.871726, 35.077217 ] } },
{ "type": "Feature", "properties": { "ID": 2233227137300, "正式名称": "ナガオカデンタルクリニック", "機関区分": 3, "都道府県コード": 22, "市区町村コード": 225, "所在地": "静岡県伊豆の国市長岡１３２２－９", "緯度": 35.029223, "経度": 138.934529, "url": "https://www.iryou.teikyouseido.mhlw.go.jp/znk-web/juminkanja/S2430/initialize?prefCd=22&kikanCd=3227137300&kikanKbn=3", "url2": "http://www.izu418.com", "内容": "ナガオカデンタルクリニック【3:歯科】静岡県伊豆の国市長岡１３２２－９" }, "geometry": { "type": "Point", "coordinates": [ 138.934529, 35.029223 ] } },
{ "type": "Feature", "properties": { "ID": 2233227137430, "正式名称": "さくらい歯科医院", "機関区分": 3, "都道府県コード": 22, "市区町村コード": 325, "所在地": "静岡県田方郡函南町肥田６０", "緯度": 35.06833, "経度": 138.941248, "url": "https://www.iryou.teikyouseido.mhlw.go.jp/znk-web/juminkanja/S2430/initialize?prefCd=22&kikanCd=3227137430&kikanKbn=3", "url2": "http://www.sakurai-shika.net/index.html", "内容": "さくらい歯科医院【3:歯科】静岡県田方郡函南町肥田６０" }, "geometry": { "type": "Point", "coordinates": [ 138.941248, 35.06833 ] } },
{ "type": "Feature", "properties": { "ID": 2233227137560, "正式名称": "渡辺歯科クリニック", "機関区分": 3, "都道府県コード": 22, "市区町村コード": 206, "所在地": "静岡県三島市萩１８８", "緯度": 35.148071, "経度": 138.908247, "url": "https://www.iryou.teikyouseido.mhlw.go.jp/znk-web/juminkanja/S2430/initialize?prefCd=22&kikanCd=3227137560&kikanKbn=3", "url2": null, "内容": "渡辺歯科クリニック【3:歯科】静岡県三島市萩１８８" }, "geometry": { "type": "Point", "coordinates": [ 138.908247, 35.148071 ] } },
{ "type": "Feature", "properties": { "ID": 2233227137690, "正式名称": "あおぞら歯科クリニック", "機関区分": 3, "都道府県コード": 22, "市区町村コード": 225, "所在地": "静岡県伊豆の国市南條１９６－１　高野コーポ　２Ｆ　２Ｂ", "緯度": 35.037667, "経度": 138.947194, "url": "https://www.iryou.teikyouseido.mhlw.go.jp/znk-web/juminkanja/S2430/initialize?prefCd=22&kikanCd=3227137690&kikanKbn=3", "url2": "http://www.aozora-clinic.net/", "内容": "あおぞら歯科クリニック【3:歯科】静岡県伊豆の国市南條１９６－１　高野コーポ　２Ｆ　２Ｂ" }, "geometry": { "type": "Point", "coordinates": [ 138.947194, 35.037667 ] } },
{ "type": "Feature", "properties": { "ID": 2233227137720, "正式名称": "山口歯科クリニック", "機関区分": 3, "都道府県コード": 22, "市区町村コード": 225, "所在地": "静岡県伊豆の国市原木字上町１２３－１０", "緯度": 35.060775, "経度": 138.940638, "url": "https://www.iryou.teikyouseido.mhlw.go.jp/znk-web/juminkanja/S2430/initialize?prefCd=22&kikanCd=3227137720&kikanKbn=3", "url2": null, "内容": "山口歯科クリニック【3:歯科】静岡県伊豆の国市原木字上町１２３－１０" }, "geometry": { "type": "Point", "coordinates": [ 138.940638, 35.060775 ] } },
{ "type": "Feature", "properties": { "ID": 2233227137850, "正式名称": "桜井歯科医院", "機関区分": 3, "都道府県コード": 22, "市区町村コード": 203, "所在地": "静岡県沼津市沼北町１－５－１７", "緯度": 35.113768, "経度": 138.854004, "url": "https://www.iryou.teikyouseido.mhlw.go.jp/znk-web/juminkanja/S2430/initialize?prefCd=22&kikanCd=3227137850&kikanKbn=3", "url2": null, "内容": "桜井歯科医院【3:歯科】静岡県沼津市沼北町１－５－１７" }, "geometry": { "type": "Point", "coordinates": [ 138.854004, 35.113768 ] } },
{ "type": "Feature", "properties": { "ID": 2233227137980, "正式名称": "ライオン歯科", "機関区分": 3, "都道府県コード": 22, "市区町村コード": 203, "所在地": "静岡県沼津市共栄町２０－６", "緯度": 35.119657, "経度": 138.871696, "url": "https://www.iryou.teikyouseido.mhlw.go.jp/znk-web/juminkanja/S2430/initialize?prefCd=22&kikanCd=3227137980&kikanKbn=3", "url2": "http://www.1-abc.com/", "内容": "ライオン歯科【3:歯科】静岡県沼津市共栄町２０－６" }, "geometry": { "type": "Point", "coordinates": [ 138.871696, 35.119657 ] } },
{ "type": "Feature", "properties": { "ID": 2233227138020, "正式名称": "鎌田歯科医院", "機関区分": 3, "都道府県コード": 22, "市区町村コード": 203, "所在地": "静岡県沼津市御幸町２４－４６", "緯度": 35.093021, "経度": 138.864476, "url": "https://www.iryou.teikyouseido.mhlw.go.jp/znk-web/juminkanja/S2430/initialize?prefCd=22&kikanCd=3227138020&kikanKbn=3", "url2": null, "内容": "鎌田歯科医院【3:歯科】静岡県沼津市御幸町２４－４６" }, "geometry": { "type": "Point", "coordinates": [ 138.864476, 35.093021 ] } },
{ "type": "Feature", "properties": { "ID": 2233227138280, "正式名称": "杉山歯科医院", "機関区分": 3, "都道府県コード": 22, "市区町村コード": 206, "所在地": "静岡県三島市八反畑１３２－７", "緯度": 35.099299, "経度": 138.921193, "url": "https://www.iryou.teikyouseido.mhlw.go.jp/znk-web/juminkanja/S2430/initialize?prefCd=22&kikanCd=3227138280&kikanKbn=3", "url2": "https://www.sugiyama-dental-office.com", "内容": "杉山歯科医院【3:歯科】静岡県三島市八反畑１３２－７" }, "geometry": { "type": "Point", "coordinates": [ 138.921193, 35.099299 ] } },
{ "type": "Feature", "properties": { "ID": 2233227138310, "正式名称": "みちこデンタルクリニック", "機関区分": 3, "都道府県コード": 22, "市区町村コード": 206, "所在地": "静岡県三島市一番町２－１８", "緯度": 35.124213, "経度": 138.914915, "url": "https://www.iryou.teikyouseido.mhlw.go.jp/znk-web/juminkanja/S2430/initialize?prefCd=22&kikanCd=3227138310&kikanKbn=3", "url2": "michikodental.com", "内容": "みちこデンタルクリニック【3:歯科】静岡県三島市一番町２－１８" }, "geometry": { "type": "Point", "coordinates": [ 138.914915, 35.124213 ] } },
{ "type": "Feature", "properties": { "ID": 2233227138440, "正式名称": "山本矯正歯科", "機関区分": 3, "都道府県コード": 22, "市区町村コード": 203, "所在地": "静岡県沼津市上土町４３－２", "緯度": 35.096937, "経度": 138.857893, "url": "https://www.iryou.teikyouseido.mhlw.go.jp/znk-web/juminkanja/S2430/initialize?prefCd=22&kikanCd=3227138440&kikanKbn=3", "url2": null, "内容": "山本矯正歯科【3:歯科】静岡県沼津市上土町４３－２" }, "geometry": { "type": "Point", "coordinates": [ 138.857893, 35.096937 ] } },
{ "type": "Feature", "properties": { "ID": 2233227138570, "正式名称": "つちや歯科医院", "機関区分": 3, "都道府県コード": 22, "市区町村コード": 222, "所在地": "静岡県伊豆市湯ケ島２０８－１", "緯度": 34.89396, "経度": 138.929785, "url": "https://www.iryou.teikyouseido.mhlw.go.jp/znk-web/juminkanja/S2430/initialize?prefCd=22&kikanCd=3227138570&kikanKbn=3", "url2": "http://www.dental-tsuchiya.jp", "内容": "つちや歯科医院【3:歯科】静岡県伊豆市湯ケ島２０８－１" }, "geometry": { "type": "Point", "coordinates": [ 138.929785, 34.89396 ] } },
{ "type": "Feature", "properties": { "ID": 2233227138600, "正式名称": "すんとう歯科クリニック", "機関区分": 3, "都道府県コード": 22, "市区町村コード": 203, "所在地": "静岡県沼津市大平１３８－１", "緯度": 35.078329, "経度": 138.906334, "url": "https://www.iryou.teikyouseido.mhlw.go.jp/znk-web/juminkanja/S2430/initialize?prefCd=22&kikanCd=3227138600&kikanKbn=3", "url2": null, "内容": "すんとう歯科クリニック【3:歯科】静岡県沼津市大平１３８－１" }, "geometry": { "type": "Point", "coordinates": [ 138.906334, 35.078329 ] } },
{ "type": "Feature", "properties": { "ID": 2233227138990, "正式名称": "渡邊歯科医院", "機関区分": 3, "都道府県コード": 22, "市区町村コード": 225, "所在地": "静岡県伊豆の国市四日町３９－１", "緯度": 35.051224, "経度": 138.946699, "url": "https://www.iryou.teikyouseido.mhlw.go.jp/znk-web/juminkanja/S2430/initialize?prefCd=22&kikanCd=3227138990&kikanKbn=3", "url2": null, "内容": "渡邊歯科医院【3:歯科】静岡県伊豆の国市四日町３９－１" }, "geometry": { "type": "Point", "coordinates": [ 138.946699, 35.051224 ] } },
{ "type": "Feature", "properties": { "ID": 2233227139030, "正式名称": "白鳥歯科", "機関区分": 3, "都道府県コード": 22, "市区町村コード": 341, "所在地": "静岡県駿東郡清水町堂庭１９５－７", "緯度": 35.099604, "経度": 138.907055, "url": "https://www.iryou.teikyouseido.mhlw.go.jp/znk-web/juminkanja/S2430/initialize?prefCd=22&kikanCd=3227139030&kikanKbn=3", "url2": "http://sdic.jp", "内容": "白鳥歯科【3:歯科】静岡県駿東郡清水町堂庭１９５－７" }, "geometry": { "type": "Point", "coordinates": [ 138.907055, 35.099604 ] } },
{ "type": "Feature", "properties": { "ID": 2233227139160, "正式名称": "ながさわ原町歯科医院", "機関区分": 3, "都道府県コード": 22, "市区町村コード": 203, "所在地": "静岡県沼津市原１７６４番地の１", "緯度": 35.132099, "経度": 138.804451, "url": "https://www.iryou.teikyouseido.mhlw.go.jp/znk-web/juminkanja/S2430/initialize?prefCd=22&kikanCd=3227139160&kikanKbn=3", "url2": null, "内容": "ながさわ原町歯科医院【3:歯科】静岡県沼津市原１７６４番地の１" }, "geometry": { "type": "Point", "coordinates": [ 138.804451, 35.132099 ] } },
{ "type": "Feature", "properties": { "ID": 2233227139320, "正式名称": "エクセル歯科", "機関区分": 3, "都道府県コード": 22, "市区町村コード": 203, "所在地": "静岡県沼津市原町中２－１３－２６", "緯度": 35.128627, "経度": 138.800257, "url": "https://www.iryou.teikyouseido.mhlw.go.jp/znk-web/juminkanja/S2430/initialize?prefCd=22&kikanCd=3227139320&kikanKbn=3", "url2": "http://www.1-abc.com/", "内容": "エクセル歯科【3:歯科】静岡県沼津市原町中２－１３－２６" }, "geometry": { "type": "Point", "coordinates": [ 138.800257, 35.128627 ] } },
{ "type": "Feature", "properties": { "ID": 2233227139580, "正式名称": "すぎやま歯科クリニック", "機関区分": 3, "都道府県コード": 22, "市区町村コード": 206, "所在地": "静岡県三島市大場５７５－１", "緯度": 35.095077, "経度": 138.947386, "url": "https://www.iryou.teikyouseido.mhlw.go.jp/znk-web/juminkanja/S2430/initialize?prefCd=22&kikanCd=3227139580&kikanKbn=3", "url2": null, "内容": "すぎやま歯科クリニック【3:歯科】静岡県三島市大場５７５－１" }, "geometry": { "type": "Point", "coordinates": [ 138.947386, 35.095077 ] } },
{ "type": "Feature", "properties": { "ID": 2233227139610, "正式名称": "池原歯科医院", "機関区分": 3, "都道府県コード": 22, "市区町村コード": 222, "所在地": "静岡県伊豆市城５７－６", "緯度": 34.959815, "経度": 138.996638, "url": "https://www.iryou.teikyouseido.mhlw.go.jp/znk-web/juminkanja/S2430/initialize?prefCd=22&kikanCd=3227139610&kikanKbn=3", "url2": null, "内容": "池原歯科医院【3:歯科】静岡県伊豆市城５７－６" }, "geometry": { "type": "Point", "coordinates": [ 138.996638, 34.959815 ] } },
{ "type": "Feature", "properties": { "ID": 2233227139870, "正式名称": "杉本秀歯科医院", "機関区分": 3, "都道府県コード": 22, "市区町村コード": 325, "所在地": "静岡県田方郡函南町仁田３４－２８", "緯度": 35.0903, "経度": 138.942608, "url": "https://www.iryou.teikyouseido.mhlw.go.jp/znk-web/juminkanja/S2430/initialize?prefCd=22&kikanCd=3227139870&kikanKbn=3", "url2": null, "内容": "杉本秀歯科医院【3:歯科】静岡県田方郡函南町仁田３４－２８" }, "geometry": { "type": "Point", "coordinates": [ 138.942608, 35.0903 ] } },
{ "type": "Feature", "properties": { "ID": 2233227140430, "正式名称": "池田歯科医院", "機関区分": 3, "都道府県コード": 22, "市区町村コード": 225, "所在地": "静岡県伊豆の国市長岡１３８－５", "緯度": 35.03375, "経度": 138.930168, "url": "https://www.iryou.teikyouseido.mhlw.go.jp/znk-web/juminkanja/S2430/initialize?prefCd=22&kikanCd=3227140430&kikanKbn=3", "url2": null, "内容": "池田歯科医院【3:歯科】静岡県伊豆の国市長岡１３８－５" }, "geometry": { "type": "Point", "coordinates": [ 138.930168, 35.03375 ] } },
{ "type": "Feature", "properties": { "ID": 2233227140560, "正式名称": "ひろせ歯科クリニック", "機関区分": 3, "都道府県コード": 22, "市区町村コード": 203, "所在地": "静岡県沼津市根古屋２０３－２", "緯度": 35.138459, "経度": 138.80184, "url": "https://www.iryou.teikyouseido.mhlw.go.jp/znk-web/juminkanja/S2430/initialize?prefCd=22&kikanCd=3227140560&kikanKbn=3", "url2": null, "内容": "ひろせ歯科クリニック【3:歯科】静岡県沼津市根古屋２０３－２" }, "geometry": { "type": "Point", "coordinates": [ 138.80184, 35.138459 ] } },
{ "type": "Feature", "properties": { "ID": 2233227140720, "正式名称": "れいこ歯科", "機関区分": 3, "都道府県コード": 22, "市区町村コード": 203, "所在地": "静岡県沼津市高沢町９－１９", "緯度": 35.105936, "経度": 138.855337, "url": "https://www.iryou.teikyouseido.mhlw.go.jp/znk-web/juminkanja/S2430/initialize?prefCd=22&kikanCd=3227140720&kikanKbn=3", "url2": "www.reiko-dc.jp", "内容": "れいこ歯科【3:歯科】静岡県沼津市高沢町９－１９" }, "geometry": { "type": "Point", "coordinates": [ 138.855337, 35.105936 ] } },
{ "type": "Feature", "properties": { "ID": 2233227140850, "正式名称": "ベルの木歯科", "機関区分": 3, "都道府県コード": 22, "市区町村コード": 220, "所在地": "静岡県裾野市深良７７７－７", "緯度": 35.200232, "経度": 138.914772, "url": "https://www.iryou.teikyouseido.mhlw.go.jp/znk-web/juminkanja/S2430/initialize?prefCd=22&kikanCd=3227140850&kikanKbn=3", "url2": "httl://berunoki-dental.main.jp", "内容": "ベルの木歯科【3:歯科】静岡県裾野市深良７７７－７" }, "geometry": { "type": "Point", "coordinates": [ 138.914772, 35.200232 ] } },
{ "type": "Feature", "properties": { "ID": 2233227141020, "正式名称": "ビタミンＢ歯科", "機関区分": 3, "都道府県コード": 22, "市区町村コード": 225, "所在地": "静岡県伊豆の国市南條２１４－１", "緯度": 35.036917, "経度": 138.947444, "url": "https://www.iryou.teikyouseido.mhlw.go.jp/znk-web/juminkanja/S2430/initialize?prefCd=22&kikanCd=3227141020&kikanKbn=3", "url2": "http://www.1-abc.com/", "内容": "ビタミンＢ歯科【3:歯科】静岡県伊豆の国市南條２１４－１" }, "geometry": { "type": "Point", "coordinates": [ 138.947444, 35.036917 ] } },
{ "type": "Feature", "properties": { "ID": 2233227141280, "正式名称": "わたなべ歯科クリニック", "機関区分": 3, "都道府県コード": 22, "市区町村コード": 203, "所在地": "静岡県沼津市松長７８０－１", "緯度": 35.119517, "経度": 138.825395, "url": "https://www.iryou.teikyouseido.mhlw.go.jp/znk-web/juminkanja/S2430/initialize?prefCd=22&kikanCd=3227141280&kikanKbn=3", "url2": "https://www.watanabe-dental-cl.com", "内容": "わたなべ歯科クリニック【3:歯科】静岡県沼津市松長７８０－１" }, "geometry": { "type": "Point", "coordinates": [ 138.825395, 35.119517 ] } },
{ "type": "Feature", "properties": { "ID": 2233227141730, "正式名称": "医療法人社団高志会あさい歯科クリニック", "機関区分": 3, "都道府県コード": 22, "市区町村コード": 203, "所在地": "静岡県沼津市錦町６４８－１８", "緯度": 35.102186, "経度": 138.851393, "url": "https://www.iryou.teikyouseido.mhlw.go.jp/znk-web/juminkanja/S2430/initialize?prefCd=22&kikanCd=3227141730&kikanKbn=3", "url2": "https://asai-dc.net/", "内容": "医療法人社団高志会あさい歯科クリニック【3:歯科】静岡県沼津市錦町６４８－１８" }, "geometry": { "type": "Point", "coordinates": [ 138.851393, 35.102186 ] } },
{ "type": "Feature", "properties": { "ID": 2233227142030, "正式名称": "パートナー歯科", "機関区分": 3, "都道府県コード": 22, "市区町村コード": 203, "所在地": "静岡県沼津市大岡１７１９－１　大岡シティプラザ１０１", "緯度": 35.104131, "経度": 138.87303, "url": "https://www.iryou.teikyouseido.mhlw.go.jp/znk-web/juminkanja/S2430/initialize?prefCd=22&kikanCd=3227142030&kikanKbn=3", "url2": "http://www.partner-d.jp", "内容": "パートナー歯科【3:歯科】静岡県沼津市大岡１７１９－１　大岡シティプラザ１０１" }, "geometry": { "type": "Point", "coordinates": [ 138.87303, 35.104131 ] } },
{ "type": "Feature", "properties": { "ID": 2233227142160, "正式名称": "さいとう歯科医院", "機関区分": 3, "都道府県コード": 22, "市区町村コード": 341, "所在地": "静岡県駿東郡清水町徳倉１５８６－３", "緯度": 35.089216, "経度": 138.896973, "url": "https://www.iryou.teikyouseido.mhlw.go.jp/znk-web/juminkanja/S2430/initialize?prefCd=22&kikanCd=3227142160&kikanKbn=3", "url2": "http:/www.saitohshika.jp/", "内容": "さいとう歯科医院【3:歯科】静岡県駿東郡清水町徳倉１５８６－３" }, "geometry": { "type": "Point", "coordinates": [ 138.896973, 35.089216 ] } },
{ "type": "Feature", "properties": { "ID": 2233227142290, "正式名称": "遠藤歯科医院", "機関区分": 3, "都道府県コード": 22, "市区町村コード": 222, "所在地": "静岡県伊豆市小立野５－１９", "緯度": 34.978697, "経度": 138.946368, "url": "https://www.iryou.teikyouseido.mhlw.go.jp/znk-web/juminkanja/S2430/initialize?prefCd=22&kikanCd=3227142290&kikanKbn=3", "url2": null, "内容": "遠藤歯科医院【3:歯科】静岡県伊豆市小立野５－１９" }, "geometry": { "type": "Point", "coordinates": [ 138.946368, 34.978697 ] } },
{ "type": "Feature", "properties": { "ID": 2233227142580, "正式名称": "森島デンタルクリニック", "機関区分": 3, "都道府県コード": 22, "市区町村コード": 341, "所在地": "静岡県駿東郡清水町徳倉４１１－４", "緯度": 35.081717, "経度": 138.897863, "url": "https://www.iryou.teikyouseido.mhlw.go.jp/znk-web/juminkanja/S2430/initialize?prefCd=22&kikanCd=3227142580&kikanKbn=3", "url2": "http://tadp.jp/", "内容": "森島デンタルクリニック【3:歯科】静岡県駿東郡清水町徳倉４１１－４" }, "geometry": { "type": "Point", "coordinates": [ 138.897863, 35.081717 ] } },
{ "type": "Feature", "properties": { "ID": 2233227142740, "正式名称": "みうら歯科医院", "機関区分": 3, "都道府県コード": 22, "市区町村コード": 206, "所在地": "静岡県三島市初音台２５－１", "緯度": 35.126991, "経度": 138.934357, "url": "https://www.iryou.teikyouseido.mhlw.go.jp/znk-web/juminkanja/S2430/initialize?prefCd=22&kikanCd=3227142740&kikanKbn=3", "url2": "www.miuradental.net", "内容": "みうら歯科医院【3:歯科】静岡県三島市初音台２５－１" }, "geometry": { "type": "Point", "coordinates": [ 138.934357, 35.126991 ] } },
{ "type": "Feature", "properties": { "ID": 2233227142870, "正式名称": "ないとう歯科医院", "機関区分": 3, "都道府県コード": 22, "市区町村コード": 206, "所在地": "静岡県三島市徳倉８７６－２６", "緯度": 35.149071, "経度": 138.910497, "url": "https://www.iryou.teikyouseido.mhlw.go.jp/znk-web/juminkanja/S2430/initialize?prefCd=22&kikanCd=3227142870&kikanKbn=3", "url2": "http://www.naitou-dc.com/", "内容": "ないとう歯科医院【3:歯科】静岡県三島市徳倉８７６－２６" }, "geometry": { "type": "Point", "coordinates": [ 138.910497, 35.149071 ] } },
{ "type": "Feature", "properties": { "ID": 2233227142900, "正式名称": "はんがい歯科医院", "機関区分": 3, "都道府県コード": 22, "市区町村コード": 203, "所在地": "静岡県沼津市米山町２－７－１Ｆ", "緯度": 35.105353, "経度": 138.862864, "url": "https://www.iryou.teikyouseido.mhlw.go.jp/znk-web/juminkanja/S2430/initialize?prefCd=22&kikanCd=3227142900&kikanKbn=3", "url2": "http://www.hangaidental.com/", "内容": "はんがい歯科医院【3:歯科】静岡県沼津市米山町２－７－１Ｆ" }, "geometry": { "type": "Point", "coordinates": [ 138.862864, 35.105353 ] } },
{ "type": "Feature", "properties": { "ID": 2233227143040, "正式名称": "石原矯正歯科", "機関区分": 3, "都道府県コード": 22, "市区町村コード": 203, "所在地": "静岡県沼津市米山町２－７　石原ビル２Ｆ", "緯度": 35.105325, "経度": 138.862892, "url": "https://www.iryou.teikyouseido.mhlw.go.jp/znk-web/juminkanja/S2430/initialize?prefCd=22&kikanCd=3227143040&kikanKbn=3", "url2": "https://www.ishihara-ortho.com/", "内容": "石原矯正歯科【3:歯科】静岡県沼津市米山町２－７　石原ビル２Ｆ" }, "geometry": { "type": "Point", "coordinates": [ 138.862892, 35.105325 ] } },
{ "type": "Feature", "properties": { "ID": 2233227143170, "正式名称": "まきの歯科クリニック", "機関区分": 3, "都道府県コード": 22, "市区町村コード": 225, "所在地": "静岡県伊豆の国市田京３８－２", "緯度": 35.00867, "経度": 138.949195, "url": "https://www.iryou.teikyouseido.mhlw.go.jp/znk-web/juminkanja/S2430/initialize?prefCd=22&kikanCd=3227143170&kikanKbn=3", "url2": null, "内容": "まきの歯科クリニック【3:歯科】静岡県伊豆の国市田京３８－２" }, "geometry": { "type": "Point", "coordinates": [ 138.949195, 35.00867 ] } },
{ "type": "Feature", "properties": { "ID": 2233227143330, "正式名称": "デンタルオフィスみなと", "機関区分": 3, "都道府県コード": 22, "市区町村コード": 203, "所在地": "静岡県沼津市本田町５－１７", "緯度": 35.109297, "経度": 138.854393, "url": "https://www.iryou.teikyouseido.mhlw.go.jp/znk-web/juminkanja/S2430/initialize?prefCd=22&kikanCd=3227143330&kikanKbn=3", "url2": "http://dentoffice-minato.com/", "内容": "デンタルオフィスみなと【3:歯科】静岡県沼津市本田町５－１７" }, "geometry": { "type": "Point", "coordinates": [ 138.854393, 35.109297 ] } },
{ "type": "Feature", "properties": { "ID": 2233227143590, "正式名称": "にいづま歯科", "機関区分": 3, "都道府県コード": 22, "市区町村コード": 203, "所在地": "静岡県沼津市大手町２－７－１７　大手町ハイツ２Ｆ", "緯度": 35.100548, "経度": 138.862004, "url": "https://www.iryou.teikyouseido.mhlw.go.jp/znk-web/juminkanja/S2430/initialize?prefCd=22&kikanCd=3227143590&kikanKbn=3", "url2": "https://niiduma-shika.com/index.html", "内容": "にいづま歯科【3:歯科】静岡県沼津市大手町２－７－１７　大手町ハイツ２Ｆ" }, "geometry": { "type": "Point", "coordinates": [ 138.862004, 35.100548 ] } },
{ "type": "Feature", "properties": { "ID": 2233227143620, "正式名称": "松本デンタルクリニック", "機関区分": 3, "都道府県コード": 22, "市区町村コード": 203, "所在地": "静岡県沼津市米山町２－３", "緯度": 35.10497, "経度": 138.862942, "url": "https://www.iryou.teikyouseido.mhlw.go.jp/znk-web/juminkanja/S2430/initialize?prefCd=22&kikanCd=3227143620&kikanKbn=3", "url2": "matumoto-dc.com", "内容": "松本デンタルクリニック【3:歯科】静岡県沼津市米山町２－３" }, "geometry": { "type": "Point", "coordinates": [ 138.862942, 35.10497 ] } },
{ "type": "Feature", "properties": { "ID": 2233227143750, "正式名称": "せき歯科クリニック", "機関区分": 3, "都道府県コード": 22, "市区町村コード": 341, "所在地": "静岡県駿東郡清水町的場１－９", "緯度": 35.092188, "経度": 138.90725, "url": "https://www.iryou.teikyouseido.mhlw.go.jp/znk-web/juminkanja/S2430/initialize?prefCd=22&kikanCd=3227143750&kikanKbn=3", "url2": "http://www.seki-shika.biz/", "内容": "せき歯科クリニック【3:歯科】静岡県駿東郡清水町的場１－９" }, "geometry": { "type": "Point", "coordinates": [ 138.90725, 35.092188 ] } },
{ "type": "Feature", "properties": { "ID": 2233227144180, "正式名称": "はる歯科クリニック", "機関区分": 3, "都道府県コード": 22, "市区町村コード": 225, "所在地": "静岡県伊豆の国市南條４７９", "緯度": 35.039282, "経度": 138.945525, "url": "https://www.iryou.teikyouseido.mhlw.go.jp/znk-web/juminkanja/S2430/initialize?prefCd=22&kikanCd=3227144180&kikanKbn=3", "url2": null, "内容": "はる歯科クリニック【3:歯科】静岡県伊豆の国市南條４７９" }, "geometry": { "type": "Point", "coordinates": [ 138.945525, 35.039282 ] } },
{ "type": "Feature", "properties": { "ID": 2233227144210, "正式名称": "ｉ　ＤＥＮＴＡＬ　ＣＬＩＮＩＣ", "機関区分": 3, "都道府県コード": 22, "市区町村コード": 203, "所在地": "静岡県沼津市大手町３丁目４－１２　杉山ビル２階", "緯度": 35.102642, "経度": 138.861182, "url": "https://www.iryou.teikyouseido.mhlw.go.jp/znk-web/juminkanja/S2430/initialize?prefCd=22&kikanCd=3227144210&kikanKbn=3", "url2": "http://idc-treatment.com/", "内容": "ｉ　ＤＥＮＴＡＬ　ＣＬＩＮＩＣ【3:歯科】静岡県沼津市大手町３丁目４－１２　杉山ビル２階" }, "geometry": { "type": "Point", "coordinates": [ 138.861182, 35.102642 ] } },
{ "type": "Feature", "properties": { "ID": 2233227144470, "正式名称": "ミエ歯科医院", "機関区分": 3, "都道府県コード": 22, "市区町村コード": 325, "所在地": "静岡県田方郡函南町柏谷９３－６", "緯度": 35.085376, "経度": 138.953883, "url": "https://www.iryou.teikyouseido.mhlw.go.jp/znk-web/juminkanja/S2430/initialize?prefCd=22&kikanCd=3227144470&kikanKbn=3", "url2": null, "内容": "ミエ歯科医院【3:歯科】静岡県田方郡函南町柏谷９３－６" }, "geometry": { "type": "Point", "coordinates": [ 138.953883, 35.085376 ] } },
{ "type": "Feature", "properties": { "ID": 2233227144630, "正式名称": "そらいろ歯科", "機関区分": 3, "都道府県コード": 22, "市区町村コード": 342, "所在地": "静岡県駿東郡長泉町下長窪１０７６番地の１", "緯度": 35.148355, "経度": 138.891036, "url": "https://www.iryou.teikyouseido.mhlw.go.jp/znk-web/juminkanja/S2430/initialize?prefCd=22&kikanCd=3227144630&kikanKbn=3", "url2": null, "内容": "そらいろ歯科【3:歯科】静岡県駿東郡長泉町下長窪１０７６番地の１" }, "geometry": { "type": "Point", "coordinates": [ 138.891036, 35.148355 ] } },
{ "type": "Feature", "properties": { "ID": 2233227145060, "正式名称": "なかがわ歯科", "機関区分": 3, "都道府県コード": 22, "市区町村コード": 341, "所在地": "静岡県駿東郡清水町長沢８８１－５スズキビル１階", "緯度": 35.099463, "経度": 138.890833, "url": "https://www.iryou.teikyouseido.mhlw.go.jp/znk-web/juminkanja/S2430/initialize?prefCd=22&kikanCd=3227145060&kikanKbn=3", "url2": "http://www.nakagawa-shika2012.com", "内容": "なかがわ歯科【3:歯科】静岡県駿東郡清水町長沢８８１－５スズキビル１階" }, "geometry": { "type": "Point", "coordinates": [ 138.890833, 35.099463 ] } },
{ "type": "Feature", "properties": { "ID": 2233227145220, "正式名称": "矢部歯科医院　桜堤診療所", "機関区分": 3, "都道府県コード": 22, "市区町村コード": 342, "所在地": "静岡県駿東郡長泉町上土狩７０－１", "緯度": 35.141392, "経度": 138.904877, "url": "https://www.iryou.teikyouseido.mhlw.go.jp/znk-web/juminkanja/S2430/initialize?prefCd=22&kikanCd=3227145220&kikanKbn=3", "url2": "http://www.yabesika.com/", "内容": "矢部歯科医院　桜堤診療所【3:歯科】静岡県駿東郡長泉町上土狩７０－１" }, "geometry": { "type": "Point", "coordinates": [ 138.904877, 35.141392 ] } },
{ "type": "Feature", "properties": { "ID": 2233227145510, "正式名称": "木の花歯科医院", "機関区分": 3, "都道府県コード": 22, "市区町村コード": 341, "所在地": "静岡県駿東郡清水町堂庭７２－６", "緯度": 35.102798, "経度": 138.904992, "url": "https://www.iryou.teikyouseido.mhlw.go.jp/znk-web/juminkanja/S2430/initialize?prefCd=22&kikanCd=3227145510&kikanKbn=3", "url2": "https://konohana-dent.ci-hp.jp/", "内容": "木の花歯科医院【3:歯科】静岡県駿東郡清水町堂庭７２－６" }, "geometry": { "type": "Point", "coordinates": [ 138.904992, 35.102798 ] } },
{ "type": "Feature", "properties": { "ID": 2233227145640, "正式名称": "じゅんデンタルクリニック", "機関区分": 3, "都道府県コード": 22, "市区町村コード": 341, "所在地": "静岡県駿東郡清水町柿田１４５－１", "緯度": 35.098416, "経度": 138.893477, "url": "https://www.iryou.teikyouseido.mhlw.go.jp/znk-web/juminkanja/S2430/initialize?prefCd=22&kikanCd=3227145640&kikanKbn=3", "url2": null, "内容": "じゅんデンタルクリニック【3:歯科】静岡県駿東郡清水町柿田１４５－１" }, "geometry": { "type": "Point", "coordinates": [ 138.893477, 35.098416 ] } },
{ "type": "Feature", "properties": { "ID": 2233227145801, "正式名称": "へだ歯科クリニック", "機関区分": 3, "都道府県コード": 22, "市区町村コード": 203, "所在地": "静岡県沼津市戸田２７６９ー１", "緯度": 34.980356, "経度": 138.772846, "url": "https://www.iryou.teikyouseido.mhlw.go.jp/znk-web/juminkanja/S2430/initialize?prefCd=22&kikanCd=3227145801&kikanKbn=3", "url2": null, "内容": "へだ歯科クリニック【3:歯科】静岡県沼津市戸田２７６９ー１" }, "geometry": { "type": "Point", "coordinates": [ 138.772846, 34.980356 ] } },
{ "type": "Feature", "properties": { "ID": 2233227146070, "正式名称": "医療法人社団　畏敬会　新美歯科オーラルケア", "機関区分": 3, "都道府県コード": 22, "市区町村コード": 342, "所在地": "静岡県駿東郡長泉町下土狩３３－８スワベビル２階", "緯度": 35.128616, "経度": 138.9083, "url": "https://www.iryou.teikyouseido.mhlw.go.jp/znk-web/juminkanja/S2430/initialize?prefCd=22&kikanCd=3227146070&kikanKbn=3", "url2": "http://niimioralcare.com/", "内容": "医療法人社団　畏敬会　新美歯科オーラルケア【3:歯科】静岡県駿東郡長泉町下土狩３３－８スワベビル２階" }, "geometry": { "type": "Point", "coordinates": [ 138.9083, 35.128616 ] } },
{ "type": "Feature", "properties": { "ID": 2233227146230, "正式名称": "たかはし歯科", "機関区分": 3, "都道府県コード": 22, "市区町村コード": 341, "所在地": "静岡県駿東郡清水町伏見８１２フォンテーヌ２　１０１号", "緯度": 35.116811, "経度": 138.902045, "url": "https://www.iryou.teikyouseido.mhlw.go.jp/znk-web/juminkanja/S2430/initialize?prefCd=22&kikanCd=3227146230&kikanKbn=3", "url2": "http://takahashi-dent.com/", "内容": "たかはし歯科【3:歯科】静岡県駿東郡清水町伏見８１２フォンテーヌ２　１０１号" }, "geometry": { "type": "Point", "coordinates": [ 138.902045, 35.116811 ] } },
{ "type": "Feature", "properties": { "ID": 2233227146380, "正式名称": "こもれび歯科", "機関区分": 3, "都道府県コード": 22, "市区町村コード": 341, "所在地": "静岡県駿東郡清水町玉川６１－２サントムーン柿田川シネマ棟１階", "緯度": 35.10893, "経度": 138.903894, "url": "https://www.iryou.teikyouseido.mhlw.go.jp/znk-web/juminkanja/S2430/initialize?prefCd=22&kikanCd=3227146380&kikanKbn=3", "url2": "http://komorebishika.com/", "内容": "こもれび歯科【3:歯科】静岡県駿東郡清水町玉川６１－２サントムーン柿田川シネマ棟１階" }, "geometry": { "type": "Point", "coordinates": [ 138.903894, 35.10893 ] } },
{ "type": "Feature", "properties": { "ID": 2233227146490, "正式名称": "友デンタルクリニック", "機関区分": 3, "都道府県コード": 22, "市区町村コード": 206, "所在地": "静岡県三島市寿町５－７Ｍ・Ｆ・Ｎ　Ｅｔｅｒｎｉｔｙ００１", "緯度": 35.124369, "経度": 138.907519, "url": "https://www.iryou.teikyouseido.mhlw.go.jp/znk-web/juminkanja/S2430/initialize?prefCd=22&kikanCd=3227146490&kikanKbn=3", "url2": null, "内容": "友デンタルクリニック【3:歯科】静岡県三島市寿町５－７Ｍ・Ｆ・Ｎ　Ｅｔｅｒｎｉｔｙ００１" }, "geometry": { "type": "Point", "coordinates": [ 138.907519, 35.124369 ] } },
{ "type": "Feature", "properties": { "ID": 2233227146520, "正式名称": "くじら小児・矯正歯科", "機関区分": 3, "都道府県コード": 22, "市区町村コード": 342, "所在地": "静岡県駿東郡長泉町中土狩６０－１ホーリーアベニュー１Ｆ", "緯度": 35.137808, "経度": 138.909285, "url": "https://www.iryou.teikyouseido.mhlw.go.jp/znk-web/juminkanja/S2430/initialize?prefCd=22&kikanCd=3227146520&kikanKbn=3", "url2": "http://www.kujira-dental.jp/", "内容": "くじら小児・矯正歯科【3:歯科】静岡県駿東郡長泉町中土狩６０－１ホーリーアベニュー１Ｆ" }, "geometry": { "type": "Point", "coordinates": [ 138.909285, 35.137808 ] } },
{ "type": "Feature", "properties": { "ID": 2233227146650, "正式名称": "いちごデンタルクリニック", "機関区分": 3, "都道府県コード": 22, "市区町村コード": 225, "所在地": "静岡県伊豆の国市南條１４７－１", "緯度": 35.036663, "経度": 138.950335, "url": "https://www.iryou.teikyouseido.mhlw.go.jp/znk-web/juminkanja/S2430/initialize?prefCd=22&kikanCd=3227146650&kikanKbn=3", "url2": "https://www.ichigo-dental.com", "内容": "いちごデンタルクリニック【3:歯科】静岡県伊豆の国市南條１４７－１" }, "geometry": { "type": "Point", "coordinates": [ 138.950335, 35.036663 ] } },
{ "type": "Feature", "properties": { "ID": 2233227146780, "正式名称": "ひだまり歯科クリニック", "機関区分": 3, "都道府県コード": 22, "市区町村コード": 220, "所在地": "静岡県裾野市佐野９１９－１", "緯度": 35.18086, "経度": 138.910065, "url": "https://www.iryou.teikyouseido.mhlw.go.jp/znk-web/juminkanja/S2430/initialize?prefCd=22&kikanCd=3227146780&kikanKbn=3", "url2": "http://www.hidamarishika-clinic.com/", "内容": "ひだまり歯科クリニック【3:歯科】静岡県裾野市佐野９１９－１" }, "geometry": { "type": "Point", "coordinates": [ 138.910065, 35.18086 ] } },
{ "type": "Feature", "properties": { "ID": 2233227146810, "正式名称": "アテナ　デンタル　メンテナンス", "機関区分": 3, "都道府県コード": 22, "市区町村コード": 206, "所在地": "静岡県三島市新谷１８‐４", "緯度": 35.103386, "経度": 138.919839, "url": "https://www.iryou.teikyouseido.mhlw.go.jp/znk-web/juminkanja/S2430/initialize?prefCd=22&kikanCd=3227146810&kikanKbn=3", "url2": null, "内容": "アテナ　デンタル　メンテナンス【3:歯科】静岡県三島市新谷１８‐４" }, "geometry": { "type": "Point", "coordinates": [ 138.919839, 35.103386 ] } },
{ "type": "Feature", "properties": { "ID": 2233227146940, "正式名称": "ＭＩ総合歯科クリニック", "機関区分": 3, "都道府県コード": 22, "市区町村コード": 342, "所在地": "静岡県駿東郡長泉町下土狩１８１－４", "緯度": 35.124819, "経度": 138.903378, "url": "https://www.iryou.teikyouseido.mhlw.go.jp/znk-web/juminkanja/S2430/initialize?prefCd=22&kikanCd=3227146940&kikanKbn=3", "url2": "http://www.mi-dental.jp/", "内容": "ＭＩ総合歯科クリニック【3:歯科】静岡県駿東郡長泉町下土狩１８１－４" }, "geometry": { "type": "Point", "coordinates": [ 138.903378, 35.124819 ] } },
{ "type": "Feature", "properties": { "ID": 2233227147110, "正式名称": "わかば歯科クリニック", "機関区分": 3, "都道府県コード": 22, "市区町村コード": 325, "所在地": "静岡県田方郡函南町間宮６３－３", "緯度": 35.091478, "経度": 138.936618, "url": "https://www.iryou.teikyouseido.mhlw.go.jp/znk-web/juminkanja/S2430/initialize?prefCd=22&kikanCd=3227147110&kikanKbn=3", "url2": "http://wakabashika-kannami.com", "内容": "わかば歯科クリニック【3:歯科】静岡県田方郡函南町間宮６３－３" }, "geometry": { "type": "Point", "coordinates": [ 138.936618, 35.091478 ] } },
{ "type": "Feature", "properties": { "ID": 2233227147370, "正式名称": "しぶやデンタルクリニック", "機関区分": 3, "都道府県コード": 22, "市区町村コード": 220, "所在地": "静岡県裾野市平松５４６－７", "緯度": 35.170383, "経度": 138.907381, "url": "https://www.iryou.teikyouseido.mhlw.go.jp/znk-web/juminkanja/S2430/initialize?prefCd=22&kikanCd=3227147370&kikanKbn=3", "url2": null, "内容": "しぶやデンタルクリニック【3:歯科】静岡県裾野市平松５４６－７" }, "geometry": { "type": "Point", "coordinates": [ 138.907381, 35.170383 ] } },
{ "type": "Feature", "properties": { "ID": 2233227147400, "正式名称": "Ｎａｏデンタルクリニック", "機関区分": 3, "都道府県コード": 22, "市区町村コード": 342, "所在地": "静岡県駿東郡長泉町下土狩１３７９－３", "緯度": 35.128088, "経度": 138.898505, "url": "https://www.iryou.teikyouseido.mhlw.go.jp/znk-web/juminkanja/S2430/initialize?prefCd=22&kikanCd=3227147400&kikanKbn=3", "url2": "naodentalclinic.jp", "内容": "Ｎａｏデンタルクリニック【3:歯科】静岡県駿東郡長泉町下土狩１３７９－３" }, "geometry": { "type": "Point", "coordinates": [ 138.898505, 35.128088 ] } },
{ "type": "Feature", "properties": { "ID": 2233227147530, "正式名称": "きのうち歯科医院", "機関区分": 3, "都道府県コード": 22, "市区町村コード": 325, "所在地": "静岡県田方郡函南町塚本９８０－８", "緯度": 35.080862, "経度": 138.940623, "url": "https://www.iryou.teikyouseido.mhlw.go.jp/znk-web/juminkanja/S2430/initialize?prefCd=22&kikanCd=3227147530&kikanKbn=3", "url2": "http://www.kinouchi-shika.net", "内容": "きのうち歯科医院【3:歯科】静岡県田方郡函南町塚本９８０－８" }, "geometry": { "type": "Point", "coordinates": [ 138.940623, 35.080862 ] } },
{ "type": "Feature", "properties": { "ID": 2233227147660, "正式名称": "わたなべ歯列矯正クリニック", "機関区分": 3, "都道府県コード": 22, "市区町村コード": 220, "所在地": "静岡県裾野市平松４５６－１　リヴィエール１０１", "緯度": 35.173869, "経度": 138.909298, "url": "https://www.iryou.teikyouseido.mhlw.go.jp/znk-web/juminkanja/S2430/initialize?prefCd=22&kikanCd=3227147660&kikanKbn=3", "url2": "http://www.watanabe-ortho.jp", "内容": "わたなべ歯列矯正クリニック【3:歯科】静岡県裾野市平松４５６－１　リヴィエール１０１" }, "geometry": { "type": "Point", "coordinates": [ 138.909298, 35.173869 ] } },
{ "type": "Feature", "properties": { "ID": 2233227147790, "正式名称": "スルガ平デンタルクリニック", "機関区分": 3, "都道府県コード": 22, "市区町村コード": 342, "所在地": "静岡県駿東郡長泉町東野５１５－９２", "緯度": 35.172113, "経度": 138.87179, "url": "https://www.iryou.teikyouseido.mhlw.go.jp/znk-web/juminkanja/S2430/initialize?prefCd=22&kikanCd=3227147790&kikanKbn=3", "url2": null, "内容": "スルガ平デンタルクリニック【3:歯科】静岡県駿東郡長泉町東野５１５－９２" }, "geometry": { "type": "Point", "coordinates": [ 138.87179, 35.172113 ] } },
{ "type": "Feature", "properties": { "ID": 2233227147950, "正式名称": "きのした歯科クリニック", "機関区分": 3, "都道府県コード": 22, "市区町村コード": 203, "所在地": "静岡県沼津市岡宮１１２４－２", "緯度": 35.130107, "経度": 138.872846, "url": "https://www.iryou.teikyouseido.mhlw.go.jp/znk-web/juminkanja/S2430/initialize?prefCd=22&kikanCd=3227147950&kikanKbn=3", "url2": "http://kinoshita.dental-net.jp/", "内容": "きのした歯科クリニック【3:歯科】静岡県沼津市岡宮１１２４－２" }, "geometry": { "type": "Point", "coordinates": [ 138.872846, 35.130107 ] } },
{ "type": "Feature", "properties": { "ID": 2233227148090, "正式名称": "中江歯科クリニック", "機関区分": 3, "都道府県コード": 22, "市区町村コード": 203, "所在地": "静岡県沼津市岡宮９７３－５", "緯度": 35.132538, "経度": 138.868683, "url": "https://www.iryou.teikyouseido.mhlw.go.jp/znk-web/juminkanja/S2430/initialize?prefCd=22&kikanCd=3227148090&kikanKbn=3", "url2": "nakae-dent.com", "内容": "中江歯科クリニック【3:歯科】静岡県沼津市岡宮９７３－５" }, "geometry": { "type": "Point", "coordinates": [ 138.868683, 35.132538 ] } },
{ "type": "Feature", "properties": { "ID": 2233227148120, "正式名称": "あしたか歯科医院", "機関区分": 3, "都道府県コード": 22, "市区町村コード": 203, "所在地": "静岡県沼津市西椎路４８７－１", "緯度": 35.125767, "経度": 138.828092, "url": "https://www.iryou.teikyouseido.mhlw.go.jp/znk-web/juminkanja/S2430/initialize?prefCd=22&kikanCd=3227148120&kikanKbn=3", "url2": "https://ashitaka-dental.com", "内容": "あしたか歯科医院【3:歯科】静岡県沼津市西椎路４８７－１" }, "geometry": { "type": "Point", "coordinates": [ 138.828092, 35.125767 ] } },
{ "type": "Feature", "properties": { "ID": 2233227148250, "正式名称": "もり歯科クリニック", "機関区分": 3, "都道府県コード": 22, "市区町村コード": 222, "所在地": "静岡県伊豆市柏久保５２３－１０", "緯度": 34.977411, "経度": 138.949643, "url": "https://www.iryou.teikyouseido.mhlw.go.jp/znk-web/juminkanja/S2430/initialize?prefCd=22&kikanCd=3227148250&kikanKbn=3", "url2": "https://www.mori-sika.net/", "内容": "もり歯科クリニック【3:歯科】静岡県伊豆市柏久保５２３－１０" }, "geometry": { "type": "Point", "coordinates": [ 138.949643, 34.977411 ] } },
{ "type": "Feature", "properties": { "ID": 2233227148540, "正式名称": "土と光ともりの歯医者さん；", "機関区分": 3, "都道府県コード": 22, "市区町村コード": 206, "所在地": "静岡県三島市中１０１－１", "緯度": 35.105988, "経度": 138.931456, "url": "https://www.iryou.teikyouseido.mhlw.go.jp/znk-web/juminkanja/S2430/initialize?prefCd=22&kikanCd=3227148540&kikanKbn=3", "url2": null, "内容": "土と光ともりの歯医者さん；【3:歯科】静岡県三島市中１０１－１" }, "geometry": { "type": "Point", "coordinates": [ 138.931456, 35.105988 ] } },
{ "type": "Feature", "properties": { "ID": 2233227148670, "正式名称": "佐野歯科クリニック", "機関区分": 3, "都道府県コード": 22, "市区町村コード": 203, "所在地": "静岡県沼津市大岡１４２０－３", "緯度": 35.103712, "経度": 138.878355, "url": "https://www.iryou.teikyouseido.mhlw.go.jp/znk-web/juminkanja/S2430/initialize?prefCd=22&kikanCd=3227148670&kikanKbn=3", "url2": "https://www.sanodentalclinic.com/", "内容": "佐野歯科クリニック【3:歯科】静岡県沼津市大岡１４２０－３" }, "geometry": { "type": "Point", "coordinates": [ 138.878355, 35.103712 ] } },
{ "type": "Feature", "properties": { "ID": 2233227148700, "正式名称": "まつうらデンタルクリニック", "機関区分": 3, "都道府県コード": 22, "市区町村コード": 206, "所在地": "静岡県三島市大社町１－２４", "緯度": 35.119811, "経度": 138.918979, "url": "https://www.iryou.teikyouseido.mhlw.go.jp/znk-web/juminkanja/S2430/initialize?prefCd=22&kikanCd=3227148700&kikanKbn=3", "url2": null, "内容": "まつうらデンタルクリニック【3:歯科】静岡県三島市大社町１－２４" }, "geometry": { "type": "Point", "coordinates": [ 138.918979, 35.119811 ] } },
{ "type": "Feature", "properties": { "ID": 2233227148830, "正式名称": "賢歯科医院", "機関区分": 3, "都道府県コード": 22, "市区町村コード": 206, "所在地": "静岡県三島市梅名４３９－１", "緯度": 35.093388, "経度": 138.924978, "url": "https://www.iryou.teikyouseido.mhlw.go.jp/znk-web/juminkanja/S2430/initialize?prefCd=22&kikanCd=3227148830&kikanKbn=3", "url2": "https://www.kenshika.jp", "内容": "賢歯科医院【3:歯科】静岡県三島市梅名４３９－１" }, "geometry": { "type": "Point", "coordinates": [ 138.924978, 35.093388 ] } },
{ "type": "Feature", "properties": { "ID": 2233227149000, "正式名称": "片浜ベース歯科", "機関区分": 3, "都道府県コード": 22, "市区町村コード": 203, "所在地": "静岡県沼津市松長９２１－６　ドリーミー片浜１０１", "緯度": 35.120973, "経度": 138.821417, "url": "https://www.iryou.teikyouseido.mhlw.go.jp/znk-web/juminkanja/S2430/initialize?prefCd=22&kikanCd=3227149000&kikanKbn=3", "url2": "www.katahamabase-dc.com/", "内容": "片浜ベース歯科【3:歯科】静岡県沼津市松長９２１－６　ドリーミー片浜１０１" }, "geometry": { "type": "Point", "coordinates": [ 138.821417, 35.120973 ] } },
{ "type": "Feature", "properties": { "ID": 2233227149130, "正式名称": "半田歯科医院", "機関区分": 3, "都道府県コード": 22, "市区町村コード": 206, "所在地": "静岡県三島市大場１２２－４", "緯度": 35.09202, "経度": 138.938983, "url": "https://www.iryou.teikyouseido.mhlw.go.jp/znk-web/juminkanja/S2430/initialize?prefCd=22&kikanCd=3227149130&kikanKbn=3", "url2": null, "内容": "半田歯科医院【3:歯科】静岡県三島市大場１２２－４" }, "geometry": { "type": "Point", "coordinates": [ 138.938983, 35.09202 ] } },
{ "type": "Feature", "properties": { "ID": 2233227149260, "正式名称": "みやはら歯科", "機関区分": 3, "都道府県コード": 22, "市区町村コード": 325, "所在地": "静岡県田方郡函南町間宮６０７－３", "緯度": 35.08483, "経度": 138.938001, "url": "https://www.iryou.teikyouseido.mhlw.go.jp/znk-web/juminkanja/S2430/initialize?prefCd=22&kikanCd=3227149260&kikanKbn=3", "url2": "https://miyahara-dc.com", "内容": "みやはら歯科【3:歯科】静岡県田方郡函南町間宮６０７－３" }, "geometry": { "type": "Point", "coordinates": [ 138.938001, 35.08483 ] } },
{ "type": "Feature", "properties": { "ID": 2233227149390, "正式名称": "ハートデンタルクリニック", "機関区分": 3, "都道府県コード": 22, "市区町村コード": 325, "所在地": "静岡県田方郡函南町柏谷７０－１", "緯度": 35.080948, "経度": 138.958077, "url": "https://www.iryou.teikyouseido.mhlw.go.jp/znk-web/juminkanja/S2430/initialize?prefCd=22&kikanCd=3227149390&kikanKbn=3", "url2": "https://www.heart-dental-clinic.jp", "内容": "ハートデンタルクリニック【3:歯科】静岡県田方郡函南町柏谷７０－１" }, "geometry": { "type": "Point", "coordinates": [ 138.958077, 35.080948 ] } },
{ "type": "Feature", "properties": { "ID": 2233227149420, "正式名称": "しんゆう歯科", "機関区分": 3, "都道府県コード": 22, "市区町村コード": 206, "所在地": "静岡県三島市御園４８０－２４", "緯度": 35.078102, "経度": 138.921978, "url": "https://www.iryou.teikyouseido.mhlw.go.jp/znk-web/juminkanja/S2430/initialize?prefCd=22&kikanCd=3227149420&kikanKbn=3", "url2": null, "内容": "しんゆう歯科【3:歯科】静岡県三島市御園４８０－２４" }, "geometry": { "type": "Point", "coordinates": [ 138.921978, 35.078102 ] } },
{ "type": "Feature", "properties": { "ID": 2233227149550, "正式名称": "めぐろ歯科", "機関区分": 3, "都道府県コード": 22, "市区町村コード": 342, "所在地": "静岡県駿東郡長泉町中土狩５２３－３", "緯度": 35.137245, "経度": 138.904796, "url": "https://www.iryou.teikyouseido.mhlw.go.jp/znk-web/juminkanja/S2430/initialize?prefCd=22&kikanCd=3227149550&kikanKbn=3", "url2": null, "内容": "めぐろ歯科【3:歯科】静岡県駿東郡長泉町中土狩５２３－３" }, "geometry": { "type": "Point", "coordinates": [ 138.904796, 35.137245 ] } },
{ "type": "Feature", "properties": { "ID": 2233227149680, "正式名称": "こうざい歯科クリニック", "機関区分": 3, "都道府県コード": 22, "市区町村コード": 341, "所在地": "静岡県駿東郡清水町堂庭１８７－１０", "緯度": 35.100123, "経度": 138.906707, "url": "https://www.iryou.teikyouseido.mhlw.go.jp/znk-web/juminkanja/S2430/initialize?prefCd=22&kikanCd=3227149680&kikanKbn=3", "url2": "https://kozai-dent.jp/", "内容": "こうざい歯科クリニック【3:歯科】静岡県駿東郡清水町堂庭１８７－１０" }, "geometry": { "type": "Point", "coordinates": [ 138.906707, 35.100123 ] } },
{ "type": "Feature", "properties": { "ID": 2233227149710, "正式名称": "ひだまりおとなこども歯科", "機関区分": 3, "都道府県コード": 22, "市区町村コード": 225, "所在地": "静岡県伊豆の国市吉田１５１－７", "緯度": 35.000148, "経度": 138.937651, "url": "https://www.iryou.teikyouseido.mhlw.go.jp/znk-web/juminkanja/S2430/initialize?prefCd=22&kikanCd=3227149710&kikanKbn=3", "url2": "http://www.sankeishika.com", "内容": "ひだまりおとなこども歯科【3:歯科】静岡県伊豆の国市吉田１５１－７" }, "geometry": { "type": "Point", "coordinates": [ 138.937651, 35.000148 ] } },
{ "type": "Feature", "properties": { "ID": 2233227149840, "正式名称": "けやきデンタルクリニック", "機関区分": 3, "都道府県コード": 22, "市区町村コード": 203, "所在地": "静岡県沼津市寿町７９８－１", "緯度": 35.115272, "経度": 138.859177, "url": "https://www.iryou.teikyouseido.mhlw.go.jp/znk-web/juminkanja/S2430/initialize?prefCd=22&kikanCd=3227149840&kikanKbn=3", "url2": "https://www.numazu-keyakidental.com/", "内容": "けやきデンタルクリニック【3:歯科】静岡県沼津市寿町７９８－１" }, "geometry": { "type": "Point", "coordinates": [ 138.859177, 35.115272 ] } },
{ "type": "Feature", "properties": { "ID": 2233227149970, "正式名称": "沼津歯科", "機関区分": 3, "都道府県コード": 22, "市区町村コード": 203, "所在地": "静岡県沼津市大手町５－９－１　富澤屋ビル１・２階", "緯度": 35.101512, "経度": 138.858214, "url": "https://www.iryou.teikyouseido.mhlw.go.jp/znk-web/juminkanja/S2430/initialize?prefCd=22&kikanCd=3227149970&kikanKbn=3", "url2": "https://www.numazu-dentalclinic.com", "内容": "沼津歯科【3:歯科】静岡県沼津市大手町５－９－１　富澤屋ビル１・２階" }, "geometry": { "type": "Point", "coordinates": [ 138.858214, 35.101512 ] } },
{ "type": "Feature", "properties": { "ID": 2233227150080, "正式名称": "あん歯科クリニック", "機関区分": 3, "都道府県コード": 22, "市区町村コード": 203, "所在地": "静岡県沼津市下香貫樋ノ口１７１８－８", "緯度": 35.076544, "経度": 138.874905, "url": "https://www.iryou.teikyouseido.mhlw.go.jp/znk-web/juminkanja/S2430/initialize?prefCd=22&kikanCd=3227150080&kikanKbn=3", "url2": "https://an-dental-clinic.com/", "内容": "あん歯科クリニック【3:歯科】静岡県沼津市下香貫樋ノ口１７１８－８" }, "geometry": { "type": "Point", "coordinates": [ 138.874905, 35.076544 ] } },
{ "type": "Feature", "properties": { "ID": 2233227150110, "正式名称": "中野歯科医院", "機関区分": 3, "都道府県コード": 22, "市区町村コード": 203, "所在地": "静岡県沼津市下本町５０", "緯度": 35.094743, "経度": 138.856226, "url": "https://www.iryou.teikyouseido.mhlw.go.jp/znk-web/juminkanja/S2430/initialize?prefCd=22&kikanCd=3227150110&kikanKbn=3", "url2": "http://super-c.co.jp/nakano/", "内容": "中野歯科医院【3:歯科】静岡県沼津市下本町５０" }, "geometry": { "type": "Point", "coordinates": [ 138.856226, 35.094743 ] } },
{ "type": "Feature", "properties": { "ID": 2233227150240, "正式名称": "あさひデンタルクリニック", "機関区分": 3, "都道府県コード": 22, "市区町村コード": 203, "所在地": "静岡県沼津市沼北町２－１１－１８", "緯度": 35.115039, "経度": 138.852782, "url": "https://www.iryou.teikyouseido.mhlw.go.jp/znk-web/juminkanja/S2430/initialize?prefCd=22&kikanCd=3227150240&kikanKbn=3", "url2": "http://asahi-dent.net/smileclub/index.html", "内容": "あさひデンタルクリニック【3:歯科】静岡県沼津市沼北町２－１１－１８" }, "geometry": { "type": "Point", "coordinates": [ 138.852782, 35.115039 ] } },
{ "type": "Feature", "properties": { "ID": 2233227150370, "正式名称": "かまた歯科クリニック", "機関区分": 3, "都道府県コード": 22, "市区町村コード": 206, "所在地": "静岡県三島市文教町１－１－３５", "緯度": 35.128034, "経度": 138.914861, "url": "https://www.iryou.teikyouseido.mhlw.go.jp/znk-web/juminkanja/S2430/initialize?prefCd=22&kikanCd=3227150370&kikanKbn=3", "url2": "www.kamata-dc.jp", "内容": "かまた歯科クリニック【3:歯科】静岡県三島市文教町１－１－３５" }, "geometry": { "type": "Point", "coordinates": [ 138.914861, 35.128034 ] } },
{ "type": "Feature", "properties": { "ID": 2233227150400, "正式名称": "おおひら歯科", "機関区分": 3, "都道府県コード": 22, "市区町村コード": 203, "所在地": "静岡県沼津市大平１８１１－３", "緯度": 35.072716, "経度": 138.909842, "url": "https://www.iryou.teikyouseido.mhlw.go.jp/znk-web/juminkanja/S2430/initialize?prefCd=22&kikanCd=3227150400&kikanKbn=3", "url2": null, "内容": "おおひら歯科【3:歯科】静岡県沼津市大平１８１１－３" }, "geometry": { "type": "Point", "coordinates": [ 138.909842, 35.072716 ] } },
{ "type": "Feature", "properties": { "ID": 2233227150530, "正式名称": "片岡歯科口腔外科醫院", "機関区分": 3, "都道府県コード": 22, "市区町村コード": 203, "所在地": "静岡県沼津市下香貫樋ノ口１７１０－２", "緯度": 35.075317, "経度": 138.875356, "url": "https://www.iryou.teikyouseido.mhlw.go.jp/znk-web/juminkanja/S2430/initialize?prefCd=22&kikanCd=3227150530&kikanKbn=3", "url2": null, "内容": "片岡歯科口腔外科醫院【3:歯科】静岡県沼津市下香貫樋ノ口１７１０－２" }, "geometry": { "type": "Point", "coordinates": [ 138.875356, 35.075317 ] } },
{ "type": "Feature", "properties": { "ID": 2233227150660, "正式名称": "ハミング歯科", "機関区分": 3, "都道府県コード": 22, "市区町村コード": 220, "所在地": "静岡県裾野市平松６３４番地の２", "緯度": 35.165274, "経度": 138.905303, "url": "https://www.iryou.teikyouseido.mhlw.go.jp/znk-web/juminkanja/S2430/initialize?prefCd=22&kikanCd=3227150660&kikanKbn=3", "url2": "https://1-abc.com/clinic/humming", "内容": "ハミング歯科【3:歯科】静岡県裾野市平松６３４番地の２" }, "geometry": { "type": "Point", "coordinates": [ 138.905303, 35.165274 ] } },
{ "type": "Feature", "properties": { "ID": 2233227150790, "正式名称": "カワムラ歯科医院", "機関区分": 3, "都道府県コード": 22, "市区町村コード": 225, "所在地": "静岡県伊豆の国市田京６９８ー１０", "緯度": 35.016639, "経度": 138.946913, "url": "https://www.iryou.teikyouseido.mhlw.go.jp/znk-web/juminkanja/S2430/initialize?prefCd=22&kikanCd=3227150790&kikanKbn=3", "url2": "http://kawamura-shikaiin.jimdofree.com", "内容": "カワムラ歯科医院【3:歯科】静岡県伊豆の国市田京６９８ー１０" }, "geometry": { "type": "Point", "coordinates": [ 138.946913, 35.016639 ] } },
{ "type": "Feature", "properties": { "ID": 2233227150820, "正式名称": "ハートランド歯科クリニック", "機関区分": 3, "都道府県コード": 22, "市区町村コード": 206, "所在地": "静岡県三島市広小路町１３ー４ー２Ｆ", "緯度": 35.118661, "経度": 138.911743, "url": "https://www.iryou.teikyouseido.mhlw.go.jp/znk-web/juminkanja/S2430/initialize?prefCd=22&kikanCd=3227150820&kikanKbn=3", "url2": null, "内容": "ハートランド歯科クリニック【3:歯科】静岡県三島市広小路町１３ー４ー２Ｆ" }, "geometry": { "type": "Point", "coordinates": [ 138.911743, 35.118661 ] } },
{ "type": "Feature", "properties": { "ID": 2233227150950, "正式名称": "三島中央町たきの歯科", "機関区分": 3, "都道府県コード": 22, "市区町村コード": 206, "所在地": "静岡県三島市中央町１ー４０ー１Ｆ", "緯度": 35.119532, "経度": 138.916092, "url": "https://www.iryou.teikyouseido.mhlw.go.jp/znk-web/juminkanja/S2430/initialize?prefCd=22&kikanCd=3227150950&kikanKbn=3", "url2": null, "内容": "三島中央町たきの歯科【3:歯科】静岡県三島市中央町１ー４０ー１Ｆ" }, "geometry": { "type": "Point", "coordinates": [ 138.916092, 35.119532 ] } },
{ "type": "Feature", "properties": { "ID": 2233227151090, "正式名称": "ツチヤ歯科クリニック", "機関区分": 3, "都道府県コード": 22, "市区町村コード": 206, "所在地": "静岡県三島市大社町６ー２", "緯度": 35.119213, "経度": 138.920027, "url": "https://www.iryou.teikyouseido.mhlw.go.jp/znk-web/juminkanja/S2430/initialize?prefCd=22&kikanCd=3227151090&kikanKbn=3", "url2": "https://tsuchiya-dc.jp", "内容": "ツチヤ歯科クリニック【3:歯科】静岡県三島市大社町６ー２" }, "geometry": { "type": "Point", "coordinates": [ 138.920027, 35.119213 ] } },
{ "type": "Feature", "properties": { "ID": 2233227151120, "正式名称": "カナリヤ歯科医院", "機関区分": 3, "都道府県コード": 22, "市区町村コード": 203, "所在地": "静岡県沼津市添地町２５２－２番地", "緯度": 35.101893, "経度": 138.85566, "url": "https://www.iryou.teikyouseido.mhlw.go.jp/znk-web/juminkanja/S2430/initialize?prefCd=22&kikanCd=3227151120&kikanKbn=3", "url2": "https://canary-dc.com", "内容": "カナリヤ歯科医院【3:歯科】静岡県沼津市添地町２５２－２番地" }, "geometry": { "type": "Point", "coordinates": [ 138.85566, 35.101893 ] } },
{ "type": "Feature", "properties": { "ID": 2233227151380, "正式名称": "根方街道　まや歯科医院", "機関区分": 3, "都道府県コード": 22, "市区町村コード": 203, "所在地": "静岡県沼津市東沢田２３３ー８", "緯度": 35.122015, "経度": 138.856042, "url": "https://www.iryou.teikyouseido.mhlw.go.jp/znk-web/juminkanja/S2430/initialize?prefCd=22&kikanCd=3227151380&kikanKbn=3", "url2": "mayashikaiin.com", "内容": "根方街道　まや歯科医院【3:歯科】静岡県沼津市東沢田２３３ー８" }, "geometry": { "type": "Point", "coordinates": [ 138.856042, 35.122015 ] } },
{ "type": "Feature", "properties": { "ID": 2233227151410, "正式名称": "三島一番町歯科", "機関区分": 3, "都道府県コード": 22, "市区町村コード": 206, "所在地": "静岡県三島市一番町１７ー５６", "緯度": 35.125419, "経度": 138.910543, "url": "https://www.iryou.teikyouseido.mhlw.go.jp/znk-web/juminkanja/S2430/initialize?prefCd=22&kikanCd=3227151410&kikanKbn=3", "url2": "https://www.mishima1st.com", "内容": "三島一番町歯科【3:歯科】静岡県三島市一番町１７ー５６" }, "geometry": { "type": "Point", "coordinates": [ 138.910543, 35.125419 ] } },
{ "type": "Feature", "properties": { "ID": 2233227151540, "正式名称": "会田歯科医院", "機関区分": 3, "都道府県コード": 22, "市区町村コード": 341, "所在地": "静岡県駿東郡清水町玉川１８５ー１", "緯度": 35.110328, "経度": 138.903913, "url": "https://www.iryou.teikyouseido.mhlw.go.jp/znk-web/juminkanja/S2430/initialize?prefCd=22&kikanCd=3227151540&kikanKbn=3", "url2": null, "内容": "会田歯科医院【3:歯科】静岡県駿東郡清水町玉川１８５ー１" }, "geometry": { "type": "Point", "coordinates": [ 138.903913, 35.110328 ] } },
{ "type": "Feature", "properties": { "ID": 2233227151670, "正式名称": "にとう歯科クリニック", "機関区分": 3, "都道府県コード": 22, "市区町村コード": 225, "所在地": "静岡県伊豆の国市奈古谷１３７０ー３", "緯度": 35.071651, "経度": 138.985808, "url": "https://www.iryou.teikyouseido.mhlw.go.jp/znk-web/juminkanja/S2430/initialize?prefCd=22&kikanCd=3227151670&kikanKbn=3", "url2": "nito-dc.com", "内容": "にとう歯科クリニック【3:歯科】静岡県伊豆の国市奈古谷１３７０ー３" }, "geometry": { "type": "Point", "coordinates": [ 138.985808, 35.071651 ] } },
{ "type": "Feature", "properties": { "ID": 2233227151700, "正式名称": "宇治川歯科口腔外科クリニック", "機関区分": 3, "都道府県コード": 22, "市区町村コード": 342, "所在地": "静岡県駿東郡長泉町納米里６７番３ヴィテラス２０２号", "緯度": 35.147189, "経度": 138.898917, "url": "https://www.iryou.teikyouseido.mhlw.go.jp/znk-web/juminkanja/S2430/initialize?prefCd=22&kikanCd=3227151700&kikanKbn=3", "url2": "http://ujident-oralsurgery.galaxy.bindcloud.jp", "内容": "宇治川歯科口腔外科クリニック【3:歯科】静岡県駿東郡長泉町納米里６７番３ヴィテラス２０２号" }, "geometry": { "type": "Point", "coordinates": [ 138.898917, 35.147189 ] } },
{ "type": "Feature", "properties": { "ID": 2233227151830, "正式名称": "医療法人社団　平水会　みしま歯内治療院", "機関区分": 3, "都道府県コード": 22, "市区町村コード": 206, "所在地": "静岡県三島市芝本町１番４３号　東陽社ビル１Ａ号室", "緯度": 35.120988, "経度": 138.914754, "url": "https://www.iryou.teikyouseido.mhlw.go.jp/znk-web/juminkanja/S2430/initialize?prefCd=22&kikanCd=3227151830&kikanKbn=3", "url2": "https://shizuoka-endodontist.com/", "内容": "医療法人社団　平水会　みしま歯内治療院【3:歯科】静岡県三島市芝本町１番４３号　東陽社ビル１Ａ号室" }, "geometry": { "type": "Point", "coordinates": [ 138.914754, 35.120988 ] } },
{ "type": "Feature", "properties": { "ID": 2233227152000, "正式名称": "カシワ木歯科医院", "機関区分": 3, "都道府県コード": 22, "市区町村コード": 220, "所在地": "静岡県裾野市茶畑２５６ー４", "緯度": 35.171114, "経度": 138.911221, "url": "https://www.iryou.teikyouseido.mhlw.go.jp/znk-web/juminkanja/S2430/initialize?prefCd=22&kikanCd=3227152000&kikanKbn=3", "url2": "https://www.kashi888.com/", "内容": "カシワ木歯科医院【3:歯科】静岡県裾野市茶畑２５６ー４" }, "geometry": { "type": "Point", "coordinates": [ 138.911221, 35.171114 ] } },
{ "type": "Feature", "properties": { "ID": 2233227152260, "正式名称": "よざ歯科医院", "機関区分": 3, "都道府県コード": 22, "市区町村コード": 342, "所在地": "静岡県駿東郡長泉町下長窪７５－５", "緯度": 35.139256, "経度": 138.889303, "url": "https://www.iryou.teikyouseido.mhlw.go.jp/znk-web/juminkanja/S2430/initialize?prefCd=22&kikanCd=3227152260&kikanKbn=3", "url2": "https://yoza-dental.com/", "内容": "よざ歯科医院【3:歯科】静岡県駿東郡長泉町下長窪７５－５" }, "geometry": { "type": "Point", "coordinates": [ 138.889303, 35.139256 ] } },
{ "type": "Feature", "properties": { "ID": 2233227152390, "正式名称": "みやざきファミリー歯科", "機関区分": 3, "都道府県コード": 22, "市区町村コード": 342, "所在地": "静岡県駿東郡長泉町中土狩４２ー１", "緯度": 35.138485, "経度": 138.89778, "url": "https://www.iryou.teikyouseido.mhlw.go.jp/znk-web/juminkanja/S2430/initialize?prefCd=22&kikanCd=3227152390&kikanKbn=3", "url2": null, "内容": "みやざきファミリー歯科【3:歯科】静岡県駿東郡長泉町中土狩４２ー１" }, "geometry": { "type": "Point", "coordinates": [ 138.89778, 35.138485 ] } },
{ "type": "Feature", "properties": { "ID": 2233227152420, "正式名称": "かも歯科クリニック", "機関区分": 3, "都道府県コード": 22, "市区町村コード": 206, "所在地": "静岡県三島市加茂３５番１１号", "緯度": 35.134958, "経度": 138.933078, "url": "https://www.iryou.teikyouseido.mhlw.go.jp/znk-web/juminkanja/S2430/initialize?prefCd=22&kikanCd=3227152420&kikanKbn=3", "url2": "https://www.kamo-dental.jp/", "内容": "かも歯科クリニック【3:歯科】静岡県三島市加茂３５番１１号" }, "geometry": { "type": "Point", "coordinates": [ 138.933078, 35.134958 ] } },
{ "type": "Feature", "properties": { "ID": 2233227152710, "正式名称": "三島・清水町スマイリー歯科", "機関区分": 3, "都道府県コード": 22, "市区町村コード": 341, "所在地": "静岡県駿東郡清水町伏見５８－１サントムーンアネックス３階", "緯度": 35.108117, "経度": 138.901672, "url": "https://www.iryou.teikyouseido.mhlw.go.jp/znk-web/juminkanja/S2430/initialize?prefCd=22&kikanCd=3227152710&kikanKbn=3", "url2": "ttps://www.smileyshika.com", "内容": "三島・清水町スマイリー歯科【3:歯科】静岡県駿東郡清水町伏見５８－１サントムーンアネックス３階" }, "geometry": { "type": "Point", "coordinates": [ 138.901672, 35.108117 ] } },
{ "type": "Feature", "properties": { "ID": 2233227152970, "正式名称": "桜ヶ丘歯科口腔外科クリニック", "機関区分": 3, "都道府県コード": 22, "市区町村コード": 206, "所在地": "静岡県三島市谷田５２３－７", "緯度": 35.110514, "経度": 138.934708, "url": "https://www.iryou.teikyouseido.mhlw.go.jp/znk-web/juminkanja/S2430/initialize?prefCd=22&kikanCd=3227152970&kikanKbn=3", "url2": "https://sakura-dos.com/", "内容": "桜ヶ丘歯科口腔外科クリニック【3:歯科】静岡県三島市谷田５２３－７" }, "geometry": { "type": "Point", "coordinates": [ 138.934708, 35.110514 ] } },
{ "type": "Feature", "properties": { "ID": 2233227200190, "正式名称": "相良歯科クリニック", "機関区分": 3, "都道府県コード": 22, "市区町村コード": 226, "所在地": "静岡県牧之原市菅ケ谷２５６－７　相良歯科クリニック", "緯度": 34.697246, "経度": 138.189856, "url": "https://www.iryou.teikyouseido.mhlw.go.jp/znk-web/juminkanja/S2430/initialize?prefCd=22&kikanCd=3227200190&kikanKbn=3", "url2": "http://www.kensei-dental.com/sclinic.html", "内容": "相良歯科クリニック【3:歯科】静岡県牧之原市菅ケ谷２５６－７　相良歯科クリニック" }, "geometry": { "type": "Point", "coordinates": [ 138.189856, 34.697246 ] } },
{ "type": "Feature", "properties": { "ID": 2233227200220, "正式名称": "さくま歯科", "機関区分": 3, "都道府県コード": 22, "市区町村コード": 214, "所在地": "静岡県藤枝市田沼３－６－５", "緯度": 34.84712, "経度": 138.259315, "url": "https://www.iryou.teikyouseido.mhlw.go.jp/znk-web/juminkanja/S2430/initialize?prefCd=22&kikanCd=3227200220&kikanKbn=3", "url2": "http://www.390-dental.com", "内容": "さくま歯科【3:歯科】静岡県藤枝市田沼３－６－５" }, "geometry": { "type": "Point", "coordinates": [ 138.259315, 34.84712 ] } },
{ "type": "Feature", "properties": { "ID": 2233227200640, "正式名称": "はせがわ歯科", "機関区分": 3, "都道府県コード": 22, "市区町村コード": 214, "所在地": "静岡県藤枝市益津下５５－１", "緯度": 34.865007, "経度": 138.263564, "url": "https://www.iryou.teikyouseido.mhlw.go.jp/znk-web/juminkanja/S2430/initialize?prefCd=22&kikanCd=3227200640&kikanKbn=3", "url2": null, "内容": "はせがわ歯科【3:歯科】静岡県藤枝市益津下５５－１" }, "geometry": { "type": "Point", "coordinates": [ 138.263564, 34.865007 ] } },
{ "type": "Feature", "properties": { "ID": 2233227200770, "正式名称": "山本歯科医院", "機関区分": 3, "都道府県コード": 22, "市区町村コード": 429, "所在地": "静岡県榛原郡川根本町徳山８５２", "緯度": 35.075648, "経度": 138.111623, "url": "https://www.iryou.teikyouseido.mhlw.go.jp/znk-web/juminkanja/S2430/initialize?prefCd=22&kikanCd=3227200770&kikanKbn=3", "url2": null, "内容": "山本歯科医院【3:歯科】静岡県榛原郡川根本町徳山８５２" }, "geometry": { "type": "Point", "coordinates": [ 138.111623, 35.075648 ] } },
{ "type": "Feature", "properties": { "ID": 2233227200800, "正式名称": "ツネカワ歯科医院", "機関区分": 3, "都道府県コード": 22, "市区町村コード": 212, "所在地": "静岡県焼津市北新田２４５－６", "緯度": 34.832789, "経度": 138.318339, "url": "https://www.iryou.teikyouseido.mhlw.go.jp/znk-web/juminkanja/S2430/initialize?prefCd=22&kikanCd=3227200800&kikanKbn=3", "url2": null, "内容": "ツネカワ歯科医院【3:歯科】静岡県焼津市北新田２４５－６" }, "geometry": { "type": "Point", "coordinates": [ 138.318339, 34.832789 ] } },
{ "type": "Feature", "properties": { "ID": 2233227200930, "正式名称": "とも歯科医院", "機関区分": 3, "都道府県コード": 22, "市区町村コード": 209, "所在地": "静岡県島田市野田１１２５－９", "緯度": 34.838258, "経度": 138.185794, "url": "https://www.iryou.teikyouseido.mhlw.go.jp/znk-web/juminkanja/S2430/initialize?prefCd=22&kikanCd=3227200930&kikanKbn=3", "url2": null, "内容": "とも歯科医院【3:歯科】静岡県島田市野田１１２５－９" }, "geometry": { "type": "Point", "coordinates": [ 138.185794, 34.838258 ] } },
{ "type": "Feature", "properties": { "ID": 2233227201230, "正式名称": "浅井歯科医院", "機関区分": 3, "都道府県コード": 22, "市区町村コード": 214, "所在地": "静岡県藤枝市高岡１－４－２５", "緯度": 34.840954, "経度": 138.255899, "url": "https://www.iryou.teikyouseido.mhlw.go.jp/znk-web/juminkanja/S2430/initialize?prefCd=22&kikanCd=3227201230&kikanKbn=3", "url2": null, "内容": "浅井歯科医院【3:歯科】静岡県藤枝市高岡１－４－２５" }, "geometry": { "type": "Point", "coordinates": [ 138.255899, 34.840954 ] } },
{ "type": "Feature", "properties": { "ID": 2233227201360, "正式名称": "ひよこ歯科", "機関区分": 3, "都道府県コード": 22, "市区町村コード": 214, "所在地": "静岡県藤枝市高洲７８－２８", "緯度": 34.835121, "経度": 138.255011, "url": "https://www.iryou.teikyouseido.mhlw.go.jp/znk-web/juminkanja/S2430/initialize?prefCd=22&kikanCd=3227201360&kikanKbn=3", "url2": null, "内容": "ひよこ歯科【3:歯科】静岡県藤枝市高洲７８－２８" }, "geometry": { "type": "Point", "coordinates": [ 138.255011, 34.835121 ] } },
{ "type": "Feature", "properties": { "ID": 2233227201520, "正式名称": "ふくだ歯科医院", "機関区分": 3, "都道府県コード": 22, "市区町村コード": 214, "所在地": "静岡県藤枝市青葉町３－１５－７", "緯度": 34.84112, "経度": 138.238928, "url": "https://www.iryou.teikyouseido.mhlw.go.jp/znk-web/juminkanja/S2430/initialize?prefCd=22&kikanCd=3227201520&kikanKbn=3", "url2": null, "内容": "ふくだ歯科医院【3:歯科】静岡県藤枝市青葉町３－１５－７" }, "geometry": { "type": "Point", "coordinates": [ 138.238928, 34.84112 ] } },
{ "type": "Feature", "properties": { "ID": 2233227201810, "正式名称": "小川歯科医院", "機関区分": 3, "都道府県コード": 22, "市区町村コード": 209, "所在地": "静岡県島田市中河町４１０番地", "緯度": 34.841841, "経度": 138.173462, "url": "https://www.iryou.teikyouseido.mhlw.go.jp/znk-web/juminkanja/S2430/initialize?prefCd=22&kikanCd=3227201810&kikanKbn=3", "url2": "www.ogawa-shika.com", "内容": "小川歯科医院【3:歯科】静岡県島田市中河町４１０番地" }, "geometry": { "type": "Point", "coordinates": [ 138.173462, 34.841841 ] } },
{ "type": "Feature", "properties": { "ID": 2233227201940, "正式名称": "井口歯科", "機関区分": 3, "都道府県コード": 22, "市区町村コード": 214, "所在地": "静岡県藤枝市駅前３－１５－８", "緯度": 34.850286, "経度": 138.247205, "url": "https://www.iryou.teikyouseido.mhlw.go.jp/znk-web/juminkanja/S2430/initialize?prefCd=22&kikanCd=3227201940&kikanKbn=3", "url2": null, "内容": "井口歯科【3:歯科】静岡県藤枝市駅前３－１５－８" }, "geometry": { "type": "Point", "coordinates": [ 138.247205, 34.850286 ] } },
{ "type": "Feature", "properties": { "ID": 2233227202080, "正式名称": "池田歯科医院", "機関区分": 3, "都道府県コード": 22, "市区町村コード": 209, "所在地": "静岡県島田市宮川町２４４２－２　０５４７ー３６ー８１００", "緯度": 34.836011, "経度": 138.168134, "url": "https://www.iryou.teikyouseido.mhlw.go.jp/znk-web/juminkanja/S2430/initialize?prefCd=22&kikanCd=3227202080&kikanKbn=3", "url2": "http://ikedashika.biz/", "内容": "池田歯科医院【3:歯科】静岡県島田市宮川町２４４２－２　０５４７ー３６ー８１００" }, "geometry": { "type": "Point", "coordinates": [ 138.168134, 34.836011 ] } },
{ "type": "Feature", "properties": { "ID": 2233227202370, "正式名称": "光歯科医院", "機関区分": 3, "都道府県コード": 22, "市区町村コード": 209, "所在地": "静岡県島田市東町５－１", "緯度": 34.835953, "経度": 138.213542, "url": "https://www.iryou.teikyouseido.mhlw.go.jp/znk-web/juminkanja/S2430/initialize?prefCd=22&kikanCd=3227202370&kikanKbn=3", "url2": null, "内容": "光歯科医院【3:歯科】静岡県島田市東町５－１" }, "geometry": { "type": "Point", "coordinates": [ 138.213542, 34.835953 ] } },
{ "type": "Feature", "properties": { "ID": 2233227202400, "正式名称": "はたの歯科", "機関区分": 3, "都道府県コード": 22, "市区町村コード": 209, "所在地": "静岡県島田市稲荷４丁目６－４", "緯度": 34.834703, "経度": 138.15963, "url": "https://www.iryou.teikyouseido.mhlw.go.jp/znk-web/juminkanja/S2430/initialize?prefCd=22&kikanCd=3227202400&kikanKbn=3", "url2": null, "内容": "はたの歯科【3:歯科】静岡県島田市稲荷４丁目６－４" }, "geometry": { "type": "Point", "coordinates": [ 138.15963, 34.834703 ] } },
{ "type": "Feature", "properties": { "ID": 2233227202660, "正式名称": "すずき歯科医院", "機関区分": 3, "都道府県コード": 22, "市区町村コード": 209, "所在地": "静岡県島田市大井町４－５", "緯度": 34.834258, "経度": 138.173351, "url": "https://www.iryou.teikyouseido.mhlw.go.jp/znk-web/juminkanja/S2430/initialize?prefCd=22&kikanCd=3227202660&kikanKbn=3", "url2": "https://dentsuzuki.com/", "内容": "すずき歯科医院【3:歯科】静岡県島田市大井町４－５" }, "geometry": { "type": "Point", "coordinates": [ 138.173351, 34.834258 ] } },
{ "type": "Feature", "properties": { "ID": 2233227202790, "正式名称": "医療法人社団恵豊会加茂矯正歯科医院", "機関区分": 3, "都道府県コード": 22, "市区町村コード": 214, "所在地": "静岡県藤枝市田沼３－４－１", "緯度": 34.846203, "経度": 138.255871, "url": "https://www.iryou.teikyouseido.mhlw.go.jp/znk-web/juminkanja/S2430/initialize?prefCd=22&kikanCd=3227202790&kikanKbn=3", "url2": "https://www.kamokyousei.com", "内容": "医療法人社団恵豊会加茂矯正歯科医院【3:歯科】静岡県藤枝市田沼３－４－１" }, "geometry": { "type": "Point", "coordinates": [ 138.255871, 34.846203 ] } },
{ "type": "Feature", "properties": { "ID": 2233227202820, "正式名称": "小林歯科医院", "機関区分": 3, "都道府県コード": 22, "市区町村コード": 429, "所在地": "静岡県榛原郡川根本町上長尾８３１", "緯度": 35.043373, "経度": 138.083126, "url": "https://www.iryou.teikyouseido.mhlw.go.jp/znk-web/juminkanja/S2430/initialize?prefCd=22&kikanCd=3227202820&kikanKbn=3", "url2": null, "内容": "小林歯科医院【3:歯科】静岡県榛原郡川根本町上長尾８３１" }, "geometry": { "type": "Point", "coordinates": [ 138.083126, 35.043373 ] } },
{ "type": "Feature", "properties": { "ID": 2233227203090, "正式名称": "駒形歯科医院", "機関区分": 3, "都道府県コード": 22, "市区町村コード": 424, "所在地": "静岡県榛原郡吉田町片岡５９－５", "緯度": 34.781127, "経度": 138.255319, "url": "https://www.iryou.teikyouseido.mhlw.go.jp/znk-web/juminkanja/S2430/initialize?prefCd=22&kikanCd=3227203090&kikanKbn=3", "url2": "http://www.komadent.com/", "内容": "駒形歯科医院【3:歯科】静岡県榛原郡吉田町片岡５９－５" }, "geometry": { "type": "Point", "coordinates": [ 138.255319, 34.781127 ] } },
{ "type": "Feature", "properties": { "ID": 2233227203120, "正式名称": "望月歯科医院", "機関区分": 3, "都道府県コード": 22, "市区町村コード": 103, "所在地": "静岡県静岡市清水区由比４３２－４", "緯度": 35.107022, "経度": 138.562884, "url": "https://www.iryou.teikyouseido.mhlw.go.jp/znk-web/juminkanja/S2430/initialize?prefCd=22&kikanCd=3227203120&kikanKbn=3", "url2": null, "内容": "望月歯科医院【3:歯科】静岡県静岡市清水区由比４３２－４" }, "geometry": { "type": "Point", "coordinates": [ 138.562884, 35.107022 ] } },
{ "type": "Feature", "properties": { "ID": 2233227203380, "正式名称": "フラワー歯科", "機関区分": 3, "都道府県コード": 22, "市区町村コード": 212, "所在地": "静岡県焼津市東小川２丁目１７番１１", "緯度": 34.859008, "経度": 138.312394, "url": "https://www.iryou.teikyouseido.mhlw.go.jp/znk-web/juminkanja/S2430/initialize?prefCd=22&kikanCd=3227203380&kikanKbn=3", "url2": "http://www.1-abc.com/", "内容": "フラワー歯科【3:歯科】静岡県焼津市東小川２丁目１７番１１" }, "geometry": { "type": "Point", "coordinates": [ 138.312394, 34.859008 ] } },
{ "type": "Feature", "properties": { "ID": 2233227203410, "正式名称": "あい歯科クリニック", "機関区分": 3, "都道府県コード": 22, "市区町村コード": 212, "所在地": "静岡県焼津市大覚寺１丁目２－１４", "緯度": 34.877423, "経度": 138.302255, "url": "https://www.iryou.teikyouseido.mhlw.go.jp/znk-web/juminkanja/S2430/initialize?prefCd=22&kikanCd=3227203410&kikanKbn=3", "url2": null, "内容": "あい歯科クリニック【3:歯科】静岡県焼津市大覚寺１丁目２－１４" }, "geometry": { "type": "Point", "coordinates": [ 138.302255, 34.877423 ] } },
{ "type": "Feature", "properties": { "ID": 2233227203540, "正式名称": "レインボー歯科", "機関区分": 3, "都道府県コード": 22, "市区町村コード": 209, "所在地": "静岡県島田市東町２６４３－１", "緯度": 34.833481, "経度": 138.219373, "url": "https://www.iryou.teikyouseido.mhlw.go.jp/znk-web/juminkanja/S2430/initialize?prefCd=22&kikanCd=3227203540&kikanKbn=3", "url2": "http://www.1-abc.com/", "内容": "レインボー歯科【3:歯科】静岡県島田市東町２６４３－１" }, "geometry": { "type": "Point", "coordinates": [ 138.219373, 34.833481 ] } },
{ "type": "Feature", "properties": { "ID": 2233227203670, "正式名称": "あきにわ歯科", "機関区分": 3, "都道府県コード": 22, "市区町村コード": 212, "所在地": "静岡県焼津市下小田７２‐１", "緯度": 34.835316, "経度": 138.314089, "url": "https://www.iryou.teikyouseido.mhlw.go.jp/znk-web/juminkanja/S2430/initialize?prefCd=22&kikanCd=3227203670&kikanKbn=3", "url2": "http://www.akiniwa-dental.com", "内容": "あきにわ歯科【3:歯科】静岡県焼津市下小田７２‐１" }, "geometry": { "type": "Point", "coordinates": [ 138.314089, 34.835316 ] } },
{ "type": "Feature", "properties": { "ID": 2233227203960, "正式名称": "医療法人社団誠江会モチヅキおかべ歯科クリニック", "機関区分": 3, "都道府県コード": 22, "市区町村コード": 214, "所在地": "静岡県藤枝市岡部町内谷９６４－８", "緯度": 34.908086, "経度": 138.284783, "url": "https://www.iryou.teikyouseido.mhlw.go.jp/znk-web/juminkanja/S2430/initialize?prefCd=22&kikanCd=3227203960&kikanKbn=3", "url2": null, "内容": "医療法人社団誠江会モチヅキおかべ歯科クリニック【3:歯科】静岡県藤枝市岡部町内谷９６４－８" }, "geometry": { "type": "Point", "coordinates": [ 138.284783, 34.908086 ] } },
{ "type": "Feature", "properties": { "ID": 2233227204000, "正式名称": "ビタミンＡ歯科", "機関区分": 3, "都道府県コード": 22, "市区町村コード": 103, "所在地": "静岡県静岡市清水区蒲原３２２－１１　イオンタウン蒲原ＳＣ内", "緯度": 35.118932, "経度": 138.609509, "url": "https://www.iryou.teikyouseido.mhlw.go.jp/znk-web/juminkanja/S2430/initialize?prefCd=22&kikanCd=3227204000&kikanKbn=3", "url2": "http://www.1-abc.com/", "内容": "ビタミンＡ歯科【3:歯科】静岡県静岡市清水区蒲原３２２－１１　イオンタウン蒲原ＳＣ内" }, "geometry": { "type": "Point", "coordinates": [ 138.609509, 35.118932 ] } },
{ "type": "Feature", "properties": { "ID": 2233227204130, "正式名称": "吉川歯科クリニック", "機関区分": 3, "都道府県コード": 22, "市区町村コード": 209, "所在地": "静岡県島田市川根町家山３９２－３", "緯度": 34.940145, "経度": 138.076341, "url": "https://www.iryou.teikyouseido.mhlw.go.jp/znk-web/juminkanja/S2430/initialize?prefCd=22&kikanCd=3227204130&kikanKbn=3", "url2": null, "内容": "吉川歯科クリニック【3:歯科】静岡県島田市川根町家山３９２－３" }, "geometry": { "type": "Point", "coordinates": [ 138.076341, 34.940145 ] } },
{ "type": "Feature", "properties": { "ID": 2233227204390, "正式名称": "松下歯科分院", "機関区分": 3, "都道府県コード": 22, "市区町村コード": 209, "所在地": "静岡県島田市栄町４番の１", "緯度": 34.831256, "経度": 138.175383, "url": "https://www.iryou.teikyouseido.mhlw.go.jp/znk-web/juminkanja/S2430/initialize?prefCd=22&kikanCd=3227204390&kikanKbn=3", "url2": null, "内容": "松下歯科分院【3:歯科】静岡県島田市栄町４番の１" }, "geometry": { "type": "Point", "coordinates": [ 138.175383, 34.831256 ] } },
{ "type": "Feature", "properties": { "ID": 2233227204420, "正式名称": "田中歯科医院", "機関区分": 3, "都道府県コード": 22, "市区町村コード": 209, "所在地": "静岡県島田市阪本１４４４－１　あけぼの館１Ｆ", "緯度": 34.80631, "経度": 138.219938, "url": "https://www.iryou.teikyouseido.mhlw.go.jp/znk-web/juminkanja/S2430/initialize?prefCd=22&kikanCd=3227204420&kikanKbn=3", "url2": "http://tnk-dc.or.jp/", "内容": "田中歯科医院【3:歯科】静岡県島田市阪本１４４４－１　あけぼの館１Ｆ" }, "geometry": { "type": "Point", "coordinates": [ 138.219938, 34.80631 ] } },
{ "type": "Feature", "properties": { "ID": 2233227204550, "正式名称": "赤堀歯科医院", "機関区分": 3, "都道府県コード": 22, "市区町村コード": 424, "所在地": "静岡県榛原郡吉田町片岡２１１９", "緯度": 34.775877, "経度": 138.253902, "url": "https://www.iryou.teikyouseido.mhlw.go.jp/znk-web/juminkanja/S2430/initialize?prefCd=22&kikanCd=3227204550&kikanKbn=3", "url2": null, "内容": "赤堀歯科医院【3:歯科】静岡県榛原郡吉田町片岡２１１９" }, "geometry": { "type": "Point", "coordinates": [ 138.253902, 34.775877 ] } },
{ "type": "Feature", "properties": { "ID": 2233227204680, "正式名称": "カワムラ歯科クリニック", "機関区分": 3, "都道府県コード": 22, "市区町村コード": 212, "所在地": "静岡県焼津市宗高１０３０－３", "緯度": 34.806442, "経度": 138.281793, "url": "https://www.iryou.teikyouseido.mhlw.go.jp/znk-web/juminkanja/S2430/initialize?prefCd=22&kikanCd=3227204680&kikanKbn=3", "url2": "http://skdental.jp/", "内容": "カワムラ歯科クリニック【3:歯科】静岡県焼津市宗高１０３０－３" }, "geometry": { "type": "Point", "coordinates": [ 138.281793, 34.806442 ] } },
{ "type": "Feature", "properties": { "ID": 2233227204710, "正式名称": "市ヶ谷歯科クリニック", "機関区分": 3, "都道府県コード": 22, "市区町村コード": 214, "所在地": "静岡県藤枝市時ケ谷３９９－３", "緯度": 34.882185, "経度": 138.258694, "url": "https://www.iryou.teikyouseido.mhlw.go.jp/znk-web/juminkanja/S2430/initialize?prefCd=22&kikanCd=3227204710&kikanKbn=3", "url2": null, "内容": "市ヶ谷歯科クリニック【3:歯科】静岡県藤枝市時ケ谷３９９－３" }, "geometry": { "type": "Point", "coordinates": [ 138.258694, 34.882185 ] } },
{ "type": "Feature", "properties": { "ID": 2233227204840, "正式名称": "西焼津八木歯科クリニック", "機関区分": 3, "都道府県コード": 22, "市区町村コード": 212, "所在地": "静岡県焼津市西焼津２２－３", "緯度": 34.85957, "経度": 138.286587, "url": "https://www.iryou.teikyouseido.mhlw.go.jp/znk-web/juminkanja/S2430/initialize?prefCd=22&kikanCd=3227204840&kikanKbn=3", "url2": "http://nishiyaizu-yagi.cihp2.jp", "内容": "西焼津八木歯科クリニック【3:歯科】静岡県焼津市西焼津２２－３" }, "geometry": { "type": "Point", "coordinates": [ 138.286587, 34.85957 ] } },
{ "type": "Feature", "properties": { "ID": 2233227205270, "正式名称": "みぞぐち歯科医院", "機関区分": 3, "都道府県コード": 22, "市区町村コード": 214, "所在地": "静岡県藤枝市小石川町２－１２－１５ポケットタウン１０２", "緯度": 34.855205, "経度": 138.257511, "url": "https://www.iryou.teikyouseido.mhlw.go.jp/znk-web/juminkanja/S2430/initialize?prefCd=22&kikanCd=3227205270&kikanKbn=3", "url2": null, "内容": "みぞぐち歯科医院【3:歯科】静岡県藤枝市小石川町２－１２－１５ポケットタウン１０２" }, "geometry": { "type": "Point", "coordinates": [ 138.257511, 34.855205 ] } },
{ "type": "Feature", "properties": { "ID": 2233227205300, "正式名称": "後藤歯科医院", "機関区分": 3, "都道府県コード": 22, "市区町村コード": 214, "所在地": "静岡県藤枝市本町２－２－２５", "緯度": 34.874386, "経度": 138.262469, "url": "https://www.iryou.teikyouseido.mhlw.go.jp/znk-web/juminkanja/S2430/initialize?prefCd=22&kikanCd=3227205300&kikanKbn=3", "url2": null, "内容": "後藤歯科医院【3:歯科】静岡県藤枝市本町２－２－２５" }, "geometry": { "type": "Point", "coordinates": [ 138.262469, 34.874386 ] } },
{ "type": "Feature", "properties": { "ID": 2233227205430, "正式名称": "桜デンタルクリニック", "機関区分": 3, "都道府県コード": 22, "市区町村コード": 214, "所在地": "静岡県藤枝市平島１４３４－５", "緯度": 34.874081, "経度": 138.281892, "url": "https://www.iryou.teikyouseido.mhlw.go.jp/znk-web/juminkanja/S2430/initialize?prefCd=22&kikanCd=3227205430&kikanKbn=3", "url2": "http://www.sakuradentalclinic.com", "内容": "桜デンタルクリニック【3:歯科】静岡県藤枝市平島１４３４－５" }, "geometry": { "type": "Point", "coordinates": [ 138.281892, 34.874081 ] } },
{ "type": "Feature", "properties": { "ID": 2233227205560, "正式名称": "グリーン歯科クリニック", "機関区分": 3, "都道府県コード": 22, "市区町村コード": 226, "所在地": "静岡県牧之原市地頭方９５－１", "緯度": 34.634097, "経度": 138.191723, "url": "https://www.iryou.teikyouseido.mhlw.go.jp/znk-web/juminkanja/S2430/initialize?prefCd=22&kikanCd=3227205560&kikanKbn=3", "url2": null, "内容": "グリーン歯科クリニック【3:歯科】静岡県牧之原市地頭方９５－１" }, "geometry": { "type": "Point", "coordinates": [ 138.191723, 34.634097 ] } },
{ "type": "Feature", "properties": { "ID": 2233227205690, "正式名称": "いのくま歯科・矯正歯科", "機関区分": 3, "都道府県コード": 22, "市区町村コード": 214, "所在地": "静岡県藤枝市青木２丁目３４－９", "緯度": 34.856765, "経度": 138.251454, "url": "https://www.iryou.teikyouseido.mhlw.go.jp/znk-web/juminkanja/S2430/initialize?prefCd=22&kikanCd=3227205690&kikanKbn=3", "url2": "http://www.inokuma-shika.com", "内容": "いのくま歯科・矯正歯科【3:歯科】静岡県藤枝市青木２丁目３４－９" }, "geometry": { "type": "Point", "coordinates": [ 138.251454, 34.856765 ] } },
{ "type": "Feature", "properties": { "ID": 2233227205720, "正式名称": "ファミリー歯科", "機関区分": 3, "都道府県コード": 22, "市区町村コード": 226, "所在地": "静岡県牧之原市大沢８３１－５", "緯度": 34.686531, "経度": 138.189049, "url": "https://www.iryou.teikyouseido.mhlw.go.jp/znk-web/juminkanja/S2430/initialize?prefCd=22&kikanCd=3227205720&kikanKbn=3", "url2": "http://www.sakura-fdc.com", "内容": "ファミリー歯科【3:歯科】静岡県牧之原市大沢８３１－５" }, "geometry": { "type": "Point", "coordinates": [ 138.189049, 34.686531 ] } },
{ "type": "Feature", "properties": { "ID": 2233227205850, "正式名称": "スマート・デンタル・オフィス", "機関区分": 3, "都道府県コード": 22, "市区町村コード": 214, "所在地": "静岡県藤枝市音羽町２－１４－１２", "緯度": 34.87345, "経度": 138.234538, "url": "https://www.iryou.teikyouseido.mhlw.go.jp/znk-web/juminkanja/S2430/initialize?prefCd=22&kikanCd=3227205850&kikanKbn=3", "url2": "http://www.smart-dental.info", "内容": "スマート・デンタル・オフィス【3:歯科】静岡県藤枝市音羽町２－１４－１２" }, "geometry": { "type": "Point", "coordinates": [ 138.234538, 34.87345 ] } },
{ "type": "Feature", "properties": { "ID": 2233227206280, "正式名称": "中島歯科医院", "機関区分": 3, "都道府県コード": 22, "市区町村コード": 209, "所在地": "静岡県島田市井口７７８", "緯度": 34.799543, "経度": 138.228903, "url": "https://www.iryou.teikyouseido.mhlw.go.jp/znk-web/juminkanja/S2430/initialize?prefCd=22&kikanCd=3227206280&kikanKbn=3", "url2": null, "内容": "中島歯科医院【3:歯科】静岡県島田市井口７７８" }, "geometry": { "type": "Point", "coordinates": [ 138.228903, 34.799543 ] } },
{ "type": "Feature", "properties": { "ID": 2233227206310, "正式名称": "かたおか歯科医院", "機関区分": 3, "都道府県コード": 22, "市区町村コード": 212, "所在地": "静岡県焼津市小土３４８－５", "緯度": 34.868703, "経度": 138.296021, "url": "https://www.iryou.teikyouseido.mhlw.go.jp/znk-web/juminkanja/S2430/initialize?prefCd=22&kikanCd=3227206310&kikanKbn=3", "url2": "http://www.kata-dent.net", "内容": "かたおか歯科医院【3:歯科】静岡県焼津市小土３４８－５" }, "geometry": { "type": "Point", "coordinates": [ 138.296021, 34.868703 ] } },
{ "type": "Feature", "properties": { "ID": 2233227206440, "正式名称": "エール矯正歯科・こども歯科", "機関区分": 3, "都道府県コード": 22, "市区町村コード": 214, "所在地": "静岡県藤枝市田沼２丁目１５－３１", "緯度": 34.84935, "経度": 138.261061, "url": "https://www.iryou.teikyouseido.mhlw.go.jp/znk-web/juminkanja/S2430/initialize?prefCd=22&kikanCd=3227206440&kikanKbn=3", "url2": "http://www.yell-dental.com/", "内容": "エール矯正歯科・こども歯科【3:歯科】静岡県藤枝市田沼２丁目１５－３１" }, "geometry": { "type": "Point", "coordinates": [ 138.261061, 34.84935 ] } },
{ "type": "Feature", "properties": { "ID": 2233227206570, "正式名称": "本多こども歯科", "機関区分": 3, "都道府県コード": 22, "市区町村コード": 212, "所在地": "静岡県焼津市大栄町２－１－１", "緯度": 34.872911, "経度": 138.313305, "url": "https://www.iryou.teikyouseido.mhlw.go.jp/znk-web/juminkanja/S2430/initialize?prefCd=22&kikanCd=3227206570&kikanKbn=3", "url2": "http://www.honda-pdc.com", "内容": "本多こども歯科【3:歯科】静岡県焼津市大栄町２－１－１" }, "geometry": { "type": "Point", "coordinates": [ 138.313305, 34.872911 ] } },
{ "type": "Feature", "properties": { "ID": 2233227206600, "正式名称": "ふくろう歯科", "機関区分": 3, "都道府県コード": 22, "市区町村コード": 214, "所在地": "静岡県藤枝市水守２丁目１４－６", "緯度": 34.882212, "経度": 138.274605, "url": "https://www.iryou.teikyouseido.mhlw.go.jp/znk-web/juminkanja/S2430/initialize?prefCd=22&kikanCd=3227206600&kikanKbn=3", "url2": null, "内容": "ふくろう歯科【3:歯科】静岡県藤枝市水守２丁目１４－６" }, "geometry": { "type": "Point", "coordinates": [ 138.274605, 34.882212 ] } },
{ "type": "Feature", "properties": { "ID": 2233227206730, "正式名称": "川野歯科", "機関区分": 3, "都道府県コード": 22, "市区町村コード": 212, "所在地": "静岡県焼津市道原１０２１－１", "緯度": 34.842732, "経度": 138.305117, "url": "https://www.iryou.teikyouseido.mhlw.go.jp/znk-web/juminkanja/S2430/initialize?prefCd=22&kikanCd=3227206730&kikanKbn=3", "url2": null, "内容": "川野歯科【3:歯科】静岡県焼津市道原１０２１－１" }, "geometry": { "type": "Point", "coordinates": [ 138.305117, 34.842732 ] } },
{ "type": "Feature", "properties": { "ID": 2233227206860, "正式名称": "ポプラ歯科医院", "機関区分": 3, "都道府県コード": 22, "市区町村コード": 212, "所在地": "静岡県焼津市下江留１１３７番地２", "緯度": 34.808941, "経度": 138.271466, "url": "https://www.iryou.teikyouseido.mhlw.go.jp/znk-web/juminkanja/S2430/initialize?prefCd=22&kikanCd=3227206860&kikanKbn=3", "url2": null, "内容": "ポプラ歯科医院【3:歯科】静岡県焼津市下江留１１３７番地２" }, "geometry": { "type": "Point", "coordinates": [ 138.271466, 34.808941 ] } },
{ "type": "Feature", "properties": { "ID": 2233227206990, "正式名称": "八木歯科医院", "機関区分": 3, "都道府県コード": 22, "市区町村コード": 209, "所在地": "静岡県島田市阿知ケ谷１５４－１", "緯度": 34.838225, "経度": 138.205885, "url": "https://www.iryou.teikyouseido.mhlw.go.jp/znk-web/juminkanja/S2430/initialize?prefCd=22&kikanCd=3227206990&kikanKbn=3", "url2": "http://www.yagidc.com/", "内容": "八木歯科医院【3:歯科】静岡県島田市阿知ケ谷１５４－１" }, "geometry": { "type": "Point", "coordinates": [ 138.205885, 34.838225 ] } },
{ "type": "Feature", "properties": { "ID": 2233227207030, "正式名称": "陽だまり佐野歯科", "機関区分": 3, "都道府県コード": 22, "市区町村コード": 214, "所在地": "静岡県藤枝市八幡７０番地１", "緯度": 34.883058, "経度": 138.274202, "url": "https://www.iryou.teikyouseido.mhlw.go.jp/znk-web/juminkanja/S2430/initialize?prefCd=22&kikanCd=3227207030&kikanKbn=3", "url2": "http://hidamari-sdc.com/", "内容": "陽だまり佐野歯科【3:歯科】静岡県藤枝市八幡７０番地１" }, "geometry": { "type": "Point", "coordinates": [ 138.274202, 34.883058 ] } },
{ "type": "Feature", "properties": { "ID": 2233227207160, "正式名称": "にしかわ歯科医院", "機関区分": 3, "都道府県コード": 22, "市区町村コード": 214, "所在地": "静岡県藤枝市高柳２－９－３", "緯度": 34.850069, "経度": 138.267722, "url": "https://www.iryou.teikyouseido.mhlw.go.jp/znk-web/juminkanja/S2430/initialize?prefCd=22&kikanCd=3227207160&kikanKbn=3", "url2": "http://www.nishikawa-dc.net/", "内容": "にしかわ歯科医院【3:歯科】静岡県藤枝市高柳２－９－３" }, "geometry": { "type": "Point", "coordinates": [ 138.267722, 34.850069 ] } },
{ "type": "Feature", "properties": { "ID": 2233227207290, "正式名称": "すぎやま歯科医院", "機関区分": 3, "都道府県コード": 22, "市区町村コード": 214, "所在地": "静岡県藤枝市青葉町４丁目２－１７", "緯度": 34.841654, "経度": 138.246362, "url": "https://www.iryou.teikyouseido.mhlw.go.jp/znk-web/juminkanja/S2430/initialize?prefCd=22&kikanCd=3227207290&kikanKbn=3", "url2": null, "内容": "すぎやま歯科医院【3:歯科】静岡県藤枝市青葉町４丁目２－１７" }, "geometry": { "type": "Point", "coordinates": [ 138.246362, 34.841654 ] } },
{ "type": "Feature", "properties": { "ID": 2233227207320, "正式名称": "にしむら歯科クリニック", "機関区分": 3, "都道府県コード": 22, "市区町村コード": 209, "所在地": "静岡県島田市道悦３丁目１８－１", "緯度": 34.832372, "経度": 138.204344, "url": "https://www.iryou.teikyouseido.mhlw.go.jp/znk-web/juminkanja/S2430/initialize?prefCd=22&kikanCd=3227207320&kikanKbn=3", "url2": "http://www.dental-nishimura.com/", "内容": "にしむら歯科クリニック【3:歯科】静岡県島田市道悦３丁目１８－１" }, "geometry": { "type": "Point", "coordinates": [ 138.204344, 34.832372 ] } },
{ "type": "Feature", "properties": { "ID": 2233227207610, "正式名称": "なお歯科医院", "機関区分": 3, "都道府県コード": 22, "市区町村コード": 209, "所在地": "静岡県島田市岸町２１２番地の１", "緯度": 34.842072, "経度": 138.206009, "url": "https://www.iryou.teikyouseido.mhlw.go.jp/znk-web/juminkanja/S2430/initialize?prefCd=22&kikanCd=3227207610&kikanKbn=3", "url2": null, "内容": "なお歯科医院【3:歯科】静岡県島田市岸町２１２番地の１" }, "geometry": { "type": "Point", "coordinates": [ 138.206009, 34.842072 ] } },
{ "type": "Feature", "properties": { "ID": 2233227207740, "正式名称": "加茂歯科医院", "機関区分": 3, "都道府県コード": 22, "市区町村コード": 212, "所在地": "静岡県焼津市五ケ堀之内１２５９－１", "緯度": 34.857064, "経度": 138.294781, "url": "https://www.iryou.teikyouseido.mhlw.go.jp/znk-web/juminkanja/S2430/initialize?prefCd=22&kikanCd=3227207740&kikanKbn=3", "url2": "http://www.kamo-dental.com/", "内容": "加茂歯科医院【3:歯科】静岡県焼津市五ケ堀之内１２５９－１" }, "geometry": { "type": "Point", "coordinates": [ 138.294781, 34.857064 ] } },
{ "type": "Feature", "properties": { "ID": 2233227207870, "正式名称": "山村歯科医院", "機関区分": 3, "都道府県コード": 22, "市区町村コード": 226, "所在地": "静岡県牧之原市相良３３５－１", "緯度": 34.685798, "経度": 138.199011, "url": "https://www.iryou.teikyouseido.mhlw.go.jp/znk-web/juminkanja/S2430/initialize?prefCd=22&kikanCd=3227207870&kikanKbn=3", "url2": "htto://yamamuradental.com", "内容": "山村歯科医院【3:歯科】静岡県牧之原市相良３３５－１" }, "geometry": { "type": "Point", "coordinates": [ 138.199011, 34.685798 ] } },
{ "type": "Feature", "properties": { "ID": 2233227207900, "正式名称": "なお歯科クリニック", "機関区分": 3, "都道府県コード": 22, "市区町村コード": 212, "所在地": "静岡県焼津市本町２丁目１４－１　共栄ビル１Ｆ", "緯度": 34.866841, "経度": 138.32257, "url": "https://www.iryou.teikyouseido.mhlw.go.jp/znk-web/juminkanja/S2430/initialize?prefCd=22&kikanCd=3227207900&kikanKbn=3", "url2": "www.nao-yaizu.jp", "内容": "なお歯科クリニック【3:歯科】静岡県焼津市本町２丁目１４－１　共栄ビル１Ｆ" }, "geometry": { "type": "Point", "coordinates": [ 138.32257, 34.866841 ] } },
{ "type": "Feature", "properties": { "ID": 2233227208040, "正式名称": "河村歯科診療室", "機関区分": 3, "都道府県コード": 22, "市区町村コード": 212, "所在地": "静岡県焼津市本町２丁目１２－８", "緯度": 34.86652, "経度": 138.322223, "url": "https://www.iryou.teikyouseido.mhlw.go.jp/znk-web/juminkanja/S2430/initialize?prefCd=22&kikanCd=3227208040&kikanKbn=3", "url2": "http://dental-kawamura.jp", "内容": "河村歯科診療室【3:歯科】静岡県焼津市本町２丁目１２－８" }, "geometry": { "type": "Point", "coordinates": [ 138.322223, 34.86652 ] } },
{ "type": "Feature", "properties": { "ID": 2233227208330, "正式名称": "たていし歯科クリニック", "機関区分": 3, "都道府県コード": 22, "市区町村コード": 212, "所在地": "静岡県焼津市小柳津３０７－１０", "緯度": 34.85116, "経度": 138.284725, "url": "https://www.iryou.teikyouseido.mhlw.go.jp/znk-web/juminkanja/S2430/initialize?prefCd=22&kikanCd=3227208330&kikanKbn=3", "url2": "http://www.tateishi-dental.jp", "内容": "たていし歯科クリニック【3:歯科】静岡県焼津市小柳津３０７－１０" }, "geometry": { "type": "Point", "coordinates": [ 138.284725, 34.85116 ] } },
{ "type": "Feature", "properties": { "ID": 2233227208460, "正式名称": "Ｄｒ．Ｓａｉデンタルクリニック", "機関区分": 3, "都道府県コード": 22, "市区町村コード": 209, "所在地": "静岡県島田市元島田９２４８－１", "緯度": 34.839513, "経度": 138.184754, "url": "https://www.iryou.teikyouseido.mhlw.go.jp/znk-web/juminkanja/S2430/initialize?prefCd=22&kikanCd=3227208460&kikanKbn=3", "url2": "http://www.dr-sai.net/", "内容": "Ｄｒ．Ｓａｉデンタルクリニック【3:歯科】静岡県島田市元島田９２４８－１" }, "geometry": { "type": "Point", "coordinates": [ 138.184754, 34.839513 ] } },
{ "type": "Feature", "properties": { "ID": 2233227208750, "正式名称": "やすもと歯科医院", "機関区分": 3, "都道府県コード": 22, "市区町村コード": 212, "所在地": "静岡県焼津市東道原２－１", "緯度": 34.837751, "経度": 138.308841, "url": "https://www.iryou.teikyouseido.mhlw.go.jp/znk-web/juminkanja/S2430/initialize?prefCd=22&kikanCd=3227208750&kikanKbn=3", "url2": "yasumoto-shika.com", "内容": "やすもと歯科医院【3:歯科】静岡県焼津市東道原２－１" }, "geometry": { "type": "Point", "coordinates": [ 138.308841, 34.837751 ] } },
{ "type": "Feature", "properties": { "ID": 2233227208880, "正式名称": "豊田歯科クリニック", "機関区分": 3, "都道府県コード": 22, "市区町村コード": 212, "所在地": "静岡県焼津市小土９７－１", "緯度": 34.867786, "経度": 138.286862, "url": "https://www.iryou.teikyouseido.mhlw.go.jp/znk-web/juminkanja/S2430/initialize?prefCd=22&kikanCd=3227208880&kikanKbn=3", "url2": "http://toyoda-dc.net", "内容": "豊田歯科クリニック【3:歯科】静岡県焼津市小土９７－１" }, "geometry": { "type": "Point", "coordinates": [ 138.286862, 34.867786 ] } },
{ "type": "Feature", "properties": { "ID": 2233227208910, "正式名称": "池谷歯科医院", "機関区分": 3, "都道府県コード": 22, "市区町村コード": 214, "所在地": "静岡県藤枝市駅前１－１３－２３", "緯度": 34.851038, "経度": 138.253951, "url": "https://www.iryou.teikyouseido.mhlw.go.jp/znk-web/juminkanja/S2430/initialize?prefCd=22&kikanCd=3227208910&kikanKbn=3", "url2": null, "内容": "池谷歯科医院【3:歯科】静岡県藤枝市駅前１－１３－２３" }, "geometry": { "type": "Point", "coordinates": [ 138.253951, 34.851038 ] } },
{ "type": "Feature", "properties": { "ID": 2233227209050, "正式名称": "井口歯科駅南", "機関区分": 3, "都道府県コード": 22, "市区町村コード": 214, "所在地": "静岡県藤枝市前島３丁目１－４６", "緯度": 34.844005, "経度": 138.254305, "url": "https://www.iryou.teikyouseido.mhlw.go.jp/znk-web/juminkanja/S2430/initialize?prefCd=22&kikanCd=3227209050&kikanKbn=3", "url2": null, "内容": "井口歯科駅南【3:歯科】静岡県藤枝市前島３丁目１－４６" }, "geometry": { "type": "Point", "coordinates": [ 138.254305, 34.844005 ] } },
{ "type": "Feature", "properties": { "ID": 2233227209180, "正式名称": "ＫＥＮデンタルクリニック", "機関区分": 3, "都道府県コード": 22, "市区町村コード": 212, "所在地": "静岡県焼津市与惣次２ー１７ー７", "緯度": 34.844016, "経度": 138.312672, "url": "https://www.iryou.teikyouseido.mhlw.go.jp/znk-web/juminkanja/S2430/initialize?prefCd=22&kikanCd=3227209180&kikanKbn=3", "url2": "http://www.ken-dental.net", "内容": "ＫＥＮデンタルクリニック【3:歯科】静岡県焼津市与惣次２ー１７ー７" }, "geometry": { "type": "Point", "coordinates": [ 138.312672, 34.844016 ] } },
{ "type": "Feature", "properties": { "ID": 2233227209340, "正式名称": "れんげじ歯科クリニック", "機関区分": 3, "都道府県コード": 22, "市区町村コード": 214, "所在地": "静岡県藤枝市若王子３丁目１－１", "緯度": 34.878252, "経度": 138.257639, "url": "https://www.iryou.teikyouseido.mhlw.go.jp/znk-web/juminkanja/S2430/initialize?prefCd=22&kikanCd=3227209340&kikanKbn=3", "url2": "http://www.rengeji-dental-clinic.com", "内容": "れんげじ歯科クリニック【3:歯科】静岡県藤枝市若王子３丁目１－１" }, "geometry": { "type": "Point", "coordinates": [ 138.257639, 34.878252 ] } },
{ "type": "Feature", "properties": { "ID": 2233227209470, "正式名称": "そのだ歯科・口腔外科クリニック", "機関区分": 3, "都道府県コード": 22, "市区町村コード": 214, "所在地": "静岡県藤枝市瀬戸新屋２４４－２", "緯度": 34.852049, "経度": 138.243151, "url": "https://www.iryou.teikyouseido.mhlw.go.jp/znk-web/juminkanja/S2430/initialize?prefCd=22&kikanCd=3227209470&kikanKbn=3", "url2": "sonoda-oralsurgery.comJ", "内容": "そのだ歯科・口腔外科クリニック【3:歯科】静岡県藤枝市瀬戸新屋２４４－２" }, "geometry": { "type": "Point", "coordinates": [ 138.243151, 34.852049 ] } },
{ "type": "Feature", "properties": { "ID": 2233227209500, "正式名称": "いしかわ歯科", "機関区分": 3, "都道府県コード": 22, "市区町村コード": 214, "所在地": "静岡県藤枝市瀬古２－４－８", "緯度": 34.862751, "経度": 138.242079, "url": "https://www.iryou.teikyouseido.mhlw.go.jp/znk-web/juminkanja/S2430/initialize?prefCd=22&kikanCd=3227209500&kikanKbn=3", "url2": "shikashika.jp", "内容": "いしかわ歯科【3:歯科】静岡県藤枝市瀬古２－４－８" }, "geometry": { "type": "Point", "coordinates": [ 138.242079, 34.862751 ] } },
{ "type": "Feature", "properties": { "ID": 2233227209630, "正式名称": "パステル歯科", "機関区分": 3, "都道府県コード": 22, "市区町村コード": 212, "所在地": "静岡県焼津市西小川６丁目１６－８", "緯度": 34.854515, "経度": 138.302294, "url": "https://www.iryou.teikyouseido.mhlw.go.jp/znk-web/juminkanja/S2430/initialize?prefCd=22&kikanCd=3227209630&kikanKbn=3", "url2": null, "内容": "パステル歯科【3:歯科】静岡県焼津市西小川６丁目１６－８" }, "geometry": { "type": "Point", "coordinates": [ 138.302294, 34.854515 ] } },
{ "type": "Feature", "properties": { "ID": 2233227209890, "正式名称": "松下歯科オーラルクリニック", "機関区分": 3, "都道府県コード": 22, "市区町村コード": 214, "所在地": "静岡県藤枝市高岡３－２５－１５", "緯度": 34.838553, "経度": 138.246343, "url": "https://www.iryou.teikyouseido.mhlw.go.jp/znk-web/juminkanja/S2430/initialize?prefCd=22&kikanCd=3227209890&kikanKbn=3", "url2": null, "内容": "松下歯科オーラルクリニック【3:歯科】静岡県藤枝市高岡３－２５－１５" }, "geometry": { "type": "Point", "coordinates": [ 138.246343, 34.838553 ] } },
{ "type": "Feature", "properties": { "ID": 2233227209920, "正式名称": "ながい歯科", "機関区分": 3, "都道府県コード": 22, "市区町村コード": 214, "所在地": "静岡県藤枝市下藪田９２", "緯度": 34.886717, "経度": 138.259627, "url": "https://www.iryou.teikyouseido.mhlw.go.jp/znk-web/juminkanja/S2430/initialize?prefCd=22&kikanCd=3227209920&kikanKbn=3", "url2": "http://www.nagai-shika.info/", "内容": "ながい歯科【3:歯科】静岡県藤枝市下藪田９２" }, "geometry": { "type": "Point", "coordinates": [ 138.259627, 34.886717 ] } },
{ "type": "Feature", "properties": { "ID": 2233227210030, "正式名称": "はっとり歯科・矯正歯科", "機関区分": 3, "都道府県コード": 22, "市区町村コード": 214, "所在地": "静岡県藤枝市音羽町３－２－８", "緯度": 34.873541, "経度": 138.241002, "url": "https://www.iryou.teikyouseido.mhlw.go.jp/znk-web/juminkanja/S2430/initialize?prefCd=22&kikanCd=3227210030&kikanKbn=3", "url2": "https://www.hattori-dent.net", "内容": "はっとり歯科・矯正歯科【3:歯科】静岡県藤枝市音羽町３－２－８" }, "geometry": { "type": "Point", "coordinates": [ 138.241002, 34.873541 ] } },
{ "type": "Feature", "properties": { "ID": 2233227210160, "正式名称": "あきやま歯科クリニック", "機関区分": 3, "都道府県コード": 22, "市区町村コード": 214, "所在地": "静岡県藤枝市小石川町１丁目２番１０号", "緯度": 34.852163, "経度": 138.256601, "url": "https://www.iryou.teikyouseido.mhlw.go.jp/znk-web/juminkanja/S2430/initialize?prefCd=22&kikanCd=3227210160&kikanKbn=3", "url2": null, "内容": "あきやま歯科クリニック【3:歯科】静岡県藤枝市小石川町１丁目２番１０号" }, "geometry": { "type": "Point", "coordinates": [ 138.256601, 34.852163 ] } },
{ "type": "Feature", "properties": { "ID": 2233227210320, "正式名称": "横井歯科医院", "機関区分": 3, "都道府県コード": 22, "市区町村コード": 209, "所在地": "静岡県島田市中央町１４－１５", "緯度": 34.837688, "経度": 138.174867, "url": "https://www.iryou.teikyouseido.mhlw.go.jp/znk-web/juminkanja/S2430/initialize?prefCd=22&kikanCd=3227210320&kikanKbn=3", "url2": "https://www.yokoi-sikaiin.jp/", "内容": "横井歯科医院【3:歯科】静岡県島田市中央町１４－１５" }, "geometry": { "type": "Point", "coordinates": [ 138.174867, 34.837688 ] } },
{ "type": "Feature", "properties": { "ID": 2233227210580, "正式名称": "石田歯科医院", "機関区分": 3, "都道府県コード": 22, "市区町村コード": 212, "所在地": "静岡県焼津市大住８８９－２", "緯度": 34.844617, "経度": 138.286715, "url": "https://www.iryou.teikyouseido.mhlw.go.jp/znk-web/juminkanja/S2430/initialize?prefCd=22&kikanCd=3227210580&kikanKbn=3", "url2": "https://www.ishida-dental.net/index.html", "内容": "石田歯科医院【3:歯科】静岡県焼津市大住８８９－２" }, "geometry": { "type": "Point", "coordinates": [ 138.286715, 34.844617 ] } },
{ "type": "Feature", "properties": { "ID": 2233227210740, "正式名称": "もも歯科", "機関区分": 3, "都道府県コード": 22, "市区町村コード": 212, "所在地": "静岡県焼津市東小川８－１１－１", "緯度": 34.850705, "経度": 138.30882, "url": "https://www.iryou.teikyouseido.mhlw.go.jp/znk-web/juminkanja/S2430/initialize?prefCd=22&kikanCd=3227210740&kikanKbn=3", "url2": "http://www.momoshika.net/", "内容": "もも歯科【3:歯科】静岡県焼津市東小川８－１１－１" }, "geometry": { "type": "Point", "coordinates": [ 138.30882, 34.850705 ] } },
{ "type": "Feature", "properties": { "ID": 2233227210870, "正式名称": "小川やまだ歯科", "機関区分": 3, "都道府県コード": 22, "市区町村コード": 212, "所在地": "静岡県焼津市小川新町２丁目１－１８", "緯度": 34.857541, "経度": 138.318317, "url": "https://www.iryou.teikyouseido.mhlw.go.jp/znk-web/juminkanja/S2430/initialize?prefCd=22&kikanCd=3227210870&kikanKbn=3", "url2": "https://www.kogawa-yamadashika.com/", "内容": "小川やまだ歯科【3:歯科】静岡県焼津市小川新町２丁目１－１８" }, "geometry": { "type": "Point", "coordinates": [ 138.318317, 34.857541 ] } },
{ "type": "Feature", "properties": { "ID": 2233227211330, "正式名称": "ＮＰデンタルクリニック", "機関区分": 3, "都道府県コード": 22, "市区町村コード": 214, "所在地": "静岡県藤枝市田沼１－４－１９", "緯度": 34.84884, "経度": 138.254235, "url": "https://www.iryou.teikyouseido.mhlw.go.jp/znk-web/juminkanja/S2430/initialize?prefCd=22&kikanCd=3227211330&kikanKbn=3", "url2": "https://www.np-dental-clinic.com/", "内容": "ＮＰデンタルクリニック【3:歯科】静岡県藤枝市田沼１－４－１９" }, "geometry": { "type": "Point", "coordinates": [ 138.254235, 34.84884 ] } },
{ "type": "Feature", "properties": { "ID": 2233227211590, "正式名称": "Ｄｒ．ＳａｉデンタルクリニックデンタルクリニックＡＮＮＥＸ", "機関区分": 3, "都道府県コード": 22, "市区町村コード": 209, "所在地": "静岡県島田市本通５丁目７８７８番地の１０エンブルエバー島田本通り１階１０１", "緯度": 34.832348, "経度": 138.178301, "url": "https://www.iryou.teikyouseido.mhlw.go.jp/znk-web/juminkanja/S2430/initialize?prefCd=22&kikanCd=3227211590&kikanKbn=3", "url2": "https://dr-sai.net/", "内容": "Ｄｒ．ＳａｉデンタルクリニックデンタルクリニックＡＮＮＥＸ【3:歯科】静岡県島田市本通５丁目７８７８番地の１０エンブルエバー島田本通り１階１０１" }, "geometry": { "type": "Point", "coordinates": [ 138.178301, 34.832348 ] } },
{ "type": "Feature", "properties": { "ID": 2233227211620, "正式名称": "やぎ歯科医院", "機関区分": 3, "都道府県コード": 22, "市区町村コード": 212, "所在地": "静岡県焼津市小川１０４５－１", "緯度": 34.851669, "経度": 138.299848, "url": "https://www.iryou.teikyouseido.mhlw.go.jp/znk-web/juminkanja/S2430/initialize?prefCd=22&kikanCd=3227211620&kikanKbn=3", "url2": "https://www.ydc-yaizu.com/", "内容": "やぎ歯科医院【3:歯科】静岡県焼津市小川１０４５－１" }, "geometry": { "type": "Point", "coordinates": [ 138.299848, 34.851669 ] } },
{ "type": "Feature", "properties": { "ID": 2233227211750, "正式名称": "イイハ歯科", "機関区分": 3, "都道府県コード": 22, "市区町村コード": 214, "所在地": "静岡県藤枝市水守１－１５－８イイハ歯科", "緯度": 34.881189, "経度": 138.272153, "url": "https://www.iryou.teikyouseido.mhlw.go.jp/znk-web/juminkanja/S2430/initialize?prefCd=22&kikanCd=3227211750&kikanKbn=3", "url2": null, "内容": "イイハ歯科【3:歯科】静岡県藤枝市水守１－１５－８イイハ歯科" }, "geometry": { "type": "Point", "coordinates": [ 138.272153, 34.881189 ] } },
{ "type": "Feature", "properties": { "ID": 2233227212180, "正式名称": "歯アートデンタルクリニック", "機関区分": 3, "都道府県コード": 22, "市区町村コード": 209, "所在地": "静岡県島田市中溝町１６４１－１", "緯度": 34.838764, "経度": 138.168652, "url": "https://www.iryou.teikyouseido.mhlw.go.jp/znk-web/juminkanja/S2430/initialize?prefCd=22&kikanCd=3227212180&kikanKbn=3", "url2": null, "内容": "歯アートデンタルクリニック【3:歯科】静岡県島田市中溝町１６４１－１" }, "geometry": { "type": "Point", "coordinates": [ 138.168652, 34.838764 ] } },
{ "type": "Feature", "properties": { "ID": 2233227212210, "正式名称": "医療法人社団一樹会　佐塚歯科医院", "機関区分": 3, "都道府県コード": 22, "市区町村コード": 209, "所在地": "静岡県島田市金谷宮崎町３７６－４２", "緯度": 34.826853, "経度": 138.131125, "url": "https://www.iryou.teikyouseido.mhlw.go.jp/znk-web/juminkanja/S2430/initialize?prefCd=22&kikanCd=3227212210&kikanKbn=3", "url2": null, "内容": "医療法人社団一樹会　佐塚歯科医院【3:歯科】静岡県島田市金谷宮崎町３７６－４２" }, "geometry": { "type": "Point", "coordinates": [ 138.131125, 34.826853 ] } },
{ "type": "Feature", "properties": { "ID": 2233227300120, "正式名称": "うさみ歯科クリニック", "機関区分": 3, "都道府県コード": 22, "市区町村コード": 224, "所在地": "静岡県菊川市加茂５５６８", "緯度": 34.744628, "経度": 138.087001, "url": "https://www.iryou.teikyouseido.mhlw.go.jp/znk-web/juminkanja/S2430/initialize?prefCd=22&kikanCd=3227300120&kikanKbn=3", "url2": null, "内容": "うさみ歯科クリニック【3:歯科】静岡県菊川市加茂５５６８" }, "geometry": { "type": "Point", "coordinates": [ 138.087001, 34.744628 ] } },
{ "type": "Feature", "properties": { "ID": 2233227300250, "正式名称": "静岡磐田矯正歯科", "機関区分": 3, "都道府県コード": 22, "市区町村コード": 211, "所在地": "静岡県磐田市中泉２－１－２　イーストフラット９８アネックス１Ｆ", "緯度": 34.710738, "経度": 137.854466, "url": "https://www.iryou.teikyouseido.mhlw.go.jp/znk-web/juminkanja/S2430/initialize?prefCd=22&kikanCd=3227300250&kikanKbn=3", "url2": "www.ortho-clinic.net", "内容": "静岡磐田矯正歯科【3:歯科】静岡県磐田市中泉２－１－２　イーストフラット９８アネックス１Ｆ" }, "geometry": { "type": "Point", "coordinates": [ 137.854466, 34.710738 ] } },
{ "type": "Feature", "properties": { "ID": 2233227300410, "正式名称": "あつみ歯科", "機関区分": 3, "都道府県コード": 22, "市区町村コード": 211, "所在地": "静岡県磐田市国府台２５－１", "緯度": 34.719043, "経度": 137.848022, "url": "https://www.iryou.teikyouseido.mhlw.go.jp/znk-web/juminkanja/S2430/initialize?prefCd=22&kikanCd=3227300410&kikanKbn=3", "url2": null, "内容": "あつみ歯科【3:歯科】静岡県磐田市国府台２５－１" }, "geometry": { "type": "Point", "coordinates": [ 137.848022, 34.719043 ] } },
{ "type": "Feature", "properties": { "ID": 2233227300540, "正式名称": "いさき歯科クリニック", "機関区分": 3, "都道府県コード": 22, "市区町村コード": 213, "所在地": "静岡県掛川市小貫１４５０－１", "緯度": 34.718435, "経度": 138.053977, "url": "https://www.iryou.teikyouseido.mhlw.go.jp/znk-web/juminkanja/S2430/initialize?prefCd=22&kikanCd=3227300540&kikanKbn=3", "url2": null, "内容": "いさき歯科クリニック【3:歯科】静岡県掛川市小貫１４５０－１" }, "geometry": { "type": "Point", "coordinates": [ 138.053977, 34.718435 ] } },
{ "type": "Feature", "properties": { "ID": 2233227300670, "正式名称": "甲賀駅前歯科医院", "機関区分": 3, "都道府県コード": 22, "市区町村コード": 224, "所在地": "静岡県菊川市堀之内１４２８", "緯度": 34.760459, "経度": 138.085111, "url": "https://www.iryou.teikyouseido.mhlw.go.jp/znk-web/juminkanja/S2430/initialize?prefCd=22&kikanCd=3227300670&kikanKbn=3", "url2": null, "内容": "甲賀駅前歯科医院【3:歯科】静岡県菊川市堀之内１４２８" }, "geometry": { "type": "Point", "coordinates": [ 138.085111, 34.760459 ] } },
{ "type": "Feature", "properties": { "ID": 2233227300830, "正式名称": "富田歯科", "機関区分": 3, "都道府県コード": 22, "市区町村コード": 216, "所在地": "静岡県袋井市川井９６３－６", "緯度": 34.744291, "経度": 137.914182, "url": "https://www.iryou.teikyouseido.mhlw.go.jp/znk-web/juminkanja/S2430/initialize?prefCd=22&kikanCd=3227300830&kikanKbn=3", "url2": "http://www.tomida-sika.com", "内容": "富田歯科【3:歯科】静岡県袋井市川井９６３－６" }, "geometry": { "type": "Point", "coordinates": [ 137.914182, 34.744291 ] } },
{ "type": "Feature", "properties": { "ID": 2233227300960, "正式名称": "すずき兄弟歯科医院", "機関区分": 3, "都道府県コード": 22, "市区町村コード": 224, "所在地": "静岡県菊川市赤土１２５５－２", "緯度": 34.690992, "経度": 138.094981, "url": "https://www.iryou.teikyouseido.mhlw.go.jp/znk-web/juminkanja/S2430/initialize?prefCd=22&kikanCd=3227300960&kikanKbn=3", "url2": "http://rukupon.web.fc2.com/", "内容": "すずき兄弟歯科医院【3:歯科】静岡県菊川市赤土１２５５－２" }, "geometry": { "type": "Point", "coordinates": [ 138.094981, 34.690992 ] } },
{ "type": "Feature", "properties": { "ID": 2233227301000, "正式名称": "おかだ歯科医院", "機関区分": 3, "都道府県コード": 22, "市区町村コード": 211, "所在地": "静岡県磐田市見付１８６１－１", "緯度": 34.734847, "経度": 137.859131, "url": "https://www.iryou.teikyouseido.mhlw.go.jp/znk-web/juminkanja/S2430/initialize?prefCd=22&kikanCd=3227301000&kikanKbn=3", "url2": null, "内容": "おかだ歯科医院【3:歯科】静岡県磐田市見付１８６１－１" }, "geometry": { "type": "Point", "coordinates": [ 137.859131, 34.734847 ] } },
{ "type": "Feature", "properties": { "ID": 2233227301130, "正式名称": "水野歯科クリニック", "機関区分": 3, "都道府県コード": 22, "市区町村コード": 213, "所在地": "静岡県掛川市仁藤町６－１", "緯度": 34.774262, "経度": 138.019033, "url": "https://www.iryou.teikyouseido.mhlw.go.jp/znk-web/juminkanja/S2430/initialize?prefCd=22&kikanCd=3227301130&kikanKbn=3", "url2": "http://www.mizuno-dc.net/", "内容": "水野歯科クリニック【3:歯科】静岡県掛川市仁藤町６－１" }, "geometry": { "type": "Point", "coordinates": [ 138.019033, 34.774262 ] } },
{ "type": "Feature", "properties": { "ID": 2233227301260, "正式名称": "三浦歯科医院", "機関区分": 3, "都道府県コード": 22, "市区町村コード": 213, "所在地": "静岡県掛川市城西１－１２－１７", "緯度": 34.776169, "経度": 138.008739, "url": "https://www.iryou.teikyouseido.mhlw.go.jp/znk-web/juminkanja/S2430/initialize?prefCd=22&kikanCd=3227301260&kikanKbn=3", "url2": null, "内容": "三浦歯科医院【3:歯科】静岡県掛川市城西１－１２－１７" }, "geometry": { "type": "Point", "coordinates": [ 138.008739, 34.776169 ] } },
{ "type": "Feature", "properties": { "ID": 2233227301390, "正式名称": "とよだ歯科", "機関区分": 3, "都道府県コード": 22, "市区町村コード": 211, "所在地": "静岡県磐田市気子島１３６９－１", "緯度": 34.705988, "経度": 137.83369, "url": "https://www.iryou.teikyouseido.mhlw.go.jp/znk-web/juminkanja/S2430/initialize?prefCd=22&kikanCd=3227301390&kikanKbn=3", "url2": null, "内容": "とよだ歯科【3:歯科】静岡県磐田市気子島１３６９－１" }, "geometry": { "type": "Point", "coordinates": [ 137.83369, 34.705988 ] } },
{ "type": "Feature", "properties": { "ID": 2233227301420, "正式名称": "ふじもと歯科クリニック", "機関区分": 3, "都道府県コード": 22, "市区町村コード": 216, "所在地": "静岡県袋井市国本２０２９－１", "緯度": 34.759357, "経度": 137.943177, "url": "https://www.iryou.teikyouseido.mhlw.go.jp/znk-web/juminkanja/S2430/initialize?prefCd=22&kikanCd=3227301420&kikanKbn=3", "url2": null, "内容": "ふじもと歯科クリニック【3:歯科】静岡県袋井市国本２０２９－１" }, "geometry": { "type": "Point", "coordinates": [ 137.943177, 34.759357 ] } },
{ "type": "Feature", "properties": { "ID": 2233227301680, "正式名称": "いくかわ歯科医院", "機関区分": 3, "都道府県コード": 22, "市区町村コード": 216, "所在地": "静岡県袋井市太田５３－１", "緯度": 34.766983, "経度": 137.893516, "url": "https://www.iryou.teikyouseido.mhlw.go.jp/znk-web/juminkanja/S2430/initialize?prefCd=22&kikanCd=3227301680&kikanKbn=3", "url2": null, "内容": "いくかわ歯科医院【3:歯科】静岡県袋井市太田５３－１" }, "geometry": { "type": "Point", "coordinates": [ 137.893516, 34.766983 ] } },
{ "type": "Feature", "properties": { "ID": 2233227302140, "正式名称": "小原歯科医院月見里診療所", "機関区分": 3, "都道府県コード": 22, "市区町村コード": 216, "所在地": "静岡県袋井市上山梨２丁目１１－３", "緯度": 34.790536, "経度": 137.904208, "url": "https://www.iryou.teikyouseido.mhlw.go.jp/znk-web/juminkanja/S2430/initialize?prefCd=22&kikanCd=3227302140&kikanKbn=3", "url2": "ohara-dental.com", "内容": "小原歯科医院月見里診療所【3:歯科】静岡県袋井市上山梨２丁目１１－３" }, "geometry": { "type": "Point", "coordinates": [ 137.904208, 34.790536 ] } },
{ "type": "Feature", "properties": { "ID": 2233227302270, "正式名称": "まつ歯科", "機関区分": 3, "都道府県コード": 22, "市区町村コード": 213, "所在地": "静岡県掛川市大池２７６４－１", "緯度": 34.771179, "経度": 137.987119, "url": "https://www.iryou.teikyouseido.mhlw.go.jp/znk-web/juminkanja/S2430/initialize?prefCd=22&kikanCd=3227302270&kikanKbn=3", "url2": null, "内容": "まつ歯科【3:歯科】静岡県掛川市大池２７６４－１" }, "geometry": { "type": "Point", "coordinates": [ 137.987119, 34.771179 ] } },
{ "type": "Feature", "properties": { "ID": 2233227302300, "正式名称": "川瀬歯科医院", "機関区分": 3, "都道府県コード": 22, "市区町村コード": 216, "所在地": "静岡県袋井市春岡１－１－１５", "緯度": 34.790786, "経度": 137.910236, "url": "https://www.iryou.teikyouseido.mhlw.go.jp/znk-web/juminkanja/S2430/initialize?prefCd=22&kikanCd=3227302300&kikanKbn=3", "url2": null, "内容": "川瀬歯科医院【3:歯科】静岡県袋井市春岡１－１－１５" }, "geometry": { "type": "Point", "coordinates": [ 137.910236, 34.790786 ] } },
{ "type": "Feature", "properties": { "ID": 2233227302430, "正式名称": "とんぼ歯科医院", "機関区分": 3, "都道府県コード": 22, "市区町村コード": 211, "所在地": "静岡県磐田市岩井３３５７－２", "緯度": 34.750012, "経度": 137.873491, "url": "https://www.iryou.teikyouseido.mhlw.go.jp/znk-web/juminkanja/S2430/initialize?prefCd=22&kikanCd=3227302430&kikanKbn=3", "url2": null, "内容": "とんぼ歯科医院【3:歯科】静岡県磐田市岩井３３５７－２" }, "geometry": { "type": "Point", "coordinates": [ 137.873491, 34.750012 ] } },
{ "type": "Feature", "properties": { "ID": 2233227302690, "正式名称": "ながや歯科クリニック", "機関区分": 3, "都道府県コード": 22, "市区町村コード": 213, "所在地": "静岡県掛川市長谷１丁目３０－６", "緯度": 34.768289, "経度": 137.993455, "url": "https://www.iryou.teikyouseido.mhlw.go.jp/znk-web/juminkanja/S2430/initialize?prefCd=22&kikanCd=3227302690&kikanKbn=3", "url2": null, "内容": "ながや歯科クリニック【3:歯科】静岡県掛川市長谷１丁目３０－６" }, "geometry": { "type": "Point", "coordinates": [ 137.993455, 34.768289 ] } },
{ "type": "Feature", "properties": { "ID": 2233227302720, "正式名称": "中央歯科クリニック", "機関区分": 3, "都道府県コード": 22, "市区町村コード": 213, "所在地": "静岡県掛川市中央３－７８", "緯度": 34.769929, "経度": 138.00209, "url": "https://www.iryou.teikyouseido.mhlw.go.jp/znk-web/juminkanja/S2430/initialize?prefCd=22&kikanCd=3227302720&kikanKbn=3", "url2": null, "内容": "中央歯科クリニック【3:歯科】静岡県掛川市中央３－７８" }, "geometry": { "type": "Point", "coordinates": [ 138.00209, 34.769929 ] } },
{ "type": "Feature", "properties": { "ID": 2233227302850, "正式名称": "はかまだ歯科上内田診療所", "機関区分": 3, "都道府県コード": 22, "市区町村コード": 213, "所在地": "静岡県掛川市和田１９７－２", "緯度": 34.748543, "経度": 138.036727, "url": "https://www.iryou.teikyouseido.mhlw.go.jp/znk-web/juminkanja/S2430/initialize?prefCd=22&kikanCd=3227302850&kikanKbn=3", "url2": null, "内容": "はかまだ歯科上内田診療所【3:歯科】静岡県掛川市和田１９７－２" }, "geometry": { "type": "Point", "coordinates": [ 138.036727, 34.748543 ] } },
{ "type": "Feature", "properties": { "ID": 2233227303150, "正式名称": "掛川ファミリー歯科クリニック", "機関区分": 3, "都道府県コード": 22, "市区町村コード": 213, "所在地": "静岡県掛川市大池３８５－１", "緯度": 34.77304, "経度": 137.994368, "url": "https://www.iryou.teikyouseido.mhlw.go.jp/znk-web/juminkanja/S2430/initialize?prefCd=22&kikanCd=3227303150&kikanKbn=3", "url2": "http://www.sakura-fdc.com", "内容": "掛川ファミリー歯科クリニック【3:歯科】静岡県掛川市大池３８５－１" }, "geometry": { "type": "Point", "coordinates": [ 137.994368, 34.77304 ] } },
{ "type": "Feature", "properties": { "ID": 2233227303440, "正式名称": "あき歯科クリニック", "機関区分": 3, "都道府県コード": 22, "市区町村コード": 211, "所在地": "静岡県磐田市中泉１－６－１６　天平のまち２Ｆ", "緯度": 34.712006, "経度": 137.852453, "url": "https://www.iryou.teikyouseido.mhlw.go.jp/znk-web/juminkanja/S2430/initialize?prefCd=22&kikanCd=3227303440&kikanKbn=3", "url2": "http://www.hahoo.jp/~aki/", "内容": "あき歯科クリニック【3:歯科】静岡県磐田市中泉１－６－１６　天平のまち２Ｆ" }, "geometry": { "type": "Point", "coordinates": [ 137.852453, 34.712006 ] } },
{ "type": "Feature", "properties": { "ID": 2233227303570, "正式名称": "大須賀歯科クリニック", "機関区分": 3, "都道府県コード": 22, "市区町村コード": 213, "所在地": "静岡県掛川市横須賀９０３－５", "緯度": 34.680022, "経度": 137.987346, "url": "https://www.iryou.teikyouseido.mhlw.go.jp/znk-web/juminkanja/S2430/initialize?prefCd=22&kikanCd=3227303570&kikanKbn=3", "url2": "http://www.sakura-fdc.com/", "内容": "大須賀歯科クリニック【3:歯科】静岡県掛川市横須賀９０３－５" }, "geometry": { "type": "Point", "coordinates": [ 137.987346, 34.680022 ] } },
{ "type": "Feature", "properties": { "ID": 2233227303600, "正式名称": "浜岡ファミリー歯科クリニック", "機関区分": 3, "都道府県コード": 22, "市区町村コード": 223, "所在地": "静岡県御前崎市池新田５４５９－１", "緯度": 34.640001, "経度": 138.127891, "url": "https://www.iryou.teikyouseido.mhlw.go.jp/znk-web/juminkanja/S2430/initialize?prefCd=22&kikanCd=3227303600&kikanKbn=3", "url2": "http://www.sakura-fdc.com/", "内容": "浜岡ファミリー歯科クリニック【3:歯科】静岡県御前崎市池新田５４５９－１" }, "geometry": { "type": "Point", "coordinates": [ 138.127891, 34.640001 ] } },
{ "type": "Feature", "properties": { "ID": 2233227303730, "正式名称": "早川歯科医院", "機関区分": 3, "都道府県コード": 22, "市区町村コード": 211, "所在地": "静岡県磐田市池田３６３－１　２階", "緯度": 34.737512, "経度": 137.817079, "url": "https://www.iryou.teikyouseido.mhlw.go.jp/znk-web/juminkanja/S2430/initialize?prefCd=22&kikanCd=3227303730&kikanKbn=3", "url2": null, "内容": "早川歯科医院【3:歯科】静岡県磐田市池田３６３－１　２階" }, "geometry": { "type": "Point", "coordinates": [ 137.817079, 34.737512 ] } },
{ "type": "Feature", "properties": { "ID": 2233227303990, "正式名称": "医療法人社団八龍会すずき歯科医院", "機関区分": 3, "都道府県コード": 22, "市区町村コード": 216, "所在地": "静岡県袋井市高尾１７８０", "緯度": 34.737737, "経度": 137.923348, "url": "https://www.iryou.teikyouseido.mhlw.go.jp/znk-web/juminkanja/S2430/initialize?prefCd=22&kikanCd=3227303990&kikanKbn=3", "url2": "https://www.suzuki-shika.or.jp/", "内容": "医療法人社団八龍会すずき歯科医院【3:歯科】静岡県袋井市高尾１７８０" }, "geometry": { "type": "Point", "coordinates": [ 137.923348, 34.737737 ] } },
{ "type": "Feature", "properties": { "ID": 2233227304320, "正式名称": "黒田デンタルクリニック", "機関区分": 3, "都道府県コード": 22, "市区町村コード": 224, "所在地": "静岡県菊川市下平川９４５－１", "緯度": 34.699069, "経度": 138.085156, "url": "https://www.iryou.teikyouseido.mhlw.go.jp/znk-web/juminkanja/S2430/initialize?prefCd=22&kikanCd=3227304320&kikanKbn=3", "url2": null, "内容": "黒田デンタルクリニック【3:歯科】静岡県菊川市下平川９４５－１" }, "geometry": { "type": "Point", "coordinates": [ 138.085156, 34.699069 ] } },
{ "type": "Feature", "properties": { "ID": 2233227304580, "正式名称": "袋井第一歯科", "機関区分": 3, "都道府県コード": 22, "市区町村コード": 216, "所在地": "静岡県袋井市葵町２丁目１－５", "緯度": 34.755192, "経度": 137.919332, "url": "https://www.iryou.teikyouseido.mhlw.go.jp/znk-web/juminkanja/S2430/initialize?prefCd=22&kikanCd=3227304580&kikanKbn=3", "url2": "http://www.hahoo.jp/~fukuroi/", "内容": "袋井第一歯科【3:歯科】静岡県袋井市葵町２丁目１－５" }, "geometry": { "type": "Point", "coordinates": [ 137.919332, 34.755192 ] } },
{ "type": "Feature", "properties": { "ID": 2233227304870, "正式名称": "吉田歯科", "機関区分": 3, "都道府県コード": 22, "市区町村コード": 216, "所在地": "静岡県袋井市愛野東１－１４－２　バローレ", "緯度": 34.752791, "経度": 137.9594, "url": "https://www.iryou.teikyouseido.mhlw.go.jp/znk-web/juminkanja/S2430/initialize?prefCd=22&kikanCd=3227304870&kikanKbn=3", "url2": null, "内容": "吉田歯科【3:歯科】静岡県袋井市愛野東１－１４－２　バローレ" }, "geometry": { "type": "Point", "coordinates": [ 137.9594, 34.752791 ] } },
{ "type": "Feature", "properties": { "ID": 2233227305170, "正式名称": "ビタミンＣ歯科", "機関区分": 3, "都道府県コード": 22, "市区町村コード": 211, "所在地": "静岡県磐田市中泉６７５－１", "緯度": 34.707658, "経度": 137.852264, "url": "https://www.iryou.teikyouseido.mhlw.go.jp/znk-web/juminkanja/S2430/initialize?prefCd=22&kikanCd=3227305170&kikanKbn=3", "url2": "http://www.1-abc.com/", "内容": "ビタミンＣ歯科【3:歯科】静岡県磐田市中泉６７５－１" }, "geometry": { "type": "Point", "coordinates": [ 137.852264, 34.707658 ] } },
{ "type": "Feature", "properties": { "ID": 2233227306180, "正式名称": "西尾歯科医院", "機関区分": 3, "都道府県コード": 22, "市区町村コード": 216, "所在地": "静岡県袋井市方丈３－４－８", "緯度": 34.748427, "経度": 137.927193, "url": "https://www.iryou.teikyouseido.mhlw.go.jp/znk-web/juminkanja/S2430/initialize?prefCd=22&kikanCd=3227306180&kikanKbn=3", "url2": "nishiodc2026.com", "内容": "西尾歯科医院【3:歯科】静岡県袋井市方丈３－４－８" }, "geometry": { "type": "Point", "coordinates": [ 137.927193, 34.748427 ] } },
{ "type": "Feature", "properties": { "ID": 2233227306340, "正式名称": "さかた歯科医院", "機関区分": 3, "都道府県コード": 22, "市区町村コード": 211, "所在地": "静岡県磐田市神増３４８－１", "緯度": 34.80847, "経度": 137.840728, "url": "https://www.iryou.teikyouseido.mhlw.go.jp/znk-web/juminkanja/S2430/initialize?prefCd=22&kikanCd=3227306340&kikanKbn=3", "url2": null, "内容": "さかた歯科医院【3:歯科】静岡県磐田市神増３４８－１" }, "geometry": { "type": "Point", "coordinates": [ 137.840728, 34.80847 ] } },
{ "type": "Feature", "properties": { "ID": 2233227306500, "正式名称": "サイトウ歯科", "機関区分": 3, "都道府県コード": 22, "市区町村コード": 211, "所在地": "静岡県磐田市中泉３７５　リベーラ磐田１１１", "緯度": 34.712349, "経度": 137.851939, "url": "https://www.iryou.teikyouseido.mhlw.go.jp/znk-web/juminkanja/S2430/initialize?prefCd=22&kikanCd=3227306500&kikanKbn=3", "url2": "saitousikaiwata.com", "内容": "サイトウ歯科【3:歯科】静岡県磐田市中泉３７５　リベーラ磐田１１１" }, "geometry": { "type": "Point", "coordinates": [ 137.851939, 34.712349 ] } },
{ "type": "Feature", "properties": { "ID": 2233227306630, "正式名称": "さいとう歯科クリニック", "機関区分": 3, "都道府県コード": 22, "市区町村コード": 211, "所在地": "静岡県磐田市海老塚６１４", "緯度": 34.709812, "経度": 137.837887, "url": "https://www.iryou.teikyouseido.mhlw.go.jp/znk-web/juminkanja/S2430/initialize?prefCd=22&kikanCd=3227306630&kikanKbn=3", "url2": "http://www.saitoudc.com", "内容": "さいとう歯科クリニック【3:歯科】静岡県磐田市海老塚６１４" }, "geometry": { "type": "Point", "coordinates": [ 137.837887, 34.709812 ] } },
{ "type": "Feature", "properties": { "ID": 2233227306760, "正式名称": "桑原歯科医院", "機関区分": 3, "都道府県コード": 22, "市区町村コード": 211, "所在地": "静岡県磐田市見付５８８９－２", "緯度": 34.722144, "経度": 137.855939, "url": "https://www.iryou.teikyouseido.mhlw.go.jp/znk-web/juminkanja/S2430/initialize?prefCd=22&kikanCd=3227306760&kikanKbn=3", "url2": "https://www.kuwabarashika.com/", "内容": "桑原歯科医院【3:歯科】静岡県磐田市見付５８８９－２" }, "geometry": { "type": "Point", "coordinates": [ 137.855939, 34.722144 ] } },
{ "type": "Feature", "properties": { "ID": 2233227306890, "正式名称": "医療法人社団順風会　宇於崎歯科医院", "機関区分": 3, "都道府県コード": 22, "市区町村コード": 211, "所在地": "静岡県磐田市見付３７８４－１", "緯度": 34.73118, "経度": 137.85266, "url": "https://www.iryou.teikyouseido.mhlw.go.jp/znk-web/juminkanja/S2430/initialize?prefCd=22&kikanCd=3227306890&kikanKbn=3", "url2": "http://www.jumpu.or.jp/", "内容": "医療法人社団順風会　宇於崎歯科医院【3:歯科】静岡県磐田市見付３７８４－１" }, "geometry": { "type": "Point", "coordinates": [ 137.85266, 34.73118 ] } },
{ "type": "Feature", "properties": { "ID": 2233227310220, "正式名称": "もてぎ歯科クリニック", "機関区分": 3, "都道府県コード": 22, "市区町村コード": 223, "所在地": "静岡県御前崎市塩原新田２０－１", "緯度": 34.651212, "経度": 138.098296, "url": "https://www.iryou.teikyouseido.mhlw.go.jp/znk-web/juminkanja/S2430/initialize?prefCd=22&kikanCd=3227310220&kikanKbn=3", "url2": null, "内容": "もてぎ歯科クリニック【3:歯科】静岡県御前崎市塩原新田２０－１" }, "geometry": { "type": "Point", "coordinates": [ 138.098296, 34.651212 ] } },
{ "type": "Feature", "properties": { "ID": 2233227310350, "正式名称": "くじら歯科診療所", "機関区分": 3, "都道府県コード": 22, "市区町村コード": 223, "所在地": "静岡県御前崎市白羽字砂原３５２２－１５", "緯度": 34.611025, "経度": 138.202256, "url": "https://www.iryou.teikyouseido.mhlw.go.jp/znk-web/juminkanja/S2430/initialize?prefCd=22&kikanCd=3227310350&kikanKbn=3", "url2": null, "内容": "くじら歯科診療所【3:歯科】静岡県御前崎市白羽字砂原３５２２－１５" }, "geometry": { "type": "Point", "coordinates": [ 138.202256, 34.611025 ] } },
{ "type": "Feature", "properties": { "ID": 2233227310480, "正式名称": "きむら歯科", "機関区分": 3, "都道府県コード": 22, "市区町村コード": 213, "所在地": "静岡県掛川市中宿２００", "緯度": 34.779618, "経度": 138.005117, "url": "https://www.iryou.teikyouseido.mhlw.go.jp/znk-web/juminkanja/S2430/initialize?prefCd=22&kikanCd=3227310480&kikanKbn=3", "url2": "https://www.kimura-shika.biz/", "内容": "きむら歯科【3:歯科】静岡県掛川市中宿２００" }, "geometry": { "type": "Point", "coordinates": [ 138.005117, 34.779618 ] } },
{ "type": "Feature", "properties": { "ID": 2233227310510, "正式名称": "はまおか歯科", "機関区分": 3, "都道府県コード": 22, "市区町村コード": 223, "所在地": "静岡県御前崎市池新田６００５番地の４", "緯度": 34.638001, "経度": 138.13678, "url": "https://www.iryou.teikyouseido.mhlw.go.jp/znk-web/juminkanja/S2430/initialize?prefCd=22&kikanCd=3227310510&kikanKbn=3", "url2": "http://www.hamaoka-shika.com/", "内容": "はまおか歯科【3:歯科】静岡県御前崎市池新田６００５番地の４" }, "geometry": { "type": "Point", "coordinates": [ 138.13678, 34.638001 ] } },
{ "type": "Feature", "properties": { "ID": 2233227310800, "正式名称": "医療法人社団　太田歯科", "機関区分": 3, "都道府県コード": 22, "市区町村コード": 221, "所在地": "静岡県湖西市新居町中之郷４００４", "緯度": 34.704475, "経度": 137.549778, "url": "https://www.iryou.teikyouseido.mhlw.go.jp/znk-web/juminkanja/S2430/initialize?prefCd=22&kikanCd=3227310800&kikanKbn=3", "url2": "www.ota-dentalclinic.com", "内容": "医療法人社団　太田歯科【3:歯科】静岡県湖西市新居町中之郷４００４" }, "geometry": { "type": "Point", "coordinates": [ 137.549778, 34.704475 ] } },
{ "type": "Feature", "properties": { "ID": 2233227311070, "正式名称": "かつみ歯科・こども歯科", "機関区分": 3, "都道府県コード": 22, "市区町村コード": 213, "所在地": "静岡県掛川市杉谷南２－９－１２", "緯度": 34.76278, "経度": 138.031816, "url": "https://www.iryou.teikyouseido.mhlw.go.jp/znk-web/juminkanja/S2430/initialize?prefCd=22&kikanCd=3227311070&kikanKbn=3", "url2": null, "内容": "かつみ歯科・こども歯科【3:歯科】静岡県掛川市杉谷南２－９－１２" }, "geometry": { "type": "Point", "coordinates": [ 138.031816, 34.76278 ] } },
{ "type": "Feature", "properties": { "ID": 2233227311100, "正式名称": "菊川デンタルクリニック　新村歯科", "機関区分": 3, "都道府県コード": 22, "市区町村コード": 224, "所在地": "静岡県菊川市土橋４１７－１", "緯度": 34.725157, "経度": 138.087613, "url": "https://www.iryou.teikyouseido.mhlw.go.jp/znk-web/juminkanja/S2430/initialize?prefCd=22&kikanCd=3227311100&kikanKbn=3", "url2": "http://kgw-dc.jp/", "内容": "菊川デンタルクリニック　新村歯科【3:歯科】静岡県菊川市土橋４１７－１" }, "geometry": { "type": "Point", "coordinates": [ 138.087613, 34.725157 ] } },
{ "type": "Feature", "properties": { "ID": 2233227311230, "正式名称": "いわた南歯科", "機関区分": 3, "都道府県コード": 22, "市区町村コード": 211, "所在地": "静岡県磐田市二之宮１０２６", "緯度": 34.704489, "経度": 137.851078, "url": "https://www.iryou.teikyouseido.mhlw.go.jp/znk-web/juminkanja/S2430/initialize?prefCd=22&kikanCd=3227311230&kikanKbn=3", "url2": "http://www.iwataminami-shika.com/", "内容": "いわた南歯科【3:歯科】静岡県磐田市二之宮１０２６" }, "geometry": { "type": "Point", "coordinates": [ 137.851078, 34.704489 ] } },
{ "type": "Feature", "properties": { "ID": 2233227311360, "正式名称": "医療法人社団あんり歯科医院", "機関区分": 3, "都道府県コード": 22, "市区町村コード": 213, "所在地": "静岡県掛川市本郷３４－１", "緯度": 34.806118, "経度": 137.956373, "url": "https://www.iryou.teikyouseido.mhlw.go.jp/znk-web/juminkanja/S2430/initialize?prefCd=22&kikanCd=3227311360&kikanKbn=3", "url2": "http://locoplace.jp/t000270826/", "内容": "医療法人社団あんり歯科医院【3:歯科】静岡県掛川市本郷３４－１" }, "geometry": { "type": "Point", "coordinates": [ 137.956373, 34.806118 ] } },
{ "type": "Feature", "properties": { "ID": 2233227311490, "正式名称": "ひまわり歯科クリニック", "機関区分": 3, "都道府県コード": 22, "市区町村コード": 211, "所在地": "静岡県磐田市弥藤太島５５７－１", "緯度": 34.724457, "経度": 137.822316, "url": "https://www.iryou.teikyouseido.mhlw.go.jp/znk-web/juminkanja/S2430/initialize?prefCd=22&kikanCd=3227311490&kikanKbn=3", "url2": "http://www.himawari-smile.com/", "内容": "ひまわり歯科クリニック【3:歯科】静岡県磐田市弥藤太島５５７－１" }, "geometry": { "type": "Point", "coordinates": [ 137.822316, 34.724457 ] } },
{ "type": "Feature", "properties": { "ID": 2233227311520, "正式名称": "のだ歯科医院", "機関区分": 3, "都道府県コード": 22, "市区町村コード": 211, "所在地": "静岡県磐田市中泉３－９－１", "緯度": 34.714499, "経度": 137.852611, "url": "https://www.iryou.teikyouseido.mhlw.go.jp/znk-web/juminkanja/S2430/initialize?prefCd=22&kikanCd=3227311520&kikanKbn=3", "url2": "http://www.nodashikaiin.com", "内容": "のだ歯科医院【3:歯科】静岡県磐田市中泉３－９－１" }, "geometry": { "type": "Point", "coordinates": [ 137.852611, 34.714499 ] } },
{ "type": "Feature", "properties": { "ID": 2233227311650, "正式名称": "医療法人社団いちかわ矯正歯科クリニック", "機関区分": 3, "都道府県コード": 22, "市区町村コード": 213, "所在地": "静岡県掛川市柳町５１番地", "緯度": 34.780954, "経度": 138.012064, "url": "https://www.iryou.teikyouseido.mhlw.go.jp/znk-web/juminkanja/S2430/initialize?prefCd=22&kikanCd=3227311650&kikanKbn=3", "url2": null, "内容": "医療法人社団いちかわ矯正歯科クリニック【3:歯科】静岡県掛川市柳町５１番地" }, "geometry": { "type": "Point", "coordinates": [ 138.012064, 34.780954 ] } },
{ "type": "Feature", "properties": { "ID": 2233227311810, "正式名称": "さらしな歯科医院", "機関区分": 3, "都道府県コード": 22, "市区町村コード": 213, "所在地": "静岡県掛川市下俣１９２－７", "緯度": 34.773629, "経度": 138.007583, "url": "https://www.iryou.teikyouseido.mhlw.go.jp/znk-web/juminkanja/S2430/initialize?prefCd=22&kikanCd=3227311810&kikanKbn=3", "url2": "https://sarashina-dental.com", "内容": "さらしな歯科医院【3:歯科】静岡県掛川市下俣１９２－７" }, "geometry": { "type": "Point", "coordinates": [ 138.007583, 34.773629 ] } },
{ "type": "Feature", "properties": { "ID": 2233227311940, "正式名称": "長谷川歯科医院七日町クリニック", "機関区分": 3, "都道府県コード": 22, "市区町村コード": 213, "所在地": "静岡県掛川市七日町１７７", "緯度": 34.778963, "経度": 138.001651, "url": "https://www.iryou.teikyouseido.mhlw.go.jp/znk-web/juminkanja/S2430/initialize?prefCd=22&kikanCd=3227311940&kikanKbn=3", "url2": null, "内容": "長谷川歯科医院七日町クリニック【3:歯科】静岡県掛川市七日町１７７" }, "geometry": { "type": "Point", "coordinates": [ 138.001651, 34.778963 ] } },
{ "type": "Feature", "properties": { "ID": 2233227312110, "正式名称": "みね歯科医院", "機関区分": 3, "都道府県コード": 22, "市区町村コード": 213, "所在地": "静岡県掛川市本所３－１", "緯度": 34.784411, "経度": 138.054799, "url": "https://www.iryou.teikyouseido.mhlw.go.jp/znk-web/juminkanja/S2430/initialize?prefCd=22&kikanCd=3227312110&kikanKbn=3", "url2": null, "内容": "みね歯科医院【3:歯科】静岡県掛川市本所３－１" }, "geometry": { "type": "Point", "coordinates": [ 138.054799, 34.784411 ] } },
{ "type": "Feature", "properties": { "ID": 2233227312400, "正式名称": "かとう歯科クリニック", "機関区分": 3, "都道府県コード": 22, "市区町村コード": 211, "所在地": "静岡県磐田市三ケ野台３０－７", "緯度": 34.73153, "経度": 137.881568, "url": "https://www.iryou.teikyouseido.mhlw.go.jp/znk-web/juminkanja/S2430/initialize?prefCd=22&kikanCd=3227312400&kikanKbn=3", "url2": null, "内容": "かとう歯科クリニック【3:歯科】静岡県磐田市三ケ野台３０－７" }, "geometry": { "type": "Point", "coordinates": [ 137.881568, 34.73153 ] } },
{ "type": "Feature", "properties": { "ID": 2233227312530, "正式名称": "すぎやま歯科", "機関区分": 3, "都道府県コード": 22, "市区町村コード": 211, "所在地": "静岡県磐田市見付１６９７－２", "緯度": 34.745378, "経度": 137.862747, "url": "https://www.iryou.teikyouseido.mhlw.go.jp/znk-web/juminkanja/S2430/initialize?prefCd=22&kikanCd=3227312530&kikanKbn=3", "url2": null, "内容": "すぎやま歯科【3:歯科】静岡県磐田市見付１６９７－２" }, "geometry": { "type": "Point", "coordinates": [ 137.862747, 34.745378 ] } },
{ "type": "Feature", "properties": { "ID": 2233227312660, "正式名称": "つばさ歯科", "機関区分": 3, "都道府県コード": 22, "市区町村コード": 213, "所在地": "静岡県掛川市大坂５６４１", "緯度": 34.66835, "経度": 138.044647, "url": "https://www.iryou.teikyouseido.mhlw.go.jp/znk-web/juminkanja/S2430/initialize?prefCd=22&kikanCd=3227312660&kikanKbn=3", "url2": "http://www.tsubasashika.com/", "内容": "つばさ歯科【3:歯科】静岡県掛川市大坂５６４１" }, "geometry": { "type": "Point", "coordinates": [ 138.044647, 34.66835 ] } },
{ "type": "Feature", "properties": { "ID": 2233227312790, "正式名称": "ふくろい中央歯科", "機関区分": 3, "都道府県コード": 22, "市区町村コード": 216, "所在地": "静岡県袋井市堀越２－２１－１３", "緯度": 34.750431, "経度": 137.909512, "url": "https://www.iryou.teikyouseido.mhlw.go.jp/znk-web/juminkanja/S2430/initialize?prefCd=22&kikanCd=3227312790&kikanKbn=3", "url2": null, "内容": "ふくろい中央歯科【3:歯科】静岡県袋井市堀越２－２１－１３" }, "geometry": { "type": "Point", "coordinates": [ 137.909512, 34.750431 ] } },
{ "type": "Feature", "properties": { "ID": 2233227312950, "正式名称": "市野歯科医院", "機関区分": 3, "都道府県コード": 22, "市区町村コード": 211, "所在地": "静岡県磐田市中泉４丁目６－１４", "緯度": 34.713907, "経度": 137.85576, "url": "https://www.iryou.teikyouseido.mhlw.go.jp/znk-web/juminkanja/S2430/initialize?prefCd=22&kikanCd=3227312950&kikanKbn=3", "url2": null, "内容": "市野歯科医院【3:歯科】静岡県磐田市中泉４丁目６－１４" }, "geometry": { "type": "Point", "coordinates": [ 137.85576, 34.713907 ] } },
{ "type": "Feature", "properties": { "ID": 2233227313090, "正式名称": "鹿の森デンタルクリニック", "機関区分": 3, "都道府県コード": 22, "市区町村コード": 211, "所在地": "静岡県磐田市明ケ島９４３－５", "緯度": 34.729214, "経度": 137.881182, "url": "https://www.iryou.teikyouseido.mhlw.go.jp/znk-web/juminkanja/S2430/initialize?prefCd=22&kikanCd=3227313090&kikanKbn=3", "url2": "http://shikanomoridc.jp/", "内容": "鹿の森デンタルクリニック【3:歯科】静岡県磐田市明ケ島９４３－５" }, "geometry": { "type": "Point", "coordinates": [ 137.881182, 34.729214 ] } },
{ "type": "Feature", "properties": { "ID": 2233227313120, "正式名称": "よここうじデンタルクリニック", "機関区分": 3, "都道府県コード": 22, "市区町村コード": 213, "所在地": "静岡県掛川市上西郷３２７－１", "緯度": 34.786402, "経度": 138.012644, "url": "https://www.iryou.teikyouseido.mhlw.go.jp/znk-web/juminkanja/S2430/initialize?prefCd=22&kikanCd=3227313120&kikanKbn=3", "url2": "http://yokokouji.dental-office.jp/", "内容": "よここうじデンタルクリニック【3:歯科】静岡県掛川市上西郷３２７－１" }, "geometry": { "type": "Point", "coordinates": [ 138.012644, 34.786402 ] } },
{ "type": "Feature", "properties": { "ID": 2233227313380, "正式名称": "医療法人社団はやし歯科クリニック", "機関区分": 3, "都道府県コード": 22, "市区町村コード": 216, "所在地": "静岡県袋井市旭町２－４－３８", "緯度": 34.752698, "経度": 137.921846, "url": "https://www.iryou.teikyouseido.mhlw.go.jp/znk-web/juminkanja/S2430/initialize?prefCd=22&kikanCd=3227313380&kikanKbn=3", "url2": null, "内容": "医療法人社団はやし歯科クリニック【3:歯科】静岡県袋井市旭町２－４－３８" }, "geometry": { "type": "Point", "coordinates": [ 137.921846, 34.752698 ] } },
{ "type": "Feature", "properties": { "ID": 2233227313410, "正式名称": "かけがわ中央歯科", "機関区分": 3, "都道府県コード": 22, "市区町村コード": 213, "所在地": "静岡県掛川市御所原１８－１０", "緯度": 34.778605, "経度": 138.018833, "url": "https://www.iryou.teikyouseido.mhlw.go.jp/znk-web/juminkanja/S2430/initialize?prefCd=22&kikanCd=3227313410&kikanKbn=3", "url2": "http://www.kakegawashika.com/", "内容": "かけがわ中央歯科【3:歯科】静岡県掛川市御所原１８－１０" }, "geometry": { "type": "Point", "coordinates": [ 138.018833, 34.778605 ] } },
{ "type": "Feature", "properties": { "ID": 2233227313670, "正式名称": "たまり歯科", "機関区分": 3, "都道府県コード": 22, "市区町村コード": 213, "所在地": "静岡県掛川市満水１２－１６", "緯度": 34.777147, "経度": 138.037659, "url": "https://www.iryou.teikyouseido.mhlw.go.jp/znk-web/juminkanja/S2430/initialize?prefCd=22&kikanCd=3227313670&kikanKbn=3", "url2": null, "内容": "たまり歯科【3:歯科】静岡県掛川市満水１２－１６" }, "geometry": { "type": "Point", "coordinates": [ 138.037659, 34.777147 ] } },
{ "type": "Feature", "properties": { "ID": 2233227313830, "正式名称": "きくがわインター前歯科", "機関区分": 3, "都道府県コード": 22, "市区町村コード": 224, "所在地": "静岡県菊川市加茂字万田２１６２", "緯度": 34.74618, "経度": 138.088891, "url": "https://www.iryou.teikyouseido.mhlw.go.jp/znk-web/juminkanja/S2430/initialize?prefCd=22&kikanCd=3227313830&kikanKbn=3", "url2": "http://www.localplace.jp/t100320218/", "内容": "きくがわインター前歯科【3:歯科】静岡県菊川市加茂字万田２１６２" }, "geometry": { "type": "Point", "coordinates": [ 138.088891, 34.74618 ] } },
{ "type": "Feature", "properties": { "ID": 2233227313960, "正式名称": "西尾歯科医院", "機関区分": 3, "都道府県コード": 22, "市区町村コード": 211, "所在地": "静岡県磐田市中泉１９４４－１", "緯度": 34.713471, "経度": 137.8516, "url": "https://www.iryou.teikyouseido.mhlw.go.jp/znk-web/juminkanja/S2430/initialize?prefCd=22&kikanCd=3227313960&kikanKbn=3", "url2": "http://www.nishio-sika.com/", "内容": "西尾歯科医院【3:歯科】静岡県磐田市中泉１９４４－１" }, "geometry": { "type": "Point", "coordinates": [ 137.8516, 34.713471 ] } },
{ "type": "Feature", "properties": { "ID": 2233227314000, "正式名称": "オレンジ歯科医院", "機関区分": 3, "都道府県コード": 22, "市区町村コード": 211, "所在地": "静岡県磐田市加茂１１８３－１", "緯度": 34.741483, "経度": 137.830503, "url": "https://www.iryou.teikyouseido.mhlw.go.jp/znk-web/juminkanja/S2430/initialize?prefCd=22&kikanCd=3227314000&kikanKbn=3", "url2": null, "内容": "オレンジ歯科医院【3:歯科】静岡県磐田市加茂１１８３－１" }, "geometry": { "type": "Point", "coordinates": [ 137.830503, 34.741483 ] } },
{ "type": "Feature", "properties": { "ID": 2233227314130, "正式名称": "まごころ歯科", "機関区分": 3, "都道府県コード": 22, "市区町村コード": 224, "所在地": "静岡県菊川市本所１４４４", "緯度": 34.7511, "経度": 138.089566, "url": "https://www.iryou.teikyouseido.mhlw.go.jp/znk-web/juminkanja/S2430/initialize?prefCd=22&kikanCd=3227314130&kikanKbn=3", "url2": "magokorodental.com", "内容": "まごころ歯科【3:歯科】静岡県菊川市本所１４４４" }, "geometry": { "type": "Point", "coordinates": [ 138.089566, 34.7511 ] } },
{ "type": "Feature", "properties": { "ID": 2233227314390, "正式名称": "デンタルクリニック岡田", "機関区分": 3, "都道府県コード": 22, "市区町村コード": 211, "所在地": "静岡県磐田市富士見台１０ー４", "緯度": 34.726942, "経度": 137.869567, "url": "https://www.iryou.teikyouseido.mhlw.go.jp/znk-web/juminkanja/S2430/initialize?prefCd=22&kikanCd=3227314390&kikanKbn=3", "url2": null, "内容": "デンタルクリニック岡田【3:歯科】静岡県磐田市富士見台１０ー４" }, "geometry": { "type": "Point", "coordinates": [ 137.869567, 34.726942 ] } },
{ "type": "Feature", "properties": { "ID": 2233227314550, "正式名称": "レモン歯科", "機関区分": 3, "都道府県コード": 22, "市区町村コード": 211, "所在地": "静岡県磐田市二之宮４３０－１", "緯度": 34.708251, "経度": 137.859545, "url": "https://www.iryou.teikyouseido.mhlw.go.jp/znk-web/juminkanja/S2430/initialize?prefCd=22&kikanCd=3227314550&kikanKbn=3", "url2": null, "内容": "レモン歯科【3:歯科】静岡県磐田市二之宮４３０－１" }, "geometry": { "type": "Point", "coordinates": [ 137.859545, 34.708251 ] } },
{ "type": "Feature", "properties": { "ID": 2233227314680, "正式名称": "近藤歯科クリニック", "機関区分": 3, "都道府県コード": 22, "市区町村コード": 213, "所在地": "静岡県掛川市中央１－９－６", "緯度": 34.770783, "経度": 138.011423, "url": "https://www.iryou.teikyouseido.mhlw.go.jp/znk-web/juminkanja/S2430/initialize?prefCd=22&kikanCd=3227314680&kikanKbn=3", "url2": "https://kondo-dental-clinic.com/", "内容": "近藤歯科クリニック【3:歯科】静岡県掛川市中央１－９－６" }, "geometry": { "type": "Point", "coordinates": [ 138.011423, 34.770783 ] } },
{ "type": "Feature", "properties": { "ID": 2233227314710, "正式名称": "家代デンタルクリニック", "機関区分": 3, "都道府県コード": 22, "市区町村コード": 213, "所在地": "静岡県掛川市家代の里２－３－１", "緯度": 34.788947, "経度": 137.977591, "url": "https://www.iryou.teikyouseido.mhlw.go.jp/znk-web/juminkanja/S2430/initialize?prefCd=22&kikanCd=3227314710&kikanKbn=3", "url2": null, "内容": "家代デンタルクリニック【3:歯科】静岡県掛川市家代の里２－３－１" }, "geometry": { "type": "Point", "coordinates": [ 137.977591, 34.788947 ] } },
{ "type": "Feature", "properties": { "ID": 2233227314840, "正式名称": "泉地歯科クリニック", "機関区分": 3, "都道府県コード": 22, "市区町村コード": 224, "所在地": "静岡県菊川市堀之内１４３５", "緯度": 34.760365, "経度": 138.084789, "url": "https://www.iryou.teikyouseido.mhlw.go.jp/znk-web/juminkanja/S2430/initialize?prefCd=22&kikanCd=3227314840&kikanKbn=3", "url2": "http://izumichi-shika.com", "内容": "泉地歯科クリニック【3:歯科】静岡県菊川市堀之内１４３５" }, "geometry": { "type": "Point", "coordinates": [ 138.084789, 34.760365 ] } },
{ "type": "Feature", "properties": { "ID": 2233227314970, "正式名称": "ふくろい上山梨歯科", "機関区分": 3, "都道府県コード": 22, "市区町村コード": 216, "所在地": "静岡県袋井市上山梨５丁目１１番４", "緯度": 34.790391, "経度": 137.902128, "url": "https://www.iryou.teikyouseido.mhlw.go.jp/znk-web/juminkanja/S2430/initialize?prefCd=22&kikanCd=3227314970&kikanKbn=3", "url2": "https://www.f-kamiyamanashi-dc.com/", "内容": "ふくろい上山梨歯科【3:歯科】静岡県袋井市上山梨５丁目１１番４" }, "geometry": { "type": "Point", "coordinates": [ 137.902128, 34.790391 ] } },
{ "type": "Feature", "properties": { "ID": 2233227315010, "正式名称": "長谷川デンタルクリニック", "機関区分": 3, "都道府県コード": 22, "市区町村コード": 211, "所在地": "静岡県磐田市富丘１７４－６", "緯度": 34.738118, "経度": 137.843192, "url": "https://www.iryou.teikyouseido.mhlw.go.jp/znk-web/juminkanja/S2430/initialize?prefCd=22&kikanCd=3227315010&kikanKbn=3", "url2": "https://www.hasegawadc-iwata.jp", "内容": "長谷川デンタルクリニック【3:歯科】静岡県磐田市富丘１７４－６" }, "geometry": { "type": "Point", "coordinates": [ 137.843192, 34.738118 ] } },
{ "type": "Feature", "properties": { "ID": 2233227315140, "正式名称": "たしろ歯科医院", "機関区分": 3, "都道府県コード": 22, "市区町村コード": 213, "所在地": "静岡県掛川市高御所１４３８－５", "緯度": 34.765853, "経度": 137.986454, "url": "https://www.iryou.teikyouseido.mhlw.go.jp/znk-web/juminkanja/S2430/initialize?prefCd=22&kikanCd=3227315140&kikanKbn=3", "url2": "https://tashiro-dentalclinic.com/", "内容": "たしろ歯科医院【3:歯科】静岡県掛川市高御所１４３８－５" }, "geometry": { "type": "Point", "coordinates": [ 137.986454, 34.765853 ] } },
{ "type": "Feature", "properties": { "ID": 2233227315430, "正式名称": "磐田さくら歯科", "機関区分": 3, "都道府県コード": 22, "市区町村コード": 211, "所在地": "静岡県磐田市高見丘１２００　ららぽーと磐田　２階", "緯度": 34.750571, "経度": 137.840307, "url": "https://www.iryou.teikyouseido.mhlw.go.jp/znk-web/juminkanja/S2430/initialize?prefCd=22&kikanCd=3227315430&kikanKbn=3", "url2": null, "内容": "磐田さくら歯科【3:歯科】静岡県磐田市高見丘１２００　ららぽーと磐田　２階" }, "geometry": { "type": "Point", "coordinates": [ 137.840307, 34.750571 ] } },
{ "type": "Feature", "properties": { "ID": 2233227315690, "正式名称": "医療法人社団　ウェルパートナー　オリーブ歯科クリニック", "機関区分": 3, "都道府県コード": 22, "市区町村コード": 211, "所在地": "静岡県磐田市赤池１７０番地２", "緯度": 34.708604, "経度": 137.810125, "url": "https://www.iryou.teikyouseido.mhlw.go.jp/znk-web/juminkanja/S2430/initialize?prefCd=22&kikanCd=3227315690&kikanKbn=3", "url2": "https://www.oliveshika.com/", "内容": "医療法人社団　ウェルパートナー　オリーブ歯科クリニック【3:歯科】静岡県磐田市赤池１７０番地２" }, "geometry": { "type": "Point", "coordinates": [ 137.810125, 34.708604 ] } },
{ "type": "Feature", "properties": { "ID": 2233227315850, "正式名称": "みくりやデンタルクリニック", "機関区分": 3, "都道府県コード": 22, "市区町村コード": 211, "所在地": "静岡県磐田市新貝１丁目４－５ＴＨＥ　ＧＲＡＮ－Ｍ　１Ｆ", "緯度": 34.711522, "経度": 137.853006, "url": "https://www.iryou.teikyouseido.mhlw.go.jp/znk-web/juminkanja/S2430/initialize?prefCd=22&kikanCd=3227315850&kikanKbn=3", "url2": null, "内容": "みくりやデンタルクリニック【3:歯科】静岡県磐田市新貝１丁目４－５ＴＨＥ　ＧＲＡＮ－Ｍ　１Ｆ" }, "geometry": { "type": "Point", "coordinates": [ 137.853006, 34.711522 ] } },
{ "type": "Feature", "properties": { "ID": 2233227315980, "正式名称": "牧野歯科医院大東診療所", "機関区分": 3, "都道府県コード": 22, "市区町村コード": 213, "所在地": "静岡県掛川市大坂１１４６番地の３", "緯度": 34.668157, "経度": 138.047087, "url": "https://www.iryou.teikyouseido.mhlw.go.jp/znk-web/juminkanja/S2430/initialize?prefCd=22&kikanCd=3227315980&kikanKbn=3", "url2": null, "内容": "牧野歯科医院大東診療所【3:歯科】静岡県掛川市大坂１１４６番地の３" }, "geometry": { "type": "Point", "coordinates": [ 138.047087, 34.668157 ] } },
{ "type": "Feature", "properties": { "ID": 2233227316020, "正式名称": "うちやま歯科クリニック", "機関区分": 3, "都道府県コード": 22, "市区町村コード": 221, "所在地": "静岡県湖西市岡崎２５８６番地３８", "緯度": 34.723561, "経度": 137.505689, "url": "https://www.iryou.teikyouseido.mhlw.go.jp/znk-web/juminkanja/S2430/initialize?prefCd=22&kikanCd=3227316020&kikanKbn=3", "url2": "http://www.u-dent.jp", "内容": "うちやま歯科クリニック【3:歯科】静岡県湖西市岡崎２５８６番地３８" }, "geometry": { "type": "Point", "coordinates": [ 137.505689, 34.723561 ] } },
{ "type": "Feature", "properties": { "ID": 2233227316150, "正式名称": "ピュールデンタル", "機関区分": 3, "都道府県コード": 22, "市区町村コード": 211, "所在地": "静岡県磐田市今之浦二丁目８番５バーンビレッジ内", "緯度": 34.717511, "経度": 137.862244, "url": "https://www.iryou.teikyouseido.mhlw.go.jp/znk-web/juminkanja/S2430/initialize?prefCd=22&kikanCd=3227316150&kikanKbn=3", "url2": "https://pure-iwata.com", "内容": "ピュールデンタル【3:歯科】静岡県磐田市今之浦二丁目８番５バーンビレッジ内" }, "geometry": { "type": "Point", "coordinates": [ 137.862244, 34.717511 ] } },
{ "type": "Feature", "properties": { "ID": 2233227500180, "正式名称": "みその歯科医院", "機関区分": 3, "都道府県コード": 22, "市区町村コード": 139, "所在地": "静岡県浜松市浜名区東美薗", "緯度": 34.789018, "経度": 137.801804, "url": "https://www.iryou.teikyouseido.mhlw.go.jp/znk-web/juminkanja/S2430/initialize?prefCd=22&kikanCd=3227500180&kikanKbn=3", "url2": "https://haisha-yoyaku.jp/bun2sdental/detail/index/id/2238300434/", "内容": "みその歯科医院【3:歯科】静岡県浜松市浜名区東美薗" }, "geometry": { "type": "Point", "coordinates": [ 137.801804, 34.789018 ] } },
{ "type": "Feature", "properties": { "ID": 2233227500210, "正式名称": "河辺歯科医院", "機関区分": 3, "都道府県コード": 22, "市区町村コード": 138, "所在地": "静岡県浜松市中央区雄踏町宇布見７３９６－１", "緯度": 34.706151, "経度": 137.630318, "url": "https://www.iryou.teikyouseido.mhlw.go.jp/znk-web/juminkanja/S2430/initialize?prefCd=22&kikanCd=3227500210&kikanKbn=3", "url2": null, "内容": "河辺歯科医院【3:歯科】静岡県浜松市中央区雄踏町宇布見７３９６－１" }, "geometry": { "type": "Point", "coordinates": [ 137.630318, 34.706151 ] } },
{ "type": "Feature", "properties": { "ID": 2233227500470, "正式名称": "山村歯科医院", "機関区分": 3, "都道府県コード": 22, "市区町村コード": 221, "所在地": "静岡県湖西市古見１０３４－７", "緯度": 34.718585, "経度": 137.533514, "url": "https://www.iryou.teikyouseido.mhlw.go.jp/znk-web/juminkanja/S2430/initialize?prefCd=22&kikanCd=3227500470&kikanKbn=3", "url2": null, "内容": "山村歯科医院【3:歯科】静岡県湖西市古見１０３４－７" }, "geometry": { "type": "Point", "coordinates": [ 137.533514, 34.718585 ] } },
{ "type": "Feature", "properties": { "ID": 2233227500500, "正式名称": "いちかわ歯科浜北", "機関区分": 3, "都道府県コード": 22, "市区町村コード": 139, "所在地": "静岡県浜松市浜名区小松３２６２－１", "緯度": 34.783978, "経度": 137.770445, "url": "https://www.iryou.teikyouseido.mhlw.go.jp/znk-web/juminkanja/S2430/initialize?prefCd=22&kikanCd=3227500500&kikanKbn=3", "url2": "http://ichikawa-dc.jp", "内容": "いちかわ歯科浜北【3:歯科】静岡県浜松市浜名区小松３２６２－１" }, "geometry": { "type": "Point", "coordinates": [ 137.770445, 34.783978 ] } },
{ "type": "Feature", "properties": { "ID": 2233227500760, "正式名称": "鈴木デンタルクリニック", "機関区分": 3, "都道府県コード": 22, "市区町村コード": 139, "所在地": "静岡県浜松市浜名区横須賀７９７－１", "緯度": 34.792628, "経度": 137.79125, "url": "https://www.iryou.teikyouseido.mhlw.go.jp/znk-web/juminkanja/S2430/initialize?prefCd=22&kikanCd=3227500760&kikanKbn=3", "url2": "httpt://www.sdc-aizumi.com/", "内容": "鈴木デンタルクリニック【3:歯科】静岡県浜松市浜名区横須賀７９７－１" }, "geometry": { "type": "Point", "coordinates": [ 137.79125, 34.792628 ] } },
{ "type": "Feature", "properties": { "ID": 2233227500920, "正式名称": "平口歯科医院", "機関区分": 3, "都道府県コード": 22, "市区町村コード": 139, "所在地": "静岡県浜松市浜名区平口３３３－４", "緯度": 34.805595, "経度": 137.766432, "url": "https://www.iryou.teikyouseido.mhlw.go.jp/znk-web/juminkanja/S2430/initialize?prefCd=22&kikanCd=3227500920&kikanKbn=3", "url2": null, "内容": "平口歯科医院【3:歯科】静岡県浜松市浜名区平口３３３－４" }, "geometry": { "type": "Point", "coordinates": [ 137.766432, 34.805595 ] } },
{ "type": "Feature", "properties": { "ID": 2233227501190, "正式名称": "横須賀きが歯科医院", "機関区分": 3, "都道府県コード": 22, "市区町村コード": 139, "所在地": "静岡県浜松市浜名区横須賀１８６－１", "緯度": 34.786146, "経度": 137.790496, "url": "https://www.iryou.teikyouseido.mhlw.go.jp/znk-web/juminkanja/S2430/initialize?prefCd=22&kikanCd=3227501190&kikanKbn=3", "url2": null, "内容": "横須賀きが歯科医院【3:歯科】静岡県浜松市浜名区横須賀１８６－１" }, "geometry": { "type": "Point", "coordinates": [ 137.790496, 34.786146 ] } },
{ "type": "Feature", "properties": { "ID": 2233227501220, "正式名称": "はる歯科クリニック", "機関区分": 3, "都道府県コード": 22, "市区町村コード": 221, "所在地": "静岡県湖西市南台４－１－１", "緯度": 34.718369, "経度": 137.491944, "url": "https://www.iryou.teikyouseido.mhlw.go.jp/znk-web/juminkanja/S2430/initialize?prefCd=22&kikanCd=3227501220&kikanKbn=3", "url2": "http://www.harusika.com/", "内容": "はる歯科クリニック【3:歯科】静岡県湖西市南台４－１－１" }, "geometry": { "type": "Point", "coordinates": [ 137.491944, 34.718369 ] } },
{ "type": "Feature", "properties": { "ID": 2233227501350, "正式名称": "平野歯科医院", "機関区分": 3, "都道府県コード": 22, "市区町村コード": 139, "所在地": "静岡県浜松市浜名区尾野７７２－３", "緯度": 34.829559, "経度": 137.791113, "url": "https://www.iryou.teikyouseido.mhlw.go.jp/znk-web/juminkanja/S2430/initialize?prefCd=22&kikanCd=3227501350&kikanKbn=3", "url2": "http://www.hirano-shikaiin.com", "内容": "平野歯科医院【3:歯科】静岡県浜松市浜名区尾野７７２－３" }, "geometry": { "type": "Point", "coordinates": [ 137.791113, 34.829559 ] } },
{ "type": "Feature", "properties": { "ID": 2233227501480, "正式名称": "しんデンタルクリニック", "機関区分": 3, "都道府県コード": 22, "市区町村コード": 139, "所在地": "静岡県浜松市浜名区西美薗２５２７", "緯度": 34.809233, "経度": 137.804267, "url": "https://www.iryou.teikyouseido.mhlw.go.jp/znk-web/juminkanja/S2430/initialize?prefCd=22&kikanCd=3227501480&kikanKbn=3", "url2": null, "内容": "しんデンタルクリニック【3:歯科】静岡県浜松市浜名区西美薗２５２７" }, "geometry": { "type": "Point", "coordinates": [ 137.804267, 34.809233 ] } },
{ "type": "Feature", "properties": { "ID": 2233227501640, "正式名称": "福田歯科・歯科口腔外科クリニック", "機関区分": 3, "都道府県コード": 22, "市区町村コード": 139, "所在地": "静岡県浜松市浜名区貴布祢３０００", "緯度": 34.791508, "経度": 137.783258, "url": "https://www.iryou.teikyouseido.mhlw.go.jp/znk-web/juminkanja/S2430/initialize?prefCd=22&kikanCd=3227501640&kikanKbn=3", "url2": null, "内容": "福田歯科・歯科口腔外科クリニック【3:歯科】静岡県浜松市浜名区貴布祢３０００" }, "geometry": { "type": "Point", "coordinates": [ 137.783258, 34.791508 ] } },
{ "type": "Feature", "properties": { "ID": 2233228000010, "正式名称": "ふたば歯科医院", "機関区分": 3, "都道府県コード": 22, "市区町村コード": 214, "所在地": "静岡県藤枝市瀬戸新屋１４４‐２", "緯度": 34.849202, "経度": 138.244915, "url": "https://www.iryou.teikyouseido.mhlw.go.jp/znk-web/juminkanja/S2430/initialize?prefCd=22&kikanCd=3228000010&kikanKbn=3", "url2": null, "内容": "ふたば歯科医院【3:歯科】静岡県藤枝市瀬戸新屋１４４‐２" }, "geometry": { "type": "Point", "coordinates": [ 138.244915, 34.849202 ] } }
]
}
