{
"type": "FeatureCollection",
"name": "geo_22_訪問介護",
"crs": { "type": "name", "properties": { "name": "urn:ogc:def:crs:OGC:1.3:CRS84" } },
"features": [
{ "type": "Feature", "properties": { "内容": "プラム訪問介護事業所【訪問介護】静岡市葵区沓谷４丁目１５番４号", "url": "https://www.kaigokensaku.mhlw.go.jp/22/index.php?action_kouhyou_detail_004_kani=true&JigyosyoCd=2274100904-00&ServiceCd=110&Type=search", "url2": null }, "geometry": { "type": "Point", "coordinates": [ 138.405298600000037, 34.9939519 ] } },
{ "type": "Feature", "properties": { "内容": "ヘルパーステーションふるさとの家羽鳥【訪問介護】羽鳥２丁目３－１０", "url": "https://www.kaigokensaku.mhlw.go.jp/22/index.php?action_kouhyou_detail_004_kani=true&JigyosyoCd=2274204490-00&ServiceCd=110&Type=search", "url2": null }, "geometry": { "type": "Point", "coordinates": [ 138.347562899999957, 34.977631 ] } },
{ "type": "Feature", "properties": { "内容": "ケアサポートママうさぎ【訪問介護】静岡市葵区与一一丁目8-8", "url": "https://www.kaigokensaku.mhlw.go.jp/22/index.php?action_kouhyou_detail_004_kani=true&JigyosyoCd=2274101043-00&ServiceCd=110&Type=search", "url2": "http://www.mamausagi.jp" }, "geometry": { "type": "Point", "coordinates": [ 138.357024899999942, 35.013238 ] } },
{ "type": "Feature", "properties": { "内容": "きゃんでぃー訪問介護事業所【訪問介護】静岡県静岡市葵区横内町32", "url": "https://www.kaigokensaku.mhlw.go.jp/22/index.php?action_kouhyou_detail_004_kani=true&JigyosyoCd=2274209077-00&ServiceCd=110&Type=search", "url2": "candy-sadako@gmail.com" }, "geometry": { "type": "Point", "coordinates": [ 138.396342900000036, 34.9887943 ] } },
{ "type": "Feature", "properties": { "内容": "ここの家訪問介護事業所【訪問介護】静岡市葵区大岩４丁目２５番１－１０２号", "url": "https://www.kaigokensaku.mhlw.go.jp/22/index.php?action_kouhyou_detail_004_kani=true&JigyosyoCd=2274205554-00&ServiceCd=110&Type=search", "url2": "keiai_kokonoie@yahoo.co.jp" }, "geometry": { "type": "Point", "coordinates": [ 138.38000349999993, 35.0001868 ] } },
{ "type": "Feature", "properties": { "内容": "ヘルパーステーションほっとあおい【訪問介護】静岡市葵区二番町1番地の７水野ビル１F", "url": "https://www.kaigokensaku.mhlw.go.jp/22/index.php?action_kouhyou_detail_004_kani=true&JigyosyoCd=2274209754-00&ServiceCd=110&Type=search", "url2": null }, "geometry": { "type": "Point", "coordinates": [ 138.374886657672107, 34.974511334661869 ] } },
{ "type": "Feature", "properties": { "内容": "ヘルパーステーションプラス北【訪問介護】静岡県静岡市葵区北5-27-33", "url": "https://www.kaigokensaku.mhlw.go.jp/22/index.php?action_kouhyou_detail_004_kani=true&JigyosyoCd=2274210661-00&ServiceCd=110&Type=search", "url2": null }, "geometry": { "type": "Point", "coordinates": [ 138.397205899999989, 35.0371216 ] } },
{ "type": "Feature", "properties": { "内容": "学研ココファン東静岡ヘルパーセンター【訪問介護】静岡県静岡市葵区長沼南8-6", "url": "https://www.kaigokensaku.mhlw.go.jp/22/index.php?action_kouhyou_detail_004_kani=true&JigyosyoCd=2274209085-00&ServiceCd=110&Type=search", "url2": null }, "geometry": { "type": "Point", "coordinates": [ 138.417439400000035, 34.9893862 ] } },
{ "type": "Feature", "properties": { "内容": "あさひケアサービス【訪問介護】静岡市葵区北安東５－５６－１０", "url": "https://www.kaigokensaku.mhlw.go.jp/22/index.php?action_kouhyou_detail_004_kani=true&JigyosyoCd=2274101456-00&ServiceCd=110&Type=search", "url2": null }, "geometry": { "type": "Point", "coordinates": [ 138.38781190920156, 34.999928652451686 ] } },
{ "type": "Feature", "properties": { "内容": "静岡ひかりタクシー介護事業部【訪問介護】静岡市葵区新伝馬三丁目1番5号", "url": "https://www.kaigokensaku.mhlw.go.jp/22/index.php?action_kouhyou_detail_004_kani=true&JigyosyoCd=2274101506-00&ServiceCd=110&Type=search", "url2": "http://www.2454501.jp" }, "geometry": { "type": "Point", "coordinates": [ 138.367318599999976, 34.9981426 ] } },
{ "type": "Feature", "properties": { "内容": "エスケア訪問介護事業所【訪問介護】静岡県静岡市葵区北安東4-22-5", "url": "https://www.kaigokensaku.mhlw.go.jp/22/index.php?action_kouhyou_detail_004_kani=true&JigyosyoCd=2274210315-00&ServiceCd=110&Type=search", "url2": null }, "geometry": { "type": "Point", "coordinates": [ 138.3879618, 35.0041342 ] } },
{ "type": "Feature", "properties": { "内容": "ケアステーション　桔梗【訪問介護】駒形通４丁目１１－９フルカワ第２ビル４０１号室", "url": "https://www.kaigokensaku.mhlw.go.jp/22/index.php?action_kouhyou_detail_004_kani=true&JigyosyoCd=2274209317-00&ServiceCd=110&Type=search", "url2": "https://care-net.biz/22/kikyokaigo/" }, "geometry": { "type": "Point", "coordinates": [ 138.375882548906958, 34.965762031760462 ] } },
{ "type": "Feature", "properties": { "内容": "有限会社　岩本薬局　ホームヘルプサービス　ひとみ【訪問介護】静岡県静岡市葵区巴町６０", "url": "https://www.kaigokensaku.mhlw.go.jp/22/index.php?action_kouhyou_detail_004_kani=true&JigyosyoCd=2244110165-00&ServiceCd=110&Type=search", "url2": "http://iwamotoyakkyoku.jp/" }, "geometry": { "type": "Point", "coordinates": [ 138.394408200000044, 34.98510550000001 ] } },
{ "type": "Feature", "properties": { "内容": "静岡市社会福祉協議会　ホームヘルパーステーションしずおか【訪問介護】静岡県静岡市葵区城内町1番1号静岡市中央福祉センター", "url": "https://www.kaigokensaku.mhlw.go.jp/22/index.php?action_kouhyou_detail_004_kani=true&JigyosyoCd=2274100029-00&ServiceCd=110&Type=search", "url2": "https://www.shizuoka-shakyo.or.jp/" }, "geometry": { "type": "Point", "coordinates": [ 138.381204, 34.981889 ] } },
{ "type": "Feature", "properties": { "内容": "楽寿の園福祉エリア訪問介護ステーション【訪問介護】静岡市葵区与左衛門新田74-6", "url": "https://www.kaigokensaku.mhlw.go.jp/22/index.php?action_kouhyou_detail_004_kani=true&JigyosyoCd=2274100102-00&ServiceCd=110&Type=search", "url2": "http://www.rakuju.or.jp" }, "geometry": { "type": "Point", "coordinates": [ 138.368812360713264, 35.027166822861275 ] } },
{ "type": "Feature", "properties": { "内容": "ヘルパーステーション瀬名【訪問介護】静岡市葵区瀬名4701番9", "url": "https://www.kaigokensaku.mhlw.go.jp/22/index.php?action_kouhyou_detail_004_kani=true&JigyosyoCd=2274100128-00&ServiceCd=110&Type=search", "url2": "http://www.kojinkai-fukushi.com/rainbowsena" }, "geometry": { "type": "Point", "coordinates": [ 138.429135099999939, 35.0356116 ] } },
{ "type": "Feature", "properties": { "内容": "ホームヘルプサービス　カリタス【訪問介護】静岡市葵区桂山723-6", "url": "https://www.kaigokensaku.mhlw.go.jp/22/index.php?action_kouhyou_detail_004_kani=true&JigyosyoCd=2274100201-00&ServiceCd=110&Type=search", "url2": "https://www.c-katura.com" }, "geometry": { "type": "Point", "coordinates": [ 138.344051600000057, 35.1116913 ] } },
{ "type": "Feature", "properties": { "内容": "ケア・フリ－静岡【訪問介護】静岡県静岡市葵区沓谷5-2-1", "url": "https://www.kaigokensaku.mhlw.go.jp/22/index.php?action_kouhyou_detail_004_kani=true&JigyosyoCd=2274100375-00&ServiceCd=110&Type=search", "url2": "https://www.care-free.co.jp" }, "geometry": { "type": "Point", "coordinates": [ 138.407495599999947, 34.995388 ] } },
{ "type": "Feature", "properties": { "内容": "エポックケアサービス【訪問介護】静岡県静岡市葵区馬場町9番地田辺ビル2階", "url": "https://www.kaigokensaku.mhlw.go.jp/22/index.php?action_kouhyou_detail_004_kani=true&JigyosyoCd=2274100433-00&ServiceCd=110&Type=search", "url2": "https://epoch-care.net" }, "geometry": { "type": "Point", "coordinates": [ 138.379007, 34.9779367 ] } },
{ "type": "Feature", "properties": { "内容": "あしたば訪問介護【訪問介護】静岡市葵区五番町2-36シニアあしたば", "url": "https://www.kaigokensaku.mhlw.go.jp/22/index.php?action_kouhyou_detail_004_kani=true&JigyosyoCd=2274100482-00&ServiceCd=110&Type=search", "url2": "http://www.nh-ashitaba.co.jp" }, "geometry": { "type": "Point", "coordinates": [ 138.372353483605167, 34.972831743840025 ] } },
{ "type": "Feature", "properties": { "内容": "有限会社　山秀　マミー・ケア・サポート　訪問介護事業所【訪問介護】静岡市葵区新伝馬一丁目10-50", "url": "https://www.kaigokensaku.mhlw.go.jp/22/index.php?action_kouhyou_detail_004_kani=true&JigyosyoCd=2274200266-00&ServiceCd=110&Type=search", "url2": null }, "geometry": { "type": "Point", "coordinates": [ 138.3634217, 34.9976871 ] } },
{ "type": "Feature", "properties": { "内容": "まごころ介護サービス静岡西【訪問介護】静岡市葵区一番町65", "url": "https://www.kaigokensaku.mhlw.go.jp/22/index.php?action_kouhyou_detail_004_kani=true&JigyosyoCd=2274200332-00&ServiceCd=110&Type=search", "url2": "http://magokorokaigo.com" }, "geometry": { "type": "Point", "coordinates": [ 138.371236544180306, 34.976346928069589 ] } },
{ "type": "Feature", "properties": { "内容": "株式会社　安里【訪問介護】静岡県静岡市葵区太田町１１番1ナカノビル", "url": "https://www.kaigokensaku.mhlw.go.jp/22/index.php?action_kouhyou_detail_004_kani=true&JigyosyoCd=2274200589-00&ServiceCd=110&Type=search", "url2": "http://care-net.biz/22/anri/canpany.php" }, "geometry": { "type": "Point", "coordinates": [ 138.39246305581969, 34.984859062526873 ] } },
{ "type": "Feature", "properties": { "内容": "しずてつケアステーション北安東　訪問介護事業所【訪問介護】静岡市葵区北安東二丁目28-10", "url": "https://www.kaigokensaku.mhlw.go.jp/22/index.php?action_kouhyou_detail_004_kani=true&JigyosyoCd=2274200985-00&ServiceCd=110&Type=search", "url2": "http://www.shizutetsu.co.jp/care/" }, "geometry": { "type": "Point", "coordinates": [ 138.385766599999982, 34.99834 ] } },
{ "type": "Feature", "properties": { "内容": "指定訪問介護事業所　幸【訪問介護】静岡市葵区研屋町26番地", "url": "https://www.kaigokensaku.mhlw.go.jp/22/index.php?action_kouhyou_detail_004_kani=true&JigyosyoCd=2274201082-00&ServiceCd=110&Type=search", "url2": null }, "geometry": { "type": "Point", "coordinates": [ 138.376548472468329, 34.976598850110229 ] } },
{ "type": "Feature", "properties": { "内容": "有限会社たんぽぽ【訪問介護】静岡県静岡市葵区安東三丁目５番８号", "url": "https://www.kaigokensaku.mhlw.go.jp/22/index.php?action_kouhyou_detail_004_kani=true&JigyosyoCd=2274202651-00&ServiceCd=110&Type=search", "url2": "https://care¯net.biz/22/tanpopo" }, "geometry": { "type": "Point", "coordinates": [ 138.387267676721194, 34.991074679073982 ] } },
{ "type": "Feature", "properties": { "内容": "合名会社　ヘルパーステーション　トマト【訪問介護】静岡市葵区瀬名中央４丁目３－１１", "url": "https://www.kaigokensaku.mhlw.go.jp/22/index.php?action_kouhyou_detail_004_kani=true&JigyosyoCd=2274203013-00&ServiceCd=110&Type=search", "url2": null }, "geometry": { "type": "Point", "coordinates": [ 138.423382899999979, 35.0105727 ] } },
{ "type": "Feature", "properties": { "内容": "セントケア葵（介護）【訪問介護】静岡市葵区本通９－１１3F", "url": "https://www.kaigokensaku.mhlw.go.jp/22/index.php?action_kouhyou_detail_004_kani=true&JigyosyoCd=2274203252-00&ServiceCd=110&Type=search", "url2": null }, "geometry": { "type": "Point", "coordinates": [ 138.3736662, 34.9677296 ] } },
{ "type": "Feature", "properties": { "内容": "にちいけあせんたーしずおかはとり【訪問介護】静岡県静岡市葵区羽鳥2丁目6-9", "url": "https://www.kaigokensaku.mhlw.go.jp/22/index.php?action_kouhyou_detail_004_kani=true&JigyosyoCd=2274205380-00&ServiceCd=110&Type=search", "url2": "http://www.nichiigakkan.co.jp" }, "geometry": { "type": "Point", "coordinates": [ 138.346313, 34.9781586 ] } },
{ "type": "Feature", "properties": { "内容": "厚生苑ホームヘルプサービス【訪問介護】静岡県静岡市葵区柳町１８５番地５", "url": "https://www.kaigokensaku.mhlw.go.jp/22/index.php?action_kouhyou_detail_004_kani=true&JigyosyoCd=2274206180-00&ServiceCd=110&Type=search", "url2": "http://www.shizuoka-kosei.or.jp" }, "geometry": { "type": "Point", "coordinates": [ 138.36281092238255, 34.980092529205542 ] } },
{ "type": "Feature", "properties": { "内容": "K・Aコアラ株式会社【訪問介護】静岡市葵区沓谷１丁目29-14-10スカイパレス沓谷203", "url": "https://www.kaigokensaku.mhlw.go.jp/22/index.php?action_kouhyou_detail_004_kani=true&JigyosyoCd=2274206909-00&ServiceCd=110&Type=search", "url2": null }, "geometry": { "type": "Point", "coordinates": [ 138.401635299999953, 34.9865833 ] } },
{ "type": "Feature", "properties": { "内容": "まはえ瀬名花壇　まはえのおうちケア【訪問介護】静岡県静岡市葵区瀬名中央3丁目5番17号まはえ瀬名花壇", "url": "https://www.kaigokensaku.mhlw.go.jp/22/index.php?action_kouhyou_detail_004_kani=true&JigyosyoCd=2274207121-00&ServiceCd=110&Type=search", "url2": "http://www.senakadan.jp" }, "geometry": { "type": "Point", "coordinates": [ 138.422394165606676, 35.009564624782378 ] } },
{ "type": "Feature", "properties": { "内容": "ここえ静岡【訪問介護】静岡県静岡市葵区幸町19番地1", "url": "https://www.kaigokensaku.mhlw.go.jp/22/index.php?action_kouhyou_detail_004_kani=true&JigyosyoCd=2274207386-00&ServiceCd=110&Type=search", "url2": "https://toyogroup.jp/" }, "geometry": { "type": "Point", "coordinates": [ 138.371163938658071, 34.966283500813397 ] } },
{ "type": "Feature", "properties": { "内容": "はなうたの介護　葵【訪問介護】静岡県静岡市葵区井宮町108-22", "url": "https://www.kaigokensaku.mhlw.go.jp/22/index.php?action_kouhyou_detail_004_kani=true&JigyosyoCd=2274207485-00&ServiceCd=110&Type=search", "url2": "http://hanauta-world.com" }, "geometry": { "type": "Point", "coordinates": [ 138.369175599999977, 34.9870524 ] } },
{ "type": "Feature", "properties": { "内容": "ソフトケア静岡店【訪問介護】静岡県静岡市葵区羽鳥1丁目2-13", "url": "https://www.kaigokensaku.mhlw.go.jp/22/index.php?action_kouhyou_detail_004_kani=true&JigyosyoCd=2274207535-00&ServiceCd=110&Type=search", "url2": "https://honest-0529.com/" }, "geometry": { "type": "Point", "coordinates": [ 138.372329677124071, 34.964016063498157 ] } },
{ "type": "Feature", "properties": { "内容": "訪問介護ステーションこころ【訪問介護】安東１丁目８番７号マナーハウスアンドー１０１", "url": "https://www.kaigokensaku.mhlw.go.jp/22/index.php?action_kouhyou_detail_004_kani=true&JigyosyoCd=2274207873-00&ServiceCd=110&Type=search", "url2": "http://hp.kaipoke.biz/b77/" }, "geometry": { "type": "Point", "coordinates": [ 138.385495100000071, 34.986252400000019 ] } },
{ "type": "Feature", "properties": { "内容": "ケアサービス　エミィ【訪問介護】静岡県静岡市葵区西瀬名町22-3-202", "url": "https://www.kaigokensaku.mhlw.go.jp/22/index.php?action_kouhyou_detail_004_kani=true&JigyosyoCd=2274208129-00&ServiceCd=110&Type=search", "url2": null }, "geometry": { "type": "Point", "coordinates": [ 138.414508699999942, 35.0135804 ] } },
{ "type": "Feature", "properties": { "内容": "ラポーレ駿河ホームヘルプサービス【訪問介護】静岡県静岡市葵区羽鳥六丁目4-18", "url": "https://www.kaigokensaku.mhlw.go.jp/22/index.php?action_kouhyou_detail_004_kani=true&JigyosyoCd=2274208194-00&ServiceCd=110&Type=search", "url2": "http://www.surugakai.net/rapo-homehelp/" }, "geometry": { "type": "Point", "coordinates": [ 138.3343698, 34.983840900000011 ] } },
{ "type": "Feature", "properties": { "内容": "アリスト訪問介護【訪問介護】静岡市葵区丸山町６５番地", "url": "https://www.kaigokensaku.mhlw.go.jp/22/index.php?action_kouhyou_detail_004_kani=true&JigyosyoCd=2274208236-00&ServiceCd=110&Type=search", "url2": null }, "geometry": { "type": "Point", "coordinates": [ 138.3776375, 34.9859302 ] } },
{ "type": "Feature", "properties": { "内容": "サンケア梅屋町【訪問介護】静岡県静岡市葵区梅屋町5-1", "url": "https://www.kaigokensaku.mhlw.go.jp/22/index.php?action_kouhyou_detail_004_kani=true&JigyosyoCd=2274208301-00&ServiceCd=110&Type=search", "url2": "http://www.mediesta.co.jp" }, "geometry": { "type": "Point", "coordinates": [ 138.377729600000066, 34.9720596 ] } },
{ "type": "Feature", "properties": { "内容": "サンケア瀬名【訪問介護】静岡県静岡市葵区瀬名中央3丁目28-86", "url": "https://www.kaigokensaku.mhlw.go.jp/22/index.php?action_kouhyou_detail_004_kani=true&JigyosyoCd=2274208319-00&ServiceCd=110&Type=search", "url2": "http://www.mediesta.co.jp" }, "geometry": { "type": "Point", "coordinates": [ 138.42213019999997, 35.0103505 ] } },
{ "type": "Feature", "properties": { "内容": "訪問サービス城東はぴすぽ【訪問介護】静岡県静岡市葵区城東町34-14城東コミュニティープラザHapiSpo2階", "url": "https://www.kaigokensaku.mhlw.go.jp/22/index.php?action_kouhyou_detail_004_kani=true&JigyosyoCd=2274208327-00&ServiceCd=110&Type=search", "url2": null }, "geometry": { "type": "Point", "coordinates": [ 138.390411399999948, 34.984999800000018 ] } },
{ "type": "Feature", "properties": { "内容": "ヘルパーステーション　ライフ【訪問介護】静岡市葵区上足洗4丁目7-11", "url": "https://www.kaigokensaku.mhlw.go.jp/22/index.php?action_kouhyou_detail_004_kani=true&JigyosyoCd=2274208376-00&ServiceCd=110&Type=search", "url2": null }, "geometry": { "type": "Point", "coordinates": [ 138.395415684764885, 34.99426514082095 ] } },
{ "type": "Feature", "properties": { "内容": "ヘルパーステーション　ハート・にしくぼ【訪問介護】静岡県静岡市葵区瀬名川2丁目23-40ヴィラグレイス201号", "url": "https://www.kaigokensaku.mhlw.go.jp/22/index.php?action_kouhyou_detail_004_kani=true&JigyosyoCd=2274209200-00&ServiceCd=110&Type=search", "url2": "www.assist-shizuoka.co.jp" }, "geometry": { "type": "Point", "coordinates": [ 138.482169200000044, 35.0387239 ] } },
{ "type": "Feature", "properties": { "内容": "介護クラーク静岡葵【訪問介護】静岡県静岡市葵区瀬名一丁目11番3号", "url": "https://www.kaigokensaku.mhlw.go.jp/22/index.php?action_kouhyou_detail_004_kani=true&JigyosyoCd=2274209770-00&ServiceCd=110&Type=search", "url2": null }, "geometry": { "type": "Point", "coordinates": [ 138.420714299999986, 35.0133761 ] } },
{ "type": "Feature", "properties": { "内容": "訪問介護事業所コスモス【訪問介護】静岡県静岡市葵区瀬名7丁目32-41", "url": "https://www.kaigokensaku.mhlw.go.jp/22/index.php?action_kouhyou_detail_004_kani=true&JigyosyoCd=2274210232-00&ServiceCd=110&Type=search", "url2": "http://care-net.biz/22/cosmos/" }, "geometry": { "type": "Point", "coordinates": [ 138.4232116, 35.0289318 ] } },
{ "type": "Feature", "properties": { "内容": "ケアサポートぷりん【訪問介護】静岡県静岡市葵区大岩本町26番19号", "url": "https://www.kaigokensaku.mhlw.go.jp/22/index.php?action_kouhyou_detail_004_kani=true&JigyosyoCd=2274210521-00&ServiceCd=110&Type=search", "url2": "https://www.carepuri.com/" }, "geometry": { "type": "Point", "coordinates": [ 138.376658, 34.9878219 ] } },
{ "type": "Feature", "properties": { "内容": "医心館訪問介護ステーション静岡Ⅱ【訪問介護】静岡県静岡市葵区千代田5丁目10番20号", "url": "https://www.kaigokensaku.mhlw.go.jp/22/index.php?action_kouhyou_detail_004_kani=true&JigyosyoCd=2274210729-00&ServiceCd=110&Type=search", "url2": null }, "geometry": { "type": "Point", "coordinates": [ 138.4050177, 34.9983429 ] } },
{ "type": "Feature", "properties": { "内容": "クレール竜南ヘルパーセンター【訪問介護】静岡県静岡市葵区竜南一丁目4番21号", "url": "https://www.kaigokensaku.mhlw.go.jp/22/index.php?action_kouhyou_detail_004_kani=true&JigyosyoCd=2274210802-00&ServiceCd=110&Type=search", "url2": null }, "geometry": { "type": "Point", "coordinates": [ 138.3998115, 34.9972324 ] } },
{ "type": "Feature", "properties": { "内容": "ドット３６５静岡葵（訪問介護）【訪問介護】静岡県静岡市葵区古庄3丁目22-48", "url": "https://www.kaigokensaku.mhlw.go.jp/22/index.php?action_kouhyou_detail_004_kani=true&JigyosyoCd=2274211339-00&ServiceCd=110&Type=search", "url2": "https://www.dotline-jp.com/" }, "geometry": { "type": "Point", "coordinates": [ 138.420052199999986, 34.9942563 ] } },
{ "type": "Feature", "properties": { "内容": "訪問介護リベル　静岡葵【訪問介護】静岡県静岡市葵区沓谷6丁目11-4", "url": "https://www.kaigokensaku.mhlw.go.jp/22/index.php?action_kouhyou_detail_004_kani=true&JigyosyoCd=2274211362-00&ServiceCd=110&Type=search", "url2": null }, "geometry": { "type": "Point", "coordinates": [ 138.4115864, 34.9950268 ] } },
{ "type": "Feature", "properties": { "内容": "ニチイケアセンター静岡千代田【訪問介護】静岡市葵区東千代田二丁目２６－９", "url": "https://www.kaigokensaku.mhlw.go.jp/22/index.php?action_kouhyou_detail_004_kani=true&JigyosyoCd=2274100227-00&ServiceCd=110&Type=search", "url2": "http://www.nichiigakkan.co.jp" }, "geometry": { "type": "Point", "coordinates": [ 138.409123099999988, 35.0018817 ] } },
{ "type": "Feature", "properties": { "内容": "活き生きネットワーク　介護事業部【訪問介護】静岡市葵区安東1丁目２３－１２", "url": "https://www.kaigokensaku.mhlw.go.jp/22/index.php?action_kouhyou_detail_004_kani=true&JigyosyoCd=2274100359-00&ServiceCd=110&Type=search", "url2": "http://npo-ikiiki.net/" }, "geometry": { "type": "Point", "coordinates": [ 138.382145499999979, 34.984772 ] } },
{ "type": "Feature", "properties": { "内容": "セントケア竜南(訪問介護)【訪問介護】静岡県静岡市葵区竜南一丁目１番36番", "url": "https://www.kaigokensaku.mhlw.go.jp/22/index.php?action_kouhyou_detail_004_kani=true&JigyosyoCd=2274206206-00&ServiceCd=110&Type=search", "url2": "http://www.saint-care.com" }, "geometry": { "type": "Point", "coordinates": [ 138.398913, 34.9962598 ] } },
{ "type": "Feature", "properties": { "内容": "訪問介護　亀松亭【訪問介護】静岡県静岡市葵区西草深町21-7", "url": "https://www.kaigokensaku.mhlw.go.jp/22/index.php?action_kouhyou_detail_004_kani=true&JigyosyoCd=2274210257-00&ServiceCd=110&Type=search", "url2": "https://www.basutabi.com/kaigo-kishotei/" }, "geometry": { "type": "Point", "coordinates": [ 138.3776756, 34.9806445 ] } },
{ "type": "Feature", "properties": { "内容": "アクア葵竜南訪問介護【訪問介護】静岡県静岡市葵区竜南3丁目1-52", "url": "https://www.kaigokensaku.mhlw.go.jp/22/index.php?action_kouhyou_detail_004_kani=true&JigyosyoCd=2274210877-00&ServiceCd=110&Type=search", "url2": null }, "geometry": { "type": "Point", "coordinates": [ 138.4016288, 34.9976217 ] } },
{ "type": "Feature", "properties": { "内容": "ヘルパーステーションリボーン静岡東【訪問介護】静岡県静岡市葵区両替町1丁目3－3レジデンス両替町１棟６階６０２号室", "url": "https://www.kaigokensaku.mhlw.go.jp/22/index.php?action_kouhyou_detail_004_kani=true&JigyosyoCd=2274210943-00&ServiceCd=110&Type=search", "url2": null }, "geometry": { "type": "Point", "coordinates": [ 138.37935250000001, 34.9745475 ] } },
{ "type": "Feature", "properties": { "内容": "あいあいヘルパーステーション【訪問介護】静岡県静岡市葵区田町５丁目６９ケアタウン静和　２階", "url": "https://www.kaigokensaku.mhlw.go.jp/22/index.php?action_kouhyou_detail_004_kani=true&JigyosyoCd=2274208475-00&ServiceCd=110&Type=search", "url2": "https://create-shizuoka.or.jp/post_facility/aiai" }, "geometry": { "type": "Point", "coordinates": [ 138.365781981614646, 34.967414328455895 ] } },
{ "type": "Feature", "properties": { "内容": "アクア葵訪問介護【訪問介護】静岡県静岡市葵区牧ケ谷2459-1", "url": "https://www.kaigokensaku.mhlw.go.jp/22/index.php?action_kouhyou_detail_004_kani=true&JigyosyoCd=2274210653-00&ServiceCd=110&Type=search", "url2": null }, "geometry": { "type": "Point", "coordinates": [ 138.3462644, 34.9699661 ] } },
{ "type": "Feature", "properties": { "内容": "(有)ケア・ネット【訪問介護】静岡市葵区末広町111", "url": "https://www.kaigokensaku.mhlw.go.jp/22/index.php?action_kouhyou_detail_004_kani=true&JigyosyoCd=2274201512-00&ServiceCd=110&Type=search", "url2": null }, "geometry": { "type": "Point", "coordinates": [ 138.370796499999983, 34.9830083 ] } },
{ "type": "Feature", "properties": { "内容": "アクタガワ　ハートフルホーム西奈【訪問介護】静岡市葵区瀬名中央一丁目４番３号", "url": "https://www.kaigokensaku.mhlw.go.jp/22/index.php?action_kouhyou_detail_004_kani=true&JigyosyoCd=2274204862-00&ServiceCd=110&Type=search", "url2": "https://www.akutagawa-heartlife.jp" }, "geometry": { "type": "Point", "coordinates": [ 138.421221899999978, 35.0069564 ] } },
{ "type": "Feature", "properties": { "内容": "みおつくしサポートセンター【訪問介護】見瀬35-9", "url": "https://www.kaigokensaku.mhlw.go.jp/22/index.php?action_kouhyou_detail_004_kani=true&JigyosyoCd=2274209333-00&ServiceCd=110&Type=search", "url2": null }, "geometry": { "type": "Point", "coordinates": [ 138.387867899999947, 34.9598639 ] } },
{ "type": "Feature", "properties": { "内容": "土屋訪問介護事業所　静岡【訪問介護】静岡県静岡市駿河区八幡5-13-2ベグヴァーム八幡401", "url": "https://www.kaigokensaku.mhlw.go.jp/22/index.php?action_kouhyou_detail_004_kani=true&JigyosyoCd=2274209457-00&ServiceCd=110&Type=search", "url2": "https://tsuchiya-houmon.com/" }, "geometry": { "type": "Point", "coordinates": [ 138.401306299999987, 34.966588 ] } },
{ "type": "Feature", "properties": { "内容": "ライフサポート　いろり【訪問介護】静岡市駿河区曲金４丁目2-22パレスK＆Q107", "url": "https://www.kaigokensaku.mhlw.go.jp/22/index.php?action_kouhyou_detail_004_kani=true&JigyosyoCd=2274204235-00&ServiceCd=110&Type=search", "url2": null }, "geometry": { "type": "Point", "coordinates": [ 138.409589399999959, 34.9776281 ] } },
{ "type": "Feature", "properties": { "内容": "ひじり薬局　居宅介護事業所【訪問介護】静岡市駿河区聖一色４１４－１", "url": "https://www.kaigokensaku.mhlw.go.jp/22/index.php?action_kouhyou_detail_004_kani=true&JigyosyoCd=2274206032-00&ServiceCd=110&Type=search", "url2": "hjr7363@olive.plala.or.jp" }, "geometry": { "type": "Point", "coordinates": [ 138.426563699999946, 34.9863729 ] } },
{ "type": "Feature", "properties": { "内容": "ホームヘルプサービスなごみ【訪問介護】静岡市駿河区中島2580-1", "url": "https://www.kaigokensaku.mhlw.go.jp/22/index.php?action_kouhyou_detail_004_kani=true&JigyosyoCd=2274100391-00&ServiceCd=110&Type=search", "url2": "http://www.wayou-fukushikai.jp/" }, "geometry": { "type": "Point", "coordinates": [ 138.4002898, 34.9338975 ] } },
{ "type": "Feature", "properties": { "内容": "長寿ライフサポート【訪問介護】静岡県静岡市駿河区敷地2丁目27－1－210号", "url": "https://www.kaigokensaku.mhlw.go.jp/22/index.php?action_kouhyou_detail_004_kani=true&JigyosyoCd=2274208558-00&ServiceCd=110&Type=search", "url2": null }, "geometry": { "type": "Point", "coordinates": [ 138.41608888479459, 34.950127444707327 ] } },
{ "type": "Feature", "properties": { "内容": "学研ココファン静岡南八幡ヘルパーセンター【訪問介護】南八幡町2-50ココファン静岡南八幡", "url": "https://www.kaigokensaku.mhlw.go.jp/22/index.php?action_kouhyou_detail_004_kani=true&JigyosyoCd=2274210125-00&ServiceCd=110&Type=search", "url2": null }, "geometry": { "type": "Point", "coordinates": [ 138.4010977, 34.9625767 ] } },
{ "type": "Feature", "properties": { "内容": "ケアステーションアンジェス静岡東新田【訪問介護】静岡県駿河区東新田4丁目6番12号サービス付き高齢者向け住宅アンジェス静岡東新田", "url": "https://www.kaigokensaku.mhlw.go.jp/22/index.php?action_kouhyou_detail_004_kani=true&JigyosyoCd=2274208939-00&ServiceCd=110&Type=search", "url2": "http://www.t-s-i.jp" }, "geometry": { "type": "Point", "coordinates": [ 138.378038466934186, 34.943058695560971 ] } },
{ "type": "Feature", "properties": { "内容": "ふたがしら【訪問介護】静岡県静岡市駿河区津島町１１番２５号山形ビル４FーB", "url": "https://www.kaigokensaku.mhlw.go.jp/22/index.php?action_kouhyou_detail_004_kani=true&JigyosyoCd=2274208657-00&ServiceCd=110&Type=search", "url2": "http://www.hutagashira.com/" }, "geometry": { "type": "Point", "coordinates": [ 138.381593400000042, 34.9609165 ] } },
{ "type": "Feature", "properties": { "内容": "介助派遣サービスひだまり【訪問介護】静岡県静岡市駿河区曲金５丁目4-58", "url": "https://www.kaigokensaku.mhlw.go.jp/22/index.php?action_kouhyou_detail_004_kani=true&JigyosyoCd=2274101035-00&ServiceCd=110&Type=search", "url2": "https://www.scil.jp" }, "geometry": { "type": "Point", "coordinates": [ 138.412768525274259, 34.976968329298863 ] } },
{ "type": "Feature", "properties": { "内容": "ヘルパーステーション　白萩【訪問介護】静岡市駿河区国吉田6丁目6-6", "url": "https://www.kaigokensaku.mhlw.go.jp/22/index.php?action_kouhyou_detail_004_kani=true&JigyosyoCd=2274202007-00&ServiceCd=110&Type=search", "url2": "http://www.shujikai.jp" }, "geometry": { "type": "Point", "coordinates": [ 138.436268499999983, 34.988478300000018 ] } },
{ "type": "Feature", "properties": { "内容": "ホームケア土屋静岡【訪問介護】静岡県静岡市駿河区八幡5-13-2ベクヴァーム八幡401", "url": "https://www.kaigokensaku.mhlw.go.jp/22/index.php?action_kouhyou_detail_004_kani=true&JigyosyoCd=2274210026-00&ServiceCd=110&Type=search", "url2": "https://homecare-tsuchiya.com" }, "geometry": { "type": "Point", "coordinates": [ 138.401306299999987, 34.966588 ] } },
{ "type": "Feature", "properties": { "内容": "小鹿苑訪問介護部【訪問介護】静岡県静岡市駿河区小鹿一丁目1番２４号", "url": "https://www.kaigokensaku.mhlw.go.jp/22/index.php?action_kouhyou_detail_004_kani=true&JigyosyoCd=2274100094-00&ServiceCd=110&Type=search", "url2": "https://www.oshikaen.jp" }, "geometry": { "type": "Point", "coordinates": [ 138.414172900000011, 34.975548300000014 ] } },
{ "type": "Feature", "properties": { "内容": "登呂の家ヘルパーステーション【訪問介護】静岡市駿河区登呂3丁目4－1", "url": "https://www.kaigokensaku.mhlw.go.jp/22/index.php?action_kouhyou_detail_004_kani=true&JigyosyoCd=2274201892-00&ServiceCd=110&Type=search", "url2": "http://www.tenryu-kohseikai.or.jp/senior/toro/" }, "geometry": { "type": "Point", "coordinates": [ 138.406413499999985, 34.958956 ] } },
{ "type": "Feature", "properties": { "内容": "豊原町ヘルパーステーション【訪問介護】静岡県静岡市駿河区豊原町４－９フルール小黒　２F", "url": "https://www.kaigokensaku.mhlw.go.jp/22/index.php?action_kouhyou_detail_004_kani=true&JigyosyoCd=2274209838-00&ServiceCd=110&Type=search", "url2": null }, "geometry": { "type": "Point", "coordinates": [ 138.4009087, 34.9754558 ] } },
{ "type": "Feature", "properties": { "内容": "ツクイ静岡【訪問介護】聖一色24-1なし", "url": "https://www.kaigokensaku.mhlw.go.jp/22/index.php?action_kouhyou_detail_004_kani=true&JigyosyoCd=2274209952-00&ServiceCd=110&Type=search", "url2": "http://tsukui.net/home-care/2115/" }, "geometry": { "type": "Point", "coordinates": [ 138.4273921, 34.9837446 ] } },
{ "type": "Feature", "properties": { "内容": "在宅サポートセンターピロス【訪問介護】静岡県静岡市駿河区馬渕2丁目9-13", "url": "https://www.kaigokensaku.mhlw.go.jp/22/index.php?action_kouhyou_detail_004_kani=true&JigyosyoCd=2274202353-00&ServiceCd=110&Type=search", "url2": null }, "geometry": { "type": "Point", "coordinates": [ 138.387034702546629, 34.964620503058285 ] } },
{ "type": "Feature", "properties": { "内容": "ヘルパーステーションリライアンス静岡東【訪問介護】稲川2-3-12リバブル稲川1F", "url": "https://www.kaigokensaku.mhlw.go.jp/22/index.php?action_kouhyou_detail_004_kani=true&JigyosyoCd=2274211081-00&ServiceCd=110&Type=search", "url2": null }, "geometry": { "type": "Point", "coordinates": [ 138.393857499999967, 34.968748799999979 ] } },
{ "type": "Feature", "properties": { "内容": "聖ヨゼフの園ヘルパーステーション【訪問介護】静岡市駿河区八幡4丁目6番9号", "url": "https://www.kaigokensaku.mhlw.go.jp/22/index.php?action_kouhyou_detail_004_kani=true&JigyosyoCd=2274100193-00&ServiceCd=110&Type=search", "url2": "http://www.joseph-seibofukushikai.jp/" }, "geometry": { "type": "Point", "coordinates": [ 138.397402899999946, 34.9680298 ] } },
{ "type": "Feature", "properties": { "内容": "アルファケアステーション【訪問介護】静岡市駿河区下川原三丁目3番8の1号", "url": "https://www.kaigokensaku.mhlw.go.jp/22/index.php?action_kouhyou_detail_004_kani=true&JigyosyoCd=2274100508-00&ServiceCd=110&Type=search", "url2": "alphacare@coast.ocn.ne.jp" }, "geometry": { "type": "Point", "coordinates": [ 138.372847699999966, 34.9388553 ] } },
{ "type": "Feature", "properties": { "内容": "丸子の里　ホームヘルプサービス【訪問介護】静岡市駿河区丸子2丁目4-16", "url": "https://www.kaigokensaku.mhlw.go.jp/22/index.php?action_kouhyou_detail_004_kani=true&JigyosyoCd=2274100714-00&ServiceCd=110&Type=search", "url2": "helper@marikonosato.org" }, "geometry": { "type": "Point", "coordinates": [ 138.355533499797048, 34.945229705676645 ] } },
{ "type": "Feature", "properties": { "内容": "鈴与ケアサービス株式会社　静岡営業所【訪問介護】小黒二丁目5-27", "url": "https://www.kaigokensaku.mhlw.go.jp/22/index.php?action_kouhyou_detail_004_kani=true&JigyosyoCd=2274101027-00&ServiceCd=110&Type=search", "url2": "http://www.suzuyocare.com" }, "geometry": { "type": "Point", "coordinates": [ 138.40219106441802, 34.971762137900491 ] } },
{ "type": "Feature", "properties": { "内容": "まごころ介護サービス静岡【訪問介護】静岡市駿河区池田２２６－２", "url": "https://www.kaigokensaku.mhlw.go.jp/22/index.php?action_kouhyou_detail_004_kani=true&JigyosyoCd=2274101101-00&ServiceCd=110&Type=search", "url2": null }, "geometry": { "type": "Point", "coordinates": [ 138.4205892, 34.9842119 ] } },
{ "type": "Feature", "properties": { "内容": "ニチイケアセンター駿河【訪問介護】静岡市駿河区宮竹2丁目16-8", "url": "https://www.kaigokensaku.mhlw.go.jp/22/index.php?action_kouhyou_detail_004_kani=true&JigyosyoCd=2274200977-00&ServiceCd=110&Type=search", "url2": "http://www.nichiigakkan.co.jp" }, "geometry": { "type": "Point", "coordinates": [ 138.41877640000007, 34.9529151 ] } },
{ "type": "Feature", "properties": { "内容": "ヘルパーステーション・白寿【訪問介護】静岡市駿河区小鹿二丁目２５番８号", "url": "https://www.kaigokensaku.mhlw.go.jp/22/index.php?action_kouhyou_detail_004_kani=true&JigyosyoCd=2274203245-00&ServiceCd=110&Type=search", "url2": "https://skjk.jp/helper" }, "geometry": { "type": "Point", "coordinates": [ 138.420581199999987, 34.9737715 ] } },
{ "type": "Feature", "properties": { "内容": "株式会社ヘルパーステーションほっと【訪問介護】静岡市駿河区みずほ３丁目12番4号", "url": "https://www.kaigokensaku.mhlw.go.jp/22/index.php?action_kouhyou_detail_004_kani=true&JigyosyoCd=2274203450-00&ServiceCd=110&Type=search", "url2": "http://helperstation-hot.com/" }, "geometry": { "type": "Point", "coordinates": [ 138.367037100000061, 34.9366639 ] } },
{ "type": "Feature", "properties": { "内容": "セントケア小鹿【訪問介護】静岡市駿河区曲金4丁目13番8号103", "url": "https://www.kaigokensaku.mhlw.go.jp/22/index.php?action_kouhyou_detail_004_kani=true&JigyosyoCd=2274203542-00&ServiceCd=110&Type=search", "url2": null }, "geometry": { "type": "Point", "coordinates": [ 138.41199030000007, 34.975723799999976 ] } },
{ "type": "Feature", "properties": { "内容": "在宅介護センター　アイケア高松【訪問介護】静岡市駿河区高松１－１７－1", "url": "https://www.kaigokensaku.mhlw.go.jp/22/index.php?action_kouhyou_detail_004_kani=true&JigyosyoCd=2274203658-00&ServiceCd=110&Type=search", "url2": "http://www.aicare.co.jp" }, "geometry": { "type": "Point", "coordinates": [ 138.41754576627045, 34.957945459003177 ] } },
{ "type": "Feature", "properties": { "内容": "ベストケアサービス【訪問介護】中田本町46-4", "url": "https://www.kaigokensaku.mhlw.go.jp/22/index.php?action_kouhyou_detail_004_kani=true&JigyosyoCd=2274206339-00&ServiceCd=110&Type=search", "url2": "http://www.keito-fukusuke.jp" }, "geometry": { "type": "Point", "coordinates": [ 138.395917884884142, 34.954598289610878 ] } },
{ "type": "Feature", "properties": { "内容": "フォレスト小鹿商店街ヘルパーステーション【訪問介護】小鹿１丁目5-18", "url": "https://www.kaigokensaku.mhlw.go.jp/22/index.php?action_kouhyou_detail_004_kani=true&JigyosyoCd=2274207972-00&ServiceCd=110&Type=search", "url2": "http://msc-care.co.jp/" }, "geometry": { "type": "Point", "coordinates": [ 138.415381600000046, 34.9759544 ] } },
{ "type": "Feature", "properties": { "内容": "ケアステーション　あんじぇす長田【訪問介護】東新田三丁目29番35号サービス付き高齢者向け住宅　アンジェス長田", "url": "https://www.kaigokensaku.mhlw.go.jp/22/index.php?action_kouhyou_detail_004_kani=true&JigyosyoCd=2274208434-00&ServiceCd=110&Type=search", "url2": "http://www.tsi-ns.com/osada/" }, "geometry": { "type": "Point", "coordinates": [ 138.373220596364604, 34.94513120449399 ] } },
{ "type": "Feature", "properties": { "内容": "学研ココファン静岡大和ヘルパーセンター【訪問介護】静岡県静岡市駿河区大和1丁目6番7号", "url": "https://www.kaigokensaku.mhlw.go.jp/22/index.php?action_kouhyou_detail_004_kani=true&JigyosyoCd=2274208624-00&ServiceCd=110&Type=search", "url2": null }, "geometry": { "type": "Point", "coordinates": [ 138.397797503041147, 34.974367676055728 ] } },
{ "type": "Feature", "properties": { "内容": "あくとケア静岡【訪問介護】大和1-2-26リエス大和1-C", "url": "https://www.kaigokensaku.mhlw.go.jp/22/index.php?action_kouhyou_detail_004_kani=true&JigyosyoCd=2274208921-00&ServiceCd=110&Type=search", "url2": null }, "geometry": { "type": "Point", "coordinates": [ 138.395889, 34.974254 ] } },
{ "type": "Feature", "properties": { "内容": "訪問介護しんあい【訪問介護】静岡県静岡市駿河区池田767-1", "url": "https://www.kaigokensaku.mhlw.go.jp/22/index.php?action_kouhyou_detail_004_kani=true&JigyosyoCd=2274208988-00&ServiceCd=110&Type=search", "url2": null }, "geometry": { "type": "Point", "coordinates": [ 138.425352800000041, 34.9800958 ] } },
{ "type": "Feature", "properties": { "内容": "ニチイケアセンター静岡みずほ【訪問介護】静岡県静岡市駿河区みずほ3丁目10番地の16メゾンみずほ1F", "url": "https://www.kaigokensaku.mhlw.go.jp/22/index.php?action_kouhyou_detail_004_kani=true&JigyosyoCd=2274209663-00&ServiceCd=110&Type=search", "url2": null }, "geometry": { "type": "Point", "coordinates": [ 138.368755771163933, 34.936192623033229 ] } },
{ "type": "Feature", "properties": { "内容": "訪問ヘルパーステーションOnetime【訪問介護】静岡県静岡市駿河区中島3060-1", "url": "https://www.kaigokensaku.mhlw.go.jp/22/index.php?action_kouhyou_detail_004_kani=true&JigyosyoCd=2274210364-00&ServiceCd=110&Type=search", "url2": "https://life-is.me/" }, "geometry": { "type": "Point", "coordinates": [ 138.4002216, 34.939426 ] } },
{ "type": "Feature", "properties": { "内容": "アクア駿河訪問介護【訪問介護】西脇877-2", "url": "https://www.kaigokensaku.mhlw.go.jp/22/index.php?action_kouhyou_detail_004_kani=true&JigyosyoCd=2274210687-00&ServiceCd=110&Type=search", "url2": null }, "geometry": { "type": "Point", "coordinates": [ 138.400219388254328, 34.948017236499723 ] } },
{ "type": "Feature", "properties": { "内容": "訪問介護　謳歌【訪問介護】静岡県静岡市駿河区緑が丘12番10号", "url": "https://www.kaigokensaku.mhlw.go.jp/22/index.php?action_kouhyou_detail_004_kani=true&JigyosyoCd=2274210711-00&ServiceCd=110&Type=search", "url2": "https://ouka-kaigo.amebaownd.com/" }, "geometry": { "type": "Point", "coordinates": [ 138.3797759, 34.9555506 ] } },
{ "type": "Feature", "properties": { "内容": "訪問ヘルパーステーションThings【訪問介護】静岡市駿河区中島1072-1", "url": "https://www.kaigokensaku.mhlw.go.jp/22/index.php?action_kouhyou_detail_004_kani=true&JigyosyoCd=2274211024-00&ServiceCd=110&Type=search", "url2": "https://life-is.me/" }, "geometry": { "type": "Point", "coordinates": [ 138.3962238, 34.9402456 ] } },
{ "type": "Feature", "properties": { "内容": "訪問介護リベル　県立美術館前【訪問介護】静岡市駿河区谷田34番5号", "url": "https://www.kaigokensaku.mhlw.go.jp/22/index.php?action_kouhyou_detail_004_kani=true&JigyosyoCd=2274211370-00&ServiceCd=110&Type=search", "url2": null }, "geometry": { "type": "Point", "coordinates": [ 138.4409212, 34.995277 ] } },
{ "type": "Feature", "properties": { "内容": "ケアサービス青葉【訪問介護】静岡県静岡市駿河区根古屋289-1", "url": "https://www.kaigokensaku.mhlw.go.jp/22/index.php?action_kouhyou_detail_004_kani=true&JigyosyoCd=2274207667-00&ServiceCd=110&Type=search", "url2": "https://sunpuaoikai.or.jp/aoba/" }, "geometry": { "type": "Point", "coordinates": [ 138.470429599999989, 34.962410699999985 ] } },
{ "type": "Feature", "properties": { "内容": "ケアサポート・りぼん【訪問介護】静岡県静岡市駿河区みずほ四丁目7-15", "url": "https://www.kaigokensaku.mhlw.go.jp/22/index.php?action_kouhyou_detail_004_kani=true&JigyosyoCd=2274200341-00&ServiceCd=110&Type=search", "url2": null }, "geometry": { "type": "Point", "coordinates": [ 138.364909399999988, 34.940619 ] } },
{ "type": "Feature", "properties": { "内容": "訪問介護けあLAB【訪問介護】静岡県静岡市駿河区稲川三丁目5-8サンハイツ稲川101", "url": "https://www.kaigokensaku.mhlw.go.jp/22/index.php?action_kouhyou_detail_004_kani=true&JigyosyoCd=2274211396-00&ServiceCd=110&Type=search", "url2": "https://www.care-lab1001.com/cont1/main.html" }, "geometry": { "type": "Point", "coordinates": [ 138.393730128836069, 34.968095471693729 ] } },
{ "type": "Feature", "properties": { "内容": "訪問介護ＭＹメディカル静岡【訪問介護】静岡県静岡市駿河区中原544番地2", "url": "https://www.kaigokensaku.mhlw.go.jp/22/index.php?action_kouhyou_detail_004_kani=true&JigyosyoCd=2274211404-00&ServiceCd=110&Type=search", "url2": null }, "geometry": { "type": "Point", "coordinates": [ 138.390130394609855, 34.954527595498675 ] } },
{ "type": "Feature", "properties": { "内容": "陽だまり会訪問介護事業所【訪問介護】静岡市駿河区新川1-9-6", "url": "https://www.kaigokensaku.mhlw.go.jp/22/index.php?action_kouhyou_detail_004_kani=true&JigyosyoCd=2274201661-00&ServiceCd=110&Type=search", "url2": null }, "geometry": { "type": "Point", "coordinates": [ 138.383875456483452, 34.963117345652194 ] } },
{ "type": "Feature", "properties": { "内容": "ピュアライフ介護ステーション【訪問介護】静岡県静岡市駿河区中田本町64-20", "url": "https://www.kaigokensaku.mhlw.go.jp/22/index.php?action_kouhyou_detail_004_kani=true&JigyosyoCd=2274207725-00&ServiceCd=110&Type=search", "url2": "http://purelife-home.com/" }, "geometry": { "type": "Point", "coordinates": [ 138.399736500000017, 34.9540036 ] } },
{ "type": "Feature", "properties": { "内容": "医心館訪問介護ステーション静岡【訪問介護】静岡県静岡市駿河区小鹿821-10", "url": "https://www.kaigokensaku.mhlw.go.jp/22/index.php?action_kouhyou_detail_004_kani=true&JigyosyoCd=2274210323-00&ServiceCd=110&Type=search", "url2": null }, "geometry": { "type": "Point", "coordinates": [ 138.424498, 34.9749791 ] } },
{ "type": "Feature", "properties": { "内容": "セントケア駿河訪問介護【訪問介護】静岡市駿河区中田1‐17‐7", "url": "https://www.kaigokensaku.mhlw.go.jp/22/index.php?action_kouhyou_detail_004_kani=true&JigyosyoCd=2274210356-00&ServiceCd=110&Type=search", "url2": null }, "geometry": { "type": "Point", "coordinates": [ 138.391989143971955, 34.965179492749122 ] } },
{ "type": "Feature", "properties": { "内容": "夢コープ静岡事業所【訪問介護】静岡県静岡市駿河区馬渕2丁目14ー36", "url": "https://www.kaigokensaku.mhlw.go.jp/22/index.php?action_kouhyou_detail_004_kani=true&JigyosyoCd=2274100342-00&ServiceCd=110&Type=search", "url2": "https://yumecoop.com" }, "geometry": { "type": "Point", "coordinates": [ 138.387053193917836, 34.965249413762031 ] } },
{ "type": "Feature", "properties": { "内容": "訪問ブルーアイケアサービス【訪問介護】静岡県静岡市駿河区小鹿205サングリーン静鹿101号", "url": "https://www.kaigokensaku.mhlw.go.jp/22/index.php?action_kouhyou_detail_004_kani=true&JigyosyoCd=2274210422-00&ServiceCd=110&Type=search", "url2": "http://www.blueai-care.com/careerpath/index.html" }, "geometry": { "type": "Point", "coordinates": [ 138.423225800000012, 34.968322908051583 ] } },
{ "type": "Feature", "properties": { "内容": "アクタガワ　ハートフルホーム静岡中央【訪問介護】静岡市駿河区馬渕１丁目８－１", "url": "https://www.kaigokensaku.mhlw.go.jp/22/index.php?action_kouhyou_detail_004_kani=true&JigyosyoCd=2274204326-00&ServiceCd=110&Type=search", "url2": "https://www.akutagawa-heartlife.jp" }, "geometry": { "type": "Point", "coordinates": [ 138.384203973155195, 34.968631744120884 ] } },
{ "type": "Feature", "properties": { "内容": "あっとほーむ　ケア【訪問介護】静岡県静岡市駿河区高松3414", "url": "https://www.kaigokensaku.mhlw.go.jp/22/index.php?action_kouhyou_detail_004_kani=true&JigyosyoCd=2274208491-00&ServiceCd=110&Type=search", "url2": "https://www.tea-service.jp" }, "geometry": { "type": "Point", "coordinates": [ 138.415020899999945, 34.944467100000018 ] } },
{ "type": "Feature", "properties": { "内容": "ヘルパーステーションほっとライフ【訪問介護】静岡市清水区三光町5-2", "url": "https://www.kaigokensaku.mhlw.go.jp/22/index.php?action_kouhyou_detail_004_kani=true&JigyosyoCd=2274205331-00&ServiceCd=110&Type=search", "url2": "http://www4.tokai.or.jp/hotlife/" }, "geometry": { "type": "Point", "coordinates": [ 138.486900914125044, 35.003158199275163 ] } },
{ "type": "Feature", "properties": { "内容": "ふじみ介護サービス【訪問介護】静岡市清水区宮加三８１６－４９", "url": "https://www.kaigokensaku.mhlw.go.jp/22/index.php?action_kouhyou_detail_004_kani=true&JigyosyoCd=2273200366-00&ServiceCd=110&Type=search", "url2": null }, "geometry": { "type": "Point", "coordinates": [ 138.4869787, 34.984705 ] } },
{ "type": "Feature", "properties": { "内容": "アミカ清水介護センター【訪問介護】静岡県静岡市清水区船越南町277フォレスタハンダ301号", "url": "https://www.kaigokensaku.mhlw.go.jp/22/index.php?action_kouhyou_detail_004_kani=true&JigyosyoCd=2274207303-00&ServiceCd=110&Type=search", "url2": "http://www.amica.jp" }, "geometry": { "type": "Point", "coordinates": [ 138.470693500000039, 35.0022084 ] } },
{ "type": "Feature", "properties": { "内容": "セイシン・ケアセンター【訪問介護】静岡市清水区宝町4-22", "url": "https://www.kaigokensaku.mhlw.go.jp/22/index.php?action_kouhyou_detail_004_kani=true&JigyosyoCd=2273200226-00&ServiceCd=110&Type=search", "url2": null }, "geometry": { "type": "Point", "coordinates": [ 138.48254739999993, 35.0217926 ] } },
{ "type": "Feature", "properties": { "内容": "ケイ介護サポート【訪問介護】村松原3丁目11番4号", "url": "https://www.kaigokensaku.mhlw.go.jp/22/index.php?action_kouhyou_detail_004_kani=true&JigyosyoCd=2274209721-00&ServiceCd=110&Type=search", "url2": null }, "geometry": { "type": "Point", "coordinates": [ 138.487218899999988, 34.9967345 ] } },
{ "type": "Feature", "properties": { "内容": "太陽の友訪問介護事業所【訪問介護】静岡市清水区高橋５丁目１３番２９号", "url": "https://www.kaigokensaku.mhlw.go.jp/22/index.php?action_kouhyou_detail_004_kani=true&JigyosyoCd=2273200382-00&ServiceCd=110&Type=search", "url2": "http://www.geocities.jp/taiyou_notomo/" }, "geometry": { "type": "Point", "coordinates": [ 138.466337599999946, 35.0269859 ] } },
{ "type": "Feature", "properties": { "内容": "日本堂【訪問介護】静岡県静岡市清水区八木間町845-5", "url": "https://www.kaigokensaku.mhlw.go.jp/22/index.php?action_kouhyou_detail_004_kani=true&JigyosyoCd=2274208731-00&ServiceCd=110&Type=search", "url2": null }, "geometry": { "type": "Point", "coordinates": [ 138.523947799999974, 35.0684122 ] } },
{ "type": "Feature", "properties": { "内容": "みかん介護サービス【訪問介護】静岡市清水区北矢部町2丁目5-29", "url": "https://www.kaigokensaku.mhlw.go.jp/22/index.php?action_kouhyou_detail_004_kani=true&JigyosyoCd=2274201793-00&ServiceCd=110&Type=search", "url2": null }, "geometry": { "type": "Point", "coordinates": [ 138.485353300000043, 35.001695 ] } },
{ "type": "Feature", "properties": { "内容": "介護・移動支援テトテ【訪問介護】静岡県静岡市清水区月見町6-18コーポウチコシA101", "url": "https://www.kaigokensaku.mhlw.go.jp/22/index.php?action_kouhyou_detail_004_kani=true&JigyosyoCd=2274211008-00&ServiceCd=110&Type=search", "url2": "r.goope.jp/tetotewotsunagu" }, "geometry": { "type": "Point", "coordinates": [ 138.480847899999986, 35.0019765 ] } },
{ "type": "Feature", "properties": { "内容": "ヘルパーステーション柏尾の里【訪問介護】静岡市清水区柏尾３８７番地の２", "url": "https://www.kaigokensaku.mhlw.go.jp/22/index.php?action_kouhyou_detail_004_kani=true&JigyosyoCd=2273200291-00&ServiceCd=110&Type=search", "url2": "http://wwwshimizufukushikai.com" }, "geometry": { "type": "Point", "coordinates": [ 138.440853400000037, 35.0385143 ] } },
{ "type": "Feature", "properties": { "内容": "エース介護タクシー【訪問介護】静岡市清水区庵原町156-7", "url": "https://www.kaigokensaku.mhlw.go.jp/22/index.php?action_kouhyou_detail_004_kani=true&JigyosyoCd=2274202627-00&ServiceCd=110&Type=search", "url2": "http://ace-kaigo.com/" }, "geometry": { "type": "Point", "coordinates": [ 138.478055700000027, 35.0422261 ] } },
{ "type": "Feature", "properties": { "内容": "アザレア介護サービス【訪問介護】谷田4-23", "url": "https://www.kaigokensaku.mhlw.go.jp/22/index.php?action_kouhyou_detail_004_kani=true&JigyosyoCd=2274206826-00&ServiceCd=110&Type=search", "url2": "https://azaleakaigo.co.jp/" }, "geometry": { "type": "Point", "coordinates": [ 138.442554, 34.9987135 ] } },
{ "type": "Feature", "properties": { "内容": "静岡市社会福祉協議会　ホームヘルパーステーションかんばら【訪問介護】静岡市清水区蒲原721－4", "url": "https://www.kaigokensaku.mhlw.go.jp/22/index.php?action_kouhyou_detail_004_kani=true&JigyosyoCd=2273100012-00&ServiceCd=110&Type=search", "url2": "http://www.shizuoka-shakyo.or.jp" }, "geometry": { "type": "Point", "coordinates": [ 138.608675100000028, 35.1180464 ] } },
{ "type": "Feature", "properties": { "内容": "あすなろの家指定訪問介護事業所【訪問介護】静岡市清水区山原８７１－２", "url": "https://www.kaigokensaku.mhlw.go.jp/22/index.php?action_kouhyou_detail_004_kani=true&JigyosyoCd=2273200028-00&ServiceCd=110&Type=search", "url2": "http://www18.ocn.ne.jp/~asnr" }, "geometry": { "type": "Point", "coordinates": [ 138.46189030000005, 35.0448892 ] } },
{ "type": "Feature", "properties": { "内容": "ホームヘルプサービス羽衣の園【訪問介護】静岡市清水区折戸5丁目18番36号", "url": "https://www.kaigokensaku.mhlw.go.jp/22/index.php?action_kouhyou_detail_004_kani=true&JigyosyoCd=2273200044-00&ServiceCd=110&Type=search", "url2": "https://sei-sei-kai.jp/" }, "geometry": { "type": "Point", "coordinates": [ 138.518561200000022, 34.9900601 ] } },
{ "type": "Feature", "properties": { "内容": "有限会社　サンセール・ケア・サービス【訪問介護】静岡市清水区江尻町８番１４号", "url": "https://www.kaigokensaku.mhlw.go.jp/22/index.php?action_kouhyou_detail_004_kani=true&JigyosyoCd=2273200069-00&ServiceCd=110&Type=search", "url2": "http://www.sincerecare.co.jp/" }, "geometry": { "type": "Point", "coordinates": [ 138.482916899999964, 35.0203428 ] } },
{ "type": "Feature", "properties": { "内容": "静岡市社会福祉協議会　ホームヘルパーステーションはーとぴあ清水【訪問介護】静岡市清水区宮代町1番1号", "url": "https://www.kaigokensaku.mhlw.go.jp/22/index.php?action_kouhyou_detail_004_kani=true&JigyosyoCd=2273200077-00&ServiceCd=110&Type=search", "url2": "http://www.shizuoka-shakyo.or.jp/" }, "geometry": { "type": "Point", "coordinates": [ 138.483827799999972, 35.0240396 ] } },
{ "type": "Feature", "properties": { "内容": "株式会社日本ケアサービス【訪問介護】静岡市清水区南矢部565番地の3", "url": "https://www.kaigokensaku.mhlw.go.jp/22/index.php?action_kouhyou_detail_004_kani=true&JigyosyoCd=2273200119-00&ServiceCd=110&Type=search", "url2": null }, "geometry": { "type": "Point", "coordinates": [ 138.475040400000012, 34.9985284 ] } },
{ "type": "Feature", "properties": { "内容": "鈴与ケアサービス株式会社　清水営業所【訪問介護】相生町３－３鈴与新清水ビル１Ｆ", "url": "https://www.kaigokensaku.mhlw.go.jp/22/index.php?action_kouhyou_detail_004_kani=true&JigyosyoCd=2273200168-00&ServiceCd=110&Type=search", "url2": "http://www.suzuyocare.com" }, "geometry": { "type": "Point", "coordinates": [ 138.4878632, 35.0164424 ] } },
{ "type": "Feature", "properties": { "内容": "有限会社ハート・ケア・エンドーホームヘルプサービス【訪問介護】静岡市清水区堂林2-7-18", "url": "https://www.kaigokensaku.mhlw.go.jp/22/index.php?action_kouhyou_detail_004_kani=true&JigyosyoCd=2273200184-00&ServiceCd=110&Type=search", "url2": null }, "geometry": { "type": "Point", "coordinates": [ 138.477826099999987, 35.0048167 ] } },
{ "type": "Feature", "properties": { "内容": "ニチイケアセンター清水【訪問介護】静岡市清水区月見町11－27", "url": "https://www.kaigokensaku.mhlw.go.jp/22/index.php?action_kouhyou_detail_004_kani=true&JigyosyoCd=2273200192-00&ServiceCd=110&Type=search", "url2": "http://www.nichiigakkan.co.jp" }, "geometry": { "type": "Point", "coordinates": [ 138.479528800000026, 35.0039446 ] } },
{ "type": "Feature", "properties": { "内容": "特別養護老人ホーム　白扇閣【訪問介護】静岡市清水区承元寺町１３４１番地", "url": "https://www.kaigokensaku.mhlw.go.jp/22/index.php?action_kouhyou_detail_004_kani=true&JigyosyoCd=2273200259-00&ServiceCd=110&Type=search", "url2": "http://hakusenkaku.jp" }, "geometry": { "type": "Point", "coordinates": [ 138.519269799999961, 35.082291 ] } },
{ "type": "Feature", "properties": { "内容": "ホームヘルプサービス　有度の里【訪問介護】静岡市清水区長崎新田３１１", "url": "https://www.kaigokensaku.mhlw.go.jp/22/index.php?action_kouhyou_detail_004_kani=true&JigyosyoCd=2274200159-00&ServiceCd=110&Type=search", "url2": "http://www.udonosato.com/" }, "geometry": { "type": "Point", "coordinates": [ 138.44835050000006, 35.0166922 ] } },
{ "type": "Feature", "properties": { "内容": "夢コープ清水事業所【訪問介護】静岡県静岡市清水区春日２丁目6－29", "url": "https://www.kaigokensaku.mhlw.go.jp/22/index.php?action_kouhyou_detail_004_kani=true&JigyosyoCd=2274200531-00&ServiceCd=110&Type=search", "url2": "http;//www.yumecoop.jp/" }, "geometry": { "type": "Point", "coordinates": [ 138.472268937642639, 35.009924564026939 ] } },
{ "type": "Feature", "properties": { "内容": "介護サービス事業所　のぎく【訪問介護】静岡市清水区草薙一里山3番38号", "url": "https://www.kaigokensaku.mhlw.go.jp/22/index.php?action_kouhyou_detail_004_kani=true&JigyosyoCd=2274203195-00&ServiceCd=110&Type=search", "url2": null }, "geometry": { "type": "Point", "coordinates": [ 138.452267200000051, 35.0066685 ] } },
{ "type": "Feature", "properties": { "内容": "セントケア　辻【訪問介護】静岡市清水区石川本町5-7", "url": "https://www.kaigokensaku.mhlw.go.jp/22/index.php?action_kouhyou_detail_004_kani=true&JigyosyoCd=2274203294-00&ServiceCd=110&Type=search", "url2": "http://www.saint-care.com" }, "geometry": { "type": "Point", "coordinates": [ 138.461010880845265, 35.030920140380687 ] } },
{ "type": "Feature", "properties": { "内容": "セントケアやさか【訪問介護】静岡市清水区八坂南町2-33", "url": "https://www.kaigokensaku.mhlw.go.jp/22/index.php?action_kouhyou_detail_004_kani=true&JigyosyoCd=2274203609-00&ServiceCd=110&Type=search", "url2": null }, "geometry": { "type": "Point", "coordinates": [ 138.4781865, 35.0290555 ] } },
{ "type": "Feature", "properties": { "内容": "静岡市社会福祉協議会ホームヘルパーステーションゆい【訪問介護】静岡市清水区由比北田450", "url": "https://www.kaigokensaku.mhlw.go.jp/22/index.php?action_kouhyou_detail_004_kani=true&JigyosyoCd=2274203948-00&ServiceCd=110&Type=search", "url2": "http://www.shizuoka-shakyo.or.jp/" }, "geometry": { "type": "Point", "coordinates": [ 138.562712601852354, 35.106260751300248 ] } },
{ "type": "Feature", "properties": { "内容": "ケアステーション花みずき【訪問介護】静岡市清水区長崎67-8", "url": "https://www.kaigokensaku.mhlw.go.jp/22/index.php?action_kouhyou_detail_004_kani=true&JigyosyoCd=2274204847-00&ServiceCd=110&Type=search", "url2": null }, "geometry": { "type": "Point", "coordinates": [ 138.448297279380483, 35.010900460854323 ] } },
{ "type": "Feature", "properties": { "内容": "くらしサポート介護センター【訪問介護】静岡県静岡市清水区駒越中1丁目１７－１８", "url": "https://www.kaigokensaku.mhlw.go.jp/22/index.php?action_kouhyou_detail_004_kani=true&JigyosyoCd=2274204979-00&ServiceCd=110&Type=search", "url2": null }, "geometry": { "type": "Point", "coordinates": [ 138.500478245507821, 34.977200582336721 ] } },
{ "type": "Feature", "properties": { "内容": "訪問介護エンディ【訪問介護】旭町１－５", "url": "https://www.kaigokensaku.mhlw.go.jp/22/index.php?action_kouhyou_detail_004_kani=true&JigyosyoCd=2274206628-00&ServiceCd=110&Type=search", "url2": "https://endy-houmonkaigo.my.canva.site/" }, "geometry": { "type": "Point", "coordinates": [ 138.489180763949662, 35.018022631571597 ] } },
{ "type": "Feature", "properties": { "内容": "ヘルパーステーション絆寿【訪問介護】楠402", "url": "https://www.kaigokensaku.mhlw.go.jp/22/index.php?action_kouhyou_detail_004_kani=true&JigyosyoCd=2274207154-00&ServiceCd=110&Type=search", "url2": null }, "geometry": { "type": "Point", "coordinates": [ 138.439464085844406, 35.011599848829199 ] } },
{ "type": "Feature", "properties": { "内容": "百花園宮前ロッヂ　居宅介護事業所【訪問介護】静岡県静岡市清水区楠150番地の1", "url": "https://www.kaigokensaku.mhlw.go.jp/22/index.php?action_kouhyou_detail_004_kani=true&JigyosyoCd=2274207865-00&ServiceCd=110&Type=search", "url2": "http://hanazonokai.com/" }, "geometry": { "type": "Point", "coordinates": [ 138.437544092791683, 35.008174681832422 ] } },
{ "type": "Feature", "properties": { "内容": "ヘルパーステーション　　ハートきたやべ【訪問介護】静岡県静岡市清水区北矢部848", "url": "https://www.kaigokensaku.mhlw.go.jp/22/index.php?action_kouhyou_detail_004_kani=true&JigyosyoCd=2274207899-00&ServiceCd=110&Type=search", "url2": "http://www.heartlife-gifu.co.jp/publics/index/54/" }, "geometry": { "type": "Point", "coordinates": [ 138.47330154889903, 34.998158030570174 ] } },
{ "type": "Feature", "properties": { "内容": "訪問介護たまちゃんちの手【訪問介護】静岡県静岡市清水区下野緑町1-50", "url": "https://www.kaigokensaku.mhlw.go.jp/22/index.php?action_kouhyou_detail_004_kani=true&JigyosyoCd=2274208400-00&ServiceCd=110&Type=search", "url2": null }, "geometry": { "type": "Point", "coordinates": [ 138.468320217118844, 35.032165486826102 ] } },
{ "type": "Feature", "properties": { "内容": "おきつ訪問介護ステーション【訪問介護】八木間町815-1", "url": "https://www.kaigokensaku.mhlw.go.jp/22/index.php?action_kouhyou_detail_004_kani=true&JigyosyoCd=2274209226-00&ServiceCd=110&Type=search", "url2": null }, "geometry": { "type": "Point", "coordinates": [ 138.523370099999966, 35.066693 ] } },
{ "type": "Feature", "properties": { "内容": "ニチイケアセンターおきつ【訪問介護】静岡県静岡市清水区八木間415-11八木間ビル　3F", "url": "https://www.kaigokensaku.mhlw.go.jp/22/index.php?action_kouhyou_detail_004_kani=true&JigyosyoCd=2274209655-00&ServiceCd=110&Type=search", "url2": null }, "geometry": { "type": "Point", "coordinates": [ 138.524403600000028, 35.0627903 ] } },
{ "type": "Feature", "properties": { "内容": "訪問介護ひかり蒲原【訪問介護】静岡県静岡市清水区蒲原小金208-182F", "url": "https://www.kaigokensaku.mhlw.go.jp/22/index.php?action_kouhyou_detail_004_kani=true&JigyosyoCd=2274210612-00&ServiceCd=110&Type=search", "url2": "http://houmonkaigo-hikari.com" }, "geometry": { "type": "Point", "coordinates": [ 138.5939716, 35.1160514 ] } },
{ "type": "Feature", "properties": { "内容": "静岡市清水区北脇新田248-1【訪問介護】静岡県静岡市清水区北脇新田248-1", "url": "https://www.kaigokensaku.mhlw.go.jp/22/index.php?action_kouhyou_detail_004_kani=true&JigyosyoCd=2274211271-00&ServiceCd=110&Type=search", "url2": "https://oasis-shizuoka.com/" }, "geometry": { "type": "Point", "coordinates": [ 138.4681864, 35.0235326 ] } },
{ "type": "Feature", "properties": { "内容": "特定非営利活動法人　清水障害者サポートセンターそら　ホットハート介護サービス【訪問介護】静岡県静岡市清水区庵原町219-18", "url": "https://www.kaigokensaku.mhlw.go.jp/22/index.php?action_kouhyou_detail_004_kani=true&JigyosyoCd=2273200358-00&ServiceCd=110&Type=search", "url2": "http：//n-sora.org" }, "geometry": { "type": "Point", "coordinates": [ 138.474579885627691, 35.044063531758454 ] } },
{ "type": "Feature", "properties": { "内容": "エムズホームヘルプサービス【訪問介護】静岡市清水区天王東7-20", "url": "https://www.kaigokensaku.mhlw.go.jp/22/index.php?action_kouhyou_detail_004_kani=true&JigyosyoCd=2273200424-00&ServiceCd=110&Type=search", "url2": "https://www.emuzu2002.com" }, "geometry": { "type": "Point", "coordinates": [ 138.461685100000068, 35.0305187 ] } },
{ "type": "Feature", "properties": { "内容": "訪問介護事業所　セルフケアサポート【訪問介護】静岡県静岡市清水区西久保38-1", "url": "https://www.kaigokensaku.mhlw.go.jp/22/index.php?action_kouhyou_detail_004_kani=true&JigyosyoCd=2274208517-00&ServiceCd=110&Type=search", "url2": "https://www.southerncross-y.com/" }, "geometry": { "type": "Point", "coordinates": [ 138.481497699999977, 35.0385208 ] } },
{ "type": "Feature", "properties": { "内容": "訪問介護事業所　グランツ【訪問介護】静岡県静岡市清水区蒲原神沢317-1住宅型有料老人ホーム1階", "url": "https://www.kaigokensaku.mhlw.go.jp/22/index.php?action_kouhyou_detail_004_kani=true&JigyosyoCd=2274208913-00&ServiceCd=110&Type=search", "url2": "http://ablaze-reha.com/" }, "geometry": { "type": "Point", "coordinates": [ 138.577841700000022, 35.113744 ] } },
{ "type": "Feature", "properties": { "内容": "ヘルパーステーション　ハート・せながわ【訪問介護】静岡県静岡市葵区瀬名川2丁目23番40号　ヴィラグレイス208号", "url": "https://www.kaigokensaku.mhlw.go.jp/22/index.php?action_kouhyou_detail_004_kani=true&JigyosyoCd=2274210166-00&ServiceCd=110&Type=search", "url2": "https://www.assist-shizuoka.co.jp/" }, "geometry": { "type": "Point", "coordinates": [ 138.429918044210808, 35.006898530994249 ] } },
{ "type": "Feature", "properties": { "内容": "ヘルパーステーションケアリー【訪問介護】静岡県静岡市清水区八木間町402番地の6", "url": "https://www.kaigokensaku.mhlw.go.jp/22/index.php?action_kouhyou_detail_004_kani=true&JigyosyoCd=2274210935-00&ServiceCd=110&Type=search", "url2": "https://miho-hagoromo.carely-home.com/" }, "geometry": { "type": "Point", "coordinates": [ 138.5237124, 35.0616321 ] } },
{ "type": "Feature", "properties": { "内容": "アクタガワ　ハートフルホーム清水銀座【訪問介護】静岡市清水区銀座13-30パルシティ２Ｆ", "url": "https://www.kaigokensaku.mhlw.go.jp/22/index.php?action_kouhyou_detail_004_kani=true&JigyosyoCd=2274204813-00&ServiceCd=110&Type=search", "url2": "https://www.akutagawa-heartlife.jp" }, "geometry": { "type": "Point", "coordinates": [ 138.484164, 35.0188208 ] } },
{ "type": "Feature", "properties": { "内容": "アースサポート浜松【訪問介護】静岡県浜松市中区北寺島町208番地の4", "url": "https://www.kaigokensaku.mhlw.go.jp/22/index.php?action_kouhyou_detail_004_kani=true&JigyosyoCd=2277203994-00&ServiceCd=110&Type=search", "url2": "http://www.earthsupport.co.jp" }, "geometry": { "type": "Point", "coordinates": [ 137.7433668, 34.7032606 ] } },
{ "type": "Feature", "properties": { "内容": "すみれヘルパーセンター【訪問介護】篠原町3967-1", "url": "https://www.kaigokensaku.mhlw.go.jp/22/index.php?action_kouhyou_detail_004_kani=true&JigyosyoCd=2277100034-00&ServiceCd=110&Type=search", "url2": null }, "geometry": { "type": "Point", "coordinates": [ 137.6621573, 34.685753 ] } },
{ "type": "Feature", "properties": { "内容": "ヘルパーステーション　稲穂【訪問介護】浜松市東区植松町１３３０番地の３", "url": "https://www.kaigokensaku.mhlw.go.jp/22/index.php?action_kouhyou_detail_004_kani=true&JigyosyoCd=2277101214-00&ServiceCd=110&Type=search", "url2": null }, "geometry": { "type": "Point", "coordinates": [ 137.756555446696467, 34.711755965408898 ] } },
{ "type": "Feature", "properties": { "内容": "グリーンケア【訪問介護】静岡県浜松市中区葵西4－20－17オーベルジュ葵203", "url": "https://www.kaigokensaku.mhlw.go.jp/22/index.php?action_kouhyou_detail_004_kani=true&JigyosyoCd=2277205122-00&ServiceCd=110&Type=search", "url2": "https://hp.kaipoke.biz/e7r" }, "geometry": { "type": "Point", "coordinates": [ 137.703447800000049, 34.7722488 ] } },
{ "type": "Feature", "properties": { "内容": "株式会社中部アシスト【訪問介護】静岡県浜松市南区卸本町13番地", "url": "https://www.kaigokensaku.mhlw.go.jp/22/index.php?action_kouhyou_detail_004_kani=true&JigyosyoCd=2277205718-00&ServiceCd=110&Type=search", "url2": null }, "geometry": { "type": "Point", "coordinates": [ 137.7237556, 34.6746882 ] } },
{ "type": "Feature", "properties": { "内容": "なかむらクリニック訪問介護ステーション【訪問介護】静岡県浜松市西区入野町19954-555", "url": "https://www.kaigokensaku.mhlw.go.jp/22/index.php?action_kouhyou_detail_004_kani=true&JigyosyoCd=2217111737-00&ServiceCd=110&Type=search", "url2": "http://なかむらクリニック.jp" }, "geometry": { "type": "Point", "coordinates": [ 137.6836118, 34.7024202 ] } },
{ "type": "Feature", "properties": { "内容": "acrossthetime【訪問介護】静岡県浜松市北区初生町1030-13マミーハイツ302号", "url": "https://www.kaigokensaku.mhlw.go.jp/22/index.php?action_kouhyou_detail_004_kani=true&JigyosyoCd=2277202152-00&ServiceCd=110&Type=search", "url2": null }, "geometry": { "type": "Point", "coordinates": [ 137.729511581012957, 34.770136469189652 ] } },
{ "type": "Feature", "properties": { "内容": "ファイブドアーズヘルパーステーション【訪問介護】浜松市西区入野町6234ロイヤルシングル7号室", "url": "https://www.kaigokensaku.mhlw.go.jp/22/index.php?action_kouhyou_detail_004_kani=true&JigyosyoCd=2277202657-00&ServiceCd=110&Type=search", "url2": null }, "geometry": { "type": "Point", "coordinates": [ 137.690012700000011, 34.7001159 ] } },
{ "type": "Feature", "properties": { "内容": "あいぜん訪問介護はままつ【訪問介護】恩地町121", "url": "https://www.kaigokensaku.mhlw.go.jp/22/index.php?action_kouhyou_detail_004_kani=true&JigyosyoCd=2277205569-00&ServiceCd=110&Type=search", "url2": null }, "geometry": { "type": "Point", "coordinates": [ 137.7595647, 34.6910965 ] } },
{ "type": "Feature", "properties": { "内容": "合同会社　嬉樹【訪問介護】静岡県浜松市東区植松町86-73ブライトタウン植松302", "url": "https://www.kaigokensaku.mhlw.go.jp/22/index.php?action_kouhyou_detail_004_kani=true&JigyosyoCd=2277204919-00&ServiceCd=110&Type=search", "url2": "http://hp.kaipoke.biz/n8y/113507/index_0003.html" }, "geometry": { "type": "Point", "coordinates": [ 137.760337301656818, 34.709761311920886 ] } },
{ "type": "Feature", "properties": { "内容": "合同会社訪問介護ちなみ【訪問介護】静岡県浜松市西区舞阪町舞阪2143-1イトウハウスＡ", "url": "https://www.kaigokensaku.mhlw.go.jp/22/index.php?action_kouhyou_detail_004_kani=true&JigyosyoCd=2277204976-00&ServiceCd=110&Type=search", "url2": null }, "geometry": { "type": "Point", "coordinates": [ 137.60935926971797, 34.686808543933608 ] } },
{ "type": "Feature", "properties": { "内容": "夢コープ西部事業所【訪問介護】浜松市中区海老塚１丁目９ハイレジデンス浜松１０５", "url": "https://www.kaigokensaku.mhlw.go.jp/22/index.php?action_kouhyou_detail_004_kani=true&JigyosyoCd=2277101172-00&ServiceCd=110&Type=search", "url2": "http://www.yumecoop.jp/" }, "geometry": { "type": "Point", "coordinates": [ 137.729165599999988, 34.699549 ] } },
{ "type": "Feature", "properties": { "内容": "訪問介護おおつか【訪問介護】静岡県浜松市中区早出町1234-2", "url": "https://www.kaigokensaku.mhlw.go.jp/22/index.php?action_kouhyou_detail_004_kani=true&JigyosyoCd=2277206500-00&ServiceCd=110&Type=search", "url2": "https://salagskoto.hamazo.tv/index_2.html" }, "geometry": { "type": "Point", "coordinates": [ 137.75133120000001, 34.7284051 ] } },
{ "type": "Feature", "properties": { "内容": "ケアセンターＭＩＲＡＩ【訪問介護】静岡県浜松市中央区西伊場57－1介護看護求人支援センター　2F", "url": "https://www.kaigokensaku.mhlw.go.jp/22/index.php?action_kouhyou_detail_004_kani=true&JigyosyoCd=2277206542-00&ServiceCd=110&Type=search", "url2": null }, "geometry": { "type": "Point", "coordinates": [ 137.7011698, 34.6997825 ] } },
{ "type": "Feature", "properties": { "内容": "訪問介護事業所　えがお【訪問介護】浜松市中央区佐鳴台1丁目4-3　2階", "url": "https://www.kaigokensaku.mhlw.go.jp/22/index.php?action_kouhyou_detail_004_kani=true&JigyosyoCd=2277206567-00&ServiceCd=110&Type=search", "url2": null }, "geometry": { "type": "Point", "coordinates": [ 137.7035723, 34.7037946 ] } },
{ "type": "Feature", "properties": { "内容": "櫻乃苑　浜松富塚【訪問介護】富塚町1040-3", "url": "https://www.kaigokensaku.mhlw.go.jp/22/index.php?action_kouhyou_detail_004_kani=true&JigyosyoCd=2277203200-00&ServiceCd=110&Type=search", "url2": "http://www.sakuranosono.jp" }, "geometry": { "type": "Point", "coordinates": [ 137.714597700000013, 34.730974 ] } },
{ "type": "Feature", "properties": { "内容": "天竜厚生会浜松ヘルパーステーション【訪問介護】浜松市南区白羽町600", "url": "https://www.kaigokensaku.mhlw.go.jp/22/index.php?action_kouhyou_detail_004_kani=true&JigyosyoCd=2277100463-00&ServiceCd=110&Type=search", "url2": "http:/www.tenryu-kohseikai.or.jp/senior/shirowa" }, "geometry": { "type": "Point", "coordinates": [ 137.741386700000021, 34.6793864 ] } },
{ "type": "Feature", "properties": { "内容": "訪問介護事業所おおしま【訪問介護】浜松市中央区大島町891番地", "url": "https://www.kaigokensaku.mhlw.go.jp/22/index.php?action_kouhyou_detail_004_kani=true&JigyosyoCd=2277103350-00&ServiceCd=110&Type=search", "url2": "http://www.youshoukai.or.jp" }, "geometry": { "type": "Point", "coordinates": [ 137.779077700000016, 34.7649914 ] } },
{ "type": "Feature", "properties": { "内容": "株式会社サンクック　サンケア訪問介護センター【訪問介護】浜松市中央区和田町913-5", "url": "https://www.kaigokensaku.mhlw.go.jp/22/index.php?action_kouhyou_detail_004_kani=true&JigyosyoCd=2277100422-00&ServiceCd=110&Type=search", "url2": null }, "geometry": { "type": "Point", "coordinates": [ 137.768259752149532, 34.718821318451077 ] } },
{ "type": "Feature", "properties": { "内容": "ヘルパーステーション　アマリリス【訪問介護】静岡県浜松市東区笠井町１４９番地の４", "url": "https://www.kaigokensaku.mhlw.go.jp/22/index.php?action_kouhyou_detail_004_kani=true&JigyosyoCd=2277201113-00&ServiceCd=110&Type=search", "url2": "https://amaryllis.co.jp" }, "geometry": { "type": "Point", "coordinates": [ 137.799333569975261, 34.770501491002882 ] } },
{ "type": "Feature", "properties": { "内容": "ケアステーションあんじぇす浜松中沢【訪問介護】静岡県浜松市中区中沢町13-23アンジェス浜松中沢", "url": "https://www.kaigokensaku.mhlw.go.jp/22/index.php?action_kouhyou_detail_004_kani=true&JigyosyoCd=2277204521-00&ServiceCd=110&Type=search", "url2": "http://www.t-s-i.jp/anges/hamamatsunakazawa/index.html" }, "geometry": { "type": "Point", "coordinates": [ 137.731866599999989, 34.7200836 ] } },
{ "type": "Feature", "properties": { "内容": "株式会社だるまケアサービス【訪問介護】和合北4丁目1番2号", "url": "https://www.kaigokensaku.mhlw.go.jp/22/index.php?action_kouhyou_detail_004_kani=true&JigyosyoCd=2277206799-00&ServiceCd=110&Type=search", "url2": null }, "geometry": { "type": "Point", "coordinates": [ 137.7172123, 34.741704 ] } },
{ "type": "Feature", "properties": { "内容": "ニチイケアセンター舞阪【訪問介護】静岡県浜松市中央区舞阪町舞阪5130", "url": "https://www.kaigokensaku.mhlw.go.jp/22/index.php?action_kouhyou_detail_004_kani=true&JigyosyoCd=2277205627-00&ServiceCd=110&Type=search", "url2": "http://www.nichiigakkan.co.jp" }, "geometry": { "type": "Point", "coordinates": [ 137.617276, 34.6854107 ] } },
{ "type": "Feature", "properties": { "内容": "学研ココファン浜松成子ヘルパーセンター【訪問介護】静岡県浜松市中区成子町12番ココファン浜松成子", "url": "https://www.kaigokensaku.mhlw.go.jp/22/index.php?action_kouhyou_detail_004_kani=true&JigyosyoCd=2277205403-00&ServiceCd=110&Type=search", "url2": null }, "geometry": { "type": "Point", "coordinates": [ 137.72637009999994, 34.7008849 ] } },
{ "type": "Feature", "properties": { "内容": "合同会社訪問介護かえで【訪問介護】静岡県浜松市中央区佐鳴台2丁目２０－３０両角アパート101号", "url": "https://www.kaigokensaku.mhlw.go.jp/22/index.php?action_kouhyou_detail_004_kani=true&JigyosyoCd=2277205734-00&ServiceCd=110&Type=search", "url2": null }, "geometry": { "type": "Point", "coordinates": [ 137.69470560000002, 34.7017321 ] } },
{ "type": "Feature", "properties": { "内容": "訪問介護ゆう【訪問介護】静岡県浜松市中央区入野町20020-5シャルムk101", "url": "https://www.kaigokensaku.mhlw.go.jp/22/index.php?action_kouhyou_detail_004_kani=true&JigyosyoCd=2277206682-00&ServiceCd=110&Type=search", "url2": null }, "geometry": { "type": "Point", "coordinates": [ 137.6809347, 34.7067434 ] } },
{ "type": "Feature", "properties": { "内容": "有限会社アサヒケアサービス【訪問介護】静岡県浜松市中央区鴨江１丁目14-24", "url": "https://www.kaigokensaku.mhlw.go.jp/22/index.php?action_kouhyou_detail_004_kani=true&JigyosyoCd=2277100406-00&ServiceCd=110&Type=search", "url2": "http://www.asahi-aide.com/" }, "geometry": { "type": "Point", "coordinates": [ 137.7223809, 34.70221350000002 ] } },
{ "type": "Feature", "properties": { "内容": "訪問介護事業所　庵【訪問介護】静岡県浜松市中央区菅原町12番地の10ニューライフ浜松405号", "url": "https://www.kaigokensaku.mhlw.go.jp/22/index.php?action_kouhyou_detail_004_kani=true&JigyosyoCd=2277206716-00&ServiceCd=110&Type=search", "url2": null }, "geometry": { "type": "Point", "coordinates": [ 137.7228398, 34.6972606 ] } },
{ "type": "Feature", "properties": { "内容": "フォワードケア【訪問介護】静岡県浜松市広沢二丁目6番26号", "url": "https://www.kaigokensaku.mhlw.go.jp/22/index.php?action_kouhyou_detail_004_kani=true&JigyosyoCd=2277206807-00&ServiceCd=110&Type=search", "url2": "6月公開予定" }, "geometry": { "type": "Point", "coordinates": [ 137.715689700000013, 34.7163498 ] } },
{ "type": "Feature", "properties": { "内容": "アセンブル訪問介護事業所【訪問介護】静岡県浜松市中央区初生町1017-3", "url": "https://www.kaigokensaku.mhlw.go.jp/22/index.php?action_kouhyou_detail_004_kani=true&JigyosyoCd=2277202848-00&ServiceCd=110&Type=search", "url2": null }, "geometry": { "type": "Point", "coordinates": [ 137.728174199999984, 34.7676766 ] } },
{ "type": "Feature", "properties": { "内容": "中央ヘルパーステーション【訪問介護】浜松市中区中央1-5-21", "url": "https://www.kaigokensaku.mhlw.go.jp/22/index.php?action_kouhyou_detail_004_kani=true&JigyosyoCd=2277201089-00&ServiceCd=110&Type=search", "url2": null }, "geometry": { "type": "Point", "coordinates": [ 137.735708899999963, 34.7129615 ] } },
{ "type": "Feature", "properties": { "内容": "こころね三方原【訪問介護】浜松市中央区初生町1391", "url": "https://www.kaigokensaku.mhlw.go.jp/22/index.php?action_kouhyou_detail_004_kani=true&JigyosyoCd=2277205239-00&ServiceCd=110&Type=search", "url2": "https://www.こころね.com/" }, "geometry": { "type": "Point", "coordinates": [ 137.714975404138414, 34.771548104423729 ] } },
{ "type": "Feature", "properties": { "内容": "アルコヘルパーステーション【訪問介護】静岡県浜松市中央区舞阪町弁天島3371番地の2", "url": "https://www.kaigokensaku.mhlw.go.jp/22/index.php?action_kouhyou_detail_004_kani=true&JigyosyoCd=2277201014-00&ServiceCd=110&Type=search", "url2": null }, "geometry": { "type": "Point", "coordinates": [ 137.598454247885144, 34.698578538998298 ] } },
{ "type": "Feature", "properties": { "内容": "訪問介護事業所ミライシエン【訪問介護】静岡県浜松市中央区萩丘２丁目33‐20ハイツアセンドC", "url": "https://www.kaigokensaku.mhlw.go.jp/22/index.php?action_kouhyou_detail_004_kani=true&JigyosyoCd=2277206401-00&ServiceCd=110&Type=search", "url2": null }, "geometry": { "type": "Point", "coordinates": [ 137.7317296, 34.7489207 ] } },
{ "type": "Feature", "properties": { "内容": "訪問介護サービス　伍縁【訪問介護】静岡県浜松市中央区舞阪町弁天島3806", "url": "https://www.kaigokensaku.mhlw.go.jp/22/index.php?action_kouhyou_detail_004_kani=true&JigyosyoCd=2277205163-00&ServiceCd=110&Type=search", "url2": "http：//goensou.com" }, "geometry": { "type": "Point", "coordinates": [ 137.6060665, 34.6921024 ] } },
{ "type": "Feature", "properties": { "内容": "心で介護・坂の上【訪問介護】静岡県浜松市東区半田山４－３８－４", "url": "https://www.kaigokensaku.mhlw.go.jp/22/index.php?action_kouhyou_detail_004_kani=true&JigyosyoCd=2277201451-00&ServiceCd=110&Type=search", "url2": "http://www.sakanoue-fc.jp/" }, "geometry": { "type": "Point", "coordinates": [ 137.742979600000012, 34.7782692 ] } },
{ "type": "Feature", "properties": { "内容": "ヘルパーステーションリライアンス静岡西【訪問介護】向宿二丁目17番8号", "url": "https://www.kaigokensaku.mhlw.go.jp/22/index.php?action_kouhyou_detail_004_kani=true&JigyosyoCd=2277206757-00&ServiceCd=110&Type=search", "url2": null }, "geometry": { "type": "Point", "coordinates": [ 137.7516574, 34.7051314 ] } },
{ "type": "Feature", "properties": { "内容": "ニチイケアセンター浜松【訪問介護】浜松市中央区半田山４-23-21", "url": "https://www.kaigokensaku.mhlw.go.jp/22/index.php?action_kouhyou_detail_004_kani=true&JigyosyoCd=2277100951-00&ServiceCd=110&Type=search", "url2": null }, "geometry": { "type": "Point", "coordinates": [ 137.74354576441803, 34.773934502334555 ] } },
{ "type": "Feature", "properties": { "内容": "さくらんぼ訪問介護事業所【訪問介護】浜松市中央区豊西町８０", "url": "https://www.kaigokensaku.mhlw.go.jp/22/index.php?action_kouhyou_detail_004_kani=true&JigyosyoCd=2277200529-00&ServiceCd=110&Type=search", "url2": null }, "geometry": { "type": "Point", "coordinates": [ 137.8042223, 34.7588184 ] } },
{ "type": "Feature", "properties": { "内容": "浜松やわらぎ【訪問介護】静岡県浜松市中央区入野町9908-1", "url": "https://www.kaigokensaku.mhlw.go.jp/22/index.php?action_kouhyou_detail_004_kani=true&JigyosyoCd=2277202558-00&ServiceCd=110&Type=search", "url2": "https//:www.sunnylife-group.co.jp" }, "geometry": { "type": "Point", "coordinates": [ 137.676772198147518, 34.699908426210889 ] } },
{ "type": "Feature", "properties": { "内容": "四ツ池ヘルパーステーション【訪問介護】静岡県浜松市中央区上島6丁目25番22号三国ビル２D", "url": "https://www.kaigokensaku.mhlw.go.jp/22/index.php?action_kouhyou_detail_004_kani=true&JigyosyoCd=2277203259-00&ServiceCd=110&Type=search", "url2": null }, "geometry": { "type": "Point", "coordinates": [ 137.737850028810726, 34.743441668646071 ] } },
{ "type": "Feature", "properties": { "内容": "ヘルパーステーションてとて【訪問介護】北寺島町215-4", "url": "https://www.kaigokensaku.mhlw.go.jp/22/index.php?action_kouhyou_detail_004_kani=true&JigyosyoCd=2277204380-00&ServiceCd=110&Type=search", "url2": "http://te10te.site/" }, "geometry": { "type": "Point", "coordinates": [ 137.741386299999931, 34.7049132 ] } },
{ "type": "Feature", "properties": { "内容": "アロハヘルパーステーション【訪問介護】静岡県浜松市中央区安新町85番地の1", "url": "https://www.kaigokensaku.mhlw.go.jp/22/index.php?action_kouhyou_detail_004_kani=true&JigyosyoCd=2277205189-00&ServiceCd=110&Type=search", "url2": "https://www.kmaruei.co.jp" }, "geometry": { "type": "Point", "coordinates": [ 137.789781414749882, 34.727582102484838 ] } },
{ "type": "Feature", "properties": { "内容": "佑ヘルパーステーション【訪問介護】静岡県浜松市中央区富塚町1667－1テラスハウス高山B-1", "url": "https://www.kaigokensaku.mhlw.go.jp/22/index.php?action_kouhyou_detail_004_kani=true&JigyosyoCd=2277205221-00&ServiceCd=110&Type=search", "url2": null }, "geometry": { "type": "Point", "coordinates": [ 137.70373277486874, 34.727131860812925 ] } },
{ "type": "Feature", "properties": { "内容": "アンジェス浜松佐鳴台【訪問介護】静岡県浜松市中区佐鳴台２丁目22-21", "url": "https://www.kaigokensaku.mhlw.go.jp/22/index.php?action_kouhyou_detail_004_kani=true&JigyosyoCd=2277206013-00&ServiceCd=110&Type=search", "url2": "https://www.t-s-i.jp/anges/hamamatsusanarudai/index.html" }, "geometry": { "type": "Point", "coordinates": [ 137.693504720832067, 34.702571710187371 ] } },
{ "type": "Feature", "properties": { "内容": "アクア浜松入野訪問介護【訪問介護】静岡県浜松市中央区入野町10031番地の1", "url": "https://www.kaigokensaku.mhlw.go.jp/22/index.php?action_kouhyou_detail_004_kani=true&JigyosyoCd=2277206690-00&ServiceCd=110&Type=search", "url2": null }, "geometry": { "type": "Point", "coordinates": [ 137.673841900000042, 34.6995583 ] } },
{ "type": "Feature", "properties": { "内容": "アイケアサービス訪問介護事業所【訪問介護】静岡県浜松市中央区葵東二丁目25番8号", "url": "https://www.kaigokensaku.mhlw.go.jp/22/index.php?action_kouhyou_detail_004_kani=true&JigyosyoCd=2277205478-00&ServiceCd=110&Type=search", "url2": "https://www.aicares.co.jp" }, "geometry": { "type": "Point", "coordinates": [ 137.7209334, 34.7593745 ] } },
{ "type": "Feature", "properties": { "内容": "浜松ケアステーション株式会社【訪問介護】浜松市中央区佐鳴台４丁目３７番３５号", "url": "https://www.kaigokensaku.mhlw.go.jp/22/index.php?action_kouhyou_detail_004_kani=true&JigyosyoCd=2277100026-00&ServiceCd=110&Type=search", "url2": null }, "geometry": { "type": "Point", "coordinates": [ 137.700172299999963, 34.7116396 ] } },
{ "type": "Feature", "properties": { "内容": "アクア浜松小池訪問介護【訪問介護】小池町440番地アクアホーム浜松東", "url": "https://www.kaigokensaku.mhlw.go.jp/22/index.php?action_kouhyou_detail_004_kani=true&JigyosyoCd=2277206054-00&ServiceCd=110&Type=search", "url2": null }, "geometry": { "type": "Point", "coordinates": [ 137.7579577, 34.7536164 ] } },
{ "type": "Feature", "properties": { "内容": "アクア下石田訪問介護【訪問介護】静岡県浜松市東区下石田町1130-1", "url": "https://www.kaigokensaku.mhlw.go.jp/22/index.php?action_kouhyou_detail_004_kani=true&JigyosyoCd=2277206435-00&ServiceCd=110&Type=search", "url2": null }, "geometry": { "type": "Point", "coordinates": [ 137.784397399999989, 34.7395399 ] } },
{ "type": "Feature", "properties": { "内容": "長上苑【訪問介護】浜松市中央区中田町584", "url": "https://www.kaigokensaku.mhlw.go.jp/22/index.php?action_kouhyou_detail_004_kani=true&JigyosyoCd=2277100208-00&ServiceCd=110&Type=search", "url2": "http://www.nanakeikai.jp" }, "geometry": { "type": "Point", "coordinates": [ 137.75912029999995, 34.7362656 ] } },
{ "type": "Feature", "properties": { "内容": "アスモ介護サービス和合【訪問介護】静岡県浜松市中区和合町178-20　１階西側", "url": "https://www.kaigokensaku.mhlw.go.jp/22/index.php?action_kouhyou_detail_004_kani=true&JigyosyoCd=2277202665-00&ServiceCd=110&Type=search", "url2": null }, "geometry": { "type": "Point", "coordinates": [ 137.714864, 34.7362013 ] } },
{ "type": "Feature", "properties": { "内容": "在宅ワーカーステーション　ゆいまぁーる【訪問介護】浜松市中央区芳川町112コーポやすらぎB101", "url": "https://www.kaigokensaku.mhlw.go.jp/22/index.php?action_kouhyou_detail_004_kani=true&JigyosyoCd=2277206393-00&ServiceCd=110&Type=search", "url2": "https://r.goope.jp/hg-yuima-ru.com" }, "geometry": { "type": "Point", "coordinates": [ 137.764428400000014, 34.6924087 ] } },
{ "type": "Feature", "properties": { "内容": "在宅介護センターアイケア浜松南【訪問介護】浜松市中央区神田町865番地", "url": "https://www.kaigokensaku.mhlw.go.jp/22/index.php?action_kouhyou_detail_004_kani=true&JigyosyoCd=2277100794-00&ServiceCd=110&Type=search", "url2": null }, "geometry": { "type": "Point", "coordinates": [ 137.723370426444859, 34.684588711127887 ] } },
{ "type": "Feature", "properties": { "内容": "訪問介護みんなおいで【訪問介護】富塚町649-7", "url": "https://www.kaigokensaku.mhlw.go.jp/22/index.php?action_kouhyou_detail_004_kani=true&JigyosyoCd=2277200909-00&ServiceCd=110&Type=search", "url2": "http://minnaoide-hamamatsu.com/" }, "geometry": { "type": "Point", "coordinates": [ 137.712475700000027, 34.7296296 ] } },
{ "type": "Feature", "properties": { "内容": "おおるり笠井　訪問介護事業所【訪問介護】静岡県浜松市東区笠井町865-2", "url": "https://www.kaigokensaku.mhlw.go.jp/22/index.php?action_kouhyou_detail_004_kani=true&JigyosyoCd=2277205254-00&ServiceCd=110&Type=search", "url2": "https://bystickcare.co.jp/" }, "geometry": { "type": "Point", "coordinates": [ 137.796181199999978, 34.7691833 ] } },
{ "type": "Feature", "properties": { "内容": "サンウェルズ浜松和合ヘルパーステーション【訪問介護】静岡県浜松市中央区和合町220番地の210", "url": "https://www.kaigokensaku.mhlw.go.jp/22/index.php?action_kouhyou_detail_004_kani=true&JigyosyoCd=2277206948-00&ServiceCd=110&Type=search", "url2": "https://sunwels.jp/" }, "geometry": { "type": "Point", "coordinates": [ 137.7081835, 34.7401977 ] } },
{ "type": "Feature", "properties": { "内容": "在宅介護センター　アイケアかば【訪問介護】浜松市中央区西塚町326－7", "url": "https://www.kaigokensaku.mhlw.go.jp/22/index.php?action_kouhyou_detail_004_kani=true&JigyosyoCd=2277102601-00&ServiceCd=110&Type=search", "url2": null }, "geometry": { "type": "Point", "coordinates": [ 137.754921200000013, 34.7207172 ] } },
{ "type": "Feature", "properties": { "内容": "セントケア浜松【訪問介護】浜松市中央区佐鳴台4丁目3-3", "url": "https://www.kaigokensaku.mhlw.go.jp/22/index.php?action_kouhyou_detail_004_kani=true&JigyosyoCd=2277103632-00&ServiceCd=110&Type=search", "url2": "http://www.saint-care.com/" }, "geometry": { "type": "Point", "coordinates": [ 137.702424903891796, 34.706121338808089 ] } },
{ "type": "Feature", "properties": { "内容": "ヘルパーセンター　スマイルケア【訪問介護】静岡県浜松市西区和地町4767番地の6", "url": "https://www.kaigokensaku.mhlw.go.jp/22/index.php?action_kouhyou_detail_004_kani=true&JigyosyoCd=2277202400-00&ServiceCd=110&Type=search", "url2": null }, "geometry": { "type": "Point", "coordinates": [ 137.656994299999951, 34.76368236235556 ] } },
{ "type": "Feature", "properties": { "内容": "在宅介護センターアイケア浜松東【訪問介護】静岡県浜松市中央区和田町199番地の３", "url": "https://www.kaigokensaku.mhlw.go.jp/22/index.php?action_kouhyou_detail_004_kani=true&JigyosyoCd=2277202863-00&ServiceCd=110&Type=search", "url2": "http://aicare.co.jp" }, "geometry": { "type": "Point", "coordinates": [ 137.777123009986866, 34.717052996808967 ] } },
{ "type": "Feature", "properties": { "内容": "すみれヘルパーセンタ－【訪問介護】篠原町3967-1", "url": "https://www.kaigokensaku.mhlw.go.jp/22/index.php?action_kouhyou_detail_004_kani=true&JigyosyoCd=2277205825-00&ServiceCd=110&Type=search", "url2": null }, "geometry": { "type": "Point", "coordinates": [ 137.6619072, 34.6858363 ] } },
{ "type": "Feature", "properties": { "内容": "セントケア浜松中央【訪問介護】浜松市中央区鴨江３丁目73-23鴨江3丁目事務所", "url": "https://www.kaigokensaku.mhlw.go.jp/22/index.php?action_kouhyou_detail_004_kani=true&JigyosyoCd=2277200164-00&ServiceCd=110&Type=search", "url2": null }, "geometry": { "type": "Point", "coordinates": [ 137.708866199999989, 34.7076512 ] } },
{ "type": "Feature", "properties": { "内容": "ヘルパーステーションぽぷら【訪問介護】浜松市中央区佐藤１－２２－２２", "url": "https://www.kaigokensaku.mhlw.go.jp/22/index.php?action_kouhyou_detail_004_kani=true&JigyosyoCd=2217110804-00&ServiceCd=110&Type=search", "url2": "http://shizumin.com/index.html" }, "geometry": { "type": "Point", "coordinates": [ 137.744596900000033, 34.7121264 ] } },
{ "type": "Feature", "properties": { "内容": "聖隷ヘルパーセンター【訪問介護】浜松市中央区和合町555", "url": "https://www.kaigokensaku.mhlw.go.jp/22/index.php?action_kouhyou_detail_004_kani=true&JigyosyoCd=2277100638-00&ServiceCd=110&Type=search", "url2": "https://www.seirei.or.jp/elderlyhome/wagou/elderly/helper/" }, "geometry": { "type": "Point", "coordinates": [ 137.701621646032663, 34.742850171290925 ] } },
{ "type": "Feature", "properties": { "内容": "特定非営利活動法人　ぴあねっと浜松【訪問介護】静岡県浜松市南区都盛町29-3", "url": "https://www.kaigokensaku.mhlw.go.jp/22/index.php?action_kouhyou_detail_004_kani=true&JigyosyoCd=2277101396-00&ServiceCd=110&Type=search", "url2": "https://www.peerhama.com/" }, "geometry": { "type": "Point", "coordinates": [ 137.756943699999965, 34.6885022 ] } },
{ "type": "Feature", "properties": { "内容": "ケアサポート　りぼん【訪問介護】静岡県浜松市中央区有玉台1-2-3", "url": "https://www.kaigokensaku.mhlw.go.jp/22/index.php?action_kouhyou_detail_004_kani=true&JigyosyoCd=2277206344-00&ServiceCd=110&Type=search", "url2": null }, "geometry": { "type": "Point", "coordinates": [ 137.742398099999974, 34.7581161 ] } },
{ "type": "Feature", "properties": { "内容": "ヘルパーステーションリヤンド浜松東【訪問介護】静岡県浜松市中央区下石田町1832-1", "url": "https://www.kaigokensaku.mhlw.go.jp/22/index.php?action_kouhyou_detail_004_kani=true&JigyosyoCd=2277206518-00&ServiceCd=110&Type=search", "url2": "https://liende-kizuna.jp/hamamatsu-higashi/" }, "geometry": { "type": "Point", "coordinates": [ 137.7886915, 34.735698 ] } },
{ "type": "Feature", "properties": { "内容": "ハート訪問介護【訪問介護】静岡県浜松市中央区豊町２４７２－２", "url": "https://www.kaigokensaku.mhlw.go.jp/22/index.php?action_kouhyou_detail_004_kani=true&JigyosyoCd=2277201147-00&ServiceCd=110&Type=search", "url2": "http://dowelfare.jp" }, "geometry": { "type": "Point", "coordinates": [ 137.805340800000039, 34.7719419 ] } },
{ "type": "Feature", "properties": { "内容": "訪問介護かねきち【訪問介護】元城町222番地25アルスビル303", "url": "https://www.kaigokensaku.mhlw.go.jp/22/index.php?action_kouhyou_detail_004_kani=true&JigyosyoCd=2277206914-00&ServiceCd=110&Type=search", "url2": null }, "geometry": { "type": "Point", "coordinates": [ 137.7286105, 34.7088199 ] } },
{ "type": "Feature", "properties": { "内容": "介護サービス　ゆう【訪問介護】浜松市中央区三方原町７３９－３", "url": "https://www.kaigokensaku.mhlw.go.jp/22/index.php?action_kouhyou_detail_004_kani=true&JigyosyoCd=2277202459-00&ServiceCd=110&Type=search", "url2": null }, "geometry": { "type": "Point", "coordinates": [ 137.71697359999996, 34.7812149 ] } },
{ "type": "Feature", "properties": { "内容": "訪問サポート朝霧の園【訪問介護】浜松市西区庄和町2476の1", "url": "https://www.kaigokensaku.mhlw.go.jp/22/index.php?action_kouhyou_detail_004_kani=true&JigyosyoCd=2277100018-00&ServiceCd=110&Type=search", "url2": "http://www.wakoukai-net.com/" }, "geometry": { "type": "Point", "coordinates": [ 137.604540400000019, 34.7315706 ] } },
{ "type": "Feature", "properties": { "内容": "ヘルパーステーションやわらぎ【訪問介護】浜松市中央区大山町2847番地の1", "url": "https://www.kaigokensaku.mhlw.go.jp/22/index.php?action_kouhyou_detail_004_kani=true&JigyosyoCd=2277100596-00&ServiceCd=110&Type=search", "url2": "http://www.keiseikai6001.or.jp" }, "geometry": { "type": "Point", "coordinates": [ 137.679203939716189, 34.773706816843941 ] } },
{ "type": "Feature", "properties": { "内容": "さくら・介護ステーション浜松西【訪問介護】浜松市中央区富塚町2343‐1　セピカ富塚1-B号", "url": "https://www.kaigokensaku.mhlw.go.jp/22/index.php?action_kouhyou_detail_004_kani=true&JigyosyoCd=2277103681-00&ServiceCd=110&Type=search", "url2": null }, "geometry": { "type": "Point", "coordinates": [ 137.69951059999994, 34.7237716 ] } },
{ "type": "Feature", "properties": { "内容": "セントケア笠井【訪問介護】浜松市中央区北島町９１６－１", "url": "https://www.kaigokensaku.mhlw.go.jp/22/index.php?action_kouhyou_detail_004_kani=true&JigyosyoCd=2277200099-00&ServiceCd=110&Type=search", "url2": null }, "geometry": { "type": "Point", "coordinates": [ 137.784624816734009, 34.729805224938616 ] } },
{ "type": "Feature", "properties": { "内容": "温故療院上島訪問介護室【訪問介護】浜松市中央区上島7丁目13-18", "url": "https://www.kaigokensaku.mhlw.go.jp/22/index.php?action_kouhyou_detail_004_kani=true&JigyosyoCd=2277100307-00&ServiceCd=110&Type=search", "url2": "http:/onkoryouin.jp/" }, "geometry": { "type": "Point", "coordinates": [ 137.739520399999947, 34.7485308 ] } },
{ "type": "Feature", "properties": { "内容": "さくら・介護ステーション浜松中央【訪問介護】浜松市中区尾張町１２４－３", "url": "https://www.kaigokensaku.mhlw.go.jp/22/index.php?action_kouhyou_detail_004_kani=true&JigyosyoCd=2277102551-00&ServiceCd=110&Type=search", "url2": "http://www.lotuslife.jp/" }, "geometry": { "type": "Point", "coordinates": [ 137.729492199999981, 34.7109623 ] } },
{ "type": "Feature", "properties": { "内容": "きらら浜松ヘルパーセンター【訪問介護】浜松市中央区楊子町２１８", "url": "https://www.kaigokensaku.mhlw.go.jp/22/index.php?action_kouhyou_detail_004_kani=true&JigyosyoCd=2277200206-00&ServiceCd=110&Type=search", "url2": "http://www.kenminkouseikai.net/" }, "geometry": { "type": "Point", "coordinates": [ 137.74726110000006, 34.6926012 ] } },
{ "type": "Feature", "properties": { "内容": "ヘルパーステーションアンサンブル【訪問介護】浜松市西区雄踏２丁目１９番２９号", "url": "https://www.kaigokensaku.mhlw.go.jp/22/index.php?action_kouhyou_detail_004_kani=true&JigyosyoCd=2277201535-00&ServiceCd=110&Type=search", "url2": "https://medicalsanjinkai.jp/" }, "geometry": { "type": "Point", "coordinates": [ 137.641956400000026, 34.6934041 ] } },
{ "type": "Feature", "properties": { "内容": "訪問介護ハピネス【訪問介護】静岡県浜松市中区葵西6-11-35", "url": "https://www.kaigokensaku.mhlw.go.jp/22/index.php?action_kouhyou_detail_004_kani=true&JigyosyoCd=2277205460-00&ServiceCd=110&Type=search", "url2": "http://hp.kaipoke.biz/cka/" }, "geometry": { "type": "Point", "coordinates": [ 137.700368300000036, 34.7694057 ] } },
{ "type": "Feature", "properties": { "内容": "訪問介護ステーション天寿【訪問介護】浜松市中央区鴨江4丁目25－13", "url": "https://www.kaigokensaku.mhlw.go.jp/22/index.php?action_kouhyou_detail_004_kani=true&JigyosyoCd=2277205593-00&ServiceCd=110&Type=search", "url2": null }, "geometry": { "type": "Point", "coordinates": [ 137.7180381, 34.7062958 ] } },
{ "type": "Feature", "properties": { "内容": "シンフォニー訪問介護事業所【訪問介護】静岡県浜松市中区小豆餅4丁目３番２３号", "url": "https://www.kaigokensaku.mhlw.go.jp/22/index.php?action_kouhyou_detail_004_kani=true&JigyosyoCd=2277206005-00&ServiceCd=110&Type=search", "url2": "https://inxus-hamamatsu.com/" }, "geometry": { "type": "Point", "coordinates": [ 137.730707224467437, 34.750491169476142 ] } },
{ "type": "Feature", "properties": { "内容": "ヘルパーステーション九重【訪問介護】浜松市東区半田山5-16-13", "url": "https://www.kaigokensaku.mhlw.go.jp/22/index.php?action_kouhyou_detail_004_kani=true&JigyosyoCd=2277200735-00&ServiceCd=110&Type=search", "url2": "http://www.jihian.orjp" }, "geometry": { "type": "Point", "coordinates": [ 137.741804799999954, 34.7756723 ] } },
{ "type": "Feature", "properties": { "内容": "ヘルパーステーションひばり【訪問介護】篠ケ瀬町801-1二美ビル2階", "url": "https://www.kaigokensaku.mhlw.go.jp/22/index.php?action_kouhyou_detail_004_kani=true&JigyosyoCd=2277202582-00&ServiceCd=110&Type=search", "url2": "http://h-ask.com" }, "geometry": { "type": "Point", "coordinates": [ 137.7750275, 34.7283647 ] } },
{ "type": "Feature", "properties": { "内容": "ここえ高丘【訪問介護】静岡県浜松市中央区高丘東二丁目12番43号ここえ高丘", "url": "https://www.kaigokensaku.mhlw.go.jp/22/index.php?action_kouhyou_detail_004_kani=true&JigyosyoCd=2277203507-00&ServiceCd=110&Type=search", "url2": "https://toyogroup.jp" }, "geometry": { "type": "Point", "coordinates": [ 137.711230432188387, 34.756522677477086 ] } },
{ "type": "Feature", "properties": { "内容": "ニチイケアセンター上島【訪問介護】静岡県浜松市中央区上島2-27-11", "url": "https://www.kaigokensaku.mhlw.go.jp/22/index.php?action_kouhyou_detail_004_kani=true&JigyosyoCd=2277205429-00&ServiceCd=110&Type=search", "url2": null }, "geometry": { "type": "Point", "coordinates": [ 137.7443716, 34.7407056 ] } },
{ "type": "Feature", "properties": { "内容": "ゆいまーる【訪問介護】静岡県浜松市中央区大平台4丁目29－1テラスパリオB-1", "url": "https://www.kaigokensaku.mhlw.go.jp/22/index.php?action_kouhyou_detail_004_kani=true&JigyosyoCd=2277206278-00&ServiceCd=110&Type=search", "url2": null }, "geometry": { "type": "Point", "coordinates": [ 137.67258107179299, 34.709093536047739 ] } },
{ "type": "Feature", "properties": { "内容": "ニチイケアセンター細島【訪問介護】浜松市中央区上西町49-12", "url": "https://www.kaigokensaku.mhlw.go.jp/22/index.php?action_kouhyou_detail_004_kani=true&JigyosyoCd=2277100091-00&ServiceCd=110&Type=search", "url2": "http://www.nichiigakkan.co.jp" }, "geometry": { "type": "Point", "coordinates": [ 137.757940299999973, 34.7218395 ] } },
{ "type": "Feature", "properties": { "内容": "三幸の園ホームヘルパーステーション【訪問介護】静岡県浜松市中央区大平台1丁目34番30号", "url": "https://www.kaigokensaku.mhlw.go.jp/22/index.php?action_kouhyou_detail_004_kani=true&JigyosyoCd=2277100174-00&ServiceCd=110&Type=search", "url2": "https://www.sankoukai.or.jp/" }, "geometry": { "type": "Point", "coordinates": [ 137.682971, 34.718679300000019 ] } },
{ "type": "Feature", "properties": { "内容": "あんしんの里ヘルパーステーション【訪問介護】静岡県浜松市中央区安新町33-1", "url": "https://www.kaigokensaku.mhlw.go.jp/22/index.php?action_kouhyou_detail_004_kani=true&JigyosyoCd=2277102212-00&ServiceCd=110&Type=search", "url2": "http://www.hashoukai.jp" }, "geometry": { "type": "Point", "coordinates": [ 137.7901316, 34.7253577 ] } },
{ "type": "Feature", "properties": { "内容": "セントケア高丘西【訪問介護】浜松市中区高丘東１丁目１０－５６パークサイド高木　205号室", "url": "https://www.kaigokensaku.mhlw.go.jp/22/index.php?action_kouhyou_detail_004_kani=true&JigyosyoCd=2277200172-00&ServiceCd=110&Type=search", "url2": null }, "geometry": { "type": "Point", "coordinates": [ 137.70893639999997, 34.755618 ] } },
{ "type": "Feature", "properties": { "内容": "ヘルパーステーションほそえ指定訪問介護事業所【訪問介護】静岡県浜松市中央区根洗町486-3", "url": "https://www.kaigokensaku.mhlw.go.jp/22/index.php?action_kouhyou_detail_004_kani=true&JigyosyoCd=2277201782-00&ServiceCd=110&Type=search", "url2": "https://www.jyuji.or.jp/hamamatsu_city/adonai2/service" }, "geometry": { "type": "Point", "coordinates": [ 137.695814, 34.796725799999983 ] } },
{ "type": "Feature", "properties": { "内容": "さくら・介護ステーション浜松北【訪問介護】小池町127番地", "url": "https://www.kaigokensaku.mhlw.go.jp/22/index.php?action_kouhyou_detail_004_kani=true&JigyosyoCd=2277201816-00&ServiceCd=110&Type=search", "url2": "sakurakaigo.kita@gmail.com" }, "geometry": { "type": "Point", "coordinates": [ 137.763766101740998, 34.752543938894377 ] } },
{ "type": "Feature", "properties": { "内容": "ニチイケアセンター江西【訪問介護】神田町99-11", "url": "https://www.kaigokensaku.mhlw.go.jp/22/index.php?action_kouhyou_detail_004_kani=true&JigyosyoCd=2277205437-00&ServiceCd=110&Type=search", "url2": null }, "geometry": { "type": "Point", "coordinates": [ 137.728448599999979, 34.6867767 ] } },
{ "type": "Feature", "properties": { "内容": "ヘルパーステーションつむぐ【訪問介護】静岡県浜松市中央区萩丘３丁目２-２３Mコープ201", "url": "https://www.kaigokensaku.mhlw.go.jp/22/index.php?action_kouhyou_detail_004_kani=true&JigyosyoCd=2277205890-00&ServiceCd=110&Type=search", "url2": "https://www.kaigokensaku.mhlw.go.jp/22/index.php?action_kouhyou_detail_001_kihon=true&JigyosyoCd=2277205890-00&ServiceCd=110" }, "geometry": { "type": "Point", "coordinates": [ 137.7329736, 34.7474983 ] } },
{ "type": "Feature", "properties": { "内容": "学研ココファン浜松高林ヘルパーセンター【訪問介護】静岡県浜松市中央区高林３丁目７番１３号ココファン浜松高林", "url": "https://www.kaigokensaku.mhlw.go.jp/22/index.php?action_kouhyou_detail_004_kani=true&JigyosyoCd=2277206286-00&ServiceCd=110&Type=search", "url2": "https://www.cocofump.co.jp/facilities/detail/hamamatsutakabayashi/" }, "geometry": { "type": "Point", "coordinates": [ 137.736812057672125, 34.727176368502434 ] } },
{ "type": "Feature", "properties": { "内容": "医心館訪問介護ステーション浜松【訪問介護】静岡県浜松市中区早出町872番地の7", "url": "https://www.kaigokensaku.mhlw.go.jp/22/index.php?action_kouhyou_detail_004_kani=true&JigyosyoCd=2277205874-00&ServiceCd=110&Type=search", "url2": null }, "geometry": { "type": "Point", "coordinates": [ 137.747036, 34.7345939 ] } },
{ "type": "Feature", "properties": { "内容": "ヘルパーステーション絆の杜【訪問介護】静岡県浜松市中央区植松町1330-3", "url": "https://www.kaigokensaku.mhlw.go.jp/22/index.php?action_kouhyou_detail_004_kani=true&JigyosyoCd=2277205882-00&ServiceCd=110&Type=search", "url2": null }, "geometry": { "type": "Point", "coordinates": [ 137.756615399999987, 34.71177650000002 ] } },
{ "type": "Feature", "properties": { "内容": "ヘルパーステーション白萩【訪問介護】浜松市中央区鴨江３丁目７０番２７号", "url": "https://www.kaigokensaku.mhlw.go.jp/22/index.php?action_kouhyou_detail_004_kani=true&JigyosyoCd=2277100133-00&ServiceCd=110&Type=search", "url2": "http://www.jihian.or.jp" }, "geometry": { "type": "Point", "coordinates": [ 137.708020617951888, 34.707179562075659 ] } },
{ "type": "Feature", "properties": { "内容": "訪問介護センターリリーズ【訪問介護】浜松市中央区有玉南町２４２１－３", "url": "https://www.kaigokensaku.mhlw.go.jp/22/index.php?action_kouhyou_detail_004_kani=true&JigyosyoCd=2277100745-00&ServiceCd=110&Type=search", "url2": "http://www.lily-s.co.jp" }, "geometry": { "type": "Point", "coordinates": [ 137.746136799999931, 34.747717 ] } },
{ "type": "Feature", "properties": { "内容": "ヘルパーセンター浜松【訪問介護】浜松市中央区入野町6417番地入野ケアセンター", "url": "https://www.kaigokensaku.mhlw.go.jp/22/index.php?action_kouhyou_detail_004_kani=true&JigyosyoCd=2277101313-00&ServiceCd=110&Type=search", "url2": "http://www.kotou-wakeikai.com" }, "geometry": { "type": "Point", "coordinates": [ 137.686754800000017, 34.6975384 ] } },
{ "type": "Feature", "properties": { "内容": "文丘ヘルパーステーション【訪問介護】浜松市中央区文丘町9-17", "url": "https://www.kaigokensaku.mhlw.go.jp/22/index.php?action_kouhyou_detail_004_kani=true&JigyosyoCd=2277101347-00&ServiceCd=110&Type=search", "url2": null }, "geometry": { "type": "Point", "coordinates": [ 137.7151063, 34.7241885 ] } },
{ "type": "Feature", "properties": { "内容": "ニチイケアセンター南浜松【訪問介護】浜松市中央区三和町776-1", "url": "https://www.kaigokensaku.mhlw.go.jp/22/index.php?action_kouhyou_detail_004_kani=true&JigyosyoCd=2277102261-00&ServiceCd=110&Type=search", "url2": "http://www.nichiigakkan.co.jp" }, "geometry": { "type": "Point", "coordinates": [ 137.772564500000044, 34.7019122 ] } },
{ "type": "Feature", "properties": { "内容": "ニチイケアセンター浜松高丘【訪問介護】静岡県浜松市中央区高丘北3-7-14", "url": "https://www.kaigokensaku.mhlw.go.jp/22/index.php?action_kouhyou_detail_004_kani=true&JigyosyoCd=2277201592-00&ServiceCd=110&Type=search", "url2": "http://www.nichiigakkan.co.jp" }, "geometry": { "type": "Point", "coordinates": [ 137.697579200000035, 34.7635719 ] } },
{ "type": "Feature", "properties": { "内容": "ヘルパーセンターフアイブ【訪問介護】静岡県浜松市中央区頭陀寺町332-8", "url": "https://www.kaigokensaku.mhlw.go.jp/22/index.php?action_kouhyou_detail_004_kani=true&JigyosyoCd=2277205197-00&ServiceCd=110&Type=search", "url2": "http://www.tanakaya-s.com" }, "geometry": { "type": "Point", "coordinates": [ 137.7569041888855, 34.696692434939379 ] } },
{ "type": "Feature", "properties": { "内容": "HELIOSケアセンター【訪問介護】浜松市中央区篠原町1144番地の18フローレンス", "url": "https://www.kaigokensaku.mhlw.go.jp/22/index.php?action_kouhyou_detail_004_kani=true&JigyosyoCd=2277203234-00&ServiceCd=110&Type=search", "url2": "http://www.helios-care.co.jp" }, "geometry": { "type": "Point", "coordinates": [ 137.671406400000052, 34.6881307 ] } },
{ "type": "Feature", "properties": { "内容": "セントケア富塚【訪問介護】静岡県浜松市中央区富塚町2961-15", "url": "https://www.kaigokensaku.mhlw.go.jp/22/index.php?action_kouhyou_detail_004_kani=true&JigyosyoCd=2277200131-00&ServiceCd=110&Type=search", "url2": null }, "geometry": { "type": "Point", "coordinates": [ 137.693557051420612, 34.726427598594483 ] } },
{ "type": "Feature", "properties": { "内容": "Ｒｏｗｉｎｇ【訪問介護】静岡県浜松市中央区船越町41-10", "url": "https://www.kaigokensaku.mhlw.go.jp/22/index.php?action_kouhyou_detail_004_kani=true&JigyosyoCd=2277206237-00&ServiceCd=110&Type=search", "url2": null }, "geometry": { "type": "Point", "coordinates": [ 137.745167799999962, 34.71945620000001 ] } },
{ "type": "Feature", "properties": { "内容": "ニチイケアセンター入野【訪問介護】浜松市中央区入野町9712-1", "url": "https://www.kaigokensaku.mhlw.go.jp/22/index.php?action_kouhyou_detail_004_kani=true&JigyosyoCd=2277201212-00&ServiceCd=110&Type=search", "url2": "http://www.nichiigakkan.co.jp" }, "geometry": { "type": "Point", "coordinates": [ 137.6808129, 34.698299700000035 ] } },
{ "type": "Feature", "properties": { "内容": "ゴールドエイジ浜松営業所【訪問介護】静岡県浜松市中央区雄踏町山崎3495-3ゴールドエイジ浜松", "url": "https://www.kaigokensaku.mhlw.go.jp/22/index.php?action_kouhyou_detail_004_kani=true&JigyosyoCd=2277204554-00&ServiceCd=110&Type=search", "url2": "http://goldage.co.jp" }, "geometry": { "type": "Point", "coordinates": [ 137.620575700000018, 34.7123782 ] } },
{ "type": "Feature", "properties": { "内容": "ここえ浜松【訪問介護】静岡県浜松市中区曳馬五丁目２３番４０号東洋ビル４階", "url": "https://www.kaigokensaku.mhlw.go.jp/22/index.php?action_kouhyou_detail_004_kani=true&JigyosyoCd=2277205007-00&ServiceCd=110&Type=search", "url2": "https://toyogroup.jp" }, "geometry": { "type": "Point", "coordinates": [ 137.740349, 34.733499 ] } },
{ "type": "Feature", "properties": { "内容": "ヘルパーセンター日里【訪問介護】静岡県浜松市中央区西島町781番地", "url": "https://www.kaigokensaku.mhlw.go.jp/22/index.php?action_kouhyou_detail_004_kani=true&JigyosyoCd=2277207086-00&ServiceCd=110&Type=search", "url2": "http://www.akari-medical.jp/" }, "geometry": { "type": "Point", "coordinates": [ 137.765894300000014, 34.6691156 ] } },
{ "type": "Feature", "properties": { "内容": "ライズケアエイド【訪問介護】浜松市中区東伊場1丁目18－15Ｄ", "url": "https://www.kaigokensaku.mhlw.go.jp/22/index.php?action_kouhyou_detail_004_kani=true&JigyosyoCd=2277205262-00&ServiceCd=110&Type=search", "url2": "https://www.heartpage.jp/hamamatsu/facility/20010879" }, "geometry": { "type": "Point", "coordinates": [ 137.718165, 34.700226 ] } },
{ "type": "Feature", "properties": { "内容": "訪問介護ステーション坂の上【訪問介護】幸4-36-1", "url": "https://www.kaigokensaku.mhlw.go.jp/22/index.php?action_kouhyou_detail_004_kani=true&JigyosyoCd=2277205957-00&ServiceCd=110&Type=search", "url2": "http://www.sakanoue-fc.jp/" }, "geometry": { "type": "Point", "coordinates": [ 137.7323432, 34.7458547 ] } },
{ "type": "Feature", "properties": { "内容": "在宅介護センターアイケア浜松【訪問介護】浜松市中央区高丘北３丁目１４－１３", "url": "https://www.kaigokensaku.mhlw.go.jp/22/index.php?action_kouhyou_detail_004_kani=true&JigyosyoCd=2277100224-00&ServiceCd=110&Type=search", "url2": "http://www.aicare.co.jp/" }, "geometry": { "type": "Point", "coordinates": [ 137.697260300000039, 34.764248 ] } },
{ "type": "Feature", "properties": { "内容": "いにしえの里大瀬訪問介護事業所【訪問介護】浜松市東区大島町１１３７番地の１", "url": "https://www.kaigokensaku.mhlw.go.jp/22/index.php?action_kouhyou_detail_004_kani=true&JigyosyoCd=2277202897-00&ServiceCd=110&Type=search", "url2": "http://www.inishie.jp/" }, "geometry": { "type": "Point", "coordinates": [ 137.778405300000031, 34.767896600000014 ] } },
{ "type": "Feature", "properties": { "内容": "在宅介護センターアイケア芝本【訪問介護】浜松市浜北区於呂2407－1", "url": "https://www.kaigokensaku.mhlw.go.jp/22/index.php?action_kouhyou_detail_004_kani=true&JigyosyoCd=2278300344-00&ServiceCd=110&Type=search", "url2": "http://aicare.co.jp/" }, "geometry": { "type": "Point", "coordinates": [ 137.798975700000028, 34.8341119 ] } },
{ "type": "Feature", "properties": { "内容": "藤花会訪問介護事業所【訪問介護】浜松市浜名区引佐町金指1869", "url": "https://www.kaigokensaku.mhlw.go.jp/22/index.php?action_kouhyou_detail_004_kani=true&JigyosyoCd=2277200750-00&ServiceCd=110&Type=search", "url2": null }, "geometry": { "type": "Point", "coordinates": [ 137.672093200000063, 34.8161005 ] } },
{ "type": "Feature", "properties": { "内容": "奥山訪問介護事業所【訪問介護】浜松市浜名区引佐町奥山143０－１８０", "url": "https://www.kaigokensaku.mhlw.go.jp/22/index.php?action_kouhyou_detail_004_kani=true&JigyosyoCd=2278100116-00&ServiceCd=110&Type=search", "url2": "http://www.inasa-okuro.jp/" }, "geometry": { "type": "Point", "coordinates": [ 137.622992099999976, 34.850090799999975 ] } },
{ "type": "Feature", "properties": { "内容": "訪問介護ステーション浜北西美薗　郷【訪問介護】静岡県浜松市浜名区西美薗2219番地1", "url": "https://www.kaigokensaku.mhlw.go.jp/22/index.php?action_kouhyou_detail_004_kani=true&JigyosyoCd=2277206328-00&ServiceCd=110&Type=search", "url2": "https://nursinghome-hop.com/shisetsu/hamakita-nishimisono/" }, "geometry": { "type": "Point", "coordinates": [ 137.8024901, 34.8067719 ] } },
{ "type": "Feature", "properties": { "内容": "遠江病院指定訪問介護事業所【訪問介護】静岡県浜松市浜名区中瀬３８３２－１", "url": "https://www.kaigokensaku.mhlw.go.jp/22/index.php?action_kouhyou_detail_004_kani=true&JigyosyoCd=2218310288-00&ServiceCd=110&Type=search", "url2": "https://totomihp.com" }, "geometry": { "type": "Point", "coordinates": [ 137.811245752114928, 34.82045539298398 ] } },
{ "type": "Feature", "properties": { "内容": "浜松市社協在宅サービスセンター　ほそえ【訪問介護】浜松市浜名区細江町気賀４５８１", "url": "https://www.kaigokensaku.mhlw.go.jp/22/index.php?action_kouhyou_detail_004_kani=true&JigyosyoCd=2278100017-00&ServiceCd=110&Type=search", "url2": "http://www.hamamatsu-syakyou.jp" }, "geometry": { "type": "Point", "coordinates": [ 137.648190099999965, 34.8067093 ] } },
{ "type": "Feature", "properties": { "内容": "在宅介護センターアイケア三ケ日【訪問介護】浜松市浜名区三ヶ日町都筑1148-1", "url": "https://www.kaigokensaku.mhlw.go.jp/22/index.php?action_kouhyou_detail_004_kani=true&JigyosyoCd=2277200743-00&ServiceCd=110&Type=search", "url2": "http://aicare.co.jp/" }, "geometry": { "type": "Point", "coordinates": [ 137.582673699999987, 34.7926028 ] } },
{ "type": "Feature", "properties": { "内容": "聖隷ヘルパーセンター浜松北【訪問介護】浜松市浜名区細江町中川7220-1", "url": "https://www.kaigokensaku.mhlw.go.jp/22/index.php?action_kouhyou_detail_004_kani=true&JigyosyoCd=2277202228-00&ServiceCd=110&Type=search", "url2": "ｈｔｔｐ//ｗｗｗ.seirei.or.jp/hq/" }, "geometry": { "type": "Point", "coordinates": [ 137.692758616613787, 34.793834299230959 ] } },
{ "type": "Feature", "properties": { "内容": "いなさ愛光園ヘルパーステーション【訪問介護】静岡県浜松市浜名区引佐町東黒田37-2", "url": "https://www.kaigokensaku.mhlw.go.jp/22/index.php?action_kouhyou_detail_004_kani=true&JigyosyoCd=2278100066-00&ServiceCd=110&Type=search", "url2": "http://www.seirei.or.jp/elderlyhome/inasa" }, "geometry": { "type": "Point", "coordinates": [ 137.663395987835656, 34.886068346495193 ] } },
{ "type": "Feature", "properties": { "内容": "ヘルパーステーション虹心【訪問介護】静岡県浜松市浜名区貴布祢190番地の3", "url": "https://www.kaigokensaku.mhlw.go.jp/22/index.php?action_kouhyou_detail_004_kani=true&JigyosyoCd=2277206971-00&ServiceCd=110&Type=search", "url2": null }, "geometry": { "type": "Point", "coordinates": [ 137.7830665, 34.7931984 ] } },
{ "type": "Feature", "properties": { "内容": "医療法人社団　藤花会　訪問介護ステーションふじのはな【訪問介護】浜松市浜名区神宮寺町8番15号", "url": "https://www.kaigokensaku.mhlw.go.jp/22/index.php?action_kouhyou_detail_004_kani=true&JigyosyoCd=2278100181-00&ServiceCd=110&Type=search", "url2": "http://www.hanadaira.com" }, "geometry": { "type": "Point", "coordinates": [ 137.670346347854547, 34.830871321849287 ] } },
{ "type": "Feature", "properties": { "内容": "ニチイケアセンター西美薗【訪問介護】西美薗2402-1", "url": "https://www.kaigokensaku.mhlw.go.jp/22/index.php?action_kouhyou_detail_004_kani=true&JigyosyoCd=2277202129-00&ServiceCd=110&Type=search", "url2": null }, "geometry": { "type": "Point", "coordinates": [ 137.802780239703338, 34.808244420745581 ] } },
{ "type": "Feature", "properties": { "内容": "在宅介護センターアイケア浜北【訪問介護】浜松市浜名区西美薗548-1", "url": "https://www.kaigokensaku.mhlw.go.jp/22/index.php?action_kouhyou_detail_004_kani=true&JigyosyoCd=2278300187-00&ServiceCd=110&Type=search", "url2": null }, "geometry": { "type": "Point", "coordinates": [ 137.795066296989489, 34.795992799523034 ] } },
{ "type": "Feature", "properties": { "内容": "訪問介護事業所　ウェルネス浜名湖【訪問介護】静岡県浜松市北区三ヶ日町都筑５４１－１", "url": "https://www.kaigokensaku.mhlw.go.jp/22/index.php?action_kouhyou_detail_004_kani=true&JigyosyoCd=2277200420-00&ServiceCd=110&Type=search", "url2": "http://www.wellnesspartner.co.jp/" }, "geometry": { "type": "Point", "coordinates": [ 137.580096700000013, 34.7826349 ] } },
{ "type": "Feature", "properties": { "内容": "訪問介護アリス【訪問介護】静岡県浜松市北区細江町気賀7412-3", "url": "https://www.kaigokensaku.mhlw.go.jp/22/index.php?action_kouhyou_detail_004_kani=true&JigyosyoCd=2277206336-00&ServiceCd=110&Type=search", "url2": null }, "geometry": { "type": "Point", "coordinates": [ 137.6391979, 34.8080499 ] } },
{ "type": "Feature", "properties": { "内容": "ここえ細江【訪問介護】静岡県浜松市浜名区細江町中川4455番ここえ浜名湖", "url": "https://www.kaigokensaku.mhlw.go.jp/22/index.php?action_kouhyou_detail_004_kani=true&JigyosyoCd=2277203697-00&ServiceCd=110&Type=search", "url2": "https://toyogroup.jp" }, "geometry": { "type": "Point", "coordinates": [ 137.663652613000522, 34.81199281941003 ] } },
{ "type": "Feature", "properties": { "内容": "生協ヘルパーステーション【訪問介護】静岡県浜松市浜名区高畑２１３－３", "url": "https://www.kaigokensaku.mhlw.go.jp/22/index.php?action_kouhyou_detail_004_kani=true&JigyosyoCd=2277201741-00&ServiceCd=110&Type=search", "url2": "http://www.mcp-hamakita.jp" }, "geometry": { "type": "Point", "coordinates": [ 137.795011877246111, 34.791201123780795 ] } },
{ "type": "Feature", "properties": { "内容": "訪問介護事業所サフィー【訪問介護】静岡県浜松市浜北区内野1655プラセールA101号室", "url": "https://www.kaigokensaku.mhlw.go.jp/22/index.php?action_kouhyou_detail_004_kani=true&JigyosyoCd=2277205791-00&ServiceCd=110&Type=search", "url2": null }, "geometry": { "type": "Point", "coordinates": [ 137.7562239, 34.7826575 ] } },
{ "type": "Feature", "properties": { "内容": "櫻乃苑　浜松天竜【訪問介護】静岡県浜松市天竜区二俣町二俣56-1", "url": "https://www.kaigokensaku.mhlw.go.jp/22/index.php?action_kouhyou_detail_004_kani=true&JigyosyoCd=2277202491-00&ServiceCd=110&Type=search", "url2": "http://www.sakuranosono.jp/" }, "geometry": { "type": "Point", "coordinates": [ 137.81679280000003, 34.8595592 ] } },
{ "type": "Feature", "properties": { "内容": "ホームヘルプサービスセンターさくまの里【訪問介護】静岡県浜松市天竜区佐久間町中部18-15", "url": "https://www.kaigokensaku.mhlw.go.jp/22/index.php?action_kouhyou_detail_004_kani=true&JigyosyoCd=2276600083-00&ServiceCd=110&Type=search", "url2": "http://www.seirei.or.jp/rel/sakuma/" }, "geometry": { "type": "Point", "coordinates": [ 137.799884099999986, 35.0835611 ] } },
{ "type": "Feature", "properties": { "内容": "みさくぼの里【訪問介護】浜松市天竜区水窪町奥領家２３５６番地の４", "url": "https://www.kaigokensaku.mhlw.go.jp/22/index.php?action_kouhyou_detail_004_kani=true&JigyosyoCd=2277204786-00&ServiceCd=110&Type=search", "url2": "http://www.misakubo1010.com/" }, "geometry": { "type": "Point", "coordinates": [ 137.867220058335874, 35.153648990950032 ] } },
{ "type": "Feature", "properties": { "内容": "えがおヘルパーステーション【訪問介護】静岡県浜松市天竜区二俣町二俣1569-17", "url": "https://www.kaigokensaku.mhlw.go.jp/22/index.php?action_kouhyou_detail_004_kani=true&JigyosyoCd=2277206708-00&ServiceCd=110&Type=search", "url2": "https://www.egaohelpre.com/" }, "geometry": { "type": "Point", "coordinates": [ 137.8135928, 34.8612582 ] } },
{ "type": "Feature", "properties": { "内容": "天竜厚生会ヘルパーステーション【訪問介護】静岡県浜松市天竜区渡ヶ島221", "url": "https://www.kaigokensaku.mhlw.go.jp/22/index.php?action_kouhyou_detail_004_kani=true&JigyosyoCd=2277204166-00&ServiceCd=110&Type=search", "url2": "https://www.tenryu-kohseikai.or.jp/" }, "geometry": { "type": "Point", "coordinates": [ 137.7933061, 34.8573086 ] } },
{ "type": "Feature", "properties": { "内容": "浜松市社協在宅サービスセンターやまゆり【訪問介護】浜松市天竜区山東2182-1", "url": "https://www.kaigokensaku.mhlw.go.jp/22/index.php?action_kouhyou_detail_004_kani=true&JigyosyoCd=2276500028-00&ServiceCd=110&Type=search", "url2": "https://www.hamamatsu-syakyou.jp" }, "geometry": { "type": "Point", "coordinates": [ 137.828755300000012, 34.8770209 ] } },
{ "type": "Feature", "properties": { "内容": "訪問介護てんまるっと【訪問介護】静岡県浜松市天竜区二俣町鹿島１０７", "url": "https://www.kaigokensaku.mhlw.go.jp/22/index.php?action_kouhyou_detail_004_kani=true&JigyosyoCd=2277205742-00&ServiceCd=110&Type=search", "url2": null }, "geometry": { "type": "Point", "coordinates": [ 137.8075282, 34.848814 ] } },
{ "type": "Feature", "properties": { "内容": "結訪問介護事業所【訪問介護】静岡県浜松市天竜区二俣町二俣８５番地の５", "url": "https://www.kaigokensaku.mhlw.go.jp/22/index.php?action_kouhyou_detail_004_kani=true&JigyosyoCd=2277206245-00&ServiceCd=110&Type=search", "url2": null }, "geometry": { "type": "Point", "coordinates": [ 137.815289799999988, 34.8607363 ] } },
{ "type": "Feature", "properties": { "内容": "ここは【訪問介護】浜松市天竜区春野町豊岡2238-11住宅型有料老人ホームひいろ　併設", "url": "https://www.kaigokensaku.mhlw.go.jp/22/index.php?action_kouhyou_detail_004_kani=true&JigyosyoCd=2277205171-00&ServiceCd=110&Type=search", "url2": "http://www.koukyukai.jp/" }, "geometry": { "type": "Point", "coordinates": [ 137.911847299999977, 35.0115741 ] } },
{ "type": "Feature", "properties": { "内容": "ユニットケアサービス【訪問介護】沼津市今沢５０８－２２", "url": "https://www.kaigokensaku.mhlw.go.jp/22/index.php?action_kouhyou_detail_004_kani=true&JigyosyoCd=2271100411-00&ServiceCd=110&Type=search", "url2": null }, "geometry": { "type": "Point", "coordinates": [ 138.816992837434327, 35.121653889700859 ] } },
{ "type": "Feature", "properties": { "内容": "ヘルパーステーション心【訪問介護】静岡県沼津市獅子浜２２－１９", "url": "https://www.kaigokensaku.mhlw.go.jp/22/index.php?action_kouhyou_detail_004_kani=true&JigyosyoCd=2271103513-00&ServiceCd=110&Type=search", "url2": null }, "geometry": { "type": "Point", "coordinates": [ 138.885968100000042, 35.0493851 ] } },
{ "type": "Feature", "properties": { "内容": "社会福祉法人沼津市社会福祉協議会指定訪問介護事業所【訪問介護】静岡県沼津市常盤町1丁目19-1", "url": "https://www.kaigokensaku.mhlw.go.jp/22/index.php?action_kouhyou_detail_004_kani=true&JigyosyoCd=2271100329-00&ServiceCd=110&Type=search", "url2": "http://numazu-shakyo.jp" }, "geometry": { "type": "Point", "coordinates": [ 138.8537043, 35.0911036 ] } },
{ "type": "Feature", "properties": { "内容": "訪問介護ステーション　さん・さぽーと【訪問介護】静岡県沼津市岡宮991-30", "url": "https://www.kaigokensaku.mhlw.go.jp/22/index.php?action_kouhyou_detail_004_kani=true&JigyosyoCd=2271103109-00&ServiceCd=110&Type=search", "url2": "http://coco-familia.com" }, "geometry": { "type": "Point", "coordinates": [ 138.873719915344282, 35.130368333237683 ] } },
{ "type": "Feature", "properties": { "内容": "シークケアサービス【訪問介護】沼津市小諏訪43番地の1", "url": "https://www.kaigokensaku.mhlw.go.jp/22/index.php?action_kouhyou_detail_004_kani=true&JigyosyoCd=2271100659-00&ServiceCd=110&Type=search", "url2": null }, "geometry": { "type": "Point", "coordinates": [ 138.8435571, 35.1148434 ] } },
{ "type": "Feature", "properties": { "内容": "特定非営利活動法人ワーカーズコープ夢コープ　夢コープ沼津事業所【訪問介護】沼津市大岡2137-14", "url": "https://www.kaigokensaku.mhlw.go.jp/22/index.php?action_kouhyou_detail_004_kani=true&JigyosyoCd=2271100667-00&ServiceCd=110&Type=search", "url2": "http://www2.tokai.or.jp/npo.yumecoop/" }, "geometry": { "type": "Point", "coordinates": [ 138.8736384, 35.1186911 ] } },
{ "type": "Feature", "properties": { "内容": "訪問介護事業所　ホスピタルケア沼津【訪問介護】静岡県沼津市東熊堂465-1", "url": "https://www.kaigokensaku.mhlw.go.jp/22/index.php?action_kouhyou_detail_004_kani=true&JigyosyoCd=2271103638-00&ServiceCd=110&Type=search", "url2": "https://shoyuukai.jp" }, "geometry": { "type": "Point", "coordinates": [ 138.8665685, 35.1193872 ] } },
{ "type": "Feature", "properties": { "内容": "アースケアステーション小諏訪【訪問介護】静岡県沼津市小諏訪976-1", "url": "https://www.kaigokensaku.mhlw.go.jp/22/index.php?action_kouhyou_detail_004_kani=true&JigyosyoCd=2271103414-00&ServiceCd=110&Type=search", "url2": "http://www.earth-group.co.jp" }, "geometry": { "type": "Point", "coordinates": [ 138.841203400000012, 35.1107679 ] } },
{ "type": "Feature", "properties": { "内容": "かぬきホームヘルプサービス【訪問介護】沼津市下香貫猪沼981-2", "url": "https://www.kaigokensaku.mhlw.go.jp/22/index.php?action_kouhyou_detail_004_kani=true&JigyosyoCd=2271100097-00&ServiceCd=110&Type=search", "url2": "http://www.shinai-kai.jp/numazuhome/" }, "geometry": { "type": "Point", "coordinates": [ 138.882872300000031, 35.0814889 ] } },
{ "type": "Feature", "properties": { "内容": "ニチイケアセンターぬまづ【訪問介護】沼津市東熊堂42-2メゾン・ドゥ・レスト102", "url": "https://www.kaigokensaku.mhlw.go.jp/22/index.php?action_kouhyou_detail_004_kani=true&JigyosyoCd=2271101111-00&ServiceCd=110&Type=search", "url2": "http://www.nichiigakkan.co.jp" }, "geometry": { "type": "Point", "coordinates": [ 138.863147900000058, 35.1225623 ] } },
{ "type": "Feature", "properties": { "内容": "訪問介護　ふれあい【訪問介護】沼津市大岡２３２５－６ふれあいレジデンス大岡", "url": "https://www.kaigokensaku.mhlw.go.jp/22/index.php?action_kouhyou_detail_004_kani=true&JigyosyoCd=2271100303-00&ServiceCd=110&Type=search", "url2": "http://w-being.jp" }, "geometry": { "type": "Point", "coordinates": [ 138.877666099999942, 35.1124695 ] } },
{ "type": "Feature", "properties": { "内容": "あしたかホーム　ホームヘルプサービス【訪問介護】静岡県沼津市東椎路1639-1プレーゲあしたか内", "url": "https://www.kaigokensaku.mhlw.go.jp/22/index.php?action_kouhyou_detail_004_kani=true&JigyosyoCd=2271102655-00&ServiceCd=110&Type=search", "url2": "ｐｆｌｅｇｅ-ａｓｉｔａｋａ＠ｌａｋｅ．ｏｃｎ．ｎｅ．ｊｐ" }, "geometry": { "type": "Point", "coordinates": [ 138.832356448409996, 35.130460214055063 ] } },
{ "type": "Feature", "properties": { "内容": "ニチイケアセンター山王【訪問介護】沼津市平町7－27渡辺ビル1Ｆ", "url": "https://www.kaigokensaku.mhlw.go.jp/22/index.php?action_kouhyou_detail_004_kani=true&JigyosyoCd=2271103299-00&ServiceCd=110&Type=search", "url2": "http://www.nichiigakkan.co.jp" }, "geometry": { "type": "Point", "coordinates": [ 138.868495100000018, 35.1005638 ] } },
{ "type": "Feature", "properties": { "内容": "アスモ介護サービス錦【訪問介護】静岡県沼津市西間門470-1", "url": "https://www.kaigokensaku.mhlw.go.jp/22/index.php?action_kouhyou_detail_004_kani=true&JigyosyoCd=2271102754-00&ServiceCd=110&Type=search", "url2": null }, "geometry": { "type": "Point", "coordinates": [ 138.84042707764047, 35.103145417076519 ] } },
{ "type": "Feature", "properties": { "内容": "沼津やわらぎ【訪問介護】静岡県沼津市白銀町2-1", "url": "https://www.kaigokensaku.mhlw.go.jp/22/index.php?action_kouhyou_detail_004_kani=true&JigyosyoCd=2271102440-00&ServiceCd=110&Type=search", "url2": "https://www.sunnylife-group.co.jp" }, "geometry": { "type": "Point", "coordinates": [ 138.853966107270821, 35.101549641559117 ] } },
{ "type": "Feature", "properties": { "内容": "アクア沼津足高訪問介護【訪問介護】静岡県沼津市足高494-1", "url": "https://www.kaigokensaku.mhlw.go.jp/22/index.php?action_kouhyou_detail_004_kani=true&JigyosyoCd=2271103547-00&ServiceCd=110&Type=search", "url2": null }, "geometry": { "type": "Point", "coordinates": [ 138.8555212, 35.1606791 ] } },
{ "type": "Feature", "properties": { "内容": "ハートフルケアさくら合同会社【訪問介護】静岡県沼津市大岡３２２８番地の７", "url": "https://www.kaigokensaku.mhlw.go.jp/22/index.php?action_kouhyou_detail_004_kani=true&JigyosyoCd=2271102002-00&ServiceCd=110&Type=search", "url2": null }, "geometry": { "type": "Point", "coordinates": [ 138.88810669999998, 35.1285544 ] } },
{ "type": "Feature", "properties": { "内容": "ハートフルケアさくら沼津西【訪問介護】静岡県沼津市大塚72番地", "url": "https://www.kaigokensaku.mhlw.go.jp/22/index.php?action_kouhyou_detail_004_kani=true&JigyosyoCd=2271103364-00&ServiceCd=110&Type=search", "url2": null }, "geometry": { "type": "Point", "coordinates": [ 138.8104601, 35.1188916 ] } },
{ "type": "Feature", "properties": { "内容": "きせがわホームヘルパーステーション【訪問介護】静岡県沼津市大岡1155", "url": "https://www.kaigokensaku.mhlw.go.jp/22/index.php?action_kouhyou_detail_004_kani=true&JigyosyoCd=2271100089-00&ServiceCd=110&Type=search", "url2": "http://shinyoukai.or.jp/kisegawa/supportcenter/homehelper.php" }, "geometry": { "type": "Point", "coordinates": [ 138.881035600000018, 35.1041564 ] } },
{ "type": "Feature", "properties": { "内容": "ニチイケアセンターはら【訪問介護】静岡県沼津市原町添1165-2サザンテラス大橋A", "url": "https://www.kaigokensaku.mhlw.go.jp/22/index.php?action_kouhyou_detail_004_kani=true&JigyosyoCd=2271103307-00&ServiceCd=110&Type=search", "url2": "http://www.nichiigakkan.co.jp" }, "geometry": { "type": "Point", "coordinates": [ 138.863539899999978, 35.0956068 ] } },
{ "type": "Feature", "properties": { "内容": "クローバー【訪問介護】静岡県沼津市大岡3317クローバーライフ沼津", "url": "https://www.kaigokensaku.mhlw.go.jp/22/index.php?action_kouhyou_detail_004_kani=true&JigyosyoCd=2271103067-00&ServiceCd=110&Type=search", "url2": "https:www.sunlife.jp/clover/numadu" }, "geometry": { "type": "Point", "coordinates": [ 138.890881400000012, 35.1304487 ] } },
{ "type": "Feature", "properties": { "内容": "アクア沼津訪問介護【訪問介護】静岡県沼津市岡宮字上丸山1160-6", "url": "https://www.kaigokensaku.mhlw.go.jp/22/index.php?action_kouhyou_detail_004_kani=true&JigyosyoCd=2271103489-00&ServiceCd=110&Type=search", "url2": null }, "geometry": { "type": "Point", "coordinates": [ 138.8674138, 35.1308467 ] } },
{ "type": "Feature", "properties": { "内容": "フジビューホームヘルプサービス【訪問介護】沼津市岡宮1147番地の8", "url": "https://www.kaigokensaku.mhlw.go.jp/22/index.php?action_kouhyou_detail_004_kani=true&JigyosyoCd=2271100030-00&ServiceCd=110&Type=search", "url2": "https://care-net.biz/22/suruga/" }, "geometry": { "type": "Point", "coordinates": [ 138.872354167195482, 35.129998790753746 ] } },
{ "type": "Feature", "properties": { "内容": "ニチイケアセンター　沼津中央【訪問介護】沼津市我入道東町123－1", "url": "https://www.kaigokensaku.mhlw.go.jp/22/index.php?action_kouhyou_detail_004_kani=true&JigyosyoCd=2271100402-00&ServiceCd=110&Type=search", "url2": "http://www.nichiigakkan.co.jp" }, "geometry": { "type": "Point", "coordinates": [ 138.863342909400927, 35.08041846646784 ] } },
{ "type": "Feature", "properties": { "内容": "ポプラ訪問介護ステーション沼津【訪問介護】静岡県沼津市高島本町16-16高島本町ビル2階", "url": "https://www.kaigokensaku.mhlw.go.jp/22/index.php?action_kouhyou_detail_004_kani=true&JigyosyoCd=2271101491-00&ServiceCd=110&Type=search", "url2": "http://www.e-care.co.jp" }, "geometry": { "type": "Point", "coordinates": [ 138.859726169602936, 35.110955528778327 ] } },
{ "type": "Feature", "properties": { "内容": "ほっと介護みのり沼津センター【訪問介護】沼津市西条町104東和第2ビル5階", "url": "https://www.kaigokensaku.mhlw.go.jp/22/index.php?action_kouhyou_detail_004_kani=true&JigyosyoCd=2271101517-00&ServiceCd=110&Type=search", "url2": "http://www.kaigo-minori.com/index.shtml" }, "geometry": { "type": "Point", "coordinates": [ 138.855481899999972, 35.1004065 ] } },
{ "type": "Feature", "properties": { "内容": "コスモス沼津【訪問介護】静岡県沼津市東間門１－３－３2Ｆ", "url": "https://www.kaigokensaku.mhlw.go.jp/22/index.php?action_kouhyou_detail_004_kani=true&JigyosyoCd=2271101582-00&ServiceCd=110&Type=search", "url2": "http://www.cosmos-group.co.jp/care/" }, "geometry": { "type": "Point", "coordinates": [ 138.844932299999982, 35.1013833 ] } },
{ "type": "Feature", "properties": { "内容": "セントケア平町【訪問介護】沼津市大岡1551-2第8平成ビル101号", "url": "https://www.kaigokensaku.mhlw.go.jp/22/index.php?action_kouhyou_detail_004_kani=true&JigyosyoCd=2271101541-00&ServiceCd=110&Type=search", "url2": null }, "geometry": { "type": "Point", "coordinates": [ 138.8686004, 35.0996813 ] } },
{ "type": "Feature", "properties": { "内容": "在宅介護センターアイケア沼津【訪問介護】静岡県沼津市沢田町10番12号", "url": "https://www.kaigokensaku.mhlw.go.jp/22/index.php?action_kouhyou_detail_004_kani=true&JigyosyoCd=2271103273-00&ServiceCd=110&Type=search", "url2": null }, "geometry": { "type": "Point", "coordinates": [ 138.858503199999973, 35.1211485 ] } },
{ "type": "Feature", "properties": { "内容": "訪問介護事業所　アリスガーデン【訪問介護】静岡県沼津市豊町12-3アリスガーデン豊町", "url": "https://www.kaigokensaku.mhlw.go.jp/22/index.php?action_kouhyou_detail_004_kani=true&JigyosyoCd=2271103075-00&ServiceCd=110&Type=search", "url2": "http://www/ars-garden.com" }, "geometry": { "type": "Point", "coordinates": [ 138.8602611, 35.1306846 ] } },
{ "type": "Feature", "properties": { "内容": "在宅介護ステーション　テンダー【訪問介護】静岡県沼津市東熊堂142-7TYコーポ104", "url": "https://www.kaigokensaku.mhlw.go.jp/22/index.php?action_kouhyou_detail_004_kani=true&JigyosyoCd=2271103570-00&ServiceCd=110&Type=search", "url2": null }, "geometry": { "type": "Point", "coordinates": [ 138.8611617, 35.1279208 ] } },
{ "type": "Feature", "properties": { "内容": "白鳥訪問介護サービス【訪問介護】沼津市新沢田町７－３３", "url": "https://www.kaigokensaku.mhlw.go.jp/22/index.php?action_kouhyou_detail_004_kani=true&JigyosyoCd=2271100162-00&ServiceCd=110&Type=search", "url2": "https://www.kaigo-shiratori.com" }, "geometry": { "type": "Point", "coordinates": [ 138.851489799999968, 35.1179824 ] } },
{ "type": "Feature", "properties": { "内容": "ホームヘルプサービスひとつ【訪問介護】青野315番地の1", "url": "https://www.kaigokensaku.mhlw.go.jp/22/index.php?action_kouhyou_detail_004_kani=true&JigyosyoCd=2271102515-00&ServiceCd=110&Type=search", "url2": null }, "geometry": { "type": "Point", "coordinates": [ 138.812059800000043, 35.1368736 ] } },
{ "type": "Feature", "properties": { "内容": "シェルケアサービス【訪問介護】静岡県沼津市筒井町16-1", "url": "https://www.kaigokensaku.mhlw.go.jp/22/index.php?action_kouhyou_detail_004_kani=true&JigyosyoCd=2271101301-00&ServiceCd=110&Type=search", "url2": "http://www.shellcare-service.com" }, "geometry": { "type": "Point", "coordinates": [ 138.864517490490698, 35.119788997770485 ] } },
{ "type": "Feature", "properties": { "内容": "ヘルパーステーションみはるの丘【訪問介護】沼津市平沼９２９－１", "url": "https://www.kaigokensaku.mhlw.go.jp/22/index.php?action_kouhyou_detail_004_kani=true&JigyosyoCd=2271100972-00&ServiceCd=110&Type=search", "url2": "http://shunpuukai.com" }, "geometry": { "type": "Point", "coordinates": [ 138.781246600000031, 35.149157 ] } },
{ "type": "Feature", "properties": { "内容": "ケアステーションこころ沼津【訪問介護】静岡県沼津市大岡186-8", "url": "https://www.kaigokensaku.mhlw.go.jp/22/index.php?action_kouhyou_detail_004_kani=true&JigyosyoCd=2271102572-00&ServiceCd=110&Type=search", "url2": "http://www.ktskk.co.jp" }, "geometry": { "type": "Point", "coordinates": [ 138.887385682417289, 35.104715948242735 ] } },
{ "type": "Feature", "properties": { "内容": "医心館訪問介護ステーション沼津【訪問介護】静岡県沼津市岡宮１１５８番地", "url": "https://www.kaigokensaku.mhlw.go.jp/22/index.php?action_kouhyou_detail_004_kani=true&JigyosyoCd=2271103497-00&ServiceCd=110&Type=search", "url2": null }, "geometry": { "type": "Point", "coordinates": [ 138.872029881714639, 35.132235248291742 ] } },
{ "type": "Feature", "properties": { "内容": "訪問介護ステーション風の杜【訪問介護】静岡県沼津市東原560番地1住宅型有料老人ホーム聖人の家風のガーデン", "url": "https://www.kaigokensaku.mhlw.go.jp/22/index.php?action_kouhyou_detail_004_kani=true&JigyosyoCd=2271103208-00&ServiceCd=110&Type=search", "url2": null }, "geometry": { "type": "Point", "coordinates": [ 138.788742899999988, 35.1267596 ] } },
{ "type": "Feature", "properties": { "内容": "訪問介護まえむき【訪問介護】沼津市大岡3428番地の5", "url": "https://www.kaigokensaku.mhlw.go.jp/22/index.php?action_kouhyou_detail_004_kani=true&JigyosyoCd=2271101236-00&ServiceCd=110&Type=search", "url2": "https://www.maemuki-kaigo.com/" }, "geometry": { "type": "Point", "coordinates": [ 138.8887621, 35.132954 ] } },
{ "type": "Feature", "properties": { "内容": "ツクイ沼津下香貫【訪問介護】下香貫字八重148－14", "url": "https://www.kaigokensaku.mhlw.go.jp/22/index.php?action_kouhyou_detail_004_kani=true&JigyosyoCd=2271103539-00&ServiceCd=110&Type=search", "url2": null }, "geometry": { "type": "Point", "coordinates": [ 138.876211970867701, 35.08737769068253 ] } },
{ "type": "Feature", "properties": { "内容": "学研ココファン沼津泉町ヘルパーセンター【訪問介護】静岡県沼津市泉町16-30", "url": "https://www.kaigokensaku.mhlw.go.jp/22/index.php?action_kouhyou_detail_004_kani=true&JigyosyoCd=2271103604-00&ServiceCd=110&Type=search", "url2": null }, "geometry": { "type": "Point", "coordinates": [ 138.86571330000001, 35.1122444 ] } },
{ "type": "Feature", "properties": { "内容": "訪問介護リベル　沼津【訪問介護】西椎路字東久保650-4", "url": "https://www.kaigokensaku.mhlw.go.jp/22/index.php?action_kouhyou_detail_004_kani=true&JigyosyoCd=2271103711-00&ServiceCd=110&Type=search", "url2": null }, "geometry": { "type": "Point", "coordinates": [ 138.826886950262463, 35.128435438645432 ] } },
{ "type": "Feature", "properties": { "内容": "株式会社スルガケアサービス　沼津事業所【訪問介護】沼津市杉崎町１３－４３モリビル２Ｆ", "url": "https://www.kaigokensaku.mhlw.go.jp/22/index.php?action_kouhyou_detail_004_kani=true&JigyosyoCd=2271100360-00&ServiceCd=110&Type=search", "url2": "http://www.surugacare.com/" }, "geometry": { "type": "Point", "coordinates": [ 138.8659394, 35.109966 ] } },
{ "type": "Feature", "properties": { "内容": "ル・グランヘルパーステーション【訪問介護】静岡県沼津市大岡1043-28", "url": "https://www.kaigokensaku.mhlw.go.jp/22/index.php?action_kouhyou_detail_004_kani=true&JigyosyoCd=2271103059-00&ServiceCd=110&Type=search", "url2": "https://www.le-grand-gp.jp" }, "geometry": { "type": "Point", "coordinates": [ 138.87931064050494, 35.109940811794274 ] } },
{ "type": "Feature", "properties": { "内容": "在宅ケアかどいけ【訪問介護】静岡県沼津市大岡3196-1b-101フレグランス室伏B-101", "url": "https://www.kaigokensaku.mhlw.go.jp/22/index.php?action_kouhyou_detail_004_kani=true&JigyosyoCd=2271102531-00&ServiceCd=110&Type=search", "url2": "www.zaitakukadoike.co.jp" }, "geometry": { "type": "Point", "coordinates": [ 138.88550525192872, 35.127549159893896 ] } },
{ "type": "Feature", "properties": { "内容": "訪問介護事業所古宇養護老人ホーム　遊法苑【訪問介護】静岡県沼津市西浦古宇１３－１４", "url": "https://www.kaigokensaku.mhlw.go.jp/22/index.php?action_kouhyou_detail_004_kani=true&JigyosyoCd=2271101681-00&ServiceCd=110&Type=search", "url2": "http://koujukai.ciao.jp/" }, "geometry": { "type": "Point", "coordinates": [ 138.846465099999932, 35.0128155 ] } },
{ "type": "Feature", "properties": { "内容": "訪問介護テレサ【訪問介護】静岡県沼津市原1786-2", "url": "https://www.kaigokensaku.mhlw.go.jp/22/index.php?action_kouhyou_detail_004_kani=true&JigyosyoCd=2271103349-00&ServiceCd=110&Type=search", "url2": "https://teresa-hokan.jp/" }, "geometry": { "type": "Point", "coordinates": [ 138.803000506498734, 35.130964555626512 ] } },
{ "type": "Feature", "properties": { "内容": "ひだまりの郷　訪問介護事業所【訪問介護】沼津市内浦重須624", "url": "https://www.kaigokensaku.mhlw.go.jp/22/index.php?action_kouhyou_detail_004_kani=true&JigyosyoCd=2271100113-00&ServiceCd=110&Type=search", "url2": null }, "geometry": { "type": "Point", "coordinates": [ 138.883811799999989, 35.0174992 ] } },
{ "type": "Feature", "properties": { "内容": "友愛訪問介護サービス【訪問介護】西島町19-1", "url": "https://www.kaigokensaku.mhlw.go.jp/22/index.php?action_kouhyou_detail_004_kani=true&JigyosyoCd=2271102564-00&ServiceCd=110&Type=search", "url2": "http:yuai01.webcrow.jp/" }, "geometry": { "type": "Point", "coordinates": [ 138.864628789193119, 35.084911495468369 ] } },
{ "type": "Feature", "properties": { "内容": "訪問介護まぁる【訪問介護】静岡県沼津市下香貫宮脇151-1サンライフセラM102", "url": "https://www.kaigokensaku.mhlw.go.jp/22/index.php?action_kouhyou_detail_004_kani=true&JigyosyoCd=2271102663-00&ServiceCd=110&Type=search", "url2": "http://positive-careworks.com" }, "geometry": { "type": "Point", "coordinates": [ 138.876174953017397, 35.086999102002444 ] } },
{ "type": "Feature", "properties": { "内容": "のれん訪問サービス【訪問介護】静岡県沼津市大諏訪585-1", "url": "https://www.kaigokensaku.mhlw.go.jp/22/index.php?action_kouhyou_detail_004_kani=true&JigyosyoCd=2271103737-00&ServiceCd=110&Type=search", "url2": null }, "geometry": { "type": "Point", "coordinates": [ 138.830509299999989, 35.1149809 ] } },
{ "type": "Feature", "properties": { "内容": "ヘルパーステーション　あい【訪問介護】沼津市小諏訪４６７－４", "url": "https://www.kaigokensaku.mhlw.go.jp/22/index.php?action_kouhyou_detail_004_kani=true&JigyosyoCd=2271101004-00&ServiceCd=110&Type=search", "url2": null }, "geometry": { "type": "Point", "coordinates": [ 138.839127, 35.1043912 ] } },
{ "type": "Feature", "properties": { "内容": "ﾍﾙﾊﾟｰｽﾃｰｼｮﾝひまわり【訪問介護】静岡県沼津市原1535-1", "url": "https://www.kaigokensaku.mhlw.go.jp/22/index.php?action_kouhyou_detail_004_kani=true&JigyosyoCd=2271102697-00&ServiceCd=110&Type=search", "url2": null }, "geometry": { "type": "Point", "coordinates": [ 138.801797099999931, 35.129996 ] } },
{ "type": "Feature", "properties": { "内容": "ロータスケア訪問介護事業所【訪問介護】静岡県沼津市岡宮443城北ハイツ2号館", "url": "https://www.kaigokensaku.mhlw.go.jp/22/index.php?action_kouhyou_detail_004_kani=true&JigyosyoCd=2271102036-00&ServiceCd=110&Type=search", "url2": null }, "geometry": { "type": "Point", "coordinates": [ 138.876998597097781, 35.123829294896865 ] } },
{ "type": "Feature", "properties": { "内容": "ケアセンターまちなか【訪問介護】静岡県沼津市下香貫山宮前3078-5", "url": "https://www.kaigokensaku.mhlw.go.jp/22/index.php?action_kouhyou_detail_004_kani=true&JigyosyoCd=2271101822-00&ServiceCd=110&Type=search", "url2": "http://cs-machinaka.com" }, "geometry": { "type": "Point", "coordinates": [ 138.8642542, 35.0748579 ] } },
{ "type": "Feature", "properties": { "内容": "ケアサポートだいだい【訪問介護】田原本町9－1熱海第一ビルB-108", "url": "https://www.kaigokensaku.mhlw.go.jp/22/index.php?action_kouhyou_detail_004_kani=true&JigyosyoCd=2270500826-00&ServiceCd=110&Type=search", "url2": "http://daidai529.jp/" }, "geometry": { "type": "Point", "coordinates": [ 139.079156899999958, 35.102594700000019 ] } },
{ "type": "Feature", "properties": { "内容": "訪問介護事業所　海光園【訪問介護】熱海市上多賀１０１６－１０", "url": "https://www.kaigokensaku.mhlw.go.jp/22/index.php?action_kouhyou_detail_004_kani=true&JigyosyoCd=2270500065-00&ServiceCd=110&Type=search", "url2": "http://kaikoukai.jp" }, "geometry": { "type": "Point", "coordinates": [ 139.066299399999906, 35.0708125 ] } },
{ "type": "Feature", "properties": { "内容": "株式会社伊豆おはな【訪問介護】静岡県熱海市伊豆山342-3", "url": "https://www.kaigokensaku.mhlw.go.jp/22/index.php?action_kouhyou_detail_004_kani=true&JigyosyoCd=2270500685-00&ServiceCd=110&Type=search", "url2": "https://izuohana.com" }, "geometry": { "type": "Point", "coordinates": [ 139.081341210805931, 35.112789121185685 ] } },
{ "type": "Feature", "properties": { "内容": "訪問介護事業所ひまわり【訪問介護】静岡県熱海市伊豆山1173-175熱海温泉すみれ内", "url": "https://www.kaigokensaku.mhlw.go.jp/22/index.php?action_kouhyou_detail_004_kani=true&JigyosyoCd=2270500941-00&ServiceCd=110&Type=search", "url2": null }, "geometry": { "type": "Point", "coordinates": [ 139.0804479, 35.121843900000023 ] } },
{ "type": "Feature", "properties": { "内容": "中島介護サービスセンター【訪問介護】熱海市福道町３－３", "url": "https://www.kaigokensaku.mhlw.go.jp/22/index.php?action_kouhyou_detail_004_kani=true&JigyosyoCd=2270500024-00&ServiceCd=110&Type=search", "url2": null }, "geometry": { "type": "Point", "coordinates": [ 139.067268947379944, 35.098629179148517 ] } },
{ "type": "Feature", "properties": { "内容": "ライブリーケア中銀熱海【訪問介護】静岡県熱海市田原本町9-1第一ビル5階", "url": "https://www.kaigokensaku.mhlw.go.jp/22/index.php?action_kouhyou_detail_004_kani=true&JigyosyoCd=2270500404-00&ServiceCd=110&Type=search", "url2": "https://lively-nakagin.com/" }, "geometry": { "type": "Point", "coordinates": [ 139.079107599999986, 35.1033727 ] } },
{ "type": "Feature", "properties": { "内容": "株式会社伊豆ケアサービス【訪問介護】熱海市清水町16-17", "url": "https://www.kaigokensaku.mhlw.go.jp/22/index.php?action_kouhyou_detail_004_kani=true&JigyosyoCd=2270500222-00&ServiceCd=110&Type=search", "url2": null }, "geometry": { "type": "Point", "coordinates": [ 139.070191, 35.0942405 ] } },
{ "type": "Feature", "properties": { "内容": "ぽっかぽか・ハートケア熱海【訪問介護】西熱海町一丁目２０番８号", "url": "https://www.kaigokensaku.mhlw.go.jp/22/index.php?action_kouhyou_detail_004_kani=true&JigyosyoCd=2270500594-00&ServiceCd=110&Type=search", "url2": "https://poka2.net" }, "geometry": { "type": "Point", "coordinates": [ 139.060275199999978, 35.1055447 ] } },
{ "type": "Feature", "properties": { "内容": "株式会社　スルガケアサービス　熱海事業所【訪問介護】熱海市上多賀967番地の24", "url": "https://www.kaigokensaku.mhlw.go.jp/22/index.php?action_kouhyou_detail_004_kani=true&JigyosyoCd=2270500016-00&ServiceCd=110&Type=search", "url2": null }, "geometry": { "type": "Point", "coordinates": [ 139.075162299999988, 35.0666441 ] } },
{ "type": "Feature", "properties": { "内容": "ミモザヘルパーステーション熱海【訪問介護】和田町2-4松の木プラザ502", "url": "https://www.kaigokensaku.mhlw.go.jp/22/index.php?action_kouhyou_detail_004_kani=true&JigyosyoCd=2270500974-00&ServiceCd=110&Type=search", "url2": "https://www.mimoza-care.jp/base/helper-atami_hk.html" }, "geometry": { "type": "Point", "coordinates": [ 134.052338600000013, 34.3255248 ] } },
{ "type": "Feature", "properties": { "内容": "社会福祉法人熱海市社会福祉協議会指定訪問介護事業所【訪問介護】熱海市中央町18番6号　久松ビル２F", "url": "https://www.kaigokensaku.mhlw.go.jp/22/index.php?action_kouhyou_detail_004_kani=true&JigyosyoCd=2270500040-00&ServiceCd=110&Type=search", "url2": null }, "geometry": { "type": "Point", "coordinates": [ 139.071426993245495, 35.095204364351446 ] } },
{ "type": "Feature", "properties": { "内容": "ふじの紀【訪問介護】静岡県三島市藤代町11-10", "url": "https://www.kaigokensaku.mhlw.go.jp/22/index.php?action_kouhyou_detail_004_kani=true&JigyosyoCd=2270601475-00&ServiceCd=110&Type=search", "url2": "https://www.fujinoki.online" }, "geometry": { "type": "Point", "coordinates": [ 138.923659179098507, 35.106678068642218 ] } },
{ "type": "Feature", "properties": { "内容": "訪問介護事業所　ひいらぎ【訪問介護】静岡県三島市中央町3-32小出ビル2階", "url": "https://www.kaigokensaku.mhlw.go.jp/22/index.php?action_kouhyou_detail_004_kani=true&JigyosyoCd=2270601343-00&ServiceCd=110&Type=search", "url2": "http://www.rhe.co.jp" }, "geometry": { "type": "Point", "coordinates": [ 138.918570899999963, 35.1195941 ] } },
{ "type": "Feature", "properties": { "内容": "富士伊豆農業協同組合訪問介護ささえ愛【訪問介護】静岡県三島市谷田141-1", "url": "https://www.kaigokensaku.mhlw.go.jp/22/index.php?action_kouhyou_detail_004_kani=true&JigyosyoCd=2270601434-00&ServiceCd=110&Type=search", "url2": "http://www.ja-fujiizu.or.jp" }, "geometry": { "type": "Point", "coordinates": [ 138.929847, 35.1143411 ] } },
{ "type": "Feature", "properties": { "内容": "ニチイケアセンター三島【訪問介護】静岡県三島市徳倉2丁目13-11", "url": "https://www.kaigokensaku.mhlw.go.jp/22/index.php?action_kouhyou_detail_004_kani=true&JigyosyoCd=2270600139-00&ServiceCd=110&Type=search", "url2": "http://www.nichiigakkan.co.jp" }, "geometry": { "type": "Point", "coordinates": [ 138.917265300524832, 35.137023849553039 ] } },
{ "type": "Feature", "properties": { "内容": "新生高千穂株式会社指定訪問介護事業所【訪問介護】静岡県三島市徳倉４丁目6-17ドミール・アトレ101", "url": "https://www.kaigokensaku.mhlw.go.jp/22/index.php?action_kouhyou_detail_004_kani=true&JigyosyoCd=2270600832-00&ServiceCd=110&Type=search", "url2": null }, "geometry": { "type": "Point", "coordinates": [ 138.913414345920359, 35.143278799103385 ] } },
{ "type": "Feature", "properties": { "内容": "社会福祉法人三島市社会福祉協議会指定訪問介護事業所【訪問介護】静岡県三島市南本町20番30号", "url": "https://www.kaigokensaku.mhlw.go.jp/22/index.php?action_kouhyou_detail_004_kani=true&JigyosyoCd=2270600055-00&ServiceCd=110&Type=search", "url2": "http://www.mishimashakyo.or.jp" }, "geometry": { "type": "Point", "coordinates": [ 138.915190700000039, 35.1183275 ] } },
{ "type": "Feature", "properties": { "内容": "いづの里ヘルパーステーション【訪問介護】静岡県三島市松本39番地3", "url": "https://www.kaigokensaku.mhlw.go.jp/22/index.php?action_kouhyou_detail_004_kani=true&JigyosyoCd=2270601061-00&ServiceCd=110&Type=search", "url2": null }, "geometry": { "type": "Point", "coordinates": [ 138.917752980426002, 35.093438901730465 ] } },
{ "type": "Feature", "properties": { "内容": "訪問介護事業所　ラ・サンテふよう【訪問介護】三島市佐野1205-3", "url": "https://www.kaigokensaku.mhlw.go.jp/22/index.php?action_kouhyou_detail_004_kani=true&JigyosyoCd=2250680028-00&ServiceCd=110&Type=search", "url2": "http://mchp.or.jp/lasante" }, "geometry": { "type": "Point", "coordinates": [ 138.916337200000044, 35.15779 ] } },
{ "type": "Feature", "properties": { "内容": "マ・メゾン花水木訪問介護ステーション【訪問介護】静岡県三島市松本291-1マ・メゾン三島エスプリーブル1階", "url": "https://www.kaigokensaku.mhlw.go.jp/22/index.php?action_kouhyou_detail_004_kani=true&JigyosyoCd=2270601319-00&ServiceCd=110&Type=search", "url2": "www.feuille-corp.com" }, "geometry": { "type": "Point", "coordinates": [ 138.918079799999987, 35.091833 ] } },
{ "type": "Feature", "properties": { "内容": "コスモス三島【訪問介護】萩259-5", "url": "https://www.kaigokensaku.mhlw.go.jp/22/index.php?action_kouhyou_detail_004_kani=true&JigyosyoCd=2270600972-00&ServiceCd=110&Type=search", "url2": "http://www.cosmos-group.co.jp/care/" }, "geometry": { "type": "Point", "coordinates": [ 138.909357199999931, 35.1489355 ] } },
{ "type": "Feature", "properties": { "内容": "梅名の里ホームヘルプサービス事業所【訪問介護】三島市梅名578", "url": "https://www.kaigokensaku.mhlw.go.jp/22/index.php?action_kouhyou_detail_004_kani=true&JigyosyoCd=2270601186-00&ServiceCd=110&Type=search", "url2": "http://www.umenanosato.com" }, "geometry": { "type": "Point", "coordinates": [ 138.923362767459139, 35.097797838517138 ] } },
{ "type": "Feature", "properties": { "内容": "ピアシップみしま【訪問介護】静岡県三島市西本町10-26", "url": "https://www.kaigokensaku.mhlw.go.jp/22/index.php?action_kouhyou_detail_004_kani=true&JigyosyoCd=2270601004-00&ServiceCd=110&Type=search", "url2": "https://peership.jbplt.jp/" }, "geometry": { "type": "Point", "coordinates": [ 138.909831433065847, 35.117088896890863 ] } },
{ "type": "Feature", "properties": { "内容": "福祉サービスエンゼルランプ合同会社【訪問介護】三島市富士ビレッジ10-13", "url": "https://www.kaigokensaku.mhlw.go.jp/22/index.php?action_kouhyou_detail_004_kani=true&JigyosyoCd=2270600733-00&ServiceCd=110&Type=search", "url2": "suzuchu321@yahoo.co.jp" }, "geometry": { "type": "Point", "coordinates": [ 138.922222799999986, 35.1399866 ] } },
{ "type": "Feature", "properties": { "内容": "訪問介護事業所南二日町【訪問介護】静岡県三島市南二日町5番41号", "url": "https://www.kaigokensaku.mhlw.go.jp/22/index.php?action_kouhyou_detail_004_kani=true&JigyosyoCd=2270601210-00&ServiceCd=110&Type=search", "url2": "http://kashokai.or.jp" }, "geometry": { "type": "Point", "coordinates": [ 138.923085985983306, 35.109093213323419 ] } },
{ "type": "Feature", "properties": { "内容": "ふれあい富士訪問介護事業所【訪問介護】静岡県三島市中319-4", "url": "https://www.kaigokensaku.mhlw.go.jp/22/index.php?action_kouhyou_detail_004_kani=true&JigyosyoCd=2270601087-00&ServiceCd=110&Type=search", "url2": null }, "geometry": { "type": "Point", "coordinates": [ 138.930790021322252, 35.103283166528918 ] } },
{ "type": "Feature", "properties": { "内容": "ヘルパーステーション　やすひさ【訪問介護】三島市安久658番地の6グランパーソンやすひさ（建物内1Ｆ）", "url": "https://www.kaigokensaku.mhlw.go.jp/22/index.php?action_kouhyou_detail_004_kani=true&JigyosyoCd=2270600642-00&ServiceCd=110&Type=search", "url2": "www.funan.co.jp" }, "geometry": { "type": "Point", "coordinates": [ 138.9340647, 35.0867906 ] } },
{ "type": "Feature", "properties": { "内容": "フェニックス訪問介護事業所【訪問介護】徳倉1丁目11-3サンハイム徳倉103", "url": "https://www.kaigokensaku.mhlw.go.jp/22/index.php?action_kouhyou_detail_004_kani=true&JigyosyoCd=2270601483-00&ServiceCd=110&Type=search", "url2": null }, "geometry": { "type": "Point", "coordinates": [ 138.915149500000012, 35.140449799999978 ] } },
{ "type": "Feature", "properties": { "内容": "めぐみの家総合事業所【訪問介護】三島市梅名439-8", "url": "https://www.kaigokensaku.mhlw.go.jp/22/index.php?action_kouhyou_detail_004_kani=true&JigyosyoCd=2270300326-00&ServiceCd=110&Type=search", "url2": "https://666bfa19a6b38.site123.me/" }, "geometry": { "type": "Point", "coordinates": [ 138.924829679731715, 35.093417332813964 ] } },
{ "type": "Feature", "properties": { "内容": "共立福祉サービスセンターきずな【訪問介護】静岡県三島市玉川353共立病院内", "url": "https://www.kaigokensaku.mhlw.go.jp/22/index.php?action_kouhyou_detail_004_kani=true&JigyosyoCd=2210610552-00&ServiceCd=110&Type=search", "url2": "http://www.mishima-kyouritsu.com/" }, "geometry": { "type": "Point", "coordinates": [ 138.914119673770188, 35.107438679573498 ] } },
{ "type": "Feature", "properties": { "内容": "静岡県三島市大場1086-405【訪問介護】静岡県三島市大場1086-405", "url": "https://www.kaigokensaku.mhlw.go.jp/22/index.php?action_kouhyou_detail_004_kani=true&JigyosyoCd=2270601541-00&ServiceCd=110&Type=search", "url2": null }, "geometry": { "type": "Point", "coordinates": [ 138.960913799999986, 35.117742 ] } },
{ "type": "Feature", "properties": { "内容": "ハピネスケアセンター【訪問介護】三島市初音台5-2", "url": "https://www.kaigokensaku.mhlw.go.jp/22/index.php?action_kouhyou_detail_004_kani=true&JigyosyoCd=2270600212-00&ServiceCd=110&Type=search", "url2": "happiness_care4141id@yahoo.co.jp" }, "geometry": { "type": "Point", "coordinates": [ 138.933594399999976, 35.1253966 ] } },
{ "type": "Feature", "properties": { "内容": "特定非営利活動法人　ひとみ【訪問介護】富田町１４－３３", "url": "https://www.kaigokensaku.mhlw.go.jp/22/index.php?action_kouhyou_detail_004_kani=true&JigyosyoCd=2270600774-00&ServiceCd=110&Type=search", "url2": "hitomi-npo@dream.jp" }, "geometry": { "type": "Point", "coordinates": [ 138.916543600000068, 35.110156 ] } },
{ "type": "Feature", "properties": { "内容": "訪問介護とんぼ【訪問介護】三島市安久656-1エーデル鈴木A201", "url": "https://www.kaigokensaku.mhlw.go.jp/22/index.php?action_kouhyou_detail_004_kani=true&JigyosyoCd=2270601525-00&ServiceCd=110&Type=search", "url2": null }, "geometry": { "type": "Point", "coordinates": [ 138.9345767, 35.0856522 ] } },
{ "type": "Feature", "properties": { "内容": "訪問介護センター福和家【訪問介護】静岡県三島市徳倉３丁目１－２９", "url": "https://www.kaigokensaku.mhlw.go.jp/22/index.php?action_kouhyou_detail_004_kani=true&JigyosyoCd=2270601194-00&ServiceCd=110&Type=search", "url2": "http://www.calmlife.jp" }, "geometry": { "type": "Point", "coordinates": [ 138.917406600000049, 35.1404837 ] } },
{ "type": "Feature", "properties": { "内容": "ヘルパーステーション　勇【訪問介護】静岡県富士宮市宮町7-12", "url": "https://www.kaigokensaku.mhlw.go.jp/22/index.php?action_kouhyou_detail_004_kani=true&JigyosyoCd=2272101839-00&ServiceCd=110&Type=search", "url2": null }, "geometry": { "type": "Point", "coordinates": [ 138.6073644, 35.2242482 ] } },
{ "type": "Feature", "properties": { "内容": "スマイルケア【訪問介護】静岡県富士宮市黒田125-6", "url": "https://www.kaigokensaku.mhlw.go.jp/22/index.php?action_kouhyou_detail_004_kani=true&JigyosyoCd=2272101946-00&ServiceCd=110&Type=search", "url2": null }, "geometry": { "type": "Point", "coordinates": [ 138.624012073917669, 35.207379767228858 ] } },
{ "type": "Feature", "properties": { "内容": "なの花訪問介護事業所【訪問介護】富士宮市粟倉2729-176", "url": "https://www.kaigokensaku.mhlw.go.jp/22/index.php?action_kouhyou_detail_004_kani=true&JigyosyoCd=2272100344-00&ServiceCd=110&Type=search", "url2": null }, "geometry": { "type": "Point", "coordinates": [ 138.669668399999978, 35.2746009 ] } },
{ "type": "Feature", "properties": { "内容": "夢コープ　富士宮事業所【訪問介護】富士宮市若の宮町27　プラザ27-Ｂ", "url": "https://www.kaigokensaku.mhlw.go.jp/22/index.php?action_kouhyou_detail_004_kani=true&JigyosyoCd=2272100559-00&ServiceCd=110&Type=search", "url2": "http://www.yumecoop.jp/honbu@yumecoop.jp" }, "geometry": { "type": "Point", "coordinates": [ 138.614810600000027, 35.2314321 ] } },
{ "type": "Feature", "properties": { "内容": "しらいとヘルパーステーション【訪問介護】富士宮市上井出1285-1", "url": "https://www.kaigokensaku.mhlw.go.jp/22/index.php?action_kouhyou_detail_004_kani=true&JigyosyoCd=2272100062-00&ServiceCd=110&Type=search", "url2": "https://www.tenryu-kohseikai.or.jp/senior/shiraito" }, "geometry": { "type": "Point", "coordinates": [ 138.596279699999968, 35.310226 ] } },
{ "type": "Feature", "properties": { "内容": "ニチイケアセンター富士宮【訪問介護】富士宮市淀師字渋沢496-16", "url": "https://www.kaigokensaku.mhlw.go.jp/22/index.php?action_kouhyou_detail_004_kani=true&JigyosyoCd=2272100120-00&ServiceCd=110&Type=search", "url2": "http://www.nichiigakkan.co.jp" }, "geometry": { "type": "Point", "coordinates": [ 138.596239149652092, 35.241819181249063 ] } },
{ "type": "Feature", "properties": { "内容": "ポプラ訪問介護ステーション富士宮【訪問介護】静岡県富士宮市ひばりが丘884", "url": "https://www.kaigokensaku.mhlw.go.jp/22/index.php?action_kouhyou_detail_004_kani=true&JigyosyoCd=2272100807-00&ServiceCd=110&Type=search", "url2": null }, "geometry": { "type": "Point", "coordinates": [ 138.619121912511446, 35.237338619338274 ] } },
{ "type": "Feature", "properties": { "内容": "ヘルパーステーション富士の国【訪問介護】静岡県富士宮市外神1813-1グループハウス富士宮", "url": "https://www.kaigokensaku.mhlw.go.jp/22/index.php?action_kouhyou_detail_004_kani=true&JigyosyoCd=2272101599-00&ServiceCd=110&Type=search", "url2": "https://billfish.biz" }, "geometry": { "type": "Point", "coordinates": [ 138.597914, 35.2658673 ] } },
{ "type": "Feature", "properties": { "内容": "きぶねヘルパーセンター【訪問介護】富士宮市西町25-13", "url": "https://www.kaigokensaku.mhlw.go.jp/22/index.php?action_kouhyou_detail_004_kani=true&JigyosyoCd=2272100922-00&ServiceCd=110&Type=search", "url2": null }, "geometry": { "type": "Point", "coordinates": [ 138.603789099999972, 35.2260142 ] } },
{ "type": "Feature", "properties": { "内容": "ケアサポートひろまる【訪問介護】静岡県富士宮市野中867-1", "url": "https://www.kaigokensaku.mhlw.go.jp/22/index.php?action_kouhyou_detail_004_kani=true&JigyosyoCd=2272101664-00&ServiceCd=110&Type=search", "url2": null }, "geometry": { "type": "Point", "coordinates": [ 138.607540500000027, 35.213926 ] } },
{ "type": "Feature", "properties": { "内容": "富士宮市社会福祉協議会　訪問介護事業所【訪問介護】富士宮市宮原７－１富士宮市総合福祉会館内　１階", "url": "https://www.kaigokensaku.mhlw.go.jp/22/index.php?action_kouhyou_detail_004_kani=true&JigyosyoCd=2272100054-00&ServiceCd=110&Type=search", "url2": "http://www.f-syakyo.or.jp" }, "geometry": { "type": "Point", "coordinates": [ 138.608741742327879, 35.245195849177826 ] } },
{ "type": "Feature", "properties": { "内容": "ヘルパーステーション　カトレア【訪問介護】静岡県富士宮市村山76-74", "url": "https://www.kaigokensaku.mhlw.go.jp/22/index.php?action_kouhyou_detail_004_kani=true&JigyosyoCd=2272101243-00&ServiceCd=110&Type=search", "url2": null }, "geometry": { "type": "Point", "coordinates": [ 138.656667700000071, 35.2431246 ] } },
{ "type": "Feature", "properties": { "内容": "ニチイケアセンター咲花【訪問介護】静岡県富士宮市東町13-3", "url": "https://www.kaigokensaku.mhlw.go.jp/22/index.php?action_kouhyou_detail_004_kani=true&JigyosyoCd=2272101722-00&ServiceCd=110&Type=search", "url2": null }, "geometry": { "type": "Point", "coordinates": [ 138.616970900000069, 35.2240811 ] } },
{ "type": "Feature", "properties": { "内容": "ヘルパーサービスかやの里【訪問介護】富士宮市ひばりが丘526番地2", "url": "https://www.kaigokensaku.mhlw.go.jp/22/index.php?action_kouhyou_detail_004_kani=true&JigyosyoCd=2272100070-00&ServiceCd=110&Type=search", "url2": "http://care-net.biz/22/kayanosato" }, "geometry": { "type": "Point", "coordinates": [ 138.618295499999931, 35.2355357 ] } },
{ "type": "Feature", "properties": { "内容": "メディホス訪問介護富士宮【訪問介護】静岡県富士宮市三園平1406-3", "url": "https://www.kaigokensaku.mhlw.go.jp/22/index.php?action_kouhyou_detail_004_kani=true&JigyosyoCd=2272101755-00&ServiceCd=110&Type=search", "url2": "https://medihos.jp/" }, "geometry": { "type": "Point", "coordinates": [ 138.617777537850941, 35.242797404408456 ] } },
{ "type": "Feature", "properties": { "内容": "セントケア富士宮【訪問介護】静岡県富士宮市万野原新田3257－7ヴィラ富士店101号室", "url": "https://www.kaigokensaku.mhlw.go.jp/22/index.php?action_kouhyou_detail_004_kani=true&JigyosyoCd=2272101730-00&ServiceCd=110&Type=search", "url2": "http://www.saint-care-chubu.com" }, "geometry": { "type": "Point", "coordinates": [ 138.6210149, 35.2472192 ] } },
{ "type": "Feature", "properties": { "内容": "訪問介護ステーション　麦わら【訪問介護】静岡県富士宮市貴船町９－９ロイヤルハイツ貴船１０１", "url": "https://www.kaigokensaku.mhlw.go.jp/22/index.php?action_kouhyou_detail_004_kani=true&JigyosyoCd=2272101342-00&ServiceCd=110&Type=search", "url2": "https://www.itac-mugiwara.jp" }, "geometry": { "type": "Point", "coordinates": [ 138.601218194498387, 35.227628242318531 ] } },
{ "type": "Feature", "properties": { "内容": "訪問介護えるなな富士宮【訪問介護】静岡県富士宮市小泉481-7エルナナグレイス小泉", "url": "https://www.kaigokensaku.mhlw.go.jp/22/index.php?action_kouhyou_detail_004_kani=true&JigyosyoCd=2272101896-00&ServiceCd=110&Type=search", "url2": null }, "geometry": { "type": "Point", "coordinates": [ 138.633352615344251, 35.212587871738258 ] } },
{ "type": "Feature", "properties": { "内容": "ケアサポート志保【訪問介護】静岡県富士宮市野中1044-3", "url": "https://www.kaigokensaku.mhlw.go.jp/22/index.php?action_kouhyou_detail_004_kani=true&JigyosyoCd=2272101714-00&ServiceCd=110&Type=search", "url2": null }, "geometry": { "type": "Point", "coordinates": [ 138.608689904969481, 35.208513111599579 ] } },
{ "type": "Feature", "properties": { "内容": "ヘルパーステーション白尾台【訪問介護】静岡県富士宮市野中620番地の1", "url": "https://www.kaigokensaku.mhlw.go.jp/22/index.php?action_kouhyou_detail_004_kani=true&JigyosyoCd=2272101821-00&ServiceCd=110&Type=search", "url2": null }, "geometry": { "type": "Point", "coordinates": [ 138.603026980297784, 35.220778418010326 ] } },
{ "type": "Feature", "properties": { "内容": "クローバーガーデン【訪問介護】静岡県富士宮市弓沢町932", "url": "https://www.kaigokensaku.mhlw.go.jp/22/index.php?action_kouhyou_detail_004_kani=true&JigyosyoCd=2272101938-00&ServiceCd=110&Type=search", "url2": null }, "geometry": { "type": "Point", "coordinates": [ 138.626539, 35.221484 ] } },
{ "type": "Feature", "properties": { "内容": "訪問介護　秀【訪問介護】静岡県富士宮市浅間町12-13-2F", "url": "https://www.kaigokensaku.mhlw.go.jp/22/index.php?action_kouhyou_detail_004_kani=true&JigyosyoCd=2272101888-00&ServiceCd=110&Type=search", "url2": null }, "geometry": { "type": "Point", "coordinates": [ 138.613107899999989, 35.2168706 ] } },
{ "type": "Feature", "properties": { "内容": "訪問介護ステーションはば【訪問介護】静岡県伊東市富戸１０３４番地５", "url": "https://www.kaigokensaku.mhlw.go.jp/22/index.php?action_kouhyou_detail_004_kani=true&JigyosyoCd=2270401272-00&ServiceCd=110&Type=search", "url2": null }, "geometry": { "type": "Point", "coordinates": [ 139.1183201, 34.9011343 ] } },
{ "type": "Feature", "properties": { "内容": "訪問介護事業所　平和の杜【訪問介護】静岡県伊東市吉田８２５番地の1", "url": "https://www.kaigokensaku.mhlw.go.jp/22/index.php?action_kouhyou_detail_004_kani=true&JigyosyoCd=2270400548-00&ServiceCd=110&Type=search", "url2": "http://ｗｗｗ.jyuji.or.jp/ito_city/heiwa/" }, "geometry": { "type": "Point", "coordinates": [ 139.104610200000025, 34.9331066 ] } },
{ "type": "Feature", "properties": { "内容": "青空ヘルパーステーション【訪問介護】静岡県伊東市大原3丁目10－18五月荘202五月荘202", "url": "https://www.kaigokensaku.mhlw.go.jp/22/index.php?action_kouhyou_detail_004_kani=true&JigyosyoCd=2270401181-00&ServiceCd=110&Type=search", "url2": "なし" }, "geometry": { "type": "Point", "coordinates": [ 139.082368699999961, 34.9567287 ] } },
{ "type": "Feature", "properties": { "内容": "ケアセンターうばめがし伊東【訪問介護】静岡県伊東市八幡野１１０５番地３", "url": "https://www.kaigokensaku.mhlw.go.jp/22/index.php?action_kouhyou_detail_004_kani=true&JigyosyoCd=2270400803-00&ServiceCd=110&Type=search", "url2": "http://ubamegashi.biz" }, "geometry": { "type": "Point", "coordinates": [ 139.115888276799097, 34.889620884475121 ] } },
{ "type": "Feature", "properties": { "内容": "ニチイケアセンター　伊東【訪問介護】荻471-16ニチイケアセンター伊東", "url": "https://www.kaigokensaku.mhlw.go.jp/22/index.php?action_kouhyou_detail_004_kani=true&JigyosyoCd=2270400936-00&ServiceCd=110&Type=search", "url2": "http:www.nichiigakkan.co.jp" }, "geometry": { "type": "Point", "coordinates": [ 139.0920549, 34.9438358 ] } },
{ "type": "Feature", "properties": { "内容": "うさぎ薬局ヘルパーステーション【訪問介護】伊東市広野1丁目3番26号広野mcビル3F", "url": "https://www.kaigokensaku.mhlw.go.jp/22/index.php?action_kouhyou_detail_004_kani=true&JigyosyoCd=2270401355-00&ServiceCd=110&Type=search", "url2": "https://usagipharmacy.com/care/helper/" }, "geometry": { "type": "Point", "coordinates": [ 139.091218700000013, 34.9630709 ] } },
{ "type": "Feature", "properties": { "内容": "有限会社伊豆高原ファミリー介護センター【訪問介護】伊東市八幡野1248-13グランドマンション1F-S", "url": "https://www.kaigokensaku.mhlw.go.jp/22/index.php?action_kouhyou_detail_004_kani=true&JigyosyoCd=2270400126-00&ServiceCd=110&Type=search", "url2": null }, "geometry": { "type": "Point", "coordinates": [ 139.11055060000001, 34.8937307 ] } },
{ "type": "Feature", "properties": { "内容": "農協共済中伊豆リハビリテーションセンター伊東の丘ヘルパーステーション【訪問介護】静岡県伊東市岡1349-3", "url": "https://www.kaigokensaku.mhlw.go.jp/22/index.php?action_kouhyou_detail_004_kani=true&JigyosyoCd=2270400498-00&ServiceCd=110&Type=search", "url2": "http://www.janrc.or.jp" }, "geometry": { "type": "Point", "coordinates": [ 139.095043100000026, 34.951965800000011 ] } },
{ "type": "Feature", "properties": { "内容": "訪問介護事業所　つばさ【訪問介護】伊東市荻207－1", "url": "https://www.kaigokensaku.mhlw.go.jp/22/index.php?action_kouhyou_detail_004_kani=true&JigyosyoCd=2270400456-00&ServiceCd=110&Type=search", "url2": null }, "geometry": { "type": "Point", "coordinates": [ 139.123425, 34.9435086 ] } },
{ "type": "Feature", "properties": { "内容": "訪問介護　りりとねね【訪問介護】静岡県伊東猪戸1丁目8番8号", "url": "https://www.kaigokensaku.mhlw.go.jp/22/index.php?action_kouhyou_detail_004_kani=true&JigyosyoCd=2270401165-00&ServiceCd=110&Type=search", "url2": null }, "geometry": { "type": "Point", "coordinates": [ 139.092619, 34.9715778 ] } },
{ "type": "Feature", "properties": { "内容": "伊豆高原十字の園ホームヘルパーステーション【訪問介護】伊東市八幡野1028番地の4", "url": "https://www.kaigokensaku.mhlw.go.jp/22/index.php?action_kouhyou_detail_004_kani=true&JigyosyoCd=2270400068-00&ServiceCd=110&Type=search", "url2": "http://www.jyuji.or.jp./ito_city/izukougen/" }, "geometry": { "type": "Point", "coordinates": [ 139.11648260000004, 34.8752683 ] } },
{ "type": "Feature", "properties": { "内容": "安心ポラリス・ホットラインサービス指定訪問介護事業所【訪問介護】静岡県伊東市南町１丁目１番３３号", "url": "https://www.kaigokensaku.mhlw.go.jp/22/index.php?action_kouhyou_detail_004_kani=true&JigyosyoCd=2270400415-00&ServiceCd=110&Type=search", "url2": "https://www.anshin-polaris.jp" }, "geometry": { "type": "Point", "coordinates": [ 139.09033621904905, 34.958598700498257 ] } },
{ "type": "Feature", "properties": { "内容": "ふくだるま伊東【訪問介護】静岡県伊東市松原湯端町3-10", "url": "https://www.kaigokensaku.mhlw.go.jp/22/index.php?action_kouhyou_detail_004_kani=true&JigyosyoCd=2270401223-00&ServiceCd=110&Type=search", "url2": null }, "geometry": { "type": "Point", "coordinates": [ 139.091461699999968, 34.9727521 ] } },
{ "type": "Feature", "properties": { "内容": "伊豆介護センター【訪問介護】伊東市音無町5-6伊豆介護センター", "url": "https://www.kaigokensaku.mhlw.go.jp/22/index.php?action_kouhyou_detail_004_kani=true&JigyosyoCd=2270400019-00&ServiceCd=110&Type=search", "url2": "http://www.izukaigo.com/" }, "geometry": { "type": "Point", "coordinates": [ 139.095639500000061, 34.9654868 ] } },
{ "type": "Feature", "properties": { "内容": "ヘルパーステーション　ビオラ【訪問介護】静岡県伊東市岡1401‐4", "url": "https://www.kaigokensaku.mhlw.go.jp/22/index.php?action_kouhyou_detail_004_kani=true&JigyosyoCd=2270401199-00&ServiceCd=110&Type=search", "url2": "info@viola2018.co.jp" }, "geometry": { "type": "Point", "coordinates": [ 139.088619599999987, 34.9669252 ] } },
{ "type": "Feature", "properties": { "内容": "スマイル訪問介護事業所【訪問介護】静岡県伊東市宇佐美１１１０－３", "url": "https://www.kaigokensaku.mhlw.go.jp/22/index.php?action_kouhyou_detail_004_kani=true&JigyosyoCd=2270401124-00&ServiceCd=110&Type=search", "url2": null }, "geometry": { "type": "Point", "coordinates": [ 139.075581, 35.0120427 ] } },
{ "type": "Feature", "properties": { "内容": "とうぶへるぱーすてーしょん【訪問介護】静岡県伊東市吉田992-27", "url": "https://www.kaigokensaku.mhlw.go.jp/22/index.php?action_kouhyou_detail_004_kani=true&JigyosyoCd=2270401371-00&ServiceCd=110&Type=search", "url2": null }, "geometry": { "type": "Point", "coordinates": [ 139.1348606, 34.9281038 ] } },
{ "type": "Feature", "properties": { "内容": "社会福祉法人　伊東市社会福祉協議会　在宅ケアサービスセンター【訪問介護】伊東市大原一丁目７番１２号", "url": "https://www.kaigokensaku.mhlw.go.jp/22/index.php?action_kouhyou_detail_004_kani=true&JigyosyoCd=2270400035-00&ServiceCd=110&Type=search", "url2": "http://itosyakyo.sakura.ne.jp/" }, "geometry": { "type": "Point", "coordinates": [ 139.101583799999958, 34.9619986 ] } },
{ "type": "Feature", "properties": { "内容": "訪問介護ヘルパーステーションひまわり【訪問介護】静岡県伊東市富戸1301-660有料老人ホーム　ゆとりの里ひまわり", "url": "https://www.kaigokensaku.mhlw.go.jp/22/index.php?action_kouhyou_detail_004_kani=true&JigyosyoCd=2270400860-00&ServiceCd=110&Type=search", "url2": "http://care-net.biz/22/himawari/" }, "geometry": { "type": "Point", "coordinates": [ 139.139280871163919, 34.924676766351404 ] } },
{ "type": "Feature", "properties": { "内容": "ようき訪問介護事業所【訪問介護】伊東市鎌田２４０番地の３号", "url": "https://www.kaigokensaku.mhlw.go.jp/22/index.php?action_kouhyou_detail_004_kani=true&JigyosyoCd=2270400233-00&ServiceCd=110&Type=search", "url2": "http://www.youki-kaigotaxi81.jp/" }, "geometry": { "type": "Point", "coordinates": [ 139.085901700000022, 34.9576648 ] } },
{ "type": "Feature", "properties": { "内容": "訪問介護愛晃苑【訪問介護】静岡県伊東市玖須美元和田716-60住宅型有料老人ホーム愛晃苑殿山", "url": "https://www.kaigokensaku.mhlw.go.jp/22/index.php?action_kouhyou_detail_004_kani=true&JigyosyoCd=2270401140-00&ServiceCd=110&Type=search", "url2": "http://care-net.biz/22/aikouen/" }, "geometry": { "type": "Point", "coordinates": [ 139.113356228063907, 34.955426297087698 ] } },
{ "type": "Feature", "properties": { "内容": "ヘルパーステーション　ナースの森【訪問介護】静岡県伊東市渚町5番38号", "url": "https://www.kaigokensaku.mhlw.go.jp/22/index.php?action_kouhyou_detail_004_kani=true&JigyosyoCd=2270401173-00&ServiceCd=110&Type=search", "url2": "https://na-sunomori.jp" }, "geometry": { "type": "Point", "coordinates": [ 139.100580091993834, 34.971238183395997 ] } },
{ "type": "Feature", "properties": { "内容": "訪問介護ヘルスサポート【訪問介護】静岡県伊東市十足６０７－１９４松井アパート２０１", "url": "https://www.kaigokensaku.mhlw.go.jp/22/index.php?action_kouhyou_detail_004_kani=true&JigyosyoCd=2270401348-00&ServiceCd=110&Type=search", "url2": "https://r.goope.jp/health-support/" }, "geometry": { "type": "Point", "coordinates": [ 139.0983503, 34.9231792 ] } },
{ "type": "Feature", "properties": { "内容": "ケアひゅっかり【訪問介護】伊東市富戸1314-204", "url": "https://www.kaigokensaku.mhlw.go.jp/22/index.php?action_kouhyou_detail_004_kani=true&JigyosyoCd=2270400092-00&ServiceCd=110&Type=search", "url2": "https://hyukkari-co-jp.sakura.ne.jp/" }, "geometry": { "type": "Point", "coordinates": [ 139.1066356, 34.9182624 ] } },
{ "type": "Feature", "properties": { "内容": "あいぜん訪問介護しまだ【訪問介護】静岡県島田市東町1971-5", "url": "https://www.kaigokensaku.mhlw.go.jp/22/index.php?action_kouhyou_detail_004_kani=true&JigyosyoCd=2275401145-00&ServiceCd=110&Type=search", "url2": null }, "geometry": { "type": "Point", "coordinates": [ 138.214356435581948, 34.831817570428342 ] } },
{ "type": "Feature", "properties": { "内容": "あかね空ヘルパーステーション【訪問介護】静岡県島田市祇園町8626-24", "url": "https://www.kaigokensaku.mhlw.go.jp/22/index.php?action_kouhyou_detail_004_kani=true&JigyosyoCd=2275700041-00&ServiceCd=110&Type=search", "url2": "aozora-day@sirius.ocn.ne.jp" }, "geometry": { "type": "Point", "coordinates": [ 138.182779900000014, 34.8345608 ] } },
{ "type": "Feature", "properties": { "内容": "ヘルパーステーション　はばたき【訪問介護】静岡県島田市川根町家山4156-37", "url": "https://www.kaigokensaku.mhlw.go.jp/22/index.php?action_kouhyou_detail_004_kani=true&JigyosyoCd=2275700074-00&ServiceCd=110&Type=search", "url2": null }, "geometry": { "type": "Point", "coordinates": [ 138.0761834, 34.9358705 ] } },
{ "type": "Feature", "properties": { "内容": "One'sLifeヘルパーステーション【訪問介護】静岡県島田市東町2638-1", "url": "https://www.kaigokensaku.mhlw.go.jp/22/index.php?action_kouhyou_detail_004_kani=true&JigyosyoCd=2275400931-00&ServiceCd=110&Type=search", "url2": "https://www.ops2016.com/" }, "geometry": { "type": "Point", "coordinates": [ 138.217866057738689, 34.834031654026575 ] } },
{ "type": "Feature", "properties": { "内容": "島田市社会福祉協議会　指定訪問介護事業所かわね【訪問介護】島田市川根町身成3100番地", "url": "https://www.kaigokensaku.mhlw.go.jp/22/index.php?action_kouhyou_detail_004_kani=true&JigyosyoCd=2275400402-00&ServiceCd=110&Type=search", "url2": "http://www.shimada-shakyo.jp" }, "geometry": { "type": "Point", "coordinates": [ 138.086652400000048, 34.938716 ] } },
{ "type": "Feature", "properties": { "内容": "アクア島田　訪問介護【訪問介護】本通6丁目7819-1", "url": "https://www.kaigokensaku.mhlw.go.jp/22/index.php?action_kouhyou_detail_004_kani=true&JigyosyoCd=2275400998-00&ServiceCd=110&Type=search", "url2": null }, "geometry": { "type": "Point", "coordinates": [ 138.1800422, 34.8321549 ] } },
{ "type": "Feature", "properties": { "内容": "ニチイケアセンター島田【訪問介護】静岡県島田市本通6-2-7松田貸店舗１階東側", "url": "https://www.kaigokensaku.mhlw.go.jp/22/index.php?action_kouhyou_detail_004_kani=true&JigyosyoCd=2275400576-00&ServiceCd=110&Type=search", "url2": "www.nichiigakkan.co.jp" }, "geometry": { "type": "Point", "coordinates": [ 138.179115700000011, 34.832664 ] } },
{ "type": "Feature", "properties": { "内容": "ニチイケアｾﾝﾀｰ金谷【訪問介護】静岡県島田市金谷清水1752-29", "url": "https://www.kaigokensaku.mhlw.go.jp/22/index.php?action_kouhyou_detail_004_kani=true&JigyosyoCd=2275400600-00&ServiceCd=110&Type=search", "url2": null }, "geometry": { "type": "Point", "coordinates": [ 138.133055300000024, 34.8235631 ] } },
{ "type": "Feature", "properties": { "内容": "ニチイケアセンター初倉【訪問介護】島田市阪本1447-5", "url": "https://www.kaigokensaku.mhlw.go.jp/22/index.php?action_kouhyou_detail_004_kani=true&JigyosyoCd=2275401012-00&ServiceCd=110&Type=search", "url2": "http：//www.nichiigakkan.co.jp" }, "geometry": { "type": "Point", "coordinates": [ 138.2196272, 34.8069647 ] } },
{ "type": "Feature", "properties": { "内容": "ほっと介護みのり島田センター【訪問介護】島田市本通4丁目5-2", "url": "https://www.kaigokensaku.mhlw.go.jp/22/index.php?action_kouhyou_detail_004_kani=true&JigyosyoCd=2275400352-00&ServiceCd=110&Type=search", "url2": "http://www.kaigo-minori.com/" }, "geometry": { "type": "Point", "coordinates": [ 138.17690011097568, 34.832517421424917 ] } },
{ "type": "Feature", "properties": { "内容": "ホームヘルプサービスアポロン【訪問介護】静岡県島田市中溝町１７１４－１", "url": "https://www.kaigokensaku.mhlw.go.jp/22/index.php?action_kouhyou_detail_004_kani=true&JigyosyoCd=2255480010-00&ServiceCd=110&Type=search", "url2": "https://www.apolon-shizuoka.com/" }, "geometry": { "type": "Point", "coordinates": [ 138.170983400000068, 34.8404352 ] } },
{ "type": "Feature", "properties": { "内容": "まごころ介護サービス島田【訪問介護】島田市中溝町５８０", "url": "https://www.kaigokensaku.mhlw.go.jp/22/index.php?action_kouhyou_detail_004_kani=true&JigyosyoCd=2275400154-00&ServiceCd=110&Type=search", "url2": "http://www.magokorokaigo.com" }, "geometry": { "type": "Point", "coordinates": [ 138.160256900000036, 34.8444319 ] } },
{ "type": "Feature", "properties": { "内容": "アースケアステーション島田【訪問介護】静岡県島田市向谷２丁目6－９アースヴィレッジ島田", "url": "https://www.kaigokensaku.mhlw.go.jp/22/index.php?action_kouhyou_detail_004_kani=true&JigyosyoCd=2275400428-00&ServiceCd=110&Type=search", "url2": "http://www.earth-group.co.jp" }, "geometry": { "type": "Point", "coordinates": [ 138.149076884200326, 34.840678455024047 ] } },
{ "type": "Feature", "properties": { "内容": "夢コープ中部事業所【訪問介護】島田市宮川町2482-1", "url": "https://www.kaigokensaku.mhlw.go.jp/22/index.php?action_kouhyou_detail_004_kani=true&JigyosyoCd=2275400113-00&ServiceCd=110&Type=search", "url2": "https://yumecoop.com" }, "geometry": { "type": "Point", "coordinates": [ 138.166797699999961, 34.8360914 ] } },
{ "type": "Feature", "properties": { "内容": "セントケア島田【訪問介護】静岡県島田市本通3丁目5-1アヴェニュー1F", "url": "https://www.kaigokensaku.mhlw.go.jp/22/index.php?action_kouhyou_detail_004_kani=true&JigyosyoCd=2275401160-00&ServiceCd=110&Type=search", "url2": null }, "geometry": { "type": "Point", "coordinates": [ 138.1756164, 34.8330518 ] } },
{ "type": "Feature", "properties": { "内容": "ケア　アシスト訪問介護事業所【訪問介護】静岡県島田市阪本1444あけぼの館５階", "url": "https://www.kaigokensaku.mhlw.go.jp/22/index.php?action_kouhyou_detail_004_kani=true&JigyosyoCd=2275401087-00&ServiceCd=110&Type=search", "url2": null }, "geometry": { "type": "Point", "coordinates": [ 138.2199431, 34.8062496 ] } },
{ "type": "Feature", "properties": { "内容": "ツクイ島田御仮屋【訪問介護】御仮屋町7427-1", "url": "https://www.kaigokensaku.mhlw.go.jp/22/index.php?action_kouhyou_detail_004_kani=true&JigyosyoCd=2275401079-00&ServiceCd=110&Type=search", "url2": "http://www.tsukui.net" }, "geometry": { "type": "Point", "coordinates": [ 138.194628311972821, 34.835311756679786 ] } },
{ "type": "Feature", "properties": { "内容": "訪問介護ステーションはばたき【訪問介護】東町14-1", "url": "https://www.kaigokensaku.mhlw.go.jp/22/index.php?action_kouhyou_detail_004_kani=true&JigyosyoCd=2275700025-00&ServiceCd=110&Type=search", "url2": null }, "geometry": { "type": "Point", "coordinates": [ 139.6369836, 35.4172024 ] } },
{ "type": "Feature", "properties": { "内容": "訪問介護ステーション　からふるサポート島田【訪問介護】静岡県島田市河原二丁目11番8号", "url": "https://www.kaigokensaku.mhlw.go.jp/22/index.php?action_kouhyou_detail_004_kani=true&JigyosyoCd=2275700082-00&ServiceCd=110&Type=search", "url2": null }, "geometry": { "type": "Point", "coordinates": [ 138.155326545238495, 34.833151800000024 ] } },
{ "type": "Feature", "properties": { "内容": "訪問介護事業所　なちゅーる【訪問介護】静岡県富士市森島133-1", "url": "https://www.kaigokensaku.mhlw.go.jp/22/index.php?action_kouhyou_detail_004_kani=true&JigyosyoCd=2272302874-00&ServiceCd=110&Type=search", "url2": "https:nature2017.com/73821/" }, "geometry": { "type": "Point", "coordinates": [ 138.641369599999962, 35.1451209 ] } },
{ "type": "Feature", "properties": { "内容": "一般社団法人TASUKERUFUJIYAMA訪問介護にじいろ【訪問介護】静岡県富士市天間732-2", "url": "https://www.kaigokensaku.mhlw.go.jp/22/index.php?action_kouhyou_detail_004_kani=true&JigyosyoCd=2272302858-00&ServiceCd=110&Type=search", "url2": "http://r.goope.jp/tasukeru/" }, "geometry": { "type": "Point", "coordinates": [ 138.633583120237745, 35.205689151211764 ] } },
{ "type": "Feature", "properties": { "内容": "ヘルパーステイション向日葵【訪問介護】静岡県富士市厚原５１０－１", "url": "https://www.kaigokensaku.mhlw.go.jp/22/index.php?action_kouhyou_detail_004_kani=true&JigyosyoCd=2272303328-00&ServiceCd=110&Type=search", "url2": null }, "geometry": { "type": "Point", "coordinates": [ 138.6628699, 35.1839456 ] } },
{ "type": "Feature", "properties": { "内容": "訪問介護ステーションいちじく【訪問介護】静岡県富士市新橋町３−７", "url": "https://www.kaigokensaku.mhlw.go.jp/22/index.php?action_kouhyou_detail_004_kani=true&JigyosyoCd=2272303492-00&ServiceCd=110&Type=search", "url2": "https://www.foplus.jp/" }, "geometry": { "type": "Point", "coordinates": [ 138.6975653, 35.1616987 ] } },
{ "type": "Feature", "properties": { "内容": "ヘルパーステーション　たいよう【訪問介護】静岡県富士市今泉2189-1", "url": "https://www.kaigokensaku.mhlw.go.jp/22/index.php?action_kouhyou_detail_004_kani=true&JigyosyoCd=2272302445-00&ServiceCd=110&Type=search", "url2": null }, "geometry": { "type": "Point", "coordinates": [ 138.685306515344223, 35.171460550477398 ] } },
{ "type": "Feature", "properties": { "内容": "訪問介護事業所CTY【訪問介護】静岡県富士市今泉9丁目7-14スカイハイム緑ヶ丘B　102号室", "url": "https://www.kaigokensaku.mhlw.go.jp/22/index.php?action_kouhyou_detail_004_kani=true&JigyosyoCd=2272303500-00&ServiceCd=110&Type=search", "url2": null }, "geometry": { "type": "Point", "coordinates": [ 138.6848762, 35.170145 ] } },
{ "type": "Feature", "properties": { "内容": "訪問介護グレイスケア【訪問介護】静岡県富士市森下７－１", "url": "https://www.kaigokensaku.mhlw.go.jp/22/index.php?action_kouhyou_detail_004_kani=true&JigyosyoCd=2272302296-00&ServiceCd=110&Type=search", "url2": "http://www.grace-fuji.com/" }, "geometry": { "type": "Point", "coordinates": [ 138.642638154631101, 35.139951962116911 ] } },
{ "type": "Feature", "properties": { "内容": "ドット３６５富士（訪問介護）【訪問介護】静岡県富士市青島町195番地の3グレース富士202", "url": "https://www.kaigokensaku.mhlw.go.jp/22/index.php?action_kouhyou_detail_004_kani=true&JigyosyoCd=2271103554-00&ServiceCd=110&Type=search", "url2": "https://pj.dotline-jp.com/kibou/" }, "geometry": { "type": "Point", "coordinates": [ 138.775326191401689, 35.148581837211083 ] } },
{ "type": "Feature", "properties": { "内容": "訪問介護ひかり【訪問介護】上横割184番地の3ニュープラザ横割2階A", "url": "https://www.kaigokensaku.mhlw.go.jp/22/index.php?action_kouhyou_detail_004_kani=true&JigyosyoCd=2272302890-00&ServiceCd=110&Type=search", "url2": "http://houmonkaigo-hikari.com" }, "geometry": { "type": "Point", "coordinates": [ 138.6544136, 35.1441588 ] } },
{ "type": "Feature", "properties": { "内容": "セントケア　富士【訪問介護】富士市永田町1-91　鈴木ビル1F", "url": "https://www.kaigokensaku.mhlw.go.jp/22/index.php?action_kouhyou_detail_004_kani=true&JigyosyoCd=2272301405-00&ServiceCd=110&Type=search", "url2": "https://saint-care-chubu.com/" }, "geometry": { "type": "Point", "coordinates": [ 138.67713930000005, 35.1622651 ] } },
{ "type": "Feature", "properties": { "内容": "介護センターつばめ【訪問介護】静岡県富士市川成新町250", "url": "https://www.kaigokensaku.mhlw.go.jp/22/index.php?action_kouhyou_detail_004_kani=true&JigyosyoCd=2272301520-00&ServiceCd=110&Type=search", "url2": "http://web.thn.jp/ikebeclinic/cas/index.html" }, "geometry": { "type": "Point", "coordinates": [ 138.663888098008783, 35.133614925624862 ] } },
{ "type": "Feature", "properties": { "内容": "夢コープ富士事業所【訪問介護】富士市宮島４４１－１ラムール1F", "url": "https://www.kaigokensaku.mhlw.go.jp/22/index.php?action_kouhyou_detail_004_kani=true&JigyosyoCd=2272300449-00&ServiceCd=110&Type=search", "url2": "http://www.yumecoop.jp/" }, "geometry": { "type": "Point", "coordinates": [ 138.658196399999952, 35.1417991 ] } },
{ "type": "Feature", "properties": { "内容": "ニチイケアセンター富士みなみ【訪問介護】静岡県富士市川成島811", "url": "https://www.kaigokensaku.mhlw.go.jp/22/index.php?action_kouhyou_detail_004_kani=true&JigyosyoCd=2272303161-00&ServiceCd=110&Type=search", "url2": "http://www.nichiigakkan.co.jp" }, "geometry": { "type": "Point", "coordinates": [ 138.6620354, 35.137317899999985 ] } },
{ "type": "Feature", "properties": { "内容": "ニチイケアセンター　岳南富士【訪問介護】富士市荒田島町9-8　アイハイム101", "url": "https://www.kaigokensaku.mhlw.go.jp/22/index.php?action_kouhyou_detail_004_kani=true&JigyosyoCd=2272301033-00&ServiceCd=110&Type=search", "url2": "http://www.nichiigakkan.co.jp" }, "geometry": { "type": "Point", "coordinates": [ 138.687093299999987, 35.158457 ] } },
{ "type": "Feature", "properties": { "内容": "訪問介護事業所コンパス【訪問介護】静岡県富士市加島町9-17フェリックス富士１F", "url": "https://www.kaigokensaku.mhlw.go.jp/22/index.php?action_kouhyou_detail_004_kani=true&JigyosyoCd=2272303120-00&ServiceCd=110&Type=search", "url2": "https://soleil-fuji.co.jp/" }, "geometry": { "type": "Point", "coordinates": [ 138.650228762344312, 35.159169862981706 ] } },
{ "type": "Feature", "properties": { "内容": "ヘルパーステーション華ごころ【訪問介護】富士市石坂160番22", "url": "https://www.kaigokensaku.mhlw.go.jp/22/index.php?action_kouhyou_detail_004_kani=true&JigyosyoCd=2272302171-00&ServiceCd=110&Type=search", "url2": null }, "geometry": { "type": "Point", "coordinates": [ 138.680193659011024, 35.179929231080123 ] } },
{ "type": "Feature", "properties": { "内容": "わくわく訪問介護ステーション富士【訪問介護】静岡県富士市中丸５１９－２コスモビレッジⅢ　１０３", "url": "https://www.kaigokensaku.mhlw.go.jp/22/index.php?action_kouhyou_detail_004_kani=true&JigyosyoCd=2272301728-00&ServiceCd=110&Type=search", "url2": null }, "geometry": { "type": "Point", "coordinates": [ 138.671699426303093, 35.133499394533501 ] } },
{ "type": "Feature", "properties": { "内容": "ニチイケアセンター　富士川【訪問介護】静岡県富士市柚木２０３－１鳥居事務所1Ｆ", "url": "https://www.kaigokensaku.mhlw.go.jp/22/index.php?action_kouhyou_detail_004_kani=true&JigyosyoCd=2272301868-00&ServiceCd=110&Type=search", "url2": "http://www.nichiigakkan.co.jp" }, "geometry": { "type": "Point", "coordinates": [ 138.640393802446766, 35.157916821334993 ] } },
{ "type": "Feature", "properties": { "内容": "ニチイケアセンター広見【訪問介護】静岡県富士市広見本町4-8", "url": "https://www.kaigokensaku.mhlw.go.jp/22/index.php?action_kouhyou_detail_004_kani=true&JigyosyoCd=2272303070-00&ServiceCd=110&Type=search", "url2": null }, "geometry": { "type": "Point", "coordinates": [ 138.686499700000013, 35.1862692 ] } },
{ "type": "Feature", "properties": { "内容": "ヘルパーステーションはーとらいふ富士【訪問介護】松岡1144-2-4", "url": "https://www.kaigokensaku.mhlw.go.jp/22/index.php?action_kouhyou_detail_004_kani=true&JigyosyoCd=2272303104-00&ServiceCd=110&Type=search", "url2": "https:www.re-serve.net" }, "geometry": { "type": "Point", "coordinates": [ 138.6412116, 35.156482 ] } },
{ "type": "Feature", "properties": { "内容": "アクア富士　訪問介護【訪問介護】静岡県富士市厚原字大石2118-3アクアホーム富士厚原", "url": "https://www.kaigokensaku.mhlw.go.jp/22/index.php?action_kouhyou_detail_004_kani=true&JigyosyoCd=2272303252-00&ServiceCd=110&Type=search", "url2": null }, "geometry": { "type": "Point", "coordinates": [ 138.6614478, 35.1922333 ] } },
{ "type": "Feature", "properties": { "内容": "ほっと介護サービス【訪問介護】静岡県富士市松岡１１２２番1-1", "url": "https://www.kaigokensaku.mhlw.go.jp/22/index.php?action_kouhyou_detail_004_kani=true&JigyosyoCd=2272301975-00&ServiceCd=110&Type=search", "url2": null }, "geometry": { "type": "Point", "coordinates": [ 138.639222089549321, 35.155923000685334 ] } },
{ "type": "Feature", "properties": { "内容": "アクア富士片宿訪問介護【訪問介護】静岡県富士市厚原字溝上476番7アクアホーム富士片宿", "url": "https://www.kaigokensaku.mhlw.go.jp/22/index.php?action_kouhyou_detail_004_kani=true&JigyosyoCd=2272303443-00&ServiceCd=110&Type=search", "url2": null }, "geometry": { "type": "Point", "coordinates": [ 138.6614478, 35.1922333 ] } },
{ "type": "Feature", "properties": { "内容": "ヘルパーステーション絆【訪問介護】静岡県富士市一色196-8", "url": "https://www.kaigokensaku.mhlw.go.jp/22/index.php?action_kouhyou_detail_004_kani=true&JigyosyoCd=2272302403-00&ServiceCd=110&Type=search", "url2": null }, "geometry": { "type": "Point", "coordinates": [ 138.692672845938858, 35.185831556196142 ] } },
{ "type": "Feature", "properties": { "内容": "訪問介護ステーション　ひまわり【訪問介護】静岡県富士市中里2546-7", "url": "https://www.kaigokensaku.mhlw.go.jp/22/index.php?action_kouhyou_detail_004_kani=true&JigyosyoCd=2272302502-00&ServiceCd=110&Type=search", "url2": null }, "geometry": { "type": "Point", "coordinates": [ 138.747577663615431, 35.137814045582985 ] } },
{ "type": "Feature", "properties": { "内容": "有限会社　吉原介護センター【訪問介護】富士市伝法６５７－１", "url": "https://www.kaigokensaku.mhlw.go.jp/22/index.php?action_kouhyou_detail_004_kani=true&JigyosyoCd=2272300043-00&ServiceCd=110&Type=search", "url2": "http://yoshiwara-kaigo.jp/" }, "geometry": { "type": "Point", "coordinates": [ 138.670278599999961, 35.1858677 ] } },
{ "type": "Feature", "properties": { "内容": "ニチイケアセンター富士【訪問介護】富士市厚原字八笠1976番地の4", "url": "https://www.kaigokensaku.mhlw.go.jp/22/index.php?action_kouhyou_detail_004_kani=true&JigyosyoCd=2272300308-00&ServiceCd=110&Type=search", "url2": "http://www.nichiigakkan.co.jp" }, "geometry": { "type": "Point", "coordinates": [ 138.662427100000059, 35.1921038 ] } },
{ "type": "Feature", "properties": { "内容": "医心館訪問介護ステーション富士【訪問介護】静岡県富士市中島字竪堀北82-1", "url": "https://www.kaigokensaku.mhlw.go.jp/22/index.php?action_kouhyou_detail_004_kani=true&JigyosyoCd=2272303369-00&ServiceCd=110&Type=search", "url2": null }, "geometry": { "type": "Point", "coordinates": [ 138.646035399999988, 35.1680598 ] } },
{ "type": "Feature", "properties": { "内容": "ヒューマンヒルズ吉原訪問介護【訪問介護】静岡県富士市吉原4丁目7番15号", "url": "https://www.kaigokensaku.mhlw.go.jp/22/index.php?action_kouhyou_detail_004_kani=true&JigyosyoCd=2272303013-00&ServiceCd=110&Type=search", "url2": "http://fmc-hh.co.jp" }, "geometry": { "type": "Point", "coordinates": [ 138.682016299999987, 35.1642113 ] } },
{ "type": "Feature", "properties": { "内容": "訪問介護　ベル【訪問介護】富士市厚原1143-2むつみマンション100号室", "url": "https://www.kaigokensaku.mhlw.go.jp/22/index.php?action_kouhyou_detail_004_kani=true&JigyosyoCd=2272301710-00&ServiceCd=110&Type=search", "url2": null }, "geometry": { "type": "Point", "coordinates": [ 138.663970899999981, 35.1876786 ] } },
{ "type": "Feature", "properties": { "内容": "クローバー【訪問介護】静岡県富士市久沢247番地の1住宅型有料老人ホーム　クローバーライフ富士", "url": "https://www.kaigokensaku.mhlw.go.jp/22/index.php?action_kouhyou_detail_004_kani=true&JigyosyoCd=2272302841-00&ServiceCd=110&Type=search", "url2": "https://www.sunlife.jp/clover/fuji/" }, "geometry": { "type": "Point", "coordinates": [ 138.649694400000044, 35.1867369 ] } },
{ "type": "Feature", "properties": { "内容": "訪問介護ステーションゆず【訪問介護】川成新町365番地の5", "url": "https://www.kaigokensaku.mhlw.go.jp/22/index.php?action_kouhyou_detail_004_kani=true&JigyosyoCd=2272302411-00&ServiceCd=110&Type=search", "url2": "grantec@cy.tnc.ne.jp" }, "geometry": { "type": "Point", "coordinates": [ 138.664648832275475, 35.132750787253734 ] } },
{ "type": "Feature", "properties": { "内容": "きらら富士ヘルパーセンター【訪問介護】静岡県富士市一色258-47", "url": "https://www.kaigokensaku.mhlw.go.jp/22/index.php?action_kouhyou_detail_004_kani=true&JigyosyoCd=2272301488-00&ServiceCd=110&Type=search", "url2": "http:www.kenminkouseikai.net" }, "geometry": { "type": "Point", "coordinates": [ 138.695098, 35.1904757 ] } },
{ "type": "Feature", "properties": { "内容": "介護サービス　みち【訪問介護】静岡県富士市吉原5-9-10", "url": "https://www.kaigokensaku.mhlw.go.jp/22/index.php?action_kouhyou_detail_004_kani=true&JigyosyoCd=2272301884-00&ServiceCd=110&Type=search", "url2": null }, "geometry": { "type": "Point", "coordinates": [ 138.6805779, 35.1671117 ] } },
{ "type": "Feature", "properties": { "内容": "オアシスホームヘルプサービス【訪問介護】富士市比奈字一町六反１５９番２１", "url": "https://www.kaigokensaku.mhlw.go.jp/22/index.php?action_kouhyou_detail_004_kani=true&JigyosyoCd=2272300035-00&ServiceCd=110&Type=search", "url2": "http://care-net.biz/22/wakaba/" }, "geometry": { "type": "Point", "coordinates": [ 138.72168791044237, 35.164265839004926 ] } },
{ "type": "Feature", "properties": { "内容": "訪問介護本舗ふじ【訪問介護】静岡県富士市松岡1545-1クリエートハイム松岡　202", "url": "https://www.kaigokensaku.mhlw.go.jp/22/index.php?action_kouhyou_detail_004_kani=true&JigyosyoCd=2272303112-00&ServiceCd=110&Type=search", "url2": ":http://dayservicehonpo.jp/houmonfuji/" }, "geometry": { "type": "Point", "coordinates": [ 138.636205600000011, 35.154449 ] } },
{ "type": "Feature", "properties": { "内容": "五幸ケアサービス富士【訪問介護】静岡県富士市永田北町3－25相田ビル202号", "url": "https://www.kaigokensaku.mhlw.go.jp/22/index.php?action_kouhyou_detail_004_kani=true&JigyosyoCd=2272302387-00&ServiceCd=110&Type=search", "url2": "http://www.gokou-totalservice.co.jp" }, "geometry": { "type": "Point", "coordinates": [ 138.678033699999986, 35.1636565 ] } },
{ "type": "Feature", "properties": { "内容": "訪問介護　松栄堂【訪問介護】静岡県富士市吉原１丁目５番２８号", "url": "https://www.kaigokensaku.mhlw.go.jp/22/index.php?action_kouhyou_detail_004_kani=true&JigyosyoCd=2272303542-00&ServiceCd=110&Type=search", "url2": "しょうps://shoeido-fuji.com" }, "geometry": { "type": "Point", "coordinates": [ 138.690915499999988, 35.1608275 ] } },
{ "type": "Feature", "properties": { "内容": "松岡ケアセンター【訪問介護】静岡県富士市松岡1189‐1", "url": "https://www.kaigokensaku.mhlw.go.jp/22/index.php?action_kouhyou_detail_004_kani=true&JigyosyoCd=2272302882-00&ServiceCd=110&Type=search", "url2": null }, "geometry": { "type": "Point", "coordinates": [ 138.642036599999983, 35.1546739 ] } },
{ "type": "Feature", "properties": { "内容": "株式会社ふたがしら　Growth【訪問介護】静岡県富士市国久保1丁目4-35ピュアコーポB105号", "url": "https://www.kaigokensaku.mhlw.go.jp/22/index.php?action_kouhyou_detail_004_kani=true&JigyosyoCd=2272303559-00&ServiceCd=110&Type=search", "url2": "https://futagashira.com" }, "geometry": { "type": "Point", "coordinates": [ 138.6837869, 35.1691806 ] } },
{ "type": "Feature", "properties": { "内容": "すまいる訪問介護リハビリステーション【訪問介護】静岡県富士市", "url": "https://www.kaigokensaku.mhlw.go.jp/22/index.php?action_kouhyou_detail_004_kani=true&JigyosyoCd=2272303567-00&ServiceCd=110&Type=search", "url2": null }, "geometry": { "type": "Point", "coordinates": [ 138.683486499999987, 35.165086 ] } },
{ "type": "Feature", "properties": { "内容": "訪問介護事業所はぴねす【訪問介護】静岡県富士市松岡1806-324", "url": "https://www.kaigokensaku.mhlw.go.jp/22/index.php?action_kouhyou_detail_004_kani=true&JigyosyoCd=2272303260-00&ServiceCd=110&Type=search", "url2": "https://www.d-liberty.jp/" }, "geometry": { "type": "Point", "coordinates": [ 138.628998931213374, 35.15135647585759 ] } },
{ "type": "Feature", "properties": { "内容": "有限会社　いき粋ケアーステーション【訪問介護】富士市伝法2987番地の5", "url": "https://www.kaigokensaku.mhlw.go.jp/22/index.php?action_kouhyou_detail_004_kani=true&JigyosyoCd=2272300811-00&ServiceCd=110&Type=search", "url2": "iki.iki.suzuki0830@gmail.com" }, "geometry": { "type": "Point", "coordinates": [ 138.6745118, 35.1688726 ] } },
{ "type": "Feature", "properties": { "内容": "やすらぎの郷見付ヘルパーステーション【訪問介護】静岡県磐田市見付１９０３－４", "url": "https://www.kaigokensaku.mhlw.go.jp/22/index.php?action_kouhyou_detail_004_kani=true&JigyosyoCd=2276900962-00&ServiceCd=110&Type=search", "url2": "https://sanko-mokuzai.jp/care/" }, "geometry": { "type": "Point", "coordinates": [ 137.859928462734956, 34.73484888641012 ] } },
{ "type": "Feature", "properties": { "内容": "訪問介護オリーブ【訪問介護】大久保734-70", "url": "https://www.kaigokensaku.mhlw.go.jp/22/index.php?action_kouhyou_detail_004_kani=true&JigyosyoCd=2276901325-00&ServiceCd=110&Type=search", "url2": null }, "geometry": { "type": "Point", "coordinates": [ 139.7051782, 35.703991 ] } },
{ "type": "Feature", "properties": { "内容": "訪問介護　齋藤【訪問介護】磐田市高木180番地5", "url": "https://www.kaigokensaku.mhlw.go.jp/22/index.php?action_kouhyou_detail_004_kani=true&JigyosyoCd=2276900103-00&ServiceCd=110&Type=search", "url2": null }, "geometry": { "type": "Point", "coordinates": [ 137.8088573, 34.6963819 ] } },
{ "type": "Feature", "properties": { "内容": "アクア磐田訪問介護【訪問介護】静岡県磐田市豊田727番地1", "url": "https://www.kaigokensaku.mhlw.go.jp/22/index.php?action_kouhyou_detail_004_kani=true&JigyosyoCd=2276901234-00&ServiceCd=110&Type=search", "url2": null }, "geometry": { "type": "Point", "coordinates": [ 137.821487511053448, 34.742688260659527 ] } },
{ "type": "Feature", "properties": { "内容": "ニチイケアセンター磐田【訪問介護】磐田市富丘916-1", "url": "https://www.kaigokensaku.mhlw.go.jp/22/index.php?action_kouhyou_detail_004_kani=true&JigyosyoCd=2276600224-00&ServiceCd=110&Type=search", "url2": "http://www.nichiigakkann.co.jp" }, "geometry": { "type": "Point", "coordinates": [ 137.848315899999989, 34.7328318 ] } },
{ "type": "Feature", "properties": { "内容": "ふじがおか訪問介護センター【訪問介護】静岡県磐田市見付2337-1ふじがおか見付連理枝", "url": "https://www.kaigokensaku.mhlw.go.jp/22/index.php?action_kouhyou_detail_004_kani=true&JigyosyoCd=2276900731-00&ServiceCd=110&Type=search", "url2": "http://ｗｗｗ.fujigaoka-service.jp" }, "geometry": { "type": "Point", "coordinates": [ 137.857270699999958, 34.7311434 ] } },
{ "type": "Feature", "properties": { "内容": "在宅介護センターアイケア磐田【訪問介護】磐田市大久保891-43", "url": "https://www.kaigokensaku.mhlw.go.jp/22/index.php?action_kouhyou_detail_004_kani=true&JigyosyoCd=2276700057-00&ServiceCd=110&Type=search", "url2": null }, "geometry": { "type": "Point", "coordinates": [ 137.855385028691245, 34.758773849141981 ] } },
{ "type": "Feature", "properties": { "内容": "白寿園ホームヘルプサービス【訪問介護】磐田市掛塚３１６０－１", "url": "https://www.kaigokensaku.mhlw.go.jp/22/index.php?action_kouhyou_detail_004_kani=true&JigyosyoCd=2276600166-00&ServiceCd=110&Type=search", "url2": "http://www.hakuju.jp" }, "geometry": { "type": "Point", "coordinates": [ 137.803968928836099, 34.66391926123606 ] } },
{ "type": "Feature", "properties": { "内容": "訪問介護ステーション　ハニーサックル磐田【訪問介護】静岡県磐田市国府台64-1", "url": "https://www.kaigokensaku.mhlw.go.jp/22/index.php?action_kouhyou_detail_004_kani=true&JigyosyoCd=2276901283-00&ServiceCd=110&Type=search", "url2": "https://www.ruhrend.jp/" }, "geometry": { "type": "Point", "coordinates": [ 137.8475344, 34.7235799 ] } },
{ "type": "Feature", "properties": { "内容": "梅香の里ヘルパーステーション【訪問介護】磐田市下野部363-1介護老人福祉施設　梅香の里", "url": "https://www.kaigokensaku.mhlw.go.jp/22/index.php?action_kouhyou_detail_004_kani=true&JigyosyoCd=2276900186-00&ServiceCd=110&Type=search", "url2": "https://www.hashoukai.or.jp/" }, "geometry": { "type": "Point", "coordinates": [ 137.8465182, 34.8348574 ] } },
{ "type": "Feature", "properties": { "内容": "豊仙苑訪問介護センター【訪問介護】磐田市敷地83番地9", "url": "https://www.kaigokensaku.mhlw.go.jp/22/index.php?action_kouhyou_detail_004_kani=true&JigyosyoCd=2276600075-00&ServiceCd=110&Type=search", "url2": "http://www.housenen.ocn.ne.jp" }, "geometry": { "type": "Point", "coordinates": [ 137.8617921, 34.8217719 ] } },
{ "type": "Feature", "properties": { "内容": "遠州の園ホームヘルプサービス【訪問介護】磐田市大久保５２２－１", "url": "https://www.kaigokensaku.mhlw.go.jp/22/index.php?action_kouhyou_detail_004_kani=true&JigyosyoCd=2276700032-00&ServiceCd=110&Type=search", "url2": "http://www.tohtoumi-kouseien.or.jp" }, "geometry": { "type": "Point", "coordinates": [ 137.853311599999984, 34.7676777 ] } },
{ "type": "Feature", "properties": { "内容": "あおぞら訪問介護事業所【訪問介護】磐田市見付542-2", "url": "https://www.kaigokensaku.mhlw.go.jp/22/index.php?action_kouhyou_detail_004_kani=true&JigyosyoCd=2276900251-00&ServiceCd=110&Type=search", "url2": null }, "geometry": { "type": "Point", "coordinates": [ 137.867720520901457, 34.728450423326237 ] } },
{ "type": "Feature", "properties": { "内容": "訪問介護サービスさわらび【訪問介護】磐田市西貝塚557‐5", "url": "https://www.kaigokensaku.mhlw.go.jp/22/index.php?action_kouhyou_detail_004_kani=true&JigyosyoCd=2276700149-00&ServiceCd=110&Type=search", "url2": null }, "geometry": { "type": "Point", "coordinates": [ 137.86516789999996, 34.7088912 ] } },
{ "type": "Feature", "properties": { "内容": "山村訪問介護【訪問介護】磐田市中泉１０２１番地2", "url": "https://www.kaigokensaku.mhlw.go.jp/22/index.php?action_kouhyou_detail_004_kani=true&JigyosyoCd=2276900566-00&ServiceCd=110&Type=search", "url2": "http://yamamura-kaigo.com" }, "geometry": { "type": "Point", "coordinates": [ 137.849249800000052, 34.7115154 ] } },
{ "type": "Feature", "properties": { "内容": "セントケア富士見【訪問介護】磐田市見付富士見町439-1", "url": "https://www.kaigokensaku.mhlw.go.jp/22/index.php?action_kouhyou_detail_004_kani=true&JigyosyoCd=2277200149-00&ServiceCd=110&Type=search", "url2": null }, "geometry": { "type": "Point", "coordinates": [ 137.865417100000059, 34.7283829 ] } },
{ "type": "Feature", "properties": { "内容": "ニチイケアセンター上岡田【訪問介護】上岡田275-6ネリネ201", "url": "https://www.kaigokensaku.mhlw.go.jp/22/index.php?action_kouhyou_detail_004_kani=true&JigyosyoCd=2276901127-00&ServiceCd=110&Type=search", "url2": "http://www.nichiigakkan.co.jp" }, "geometry": { "type": "Point", "coordinates": [ 137.84694490000004, 34.6973421 ] } },
{ "type": "Feature", "properties": { "内容": "訪問介護　まあるい輪【訪問介護】三ケ名１２７８番地の３", "url": "https://www.kaigokensaku.mhlw.go.jp/22/index.php?action_kouhyou_detail_004_kani=true&JigyosyoCd=2275101034-00&ServiceCd=110&Type=search", "url2": "maruiwa100@ｒｘ.ｔｎｃ.ｎe.ｊｐ" }, "geometry": { "type": "Point", "coordinates": [ 138.302522899999985, 34.8607545 ] } },
{ "type": "Feature", "properties": { "内容": "訪問介護事業所　つばさ【訪問介護】焼津市田尻北７９２－１", "url": "https://www.kaigokensaku.mhlw.go.jp/22/index.php?action_kouhyou_detail_004_kani=true&JigyosyoCd=2275100234-00&ServiceCd=110&Type=search", "url2": "http://www.tubasa.or.jp" }, "geometry": { "type": "Point", "coordinates": [ 138.330058300000019, 34.8343994 ] } },
{ "type": "Feature", "properties": { "内容": "ケアセンターゆうゆう訪問介護事業所【訪問介護】静岡県焼津市三ヶ名852-2", "url": "https://www.kaigokensaku.mhlw.go.jp/22/index.php?action_kouhyou_detail_004_kani=true&JigyosyoCd=2275101398-00&ServiceCd=110&Type=search", "url2": "houmonyuyu39@gmail.com" }, "geometry": { "type": "Point", "coordinates": [ 138.302542300000027, 34.8585214 ] } },
{ "type": "Feature", "properties": { "内容": "焼津福祉サービスセンター【訪問介護】焼津市大覚寺3-2-2", "url": "https://www.kaigokensaku.mhlw.go.jp/22/index.php?action_kouhyou_detail_004_kani=true&JigyosyoCd=2275100028-00&ServiceCd=110&Type=search", "url2": "http://www.yaizu-shakyo.or.jp" }, "geometry": { "type": "Point", "coordinates": [ 138.3043864, 34.8757832 ] } },
{ "type": "Feature", "properties": { "内容": "セントケアやいづ【訪問介護】焼津市与惣次一丁目14番地1", "url": "https://www.kaigokensaku.mhlw.go.jp/22/index.php?action_kouhyou_detail_004_kani=true&JigyosyoCd=2275100713-00&ServiceCd=110&Type=search", "url2": null }, "geometry": { "type": "Point", "coordinates": [ 138.318443099999968, 34.829494500000024 ] } },
{ "type": "Feature", "properties": { "内容": "在宅介護センターアイケア焼津【訪問介護】焼津市石津１丁目１０番地１１", "url": "https://www.kaigokensaku.mhlw.go.jp/22/index.php?action_kouhyou_detail_004_kani=true&JigyosyoCd=2275100408-00&ServiceCd=110&Type=search", "url2": "http://www.aicare.co.jp/" }, "geometry": { "type": "Point", "coordinates": [ 138.312152708598319, 34.841973487709218 ] } },
{ "type": "Feature", "properties": { "内容": "ﾆﾁｲｹｱｾﾝﾀｰ大住【訪問介護】三ケ名269番地ライフポジションJ103", "url": "https://www.kaigokensaku.mhlw.go.jp/22/index.php?action_kouhyou_detail_004_kani=true&JigyosyoCd=2275101471-00&ServiceCd=110&Type=search", "url2": "hstAL8＠nichiigakkann.co.jp" }, "geometry": { "type": "Point", "coordinates": [ 138.29787209999995, 34.8538286 ] } },
{ "type": "Feature", "properties": { "内容": "ヘルパーステーションなないろ【訪問介護】与惣次1丁目24番地の1パークヴィラY　B201", "url": "https://www.kaigokensaku.mhlw.go.jp/22/index.php?action_kouhyou_detail_004_kani=true&JigyosyoCd=2275101562-00&ServiceCd=110&Type=search", "url2": null }, "geometry": { "type": "Point", "coordinates": [ 138.309029970604342, 34.844896412939285 ] } },
{ "type": "Feature", "properties": { "内容": "ニチイケアセンター大井川【訪問介護】宗高字高徳島828-2", "url": "https://www.kaigokensaku.mhlw.go.jp/22/index.php?action_kouhyou_detail_004_kani=true&JigyosyoCd=2275100804-00&ServiceCd=110&Type=search", "url2": "hstm91@nichiigakkan.co.jp" }, "geometry": { "type": "Point", "coordinates": [ 138.2848735, 34.8031148 ] } },
{ "type": "Feature", "properties": { "内容": "介護クラーク駿河西【訪問介護】静岡県焼津市中根新田1315", "url": "https://www.kaigokensaku.mhlw.go.jp/22/index.php?action_kouhyou_detail_004_kani=true&JigyosyoCd=2275101547-00&ServiceCd=110&Type=search", "url2": null }, "geometry": { "type": "Point", "coordinates": [ 138.286918, 34.8291716 ] } },
{ "type": "Feature", "properties": { "内容": "ニチイケアセンター焼津【訪問介護】焼津市西小川3-4-5", "url": "https://www.kaigokensaku.mhlw.go.jp/22/index.php?action_kouhyou_detail_004_kani=true&JigyosyoCd=2275100135-00&ServiceCd=110&Type=search", "url2": "http://www.nichiigakkan.co.jp" }, "geometry": { "type": "Point", "coordinates": [ 138.30998569999997, 34.8580048 ] } },
{ "type": "Feature", "properties": { "内容": "月の森【訪問介護】静岡県焼津市栄町６丁目７番１７号第2四之宮ビル１階", "url": "https://www.kaigokensaku.mhlw.go.jp/22/index.php?action_kouhyou_detail_004_kani=true&JigyosyoCd=2275101687-00&ServiceCd=110&Type=search", "url2": null }, "geometry": { "type": "Point", "coordinates": [ 138.316715, 34.8695909 ] } },
{ "type": "Feature", "properties": { "内容": "焼津市医師会ヘルパーステーション【訪問介護】静岡県焼津市西小川5－6－3", "url": "https://www.kaigokensaku.mhlw.go.jp/22/index.php?action_kouhyou_detail_004_kani=true&JigyosyoCd=2275100051-00&ServiceCd=110&Type=search", "url2": "http://www.yaizu.shizuoka.med.or.jp" }, "geometry": { "type": "Point", "coordinates": [ 138.306635863246129, 34.857657255756564 ] } },
{ "type": "Feature", "properties": { "内容": "大井川福祉サービスセンター【訪問介護】焼津市宗高５７２－１", "url": "https://www.kaigokensaku.mhlw.go.jp/22/index.php?action_kouhyou_detail_004_kani=true&JigyosyoCd=2275100754-00&ServiceCd=110&Type=search", "url2": "http://www.yaizu-shakyo.or.jp/" }, "geometry": { "type": "Point", "coordinates": [ 138.290650699999986, 34.8031817 ] } },
{ "type": "Feature", "properties": { "内容": "ニチイケアセンター八楠【訪問介護】八楠3丁目5-21アーバン八楠1F", "url": "https://www.kaigokensaku.mhlw.go.jp/22/index.php?action_kouhyou_detail_004_kani=true&JigyosyoCd=2275101489-00&ServiceCd=110&Type=search", "url2": null }, "geometry": { "type": "Point", "coordinates": [ 138.308808900000031, 34.8783144 ] } },
{ "type": "Feature", "properties": { "内容": "訪問介護ステーション　ごん助【訪問介護】静岡県焼津市下江留1398-1", "url": "https://www.kaigokensaku.mhlw.go.jp/22/index.php?action_kouhyou_detail_004_kani=true&JigyosyoCd=2275101588-00&ServiceCd=110&Type=search", "url2": "https://www.gonbee.info/" }, "geometry": { "type": "Point", "coordinates": [ 138.2766859, 34.8036525 ] } },
{ "type": "Feature", "properties": { "内容": "アクア焼津訪問介護【訪問介護】静岡県焼津市大村2丁目17番7", "url": "https://www.kaigokensaku.mhlw.go.jp/22/index.php?action_kouhyou_detail_004_kani=true&JigyosyoCd=2275101513-00&ServiceCd=110&Type=search", "url2": null }, "geometry": { "type": "Point", "coordinates": [ 138.308568400000013, 34.8726955 ] } },
{ "type": "Feature", "properties": { "内容": "訪問介護事業所なでしこ焼津【訪問介護】静岡県焼津市大村新田259-2ハピネススズキⅡ101", "url": "https://www.kaigokensaku.mhlw.go.jp/22/index.php?action_kouhyou_detail_004_kani=true&JigyosyoCd=2275101380-00&ServiceCd=110&Type=search", "url2": "http://www.heart-lc.com/" }, "geometry": { "type": "Point", "coordinates": [ 138.304183700000067, 34.8703587 ] } },
{ "type": "Feature", "properties": { "内容": "ケアステーションあんじぇす西焼津【訪問介護】静岡県焼津市三右衛門新田591－1", "url": "https://www.kaigokensaku.mhlw.go.jp/22/index.php?action_kouhyou_detail_004_kani=true&JigyosyoCd=2275101497-00&ServiceCd=110&Type=search", "url2": null }, "geometry": { "type": "Point", "coordinates": [ 138.3028342, 34.8477096 ] } },
{ "type": "Feature", "properties": { "内容": "たんぽぽヘルパーステーション【訪問介護】静岡県焼津市石津2-9-10", "url": "https://www.kaigokensaku.mhlw.go.jp/22/index.php?action_kouhyou_detail_004_kani=true&JigyosyoCd=2275101620-00&ServiceCd=110&Type=search", "url2": "https://yaizu-tanpopo.com" }, "geometry": { "type": "Point", "coordinates": [ 138.31638699086588, 34.842390602960883 ] } },
{ "type": "Feature", "properties": { "内容": "高麓訪問介護ステイション【訪問介護】焼津市坂本３８５－１", "url": "https://www.kaigokensaku.mhlw.go.jp/22/index.php?action_kouhyou_detail_004_kani=true&JigyosyoCd=2275100044-00&ServiceCd=110&Type=search", "url2": "http://www.kouroku.com/" }, "geometry": { "type": "Point", "coordinates": [ 138.309513299999907, 34.8910122 ] } },
{ "type": "Feature", "properties": { "内容": "あいぜん訪問介護かけがわ【訪問介護】静岡県掛川市中央2－4－27中央ビル４F", "url": "https://www.kaigokensaku.mhlw.go.jp/22/index.php?action_kouhyou_detail_004_kani=true&JigyosyoCd=2277400699-00&ServiceCd=110&Type=search", "url2": "https://www.aizen-h.com/" }, "geometry": { "type": "Point", "coordinates": [ 138.0080534, 34.7715723 ] } },
{ "type": "Feature", "properties": { "内容": "訪問介護フラワー【訪問介護】掛川市上西郷418-1　上西郷（株）マルスギ　テナント2-202号室", "url": "https://www.kaigokensaku.mhlw.go.jp/22/index.php?action_kouhyou_detail_004_kani=true&JigyosyoCd=2277400913-00&ServiceCd=110&Type=search", "url2": null }, "geometry": { "type": "Point", "coordinates": [ 138.012662206745915, 34.786792491121929 ] } },
{ "type": "Feature", "properties": { "内容": "アクア掛川訪問介護【訪問介護】静岡県掛川市上西郷字加島150番", "url": "https://www.kaigokensaku.mhlw.go.jp/22/index.php?action_kouhyou_detail_004_kani=true&JigyosyoCd=2277400863-00&ServiceCd=110&Type=search", "url2": null }, "geometry": { "type": "Point", "coordinates": [ 138.014517243661828, 34.787391970027407 ] } },
{ "type": "Feature", "properties": { "内容": "ニチイケアセンター大東【訪問介護】大坂1481プラザサモワールⅠ", "url": "https://www.kaigokensaku.mhlw.go.jp/22/index.php?action_kouhyou_detail_004_kani=true&JigyosyoCd=2277400681-00&ServiceCd=110&Type=search", "url2": "http//www.nichiigakkann.co.jp" }, "geometry": { "type": "Point", "coordinates": [ 138.037248200000022, 34.6689416 ] } },
{ "type": "Feature", "properties": { "内容": "訪問介護あげはり【訪問介護】掛川市上張925-8掛川プラザビル1階", "url": "https://www.kaigokensaku.mhlw.go.jp/22/index.php?action_kouhyou_detail_004_kani=true&JigyosyoCd=2277400459-00&ServiceCd=110&Type=search", "url2": null }, "geometry": { "type": "Point", "coordinates": [ 138.0206412, 34.7631231 ] } },
{ "type": "Feature", "properties": { "内容": "在宅介護センターアイケア掛川【訪問介護】静岡県掛川市葛川310番地の3", "url": "https://www.kaigokensaku.mhlw.go.jp/22/index.php?action_kouhyou_detail_004_kani=true&JigyosyoCd=2276200066-00&ServiceCd=110&Type=search", "url2": null }, "geometry": { "type": "Point", "coordinates": [ 138.02564726474364, 34.773835785375105 ] } },
{ "type": "Feature", "properties": { "内容": "ニチイケアセンター掛川【訪問介護】掛川市天王町5-1", "url": "https://www.kaigokensaku.mhlw.go.jp/22/index.php?action_kouhyou_detail_004_kani=true&JigyosyoCd=2276200058-00&ServiceCd=110&Type=search", "url2": null }, "geometry": { "type": "Point", "coordinates": [ 138.013585700000021, 34.7816876 ] } },
{ "type": "Feature", "properties": { "内容": "ニチイケアセンター　杉谷【訪問介護】掛川市杉谷752-1サンブラン101", "url": "https://www.kaigokensaku.mhlw.go.jp/22/index.php?action_kouhyou_detail_004_kani=true&JigyosyoCd=2276200281-00&ServiceCd=110&Type=search", "url2": null }, "geometry": { "type": "Point", "coordinates": [ 138.028457099999969, 34.7596147 ] } },
{ "type": "Feature", "properties": { "内容": "宮脇ヘルパーステーション【訪問介護】掛川市宮脇二丁目１６－３", "url": "https://www.kaigokensaku.mhlw.go.jp/22/index.php?action_kouhyou_detail_004_kani=true&JigyosyoCd=2276200082-00&ServiceCd=110&Type=search", "url2": "http://www.tenryu-kohseikai.or.jp/senior/miyawaki" }, "geometry": { "type": "Point", "coordinates": [ 138.029195499999986, 34.7819518 ] } },
{ "type": "Feature", "properties": { "内容": "大東ヘルパーステーション【訪問介護】掛川市下土方3584番地の1", "url": "https://www.kaigokensaku.mhlw.go.jp/22/index.php?action_kouhyou_detail_004_kani=true&JigyosyoCd=2276100035-00&ServiceCd=110&Type=search", "url2": "http://daitofukushikai.com/" }, "geometry": { "type": "Point", "coordinates": [ 138.043141, 34.6903472 ] } },
{ "type": "Feature", "properties": { "内容": "ケアサービスききょう【訪問介護】静岡県掛川市下垂木115番地", "url": "https://www.kaigokensaku.mhlw.go.jp/22/index.php?action_kouhyou_detail_004_kani=true&JigyosyoCd=2277400822-00&ServiceCd=110&Type=search", "url2": null }, "geometry": { "type": "Point", "coordinates": [ 137.987025373016394, 34.796675572336603 ] } },
{ "type": "Feature", "properties": { "内容": "株式会社ウォームケア　訪問介護ことぶき【訪問介護】静岡県掛川市国安2426番地東寿園", "url": "https://www.kaigokensaku.mhlw.go.jp/22/index.php?action_kouhyou_detail_004_kani=true&JigyosyoCd=2277400525-00&ServiceCd=110&Type=search", "url2": null }, "geometry": { "type": "Point", "coordinates": [ 138.06161510000004, 34.655568100000011 ] } },
{ "type": "Feature", "properties": { "内容": "ケアプランセンターふじわのもりの【訪問介護】上土方嶺向2136-1", "url": "https://www.kaigokensaku.mhlw.go.jp/22/index.php?action_kouhyou_detail_004_kani=true&JigyosyoCd=2277400665-00&ServiceCd=110&Type=search", "url2": null }, "geometry": { "type": "Point", "coordinates": [ 138.0369548, 34.7052785 ] } },
{ "type": "Feature", "properties": { "内容": "ヘルパーステーション豆ランプ【訪問介護】静岡県藤枝市駅前2-1-17", "url": "https://www.kaigokensaku.mhlw.go.jp/22/index.php?action_kouhyou_detail_004_kani=true&JigyosyoCd=2275301576-00&ServiceCd=110&Type=search", "url2": "http://www.sense-of-fun.co.jp/" }, "geometry": { "type": "Point", "coordinates": [ 138.250001440894039, 34.850591701798486 ] } },
{ "type": "Feature", "properties": { "内容": "セントケア　岡出山【訪問介護】藤枝市岡出山2－10－17小林ビル　１ＦＢ", "url": "https://www.kaigokensaku.mhlw.go.jp/22/index.php?action_kouhyou_detail_004_kani=true&JigyosyoCd=2275300958-00&ServiceCd=110&Type=search", "url2": null }, "geometry": { "type": "Point", "coordinates": [ 138.257458400000019, 34.867367299999984 ] } },
{ "type": "Feature", "properties": { "内容": "あくとケア藤枝【訪問介護】前島２丁目６－６１階", "url": "https://www.kaigokensaku.mhlw.go.jp/22/index.php?action_kouhyou_detail_004_kani=true&JigyosyoCd=2275301733-00&ServiceCd=110&Type=search", "url2": "https://actcare.jp/" }, "geometry": { "type": "Point", "coordinates": [ 138.254813130948094, 34.844292346271153 ] } },
{ "type": "Feature", "properties": { "内容": "セントケア　藤枝【訪問介護】藤枝市青木3-14-1ソフィアビル1-B", "url": "https://www.kaigokensaku.mhlw.go.jp/22/index.php?action_kouhyou_detail_004_kani=true&JigyosyoCd=2275300875-00&ServiceCd=110&Type=search", "url2": null }, "geometry": { "type": "Point", "coordinates": [ 138.254775699999982, 34.8546046 ] } },
{ "type": "Feature", "properties": { "内容": "ニチイケアセンター藤枝【訪問介護】藤枝市瀬古2丁目12-4", "url": "https://www.kaigokensaku.mhlw.go.jp/22/index.php?action_kouhyou_detail_004_kani=true&JigyosyoCd=2275300115-00&ServiceCd=110&Type=search", "url2": "http://www.nichiigakkan.co.jp" }, "geometry": { "type": "Point", "coordinates": [ 138.241323800000032, 34.8638006 ] } },
{ "type": "Feature", "properties": { "内容": "亀寿の郷指定訪問介護事業所【訪問介護】静岡県藤枝市岡部町内谷１３３４番地の４", "url": "https://www.kaigokensaku.mhlw.go.jp/22/index.php?action_kouhyou_detail_004_kani=true&JigyosyoCd=2275200026-00&ServiceCd=110&Type=search", "url2": "http://hadukikai.jp/kijyunosato/" }, "geometry": { "type": "Point", "coordinates": [ 138.289732640475449, 34.908535412322991 ] } },
{ "type": "Feature", "properties": { "内容": "夢コープ　しだ事業所【訪問介護】藤枝市平島　602-96", "url": "https://www.kaigokensaku.mhlw.go.jp/22/index.php?action_kouhyou_detail_004_kani=true&JigyosyoCd=2275300347-00&ServiceCd=110&Type=search", "url2": "https://yumecoop.com" }, "geometry": { "type": "Point", "coordinates": [ 138.2874498, 34.8803186 ] } },
{ "type": "Feature", "properties": { "内容": "ニチイケアセンター藤枝青木【訪問介護】藤枝市青木2-27-23", "url": "https://www.kaigokensaku.mhlw.go.jp/22/index.php?action_kouhyou_detail_004_kani=true&JigyosyoCd=2275300479-00&ServiceCd=110&Type=search", "url2": "http://www.nichiigakkan.co.jp" }, "geometry": { "type": "Point", "coordinates": [ 138.25109539999994, 34.856171 ] } },
{ "type": "Feature", "properties": { "内容": "医心館訪問介護ステーション藤枝【訪問介護】静岡県藤枝市青葉町１丁目４番14号", "url": "https://www.kaigokensaku.mhlw.go.jp/22/index.php?action_kouhyou_detail_004_kani=true&JigyosyoCd=2275301998-00&ServiceCd=110&Type=search", "url2": null }, "geometry": { "type": "Point", "coordinates": [ 138.2446706, 34.8463925 ] } },
{ "type": "Feature", "properties": { "内容": "まごころ介護サービス藤枝【訪問介護】藤枝市大洲4丁目12-13", "url": "https://www.kaigokensaku.mhlw.go.jp/22/index.php?action_kouhyou_detail_004_kani=true&JigyosyoCd=2275300164-00&ServiceCd=110&Type=search", "url2": "http://www.magokorokaigo.com" }, "geometry": { "type": "Point", "coordinates": [ 138.259417399999961, 34.8278464 ] } },
{ "type": "Feature", "properties": { "内容": "ニチイケアセンターおおす【訪問介護】藤枝市大東町251-1", "url": "https://www.kaigokensaku.mhlw.go.jp/22/index.php?action_kouhyou_detail_004_kani=true&JigyosyoCd=2275301857-00&ServiceCd=110&Type=search", "url2": "https://www.nichiigakkan.co.jp" }, "geometry": { "type": "Point", "coordinates": [ 138.2672824, 34.8262236 ] } },
{ "type": "Feature", "properties": { "内容": "訪問介護センター　スマイル優【訪問介護】藤枝市高柳1丁目15-21", "url": "https://www.kaigokensaku.mhlw.go.jp/22/index.php?action_kouhyou_detail_004_kani=true&JigyosyoCd=2275300156-00&ServiceCd=110&Type=search", "url2": null }, "geometry": { "type": "Point", "coordinates": [ 138.265649599999961, 34.8526523 ] } },
{ "type": "Feature", "properties": { "内容": "在宅介護センターアイケア藤枝【訪問介護】藤枝市東町1－43", "url": "https://www.kaigokensaku.mhlw.go.jp/22/index.php?action_kouhyou_detail_004_kani=true&JigyosyoCd=2275300131-00&ServiceCd=110&Type=search", "url2": null }, "geometry": { "type": "Point", "coordinates": [ 138.2546969609146, 34.858166346413405 ] } },
{ "type": "Feature", "properties": { "内容": "訪問介護フォレスタ藤枝【訪問介護】藤枝市小石川町2-8-13", "url": "https://www.kaigokensaku.mhlw.go.jp/22/index.php?action_kouhyou_detail_004_kani=true&JigyosyoCd=2255380038-00&ServiceCd=110&Type=search", "url2": "http://www.forestafujieda.jp" }, "geometry": { "type": "Point", "coordinates": [ 138.25650829999995, 34.8565868 ] } },
{ "type": "Feature", "properties": { "内容": "ヘルパーステーションリヤンドファミーユ【訪問介護】静岡県藤枝市駅前１丁目８番１１リヤンドファミーユ", "url": "https://www.kaigokensaku.mhlw.go.jp/22/index.php?action_kouhyou_detail_004_kani=true&JigyosyoCd=2275301840-00&ServiceCd=110&Type=search", "url2": "https://www.liendefamille.jp/about/" }, "geometry": { "type": "Point", "coordinates": [ 138.2529123, 34.8501315 ] } },
{ "type": "Feature", "properties": { "内容": "アクア藤枝訪問介護【訪問介護】岡部町三輪字堂殿1336-8アクアホーム藤枝岡部", "url": "https://www.kaigokensaku.mhlw.go.jp/22/index.php?action_kouhyou_detail_004_kani=true&JigyosyoCd=2275301931-00&ServiceCd=110&Type=search", "url2": null }, "geometry": { "type": "Point", "coordinates": [ 138.3015888, 34.9054304 ] } },
{ "type": "Feature", "properties": { "内容": "社会福祉法人藤枝市社会福祉協議会指定訪問介護事業所【訪問介護】静岡県藤枝市瀬戸新屋83番地の6", "url": "https://www.kaigokensaku.mhlw.go.jp/22/index.php?action_kouhyou_detail_004_kani=true&JigyosyoCd=2275300016-00&ServiceCd=110&Type=search", "url2": "http://www.fujiedashakyo.jp" }, "geometry": { "type": "Point", "coordinates": [ 138.243607200000014, 34.8505991 ] } },
{ "type": "Feature", "properties": { "内容": "訪問介護ステーション　ゴールドエイジ藤枝【訪問介護】静岡県藤枝市本町2丁目１－３５ゴールドエイジ藤枝", "url": "https://www.kaigokensaku.mhlw.go.jp/22/index.php?action_kouhyou_detail_004_kani=true&JigyosyoCd=2275301626-00&ServiceCd=110&Type=search", "url2": "https://goldage.co.jp/gold-age/fujieda/" }, "geometry": { "type": "Point", "coordinates": [ 138.261371899999972, 34.8737804 ] } },
{ "type": "Feature", "properties": { "内容": "訪問介護事業所健ころ広場【訪問介護】静岡県藤枝市青木一丁目２３番２２号", "url": "https://www.kaigokensaku.mhlw.go.jp/22/index.php?action_kouhyou_detail_004_kani=true&JigyosyoCd=2275301832-00&ServiceCd=110&Type=search", "url2": null }, "geometry": { "type": "Point", "coordinates": [ 138.25195650611559, 34.852971105348004 ] } },
{ "type": "Feature", "properties": { "内容": "やすらぎ訪問介護サービス【訪問介護】藤枝市水守２丁目９-２７", "url": "https://www.kaigokensaku.mhlw.go.jp/22/index.php?action_kouhyou_detail_004_kani=true&JigyosyoCd=2275300487-00&ServiceCd=110&Type=search", "url2": "https://www.yasuragikaigo.com" }, "geometry": { "type": "Point", "coordinates": [ 138.273509017582626, 34.877828387512047 ] } },
{ "type": "Feature", "properties": { "内容": "訪問介護事業所　縁【訪問介護】藤岡１丁目25-5", "url": "https://www.kaigokensaku.mhlw.go.jp/22/index.php?action_kouhyou_detail_004_kani=true&JigyosyoCd=2275301956-00&ServiceCd=110&Type=search", "url2": null }, "geometry": { "type": "Point", "coordinates": [ 138.268085600000035, 34.8827168 ] } },
{ "type": "Feature", "properties": { "内容": "ケアステーションゆめ【訪問介護】静岡県御殿場市萩原670番地", "url": "https://www.kaigokensaku.mhlw.go.jp/22/index.php?action_kouhyou_detail_004_kani=true&JigyosyoCd=2271200608-00&ServiceCd=110&Type=search", "url2": null }, "geometry": { "type": "Point", "coordinates": [ 138.929522322416943, 35.30630065122449 ] } },
{ "type": "Feature", "properties": { "内容": "ヘルパーステーション富岳【訪問介護】静岡県御殿場市神山１９２５番地の１１９３", "url": "https://www.kaigokensaku.mhlw.go.jp/22/index.php?action_kouhyou_detail_004_kani=true&JigyosyoCd=2271200046-00&ServiceCd=110&Type=search", "url2": "http://fugakukai.com/" }, "geometry": { "type": "Point", "coordinates": [ 138.9023532, 35.2347848 ] } },
{ "type": "Feature", "properties": { "内容": "きらら訪問介護ステーション【訪問介護】静岡県御殿場市新橋891-1コーポ南　102", "url": "https://www.kaigokensaku.mhlw.go.jp/22/index.php?action_kouhyou_detail_004_kani=true&JigyosyoCd=2271200343-00&ServiceCd=110&Type=search", "url2": null }, "geometry": { "type": "Point", "coordinates": [ 138.938969395800768, 35.292919492383994 ] } },
{ "type": "Feature", "properties": { "内容": "ホームヘルパーステーション【訪問介護】御殿場市萩原９８８－１（御殿場市民交流センター内）", "url": "https://www.kaigokensaku.mhlw.go.jp/22/index.php?action_kouhyou_detail_004_kani=true&JigyosyoCd=2271200061-00&ServiceCd=110&Type=search", "url2": "http://gosyakyo.jp" }, "geometry": { "type": "Point", "coordinates": [ 138.910445749168417, 35.311752532513296 ] } },
{ "type": "Feature", "properties": { "内容": "御殿場十字の園訪問介護ステーション【訪問介護】御殿場市深沢1465-1", "url": "https://www.kaigokensaku.mhlw.go.jp/22/index.php?action_kouhyou_detail_004_kani=true&JigyosyoCd=2271200053-00&ServiceCd=110&Type=search", "url2": "http://www.jyuji.or.jp/" }, "geometry": { "type": "Point", "coordinates": [ 138.959625299999971, 35.3122431 ] } },
{ "type": "Feature", "properties": { "内容": "フジ虎ノ門訪問介護センター【訪問介護】静岡県御殿場市川島田１０７４－３", "url": "https://www.kaigokensaku.mhlw.go.jp/22/index.php?action_kouhyou_detail_004_kani=true&JigyosyoCd=2251280026-00&ServiceCd=110&Type=search", "url2": "http://www.toranomon.or.jp/" }, "geometry": { "type": "Point", "coordinates": [ 138.918748, 35.2957488 ] } },
{ "type": "Feature", "properties": { "内容": "株式会社スルガケアサービス　御殿場事業所【訪問介護】御殿場市萩原７７９－２８", "url": "https://www.kaigokensaku.mhlw.go.jp/22/index.php?action_kouhyou_detail_004_kani=true&JigyosyoCd=2271200012-00&ServiceCd=110&Type=search", "url2": null }, "geometry": { "type": "Point", "coordinates": [ 138.928723600000012, 35.3062732 ] } },
{ "type": "Feature", "properties": { "内容": "ニチイケアセンター御殿場【訪問介護】御殿場市新橋1491-4", "url": "https://www.kaigokensaku.mhlw.go.jp/22/index.php?action_kouhyou_detail_004_kani=true&JigyosyoCd=2271200103-00&ServiceCd=110&Type=search", "url2": "http://www.nichiigakkan.co.jp" }, "geometry": { "type": "Point", "coordinates": [ 138.938019899999972, 35.2965916 ] } },
{ "type": "Feature", "properties": { "内容": "ヘルパーステーション　おひさま【訪問介護】静岡県御殿場市川島田1299番地の10タイホウビル２Ｂ", "url": "https://www.kaigokensaku.mhlw.go.jp/22/index.php?action_kouhyou_detail_004_kani=true&JigyosyoCd=2271200525-00&ServiceCd=110&Type=search", "url2": "ohisama24060125@ny.thn.ne.jp" }, "geometry": { "type": "Point", "coordinates": [ 138.9071156, 35.2986509 ] } },
{ "type": "Feature", "properties": { "内容": "訪問介護　くるくる【訪問介護】静岡県　御殿場市　東山　２９６－１", "url": "https://www.kaigokensaku.mhlw.go.jp/22/index.php?action_kouhyou_detail_004_kani=true&JigyosyoCd=2271200798-00&ServiceCd=110&Type=search", "url2": "https://www.sato-wrecker.co.jp/" }, "geometry": { "type": "Point", "coordinates": [ 138.953088113692331, 35.295121430301535 ] } },
{ "type": "Feature", "properties": { "内容": "訪問介護ほたる【訪問介護】六日市場３５５－５ほたる商事株式会社", "url": "https://www.kaigokensaku.mhlw.go.jp/22/index.php?action_kouhyou_detail_004_kani=true&JigyosyoCd=2271200442-00&ServiceCd=110&Type=search", "url2": "kzu5032@ac.auone-net.jp" }, "geometry": { "type": "Point", "coordinates": [ 138.915068722090155, 35.330302882319266 ] } },
{ "type": "Feature", "properties": { "内容": "紅紫萩ホームヘルプサービス【訪問介護】袋井市高尾1468", "url": "https://www.kaigokensaku.mhlw.go.jp/22/index.php?action_kouhyou_detail_004_kani=true&JigyosyoCd=2276400021-00&ServiceCd=110&Type=search", "url2": "http://www.koshikai.or.jp/profile/index.html" }, "geometry": { "type": "Point", "coordinates": [ 137.929609699999986, 34.7321451 ] } },
{ "type": "Feature", "properties": { "内容": "明和苑ホ-ムヘルプサ-ビス【訪問介護】袋井市宇刈850-1", "url": "https://www.kaigokensaku.mhlw.go.jp/22/index.php?action_kouhyou_detail_004_kani=true&JigyosyoCd=2276400039-00&ServiceCd=110&Type=search", "url2": "http://www.meiwakai.jp" }, "geometry": { "type": "Point", "coordinates": [ 137.922245400000065, 34.7923073 ] } },
{ "type": "Feature", "properties": { "内容": "在宅介護センターアイケア袋井【訪問介護】袋井市下山梨２１１１－１", "url": "https://www.kaigokensaku.mhlw.go.jp/22/index.php?action_kouhyou_detail_004_kani=true&JigyosyoCd=2276400088-00&ServiceCd=110&Type=search", "url2": null }, "geometry": { "type": "Point", "coordinates": [ 137.911555600000042, 34.7715262 ] } },
{ "type": "Feature", "properties": { "内容": "訪問介護ステーションみどり【訪問介護】静岡県袋井市見取1683-7", "url": "https://www.kaigokensaku.mhlw.go.jp/22/index.php?action_kouhyou_detail_004_kani=true&JigyosyoCd=2277300170-00&ServiceCd=110&Type=search", "url2": "http://www.midoricare.co.jp" }, "geometry": { "type": "Point", "coordinates": [ 137.865113, 34.789965 ] } },
{ "type": "Feature", "properties": { "内容": "安車蒲輪【訪問介護】砂本町3-10", "url": "https://www.kaigokensaku.mhlw.go.jp/22/index.php?action_kouhyou_detail_004_kani=true&JigyosyoCd=2277300675-00&ServiceCd=110&Type=search", "url2": "http://fukuroianshin-kan.com" }, "geometry": { "type": "Point", "coordinates": [ 137.9292605, 34.7348888 ] } },
{ "type": "Feature", "properties": { "内容": "プラチナ・訪問介護ステーション袋井【訪問介護】静岡県袋井市堀越1396-1", "url": "https://www.kaigokensaku.mhlw.go.jp/22/index.php?action_kouhyou_detail_004_kani=true&JigyosyoCd=2277300386-00&ServiceCd=110&Type=search", "url2": "http://www.lakes21.co.jp" }, "geometry": { "type": "Point", "coordinates": [ 137.910779892730517, 34.762822075280795 ] } },
{ "type": "Feature", "properties": { "内容": "さくら介護ステーション袋井【訪問介護】静岡県袋井市堀越三丁目11番7号ベストハウスA205", "url": "https://www.kaigokensaku.mhlw.go.jp/22/index.php?action_kouhyou_detail_004_kani=true&JigyosyoCd=2277300733-00&ServiceCd=110&Type=search", "url2": "http://www.lotuslife-sakura.com" }, "geometry": { "type": "Point", "coordinates": [ 137.909009, 34.7552668 ] } },
{ "type": "Feature", "properties": { "内容": "ケアサービスまりも【訪問介護】静岡県袋井市永楽町１３８番地土屋ビル３階", "url": "https://www.kaigokensaku.mhlw.go.jp/22/index.php?action_kouhyou_detail_004_kani=true&JigyosyoCd=2277300162-00&ServiceCd=110&Type=search", "url2": null }, "geometry": { "type": "Point", "coordinates": [ 137.921472599999987, 34.7494167 ] } },
{ "type": "Feature", "properties": { "内容": "訪問介護事業所リフトライフ【訪問介護】静岡県袋井市湊944-6", "url": "https://www.kaigokensaku.mhlw.go.jp/22/index.php?action_kouhyou_detail_004_kani=true&JigyosyoCd=2277300618-00&ServiceCd=110&Type=search", "url2": "liftlife.co.jp" }, "geometry": { "type": "Point", "coordinates": [ 137.924101298655756, 34.679245411854325 ] } },
{ "type": "Feature", "properties": { "内容": "ニチイケアセンター袋井【訪問介護】静岡県袋井市新屋３－１－２1", "url": "https://www.kaigokensaku.mhlw.go.jp/22/index.php?action_kouhyou_detail_004_kani=true&JigyosyoCd=2276400054-00&ServiceCd=110&Type=search", "url2": "http://www.nichiigakkan.co.jp[" }, "geometry": { "type": "Point", "coordinates": [ 137.928901200000041, 34.7505874 ] } },
{ "type": "Feature", "properties": { "内容": "袋井市社会福祉協議会訪問介護事業所【訪問介護】袋井市浅名1028番地浅羽支所内", "url": "https://www.kaigokensaku.mhlw.go.jp/22/index.php?action_kouhyou_detail_004_kani=true&JigyosyoCd=2276600125-00&ServiceCd=110&Type=search", "url2": "http://www.fukuroi-shakyo.or.jp" }, "geometry": { "type": "Point", "coordinates": [ 137.932246699999951, 34.707415 ] } },
{ "type": "Feature", "properties": { "内容": "セントケア袋井【訪問介護】静岡県袋井市新屋4丁目5番地の2", "url": "https://www.kaigokensaku.mhlw.go.jp/22/index.php?action_kouhyou_detail_004_kani=true&JigyosyoCd=2277300683-00&ServiceCd=110&Type=search", "url2": null }, "geometry": { "type": "Point", "coordinates": [ 137.9289512, 34.7517776 ] } },
{ "type": "Feature", "properties": { "内容": "ケアセンターうばめがし下田【訪問介護】静岡県下田市東本郷二丁目６番２号", "url": "https://www.kaigokensaku.mhlw.go.jp/22/index.php?action_kouhyou_detail_004_kani=true&JigyosyoCd=2270200237-00&ServiceCd=110&Type=search", "url2": "ubamegashi.biz" }, "geometry": { "type": "Point", "coordinates": [ 138.945952, 34.6836496 ] } },
{ "type": "Feature", "properties": { "内容": "社会福祉法人　下田市社会福祉協議会【訪問介護】下田市四丁目1番1号", "url": "https://www.kaigokensaku.mhlw.go.jp/22/index.php?action_kouhyou_detail_004_kani=true&JigyosyoCd=2270200021-00&ServiceCd=110&Type=search", "url2": "https://www.shimoda--shakyo.or.jp" }, "geometry": { "type": "Point", "coordinates": [ 138.9422803, 34.6759782 ] } },
{ "type": "Feature", "properties": { "内容": "富士伊豆農業協同組合福祉相談センター【訪問介護】静岡県下田市柿崎22-9", "url": "https://www.kaigokensaku.mhlw.go.jp/22/index.php?action_kouhyou_detail_004_kani=true&JigyosyoCd=2270200294-00&ServiceCd=110&Type=search", "url2": "fukushi@fjiz.ja-shizuoka.or.jp" }, "geometry": { "type": "Point", "coordinates": [ 138.9607744, 34.6777434 ] } },
{ "type": "Feature", "properties": { "内容": "イーケアサービス【訪問介護】下田市大賀茂１４６番地笹本ビル３Ｆ", "url": "https://www.kaigokensaku.mhlw.go.jp/22/index.php?action_kouhyou_detail_004_kani=true&JigyosyoCd=2270200146-00&ServiceCd=110&Type=search", "url2": "http://e-careservice.com/" }, "geometry": { "type": "Point", "coordinates": [ 138.916827399999988, 34.6764751 ] } },
{ "type": "Feature", "properties": { "内容": "介護サービスとのおか【訪問介護】下田市吉佐美１０７５－１", "url": "https://www.kaigokensaku.mhlw.go.jp/22/index.php?action_kouhyou_detail_004_kani=true&JigyosyoCd=2270200104-00&ServiceCd=110&Type=search", "url2": null }, "geometry": { "type": "Point", "coordinates": [ 138.9134669, 34.6704953 ] } },
{ "type": "Feature", "properties": { "内容": "介護サービス銀の鈴【訪問介護】下田市西中2－4", "url": "https://www.kaigokensaku.mhlw.go.jp/22/index.php?action_kouhyou_detail_004_kani=true&JigyosyoCd=2270200054-00&ServiceCd=110&Type=search", "url2": "https://silverbel.jp" }, "geometry": { "type": "Point", "coordinates": [ 138.9409412, 34.690996 ] } },
{ "type": "Feature", "properties": { "内容": "合同会社　土屋ケアサービスセンター【訪問介護】静岡県裾野市石脇１６４－３", "url": "https://www.kaigokensaku.mhlw.go.jp/22/index.php?action_kouhyou_detail_004_kani=true&JigyosyoCd=2271400265-00&ServiceCd=110&Type=search", "url2": null }, "geometry": { "type": "Point", "coordinates": [ 138.90836749999994, 35.1869809 ] } },
{ "type": "Feature", "properties": { "内容": "訪問介護事業所　茶畑ヒルズ【訪問介護】裾野市茶畑1428-1", "url": "https://www.kaigokensaku.mhlw.go.jp/22/index.php?action_kouhyou_detail_004_kani=true&JigyosyoCd=2271400216-00&ServiceCd=110&Type=search", "url2": "http://kashokai.or.jp" }, "geometry": { "type": "Point", "coordinates": [ 138.928394, 35.1759658 ] } },
{ "type": "Feature", "properties": { "内容": "ヤザキケアセンター紙ふうせん【訪問介護】静岡県裾野市御宿1500", "url": "https://www.kaigokensaku.mhlw.go.jp/22/index.php?action_kouhyou_detail_004_kani=true&JigyosyoCd=2271400174-00&ServiceCd=110&Type=search", "url2": "http://care-net.biz/22/kamifuusen/" }, "geometry": { "type": "Point", "coordinates": [ 138.913696800000025, 35.2155409 ] } },
{ "type": "Feature", "properties": { "内容": "ゆかり訪問介護事業所【訪問介護】裾野市水窪122-5コーポ裾野B-105", "url": "https://www.kaigokensaku.mhlw.go.jp/22/index.php?action_kouhyou_detail_004_kani=true&JigyosyoCd=2271400356-00&ServiceCd=110&Type=search", "url2": "http://www.syouen.co.jp/" }, "geometry": { "type": "Point", "coordinates": [ 138.901982025131275, 35.154848623358475 ] } },
{ "type": "Feature", "properties": { "内容": "裾野市ホームヘルプサービスセンター【訪問介護】裾野市石脇524-1裾野市福祉保健会館2Ｆ", "url": "https://www.kaigokensaku.mhlw.go.jp/22/index.php?action_kouhyou_detail_004_kani=true&JigyosyoCd=2271400018-00&ServiceCd=110&Type=search", "url2": "http://www.syakyo-susono.or.jp/" }, "geometry": { "type": "Point", "coordinates": [ 138.911111399999982, 35.1956466 ] } },
{ "type": "Feature", "properties": { "内容": "ヘルパーステーションれんげ【訪問介護】静岡県裾野市二ツ屋137番地の1", "url": "https://www.kaigokensaku.mhlw.go.jp/22/index.php?action_kouhyou_detail_004_kani=true&JigyosyoCd=2271400547-00&ServiceCd=110&Type=search", "url2": "https://suzuna-shizuoka.jp/rindou/" }, "geometry": { "type": "Point", "coordinates": [ 138.903283800000054, 35.1667687 ] } },
{ "type": "Feature", "properties": { "内容": "訪問介護ステーション　ゆず裾野【訪問介護】静岡県裾野市佐野1358-1有料老人ホーム　アイクラシエ裾野内", "url": "https://www.kaigokensaku.mhlw.go.jp/22/index.php?action_kouhyou_detail_004_kani=true&JigyosyoCd=2271400505-00&ServiceCd=110&Type=search", "url2": "https://ikracie.com/" }, "geometry": { "type": "Point", "coordinates": [ 138.903140500000063, 35.174965700000023 ] } },
{ "type": "Feature", "properties": { "内容": "おうちで暮らすサポートセンター【訪問介護】静岡県湖西市新居町中之郷451番地の10", "url": "https://www.kaigokensaku.mhlw.go.jp/22/index.php?action_kouhyou_detail_004_kani=true&JigyosyoCd=2278400375-00&ServiceCd=110&Type=search", "url2": "https:ouchi2525.net" }, "geometry": { "type": "Point", "coordinates": [ 137.560371293555164, 34.703511654200554 ] } },
{ "type": "Feature", "properties": { "内容": "在宅介護センターアイケア湖西【訪問介護】湖西市吉美3270-5", "url": "https://www.kaigokensaku.mhlw.go.jp/22/index.php?action_kouhyou_detail_004_kani=true&JigyosyoCd=2278400151-00&ServiceCd=110&Type=search", "url2": "http://aicare.co.jp/" }, "geometry": { "type": "Point", "coordinates": [ 137.531259, 34.71791 ] } },
{ "type": "Feature", "properties": { "内容": "こさいホームヘルパーステーション【訪問介護】静岡県湖西市新居町新居1800番地の1", "url": "https://www.kaigokensaku.mhlw.go.jp/22/index.php?action_kouhyou_detail_004_kani=true&JigyosyoCd=2278400185-00&ServiceCd=110&Type=search", "url2": "http:wwwshinwakai-shizuoka.or.jp/" }, "geometry": { "type": "Point", "coordinates": [ 137.576273612615239, 34.686213852509255 ] } },
{ "type": "Feature", "properties": { "内容": "湖西市社協介護センターあらい【訪問介護】湖西市新居町浜名575新居介護サービスセンター", "url": "https://www.kaigokensaku.mhlw.go.jp/22/index.php?action_kouhyou_detail_004_kani=true&JigyosyoCd=2278400219-00&ServiceCd=110&Type=search", "url2": "http://www.kosai-sk.or.jp" }, "geometry": { "type": "Point", "coordinates": [ 137.5606574, 34.6871545 ] } },
{ "type": "Feature", "properties": { "内容": "さくら・介護ステーション湖西【訪問介護】静岡県湖西市駅南二丁目14番6号", "url": "https://www.kaigokensaku.mhlw.go.jp/22/index.php?action_kouhyou_detail_004_kani=true&JigyosyoCd=2278400409-00&ServiceCd=110&Type=search", "url2": "https://sakurakaigo-kosai.jp" }, "geometry": { "type": "Point", "coordinates": [ 137.486447377909826, 34.720824048866632 ] } },
{ "type": "Feature", "properties": { "内容": "土肥戸田ホームヘルプサービス【訪問介護】伊豆市小土肥７８７－２", "url": "https://www.kaigokensaku.mhlw.go.jp/22/index.php?action_kouhyou_detail_004_kani=true&JigyosyoCd=2270300052-00&ServiceCd=110&Type=search", "url2": "http://www.shinai-kai.jp/toihome/" }, "geometry": { "type": "Point", "coordinates": [ 138.791311899999982, 34.923828 ] } },
{ "type": "Feature", "properties": { "内容": "伊豆市社協訪問介護事業所【訪問介護】伊豆市本立野531-1", "url": "https://www.kaigokensaku.mhlw.go.jp/22/index.php?action_kouhyou_detail_004_kani=true&JigyosyoCd=2270300136-00&ServiceCd=110&Type=search", "url2": "http://izushakyo.com" }, "geometry": { "type": "Point", "coordinates": [ 138.9434794, 34.9714333 ] } },
{ "type": "Feature", "properties": { "内容": "伊豆中央ケアセンター　ホームヘルプサービス【訪問介護】伊豆市大野304", "url": "https://www.kaigokensaku.mhlw.go.jp/22/index.php?action_kouhyou_detail_004_kani=true&JigyosyoCd=2270300094-00&ServiceCd=110&Type=search", "url2": "http://shunpuukai.com/" }, "geometry": { "type": "Point", "coordinates": [ 138.977754, 34.9838142 ] } },
{ "type": "Feature", "properties": { "内容": "東海清風園ヘルパーステーション【訪問介護】御前崎市池新田4089", "url": "https://www.kaigokensaku.mhlw.go.jp/22/index.php?action_kouhyou_detail_004_kani=true&JigyosyoCd=2276100118-00&ServiceCd=110&Type=search", "url2": "http://www.san-ikukai.or.jp/" }, "geometry": { "type": "Point", "coordinates": [ 138.131673699999965, 34.6414085 ] } },
{ "type": "Feature", "properties": { "内容": "株式会社インプルーブライフ【訪問介護】静岡県御前崎市池新田1567-1", "url": "https://www.kaigokensaku.mhlw.go.jp/22/index.php?action_kouhyou_detail_004_kani=true&JigyosyoCd=2275690184-00&ServiceCd=110&Type=search", "url2": "http://hp.kaipoke.biz/wcp/" }, "geometry": { "type": "Point", "coordinates": [ 138.119807603466029, 34.651357823698525 ] } },
{ "type": "Feature", "properties": { "内容": "なないろ訪問介護事業所【訪問介護】静岡県菊川市堀之内１２６０番地シーステージ２階テナント1", "url": "https://www.kaigokensaku.mhlw.go.jp/22/index.php?action_kouhyou_detail_004_kani=true&JigyosyoCd=2276800311-00&ServiceCd=110&Type=search", "url2": "http://nanairo-llc.studio.site/top" }, "geometry": { "type": "Point", "coordinates": [ 138.0859973, 34.7607453 ] } },
{ "type": "Feature", "properties": { "内容": "平成ヘルパー【訪問介護】菊川市上平川293", "url": "https://www.kaigokensaku.mhlw.go.jp/22/index.php?action_kouhyou_detail_004_kani=true&JigyosyoCd=2276800063-00&ServiceCd=110&Type=search", "url2": "http://www.allkango.jp" }, "geometry": { "type": "Point", "coordinates": [ 138.0805964, 34.7161157 ] } },
{ "type": "Feature", "properties": { "内容": "ヘルパーステーションさわだの庄【訪問介護】菊川市西方5511番地", "url": "https://www.kaigokensaku.mhlw.go.jp/22/index.php?action_kouhyou_detail_004_kani=true&JigyosyoCd=2256880010-00&ServiceCd=110&Type=search", "url2": "https://seiwakai-sawada.or.jp" }, "geometry": { "type": "Point", "coordinates": [ 138.0722551, 34.7740553 ] } },
{ "type": "Feature", "properties": { "内容": "ニチイケアセンター菊川本所【訪問介護】静岡県菊川市本所1725番地2", "url": "https://www.kaigokensaku.mhlw.go.jp/22/index.php?action_kouhyou_detail_004_kani=true&JigyosyoCd=2276800170-00&ServiceCd=110&Type=search", "url2": null }, "geometry": { "type": "Point", "coordinates": [ 138.0911069, 34.7479525 ] } },
{ "type": "Feature", "properties": { "内容": "訪問介護かなで　リベロ【訪問介護】下内田4044-1", "url": "https://www.kaigokensaku.mhlw.go.jp/22/index.php?action_kouhyou_detail_004_kani=true&JigyosyoCd=2276800204-00&ServiceCd=110&Type=search", "url2": "http://www.comodo-care.jp/" }, "geometry": { "type": "Point", "coordinates": [ 138.068835900000067, 34.7104558 ] } },
{ "type": "Feature", "properties": { "内容": "あいねっと介護サービス伊豆長岡【訪問介護】静岡県伊豆の国市古奈２７９－１", "url": "https://www.kaigokensaku.mhlw.go.jp/22/index.php?action_kouhyou_detail_004_kani=true&JigyosyoCd=2270800275-00&ServiceCd=110&Type=search", "url2": "https://www.inet-izu.com" }, "geometry": { "type": "Point", "coordinates": [ 138.938042399999972, 35.0331211 ] } },
{ "type": "Feature", "properties": { "内容": "ヘルパーステーションひなたぼっこ韮山【訪問介護】静岡県伊豆の国市原木744-1リッツケアガーデン韮山内", "url": "https://www.kaigokensaku.mhlw.go.jp/22/index.php?action_kouhyou_detail_004_kani=true&JigyosyoCd=2270800283-00&ServiceCd=110&Type=search", "url2": "https://www.taiseifukusi.com/" }, "geometry": { "type": "Point", "coordinates": [ 138.941066844449779, 35.065536733492941 ] } },
{ "type": "Feature", "properties": { "内容": "訪問介護事業所エメラルド【訪問介護】奈古谷２２１３番地の３４７", "url": "https://www.kaigokensaku.mhlw.go.jp/22/index.php?action_kouhyou_detail_004_kani=true&JigyosyoCd=2270800473-00&ServiceCd=110&Type=search", "url2": null }, "geometry": { "type": "Point", "coordinates": [ 138.9994065, 35.0800906 ] } },
{ "type": "Feature", "properties": { "内容": "伊豆の国市社協訪問介護事業所【訪問介護】伊豆の国市四日町３０２番地の１", "url": "https://www.kaigokensaku.mhlw.go.jp/22/index.php?action_kouhyou_detail_004_kani=true&JigyosyoCd=2270800011-00&ServiceCd=110&Type=search", "url2": "http://izunokuni-wel.jp" }, "geometry": { "type": "Point", "coordinates": [ 138.951627599999938, 35.059174 ] } },
{ "type": "Feature", "properties": { "内容": "社会福祉法人　春風会　ぬくもりの里　ホームヘルプサービス【訪問介護】静岡県伊豆の国市白山堂408-9プレーゲ　おおひと内", "url": "https://www.kaigokensaku.mhlw.go.jp/22/index.php?action_kouhyou_detail_004_kani=true&JigyosyoCd=2270800382-00&ServiceCd=110&Type=search", "url2": "http://www.shunpuukai.com/" }, "geometry": { "type": "Point", "coordinates": [ 138.942981199999963, 35.0168399 ] } },
{ "type": "Feature", "properties": { "内容": "訪問介護　ちえのわ【訪問介護】四日町６１６番地", "url": "https://www.kaigokensaku.mhlw.go.jp/22/index.php?action_kouhyou_detail_004_kani=true&JigyosyoCd=2270800242-00&ServiceCd=110&Type=search", "url2": null }, "geometry": { "type": "Point", "coordinates": [ 138.944783599999937, 35.0551048 ] } },
{ "type": "Feature", "properties": { "内容": "ビルフィッシュ訪問介護事業所【訪問介護】静岡県伊豆の国市長岡243-1", "url": "https://www.kaigokensaku.mhlw.go.jp/22/index.php?action_kouhyou_detail_004_kani=true&JigyosyoCd=2270800432-00&ServiceCd=110&Type=search", "url2": null }, "geometry": { "type": "Point", "coordinates": [ 138.930275801203379, 35.027434931302459 ] } },
{ "type": "Feature", "properties": { "内容": "訪問看護ステーションひまわり【訪問介護】伊豆の国市田京270-1", "url": "https://www.kaigokensaku.mhlw.go.jp/22/index.php?action_kouhyou_detail_004_kani=true&JigyosyoCd=2260390048-00&ServiceCd=110&Type=search", "url2": "http://izu-hmc.jp/himawari/index.html" }, "geometry": { "type": "Point", "coordinates": [ 138.94481159999998, 35.0134154 ] } },
{ "type": "Feature", "properties": { "内容": "訪問介護ステーションKIRARA【訪問介護】静岡県伊豆の国市長岡839-11（2F)", "url": "https://www.kaigokensaku.mhlw.go.jp/22/index.php?action_kouhyou_detail_004_kani=true&JigyosyoCd=2270800465-00&ServiceCd=110&Type=search", "url2": "https://www.kirarahoumon.jp/" }, "geometry": { "type": "Point", "coordinates": [ 138.927068, 35.037892 ] } },
{ "type": "Feature", "properties": { "内容": "クラシオン伊豆の国【訪問介護】静岡県伊豆の国市天野6-3クラシオン伊豆の国", "url": "https://www.kaigokensaku.mhlw.go.jp/22/index.php?action_kouhyou_detail_004_kani=true&JigyosyoCd=2270800044-00&ServiceCd=110&Type=search", "url2": "http://www.izukaigo.com/" }, "geometry": { "type": "Point", "coordinates": [ 138.939745200000061, 35.0269053 ] } },
{ "type": "Feature", "properties": { "内容": "新健康家族　ヘルパーステーション壱番館【訪問介護】静岡県伊豆の国市長岡646番地の1新健康家族　壱番館", "url": "https://www.kaigokensaku.mhlw.go.jp/22/index.php?action_kouhyou_detail_004_kani=true&JigyosyoCd=2270800333-00&ServiceCd=110&Type=search", "url2": "http://sk-kazoku.jp" }, "geometry": { "type": "Point", "coordinates": [ 138.929760073016354, 35.034107400928086 ] } },
{ "type": "Feature", "properties": { "内容": "ケアサポート大川【訪問介護】伊豆の国市中島270-1", "url": "https://www.kaigokensaku.mhlw.go.jp/22/index.php?action_kouhyou_detail_004_kani=true&JigyosyoCd=2270300268-00&ServiceCd=110&Type=search", "url2": "http://www.cs-ookawa.com" }, "geometry": { "type": "Point", "coordinates": [ 138.939078200000012, 35.0042521 ] } },
{ "type": "Feature", "properties": { "内容": "榛南ヘルパー【訪問介護】静岡県牧之原市細江３２０５－１", "url": "https://www.kaigokensaku.mhlw.go.jp/22/index.php?action_kouhyou_detail_004_kani=true&JigyosyoCd=2275800353-00&ServiceCd=110&Type=search", "url2": "http//www.allkango.jp" }, "geometry": { "type": "Point", "coordinates": [ 138.2395472, 34.7583105 ] } },
{ "type": "Feature", "properties": { "内容": "訪問介護ステーションさつきの郷【訪問介護】静岡県牧之原市大沢520-6", "url": "https://www.kaigokensaku.mhlw.go.jp/22/index.php?action_kouhyou_detail_004_kani=true&JigyosyoCd=2275800361-00&ServiceCd=110&Type=search", "url2": "http://satsukinosato.jp/index.html" }, "geometry": { "type": "Point", "coordinates": [ 138.1932275, 34.691146600000025 ] } },
{ "type": "Feature", "properties": { "内容": "ニチイケアセンター相良【訪問介護】牧之原市大沢4-1", "url": "https://www.kaigokensaku.mhlw.go.jp/22/index.php?action_kouhyou_detail_004_kani=true&JigyosyoCd=2275500276-00&ServiceCd=110&Type=search", "url2": "http://www.nichiigakkan.co.jp" }, "geometry": { "type": "Point", "coordinates": [ 138.195383699999979, 34.6889249 ] } },
{ "type": "Feature", "properties": { "内容": "社会福祉法人　牧之原市社会福祉協議会　牧之原市社協ホームヘルプサービス【訪問介護】静岡県牧之原市波津1147-7", "url": "https://www.kaigokensaku.mhlw.go.jp/22/index.php?action_kouhyou_detail_004_kani=true&JigyosyoCd=2275500086-00&ServiceCd=110&Type=search", "url2": "http://www.makinohara-shakyo.jp/" }, "geometry": { "type": "Point", "coordinates": [ 138.19694379714602, 34.676663512321014 ] } },
{ "type": "Feature", "properties": { "内容": "アクタガワ　ハートフルホーム相良【訪問介護】牧之原市大沢565-1", "url": "https://www.kaigokensaku.mhlw.go.jp/22/index.php?action_kouhyou_detail_004_kani=true&JigyosyoCd=2275500342-00&ServiceCd=110&Type=search", "url2": "https://www.akutagawa-heartlife.jp" }, "geometry": { "type": "Point", "coordinates": [ 138.192931199999947, 34.689997 ] } },
{ "type": "Feature", "properties": { "内容": "ライフサポートさふらん【訪問介護】静岡県牧之原市坂口2766-1", "url": "https://www.kaigokensaku.mhlw.go.jp/22/index.php?action_kouhyou_detail_004_kani=true&JigyosyoCd=2275800270-00&ServiceCd=110&Type=search", "url2": "http://www.yamabatogakuen.jp/" }, "geometry": { "type": "Point", "coordinates": [ 138.196530643891862, 34.782118577133659 ] } },
{ "type": "Feature", "properties": { "内容": "ヘルパーステーション　海山荘【訪問介護】牧之原市片浜１０１３番地の１", "url": "https://www.kaigokensaku.mhlw.go.jp/22/index.php?action_kouhyou_detail_004_kani=true&JigyosyoCd=2275800015-00&ServiceCd=110&Type=search", "url2": "http://kaizansou.com/" }, "geometry": { "type": "Point", "coordinates": [ 138.212582600000019, 34.7180348 ] } },
{ "type": "Feature", "properties": { "内容": "相良清風園ヘルパーステーションたんぽぽ【訪問介護】牧之原市西萩間695-6", "url": "https://www.kaigokensaku.mhlw.go.jp/22/index.php?action_kouhyou_detail_004_kani=true&JigyosyoCd=2275800098-00&ServiceCd=110&Type=search", "url2": "https://www.san-ikukai.or.jp/tokai/sagara/" }, "geometry": { "type": "Point", "coordinates": [ 138.15582337689338, 34.734567614944368 ] } },
{ "type": "Feature", "properties": { "内容": "介護サービス　なかじま【訪問介護】賀茂郡東伊豆町白田443番地の9", "url": "https://www.kaigokensaku.mhlw.go.jp/22/index.php?action_kouhyou_detail_004_kani=true&JigyosyoCd=2270100163-00&ServiceCd=110&Type=search", "url2": null }, "geometry": { "type": "Point", "coordinates": [ 139.049859163136972, 34.807365259153357 ] } },
{ "type": "Feature", "properties": { "内容": "さくら介護【訪問介護】静岡県賀茂郡東伊豆町白田323-14", "url": "https://www.kaigokensaku.mhlw.go.jp/22/index.php?action_kouhyou_detail_004_kani=true&JigyosyoCd=2270100601-00&ServiceCd=110&Type=search", "url2": null }, "geometry": { "type": "Point", "coordinates": [ 139.057439199999976, 34.8037414 ] } },
{ "type": "Feature", "properties": { "内容": "社会福祉総合事業所おれんじ【訪問介護】奈良本８８７", "url": "https://www.kaigokensaku.mhlw.go.jp/22/index.php?action_kouhyou_detail_004_kani=true&JigyosyoCd=2270100841-00&ServiceCd=110&Type=search", "url2": "https://www.orangewelfare.net/" }, "geometry": { "type": "Point", "coordinates": [ 139.061592760954795, 34.816546345186474 ] } },
{ "type": "Feature", "properties": { "内容": "有限会社こころ介護【訪問介護】賀茂郡東伊豆町白田311-16", "url": "https://www.kaigokensaku.mhlw.go.jp/22/index.php?action_kouhyou_detail_004_kani=true&JigyosyoCd=2270100452-00&ServiceCd=110&Type=search", "url2": null }, "geometry": { "type": "Point", "coordinates": [ 139.0603529, 34.802161 ] } },
{ "type": "Feature", "properties": { "内容": "社会福祉法人河津町社会福祉協議会指定訪問介護事業所【訪問介護】静岡県賀茂郡河津町田中226番地河津町地域子育て支援センター内", "url": "https://www.kaigokensaku.mhlw.go.jp/22/index.php?action_kouhyou_detail_004_kani=true&JigyosyoCd=2270100031-00&ServiceCd=110&Type=search", "url2": "https://www.kawazu-shakyo.com" }, "geometry": { "type": "Point", "coordinates": [ 138.987482099999966, 34.7572519 ] } },
{ "type": "Feature", "properties": { "内容": "訪問ヘルプサービス　　サンシニア河津【訪問介護】賀茂郡河津町田中５２０－１", "url": "https://www.kaigokensaku.mhlw.go.jp/22/index.php?action_kouhyou_detail_004_kani=true&JigyosyoCd=2270100338-00&ServiceCd=110&Type=search", "url2": "http://www.sunsenior-kawazu.jp/public/index.html" }, "geometry": { "type": "Point", "coordinates": [ 138.993645600000036, 34.7553022 ] } },
{ "type": "Feature", "properties": { "内容": "菜の花訪問事業所【訪問介護】静岡県賀茂郡南伊豆町下賀茂１５－１", "url": "https://www.kaigokensaku.mhlw.go.jp/22/index.php?action_kouhyou_detail_004_kani=true&JigyosyoCd=2270100569-00&ServiceCd=110&Type=search", "url2": null }, "geometry": { "type": "Point", "coordinates": [ 138.875698899999946, 34.6483398 ] } },
{ "type": "Feature", "properties": { "内容": "南伊豆町社会福祉協議会介護事業所【訪問介護】賀茂郡南伊豆町加納790", "url": "https://www.kaigokensaku.mhlw.go.jp/22/index.php?action_kouhyou_detail_004_kani=true&JigyosyoCd=2270100056-00&ServiceCd=110&Type=search", "url2": "http://www.shakyo.or.jp/hp/1011/" }, "geometry": { "type": "Point", "coordinates": [ 138.855974235220799, 34.655084471574135 ] } },
{ "type": "Feature", "properties": { "内容": "ホームヘルパーステーション　松崎十字の園【訪問介護】賀茂郡松崎町江奈１５７", "url": "https://www.kaigokensaku.mhlw.go.jp/22/index.php?action_kouhyou_detail_004_kani=true&JigyosyoCd=2270100262-00&ServiceCd=110&Type=search", "url2": "http://www.jyuji.or.jp/matsuzaki_city/" }, "geometry": { "type": "Point", "coordinates": [ 138.780562, 34.7569576 ] } },
{ "type": "Feature", "properties": { "内容": "エイジレス・ケア・スタッフ【訪問介護】賀茂郡松崎町松崎65-7", "url": "https://www.kaigokensaku.mhlw.go.jp/22/index.php?action_kouhyou_detail_004_kani=true&JigyosyoCd=2270100296-00&ServiceCd=110&Type=search", "url2": "http://ageless.fun" }, "geometry": { "type": "Point", "coordinates": [ 138.7791317, 34.7497773 ] } },
{ "type": "Feature", "properties": { "内容": "しんわ福祉サービス松崎【訪問介護】松崎町江奈５７４－３", "url": "https://www.kaigokensaku.mhlw.go.jp/22/index.php?action_kouhyou_detail_004_kani=true&JigyosyoCd=2270100486-00&ServiceCd=110&Type=search", "url2": null }, "geometry": { "type": "Point", "coordinates": [ 138.780700799999977, 34.7600018 ] } },
{ "type": "Feature", "properties": { "内容": "介護事業所ウォームス【訪問介護】静岡県賀茂郡松崎町松崎437", "url": "https://www.kaigokensaku.mhlw.go.jp/22/index.php?action_kouhyou_detail_004_kani=true&JigyosyoCd=2270100866-00&ServiceCd=110&Type=search", "url2": "http://hp,kaipoke,biz/top7/" }, "geometry": { "type": "Point", "coordinates": [ 138.7767073, 34.7528185 ] } },
{ "type": "Feature", "properties": { "内容": "ヘルパーステーション　ゆうひ【訪問介護】静岡県賀茂郡西伊豆町仁科331-2", "url": "https://www.kaigokensaku.mhlw.go.jp/22/index.php?action_kouhyou_detail_004_kani=true&JigyosyoCd=2270100510-00&ServiceCd=110&Type=search", "url2": null }, "geometry": { "type": "Point", "coordinates": [ 138.776583223942566, 34.769587466942646 ] } },
{ "type": "Feature", "properties": { "内容": "西伊豆町社会福祉協議会訪問介護事業所【訪問介護】静岡県賀茂郡西伊豆町宇久須258-4西伊豆町賀茂健康センター", "url": "https://www.kaigokensaku.mhlw.go.jp/22/index.php?action_kouhyou_detail_004_kani=true&JigyosyoCd=2270100411-00&ServiceCd=110&Type=search", "url2": "http://www.shakyo.or.jp/hp/1013/" }, "geometry": { "type": "Point", "coordinates": [ 138.776056439950594, 34.848694693013982 ] } },
{ "type": "Feature", "properties": { "内容": "訪問介護ユーフォリア【訪問介護】静岡県田方郡函南町上沢675番6住宅型有料老人ホーム　ユーフォリア函南大場", "url": "https://www.kaigokensaku.mhlw.go.jp/22/index.php?action_kouhyou_detail_004_kani=true&JigyosyoCd=2270301050-00&ServiceCd=110&Type=search", "url2": "http://www.euphoria-wd.co.jp/" }, "geometry": { "type": "Point", "coordinates": [ 138.961715712966907, 35.10239863398558 ] } },
{ "type": "Feature", "properties": { "内容": "社会福祉法人函南町社会福祉協議会指定訪問介護事業所【訪問介護】田方郡函南町平井７１７番地の２８", "url": "https://www.kaigokensaku.mhlw.go.jp/22/index.php?action_kouhyou_detail_004_kani=true&JigyosyoCd=2270300185-00&ServiceCd=110&Type=search", "url2": "http://www.kannami-syakyo.jp" }, "geometry": { "type": "Point", "coordinates": [ 138.954279700000029, 35.0890143 ] } },
{ "type": "Feature", "properties": { "内容": "有限会社　福祉サービス栄【訪問介護】田方郡函南町柏谷７２３－７０", "url": "https://www.kaigokensaku.mhlw.go.jp/22/index.php?action_kouhyou_detail_004_kani=true&JigyosyoCd=2270300342-00&ServiceCd=110&Type=search", "url2": "http://www.geocities.jp/hukusisakae/index.html" }, "geometry": { "type": "Point", "coordinates": [ 138.96019339999998, 35.0805684 ] } },
{ "type": "Feature", "properties": { "内容": "総合介護事業所　渚【訪問介護】静岡県田方郡函南町柏谷１３１９番地の５", "url": "https://www.kaigokensaku.mhlw.go.jp/22/index.php?action_kouhyou_detail_004_kani=true&JigyosyoCd=2270301100-00&ServiceCd=110&Type=search", "url2": null }, "geometry": { "type": "Point", "coordinates": [ 138.966415399999988, 35.087858 ] } },
{ "type": "Feature", "properties": { "内容": "ポプラ訪問介護ステーション南箱根【訪問介護】田方郡函南町平井1690－37", "url": "https://www.kaigokensaku.mhlw.go.jp/22/index.php?action_kouhyou_detail_004_kani=true&JigyosyoCd=2271101400-00&ServiceCd=110&Type=search", "url2": null }, "geometry": { "type": "Point", "coordinates": [ 138.937042376954622, 35.085741726173516 ] } },
{ "type": "Feature", "properties": { "内容": "訪問介護センター函南・ぶなの森【訪問介護】田方郡函南町仁田２８４－５", "url": "https://www.kaigokensaku.mhlw.go.jp/22/index.php?action_kouhyou_detail_004_kani=true&JigyosyoCd=2270300664-00&ServiceCd=110&Type=search", "url2": "http://www.buna-no-mori.jp" }, "geometry": { "type": "Point", "coordinates": [ 138.941044799999986, 35.075966 ] } },
{ "type": "Feature", "properties": { "内容": "共済福祉会ほほえみ訪問介護センター【訪問介護】田方郡函南町平井717－38", "url": "https://www.kaigokensaku.mhlw.go.jp/22/index.php?action_kouhyou_detail_004_kani=true&JigyosyoCd=2270300235-00&ServiceCd=110&Type=search", "url2": "https://kyosaifukushikai.jp/" }, "geometry": { "type": "Point", "coordinates": [ 138.956135099999983, 35.0884061 ] } },
{ "type": "Feature", "properties": { "内容": "ヘルパーステーション　やすらぎ【訪問介護】静岡県田方郡函南町間宮617番地の4", "url": "https://www.kaigokensaku.mhlw.go.jp/22/index.php?action_kouhyou_detail_004_kani=true&JigyosyoCd=2270300912-00&ServiceCd=110&Type=search", "url2": "https://yasuragi-kaigo.jp" }, "geometry": { "type": "Point", "coordinates": [ 138.940047600000071, 35.0789989 ] } },
{ "type": "Feature", "properties": { "内容": "訪問介護リベルテ函南【訪問介護】静岡県田方郡函南町大土肥182-18", "url": "https://www.kaigokensaku.mhlw.go.jp/22/index.php?action_kouhyou_detail_004_kani=true&JigyosyoCd=2270301076-00&ServiceCd=110&Type=search", "url2": "https://www.syu-nagakura.com/" }, "geometry": { "type": "Point", "coordinates": [ 138.949714425933848, 35.087646251145514 ] } },
{ "type": "Feature", "properties": { "内容": "ケアパートナーKOMOREBI【訪問介護】静岡県田方郡函南町畑527‐311", "url": "https://www.kaigokensaku.mhlw.go.jp/22/index.php?action_kouhyou_detail_004_kani=true&JigyosyoCd=2270301092-00&ServiceCd=110&Type=search", "url2": "http://www.komorebi-kari.net" }, "geometry": { "type": "Point", "coordinates": [ 139.01787, 35.0867478 ] } },
{ "type": "Feature", "properties": { "内容": "あさがお訪問介護センター【訪問介護】静岡県田方郡函南町塚本１５４－１", "url": "https://www.kaigokensaku.mhlw.go.jp/22/index.php?action_kouhyou_detail_004_kani=true&JigyosyoCd=2270300854-00&ServiceCd=110&Type=search", "url2": null }, "geometry": { "type": "Point", "coordinates": [ 138.935567399999968, 35.0787405 ] } },
{ "type": "Feature", "properties": { "内容": "芽ぶき介護センター【訪問介護】田方郡函南町平井1740-1694", "url": "https://www.kaigokensaku.mhlw.go.jp/22/index.php?action_kouhyou_detail_004_kani=true&JigyosyoCd=2270300193-00&ServiceCd=110&Type=search", "url2": "http://npo-mebuki.jimdo.com" }, "geometry": { "type": "Point", "coordinates": [ 139.001175699999976, 35.0870687 ] } },
{ "type": "Feature", "properties": { "内容": "ライフアシストのぞみ【訪問介護】徳倉1594フレマリールテル202号", "url": "https://www.kaigokensaku.mhlw.go.jp/22/index.php?action_kouhyou_detail_004_kani=true&JigyosyoCd=2271300705-00&ServiceCd=110&Type=search", "url2": "life.assist.nozomi@bc5.so-net.ne.jp" }, "geometry": { "type": "Point", "coordinates": [ 138.897954756645532, 35.088560479792591 ] } },
{ "type": "Feature", "properties": { "内容": "大鳥居訪問介護サービス【訪問介護】駿東郡清水町徳倉1566－2", "url": "https://www.kaigokensaku.mhlw.go.jp/22/index.php?action_kouhyou_detail_004_kani=true&JigyosyoCd=2271300374-00&ServiceCd=110&Type=search", "url2": "http://www.ootorii.jp" }, "geometry": { "type": "Point", "coordinates": [ 138.898509600000011, 35.0893414 ] } },
{ "type": "Feature", "properties": { "内容": "ヘルパーステーションとあに【訪問介護】静岡県駿東郡清水町徳倉2539番地1", "url": "https://www.kaigokensaku.mhlw.go.jp/22/index.php?action_kouhyou_detail_004_kani=true&JigyosyoCd=2271301059-00&ServiceCd=110&Type=search", "url2": null }, "geometry": { "type": "Point", "coordinates": [ 138.893367995173776, 35.09276785467199 ] } },
{ "type": "Feature", "properties": { "内容": "医心館訪問介護ステーション三島【訪問介護】静岡県駿東郡清水町伏見39番地の１", "url": "https://www.kaigokensaku.mhlw.go.jp/22/index.php?action_kouhyou_detail_004_kani=true&JigyosyoCd=2271301273-00&ServiceCd=110&Type=search", "url2": null }, "geometry": { "type": "Point", "coordinates": [ 138.9001714, 35.1102907 ] } },
{ "type": "Feature", "properties": { "内容": "ヘルパーステーション　サルビア【訪問介護】静岡県駿東郡清水町伏見592番地2グレース伏見　Ａ107", "url": "https://www.kaigokensaku.mhlw.go.jp/22/index.php?action_kouhyou_detail_004_kani=true&JigyosyoCd=2271301133-00&ServiceCd=110&Type=search", "url2": null }, "geometry": { "type": "Point", "coordinates": [ 138.8977892, 35.1142869 ] } },
{ "type": "Feature", "properties": { "内容": "奏でる伊豆ケアサービス【訪問介護】静岡県駿東郡八幡中瀬193-6", "url": "https://www.kaigokensaku.mhlw.go.jp/22/index.php?action_kouhyou_detail_004_kani=true&JigyosyoCd=2271300739-00&ServiceCd=110&Type=search", "url2": "http://www.goodwit.jp" }, "geometry": { "type": "Point", "coordinates": [ 138.898524902130106, 35.107546552974163 ] } },
{ "type": "Feature", "properties": { "内容": "ヘルパーステーションいいな【訪問介護】静岡県駿東郡清水町柿田342-5ロイヤルコート富士見103", "url": "https://www.kaigokensaku.mhlw.go.jp/22/index.php?action_kouhyou_detail_004_kani=true&JigyosyoCd=2271300994-00&ServiceCd=110&Type=search", "url2": "http://www.sunny-walk.co.jp/" }, "geometry": { "type": "Point", "coordinates": [ 138.894466157713282, 35.100656462148237 ] } },
{ "type": "Feature", "properties": { "内容": "アクア長泉訪問介護【訪問介護】静岡県駿東郡長泉町下土狩1507-1", "url": "https://www.kaigokensaku.mhlw.go.jp/22/index.php?action_kouhyou_detail_004_kani=true&JigyosyoCd=2271301257-00&ServiceCd=110&Type=search", "url2": null }, "geometry": { "type": "Point", "coordinates": [ 138.905444, 35.1280941 ] } },
{ "type": "Feature", "properties": { "内容": "訪問介護　むすび【訪問介護】竹原263-4グランマレ・プリモ103", "url": "https://www.kaigokensaku.mhlw.go.jp/22/index.php?action_kouhyou_detail_004_kani=true&JigyosyoCd=2271301232-00&ServiceCd=110&Type=search", "url2": null }, "geometry": { "type": "Point", "coordinates": [ 138.8983, 35.116993 ] } },
{ "type": "Feature", "properties": { "内容": "さつき園ホームヘルプサービス【訪問介護】駿東郡長泉町下土狩４５７番地の２", "url": "https://www.kaigokensaku.mhlw.go.jp/22/index.php?action_kouhyou_detail_004_kani=true&JigyosyoCd=2271300201-00&ServiceCd=110&Type=search", "url2": "http://www.satsukien.or.jp/" }, "geometry": { "type": "Point", "coordinates": [ 138.899394600000051, 35.1279239 ] } },
{ "type": "Feature", "properties": { "内容": "（株）ライフサポートひやしんす【訪問介護】駿東郡長泉町中土狩３９７－４", "url": "https://www.kaigokensaku.mhlw.go.jp/22/index.php?action_kouhyou_detail_004_kani=true&JigyosyoCd=2271300382-00&ServiceCd=110&Type=search", "url2": null }, "geometry": { "type": "Point", "coordinates": [ 138.9030414, 35.1312319 ] } },
{ "type": "Feature", "properties": { "内容": "モク・オハナ訪問介護事業所【訪問介護】静岡県駿東郡長泉町下長窪７８１－１地域づくりセンター　モク・オハナ", "url": "https://www.kaigokensaku.mhlw.go.jp/22/index.php?action_kouhyou_detail_004_kani=true&JigyosyoCd=2271300788-00&ServiceCd=110&Type=search", "url2": "http://www.moku-ohana.com" }, "geometry": { "type": "Point", "coordinates": [ 138.88808419999998, 35.1375424 ] } },
{ "type": "Feature", "properties": { "内容": "長泉町在宅福祉総合センター　いずみの郷　ホームヘルプサービス事業所【訪問介護】駿東郡長泉町下土狩971番地", "url": "https://www.kaigokensaku.mhlw.go.jp/22/index.php?action_kouhyou_detail_004_kani=true&JigyosyoCd=2271300051-00&ServiceCd=110&Type=search", "url2": "http://www.nagaizumi-shakyo.jp" }, "geometry": { "type": "Point", "coordinates": [ 138.893869799999948, 35.1379813 ] } },
{ "type": "Feature", "properties": { "内容": "訪問介護えるなな【訪問介護】静岡県駿東郡長泉町下土狩1347-14まほろば", "url": "https://www.kaigokensaku.mhlw.go.jp/22/index.php?action_kouhyou_detail_004_kani=true&JigyosyoCd=2271300762-00&ServiceCd=110&Type=search", "url2": "http://www.layer-seven.co.jp/erunana/" }, "geometry": { "type": "Point", "coordinates": [ 138.898011399999973, 35.1281433 ] } },
{ "type": "Feature", "properties": { "内容": "訪問介護センター　和楽家【訪問介護】静岡県駿東郡長泉町納米里405-8カームライフ納米里", "url": "https://www.kaigokensaku.mhlw.go.jp/22/index.php?action_kouhyou_detail_004_kani=true&JigyosyoCd=2271300929-00&ServiceCd=110&Type=search", "url2": null }, "geometry": { "type": "Point", "coordinates": [ 138.894730699999968, 35.1431806 ] } },
{ "type": "Feature", "properties": { "内容": "徳風園ヘルパーステーション訪問介護事業所【訪問介護】駿東郡小山町上野１４４０－１", "url": "https://www.kaigokensaku.mhlw.go.jp/22/index.php?action_kouhyou_detail_004_kani=true&JigyosyoCd=2271300069-00&ServiceCd=110&Type=search", "url2": "https://jukohkai.moon.bindcloud.jp/" }, "geometry": { "type": "Point", "coordinates": [ 138.957287700000052, 35.3664308 ] } },
{ "type": "Feature", "properties": { "内容": "小山町社会福祉協議会訪問介護事業所【訪問介護】駿東郡小山町小山75-7小山町健康福祉会館", "url": "https://www.kaigokensaku.mhlw.go.jp/22/index.php?action_kouhyou_detail_004_kani=true&JigyosyoCd=2271300077-00&ServiceCd=110&Type=search", "url2": "http://www.fuji-oyama-wel.jp/" }, "geometry": { "type": "Point", "coordinates": [ 138.993452599999955, 35.360492 ] } },
{ "type": "Feature", "properties": { "内容": "有限会社　アイティ介護サービス【訪問介護】駿東郡小山町大胡田１０６３－４", "url": "https://www.kaigokensaku.mhlw.go.jp/22/index.php?action_kouhyou_detail_004_kani=true&JigyosyoCd=2271300275-00&ServiceCd=110&Type=search", "url2": null }, "geometry": { "type": "Point", "coordinates": [ 138.953886300000022, 35.3366046 ] } },
{ "type": "Feature", "properties": { "内容": "アサヒサンクリーンヘルパーステーション吉田【訪問介護】静岡県榛原郡吉田町神戸3333-1", "url": "https://www.kaigokensaku.mhlw.go.jp/22/index.php?action_kouhyou_detail_004_kani=true&JigyosyoCd=2275500292-00&ServiceCd=110&Type=search", "url2": "https://www.asahi-sun-clean.co.jp/" }, "geometry": { "type": "Point", "coordinates": [ 138.228407690770609, 34.785610427853726 ] } },
{ "type": "Feature", "properties": { "内容": "英弘サービス【訪問介護】静岡県榛原郡吉田町片岡2309-11-201", "url": "https://www.kaigokensaku.mhlw.go.jp/22/index.php?action_kouhyou_detail_004_kani=true&JigyosyoCd=2275500912-00&ServiceCd=110&Type=search", "url2": "https://eikouservice.jimdosite.com/" }, "geometry": { "type": "Point", "coordinates": [ 138.249044, 34.7715195 ] } },
{ "type": "Feature", "properties": { "内容": "吉田町社協訪問介護事業所【訪問介護】榛原郡吉田町片岡795-1", "url": "https://www.kaigokensaku.mhlw.go.jp/22/index.php?action_kouhyou_detail_004_kani=true&JigyosyoCd=2275500193-00&ServiceCd=110&Type=search", "url2": null }, "geometry": { "type": "Point", "coordinates": [ 138.256859399999939, 34.7715446 ] } },
{ "type": "Feature", "properties": { "内容": "まつおか薬局ホームヘルプサービス【訪問介護】榛原郡川根本町徳山８２９", "url": "https://www.kaigokensaku.mhlw.go.jp/22/index.php?action_kouhyou_detail_004_kani=true&JigyosyoCd=2245510736-00&ServiceCd=110&Type=search", "url2": "http://matsuoka-drugstore.com/blog/" }, "geometry": { "type": "Point", "coordinates": [ 138.112293799999946, 35.0754051 ] } },
{ "type": "Feature", "properties": { "内容": "森町社協ケアサービス【訪問介護】周智郡森町森５０－１", "url": "https://www.kaigokensaku.mhlw.go.jp/22/index.php?action_kouhyou_detail_004_kani=true&JigyosyoCd=2276300049-00&ServiceCd=110&Type=search", "url2": "http://www.mori-shakyou.or.jp/" }, "geometry": { "type": "Point", "coordinates": [ 137.928474100000017, 34.8368883 ] } },
{ "type": "Feature", "properties": { "内容": "ニチイケアセンター森町【訪問介護】森1726-1フルール102", "url": "https://www.kaigokensaku.mhlw.go.jp/22/index.php?action_kouhyou_detail_004_kani=true&JigyosyoCd=2276300296-00&ServiceCd=110&Type=search", "url2": "ｈｓｔAV2＠ｎｉｃｈｉｉｇａｋｋａｎ．ｃｏ．ｊｐ" }, "geometry": { "type": "Point", "coordinates": [ 137.9214392, 34.8315971 ] } },
{ "type": "Feature", "properties": { "内容": "森町愛光園ホームヘルパーステーション【訪問介護】周智郡森町天宮1350番地森町愛光園天宮サテライト内", "url": "https://www.kaigokensaku.mhlw.go.jp/22/index.php?action_kouhyou_detail_004_kani=true&JigyosyoCd=2276300262-00&ServiceCd=110&Type=search", "url2": "http://www.seirei.or.jp/elderlyhome/morimachi/" }, "geometry": { "type": "Point", "coordinates": [ 137.930268299999966, 34.8412099 ] } }
]
}
