{
"type": "FeatureCollection",
"name": "geo_22_5",
"crs": { "type": "name", "properties": { "name": "urn:ogc:def:crs:OGC:1.3:CRS84" } },
"features": [
{ "type": "Feature", "properties": { "ID": "2252240210266", "正式名称": "Ｉ＆Ｈ下田薬局", "機関区分": 5, "都道府県コード": 22, "市区町村コード": 219, "所在地": "静岡県下田市六丁目４－１０", "緯度": 34.674167, "経度": 138.938058, "url": "https://www.iryou.teikyouseido.mhlw.go.jp/znk-web/juminkanja/S2430/initialize?prefCd=22&kikanCd=2240210266&kikanKbn=5", "url2": null, "内容": "Ｉ＆Ｈ下田薬局【5:薬局】静岡県下田市六丁目４－１０" }, "geometry": { "type": "Point", "coordinates": [ 138.938058, 34.674167 ] } },
{ "type": "Feature", "properties": { "ID": "2252241210323", "正式名称": "有限会社　なのはな薬局", "機関区分": 5, "都道府県コード": 22, "市区町村コード": 215, "所在地": "静岡県御殿場市神山７３８－７１", "緯度": 35.236816, "経度": 138.923812, "url": "https://www.iryou.teikyouseido.mhlw.go.jp/znk-web/juminkanja/S2430/initialize?prefCd=22&kikanCd=2241210323&kikanKbn=5", "url2": "www.e-classa.net/nanohana-phm", "内容": "有限会社　なのはな薬局【5:薬局】静岡県御殿場市神山７３８－７１" }, "geometry": { "type": "Point", "coordinates": [ 138.923812, 35.236816 ] } },
{ "type": "Feature", "properties": { "ID": "2257220100110", "正式名称": "有限会社下田調剤センターヒカリ薬局", "機関区分": 5, "都道府県コード": 22, "市区町村コード": 219, "所在地": "静岡県下田市西本郷１－１３－１３", "緯度": 34.681288, "経度": 138.943072, "url": "https://www.iryou.teikyouseido.mhlw.go.jp/znk-web/juminkanja/S2430/initialize?prefCd=22&kikanCd=7220100110&kikanKbn=5", "url2": "http://hikari-pharmacy.com/", "内容": "有限会社下田調剤センターヒカリ薬局【5:薬局】静岡県下田市西本郷１－１３－１３" }, "geometry": { "type": "Point", "coordinates": [ 138.943072, 34.681288 ] } },
{ "type": "Feature", "properties": { "ID": "2257220100120", "正式名称": "有限会社下田調剤センターヒカリ薬局白浜店", "機関区分": 5, "都道府県コード": 22, "市区町村コード": 219, "所在地": "静岡県下田市白浜字神明１５２８－５", "緯度": 34.696871, "経度": 138.970596, "url": "https://www.iryou.teikyouseido.mhlw.go.jp/znk-web/juminkanja/S2430/initialize?prefCd=22&kikanCd=7220100120&kikanKbn=5", "url2": "http://hikari-pharmacy.com/", "内容": "有限会社下田調剤センターヒカリ薬局白浜店【5:薬局】静岡県下田市白浜字神明１５２８－５" }, "geometry": { "type": "Point", "coordinates": [ 138.970596, 34.696871 ] } },
{ "type": "Feature", "properties": { "ID": "2257220100130", "正式名称": "（有）下田調剤センターヒカリ薬局中村店", "機関区分": 5, "都道府県コード": 22, "市区町村コード": 219, "所在地": "静岡県下田市東中６－１", "緯度": 34.688038, "経度": 138.944988, "url": "https://www.iryou.teikyouseido.mhlw.go.jp/znk-web/juminkanja/S2430/initialize?prefCd=22&kikanCd=7220100130&kikanKbn=5", "url2": "https://hikari-pharmacy.com/", "内容": "（有）下田調剤センターヒカリ薬局中村店【5:薬局】静岡県下田市東中６－１" }, "geometry": { "type": "Point", "coordinates": [ 138.944988, 34.688038 ] } },
{ "type": "Feature", "properties": { "ID": "2257220100140", "正式名称": "有限会社下田調剤センターヒカリ薬局東本郷店", "機関区分": 5, "都道府県コード": 22, "市区町村コード": 219, "所在地": "静岡県下田市東本郷２－２－２", "緯度": 34.682554, "経度": 138.94584, "url": "https://www.iryou.teikyouseido.mhlw.go.jp/znk-web/juminkanja/S2430/initialize?prefCd=22&kikanCd=7220100140&kikanKbn=5", "url2": "http://hikari-pharmacy.com/", "内容": "有限会社下田調剤センターヒカリ薬局東本郷店【5:薬局】静岡県下田市東本郷２－２－２" }, "geometry": { "type": "Point", "coordinates": [ 138.94584, 34.682554 ] } },
{ "type": "Feature", "properties": { "ID": "2257220100150", "正式名称": "有限会社下田調剤センターヒカリ薬局広岡店", "機関区分": 5, "都道府県コード": 22, "市区町村コード": 219, "所在地": "静岡県下田市二丁目１３番４号", "緯度": 34.674234, "経度": 138.942433, "url": "https://www.iryou.teikyouseido.mhlw.go.jp/znk-web/juminkanja/S2430/initialize?prefCd=22&kikanCd=7220100150&kikanKbn=5", "url2": "http://hikari-pharmacy.com/", "内容": "有限会社下田調剤センターヒカリ薬局広岡店【5:薬局】静岡県下田市二丁目１３番４号" }, "geometry": { "type": "Point", "coordinates": [ 138.942433, 34.674234 ] } },
{ "type": "Feature", "properties": { "ID": "2257220100200", "正式名称": "トミタ薬局", "機関区分": 5, "都道府県コード": 22, "市区町村コード": 301, "所在地": "静岡県賀茂郡東伊豆町稲取６７２－１", "緯度": 34.76942, "経度": 139.041615, "url": "https://www.iryou.teikyouseido.mhlw.go.jp/znk-web/juminkanja/S2430/initialize?prefCd=22&kikanCd=7220100200&kikanKbn=5", "url2": null, "内容": "トミタ薬局【5:薬局】静岡県賀茂郡東伊豆町稲取６７２－１" }, "geometry": { "type": "Point", "coordinates": [ 139.041615, 34.76942 ] } },
{ "type": "Feature", "properties": { "ID": "2257220100230", "正式名称": "有限会社ヤシロ薬局", "機関区分": 5, "都道府県コード": 22, "市区町村コード": 301, "所在地": "静岡県賀茂郡東伊豆町稲取６５１－１", "緯度": 34.76842, "経度": 139.040337, "url": "https://www.iryou.teikyouseido.mhlw.go.jp/znk-web/juminkanja/S2430/initialize?prefCd=22&kikanCd=7220100230&kikanKbn=5", "url2": null, "内容": "有限会社ヤシロ薬局【5:薬局】静岡県賀茂郡東伊豆町稲取６５１－１" }, "geometry": { "type": "Point", "coordinates": [ 139.040337, 34.76842 ] } },
{ "type": "Feature", "properties": { "ID": "2257220100250", "正式名称": "有限会社下田調剤センターヒカリ薬局河津店", "機関区分": 5, "都道府県コード": 22, "市区町村コード": 302, "所在地": "静岡県賀茂郡河津町笹原３０１－３", "緯度": 34.749004, "経度": 138.994453, "url": "https://www.iryou.teikyouseido.mhlw.go.jp/znk-web/juminkanja/S2430/initialize?prefCd=22&kikanCd=7220100250&kikanKbn=5", "url2": "http://www.hikari-pharmacy.com/", "内容": "有限会社下田調剤センターヒカリ薬局河津店【5:薬局】静岡県賀茂郡河津町笹原３０１－３" }, "geometry": { "type": "Point", "coordinates": [ 138.994453, 34.749004 ] } },
{ "type": "Feature", "properties": { "ID": "2257220100260", "正式名称": "（有）ゆがの薬局本店", "機関区分": 5, "都道府県コード": 22, "市区町村コード": 302, "所在地": "静岡県賀茂郡河津町浜１４９－４", "緯度": 34.747671, "経度": 138.995342, "url": "https://www.iryou.teikyouseido.mhlw.go.jp/znk-web/juminkanja/S2430/initialize?prefCd=22&kikanCd=7220100260&kikanKbn=5", "url2": "http://www.yugano-ph.co.jp", "内容": "（有）ゆがの薬局本店【5:薬局】静岡県賀茂郡河津町浜１４９－４" }, "geometry": { "type": "Point", "coordinates": [ 138.995342, 34.747671 ] } },
{ "type": "Feature", "properties": { "ID": "2257220100290", "正式名称": "ひまわり薬局松崎店", "機関区分": 5, "都道府県コード": 22, "市区町村コード": 305, "所在地": "静岡県賀茂郡松崎町松崎３７３－３", "緯度": 34.754646, "経度": 138.777661, "url": "https://www.iryou.teikyouseido.mhlw.go.jp/znk-web/juminkanja/S2430/initialize?prefCd=22&kikanCd=7220100290&kikanKbn=5", "url2": "https://www.ark-pharm.com/shop/himawari-matsuzaki/", "内容": "ひまわり薬局松崎店【5:薬局】静岡県賀茂郡松崎町松崎３７３－３" }, "geometry": { "type": "Point", "coordinates": [ 138.777661, 34.754646 ] } },
{ "type": "Feature", "properties": { "ID": "2257220100320", "正式名称": "うさぎ薬局　仁科店", "機関区分": 5, "都道府県コード": 22, "市区町村コード": 306, "所在地": "静岡県賀茂郡西伊豆町仁科１３９", "緯度": 34.769998, "経度": 138.78047, "url": "https://www.iryou.teikyouseido.mhlw.go.jp/znk-web/juminkanja/S2430/initialize?prefCd=22&kikanCd=7220100320&kikanKbn=5", "url2": "http://usagipharmacy.com/", "内容": "うさぎ薬局　仁科店【5:薬局】静岡県賀茂郡西伊豆町仁科１３９" }, "geometry": { "type": "Point", "coordinates": [ 138.78047, 34.769998 ] } },
{ "type": "Feature", "properties": { "ID": "2257220100340", "正式名称": "ひまわり薬局", "機関区分": 5, "都道府県コード": 22, "市区町村コード": 306, "所在地": "静岡県賀茂郡西伊豆町宇久須４３４－２", "緯度": 34.848038, "経度": 138.777215, "url": "https://www.iryou.teikyouseido.mhlw.go.jp/znk-web/juminkanja/S2430/initialize?prefCd=22&kikanCd=7220100340&kikanKbn=5", "url2": "https://www.ark-pharm.com/shop/himawari-ugusu/", "内容": "ひまわり薬局【5:薬局】静岡県賀茂郡西伊豆町宇久須４３４－２" }, "geometry": { "type": "Point", "coordinates": [ 138.777215, 34.848038 ] } },
{ "type": "Feature", "properties": { "ID": "2257220100350", "正式名称": "有限会社下田調剤センター　ヒカリ薬局上の山店", "機関区分": 5, "都道府県コード": 22, "市区町村コード": 219, "所在地": "静岡県下田市柿崎字大坪４３２－６", "緯度": 34.677137, "経度": 138.964895, "url": "https://www.iryou.teikyouseido.mhlw.go.jp/znk-web/juminkanja/S2430/initialize?prefCd=22&kikanCd=7220100350&kikanKbn=5", "url2": "http://hikari-pharmacy.com/", "内容": "有限会社下田調剤センター　ヒカリ薬局上の山店【5:薬局】静岡県下田市柿崎字大坪４３２－６" }, "geometry": { "type": "Point", "coordinates": [ 138.964895, 34.677137 ] } },
{ "type": "Feature", "properties": { "ID": "2257220100360", "正式名称": "あたがわ薬局", "機関区分": 5, "都道府県コード": 22, "市区町村コード": 301, "所在地": "静岡県賀茂郡東伊豆町奈良本１２４０－１５２", "緯度": 34.818415, "経度": 139.071055, "url": "https://www.iryou.teikyouseido.mhlw.go.jp/znk-web/juminkanja/S2430/initialize?prefCd=22&kikanCd=7220100360&kikanKbn=5", "url2": null, "内容": "あたがわ薬局【5:薬局】静岡県賀茂郡東伊豆町奈良本１２４０－１５２" }, "geometry": { "type": "Point", "coordinates": [ 139.071055, 34.818415 ] } },
{ "type": "Feature", "properties": { "ID": "2257220100380", "正式名称": "あおば薬局", "機関区分": 5, "都道府県コード": 22, "市区町村コード": 305, "所在地": "静岡県賀茂郡松崎町江奈２２９－３－１", "緯度": 34.756139, "経度": 138.77961, "url": "https://www.iryou.teikyouseido.mhlw.go.jp/znk-web/juminkanja/S2430/initialize?prefCd=22&kikanCd=7220100380&kikanKbn=5", "url2": null, "内容": "あおば薬局【5:薬局】静岡県賀茂郡松崎町江奈２２９－３－１" }, "geometry": { "type": "Point", "coordinates": [ 138.77961, 34.756139 ] } },
{ "type": "Feature", "properties": { "ID": "2257220100390", "正式名称": "みなと薬局　下賀茂店", "機関区分": 5, "都道府県コード": 22, "市区町村コード": 304, "所在地": "静岡県賀茂郡南伊豆町下賀茂１９３－２", "緯度": 34.651485, "経度": 138.863191, "url": "https://www.iryou.teikyouseido.mhlw.go.jp/znk-web/juminkanja/S2430/initialize?prefCd=22&kikanCd=7220100390&kikanKbn=5", "url2": "https://www.ark-pharm.com/shop/minato/", "内容": "みなと薬局　下賀茂店【5:薬局】静岡県賀茂郡南伊豆町下賀茂１９３－２" }, "geometry": { "type": "Point", "coordinates": [ 138.863191, 34.651485 ] } },
{ "type": "Feature", "properties": { "ID": "2257220100400", "正式名称": "ヒカリ薬局　高馬店", "機関区分": 5, "都道府県コード": 22, "市区町村コード": 219, "所在地": "静岡県下田市高馬１３２－１", "緯度": 34.691843, "経度": 138.938516, "url": "https://www.iryou.teikyouseido.mhlw.go.jp/znk-web/juminkanja/S2430/initialize?prefCd=22&kikanCd=7220100400&kikanKbn=5", "url2": "http://hikari-pharmacy.com", "内容": "ヒカリ薬局　高馬店【5:薬局】静岡県下田市高馬１３２－１" }, "geometry": { "type": "Point", "coordinates": [ 138.938516, 34.691843 ] } },
{ "type": "Feature", "properties": { "ID": "2257220100410", "正式名称": "今井浜薬局", "機関区分": 5, "都道府県コード": 22, "市区町村コード": 302, "所在地": "静岡県賀茂郡河津町見高１６４－１１", "緯度": 34.753964, "経度": 139.004142, "url": "https://www.iryou.teikyouseido.mhlw.go.jp/znk-web/juminkanja/S2430/initialize?prefCd=22&kikanCd=7220100410&kikanKbn=5", "url2": "https://www.imaihama-pharm.com/", "内容": "今井浜薬局【5:薬局】静岡県賀茂郡河津町見高１６４－１１" }, "geometry": { "type": "Point", "coordinates": [ 139.004142, 34.753964 ] } },
{ "type": "Feature", "properties": { "ID": "2257220100420", "正式名称": "上河津薬局", "機関区分": 5, "都道府県コード": 22, "市区町村コード": 302, "所在地": "静岡県賀茂郡河津町下佐ケ野３７４", "緯度": 34.772601, "経度": 138.959467, "url": "https://www.iryou.teikyouseido.mhlw.go.jp/znk-web/juminkanja/S2430/initialize?prefCd=22&kikanCd=7220100420&kikanKbn=5", "url2": "https://www.imaihama-pharm.com/", "内容": "上河津薬局【5:薬局】静岡県賀茂郡河津町下佐ケ野３７４" }, "geometry": { "type": "Point", "coordinates": [ 138.959467, 34.772601 ] } },
{ "type": "Feature", "properties": { "ID": "2257220100440", "正式名称": "丸善薬局", "機関区分": 5, "都道府県コード": 22, "市区町村コード": 302, "所在地": "静岡県賀茂郡河津町浜１４２－２", "緯度": 34.746727, "経度": 138.995981, "url": "https://www.iryou.teikyouseido.mhlw.go.jp/znk-web/juminkanja/S2430/initialize?prefCd=22&kikanCd=7220100440&kikanKbn=5", "url2": null, "内容": "丸善薬局【5:薬局】静岡県賀茂郡河津町浜１４２－２" }, "geometry": { "type": "Point", "coordinates": [ 138.995981, 34.746727 ] } },
{ "type": "Feature", "properties": { "ID": "2257220100460", "正式名称": "株式会社なのはな薬局", "機関区分": 5, "都道府県コード": 22, "市区町村コード": 304, "所在地": "静岡県賀茂郡南伊豆町手石３２１番地", "緯度": 34.639226, "経度": 138.882394, "url": "https://www.iryou.teikyouseido.mhlw.go.jp/znk-web/juminkanja/S2430/initialize?prefCd=22&kikanCd=7220100460&kikanKbn=5", "url2": null, "内容": "株式会社なのはな薬局【5:薬局】静岡県賀茂郡南伊豆町手石３２１番地" }, "geometry": { "type": "Point", "coordinates": [ 138.882394, 34.639226 ] } },
{ "type": "Feature", "properties": { "ID": "2257220100470", "正式名称": "田子薬局", "機関区分": 5, "都道府県コード": 22, "市区町村コード": 306, "所在地": "静岡県賀茂郡西伊豆町田子９４５－１", "緯度": 34.809971, "経度": 138.767832, "url": "https://www.iryou.teikyouseido.mhlw.go.jp/znk-web/juminkanja/S2430/initialize?prefCd=22&kikanCd=7220100470&kikanKbn=5", "url2": "http//:www.takahashieiseido.com", "内容": "田子薬局【5:薬局】静岡県賀茂郡西伊豆町田子９４５－１" }, "geometry": { "type": "Point", "coordinates": [ 138.767832, 34.809971 ] } },
{ "type": "Feature", "properties": { "ID": "2257220100480", "正式名称": "アイセイ薬局伊豆下田店", "機関区分": 5, "都道府県コード": 22, "市区町村コード": 219, "所在地": "静岡県下田市一丁目１９－２９", "緯度": 34.675862, "経度": 138.943597, "url": "https://www.iryou.teikyouseido.mhlw.go.jp/znk-web/juminkanja/S2430/initialize?prefCd=22&kikanCd=7220100480&kikanKbn=5", "url2": "https://www.aisei.co.jp/", "内容": "アイセイ薬局伊豆下田店【5:薬局】静岡県下田市一丁目１９－２９" }, "geometry": { "type": "Point", "coordinates": [ 138.943597, 34.675862 ] } },
{ "type": "Feature", "properties": { "ID": "2257220100490", "正式名称": "ウエルシア薬局西伊豆仁科店", "機関区分": 5, "都道府県コード": 22, "市区町村コード": 306, "所在地": "静岡県賀茂郡西伊豆町仁科３２０", "緯度": 34.768632, "経度": 138.776565, "url": "https://www.iryou.teikyouseido.mhlw.go.jp/znk-web/juminkanja/S2430/initialize?prefCd=22&kikanCd=7220100490&kikanKbn=5", "url2": "http://www.welcia-yakkyoku.co.jp/", "内容": "ウエルシア薬局西伊豆仁科店【5:薬局】静岡県賀茂郡西伊豆町仁科３２０" }, "geometry": { "type": "Point", "coordinates": [ 138.776565, 34.768632 ] } },
{ "type": "Feature", "properties": { "ID": "2257220100500", "正式名称": "あらり薬局", "機関区分": 5, "都道府県コード": 22, "市区町村コード": 306, "所在地": "静岡県賀茂郡西伊豆町安良里３３６ー１", "緯度": 34.826524, "経度": 138.772098, "url": "https://www.iryou.teikyouseido.mhlw.go.jp/znk-web/juminkanja/S2430/initialize?prefCd=22&kikanCd=7220100500&kikanKbn=5", "url2": "http://arari-yakkyoku.com", "内容": "あらり薬局【5:薬局】静岡県賀茂郡西伊豆町安良里３３６ー１" }, "geometry": { "type": "Point", "coordinates": [ 138.772098, 34.826524 ] } },
{ "type": "Feature", "properties": { "ID": "2257220100510", "正式名称": "ウエルシア薬局河津店", "機関区分": 5, "都道府県コード": 22, "市区町村コード": 302, "所在地": "静岡県賀茂郡河津町浜９４－２", "緯度": 34.745987, "経度": 138.995552, "url": "https://www.iryou.teikyouseido.mhlw.go.jp/znk-web/juminkanja/S2430/initialize?prefCd=22&kikanCd=7220100510&kikanKbn=5", "url2": null, "内容": "ウエルシア薬局河津店【5:薬局】静岡県賀茂郡河津町浜９４－２" }, "geometry": { "type": "Point", "coordinates": [ 138.995552, 34.745987 ] } },
{ "type": "Feature", "properties": { "ID": "2257220100520", "正式名称": "ヒカリ薬局あおいち店", "機関区分": 5, "都道府県コード": 22, "市区町村コード": 304, "所在地": "静岡県賀茂郡南伊豆町青市字宮ノ後下５６５－１２", "緯度": 34.659858, "経度": 138.889835, "url": "https://www.iryou.teikyouseido.mhlw.go.jp/znk-web/juminkanja/S2430/initialize?prefCd=22&kikanCd=7220100520&kikanKbn=5", "url2": "https://hikari-pharmacy.com/", "内容": "ヒカリ薬局あおいち店【5:薬局】静岡県賀茂郡南伊豆町青市字宮ノ後下５６５－１２" }, "geometry": { "type": "Point", "coordinates": [ 138.889835, 34.659858 ] } },
{ "type": "Feature", "properties": { "ID": "2257220100530", "正式名称": "山岸屋薬局", "機関区分": 5, "都道府県コード": 22, "市区町村コード": 219, "所在地": "静岡県下田市二丁目１３ー３２", "緯度": 34.673994, "経度": 138.942102, "url": "https://www.iryou.teikyouseido.mhlw.go.jp/znk-web/juminkanja/S2430/initialize?prefCd=22&kikanCd=7220100530&kikanKbn=5", "url2": null, "内容": "山岸屋薬局【5:薬局】静岡県下田市二丁目１３ー３２" }, "geometry": { "type": "Point", "coordinates": [ 138.942102, 34.673994 ] } },
{ "type": "Feature", "properties": { "ID": "2257220100540", "正式名称": "ウエルシア薬局下田吉佐美店", "機関区分": 5, "都道府県コード": 22, "市区町村コード": 219, "所在地": "静岡県下田市吉佐美１４６１ー１", "緯度": 34.666668, "経度": 138.911665, "url": "https://www.iryou.teikyouseido.mhlw.go.jp/znk-web/juminkanja/S2430/initialize?prefCd=22&kikanCd=7220100540&kikanKbn=5", "url2": "https://www.welcia-yakkyoku.co.jp/", "内容": "ウエルシア薬局下田吉佐美店【5:薬局】静岡県下田市吉佐美１４６１ー１" }, "geometry": { "type": "Point", "coordinates": [ 138.911665, 34.666668 ] } },
{ "type": "Feature", "properties": { "ID": "2257220200070", "正式名称": "かもめ薬局", "機関区分": 5, "都道府県コード": 22, "市区町村コード": 205, "所在地": "静岡県熱海市田原本町９－１　熱海駅前第一ビル２階", "緯度": 35.103357, "経度": 139.079124, "url": "https://www.iryou.teikyouseido.mhlw.go.jp/znk-web/juminkanja/S2430/initialize?prefCd=22&kikanCd=7220200070&kikanKbn=5", "url2": null, "内容": "かもめ薬局【5:薬局】静岡県熱海市田原本町９－１　熱海駅前第一ビル２階" }, "geometry": { "type": "Point", "coordinates": [ 139.079124, 35.103357 ] } },
{ "type": "Feature", "properties": { "ID": "2257220200080", "正式名称": "合資会社杉本薬局", "機関区分": 5, "都道府県コード": 22, "市区町村コード": 205, "所在地": "静岡県熱海市銀座町１０番１８号", "緯度": 35.096635, "経度": 139.074236, "url": "https://www.iryou.teikyouseido.mhlw.go.jp/znk-web/juminkanja/S2430/initialize?prefCd=22&kikanCd=7220200080&kikanKbn=5", "url2": null, "内容": "合資会社杉本薬局【5:薬局】静岡県熱海市銀座町１０番１８号" }, "geometry": { "type": "Point", "coordinates": [ 139.074236, 35.096635 ] } },
{ "type": "Feature", "properties": { "ID": "2257220200110", "正式名称": "スミレ薬局", "機関区分": 5, "都道府県コード": 22, "市区町村コード": 205, "所在地": "静岡県熱海市昭和町２０－１４", "緯度": 35.091163, "経度": 139.068598, "url": "https://www.iryou.teikyouseido.mhlw.go.jp/znk-web/juminkanja/S2430/initialize?prefCd=22&kikanCd=7220200110&kikanKbn=5", "url2": "http://www.lilac-group.co.jp", "内容": "スミレ薬局【5:薬局】静岡県熱海市昭和町２０－１４" }, "geometry": { "type": "Point", "coordinates": [ 139.068598, 35.091163 ] } },
{ "type": "Feature", "properties": { "ID": "2257220200150", "正式名称": "ながつき薬局熱海店", "機関区分": 5, "都道府県コード": 22, "市区町村コード": 205, "所在地": "静岡県熱海市田原本町９－１　熱海第１ビル１階", "緯度": 35.103357, "経度": 139.079124, "url": "https://www.iryou.teikyouseido.mhlw.go.jp/znk-web/juminkanja/S2430/initialize?prefCd=22&kikanCd=7220200150&kikanKbn=5", "url2": "https://www.kusurinomadoguchi.com/shizuoka/s119156", "内容": "ながつき薬局熱海店【5:薬局】静岡県熱海市田原本町９－１　熱海第１ビル１階" }, "geometry": { "type": "Point", "coordinates": [ 139.079124, 35.103357 ] } },
{ "type": "Feature", "properties": { "ID": "2257220200170", "正式名称": "メグミ薬局", "機関区分": 5, "都道府県コード": 22, "市区町村コード": 205, "所在地": "静岡県熱海市昭和町１３番２２号", "緯度": 35.091386, "経度": 139.069653, "url": "https://www.iryou.teikyouseido.mhlw.go.jp/znk-web/juminkanja/S2430/initialize?prefCd=22&kikanCd=7220200170&kikanKbn=5", "url2": null, "内容": "メグミ薬局【5:薬局】静岡県熱海市昭和町１３番２２号" }, "geometry": { "type": "Point", "coordinates": [ 139.069653, 35.091386 ] } },
{ "type": "Feature", "properties": { "ID": "2257220200190", "正式名称": "有限会社高橋薬局", "機関区分": 5, "都道府県コード": 22, "市区町村コード": 205, "所在地": "静岡県熱海市清水町１－１６", "緯度": 35.094663, "経度": 139.071486, "url": "https://www.iryou.teikyouseido.mhlw.go.jp/znk-web/juminkanja/S2430/initialize?prefCd=22&kikanCd=7220200190&kikanKbn=5", "url2": "https://www.yakuzaishi-net.com/", "内容": "有限会社高橋薬局【5:薬局】静岡県熱海市清水町１－１６" }, "geometry": { "type": "Point", "coordinates": [ 139.071486, 35.094663 ] } },
{ "type": "Feature", "properties": { "ID": "2257220200230", "正式名称": "あい薬局", "機関区分": 5, "都道府県コード": 22, "市区町村コード": 208, "所在地": "静岡県伊東市川奈１２５６－１９１", "緯度": 34.954294, "経度": 139.114341, "url": "https://www.iryou.teikyouseido.mhlw.go.jp/znk-web/juminkanja/S2430/initialize?prefCd=22&kikanCd=7220200230&kikanKbn=5", "url2": null, "内容": "あい薬局【5:薬局】静岡県伊東市川奈１２５６－１９１" }, "geometry": { "type": "Point", "coordinates": [ 139.114341, 34.954294 ] } },
{ "type": "Feature", "properties": { "ID": "2257220200270", "正式名称": "おおぞら薬局みはらし店", "機関区分": 5, "都道府県コード": 22, "市区町村コード": 208, "所在地": "静岡県伊東市岡２１７－２８", "緯度": 34.9619, "経度": 139.088436, "url": "https://www.iryou.teikyouseido.mhlw.go.jp/znk-web/juminkanja/S2430/initialize?prefCd=22&kikanCd=7220200270&kikanKbn=5", "url2": "www.oozora-yakkyoku.com", "内容": "おおぞら薬局みはらし店【5:薬局】静岡県伊東市岡２１７－２８" }, "geometry": { "type": "Point", "coordinates": [ 139.088436, 34.9619 ] } },
{ "type": "Feature", "properties": { "ID": "2257220200310", "正式名称": "岩下薬局吉田店", "機関区分": 5, "都道府県コード": 22, "市区町村コード": 208, "所在地": "静岡県伊東市吉田５７３－１", "緯度": 34.935514, "経度": 139.119684, "url": "https://www.iryou.teikyouseido.mhlw.go.jp/znk-web/juminkanja/S2430/initialize?prefCd=22&kikanCd=7220200310&kikanKbn=5", "url2": "https://dpc-net.ne.jp/storeinfo/shizuoka/shizuoka-iwashita-yoshida/", "内容": "岩下薬局吉田店【5:薬局】静岡県伊東市吉田５７３－１" }, "geometry": { "type": "Point", "coordinates": [ 139.119684, 34.935514 ] } },
{ "type": "Feature", "properties": { "ID": "2257220200330", "正式名称": "うさぎ薬局岡店", "機関区分": 5, "都道府県コード": 22, "市区町村コード": 208, "所在地": "静岡県伊東市岡２１７－２５", "緯度": 34.962122, "経度": 139.088547, "url": "https://www.iryou.teikyouseido.mhlw.go.jp/znk-web/juminkanja/S2430/initialize?prefCd=22&kikanCd=7220200330&kikanKbn=5", "url2": "http://usagipharmacy.com/", "内容": "うさぎ薬局岡店【5:薬局】静岡県伊東市岡２１７－２５" }, "geometry": { "type": "Point", "coordinates": [ 139.088547, 34.962122 ] } },
{ "type": "Feature", "properties": { "ID": "2257220200350", "正式名称": "うさぎ薬局和田店", "機関区分": 5, "都道府県コード": 22, "市区町村コード": 208, "所在地": "静岡県伊東市竹の内２－７－３", "緯度": 34.968927, "経度": 139.099684, "url": "https://www.iryou.teikyouseido.mhlw.go.jp/znk-web/juminkanja/S2430/initialize?prefCd=22&kikanCd=7220200350&kikanKbn=5", "url2": "http://usagipharmacy.com", "内容": "うさぎ薬局和田店【5:薬局】静岡県伊東市竹の内２－７－３" }, "geometry": { "type": "Point", "coordinates": [ 139.099684, 34.968927 ] } },
{ "type": "Feature", "properties": { "ID": "2257220200360", "正式名称": "オレンジ薬局", "機関区分": 5, "都道府県コード": 22, "市区町村コード": 208, "所在地": "静岡県伊東市湯川１－２－７", "緯度": 34.973565, "経度": 139.095212, "url": "https://www.iryou.teikyouseido.mhlw.go.jp/znk-web/juminkanja/S2430/initialize?prefCd=22&kikanCd=7220200360&kikanKbn=5", "url2": "https://aimedical-s.co.jp", "内容": "オレンジ薬局【5:薬局】静岡県伊東市湯川１－２－７" }, "geometry": { "type": "Point", "coordinates": [ 139.095212, 34.973565 ] } },
{ "type": "Feature", "properties": { "ID": "2257220200420", "正式名称": "くるみ薬局伊豆高原店", "機関区分": 5, "都道府県コード": 22, "市区町村コード": 208, "所在地": "静岡県伊東市八幡野１１９０－１", "緯度": 34.876909, "経度": 139.103355, "url": "https://www.iryou.teikyouseido.mhlw.go.jp/znk-web/juminkanja/S2430/initialize?prefCd=22&kikanCd=7220200420&kikanKbn=5", "url2": null, "内容": "くるみ薬局伊豆高原店【5:薬局】静岡県伊東市八幡野１１９０－１" }, "geometry": { "type": "Point", "coordinates": [ 139.103355, 34.876909 ] } },
{ "type": "Feature", "properties": { "ID": "2257220200450", "正式名称": "新丁薬局", "機関区分": 5, "都道府県コード": 22, "市区町村コード": 208, "所在地": "静岡県伊東市中央町９－２２", "緯度": 34.972093, "経度": 139.094657, "url": "https://www.iryou.teikyouseido.mhlw.go.jp/znk-web/juminkanja/S2430/initialize?prefCd=22&kikanCd=7220200450&kikanKbn=5", "url2": "sites.google.com/view/sintyou/%E3%83%9B%E3%83%BC%E3%83%A0", "内容": "新丁薬局【5:薬局】静岡県伊東市中央町９－２２" }, "geometry": { "type": "Point", "coordinates": [ 139.094657, 34.972093 ] } },
{ "type": "Feature", "properties": { "ID": "2257220200510", "正式名称": "ポプラ薬局川奈店", "機関区分": 5, "都道府県コード": 22, "市区町村コード": 208, "所在地": "静岡県伊東市川奈１２２５－２５５", "緯度": 34.950929, "経度": 139.119239, "url": "https://www.iryou.teikyouseido.mhlw.go.jp/znk-web/juminkanja/S2430/initialize?prefCd=22&kikanCd=7220200510&kikanKbn=5", "url2": "http://www.pfc-poplar.co.jp/", "内容": "ポプラ薬局川奈店【5:薬局】静岡県伊東市川奈１２２５－２５５" }, "geometry": { "type": "Point", "coordinates": [ 139.119239, 34.950929 ] } },
{ "type": "Feature", "properties": { "ID": "2257220200530", "正式名称": "堀野薬局宇佐美店", "機関区分": 5, "都道府県コード": 22, "市区町村コード": 208, "所在地": "静岡県伊東市宇佐美１９６８－８", "緯度": 35.002895, "経度": 139.077379, "url": "https://www.iryou.teikyouseido.mhlw.go.jp/znk-web/juminkanja/S2430/initialize?prefCd=22&kikanCd=7220200530&kikanKbn=5", "url2": null, "内容": "堀野薬局宇佐美店【5:薬局】静岡県伊東市宇佐美１９６８－８" }, "geometry": { "type": "Point", "coordinates": [ 139.077379, 35.002895 ] } },
{ "type": "Feature", "properties": { "ID": "2257220200540", "正式名称": "ほりの薬局瓶山店", "機関区分": 5, "都道府県コード": 22, "市区町村コード": 208, "所在地": "静岡県伊東市瓶山１－９－８", "緯度": 34.9619, "経度": 139.095491, "url": "https://www.iryou.teikyouseido.mhlw.go.jp/znk-web/juminkanja/S2430/initialize?prefCd=22&kikanCd=7220200540&kikanKbn=5", "url2": null, "内容": "ほりの薬局瓶山店【5:薬局】静岡県伊東市瓶山１－９－８" }, "geometry": { "type": "Point", "coordinates": [ 139.095491, 34.9619 ] } },
{ "type": "Feature", "properties": { "ID": "2257220200550", "正式名称": "有限会社マンヤ薬局", "機関区分": 5, "都道府県コード": 22, "市区町村コード": 208, "所在地": "静岡県伊東市宇佐美１８１４", "緯度": 35.005867, "経度": 139.08124, "url": "https://www.iryou.teikyouseido.mhlw.go.jp/znk-web/juminkanja/S2430/initialize?prefCd=22&kikanCd=7220200550&kikanKbn=5", "url2": null, "内容": "有限会社マンヤ薬局【5:薬局】静岡県伊東市宇佐美１８１４" }, "geometry": { "type": "Point", "coordinates": [ 139.08124, 35.005867 ] } },
{ "type": "Feature", "properties": { "ID": "2257220200610", "正式名称": "有限会社ふじみ薬局", "機関区分": 5, "都道府県コード": 22, "市区町村コード": 208, "所在地": "静岡県伊東市玖須美元和田７２９－２３９", "緯度": 34.952762, "経度": 139.107823, "url": "https://www.iryou.teikyouseido.mhlw.go.jp/znk-web/juminkanja/S2430/initialize?prefCd=22&kikanCd=7220200610&kikanKbn=5", "url2": null, "内容": "有限会社ふじみ薬局【5:薬局】静岡県伊東市玖須美元和田７２９－２３９" }, "geometry": { "type": "Point", "coordinates": [ 139.107823, 34.952762 ] } },
{ "type": "Feature", "properties": { "ID": "2257220200640", "正式名称": "こいぬ薬局", "機関区分": 5, "都道府県コード": 22, "市区町村コード": 208, "所在地": "静岡県伊東市八幡野１１２７－１２３", "緯度": 34.884603, "経度": 139.114881, "url": "https://www.iryou.teikyouseido.mhlw.go.jp/znk-web/juminkanja/S2430/initialize?prefCd=22&kikanCd=7220200640&kikanKbn=5", "url2": null, "内容": "こいぬ薬局【5:薬局】静岡県伊東市八幡野１１２７－１２３" }, "geometry": { "type": "Point", "coordinates": [ 139.114881, 34.884603 ] } },
{ "type": "Feature", "properties": { "ID": "2257220200690", "正式名称": "アサカ薬局", "機関区分": 5, "都道府県コード": 22, "市区町村コード": 208, "所在地": "静岡県伊東市大原３－１５－１７", "緯度": 34.96415, "経度": 139.103462, "url": "https://www.iryou.teikyouseido.mhlw.go.jp/znk-web/juminkanja/S2430/initialize?prefCd=22&kikanCd=7220200690&kikanKbn=5", "url2": "https://asakapharmacy.jimdofree.com/", "内容": "アサカ薬局【5:薬局】静岡県伊東市大原３－１５－１７" }, "geometry": { "type": "Point", "coordinates": [ 139.103462, 34.96415 ] } },
{ "type": "Feature", "properties": { "ID": "2257220200710", "正式名称": "みらい薬局", "機関区分": 5, "都道府県コード": 22, "市区町村コード": 205, "所在地": "静岡県熱海市田原本町９－１熱海駅前第一ビル６階", "緯度": 35.103523, "経度": 139.078985, "url": "https://www.iryou.teikyouseido.mhlw.go.jp/znk-web/juminkanja/S2430/initialize?prefCd=22&kikanCd=7220200710&kikanKbn=5", "url2": null, "内容": "みらい薬局【5:薬局】静岡県熱海市田原本町９－１熱海駅前第一ビル６階" }, "geometry": { "type": "Point", "coordinates": [ 139.078985, 35.103523 ] } },
{ "type": "Feature", "properties": { "ID": "2257220200720", "正式名称": "うさぎ薬局　下多賀店", "機関区分": 5, "都道府県コード": 22, "市区町村コード": 205, "所在地": "静岡県熱海市下多賀４８１－１５", "緯度": 35.045597, "経度": 139.080851, "url": "https://www.iryou.teikyouseido.mhlw.go.jp/znk-web/juminkanja/S2430/initialize?prefCd=22&kikanCd=7220200720&kikanKbn=5", "url2": "http://usagipharmacy.com/", "内容": "うさぎ薬局　下多賀店【5:薬局】静岡県熱海市下多賀４８１－１５" }, "geometry": { "type": "Point", "coordinates": [ 139.080851, 35.045597 ] } },
{ "type": "Feature", "properties": { "ID": "2257220200730", "正式名称": "株式会社　秋本薬局", "機関区分": 5, "都道府県コード": 22, "市区町村コード": 205, "所在地": "静岡県熱海市清水町８－９", "緯度": 35.093493, "経度": 139.072041, "url": "https://www.iryou.teikyouseido.mhlw.go.jp/znk-web/juminkanja/S2430/initialize?prefCd=22&kikanCd=7220200730&kikanKbn=5", "url2": null, "内容": "株式会社　秋本薬局【5:薬局】静岡県熱海市清水町８－９" }, "geometry": { "type": "Point", "coordinates": [ 139.072041, 35.093493 ] } },
{ "type": "Feature", "properties": { "ID": "2257220200740", "正式名称": "株式会社前島照子薬局", "機関区分": 5, "都道府県コード": 22, "市区町村コード": 208, "所在地": "静岡県伊東市弥生町７－１７　スズキハイツ１ＦＢ", "緯度": 34.967136, "経度": 139.09149, "url": "https://www.iryou.teikyouseido.mhlw.go.jp/znk-web/juminkanja/S2430/initialize?prefCd=22&kikanCd=7220200740&kikanKbn=5", "url2": null, "内容": "株式会社前島照子薬局【5:薬局】静岡県伊東市弥生町７－１７　スズキハイツ１ＦＢ" }, "geometry": { "type": "Point", "coordinates": [ 139.09149, 34.967136 ] } },
{ "type": "Feature", "properties": { "ID": "2257220200750", "正式名称": "つばめ薬局", "機関区分": 5, "都道府県コード": 22, "市区町村コード": 208, "所在地": "静岡県伊東市東松原町１６－１７", "緯度": 34.972149, "経度": 139.09674, "url": "https://www.iryou.teikyouseido.mhlw.go.jp/znk-web/juminkanja/S2430/initialize?prefCd=22&kikanCd=7220200750&kikanKbn=5", "url2": "https://www.tsubame-pharmacy.com/", "内容": "つばめ薬局【5:薬局】静岡県伊東市東松原町１６－１７" }, "geometry": { "type": "Point", "coordinates": [ 139.09674, 34.972149 ] } },
{ "type": "Feature", "properties": { "ID": "2257220200760", "正式名称": "共創未来　伊豆多賀薬局", "機関区分": 5, "都道府県コード": 22, "市区町村コード": 205, "所在地": "静岡県熱海市上多賀字小山田１８９－９", "緯度": 35.060694, "経度": 139.068877, "url": "https://www.iryou.teikyouseido.mhlw.go.jp/znk-web/juminkanja/S2430/initialize?prefCd=22&kikanCd=7220200760&kikanKbn=5", "url2": "http://www.phmirai.co.jp/shops/detail.php?id=164", "内容": "共創未来　伊豆多賀薬局【5:薬局】静岡県熱海市上多賀字小山田１８９－９" }, "geometry": { "type": "Point", "coordinates": [ 139.068877, 35.060694 ] } },
{ "type": "Feature", "properties": { "ID": "2257220200770", "正式名称": "今木薬局", "機関区分": 5, "都道府県コード": 22, "市区町村コード": 205, "所在地": "静岡県熱海市清水町１－１５　熱海ニューメディアビル１階", "緯度": 35.094569, "経度": 139.071326, "url": "https://www.iryou.teikyouseido.mhlw.go.jp/znk-web/juminkanja/S2430/initialize?prefCd=22&kikanCd=7220200770&kikanKbn=5", "url2": null, "内容": "今木薬局【5:薬局】静岡県熱海市清水町１－１５　熱海ニューメディアビル１階" }, "geometry": { "type": "Point", "coordinates": [ 139.071326, 35.094569 ] } },
{ "type": "Feature", "properties": { "ID": "2257220200800", "正式名称": "うさぎ薬局　湯川店", "機関区分": 5, "都道府県コード": 22, "市区町村コード": 208, "所在地": "静岡県伊東市湯川３－１１－１", "緯度": 34.97535, "経度": 139.093011, "url": "https://www.iryou.teikyouseido.mhlw.go.jp/znk-web/juminkanja/S2430/initialize?prefCd=22&kikanCd=7220200800&kikanKbn=5", "url2": "https://usagipharmacy.com/shop/yukawa/", "内容": "うさぎ薬局　湯川店【5:薬局】静岡県伊東市湯川３－１１－１" }, "geometry": { "type": "Point", "coordinates": [ 139.093011, 34.97535 ] } },
{ "type": "Feature", "properties": { "ID": "2257220200830", "正式名称": "ヒカリ薬局やまもプラザ店", "機関区分": 5, "都道府県コード": 22, "市区町村コード": 208, "所在地": "静岡県伊東市八幡野１１８３", "緯度": 34.878179, "経度": 139.108041, "url": "https://www.iryou.teikyouseido.mhlw.go.jp/znk-web/juminkanja/S2430/initialize?prefCd=22&kikanCd=7220200830&kikanKbn=5", "url2": "http://www.hikari-pharmacy.com/", "内容": "ヒカリ薬局やまもプラザ店【5:薬局】静岡県伊東市八幡野１１８３" }, "geometry": { "type": "Point", "coordinates": [ 139.108041, 34.878179 ] } },
{ "type": "Feature", "properties": { "ID": "2257220200840", "正式名称": "ウエルシア薬局伊東宝町店", "機関区分": 5, "都道府県コード": 22, "市区町村コード": 208, "所在地": "静岡県伊東市宝町３－２", "緯度": 34.967898, "経度": 139.093678, "url": "https://www.iryou.teikyouseido.mhlw.go.jp/znk-web/juminkanja/S2430/initialize?prefCd=22&kikanCd=7220200840&kikanKbn=5", "url2": "https://store.welcia.co.jp/welcia/spot/detail?code=2314D", "内容": "ウエルシア薬局伊東宝町店【5:薬局】静岡県伊東市宝町３－２" }, "geometry": { "type": "Point", "coordinates": [ 139.093678, 34.967898 ] } },
{ "type": "Feature", "properties": { "ID": "2257220200850", "正式名称": "おおぞら薬局荻店", "機関区分": 5, "都道府県コード": 22, "市区町村コード": 208, "所在地": "静岡県伊東市荻３９８－１３", "緯度": 34.936742, "経度": 139.08425, "url": "https://www.iryou.teikyouseido.mhlw.go.jp/znk-web/juminkanja/S2430/initialize?prefCd=22&kikanCd=7220200850&kikanKbn=5", "url2": "http://www.oozora-yakkyoku.com/", "内容": "おおぞら薬局荻店【5:薬局】静岡県伊東市荻３９８－１３" }, "geometry": { "type": "Point", "coordinates": [ 139.08425, 34.936742 ] } },
{ "type": "Feature", "properties": { "ID": "2257220200860", "正式名称": "うさぎ薬局湯の花店", "機関区分": 5, "都道府県コード": 22, "市区町村コード": 208, "所在地": "静岡県伊東市湯川１ー１４ー１３天満ビル１階", "緯度": 34.973413, "経度": 139.093218, "url": "https://www.iryou.teikyouseido.mhlw.go.jp/znk-web/juminkanja/S2430/initialize?prefCd=22&kikanCd=7220200860&kikanKbn=5", "url2": "http://usagipharmacy.com/", "内容": "うさぎ薬局湯の花店【5:薬局】静岡県伊東市湯川１ー１４ー１３天満ビル１階" }, "geometry": { "type": "Point", "coordinates": [ 139.093218, 34.973413 ] } },
{ "type": "Feature", "properties": { "ID": "2257220200870", "正式名称": "ウエルシア薬局熱海中央店", "機関区分": 5, "都道府県コード": 22, "市区町村コード": 205, "所在地": "静岡県熱海市中央町１９－３９　２階", "緯度": 35.095679, "経度": 139.070266, "url": "https://www.iryou.teikyouseido.mhlw.go.jp/znk-web/juminkanja/S2430/initialize?prefCd=22&kikanCd=7220200870&kikanKbn=5", "url2": "https://www.welcia-yakkyoku.co.jp", "内容": "ウエルシア薬局熱海中央店【5:薬局】静岡県熱海市中央町１９－３９　２階" }, "geometry": { "type": "Point", "coordinates": [ 139.070266, 35.095679 ] } },
{ "type": "Feature", "properties": { "ID": "2257220200890", "正式名称": "ウエルシア薬局ラスカ熱海店", "機関区分": 5, "都道府県コード": 22, "市区町村コード": 205, "所在地": "静岡県熱海市田原本町１１－１　２階", "緯度": 35.104406, "経度": 139.077971, "url": "https://www.iryou.teikyouseido.mhlw.go.jp/znk-web/juminkanja/S2430/initialize?prefCd=22&kikanCd=7220200890&kikanKbn=5", "url2": "https://store.welcia.co.jp/welcia/spot/detail?code=7233D", "内容": "ウエルシア薬局ラスカ熱海店【5:薬局】静岡県熱海市田原本町１１－１　２階" }, "geometry": { "type": "Point", "coordinates": [ 139.077971, 35.104406 ] } },
{ "type": "Feature", "properties": { "ID": "2257220200900", "正式名称": "おおぞら薬局　デュオ店", "機関区分": 5, "都道府県コード": 22, "市区町村コード": 208, "所在地": "静岡県伊東市玖須美元和田７２０－１４３　１Ｆ", "緯度": 34.948778, "経度": 139.114695, "url": "https://www.iryou.teikyouseido.mhlw.go.jp/znk-web/juminkanja/S2430/initialize?prefCd=22&kikanCd=7220200900&kikanKbn=5", "url2": "www.oozora-yakkyoku.com", "内容": "おおぞら薬局　デュオ店【5:薬局】静岡県伊東市玖須美元和田７２０－１４３　１Ｆ" }, "geometry": { "type": "Point", "coordinates": [ 139.114695, 34.948778 ] } },
{ "type": "Feature", "properties": { "ID": "2257220200920", "正式名称": "たま薬局　熱海店", "機関区分": 5, "都道府県コード": 22, "市区町村コード": 205, "所在地": "静岡県熱海市清水町２４－１", "緯度": 35.094066, "経度": 139.069024, "url": "https://www.iryou.teikyouseido.mhlw.go.jp/znk-web/juminkanja/S2430/initialize?prefCd=22&kikanCd=7220200920&kikanKbn=5", "url2": null, "内容": "たま薬局　熱海店【5:薬局】静岡県熱海市清水町２４－１" }, "geometry": { "type": "Point", "coordinates": [ 139.069024, 35.094066 ] } },
{ "type": "Feature", "properties": { "ID": "2257220200930", "正式名称": "たま薬局　伊東店", "機関区分": 5, "都道府県コード": 22, "市区町村コード": 208, "所在地": "静岡県伊東市吉田１２１", "緯度": 34.934205, "経度": 139.122465, "url": "https://www.iryou.teikyouseido.mhlw.go.jp/znk-web/juminkanja/S2430/initialize?prefCd=22&kikanCd=7220200930&kikanKbn=5", "url2": "qolｰnet.co.jp", "内容": "たま薬局　伊東店【5:薬局】静岡県伊東市吉田１２１" }, "geometry": { "type": "Point", "coordinates": [ 139.122465, 34.934205 ] } },
{ "type": "Feature", "properties": { "ID": "2257220200940", "正式名称": "ヒカリ薬局　南伊東店", "機関区分": 5, "都道府県コード": 22, "市区町村コード": 208, "所在地": "静岡県伊東市桜が丘１－１－２５", "緯度": 34.95884, "経度": 139.089009, "url": "https://www.iryou.teikyouseido.mhlw.go.jp/znk-web/juminkanja/S2430/initialize?prefCd=22&kikanCd=7220200940&kikanKbn=5", "url2": "http://hikari-pharmacy.com/", "内容": "ヒカリ薬局　南伊東店【5:薬局】静岡県伊東市桜が丘１－１－２５" }, "geometry": { "type": "Point", "coordinates": [ 139.089009, 34.95884 ] } },
{ "type": "Feature", "properties": { "ID": "2257220200950", "正式名称": "アサカ薬局　中央町店", "機関区分": 5, "都道府県コード": 22, "市区町村コード": 208, "所在地": "静岡県伊東市松川町３－１０", "緯度": 34.972114, "経度": 139.095753, "url": "https://www.iryou.teikyouseido.mhlw.go.jp/znk-web/juminkanja/S2430/initialize?prefCd=22&kikanCd=7220200950&kikanKbn=5", "url2": "https://asakapharmacy.jimdofree.com/", "内容": "アサカ薬局　中央町店【5:薬局】静岡県伊東市松川町３－１０" }, "geometry": { "type": "Point", "coordinates": [ 139.095753, 34.972114 ] } },
{ "type": "Feature", "properties": { "ID": "2257220200960", "正式名称": "アイン薬局宇佐美店", "機関区分": 5, "都道府県コード": 22, "市区町村コード": 208, "所在地": "静岡県伊東市宇佐美１９３６－２９", "緯度": 35.004052, "経度": 139.080767, "url": "https://www.iryou.teikyouseido.mhlw.go.jp/znk-web/juminkanja/S2430/initialize?prefCd=22&kikanCd=7220200960&kikanKbn=5", "url2": "http://www.ainj.co.jp/network/ainpharmaciez/mdo0009.html", "内容": "アイン薬局宇佐美店【5:薬局】静岡県伊東市宇佐美１９３６－２９" }, "geometry": { "type": "Point", "coordinates": [ 139.080767, 35.004052 ] } },
{ "type": "Feature", "properties": { "ID": "2257220200970", "正式名称": "うさぎ薬局　宇佐美店", "機関区分": 5, "都道府県コード": 22, "市区町村コード": 208, "所在地": "静岡県伊東市宇佐美６１０番８号", "緯度": 35.011849, "経度": 139.079726, "url": "https://www.iryou.teikyouseido.mhlw.go.jp/znk-web/juminkanja/S2430/initialize?prefCd=22&kikanCd=7220200970&kikanKbn=5", "url2": "http://usagipharmacy.com/", "内容": "うさぎ薬局　宇佐美店【5:薬局】静岡県伊東市宇佐美６１０番８号" }, "geometry": { "type": "Point", "coordinates": [ 139.079726, 35.011849 ] } },
{ "type": "Feature", "properties": { "ID": "2257220200990", "正式名称": "うさぎ薬局広野店", "機関区分": 5, "都道府県コード": 22, "市区町村コード": 208, "所在地": "静岡県伊東市広野１－３－２６", "緯度": 34.96309, "経度": 139.091191, "url": "https://www.iryou.teikyouseido.mhlw.go.jp/znk-web/juminkanja/S2430/initialize?prefCd=22&kikanCd=7220200990&kikanKbn=5", "url2": "http://usagipharmacy.com/", "内容": "うさぎ薬局広野店【5:薬局】静岡県伊東市広野１－３－２６" }, "geometry": { "type": "Point", "coordinates": [ 139.091191, 34.96309 ] } },
{ "type": "Feature", "properties": { "ID": "2257220201000", "正式名称": "アイン薬局伊豆高原店", "機関区分": 5, "都道府県コード": 22, "市区町村コード": 208, "所在地": "静岡県伊東市八幡野９６７－１９", "緯度": 34.875605, "経度": 139.105986, "url": "https://www.iryou.teikyouseido.mhlw.go.jp/znk-web/juminkanja/S2430/initialize?prefCd=22&kikanCd=7220201000&kikanKbn=5", "url2": "https://store.ainj.co.jp/detail/1101088/", "内容": "アイン薬局伊豆高原店【5:薬局】静岡県伊東市八幡野９６７－１９" }, "geometry": { "type": "Point", "coordinates": [ 139.105986, 34.875605 ] } },
{ "type": "Feature", "properties": { "ID": "2257220201010", "正式名称": "岡田薬局", "機関区分": 5, "都道府県コード": 22, "市区町村コード": 205, "所在地": "静岡県熱海市中央町４－１８", "緯度": 35.095699, "経度": 139.071945, "url": "https://www.iryou.teikyouseido.mhlw.go.jp/znk-web/juminkanja/S2430/initialize?prefCd=22&kikanCd=7220201010&kikanKbn=5", "url2": "https://atami-okadapharmacy.com/", "内容": "岡田薬局【5:薬局】静岡県熱海市中央町４－１８" }, "geometry": { "type": "Point", "coordinates": [ 139.071945, 35.095699 ] } },
{ "type": "Feature", "properties": { "ID": "2257220201020", "正式名称": "アサカ薬局　銀座元町店", "機関区分": 5, "都道府県コード": 22, "市区町村コード": 208, "所在地": "静岡県伊東市銀座元町６ー２１ー３０１", "緯度": 34.970417, "経度": 139.097245, "url": "https://www.iryou.teikyouseido.mhlw.go.jp/znk-web/juminkanja/S2430/initialize?prefCd=22&kikanCd=7220201020&kikanKbn=5", "url2": "https://asakapharmacy.jimdofree.com/", "内容": "アサカ薬局　銀座元町店【5:薬局】静岡県伊東市銀座元町６ー２１ー３０１" }, "geometry": { "type": "Point", "coordinates": [ 139.097245, 34.970417 ] } },
{ "type": "Feature", "properties": { "ID": "2257220201030", "正式名称": "さくらんぼ薬局", "機関区分": 5, "都道府県コード": 22, "市区町村コード": 205, "所在地": "静岡県熱海市清水町２０－１４", "緯度": 35.094712, "経度": 139.071087, "url": "https://www.iryou.teikyouseido.mhlw.go.jp/znk-web/juminkanja/S2430/initialize?prefCd=22&kikanCd=7220201030&kikanKbn=5", "url2": "https://sakurambo-atami-pharmacy.business.site?copy", "内容": "さくらんぼ薬局【5:薬局】静岡県熱海市清水町２０－１４" }, "geometry": { "type": "Point", "coordinates": [ 139.071087, 35.094712 ] } },
{ "type": "Feature", "properties": { "ID": "2257220201040", "正式名称": "薬局１２３", "機関区分": 5, "都道府県コード": 22, "市区町村コード": 205, "所在地": "静岡県熱海市伊豆山５７９ー６０", "緯度": 35.111795, "経度": 139.085556, "url": "https://www.iryou.teikyouseido.mhlw.go.jp/znk-web/juminkanja/S2430/initialize?prefCd=22&kikanCd=7220201040&kikanKbn=5", "url2": null, "内容": "薬局１２３【5:薬局】静岡県熱海市伊豆山５７９ー６０" }, "geometry": { "type": "Point", "coordinates": [ 139.085556, 35.111795 ] } },
{ "type": "Feature", "properties": { "ID": "2257220201060", "正式名称": "クリエイト薬局熱海銀座町店", "機関区分": 5, "都道府県コード": 22, "市区町村コード": 205, "所在地": "静岡県熱海市銀座町１３－１", "緯度": 35.09734, "経度": 139.073711, "url": "https://www.iryou.teikyouseido.mhlw.go.jp/znk-web/juminkanja/S2430/initialize?prefCd=22&kikanCd=7220201060&kikanKbn=5", "url2": null, "内容": "クリエイト薬局熱海銀座町店【5:薬局】静岡県熱海市銀座町１３－１" }, "geometry": { "type": "Point", "coordinates": [ 139.073711, 35.09734 ] } },
{ "type": "Feature", "properties": { "ID": "2257220206980", "正式名称": "うさぎ薬局　大室高原店", "機関区分": 5, "都道府県コード": 22, "市区町村コード": 208, "所在地": "静岡県伊東市富戸１３１７－５７２３", "緯度": 34.899668, "経度": 139.107905, "url": "https://www.iryou.teikyouseido.mhlw.go.jp/znk-web/juminkanja/S2430/initialize?prefCd=22&kikanCd=7220206980&kikanKbn=5", "url2": "http://usagipharmacy.com/", "内容": "うさぎ薬局　大室高原店【5:薬局】静岡県伊東市富戸１３１７－５７２３" }, "geometry": { "type": "Point", "coordinates": [ 139.107905, 34.899668 ] } },
{ "type": "Feature", "properties": { "ID": "2257220300020", "正式名称": "アリス薬局牛臥店", "機関区分": 5, "都道府県コード": 22, "市区町村コード": 203, "所在地": "静岡県沼津市下香貫３０７８－４", "緯度": 35.075495, "経度": 138.863727, "url": "https://www.iryou.teikyouseido.mhlw.go.jp/znk-web/juminkanja/S2430/initialize?prefCd=22&kikanCd=7220300020&kikanKbn=5", "url2": "http://www.ars-group.jp", "内容": "アリス薬局牛臥店【5:薬局】静岡県沼津市下香貫３０７８－４" }, "geometry": { "type": "Point", "coordinates": [ 138.863727, 35.075495 ] } },
{ "type": "Feature", "properties": { "ID": "2257220300030", "正式名称": "アリス薬局吉田町店", "機関区分": 5, "都道府県コード": 22, "市区町村コード": 203, "所在地": "静岡県沼津市吉田町１７－２９", "緯度": 35.09066, "経度": 138.863059, "url": "https://www.iryou.teikyouseido.mhlw.go.jp/znk-web/juminkanja/S2430/initialize?prefCd=22&kikanCd=7220300030&kikanKbn=5", "url2": "http://www.ars-group.jp/", "内容": "アリス薬局吉田町店【5:薬局】静岡県沼津市吉田町１７－２９" }, "geometry": { "type": "Point", "coordinates": [ 138.863059, 35.09066 ] } },
{ "type": "Feature", "properties": { "ID": "2257220300050", "正式名称": "一隆堂薬局共栄町店", "機関区分": 5, "都道府県コード": 22, "市区町村コード": 203, "所在地": "静岡県沼津市共栄町１０－２", "緯度": 35.11899, "経度": 138.869669, "url": "https://www.iryou.teikyouseido.mhlw.go.jp/znk-web/juminkanja/S2430/initialize?prefCd=22&kikanCd=7220300050&kikanKbn=5", "url2": null, "内容": "一隆堂薬局共栄町店【5:薬局】静岡県沼津市共栄町１０－２" }, "geometry": { "type": "Point", "coordinates": [ 138.869669, 35.11899 ] } },
{ "type": "Feature", "properties": { "ID": "2257220300080", "正式名称": "岩下薬局住吉店", "機関区分": 5, "都道府県コード": 22, "市区町村コード": 203, "所在地": "静岡県沼津市住吉町８－１", "緯度": 35.09291, "経度": 138.867503, "url": "https://www.iryou.teikyouseido.mhlw.go.jp/znk-web/juminkanja/S2430/initialize?prefCd=22&kikanCd=7220300080&kikanKbn=5", "url2": "http://www.dpc-net.ne.jp", "内容": "岩下薬局住吉店【5:薬局】静岡県沼津市住吉町８－１" }, "geometry": { "type": "Point", "coordinates": [ 138.867503, 35.09291 ] } },
{ "type": "Feature", "properties": { "ID": "2257220300090", "正式名称": "うさぎ薬局大岡店", "機関区分": 5, "都道府県コード": 22, "市区町村コード": 203, "所在地": "静岡県沼津市大岡２６９８－１", "緯度": 35.11738, "経度": 138.883057, "url": "https://www.iryou.teikyouseido.mhlw.go.jp/znk-web/juminkanja/S2430/initialize?prefCd=22&kikanCd=7220300090&kikanKbn=5", "url2": "http://usagipharmacy.com", "内容": "うさぎ薬局大岡店【5:薬局】静岡県沼津市大岡２６９８－１" }, "geometry": { "type": "Point", "coordinates": [ 138.883057, 35.11738 ] } },
{ "type": "Feature", "properties": { "ID": "2257220300130", "正式名称": "カツマタ薬局", "機関区分": 5, "都道府県コード": 22, "市区町村コード": 203, "所在地": "静岡県沼津市大岡１９７５－３３", "緯度": 35.115852, "経度": 138.871058, "url": "https://www.iryou.teikyouseido.mhlw.go.jp/znk-web/juminkanja/S2430/initialize?prefCd=22&kikanCd=7220300130&kikanKbn=5", "url2": "www.kk-katsumata.co.jp", "内容": "カツマタ薬局【5:薬局】静岡県沼津市大岡１９７５－３３" }, "geometry": { "type": "Point", "coordinates": [ 138.871058, 35.115852 ] } },
{ "type": "Feature", "properties": { "ID": "2257220300140", "正式名称": "株式会社東京堂みどり薬局", "機関区分": 5, "都道府県コード": 22, "市区町村コード": 203, "所在地": "静岡県沼津市原３４６", "緯度": 35.126127, "経度": 138.79473, "url": "https://www.iryou.teikyouseido.mhlw.go.jp/znk-web/juminkanja/S2430/initialize?prefCd=22&kikanCd=7220300140&kikanKbn=5", "url2": "https://tokyodomidori.com/", "内容": "株式会社東京堂みどり薬局【5:薬局】静岡県沼津市原３４６" }, "geometry": { "type": "Point", "coordinates": [ 138.79473, 35.126127 ] } },
{ "type": "Feature", "properties": { "ID": "2257220300160", "正式名称": "ワタナベ薬局錦町店", "機関区分": 5, "都道府県コード": 22, "市区町村コード": 203, "所在地": "静岡県沼津市本錦町６５４－１", "緯度": 35.101158, "経度": 138.850866, "url": "https://www.iryou.teikyouseido.mhlw.go.jp/znk-web/juminkanja/S2430/initialize?prefCd=22&kikanCd=7220300160&kikanKbn=5", "url2": null, "内容": "ワタナベ薬局錦町店【5:薬局】静岡県沼津市本錦町６５４－１" }, "geometry": { "type": "Point", "coordinates": [ 138.850866, 35.101158 ] } },
{ "type": "Feature", "properties": { "ID": "2257220300250", "正式名称": "さぼてん薬局", "機関区分": 5, "都道府県コード": 22, "市区町村コード": 203, "所在地": "静岡県沼津市三枚橋町６－３", "緯度": 35.100992, "経度": 138.863059, "url": "https://www.iryou.teikyouseido.mhlw.go.jp/znk-web/juminkanja/S2430/initialize?prefCd=22&kikanCd=7220300250&kikanKbn=5", "url2": null, "内容": "さぼてん薬局【5:薬局】静岡県沼津市三枚橋町６－３" }, "geometry": { "type": "Point", "coordinates": [ 138.863059, 35.100992 ] } },
{ "type": "Feature", "properties": { "ID": "2257220300260", "正式名称": "さんさん薬局", "機関区分": 5, "都道府県コード": 22, "市区町村コード": 203, "所在地": "静岡県沼津市大岡１３９９－１", "緯度": 35.102631, "経度": 138.877308, "url": "https://www.iryou.teikyouseido.mhlw.go.jp/znk-web/juminkanja/S2430/initialize?prefCd=22&kikanCd=7220300260&kikanKbn=5", "url2": "http://www.ms-yakkyoku.com/", "内容": "さんさん薬局【5:薬局】静岡県沼津市大岡１３９９－１" }, "geometry": { "type": "Point", "coordinates": [ 138.877308, 35.102631 ] } },
{ "type": "Feature", "properties": { "ID": "2257220300270", "正式名称": "サンライズ薬局大岡店", "機関区分": 5, "都道府県コード": 22, "市区町村コード": 203, "所在地": "静岡県沼津市大岡２８５２－２", "緯度": 35.119565, "経度": 138.87764, "url": "https://www.iryou.teikyouseido.mhlw.go.jp/znk-web/juminkanja/S2430/initialize?prefCd=22&kikanCd=7220300270&kikanKbn=5", "url2": "https://store.ainj.co.jp/detail/1101695/", "内容": "サンライズ薬局大岡店【5:薬局】静岡県沼津市大岡２８５２－２" }, "geometry": { "type": "Point", "coordinates": [ 138.87764, 35.119565 ] } },
{ "type": "Feature", "properties": { "ID": "2257220300280", "正式名称": "下石田かもめ薬局", "機関区分": 5, "都道府県コード": 22, "市区町村コード": 203, "所在地": "静岡県沼津市大岡８３６－２０", "緯度": 35.110755, "経度": 138.877116, "url": "https://www.iryou.teikyouseido.mhlw.go.jp/znk-web/juminkanja/S2430/initialize?prefCd=22&kikanCd=7220300280&kikanKbn=5", "url2": "http://www.e-classa.net/kamome_pharm/", "内容": "下石田かもめ薬局【5:薬局】静岡県沼津市大岡８３６－２０" }, "geometry": { "type": "Point", "coordinates": [ 138.877116, 35.110755 ] } },
{ "type": "Feature", "properties": { "ID": "2257220300290", "正式名称": "一般社団法人沼津薬剤師会支援センター薬局", "機関区分": 5, "都道府県コード": 22, "市区町村コード": 203, "所在地": "静岡県沼津市東椎路字春ノ木５４９－１", "緯度": 35.120684, "経度": 138.834283, "url": "https://www.iryou.teikyouseido.mhlw.go.jp/znk-web/juminkanja/S2430/initialize?prefCd=22&kikanCd=7220300290&kikanKbn=5", "url2": "http://numayaku.jp", "内容": "一般社団法人沼津薬剤師会支援センター薬局【5:薬局】静岡県沼津市東椎路字春ノ木５４９－１" }, "geometry": { "type": "Point", "coordinates": [ 138.834283, 35.120684 ] } },
{ "type": "Feature", "properties": { "ID": "2257220300310", "正式名称": "鈴木薬局", "機関区分": 5, "都道府県コード": 22, "市区町村コード": 203, "所在地": "静岡県沼津市米山町１２－４８", "緯度": 35.109186, "経度": 138.863197, "url": "https://www.iryou.teikyouseido.mhlw.go.jp/znk-web/juminkanja/S2430/initialize?prefCd=22&kikanCd=7220300310&kikanKbn=5", "url2": "https://www.ars-group.jp/", "内容": "鈴木薬局【5:薬局】静岡県沼津市米山町１２－４８" }, "geometry": { "type": "Point", "coordinates": [ 138.863197, 35.109186 ] } },
{ "type": "Feature", "properties": { "ID": "2257220300320", "正式名称": "すずらん薬局高島町店", "機関区分": 5, "都道府県コード": 22, "市区町村コード": 203, "所在地": "静岡県沼津市高島町２４－７", "緯度": 35.105325, "経度": 138.85642, "url": "https://www.iryou.teikyouseido.mhlw.go.jp/znk-web/juminkanja/S2430/initialize?prefCd=22&kikanCd=7220300320&kikanKbn=5", "url2": null, "内容": "すずらん薬局高島町店【5:薬局】静岡県沼津市高島町２４－７" }, "geometry": { "type": "Point", "coordinates": [ 138.85642, 35.105325 ] } },
{ "type": "Feature", "properties": { "ID": "2257220300350", "正式名称": "たんぽぽ薬局", "機関区分": 5, "都道府県コード": 22, "市区町村コード": 203, "所在地": "静岡県沼津市東椎路７０８－７", "緯度": 35.123773, "経度": 138.831139, "url": "https://www.iryou.teikyouseido.mhlw.go.jp/znk-web/juminkanja/S2430/initialize?prefCd=22&kikanCd=7220300350&kikanKbn=5", "url2": null, "内容": "たんぽぽ薬局【5:薬局】静岡県沼津市東椎路７０８－７" }, "geometry": { "type": "Point", "coordinates": [ 138.831139, 35.123773 ] } },
{ "type": "Feature", "properties": { "ID": "2257220300390", "正式名称": "トーゴー薬局", "機関区分": 5, "都道府県コード": 22, "市区町村コード": 203, "所在地": "静岡県沼津市岡一色５７４－５", "緯度": 35.137266, "経度": 138.873501, "url": "https://www.iryou.teikyouseido.mhlw.go.jp/znk-web/juminkanja/S2430/initialize?prefCd=22&kikanCd=7220300390&kikanKbn=5", "url2": null, "内容": "トーゴー薬局【5:薬局】静岡県沼津市岡一色５７４－５" }, "geometry": { "type": "Point", "coordinates": [ 138.873501, 35.137266 ] } },
{ "type": "Feature", "properties": { "ID": "2257220300400", "正式名称": "トーゴー薬局大岡店", "機関区分": 5, "都道府県コード": 22, "市区町村コード": 203, "所在地": "静岡県沼津市大岡１６９６－５", "緯度": 35.104242, "経度": 138.869558, "url": "https://www.iryou.teikyouseido.mhlw.go.jp/znk-web/juminkanja/S2430/initialize?prefCd=22&kikanCd=7220300400&kikanKbn=5", "url2": null, "内容": "トーゴー薬局大岡店【5:薬局】静岡県沼津市大岡１６９６－５" }, "geometry": { "type": "Point", "coordinates": [ 138.869558, 35.104242 ] } },
{ "type": "Feature", "properties": { "ID": "2257220300410", "正式名称": "トマト薬局", "機関区分": 5, "都道府県コード": 22, "市区町村コード": 203, "所在地": "静岡県沼津市市道町１２－３１　パークウエスト吉田１Ｆ", "緯度": 35.097326, "経度": 138.849616, "url": "https://www.iryou.teikyouseido.mhlw.go.jp/znk-web/juminkanja/S2430/initialize?prefCd=22&kikanCd=7220300410&kikanKbn=5", "url2": null, "内容": "トマト薬局【5:薬局】静岡県沼津市市道町１２－３１　パークウエスト吉田１Ｆ" }, "geometry": { "type": "Point", "coordinates": [ 138.849616, 35.097326 ] } },
{ "type": "Feature", "properties": { "ID": "2257220300420", "正式名称": "とやま薬局大岡店", "機関区分": 5, "都道府県コード": 22, "市区町村コード": 203, "所在地": "静岡県沼津市大岡２４４５－１２", "緯度": 35.115269, "経度": 138.879168, "url": "https://www.iryou.teikyouseido.mhlw.go.jp/znk-web/juminkanja/S2430/initialize?prefCd=22&kikanCd=7220300420&kikanKbn=5", "url2": "http://www.localplace.jp/t100321594/    ,    https://www.toyama-pharmacy.com/", "内容": "とやま薬局大岡店【5:薬局】静岡県沼津市大岡２４４５－１２" }, "geometry": { "type": "Point", "coordinates": [ 138.879168, 35.115269 ] } },
{ "type": "Feature", "properties": { "ID": "2257220300430", "正式名称": "ながつき薬局沼津店", "機関区分": 5, "都道府県コード": 22, "市区町村コード": 203, "所在地": "静岡県沼津市大手町３－１－２　エイブルコア５Ｆ", "緯度": 35.101909, "経度": 138.860087, "url": "https://www.iryou.teikyouseido.mhlw.go.jp/znk-web/juminkanja/S2430/initialize?prefCd=22&kikanCd=7220300430&kikanKbn=5", "url2": "http://www.e-classa.net/nagatuki-numadu", "内容": "ながつき薬局沼津店【5:薬局】静岡県沼津市大手町３－１－２　エイブルコア５Ｆ" }, "geometry": { "type": "Point", "coordinates": [ 138.860087, 35.101909 ] } },
{ "type": "Feature", "properties": { "ID": "2257220300490", "正式名称": "ひかり薬局沼津北口店", "機関区分": 5, "都道府県コード": 22, "市区町村コード": 203, "所在地": "静岡県沼津市高島町１２－１２", "緯度": 35.105269, "経度": 138.860559, "url": "https://www.iryou.teikyouseido.mhlw.go.jp/znk-web/juminkanja/S2430/initialize?prefCd=22&kikanCd=7220300490&kikanKbn=5", "url2": "http://dpc-net.ne.jp/storeInfo/2011/12/post-34.html", "内容": "ひかり薬局沼津北口店【5:薬局】静岡県沼津市高島町１２－１２" }, "geometry": { "type": "Point", "coordinates": [ 138.860559, 35.105269 ] } },
{ "type": "Feature", "properties": { "ID": "2257220300500", "正式名称": "陽だまり薬局", "機関区分": 5, "都道府県コード": 22, "市区町村コード": 203, "所在地": "静岡県沼津市本字下一丁田８７８－２", "緯度": 35.095492, "経度": 138.851866, "url": "https://www.iryou.teikyouseido.mhlw.go.jp/znk-web/juminkanja/S2430/initialize?prefCd=22&kikanCd=7220300500&kikanKbn=5", "url2": null, "内容": "陽だまり薬局【5:薬局】静岡県沼津市本字下一丁田８７８－２" }, "geometry": { "type": "Point", "coordinates": [ 138.851866, 35.095492 ] } },
{ "type": "Feature", "properties": { "ID": "2257220300510", "正式名称": "ひとみ薬局", "機関区分": 5, "都道府県コード": 22, "市区町村コード": 203, "所在地": "静岡県沼津市吉田町２５－１８　川口屋ビル１－Ｄ", "緯度": 35.093521, "経度": 138.86056, "url": "https://www.iryou.teikyouseido.mhlw.go.jp/znk-web/juminkanja/S2430/initialize?prefCd=22&kikanCd=7220300510&kikanKbn=5", "url2": null, "内容": "ひとみ薬局【5:薬局】静岡県沼津市吉田町２５－１８　川口屋ビル１－Ｄ" }, "geometry": { "type": "Point", "coordinates": [ 138.86056, 35.093521 ] } },
{ "type": "Feature", "properties": { "ID": "2257220300550", "正式名称": "二ツ谷薬局", "機関区分": 5, "都道府県コード": 22, "市区町村コード": 203, "所在地": "静岡県沼津市三枚橋町４－１５", "緯度": 35.101186, "経度": 138.864309, "url": "https://www.iryou.teikyouseido.mhlw.go.jp/znk-web/juminkanja/S2430/initialize?prefCd=22&kikanCd=7220300550&kikanKbn=5", "url2": null, "内容": "二ツ谷薬局【5:薬局】静岡県沼津市三枚橋町４－１５" }, "geometry": { "type": "Point", "coordinates": [ 138.864309, 35.101186 ] } },
{ "type": "Feature", "properties": { "ID": "2257220300590", "正式名称": "堀内薬局", "機関区分": 5, "都道府県コード": 22, "市区町村コード": 203, "所在地": "静岡県沼津市西条町１００", "緯度": 35.100659, "経度": 138.855532, "url": "https://www.iryou.teikyouseido.mhlw.go.jp/znk-web/juminkanja/S2430/initialize?prefCd=22&kikanCd=7220300590&kikanKbn=5", "url2": null, "内容": "堀内薬局【5:薬局】静岡県沼津市西条町１００" }, "geometry": { "type": "Point", "coordinates": [ 138.855532, 35.100659 ] } },
{ "type": "Feature", "properties": { "ID": "2257220300610", "正式名称": "本郷薬局", "機関区分": 5, "都道府県コード": 22, "市区町村コード": 203, "所在地": "静岡県沼津市本郷町５－９", "緯度": 35.096537, "経度": 138.869423, "url": "https://www.iryou.teikyouseido.mhlw.go.jp/znk-web/juminkanja/S2430/initialize?prefCd=22&kikanCd=7220300610&kikanKbn=5", "url2": "https://www.misonopharmacy.jp", "内容": "本郷薬局【5:薬局】静岡県沼津市本郷町５－９" }, "geometry": { "type": "Point", "coordinates": [ 138.869423, 35.096537 ] } },
{ "type": "Feature", "properties": { "ID": "2257220300650", "正式名称": "みどり愛生薬局", "機関区分": 5, "都道府県コード": 22, "市区町村コード": 203, "所在地": "静岡県沼津市原２８４－４", "緯度": 35.125322, "経度": 138.797174, "url": "https://www.iryou.teikyouseido.mhlw.go.jp/znk-web/juminkanja/S2430/initialize?prefCd=22&kikanCd=7220300650&kikanKbn=5", "url2": "https://tokyodomidori.com/", "内容": "みどり愛生薬局【5:薬局】静岡県沼津市原２８４－４" }, "geometry": { "type": "Point", "coordinates": [ 138.797174, 35.125322 ] } },
{ "type": "Feature", "properties": { "ID": "2257220300690", "正式名称": "メイプル薬局大岡店", "機関区分": 5, "都道府県コード": 22, "市区町村コード": 203, "所在地": "静岡県沼津市大岡１０６６－３", "緯度": 35.107158, "経度": 138.880224, "url": "https://www.iryou.teikyouseido.mhlw.go.jp/znk-web/juminkanja/S2430/initialize?prefCd=22&kikanCd=7220300690&kikanKbn=5", "url2": "https://pharmacy.maple-group.co.jp/", "内容": "メイプル薬局大岡店【5:薬局】静岡県沼津市大岡１０６６－３" }, "geometry": { "type": "Point", "coordinates": [ 138.880224, 35.107158 ] } },
{ "type": "Feature", "properties": { "ID": "2257220300700", "正式名称": "メイプル薬局志下店", "機関区分": 5, "都道府県コード": 22, "市区町村コード": 203, "所在地": "静岡県沼津市志下６２－６", "緯度": 35.066857, "経度": 138.879031, "url": "https://www.iryou.teikyouseido.mhlw.go.jp/znk-web/juminkanja/S2430/initialize?prefCd=22&kikanCd=7220300700&kikanKbn=5", "url2": "https://pharmacy.maple-group.co.jp/", "内容": "メイプル薬局志下店【5:薬局】静岡県沼津市志下６２－６" }, "geometry": { "type": "Point", "coordinates": [ 138.879031, 35.066857 ] } },
{ "type": "Feature", "properties": { "ID": "2257220300870", "正式名称": "ももの木薬局", "機関区分": 5, "都道府県コード": 22, "市区町村コード": 203, "所在地": "静岡県沼津市下香貫島郷２９６７－３", "緯度": 35.075412, "経度": 138.871476, "url": "https://www.iryou.teikyouseido.mhlw.go.jp/znk-web/juminkanja/S2430/initialize?prefCd=22&kikanCd=7220300870&kikanKbn=5", "url2": null, "内容": "ももの木薬局【5:薬局】静岡県沼津市下香貫島郷２９６７－３" }, "geometry": { "type": "Point", "coordinates": [ 138.871476, 35.075412 ] } },
{ "type": "Feature", "properties": { "ID": "2257220300880", "正式名称": "ももの木薬局三園店", "機関区分": 5, "都道府県コード": 22, "市区町村コード": 203, "所在地": "静岡県沼津市三園町１１－１", "緯度": 35.089077, "経度": 138.865698, "url": "https://www.iryou.teikyouseido.mhlw.go.jp/znk-web/juminkanja/S2430/initialize?prefCd=22&kikanCd=7220300880&kikanKbn=5", "url2": null, "内容": "ももの木薬局三園店【5:薬局】静岡県沼津市三園町１１－１" }, "geometry": { "type": "Point", "coordinates": [ 138.865698, 35.089077 ] } },
{ "type": "Feature", "properties": { "ID": "2257220300900", "正式名称": "薬局桂林", "機関区分": 5, "都道府県コード": 22, "市区町村コード": 203, "所在地": "静岡県沼津市三枚橋町１７－３", "緯度": 35.100909, "経度": 138.862476, "url": "https://www.iryou.teikyouseido.mhlw.go.jp/znk-web/juminkanja/S2430/initialize?prefCd=22&kikanCd=7220300900&kikanKbn=5", "url2": "http://www.keirin.biz", "内容": "薬局桂林【5:薬局】静岡県沼津市三枚橋町１７－３" }, "geometry": { "type": "Point", "coordinates": [ 138.862476, 35.100909 ] } },
{ "type": "Feature", "properties": { "ID": "2257220300960", "正式名称": "有限会社ミス薬局", "機関区分": 5, "都道府県コード": 22, "市区町村コード": 203, "所在地": "静岡県沼津市白銀町６－７", "緯度": 35.100131, "経度": 138.853004, "url": "https://www.iryou.teikyouseido.mhlw.go.jp/znk-web/juminkanja/S2430/initialize?prefCd=22&kikanCd=7220300960&kikanKbn=5", "url2": "http://www.ms-yakkyoku.com/", "内容": "有限会社ミス薬局【5:薬局】静岡県沼津市白銀町６－７" }, "geometry": { "type": "Point", "coordinates": [ 138.853004, 35.100131 ] } },
{ "type": "Feature", "properties": { "ID": "2257220301000", "正式名称": "ゆめ薬局", "機関区分": 5, "都道府県コード": 22, "市区町村コード": 203, "所在地": "静岡県沼津市常盤町３－２０", "緯度": 35.087854, "経度": 138.855199, "url": "https://www.iryou.teikyouseido.mhlw.go.jp/znk-web/juminkanja/S2430/initialize?prefCd=22&kikanCd=7220301000&kikanKbn=5", "url2": null, "内容": "ゆめ薬局【5:薬局】静岡県沼津市常盤町３－２０" }, "geometry": { "type": "Point", "coordinates": [ 138.855199, 35.087854 ] } },
{ "type": "Feature", "properties": { "ID": "2257220301010", "正式名称": "ゆめ薬局下香貫店", "機関区分": 5, "都道府県コード": 22, "市区町村コード": 203, "所在地": "静岡県沼津市下香貫宮脇３３７－３７", "緯度": 35.084966, "経度": 138.871281, "url": "https://www.iryou.teikyouseido.mhlw.go.jp/znk-web/juminkanja/S2430/initialize?prefCd=22&kikanCd=7220301010&kikanKbn=5", "url2": null, "内容": "ゆめ薬局下香貫店【5:薬局】静岡県沼津市下香貫宮脇３３７－３７" }, "geometry": { "type": "Point", "coordinates": [ 138.871281, 35.084966 ] } },
{ "type": "Feature", "properties": { "ID": "2257220301050", "正式名称": "わいわい薬局", "機関区分": 5, "都道府県コード": 22, "市区町村コード": 203, "所在地": "静岡県沼津市戸田９０７－８", "緯度": 34.973393, "経度": 138.780488, "url": "https://www.iryou.teikyouseido.mhlw.go.jp/znk-web/juminkanja/S2430/initialize?prefCd=22&kikanCd=7220301050&kikanKbn=5", "url2": null, "内容": "わいわい薬局【5:薬局】静岡県沼津市戸田９０７－８" }, "geometry": { "type": "Point", "coordinates": [ 138.780488, 34.973393 ] } },
{ "type": "Feature", "properties": { "ID": "2257220301080", "正式名称": "あかね薬局", "機関区分": 5, "都道府県コード": 22, "市区町村コード": 206, "所在地": "静岡県三島市東本町２－１－１４", "緯度": 35.113242, "経度": 138.920026, "url": "https://www.iryou.teikyouseido.mhlw.go.jp/znk-web/juminkanja/S2430/initialize?prefCd=22&kikanCd=7220301080&kikanKbn=5", "url2": null, "内容": "あかね薬局【5:薬局】静岡県三島市東本町２－１－１４" }, "geometry": { "type": "Point", "coordinates": [ 138.920026, 35.113242 ] } },
{ "type": "Feature", "properties": { "ID": "2257220301090", "正式名称": "アリスすずき薬局", "機関区分": 5, "都道府県コード": 22, "市区町村コード": 206, "所在地": "静岡県三島市広小路町１２－１４", "緯度": 35.117769, "経度": 138.912082, "url": "https://www.iryou.teikyouseido.mhlw.go.jp/znk-web/juminkanja/S2430/initialize?prefCd=22&kikanCd=7220301090&kikanKbn=5", "url2": "http://www.ars-group.jp/", "内容": "アリスすずき薬局【5:薬局】静岡県三島市広小路町１２－１４" }, "geometry": { "type": "Point", "coordinates": [ 138.912082, 35.117769 ] } },
{ "type": "Feature", "properties": { "ID": "2257220301110", "正式名称": "エコー薬局", "機関区分": 5, "都道府県コード": 22, "市区町村コード": 206, "所在地": "静岡県三島市谷田字中小山１０１", "緯度": 35.118464, "経度": 138.93058, "url": "https://www.iryou.teikyouseido.mhlw.go.jp/znk-web/juminkanja/S2430/initialize?prefCd=22&kikanCd=7220301110&kikanKbn=5", "url2": "http://www.eko-group.jp/original8.html", "内容": "エコー薬局【5:薬局】静岡県三島市谷田字中小山１０１" }, "geometry": { "type": "Point", "coordinates": [ 138.93058, 35.118464 ] } },
{ "type": "Feature", "properties": { "ID": "2257220301120", "正式名称": "エンジュ薬局", "機関区分": 5, "都道府県コード": 22, "市区町村コード": 206, "所在地": "静岡県三島市幸原町２－３－５", "緯度": 35.138045, "経度": 138.91247, "url": "https://www.iryou.teikyouseido.mhlw.go.jp/znk-web/juminkanja/S2430/initialize?prefCd=22&kikanCd=7220301120&kikanKbn=5", "url2": null, "内容": "エンジュ薬局【5:薬局】静岡県三島市幸原町２－３－５" }, "geometry": { "type": "Point", "coordinates": [ 138.91247, 35.138045 ] } },
{ "type": "Feature", "properties": { "ID": "2257220301130", "正式名称": "エンゼル薬局三島店", "機関区分": 5, "都道府県コード": 22, "市区町村コード": 206, "所在地": "静岡県三島市萩１９１", "緯度": 35.148377, "経度": 138.908275, "url": "https://www.iryou.teikyouseido.mhlw.go.jp/znk-web/juminkanja/S2430/initialize?prefCd=22&kikanCd=7220301130&kikanKbn=5", "url2": "https://angel-yakkyoku.com/", "内容": "エンゼル薬局三島店【5:薬局】静岡県三島市萩１９１" }, "geometry": { "type": "Point", "coordinates": [ 138.908275, 35.148377 ] } },
{ "type": "Feature", "properties": { "ID": "2257220301170", "正式名称": "加茂川町支店丸屋薬局", "機関区分": 5, "都道府県コード": 22, "市区町村コード": 206, "所在地": "静岡県三島市加茂川町２２－１４", "緯度": 35.126074, "経度": 138.921247, "url": "https://www.iryou.teikyouseido.mhlw.go.jp/znk-web/juminkanja/S2430/initialize?prefCd=22&kikanCd=7220301170&kikanKbn=5", "url2": null, "内容": "加茂川町支店丸屋薬局【5:薬局】静岡県三島市加茂川町２２－１４" }, "geometry": { "type": "Point", "coordinates": [ 138.921247, 35.126074 ] } },
{ "type": "Feature", "properties": { "ID": "2257220301190", "正式名称": "漢方薬局　養心堂", "機関区分": 5, "都道府県コード": 22, "市区町村コード": 206, "所在地": "静岡県三島市加屋町１－２６", "緯度": 35.11663, "経度": 138.906555, "url": "https://www.iryou.teikyouseido.mhlw.go.jp/znk-web/juminkanja/S2430/initialize?prefCd=22&kikanCd=7220301190&kikanKbn=5", "url2": null, "内容": "漢方薬局　養心堂【5:薬局】静岡県三島市加屋町１－２６" }, "geometry": { "type": "Point", "coordinates": [ 138.906555, 35.11663 ] } },
{ "type": "Feature", "properties": { "ID": "2257220301240", "正式名称": "ことぶき薬局", "機関区分": 5, "都道府県コード": 22, "市区町村コード": 206, "所在地": "静岡県三島市玉川３５１－２", "緯度": 35.107585, "経度": 138.913986, "url": "https://www.iryou.teikyouseido.mhlw.go.jp/znk-web/juminkanja/S2430/initialize?prefCd=22&kikanCd=7220301240&kikanKbn=5", "url2": "https://shizuken.com/", "内容": "ことぶき薬局【5:薬局】静岡県三島市玉川３５１－２" }, "geometry": { "type": "Point", "coordinates": [ 138.913986, 35.107585 ] } },
{ "type": "Feature", "properties": { "ID": "2257220301280", "正式名称": "おひさま薬局", "機関区分": 5, "都道府県コード": 22, "市区町村コード": 206, "所在地": "静岡県三島市萩２８３－３", "緯度": 35.150404, "経度": 138.908497, "url": "https://www.iryou.teikyouseido.mhlw.go.jp/znk-web/juminkanja/S2430/initialize?prefCd=22&kikanCd=7220301280&kikanKbn=5", "url2": "https://medicare.jp.net/pharmacy1/", "内容": "おひさま薬局【5:薬局】静岡県三島市萩２８３－３" }, "geometry": { "type": "Point", "coordinates": [ 138.908497, 35.150404 ] } },
{ "type": "Feature", "properties": { "ID": "2257220301300", "正式名称": "ながいき薬局", "機関区分": 5, "都道府県コード": 22, "市区町村コード": 206, "所在地": "静岡県三島市谷田２３３－１７", "緯度": 35.114297, "経度": 138.930997, "url": "https://www.iryou.teikyouseido.mhlw.go.jp/znk-web/juminkanja/S2430/initialize?prefCd=22&kikanCd=7220301300&kikanKbn=5", "url2": "nagaikiyakkyoku.com", "内容": "ながいき薬局【5:薬局】静岡県三島市谷田２３３－１７" }, "geometry": { "type": "Point", "coordinates": [ 138.930997, 35.114297 ] } },
{ "type": "Feature", "properties": { "ID": "2257220301310", "正式名称": "長伏つばさ薬局", "機関区分": 5, "都道府県コード": 22, "市区町村コード": 206, "所在地": "静岡県三島市長伏２２４－１２", "緯度": 35.085825, "経度": 138.916416, "url": "https://www.iryou.teikyouseido.mhlw.go.jp/znk-web/juminkanja/S2430/initialize?prefCd=22&kikanCd=7220301310&kikanKbn=5", "url2": "http://www.ars-group.jp", "内容": "長伏つばさ薬局【5:薬局】静岡県三島市長伏２２４－１２" }, "geometry": { "type": "Point", "coordinates": [ 138.916416, 35.085825 ] } },
{ "type": "Feature", "properties": { "ID": "2257220301380", "正式名称": "ポプラ薬局壱町田店", "機関区分": 5, "都道府県コード": 22, "市区町村コード": 206, "所在地": "静岡県三島市壱町田７８－１", "緯度": 35.133323, "経度": 138.920803, "url": "https://www.iryou.teikyouseido.mhlw.go.jp/znk-web/juminkanja/S2430/initialize?prefCd=22&kikanCd=7220301380&kikanKbn=5", "url2": "http://www.pfc-poplar.co.jp/", "内容": "ポプラ薬局壱町田店【5:薬局】静岡県三島市壱町田７８－１" }, "geometry": { "type": "Point", "coordinates": [ 138.920803, 35.133323 ] } },
{ "type": "Feature", "properties": { "ID": "2257220301390", "正式名称": "ポプラ薬局　玉川店", "機関区分": 5, "都道府県コード": 22, "市区町村コード": 206, "所在地": "静岡県三島市玉川４１３", "緯度": 35.10552, "経度": 138.915832, "url": "https://www.iryou.teikyouseido.mhlw.go.jp/znk-web/juminkanja/S2430/initialize?prefCd=22&kikanCd=7220301390&kikanKbn=5", "url2": "http://www.pfc-poplar.co.jp/", "内容": "ポプラ薬局　玉川店【5:薬局】静岡県三島市玉川４１３" }, "geometry": { "type": "Point", "coordinates": [ 138.915832, 35.10552 ] } },
{ "type": "Feature", "properties": { "ID": "2257220301400", "正式名称": "ポプラ薬局東本町店", "機関区分": 5, "都道府県コード": 22, "市区町村コード": 206, "所在地": "静岡県三島市東本町１－１６－２９", "緯度": 35.116964, "経度": 138.920359, "url": "https://www.iryou.teikyouseido.mhlw.go.jp/znk-web/juminkanja/S2430/initialize?prefCd=22&kikanCd=7220301400&kikanKbn=5", "url2": "http://www.pfc-poplar.co.jp/", "内容": "ポプラ薬局東本町店【5:薬局】静岡県三島市東本町１－１６－２９" }, "geometry": { "type": "Point", "coordinates": [ 138.920359, 35.116964 ] } },
{ "type": "Feature", "properties": { "ID": "2257220301410", "正式名称": "ポプラ薬局三島徳倉店", "機関区分": 5, "都道府県コード": 22, "市区町村コード": 206, "所在地": "静岡県三島市徳倉４－１３－１９", "緯度": 35.143433, "経度": 138.911497, "url": "https://www.iryou.teikyouseido.mhlw.go.jp/znk-web/juminkanja/S2430/initialize?prefCd=22&kikanCd=7220301410&kikanKbn=5", "url2": "http://www.pfc-poplar.co.jp/", "内容": "ポプラ薬局三島徳倉店【5:薬局】静岡県三島市徳倉４－１３－１９" }, "geometry": { "type": "Point", "coordinates": [ 138.911497, 35.143433 ] } },
{ "type": "Feature", "properties": { "ID": "2257220301420", "正式名称": "丸屋薬局株式会社", "機関区分": 5, "都道府県コード": 22, "市区町村コード": 206, "所在地": "静岡県三島市大社町１－３３", "緯度": 35.119935, "経度": 138.918831, "url": "https://www.iryou.teikyouseido.mhlw.go.jp/znk-web/juminkanja/S2430/initialize?prefCd=22&kikanCd=7220301420&kikanKbn=5", "url2": null, "内容": "丸屋薬局株式会社【5:薬局】静岡県三島市大社町１－３３" }, "geometry": { "type": "Point", "coordinates": [ 138.918831, 35.119935 ] } },
{ "type": "Feature", "properties": { "ID": "2257220301440", "正式名称": "三島薬局", "機関区分": 5, "都道府県コード": 22, "市区町村コード": 206, "所在地": "静岡県三島市北田町２－２０", "緯度": 35.11688, "経度": 138.917276, "url": "https://www.iryou.teikyouseido.mhlw.go.jp/znk-web/juminkanja/S2430/initialize?prefCd=22&kikanCd=7220301440&kikanKbn=5", "url2": null, "内容": "三島薬局【5:薬局】静岡県三島市北田町２－２０" }, "geometry": { "type": "Point", "coordinates": [ 138.917276, 35.11688 ] } },
{ "type": "Feature", "properties": { "ID": "2257220301450", "正式名称": "御園薬局", "機関区分": 5, "都道府県コード": 22, "市区町村コード": 206, "所在地": "静岡県三島市御園４７１－１２", "緯度": 35.078773, "経度": 138.92225, "url": "https://www.iryou.teikyouseido.mhlw.go.jp/znk-web/juminkanja/S2430/initialize?prefCd=22&kikanCd=7220301450&kikanKbn=5", "url2": "https://www.misonopharmacy.jp", "内容": "御園薬局【5:薬局】静岡県三島市御園４７１－１２" }, "geometry": { "type": "Point", "coordinates": [ 138.92225, 35.078773 ] } },
{ "type": "Feature", "properties": { "ID": "2257220301460", "正式名称": "メイプル薬局三島店", "機関区分": 5, "都道府県コード": 22, "市区町村コード": 206, "所在地": "静岡県三島市東本町２－４－３３", "緯度": 35.11402, "経度": 138.924803, "url": "https://www.iryou.teikyouseido.mhlw.go.jp/znk-web/juminkanja/S2430/initialize?prefCd=22&kikanCd=7220301460&kikanKbn=5", "url2": "https://pharmacy.maple-group.co.jp/", "内容": "メイプル薬局三島店【5:薬局】静岡県三島市東本町２－４－３３" }, "geometry": { "type": "Point", "coordinates": [ 138.924803, 35.11402 ] } },
{ "type": "Feature", "properties": { "ID": "2257220301470", "正式名称": "めぐみ薬局", "機関区分": 5, "都道府県コード": 22, "市区町村コード": 206, "所在地": "静岡県三島市大場３９９－４", "緯度": 35.0941, "経度": 138.941168, "url": "https://www.iryou.teikyouseido.mhlw.go.jp/znk-web/juminkanja/S2430/initialize?prefCd=22&kikanCd=7220301470&kikanKbn=5", "url2": null, "内容": "めぐみ薬局【5:薬局】静岡県三島市大場３９９－４" }, "geometry": { "type": "Point", "coordinates": [ 138.941168, 35.0941 ] } },
{ "type": "Feature", "properties": { "ID": "2257220301480", "正式名称": "薬局ユニオン", "機関区分": 5, "都道府県コード": 22, "市区町村コード": 206, "所在地": "静岡県三島市東本町１－２－６　英光ビル１０７号室", "緯度": 35.116575, "経度": 138.919776, "url": "https://www.iryou.teikyouseido.mhlw.go.jp/znk-web/juminkanja/S2430/initialize?prefCd=22&kikanCd=7220301480&kikanKbn=5", "url2": "https://www.ars-group.jp/", "内容": "薬局ユニオン【5:薬局】静岡県三島市東本町１－２－６　英光ビル１０７号室" }, "geometry": { "type": "Point", "coordinates": [ 138.919776, 35.116575 ] } },
{ "type": "Feature", "properties": { "ID": "2257220301500", "正式名称": "有限会社あかし薬局", "機関区分": 5, "都道府県コード": 22, "市区町村コード": 206, "所在地": "静岡県三島市末広町３－１", "緯度": 35.135906, "経度": 138.912387, "url": "https://www.iryou.teikyouseido.mhlw.go.jp/znk-web/juminkanja/S2430/initialize?prefCd=22&kikanCd=7220301500&kikanKbn=5", "url2": null, "内容": "有限会社あかし薬局【5:薬局】静岡県三島市末広町３－１" }, "geometry": { "type": "Point", "coordinates": [ 138.912387, 35.135906 ] } },
{ "type": "Feature", "properties": { "ID": "2257220301510", "正式名称": "有限会社岡本薬局", "機関区分": 5, "都道府県コード": 22, "市区町村コード": 206, "所在地": "静岡県三島市大宮町３－１６－６", "緯度": 35.126157, "経度": 138.916664, "url": "https://www.iryou.teikyouseido.mhlw.go.jp/znk-web/juminkanja/S2430/initialize?prefCd=22&kikanCd=7220301510&kikanKbn=5", "url2": "http://dpc-net.ne.jp/storeInfo/2011/12/post-55.html", "内容": "有限会社岡本薬局【5:薬局】静岡県三島市大宮町３－１６－６" }, "geometry": { "type": "Point", "coordinates": [ 138.916664, 35.126157 ] } },
{ "type": "Feature", "properties": { "ID": "2257220301520", "正式名称": "有限会社　大洋堂薬局", "機関区分": 5, "都道府県コード": 22, "市区町村コード": 206, "所在地": "静岡県三島市北田町４－２１", "緯度": 35.117158, "経度": 138.918331, "url": "https://www.iryou.teikyouseido.mhlw.go.jp/znk-web/juminkanja/S2430/initialize?prefCd=22&kikanCd=7220301520&kikanKbn=5", "url2": "https://www.taiyoudou-pharmacy.jp/", "内容": "有限会社　大洋堂薬局【5:薬局】静岡県三島市北田町４－２１" }, "geometry": { "type": "Point", "coordinates": [ 138.918331, 35.117158 ] } },
{ "type": "Feature", "properties": { "ID": "2257220301530", "正式名称": "有限会社大洋堂薬局栄町店", "機関区分": 5, "都道府県コード": 22, "市区町村コード": 206, "所在地": "静岡県三島市栄町１２－５", "緯度": 35.118991, "経度": 138.908388, "url": "https://www.iryou.teikyouseido.mhlw.go.jp/znk-web/juminkanja/S2430/initialize?prefCd=22&kikanCd=7220301530&kikanKbn=5", "url2": "https://www.taiyoudou-pharmacy.jp/", "内容": "有限会社大洋堂薬局栄町店【5:薬局】静岡県三島市栄町１２－５" }, "geometry": { "type": "Point", "coordinates": [ 138.908388, 35.118991 ] } },
{ "type": "Feature", "properties": { "ID": "2257220301540", "正式名称": "有限会社　土佐谷薬局", "機関区分": 5, "都道府県コード": 22, "市区町村コード": 206, "所在地": "静岡県三島市松本２－４", "緯度": 35.097882, "経度": 138.916749, "url": "https://www.iryou.teikyouseido.mhlw.go.jp/znk-web/juminkanja/S2430/initialize?prefCd=22&kikanCd=7220301540&kikanKbn=5", "url2": "https://www.tosaya-pharmacy.jp/", "内容": "有限会社　土佐谷薬局【5:薬局】静岡県三島市松本２－４" }, "geometry": { "type": "Point", "coordinates": [ 138.916749, 35.097882 ] } },
{ "type": "Feature", "properties": { "ID": "2257220301550", "正式名称": "アリスいわた薬局", "機関区分": 5, "都道府県コード": 22, "市区町村コード": 220, "所在地": "静岡県裾野市深良４４４－１", "緯度": 35.197563, "経度": 138.914488, "url": "https://www.iryou.teikyouseido.mhlw.go.jp/znk-web/juminkanja/S2430/initialize?prefCd=22&kikanCd=7220301550&kikanKbn=5", "url2": "http://www.ars-group.jp", "内容": "アリスいわた薬局【5:薬局】静岡県裾野市深良４４４－１" }, "geometry": { "type": "Point", "coordinates": [ 138.914488, 35.197563 ] } },
{ "type": "Feature", "properties": { "ID": "2257220301560", "正式名称": "アリス薬局", "機関区分": 5, "都道府県コード": 22, "市区町村コード": 220, "所在地": "静岡県裾野市佐野９２４－４", "緯度": 35.180929, "経度": 138.908302, "url": "https://www.iryou.teikyouseido.mhlw.go.jp/znk-web/juminkanja/S2430/initialize?prefCd=22&kikanCd=7220301560&kikanKbn=5", "url2": "https://www.ars-group.jp/", "内容": "アリス薬局【5:薬局】静岡県裾野市佐野９２４－４" }, "geometry": { "type": "Point", "coordinates": [ 138.908302, 35.180929 ] } },
{ "type": "Feature", "properties": { "ID": "2257220301620", "正式名称": "グリーン薬局裾野店", "機関区分": 5, "都道府県コード": 22, "市区町村コード": 220, "所在地": "静岡県裾野市茶畑３１４－２", "緯度": 35.175263, "経度": 138.912107, "url": "https://www.iryou.teikyouseido.mhlw.go.jp/znk-web/juminkanja/S2430/initialize?prefCd=22&kikanCd=7220301620&kikanKbn=5", "url2": "https://sites.google.com/view/greenyakukyoku/", "内容": "グリーン薬局裾野店【5:薬局】静岡県裾野市茶畑３１４－２" }, "geometry": { "type": "Point", "coordinates": [ 138.912107, 35.175263 ] } },
{ "type": "Feature", "properties": { "ID": "2257220301640", "正式名称": "クリエイトエス・ディー裾野茶畑店薬局", "機関区分": 5, "都道府県コード": 22, "市区町村コード": 220, "所在地": "静岡県裾野市茶畑３６－１", "緯度": 35.166208, "経度": 138.912441, "url": "https://www.iryou.teikyouseido.mhlw.go.jp/znk-web/juminkanja/S2430/initialize?prefCd=22&kikanCd=7220301640&kikanKbn=5", "url2": "http://www.create-sd.co.jp/", "内容": "クリエイトエス・ディー裾野茶畑店薬局【5:薬局】静岡県裾野市茶畑３６－１" }, "geometry": { "type": "Point", "coordinates": [ 138.912441, 35.166208 ] } },
{ "type": "Feature", "properties": { "ID": "2257220301650", "正式名称": "すその薬局", "機関区分": 5, "都道府県コード": 22, "市区町村コード": 220, "所在地": "静岡県裾野市佐野７０９－５", "緯度": 35.17979, "経度": 138.911746, "url": "https://www.iryou.teikyouseido.mhlw.go.jp/znk-web/juminkanja/S2430/initialize?prefCd=22&kikanCd=7220301650&kikanKbn=5", "url2": null, "内容": "すその薬局【5:薬局】静岡県裾野市佐野７０９－５" }, "geometry": { "type": "Point", "coordinates": [ 138.911746, 35.17979 ] } },
{ "type": "Feature", "properties": { "ID": "2257220301660", "正式名称": "つばさ薬局裾野店", "機関区分": 5, "都道府県コード": 22, "市区町村コード": 220, "所在地": "静岡県裾野市茶畑１４９９－５", "緯度": 35.173041, "経度": 138.92294, "url": "https://www.iryou.teikyouseido.mhlw.go.jp/znk-web/juminkanja/S2430/initialize?prefCd=22&kikanCd=7220301660&kikanKbn=5", "url2": "http://www.ars-group.jp", "内容": "つばさ薬局裾野店【5:薬局】静岡県裾野市茶畑１４９９－５" }, "geometry": { "type": "Point", "coordinates": [ 138.92294, 35.173041 ] } },
{ "type": "Feature", "properties": { "ID": "2257220301690", "正式名称": "むさしの薬局裾野店", "機関区分": 5, "都道府県コード": 22, "市区町村コード": 220, "所在地": "静岡県裾野市佐野１０３８－２", "緯度": 35.176068, "経度": 138.906913, "url": "https://www.iryou.teikyouseido.mhlw.go.jp/znk-web/juminkanja/S2430/initialize?prefCd=22&kikanCd=7220301690&kikanKbn=5", "url2": "https://musashino-pharmacy.com/", "内容": "むさしの薬局裾野店【5:薬局】静岡県裾野市佐野１０３８－２" }, "geometry": { "type": "Point", "coordinates": [ 138.906913, 35.176068 ] } },
{ "type": "Feature", "properties": { "ID": "2257220301700", "正式名称": "メイプル薬局裾野店", "機関区分": 5, "都道府県コード": 22, "市区町村コード": 220, "所在地": "静岡県裾野市伊豆島田８１０－８", "緯度": 35.155015, "経度": 138.904914, "url": "https://www.iryou.teikyouseido.mhlw.go.jp/znk-web/juminkanja/S2430/initialize?prefCd=22&kikanCd=7220301700&kikanKbn=5", "url2": "https://pharmacy.maple-group.co.jp/", "内容": "メイプル薬局裾野店【5:薬局】静岡県裾野市伊豆島田８１０－８" }, "geometry": { "type": "Point", "coordinates": [ 138.904914, 35.155015 ] } },
{ "type": "Feature", "properties": { "ID": "2257220301730", "正式名称": "よろず漢方薬局", "機関区分": 5, "都道府県コード": 22, "市区町村コード": 220, "所在地": "静岡県裾野市水窪１２２－５－Ｂ１０３", "緯度": 35.154904, "経度": 138.902053, "url": "https://www.iryou.teikyouseido.mhlw.go.jp/znk-web/juminkanja/S2430/initialize?prefCd=22&kikanCd=7220301730&kikanKbn=5", "url2": "https://yorozukanpo.com", "内容": "よろず漢方薬局【5:薬局】静岡県裾野市水窪１２２－５－Ｂ１０３" }, "geometry": { "type": "Point", "coordinates": [ 138.902053, 35.154904 ] } },
{ "type": "Feature", "properties": { "ID": "2257220301740", "正式名称": "あづさ薬局", "機関区分": 5, "都道府県コード": 22, "市区町村コード": 225, "所在地": "静岡県伊豆の国市南條１６４３", "緯度": 35.040139, "経度": 138.944249, "url": "https://www.iryou.teikyouseido.mhlw.go.jp/znk-web/juminkanja/S2430/initialize?prefCd=22&kikanCd=7220301740&kikanKbn=5", "url2": "http://www.myph.jp/eko_group/", "内容": "あづさ薬局【5:薬局】静岡県伊豆の国市南條１６４３" }, "geometry": { "type": "Point", "coordinates": [ 138.944249, 35.040139 ] } },
{ "type": "Feature", "properties": { "ID": "2257220301750", "正式名称": "岩下薬局江間店", "機関区分": 5, "都道府県コード": 22, "市区町村コード": 225, "所在地": "静岡県伊豆の国市南江間八ツ島１３０６－２", "緯度": 35.047776, "経度": 138.918557, "url": "https://www.iryou.teikyouseido.mhlw.go.jp/znk-web/juminkanja/S2430/initialize?prefCd=22&kikanCd=7220301750&kikanKbn=5", "url2": null, "内容": "岩下薬局江間店【5:薬局】静岡県伊豆の国市南江間八ツ島１３０６－２" }, "geometry": { "type": "Point", "coordinates": [ 138.918557, 35.047776 ] } },
{ "type": "Feature", "properties": { "ID": "2257220301760", "正式名称": "岩下薬局大仁店", "機関区分": 5, "都道府県コード": 22, "市区町村コード": 225, "所在地": "静岡県伊豆の国市大仁字下宿３８２－１", "緯度": 34.99806, "経度": 138.939668, "url": "https://www.iryou.teikyouseido.mhlw.go.jp/znk-web/juminkanja/S2430/initialize?prefCd=22&kikanCd=7220301760&kikanKbn=5", "url2": null, "内容": "岩下薬局大仁店【5:薬局】静岡県伊豆の国市大仁字下宿３８２－１" }, "geometry": { "type": "Point", "coordinates": [ 138.939668, 34.99806 ] } },
{ "type": "Feature", "properties": { "ID": "2257220301770", "正式名称": "うさぎ薬局大仁店", "機関区分": 5, "都道府県コード": 22, "市区町村コード": 225, "所在地": "静岡県伊豆の国市吉田３５４－４", "緯度": 35.000449, "経度": 138.938057, "url": "https://www.iryou.teikyouseido.mhlw.go.jp/znk-web/juminkanja/S2430/initialize?prefCd=22&kikanCd=7220301770&kikanKbn=5", "url2": "http://www.usagi-corp.jp", "内容": "うさぎ薬局大仁店【5:薬局】静岡県伊豆の国市吉田３５４－４" }, "geometry": { "type": "Point", "coordinates": [ 138.938057, 35.000449 ] } },
{ "type": "Feature", "properties": { "ID": "2257220301790", "正式名称": "おちあい薬局", "機関区分": 5, "都道府県コード": 22, "市区町村コード": 225, "所在地": "静岡県伊豆の国市田京３０２－３２", "緯度": 35.013864, "経度": 138.945417, "url": "https://www.iryou.teikyouseido.mhlw.go.jp/znk-web/juminkanja/S2430/initialize?prefCd=22&kikanCd=7220301790&kikanKbn=5", "url2": null, "内容": "おちあい薬局【5:薬局】静岡県伊豆の国市田京３０２－３２" }, "geometry": { "type": "Point", "coordinates": [ 138.945417, 35.013864 ] } },
{ "type": "Feature", "properties": { "ID": "2257220301820", "正式名称": "鈴木薬局", "機関区分": 5, "都道府県コード": 22, "市区町村コード": 225, "所在地": "静岡県伊豆の国市田京字坪の内２７１ー２０", "緯度": 35.013836, "経度": 138.945056, "url": "https://www.iryou.teikyouseido.mhlw.go.jp/znk-web/juminkanja/S2430/initialize?prefCd=22&kikanCd=7220301820&kikanKbn=5", "url2": "https://www.ars-group.jp/", "内容": "鈴木薬局【5:薬局】静岡県伊豆の国市田京字坪の内２７１ー２０" }, "geometry": { "type": "Point", "coordinates": [ 138.945056, 35.013836 ] } },
{ "type": "Feature", "properties": { "ID": "2257220301840", "正式名称": "中薬局", "機関区分": 5, "都道府県コード": 22, "市区町村コード": 225, "所在地": "静岡県伊豆の国市中西小田前８９４－６", "緯度": 35.041167, "経度": 138.950249, "url": "https://www.iryou.teikyouseido.mhlw.go.jp/znk-web/juminkanja/S2430/initialize?prefCd=22&kikanCd=7220301840&kikanKbn=5", "url2": null, "内容": "中薬局【5:薬局】静岡県伊豆の国市中西小田前８９４－６" }, "geometry": { "type": "Point", "coordinates": [ 138.950249, 35.041167 ] } },
{ "type": "Feature", "properties": { "ID": "2257220301850", "正式名称": "明正薬局", "機関区分": 5, "都道府県コード": 22, "市区町村コード": 225, "所在地": "静岡県伊豆の国市古奈４２６－６", "緯度": 35.036584, "経度": 138.941917, "url": "https://www.iryou.teikyouseido.mhlw.go.jp/znk-web/juminkanja/S2430/initialize?prefCd=22&kikanCd=7220301850&kikanKbn=5", "url2": "https://meiseikanpou.net", "内容": "明正薬局【5:薬局】静岡県伊豆の国市古奈４２６－６" }, "geometry": { "type": "Point", "coordinates": [ 138.941917, 35.036584 ] } },
{ "type": "Feature", "properties": { "ID": "2257220301860", "正式名称": "ももの木薬局", "機関区分": 5, "都道府県コード": 22, "市区町村コード": 225, "所在地": "静岡県伊豆の国市田京１６５－１７", "緯度": 35.01217, "経度": 138.944112, "url": "https://www.iryou.teikyouseido.mhlw.go.jp/znk-web/juminkanja/S2430/initialize?prefCd=22&kikanCd=7220301860&kikanKbn=5", "url2": null, "内容": "ももの木薬局【5:薬局】静岡県伊豆の国市田京１６５－１７" }, "geometry": { "type": "Point", "coordinates": [ 138.944112, 35.01217 ] } },
{ "type": "Feature", "properties": { "ID": "2257220301890", "正式名称": "有限会社サトウ薬局", "機関区分": 5, "都道府県コード": 22, "市区町村コード": 225, "所在地": "静岡県伊豆の国市長岡１１１７－９", "緯度": 35.029418, "経度": 138.934695, "url": "https://www.iryou.teikyouseido.mhlw.go.jp/znk-web/juminkanja/S2430/initialize?prefCd=22&kikanCd=7220301890&kikanKbn=5", "url2": null, "内容": "有限会社サトウ薬局【5:薬局】静岡県伊豆の国市長岡１１１７－９" }, "geometry": { "type": "Point", "coordinates": [ 138.934695, 35.029418 ] } },
{ "type": "Feature", "properties": { "ID": "2257220301900", "正式名称": "有限会社ヨゴサワ薬局", "機関区分": 5, "都道府県コード": 22, "市区町村コード": 225, "所在地": "静岡県伊豆の国市韮山多田５１４－１", "緯度": 35.066359, "経度": 138.956303, "url": "https://www.iryou.teikyouseido.mhlw.go.jp/znk-web/juminkanja/S2430/initialize?prefCd=22&kikanCd=7220301900&kikanKbn=5", "url2": null, "内容": "有限会社ヨゴサワ薬局【5:薬局】静岡県伊豆の国市韮山多田５１４－１" }, "geometry": { "type": "Point", "coordinates": [ 138.956303, 35.066359 ] } },
{ "type": "Feature", "properties": { "ID": "2257220301910", "正式名称": "らん薬局", "機関区分": 5, "都道府県コード": 22, "市区町村コード": 225, "所在地": "静岡県伊豆の国市富士見９２０－２", "緯度": 35.033473, "経度": 138.942555, "url": "https://www.iryou.teikyouseido.mhlw.go.jp/znk-web/juminkanja/S2430/initialize?prefCd=22&kikanCd=7220301910&kikanKbn=5", "url2": null, "内容": "らん薬局【5:薬局】静岡県伊豆の国市富士見９２０－２" }, "geometry": { "type": "Point", "coordinates": [ 138.942555, 35.033473 ] } },
{ "type": "Feature", "properties": { "ID": "2257220301930", "正式名称": "アクア薬局", "機関区分": 5, "都道府県コード": 22, "市区町村コード": 341, "所在地": "静岡県駿東郡清水町伏見５１－１", "緯度": 35.109547, "経度": 138.900472, "url": "https://www.iryou.teikyouseido.mhlw.go.jp/znk-web/juminkanja/S2430/initialize?prefCd=22&kikanCd=7220301930&kikanKbn=5", "url2": "http://dpc-net.ne.jp/storeInfo/2011/12/post-44.html", "内容": "アクア薬局【5:薬局】静岡県駿東郡清水町伏見５１－１" }, "geometry": { "type": "Point", "coordinates": [ 138.900472, 35.109547 ] } },
{ "type": "Feature", "properties": { "ID": "2257220301960", "正式名称": "一般社団法人沼津薬剤師会センター薬局", "機関区分": 5, "都道府県コード": 22, "市区町村コード": 341, "所在地": "静岡県駿東郡清水町長沢字仲原８７１－２", "緯度": 35.099659, "経度": 138.890279, "url": "https://www.iryou.teikyouseido.mhlw.go.jp/znk-web/juminkanja/S2430/initialize?prefCd=22&kikanCd=7220301960&kikanKbn=5", "url2": "http://www.numayaku.jp/", "内容": "一般社団法人沼津薬剤師会センター薬局【5:薬局】静岡県駿東郡清水町長沢字仲原８７１－２" }, "geometry": { "type": "Point", "coordinates": [ 138.890279, 35.099659 ] } },
{ "type": "Feature", "properties": { "ID": "2257220302000", "正式名称": "ポプラ薬局堂庭店", "機関区分": 5, "都道府県コード": 22, "市区町村コード": 341, "所在地": "静岡県駿東郡清水町堂庭１０９－９", "緯度": 35.101465, "経度": 138.905417, "url": "https://www.iryou.teikyouseido.mhlw.go.jp/znk-web/juminkanja/S2430/initialize?prefCd=22&kikanCd=7220302000&kikanKbn=5", "url2": "http://www.pfc-poplar.co.jp/", "内容": "ポプラ薬局堂庭店【5:薬局】静岡県駿東郡清水町堂庭１０９－９" }, "geometry": { "type": "Point", "coordinates": [ 138.905417, 35.101465 ] } },
{ "type": "Feature", "properties": { "ID": "2257220302080", "正式名称": "アップル薬局", "機関区分": 5, "都道府県コード": 22, "市区町村コード": 342, "所在地": "静岡県駿東郡長泉町竹原３１３－１４", "緯度": 35.119574, "経度": 138.898638, "url": "https://www.iryou.teikyouseido.mhlw.go.jp/znk-web/juminkanja/S2430/initialize?prefCd=22&kikanCd=7220302080&kikanKbn=5", "url2": null, "内容": "アップル薬局【5:薬局】静岡県駿東郡長泉町竹原３１３－１４" }, "geometry": { "type": "Point", "coordinates": [ 138.898638, 35.119574 ] } },
{ "type": "Feature", "properties": { "ID": "2257220302090", "正式名称": "クリエイト薬局長泉中土狩店", "機関区分": 5, "都道府県コード": 22, "市区町村コード": 342, "所在地": "静岡県駿東郡長泉町中土狩８９６－６", "緯度": 35.1361, "経度": 138.898527, "url": "https://www.iryou.teikyouseido.mhlw.go.jp/znk-web/juminkanja/S2430/initialize?prefCd=22&kikanCd=7220302090&kikanKbn=5", "url2": "http://www.create-sd.co.jp/", "内容": "クリエイト薬局長泉中土狩店【5:薬局】静岡県駿東郡長泉町中土狩８９６－６" }, "geometry": { "type": "Point", "coordinates": [ 138.898527, 35.1361 ] } },
{ "type": "Feature", "properties": { "ID": "2257220302100", "正式名称": "くるみ薬局", "機関区分": 5, "都道府県コード": 22, "市区町村コード": 342, "所在地": "静岡県駿東郡長泉町桜堤３－１－３", "緯度": 35.145682, "経度": 138.905637, "url": "https://www.iryou.teikyouseido.mhlw.go.jp/znk-web/juminkanja/S2430/initialize?prefCd=22&kikanCd=7220302100&kikanKbn=5", "url2": null, "内容": "くるみ薬局【5:薬局】静岡県駿東郡長泉町桜堤３－１－３" }, "geometry": { "type": "Point", "coordinates": [ 138.905637, 35.145682 ] } },
{ "type": "Feature", "properties": { "ID": "2257220302110", "正式名称": "小島薬局サクラ店", "機関区分": 5, "都道府県コード": 22, "市区町村コード": 342, "所在地": "静岡県駿東郡長泉町桜堤１－８－１３", "緯度": 35.145044, "経度": 138.905109, "url": "https://www.iryou.teikyouseido.mhlw.go.jp/znk-web/juminkanja/S2430/initialize?prefCd=22&kikanCd=7220302110&kikanKbn=5", "url2": "http://kojimayakkyoku.com/", "内容": "小島薬局サクラ店【5:薬局】静岡県駿東郡長泉町桜堤１－８－１３" }, "geometry": { "type": "Point", "coordinates": [ 138.905109, 35.145044 ] } },
{ "type": "Feature", "properties": { "ID": "2257220302130", "正式名称": "すずらん薬局", "機関区分": 5, "都道府県コード": 22, "市区町村コード": 342, "所在地": "静岡県駿東郡長泉町下土狩３４６－１０", "緯度": 35.123213, "経度": 138.901333, "url": "https://www.iryou.teikyouseido.mhlw.go.jp/znk-web/juminkanja/S2430/initialize?prefCd=22&kikanCd=7220302130&kikanKbn=5", "url2": null, "内容": "すずらん薬局【5:薬局】静岡県駿東郡長泉町下土狩３４６－１０" }, "geometry": { "type": "Point", "coordinates": [ 138.901333, 35.123213 ] } },
{ "type": "Feature", "properties": { "ID": "2257220302150", "正式名称": "すみれ薬局竹原店", "機関区分": 5, "都道府県コード": 22, "市区町村コード": 342, "所在地": "静岡県駿東郡長泉町竹原３９７－３", "緯度": 35.119491, "経度": 138.902166, "url": "https://www.iryou.teikyouseido.mhlw.go.jp/znk-web/juminkanja/S2430/initialize?prefCd=22&kikanCd=7220302150&kikanKbn=5", "url2": null, "内容": "すみれ薬局竹原店【5:薬局】静岡県駿東郡長泉町竹原３９７－３" }, "geometry": { "type": "Point", "coordinates": [ 138.902166, 35.119491 ] } },
{ "type": "Feature", "properties": { "ID": "2257220302160", "正式名称": "するが薬局", "機関区分": 5, "都道府県コード": 22, "市区町村コード": 342, "所在地": "静岡県駿東郡長泉町南一色４２５－７", "緯度": 35.15257, "経度": 138.895248, "url": "https://www.iryou.teikyouseido.mhlw.go.jp/znk-web/juminkanja/S2430/initialize?prefCd=22&kikanCd=7220302160&kikanKbn=5", "url2": "http://e-suruga.co.jp/", "内容": "するが薬局【5:薬局】静岡県駿東郡長泉町南一色４２５－７" }, "geometry": { "type": "Point", "coordinates": [ 138.895248, 35.15257 ] } },
{ "type": "Feature", "properties": { "ID": "2257220302210", "正式名称": "ファミリーケア薬局", "機関区分": 5, "都道府県コード": 22, "市区町村コード": 342, "所在地": "静岡県駿東郡長泉町下長窪５６５－７", "緯度": 35.142738, "経度": 138.891638, "url": "https://www.iryou.teikyouseido.mhlw.go.jp/znk-web/juminkanja/S2430/initialize?prefCd=22&kikanCd=7220302210&kikanKbn=5", "url2": null, "内容": "ファミリーケア薬局【5:薬局】静岡県駿東郡長泉町下長窪５６５－７" }, "geometry": { "type": "Point", "coordinates": [ 138.891638, 35.142738 ] } },
{ "type": "Feature", "properties": { "ID": "2257220302250", "正式名称": "アリス薬局", "機関区分": 5, "都道府県コード": 22, "市区町村コード": 325, "所在地": "静岡県田方郡函南町仁田３３－１", "緯度": 35.090082, "経度": 138.943359, "url": "https://www.iryou.teikyouseido.mhlw.go.jp/znk-web/juminkanja/S2430/initialize?prefCd=22&kikanCd=7220302250&kikanKbn=5", "url2": "https://www.ars-group.jp/", "内容": "アリス薬局【5:薬局】静岡県田方郡函南町仁田３３－１" }, "geometry": { "type": "Point", "coordinates": [ 138.943359, 35.090082 ] } },
{ "type": "Feature", "properties": { "ID": "2257220302260", "正式名称": "エンゼル薬局", "機関区分": 5, "都道府県コード": 22, "市区町村コード": 325, "所在地": "静岡県田方郡函南町塚本９５２－１", "緯度": 35.081662, "経度": 138.93997, "url": "https://www.iryou.teikyouseido.mhlw.go.jp/znk-web/juminkanja/S2430/initialize?prefCd=22&kikanCd=7220302260&kikanKbn=5", "url2": null, "内容": "エンゼル薬局【5:薬局】静岡県田方郡函南町塚本９５２－１" }, "geometry": { "type": "Point", "coordinates": [ 138.93997, 35.081662 ] } },
{ "type": "Feature", "properties": { "ID": "2257220302290", "正式名称": "函南鈴木薬局", "機関区分": 5, "都道府県コード": 22, "市区町村コード": 325, "所在地": "静岡県田方郡函南町上沢２３３－２２", "緯度": 35.095494, "経度": 138.950719, "url": "https://www.iryou.teikyouseido.mhlw.go.jp/znk-web/juminkanja/S2430/initialize?prefCd=22&kikanCd=7220302290&kikanKbn=5", "url2": null, "内容": "函南鈴木薬局【5:薬局】静岡県田方郡函南町上沢２３３－２２" }, "geometry": { "type": "Point", "coordinates": [ 138.950719, 35.095494 ] } },
{ "type": "Feature", "properties": { "ID": "2257220302310", "正式名称": "函南薬局", "機関区分": 5, "都道府県コード": 22, "市区町村コード": 325, "所在地": "静岡県田方郡函南町間宮字下粟彦８９５－７", "緯度": 35.084634, "経度": 138.933498, "url": "https://www.iryou.teikyouseido.mhlw.go.jp/znk-web/juminkanja/S2430/initialize?prefCd=22&kikanCd=7220302310&kikanKbn=5", "url2": "https://www.misonopharmacy.jp", "内容": "函南薬局【5:薬局】静岡県田方郡函南町間宮字下粟彦８９５－７" }, "geometry": { "type": "Point", "coordinates": [ 138.933498, 35.084634 ] } },
{ "type": "Feature", "properties": { "ID": "2257220302340", "正式名称": "峰薬局", "機関区分": 5, "都道府県コード": 22, "市区町村コード": 325, "所在地": "静岡県田方郡函南町肥田３５６－１２", "緯度": 35.073524, "経度": 138.941137, "url": "https://www.iryou.teikyouseido.mhlw.go.jp/znk-web/juminkanja/S2430/initialize?prefCd=22&kikanCd=7220302340&kikanKbn=5", "url2": null, "内容": "峰薬局【5:薬局】静岡県田方郡函南町肥田３５６－１２" }, "geometry": { "type": "Point", "coordinates": [ 138.941137, 35.073524 ] } },
{ "type": "Feature", "properties": { "ID": "2257220302350", "正式名称": "天城薬局", "機関区分": 5, "都道府県コード": 22, "市区町村コード": 222, "所在地": "静岡県伊豆市松ケ瀬５０－３", "緯度": 34.942816, "経度": 138.931449, "url": "https://www.iryou.teikyouseido.mhlw.go.jp/znk-web/juminkanja/S2430/initialize?prefCd=22&kikanCd=7220302350&kikanKbn=5", "url2": "http://dpc-net.ne.jp/storeInfo/2011/12/post-56.html", "内容": "天城薬局【5:薬局】静岡県伊豆市松ケ瀬５０－３" }, "geometry": { "type": "Point", "coordinates": [ 138.931449, 34.942816 ] } },
{ "type": "Feature", "properties": { "ID": "2257220302380", "正式名称": "うさぎ薬局　修善寺店", "機関区分": 5, "都道府県コード": 22, "市区町村コード": 222, "所在地": "静岡県伊豆市小立野９０－１", "緯度": 34.976201, "経度": 138.946252, "url": "https://www.iryou.teikyouseido.mhlw.go.jp/znk-web/juminkanja/S2430/initialize?prefCd=22&kikanCd=7220302380&kikanKbn=5", "url2": "http://usagipharmacy.com/", "内容": "うさぎ薬局　修善寺店【5:薬局】静岡県伊豆市小立野９０－１" }, "geometry": { "type": "Point", "coordinates": [ 138.946252, 34.976201 ] } },
{ "type": "Feature", "properties": { "ID": "2257220302460", "正式名称": "ミヤザワ薬局支店", "機関区分": 5, "都道府県コード": 22, "市区町村コード": 222, "所在地": "静岡県伊豆市柏久保５０２－１", "緯度": 34.97659, "経度": 138.948752, "url": "https://www.iryou.teikyouseido.mhlw.go.jp/znk-web/juminkanja/S2430/initialize?prefCd=22&kikanCd=7220302460&kikanKbn=5", "url2": null, "内容": "ミヤザワ薬局支店【5:薬局】静岡県伊豆市柏久保５０２－１" }, "geometry": { "type": "Point", "coordinates": [ 138.948752, 34.97659 ] } },
{ "type": "Feature", "properties": { "ID": "2257220302470", "正式名称": "有限会社田方協立薬局", "機関区分": 5, "都道府県コード": 22, "市区町村コード": 222, "所在地": "静岡県伊豆市小立野８３－２", "緯度": 34.975396, "経度": 138.945808, "url": "https://www.iryou.teikyouseido.mhlw.go.jp/znk-web/juminkanja/S2430/initialize?prefCd=22&kikanCd=7220302470&kikanKbn=5", "url2": "http://www.e-classanet/tagata-kyouritu/", "内容": "有限会社田方協立薬局【5:薬局】静岡県伊豆市小立野８３－２" }, "geometry": { "type": "Point", "coordinates": [ 138.945808, 34.975396 ] } },
{ "type": "Feature", "properties": { "ID": "2257220302480", "正式名称": "有限会社　宮沢薬局", "機関区分": 5, "都道府県コード": 22, "市区町村コード": 222, "所在地": "静岡県伊豆市柏久保６０４－６", "緯度": 34.978451, "経度": 138.950968, "url": "https://www.iryou.teikyouseido.mhlw.go.jp/znk-web/juminkanja/S2430/initialize?prefCd=22&kikanCd=7220302480&kikanKbn=5", "url2": null, "内容": "有限会社　宮沢薬局【5:薬局】静岡県伊豆市柏久保６０４－６" }, "geometry": { "type": "Point", "coordinates": [ 138.950968, 34.978451 ] } },
{ "type": "Feature", "properties": { "ID": "2257220302490", "正式名称": "若葉薬局", "機関区分": 5, "都道府県コード": 22, "市区町村コード": 222, "所在地": "静岡県伊豆市加殿４６－１９", "緯度": 34.9713, "経度": 138.948712, "url": "https://www.iryou.teikyouseido.mhlw.go.jp/znk-web/juminkanja/S2430/initialize?prefCd=22&kikanCd=7220302490&kikanKbn=5", "url2": "www.med-eiko.co.jp/", "内容": "若葉薬局【5:薬局】静岡県伊豆市加殿４６－１９" }, "geometry": { "type": "Point", "coordinates": [ 138.948712, 34.9713 ] } },
{ "type": "Feature", "properties": { "ID": "2257220302500", "正式名称": "上沢薬局", "機関区分": 5, "都道府県コード": 22, "市区町村コード": 325, "所在地": "静岡県田方郡函南町上沢８０－１８", "緯度": 35.092411, "経度": 138.948163, "url": "https://www.iryou.teikyouseido.mhlw.go.jp/znk-web/juminkanja/S2430/initialize?prefCd=22&kikanCd=7220302500&kikanKbn=5", "url2": null, "内容": "上沢薬局【5:薬局】静岡県田方郡函南町上沢８０－１８" }, "geometry": { "type": "Point", "coordinates": [ 138.948163, 35.092411 ] } },
{ "type": "Feature", "properties": { "ID": "2257220302510", "正式名称": "健康堂薬局", "機関区分": 5, "都道府県コード": 22, "市区町村コード": 225, "所在地": "静岡県伊豆の国市原木７１８－４", "緯度": 35.065747, "経度": 138.942665, "url": "https://www.iryou.teikyouseido.mhlw.go.jp/znk-web/juminkanja/S2430/initialize?prefCd=22&kikanCd=7220302510&kikanKbn=5", "url2": null, "内容": "健康堂薬局【5:薬局】静岡県伊豆の国市原木７１８－４" }, "geometry": { "type": "Point", "coordinates": [ 138.942665, 35.065747 ] } },
{ "type": "Feature", "properties": { "ID": "2257220302660", "正式名称": "アリス薬局今沢店", "機関区分": 5, "都道府県コード": 22, "市区町村コード": 203, "所在地": "静岡県沼津市今沢６８７－２７", "緯度": 35.122161, "経度": 138.814662, "url": "https://www.iryou.teikyouseido.mhlw.go.jp/znk-web/juminkanja/S2430/initialize?prefCd=22&kikanCd=7220302660&kikanKbn=5", "url2": "http://www.ars-group.jp", "内容": "アリス薬局今沢店【5:薬局】静岡県沼津市今沢６８７－２７" }, "geometry": { "type": "Point", "coordinates": [ 138.814662, 35.122161 ] } },
{ "type": "Feature", "properties": { "ID": "2257220302670", "正式名称": "うさぎ薬局　裾野店", "機関区分": 5, "都道府県コード": 22, "市区町村コード": 220, "所在地": "静岡県裾野市伊豆島田８３１－２", "緯度": 35.150946, "経度": 138.904349, "url": "https://www.iryou.teikyouseido.mhlw.go.jp/znk-web/juminkanja/S2430/initialize?prefCd=22&kikanCd=7220302670&kikanKbn=5", "url2": null, "内容": "うさぎ薬局　裾野店【5:薬局】静岡県裾野市伊豆島田８３１－２" }, "geometry": { "type": "Point", "coordinates": [ 138.904349, 35.150946 ] } },
{ "type": "Feature", "properties": { "ID": "2257220302700", "正式名称": "ポプラ薬局小泉店", "機関区分": 5, "都道府県コード": 22, "市区町村コード": 207, "所在地": "静岡県富士宮市小泉１９７５－２０", "緯度": 35.224829, "経度": 138.637886, "url": "https://www.iryou.teikyouseido.mhlw.go.jp/znk-web/juminkanja/S2430/initialize?prefCd=22&kikanCd=7220302700&kikanKbn=5", "url2": "http://www.pfc-poplar.co.jp/", "内容": "ポプラ薬局小泉店【5:薬局】静岡県富士宮市小泉１９７５－２０" }, "geometry": { "type": "Point", "coordinates": [ 138.637886, 35.224829 ] } },
{ "type": "Feature", "properties": { "ID": "2257220302710", "正式名称": "アリス薬局　松長店", "機関区分": 5, "都道府県コード": 22, "市区町村コード": 203, "所在地": "静岡県沼津市松長７６９－２", "緯度": 35.118476, "経度": 138.828603, "url": "https://www.iryou.teikyouseido.mhlw.go.jp/znk-web/juminkanja/S2430/initialize?prefCd=22&kikanCd=7220302710&kikanKbn=5", "url2": "http://www.ars-group.jp/", "内容": "アリス薬局　松長店【5:薬局】静岡県沼津市松長７６９－２" }, "geometry": { "type": "Point", "coordinates": [ 138.828603, 35.118476 ] } },
{ "type": "Feature", "properties": { "ID": "2257220302770", "正式名称": "うさぎ薬局　長泉店", "機関区分": 5, "都道府県コード": 22, "市区町村コード": 342, "所在地": "静岡県駿東郡長泉町南一色２８３－１", "緯度": 35.158043, "経度": 138.899011, "url": "https://www.iryou.teikyouseido.mhlw.go.jp/znk-web/juminkanja/S2430/initialize?prefCd=22&kikanCd=7220302770&kikanKbn=5", "url2": "http://www.usagi-corp.jp", "内容": "うさぎ薬局　長泉店【5:薬局】静岡県駿東郡長泉町南一色２８３－１" }, "geometry": { "type": "Point", "coordinates": [ 138.899011, 35.158043 ] } },
{ "type": "Feature", "properties": { "ID": "2257220302800", "正式名称": "とくら薬局", "機関区分": 5, "都道府県コード": 22, "市区町村コード": 341, "所在地": "静岡県駿東郡清水町徳倉１００６－１", "緯度": 35.0838, "経度": 138.899612, "url": "https://www.iryou.teikyouseido.mhlw.go.jp/znk-web/juminkanja/S2430/initialize?prefCd=22&kikanCd=7220302800&kikanKbn=5", "url2": "http://armeria-ph.com/", "内容": "とくら薬局【5:薬局】静岡県駿東郡清水町徳倉１００６－１" }, "geometry": { "type": "Point", "coordinates": [ 138.899612, 35.0838 ] } },
{ "type": "Feature", "properties": { "ID": "2257220302820", "正式名称": "クリエイト薬局沼津東椎路店", "機関区分": 5, "都道府県コード": 22, "市区町村コード": 203, "所在地": "静岡県沼津市東椎路１４７３－１", "緯度": 35.123073, "経度": 138.83506, "url": "https://www.iryou.teikyouseido.mhlw.go.jp/znk-web/juminkanja/S2430/initialize?prefCd=22&kikanCd=7220302820&kikanKbn=5", "url2": "http://www.create-sd.co.jp", "内容": "クリエイト薬局沼津東椎路店【5:薬局】静岡県沼津市東椎路１４７３－１" }, "geometry": { "type": "Point", "coordinates": [ 138.83506, 35.123073 ] } },
{ "type": "Feature", "properties": { "ID": "2257220302840", "正式名称": "アリス薬局香陵の径店", "機関区分": 5, "都道府県コード": 22, "市区町村コード": 203, "所在地": "静岡県沼津市市場町", "緯度": 35.095243, "経度": 138.860948, "url": "https://www.iryou.teikyouseido.mhlw.go.jp/znk-web/juminkanja/S2430/initialize?prefCd=22&kikanCd=7220302840&kikanKbn=5", "url2": "http://www.ars-group.jp", "内容": "アリス薬局香陵の径店【5:薬局】静岡県沼津市市場町" }, "geometry": { "type": "Point", "coordinates": [ 138.860948, 35.095243 ] } },
{ "type": "Feature", "properties": { "ID": "2257220302910", "正式名称": "アリス薬局大手町店", "機関区分": 5, "都道府県コード": 22, "市区町村コード": 203, "所在地": "静岡県沼津市大手町１－１－６", "緯度": 35.102159, "経度": 138.858476, "url": "https://www.iryou.teikyouseido.mhlw.go.jp/znk-web/juminkanja/S2430/initialize?prefCd=22&kikanCd=7220302910&kikanKbn=5", "url2": "http://www.ars-group.jp", "内容": "アリス薬局大手町店【5:薬局】静岡県沼津市大手町１－１－６" }, "geometry": { "type": "Point", "coordinates": [ 138.858476, 35.102159 ] } },
{ "type": "Feature", "properties": { "ID": "2257220302920", "正式名称": "有限会社大洋堂薬局芝本町店", "機関区分": 5, "都道府県コード": 22, "市区町村コード": 206, "所在地": "静岡県三島市芝本町１１－２７", "緯度": 35.120824, "経度": 138.913359, "url": "https://www.iryou.teikyouseido.mhlw.go.jp/znk-web/juminkanja/S2430/initialize?prefCd=22&kikanCd=7220302920&kikanKbn=5", "url2": "https://www.taiyoudou-pharmacy.jp/", "内容": "有限会社大洋堂薬局芝本町店【5:薬局】静岡県三島市芝本町１１－２７" }, "geometry": { "type": "Point", "coordinates": [ 138.913359, 35.120824 ] } },
{ "type": "Feature", "properties": { "ID": "2257220302940", "正式名称": "アリス薬局一本松店", "機関区分": 5, "都道府県コード": 22, "市区町村コード": 203, "所在地": "静岡県沼津市一本松４７６－４", "緯度": 35.130456, "経度": 138.781466, "url": "https://www.iryou.teikyouseido.mhlw.go.jp/znk-web/juminkanja/S2430/initialize?prefCd=22&kikanCd=7220302940&kikanKbn=5", "url2": "http://www.ars-group.jp", "内容": "アリス薬局一本松店【5:薬局】静岡県沼津市一本松４７６－４" }, "geometry": { "type": "Point", "coordinates": [ 138.781466, 35.130456 ] } },
{ "type": "Feature", "properties": { "ID": "2257220302970", "正式名称": "いちご薬局", "機関区分": 5, "都道府県コード": 22, "市区町村コード": 203, "所在地": "静岡県沼津市庄栄町１０－３３", "緯度": 35.110222, "経度": 138.862448, "url": "https://www.iryou.teikyouseido.mhlw.go.jp/znk-web/juminkanja/S2430/initialize?prefCd=22&kikanCd=7220302970&kikanKbn=5", "url2": "http://shizuken.com", "内容": "いちご薬局【5:薬局】静岡県沼津市庄栄町１０－３３" }, "geometry": { "type": "Point", "coordinates": [ 138.862448, 35.110222 ] } },
{ "type": "Feature", "properties": { "ID": "2257220303000", "正式名称": "クリエイト薬局函南仁田店", "機関区分": 5, "都道府県コード": 22, "市区町村コード": 325, "所在地": "静岡県田方郡函南町仁田１５－４", "緯度": 35.090436, "経度": 138.941195, "url": "https://www.iryou.teikyouseido.mhlw.go.jp/znk-web/juminkanja/S2430/initialize?prefCd=22&kikanCd=7220303000&kikanKbn=5", "url2": "http://www.create-sd.co.jp/", "内容": "クリエイト薬局函南仁田店【5:薬局】静岡県田方郡函南町仁田１５－４" }, "geometry": { "type": "Point", "coordinates": [ 138.941195, 35.090436 ] } },
{ "type": "Feature", "properties": { "ID": "2257220303010", "正式名称": "クリエイト薬局沼津原店", "機関区分": 5, "都道府県コード": 22, "市区町村コード": 203, "所在地": "静岡県沼津市原１０７１－２", "緯度": 35.126588, "経度": 138.799142, "url": "https://www.iryou.teikyouseido.mhlw.go.jp/znk-web/juminkanja/S2430/initialize?prefCd=22&kikanCd=7220303010&kikanKbn=5", "url2": "http://www.create-sd.co.jp/", "内容": "クリエイト薬局沼津原店【5:薬局】静岡県沼津市原１０７１－２" }, "geometry": { "type": "Point", "coordinates": [ 138.799142, 35.126588 ] } },
{ "type": "Feature", "properties": { "ID": "2257220303060", "正式名称": "うさぎ薬局　なめり店", "機関区分": 5, "都道府県コード": 22, "市区町村コード": 342, "所在地": "静岡県駿東郡長泉町上土狩６９－１８", "緯度": 35.141137, "経度": 138.904929, "url": "https://www.iryou.teikyouseido.mhlw.go.jp/znk-web/juminkanja/S2430/initialize?prefCd=22&kikanCd=7220303060&kikanKbn=5", "url2": "http://usagipharmacy.com/yakuji/shizuoka/nameri/", "内容": "うさぎ薬局　なめり店【5:薬局】静岡県駿東郡長泉町上土狩６９－１８" }, "geometry": { "type": "Point", "coordinates": [ 138.904929, 35.141137 ] } },
{ "type": "Feature", "properties": { "ID": "2257220303070", "正式名称": "有限会社大洋堂薬局　谷田店", "機関区分": 5, "都道府県コード": 22, "市区町村コード": 206, "所在地": "静岡県三島市谷田２３１－１", "緯度": 35.113944, "経度": 138.929709, "url": "https://www.iryou.teikyouseido.mhlw.go.jp/znk-web/juminkanja/S2430/initialize?prefCd=22&kikanCd=7220303070&kikanKbn=5", "url2": "https://www.taiyoudou-pharmacy.jp/", "内容": "有限会社大洋堂薬局　谷田店【5:薬局】静岡県三島市谷田２３１－１" }, "geometry": { "type": "Point", "coordinates": [ 138.929709, 35.113944 ] } },
{ "type": "Feature", "properties": { "ID": "2257220303080", "正式名称": "うさぎ薬局　岡宮店", "機関区分": 5, "都道府県コード": 22, "市区町村コード": 203, "所在地": "静岡県沼津市岡宮１１５７－５", "緯度": 35.131215, "経度": 138.873016, "url": "https://www.iryou.teikyouseido.mhlw.go.jp/znk-web/juminkanja/S2430/initialize?prefCd=22&kikanCd=7220303080&kikanKbn=5", "url2": "http://usagipharmacy.com", "内容": "うさぎ薬局　岡宮店【5:薬局】静岡県沼津市岡宮１１５７－５" }, "geometry": { "type": "Point", "coordinates": [ 138.873016, 35.131215 ] } },
{ "type": "Feature", "properties": { "ID": "2257220303100", "正式名称": "アリス薬局梅名店", "機関区分": 5, "都道府県コード": 22, "市区町村コード": 206, "所在地": "静岡県三島市梅名４４０－１０", "緯度": 35.093437, "経度": 138.925121, "url": "https://www.iryou.teikyouseido.mhlw.go.jp/znk-web/juminkanja/S2430/initialize?prefCd=22&kikanCd=7220303100&kikanKbn=5", "url2": "http://www.ars-group.jp", "内容": "アリス薬局梅名店【5:薬局】静岡県三島市梅名４４０－１０" }, "geometry": { "type": "Point", "coordinates": [ 138.925121, 35.093437 ] } },
{ "type": "Feature", "properties": { "ID": "2257220303110", "正式名称": "かわせみ薬局", "機関区分": 5, "都道府県コード": 22, "市区町村コード": 206, "所在地": "静岡県三島市松本２９３－１６", "緯度": 35.091911, "経度": 138.917138, "url": "https://www.iryou.teikyouseido.mhlw.go.jp/znk-web/juminkanja/S2430/initialize?prefCd=22&kikanCd=7220303110&kikanKbn=5", "url2": null, "内容": "かわせみ薬局【5:薬局】静岡県三島市松本２９３－１６" }, "geometry": { "type": "Point", "coordinates": [ 138.917138, 35.091911 ] } },
{ "type": "Feature", "properties": { "ID": "2257220303130", "正式名称": "こいぬ薬局　大仁店", "機関区分": 5, "都道府県コード": 22, "市区町村コード": 225, "所在地": "静岡県伊豆の国市吉田１４６－１", "緯度": 35.000722, "経度": 138.942223, "url": "https://www.iryou.teikyouseido.mhlw.go.jp/znk-web/juminkanja/S2430/initialize?prefCd=22&kikanCd=7220303130&kikanKbn=5", "url2": null, "内容": "こいぬ薬局　大仁店【5:薬局】静岡県伊豆の国市吉田１４６－１" }, "geometry": { "type": "Point", "coordinates": [ 138.942223, 35.000722 ] } },
{ "type": "Feature", "properties": { "ID": "2257220303140", "正式名称": "さくら薬局沼津筒井店", "機関区分": 5, "都道府県コード": 22, "市区町村コード": 203, "所在地": "静岡県沼津市筒井町９－１", "緯度": 35.121063, "経度": 138.863039, "url": "https://www.iryou.teikyouseido.mhlw.go.jp/znk-web/juminkanja/S2430/initialize?prefCd=22&kikanCd=7220303140&kikanKbn=5", "url2": "https://www.kraft-net.co.jp/sakura/store/3675/", "内容": "さくら薬局沼津筒井店【5:薬局】静岡県沼津市筒井町９－１" }, "geometry": { "type": "Point", "coordinates": [ 138.863039, 35.121063 ] } },
{ "type": "Feature", "properties": { "ID": "2257220303150", "正式名称": "アリス薬局沼津駅北口店", "機関区分": 5, "都道府県コード": 22, "市区町村コード": 203, "所在地": "静岡県沼津市米山町１－１０", "緯度": 35.105286, "経度": 138.861881, "url": "https://www.iryou.teikyouseido.mhlw.go.jp/znk-web/juminkanja/S2430/initialize?prefCd=22&kikanCd=7220303150&kikanKbn=5", "url2": "http://www.ars-group.jp", "内容": "アリス薬局沼津駅北口店【5:薬局】静岡県沼津市米山町１－１０" }, "geometry": { "type": "Point", "coordinates": [ 138.861881, 35.105286 ] } },
{ "type": "Feature", "properties": { "ID": "2257220303160", "正式名称": "仁科薬局　三島店", "機関区分": 5, "都道府県コード": 22, "市区町村コード": 206, "所在地": "静岡県三島市西本町２－１", "緯度": 35.118389, "経度": 138.909238, "url": "https://www.iryou.teikyouseido.mhlw.go.jp/znk-web/juminkanja/S2430/initialize?prefCd=22&kikanCd=7220303160&kikanKbn=5", "url2": null, "内容": "仁科薬局　三島店【5:薬局】静岡県三島市西本町２－１" }, "geometry": { "type": "Point", "coordinates": [ 138.909238, 35.118389 ] } },
{ "type": "Feature", "properties": { "ID": "2257220303170", "正式名称": "小島薬局　東椎路店", "機関区分": 5, "都道府県コード": 22, "市区町村コード": 203, "所在地": "静岡県沼津市東椎路９２２－５", "緯度": 35.127867, "経度": 138.836746, "url": "https://www.iryou.teikyouseido.mhlw.go.jp/znk-web/juminkanja/S2430/initialize?prefCd=22&kikanCd=7220303170&kikanKbn=5", "url2": "http://kojimayakkyoku.com/", "内容": "小島薬局　東椎路店【5:薬局】静岡県沼津市東椎路９２２－５" }, "geometry": { "type": "Point", "coordinates": [ 138.836746, 35.127867 ] } },
{ "type": "Feature", "properties": { "ID": "2257220303180", "正式名称": "ポプラ薬局　萩店", "機関区分": 5, "都道府県コード": 22, "市区町村コード": 206, "所在地": "静岡県三島市萩２５９－４", "緯度": 35.148724, "経度": 138.909154, "url": "https://www.iryou.teikyouseido.mhlw.go.jp/znk-web/juminkanja/S2430/initialize?prefCd=22&kikanCd=7220303180&kikanKbn=5", "url2": "http://www.pfc-poplar.co.jp/", "内容": "ポプラ薬局　萩店【5:薬局】静岡県三島市萩２５９－４" }, "geometry": { "type": "Point", "coordinates": [ 138.909154, 35.148724 ] } },
{ "type": "Feature", "properties": { "ID": "2257220303200", "正式名称": "さつき薬局", "機関区分": 5, "都道府県コード": 22, "市区町村コード": 342, "所在地": "静岡県駿東郡長泉町中土狩５６０－１", "緯度": 35.139209, "経度": 138.903032, "url": "https://www.iryou.teikyouseido.mhlw.go.jp/znk-web/juminkanja/S2430/initialize?prefCd=22&kikanCd=7220303200&kikanKbn=5", "url2": null, "内容": "さつき薬局【5:薬局】静岡県駿東郡長泉町中土狩５６０－１" }, "geometry": { "type": "Point", "coordinates": [ 138.903032, 35.139209 ] } },
{ "type": "Feature", "properties": { "ID": "2257220303220", "正式名称": "つばさ薬局寿町店", "機関区分": 5, "都道府県コード": 22, "市区町村コード": 203, "所在地": "静岡県沼津市寿町１８－１１", "緯度": 35.11633, "経度": 138.856937, "url": "https://www.iryou.teikyouseido.mhlw.go.jp/znk-web/juminkanja/S2430/initialize?prefCd=22&kikanCd=7220303220&kikanKbn=5", "url2": "http://www.ars-group.jp/", "内容": "つばさ薬局寿町店【5:薬局】静岡県沼津市寿町１８－１１" }, "geometry": { "type": "Point", "coordinates": [ 138.856937, 35.11633 ] } },
{ "type": "Feature", "properties": { "ID": "2257220303230", "正式名称": "あしたか薬局", "機関区分": 5, "都道府県コード": 22, "市区町村コード": 220, "所在地": "静岡県裾野市佐野１４７１－１", "緯度": 35.172905, "経度": 138.906799, "url": "https://www.iryou.teikyouseido.mhlw.go.jp/znk-web/juminkanja/S2430/initialize?prefCd=22&kikanCd=7220303230&kikanKbn=5", "url2": "http://www.harmonyfield.co.jp", "内容": "あしたか薬局【5:薬局】静岡県裾野市佐野１４７１－１" }, "geometry": { "type": "Point", "coordinates": [ 138.906799, 35.172905 ] } },
{ "type": "Feature", "properties": { "ID": "2257220303240", "正式名称": "株式会社アサヒ函南薬局", "機関区分": 5, "都道府県コード": 22, "市区町村コード": 325, "所在地": "静岡県田方郡函南町平井５９７－２", "緯度": 35.091487, "経度": 138.954825, "url": "https://www.iryou.teikyouseido.mhlw.go.jp/znk-web/juminkanja/S2430/initialize?prefCd=22&kikanCd=7220303240&kikanKbn=5", "url2": "http://www.asahi-pharmacy.co.jp/", "内容": "株式会社アサヒ函南薬局【5:薬局】静岡県田方郡函南町平井５９７－２" }, "geometry": { "type": "Point", "coordinates": [ 138.954825, 35.091487 ] } },
{ "type": "Feature", "properties": { "ID": "2257220303250", "正式名称": "つばさ薬局佐野店", "機関区分": 5, "都道府県コード": 22, "市区町村コード": 220, "所在地": "静岡県裾野市佐野１０４０－８", "緯度": 35.176418, "経度": 138.907137, "url": "https://www.iryou.teikyouseido.mhlw.go.jp/znk-web/juminkanja/S2430/initialize?prefCd=22&kikanCd=7220303250&kikanKbn=5", "url2": "http://www.ars-group.jp/", "内容": "つばさ薬局佐野店【5:薬局】静岡県裾野市佐野１０４０－８" }, "geometry": { "type": "Point", "coordinates": [ 138.907137, 35.176418 ] } },
{ "type": "Feature", "properties": { "ID": "2257220303280", "正式名称": "あい・ハート薬局　堂庭店", "機関区分": 5, "都道府県コード": 22, "市区町村コード": 341, "所在地": "静岡県駿東郡清水町堂庭１８４－８", "緯度": 35.09993, "経度": 138.906148, "url": "https://www.iryou.teikyouseido.mhlw.go.jp/znk-web/juminkanja/S2430/initialize?prefCd=22&kikanCd=7220303280&kikanKbn=5", "url2": "http://sunpharmacy.jp/", "内容": "あい・ハート薬局　堂庭店【5:薬局】静岡県駿東郡清水町堂庭１８４－８" }, "geometry": { "type": "Point", "coordinates": [ 138.906148, 35.09993 ] } },
{ "type": "Feature", "properties": { "ID": "2257220303320", "正式名称": "さくら薬局沼津庄栄店", "機関区分": 5, "都道府県コード": 22, "市区町村コード": 203, "所在地": "静岡県沼津市庄栄町１０－６", "緯度": 35.109633, "経度": 138.861475, "url": "https://www.iryou.teikyouseido.mhlw.go.jp/znk-web/juminkanja/S2430/initialize?prefCd=22&kikanCd=7220303320&kikanKbn=5", "url2": "https://www.kraft-net.co.jp/sakura/store/3674/", "内容": "さくら薬局沼津庄栄店【5:薬局】静岡県沼津市庄栄町１０－６" }, "geometry": { "type": "Point", "coordinates": [ 138.861475, 35.109633 ] } },
{ "type": "Feature", "properties": { "ID": "2257220303330", "正式名称": "さくら薬局　沼津大手町店", "機関区分": 5, "都道府県コード": 22, "市区町村コード": 203, "所在地": "静岡県沼津市大手町２－７－１", "緯度": 35.100703, "経度": 138.86199, "url": "https://www.iryou.teikyouseido.mhlw.go.jp/znk-web/juminkanja/S2430/initialize?prefCd=22&kikanCd=7220303330&kikanKbn=5", "url2": "https://www.kraft-net.co.jp/sakura/store/3707/", "内容": "さくら薬局　沼津大手町店【5:薬局】静岡県沼津市大手町２－７－１" }, "geometry": { "type": "Point", "coordinates": [ 138.86199, 35.100703 ] } },
{ "type": "Feature", "properties": { "ID": "2257220303340", "正式名称": "さくら薬局三島光ケ丘店", "機関区分": 5, "都道府県コード": 22, "市区町村コード": 206, "所在地": "静岡県三島市光ケ丘１９番地の２５", "緯度": 35.135265, "経度": 138.925881, "url": "https://www.iryou.teikyouseido.mhlw.go.jp/znk-web/juminkanja/S2430/initialize?prefCd=22&kikanCd=7220303340&kikanKbn=5", "url2": "http://www.kraft-net.co.jp/search/3749/", "内容": "さくら薬局三島光ケ丘店【5:薬局】静岡県三島市光ケ丘１９番地の２５" }, "geometry": { "type": "Point", "coordinates": [ 138.925881, 35.135265 ] } },
{ "type": "Feature", "properties": { "ID": "2257220303350", "正式名称": "ウエルシア薬局　長泉納米里店", "機関区分": 5, "都道府県コード": 22, "市区町村コード": 342, "所在地": "静岡県駿東郡長泉町納米里７３－１５", "緯度": 35.148909, "経度": 138.898572, "url": "https://www.iryou.teikyouseido.mhlw.go.jp/znk-web/juminkanja/S2430/initialize?prefCd=22&kikanCd=7220303350&kikanKbn=5", "url2": "http://as.chizumaru.com/welcia/detailMap?account=welcia&accmd=3&bid=7176", "内容": "ウエルシア薬局　長泉納米里店【5:薬局】静岡県駿東郡長泉町納米里７３－１５" }, "geometry": { "type": "Point", "coordinates": [ 138.898572, 35.148909 ] } },
{ "type": "Feature", "properties": { "ID": "2257220303380", "正式名称": "ウエルシア薬局　三島徳倉店", "機関区分": 5, "都道府県コード": 22, "市区町村コード": 206, "所在地": "静岡県三島市徳倉１－１６－３９", "緯度": 35.141953, "経度": 138.912054, "url": "https://www.iryou.teikyouseido.mhlw.go.jp/znk-web/juminkanja/S2430/initialize?prefCd=22&kikanCd=7220303380&kikanKbn=5", "url2": null, "内容": "ウエルシア薬局　三島徳倉店【5:薬局】静岡県三島市徳倉１－１６－３９" }, "geometry": { "type": "Point", "coordinates": [ 138.912054, 35.141953 ] } },
{ "type": "Feature", "properties": { "ID": "2257220303460", "正式名称": "小島薬局　中瀬店", "機関区分": 5, "都道府県コード": 22, "市区町村コード": 203, "所在地": "静岡県沼津市中瀬町１８－１４", "緯度": 35.09986, "経度": 138.881166, "url": "https://www.iryou.teikyouseido.mhlw.go.jp/znk-web/juminkanja/S2430/initialize?prefCd=22&kikanCd=7220303460&kikanKbn=5", "url2": "http://kojimayakkyoku.com/", "内容": "小島薬局　中瀬店【5:薬局】静岡県沼津市中瀬町１８－１４" }, "geometry": { "type": "Point", "coordinates": [ 138.881166, 35.09986 ] } },
{ "type": "Feature", "properties": { "ID": "2257220303490", "正式名称": "グリーン原田薬局", "機関区分": 5, "都道府県コード": 22, "市区町村コード": 222, "所在地": "静岡県伊豆市関野２９－１", "緯度": 34.961767, "経度": 138.993597, "url": "https://www.iryou.teikyouseido.mhlw.go.jp/znk-web/juminkanja/S2430/initialize?prefCd=22&kikanCd=7220303490&kikanKbn=5", "url2": null, "内容": "グリーン原田薬局【5:薬局】静岡県伊豆市関野２９－１" }, "geometry": { "type": "Point", "coordinates": [ 138.993597, 34.961767 ] } },
{ "type": "Feature", "properties": { "ID": "2257220303501", "正式名称": "スギ薬局沼津大岡店", "機関区分": 5, "都道府県コード": 22, "市区町村コード": 203, "所在地": "静岡県沼津市大岡２４４６－１", "緯度": 35.107387, "経度": 138.875291, "url": "https://www.iryou.teikyouseido.mhlw.go.jp/znk-web/juminkanja/S2430/initialize?prefCd=22&kikanCd=7220303501&kikanKbn=5", "url2": "http://www.sugi-net.jp/", "内容": "スギ薬局沼津大岡店【5:薬局】静岡県沼津市大岡２４４６－１" }, "geometry": { "type": "Point", "coordinates": [ 138.875291, 35.107387 ] } },
{ "type": "Feature", "properties": { "ID": "2257220303580", "正式名称": "いろは薬局", "機関区分": 5, "都道府県コード": 22, "市区町村コード": 225, "所在地": "静岡県伊豆の国市四日町８５－４", "緯度": 35.056683, "経度": 138.950728, "url": "https://www.iryou.teikyouseido.mhlw.go.jp/znk-web/juminkanja/S2430/initialize?prefCd=22&kikanCd=7220303580&kikanKbn=5", "url2": null, "内容": "いろは薬局【5:薬局】静岡県伊豆の国市四日町８５－４" }, "geometry": { "type": "Point", "coordinates": [ 138.950728, 35.056683 ] } },
{ "type": "Feature", "properties": { "ID": "2257220303590", "正式名称": "本町タワー薬局", "機関区分": 5, "都道府県コード": 22, "市区町村コード": 206, "所在地": "静岡県三島市本町３－２９本町タワー３階", "緯度": 35.119527, "経度": 138.913592, "url": "https://www.iryou.teikyouseido.mhlw.go.jp/znk-web/juminkanja/S2430/initialize?prefCd=22&kikanCd=7220303590&kikanKbn=5", "url2": null, "内容": "本町タワー薬局【5:薬局】静岡県三島市本町３－２９本町タワー３階" }, "geometry": { "type": "Point", "coordinates": [ 138.913592, 35.119527 ] } },
{ "type": "Feature", "properties": { "ID": "2257220303640", "正式名称": "むすび薬局", "機関区分": 5, "都道府県コード": 22, "市区町村コード": 203, "所在地": "静岡県沼津市小諏訪４３６－２ハイムアリエス１０３", "緯度": 35.105843, "経度": 138.837716, "url": "https://www.iryou.teikyouseido.mhlw.go.jp/znk-web/juminkanja/S2430/initialize?prefCd=22&kikanCd=7220303640&kikanKbn=5", "url2": null, "内容": "むすび薬局【5:薬局】静岡県沼津市小諏訪４３６－２ハイムアリエス１０３" }, "geometry": { "type": "Point", "coordinates": [ 138.837716, 35.105843 ] } },
{ "type": "Feature", "properties": { "ID": "2257220303660", "正式名称": "まちの薬局塚本店", "機関区分": 5, "都道府県コード": 22, "市区町村コード": 325, "所在地": "静岡県田方郡函南町塚本２３６－１", "緯度": 35.082243, "経度": 138.934881, "url": "https://www.iryou.teikyouseido.mhlw.go.jp/znk-web/juminkanja/S2430/initialize?prefCd=22&kikanCd=7220303660&kikanKbn=5", "url2": null, "内容": "まちの薬局塚本店【5:薬局】静岡県田方郡函南町塚本２３６－１" }, "geometry": { "type": "Point", "coordinates": [ 138.934881, 35.082243 ] } },
{ "type": "Feature", "properties": { "ID": "2257220303670", "正式名称": "花さき薬局", "機関区分": 5, "都道府県コード": 22, "市区町村コード": 203, "所在地": "静岡県沼津市大岡３５２", "緯度": 35.107387, "経度": 138.875291, "url": "https://www.iryou.teikyouseido.mhlw.go.jp/znk-web/juminkanja/S2430/initialize?prefCd=22&kikanCd=7220303670&kikanKbn=5", "url2": null, "内容": "花さき薬局【5:薬局】静岡県沼津市大岡３５２" }, "geometry": { "type": "Point", "coordinates": [ 138.875291, 35.107387 ] } },
{ "type": "Feature", "properties": { "ID": "2257220303680", "正式名称": "ウエルシア薬局伊豆修善寺店", "機関区分": 5, "都道府県コード": 22, "市区町村コード": 222, "所在地": "静岡県伊豆市柏久保１３１１", "緯度": 34.981085, "経度": 138.951509, "url": "https://www.iryou.teikyouseido.mhlw.go.jp/znk-web/juminkanja/S2430/initialize?prefCd=22&kikanCd=7220303680&kikanKbn=5", "url2": "http://www.welcia-yakkyoku.co.jp/", "内容": "ウエルシア薬局伊豆修善寺店【5:薬局】静岡県伊豆市柏久保１３１１" }, "geometry": { "type": "Point", "coordinates": [ 138.951509, 34.981085 ] } },
{ "type": "Feature", "properties": { "ID": "2257220303690", "正式名称": "ウエルシア薬局三島広小路店", "機関区分": 5, "都道府県コード": 22, "市区町村コード": 206, "所在地": "静岡県三島市広小路町１３－４", "緯度": 35.118625, "経度": 138.911749, "url": "https://www.iryou.teikyouseido.mhlw.go.jp/znk-web/juminkanja/S2430/initialize?prefCd=22&kikanCd=7220303690&kikanKbn=5", "url2": "http://www.welcia.co.jp/", "内容": "ウエルシア薬局三島広小路店【5:薬局】静岡県三島市広小路町１３－４" }, "geometry": { "type": "Point", "coordinates": [ 138.911749, 35.118625 ] } },
{ "type": "Feature", "properties": { "ID": "2257220303700", "正式名称": "ウエルシア薬局　清水町伏見店", "機関区分": 5, "都道府県コード": 22, "市区町村コード": 341, "所在地": "静岡県駿東郡清水町伏見字五反田６４９－６", "緯度": 35.112806, "経度": 138.895679, "url": "https://www.iryou.teikyouseido.mhlw.go.jp/znk-web/juminkanja/S2430/initialize?prefCd=22&kikanCd=7220303700&kikanKbn=5", "url2": "https://store.welcia.co.jp/welcia/spot/detail?code=2022C", "内容": "ウエルシア薬局　清水町伏見店【5:薬局】静岡県駿東郡清水町伏見字五反田６４９－６" }, "geometry": { "type": "Point", "coordinates": [ 138.895679, 35.112806 ] } },
{ "type": "Feature", "properties": { "ID": "2257220303710", "正式名称": "ウエルシア薬局三島広小路西店", "機関区分": 5, "都道府県コード": 22, "市区町村コード": 206, "所在地": "静岡県三島市広小路町８－１９", "緯度": 35.118797, "経度": 138.910069, "url": "https://www.iryou.teikyouseido.mhlw.go.jp/znk-web/juminkanja/S2430/initialize?prefCd=22&kikanCd=7220303710&kikanKbn=5", "url2": "https://store.welcia.co.jp/welcia/spot/detail?code=2024C", "内容": "ウエルシア薬局三島広小路西店【5:薬局】静岡県三島市広小路町８－１９" }, "geometry": { "type": "Point", "coordinates": [ 138.910069, 35.118797 ] } },
{ "type": "Feature", "properties": { "ID": "2257220303730", "正式名称": "ウエルシア薬局　沼津西沢田薬局", "機関区分": 5, "都道府県コード": 22, "市区町村コード": 203, "所在地": "静岡県沼津市西沢田字前田４５８－１", "緯度": 35.121757, "経度": 138.845182, "url": "https://www.iryou.teikyouseido.mhlw.go.jp/znk-web/juminkanja/S2430/initialize?prefCd=22&kikanCd=7220303730&kikanKbn=5", "url2": null, "内容": "ウエルシア薬局　沼津西沢田薬局【5:薬局】静岡県沼津市西沢田字前田４５８－１" }, "geometry": { "type": "Point", "coordinates": [ 138.845182, 35.121757 ] } },
{ "type": "Feature", "properties": { "ID": "2257220303740", "正式名称": "ウエルシア薬局裾野深良店", "機関区分": 5, "都道府県コード": 22, "市区町村コード": 220, "所在地": "静岡県裾野市深良８０１－１", "緯度": 35.20189, "経度": 138.914769, "url": "https://www.iryou.teikyouseido.mhlw.go.jp/znk-web/juminkanja/S2430/initialize?prefCd=22&kikanCd=7220303740&kikanKbn=5", "url2": "https://www.welcia-yakkyoku.co.jp/", "内容": "ウエルシア薬局裾野深良店【5:薬局】静岡県裾野市深良８０１－１" }, "geometry": { "type": "Point", "coordinates": [ 138.914769, 35.20189 ] } },
{ "type": "Feature", "properties": { "ID": "2257220303750", "正式名称": "ウエルシア薬局裾野南店", "機関区分": 5, "都道府県コード": 22, "市区町村コード": 220, "所在地": "静岡県裾野市伊豆島田２５０１", "緯度": 35.154118, "経度": 138.905169, "url": "https://www.iryou.teikyouseido.mhlw.go.jp/znk-web/juminkanja/S2430/initialize?prefCd=22&kikanCd=7220303750&kikanKbn=5", "url2": "http://as.chizumaru.com/welcia/detailMap?account=welcia&accmd=3&kkw002=1%2c2&adr=22220&bid=2273&pgret=2", "内容": "ウエルシア薬局裾野南店【5:薬局】静岡県裾野市伊豆島田２５０１" }, "geometry": { "type": "Point", "coordinates": [ 138.905169, 35.154118 ] } },
{ "type": "Feature", "properties": { "ID": "2257220303760", "正式名称": "つばさ深良薬局", "機関区分": 5, "都道府県コード": 22, "市区町村コード": 220, "所在地": "静岡県裾野市深良８０４－７", "緯度": 35.203066, "経度": 138.915099, "url": "https://www.iryou.teikyouseido.mhlw.go.jp/znk-web/juminkanja/S2430/initialize?prefCd=22&kikanCd=7220303760&kikanKbn=5", "url2": "https://oldwin.site/shop/tubasafukara", "内容": "つばさ深良薬局【5:薬局】静岡県裾野市深良８０４－７" }, "geometry": { "type": "Point", "coordinates": [ 138.915099, 35.203066 ] } },
{ "type": "Feature", "properties": { "ID": "2257220303770", "正式名称": "きずな薬局徳倉店", "機関区分": 5, "都道府県コード": 22, "市区町村コード": 206, "所在地": "静岡県三島市壱町田２６１－３", "緯度": 35.136873, "経度": 138.920264, "url": "https://www.iryou.teikyouseido.mhlw.go.jp/znk-web/juminkanja/S2430/initialize?prefCd=22&kikanCd=7220303770&kikanKbn=5", "url2": "https://four-s.site", "内容": "きずな薬局徳倉店【5:薬局】静岡県三島市壱町田２６１－３" }, "geometry": { "type": "Point", "coordinates": [ 138.920264, 35.136873 ] } },
{ "type": "Feature", "properties": { "ID": "2257220303780", "正式名称": "アイセイ薬局原店", "機関区分": 5, "都道府県コード": 22, "市区町村コード": 203, "所在地": "静岡県沼津市原東中１４１８－３４", "緯度": 35.127485, "経度": 138.802347, "url": "https://www.iryou.teikyouseido.mhlw.go.jp/znk-web/juminkanja/S2430/initialize?prefCd=22&kikanCd=7220303780&kikanKbn=5", "url2": "http://www.aisei.co.jp/", "内容": "アイセイ薬局原店【5:薬局】静岡県沼津市原東中１４１８－３４" }, "geometry": { "type": "Point", "coordinates": [ 138.802347, 35.127485 ] } },
{ "type": "Feature", "properties": { "ID": "2257220303800", "正式名称": "はあと薬局伊豆長岡店", "機関区分": 5, "都道府県コード": 22, "市区町村コード": 225, "所在地": "静岡県伊豆の国市長岡８８８", "緯度": 35.037473, "経度": 138.930221, "url": "https://www.iryou.teikyouseido.mhlw.go.jp/znk-web/juminkanja/S2430/initialize?prefCd=22&kikanCd=7220303800&kikanKbn=5", "url2": "https://dpc-net.ne.jp/storeinfo/shizuoka/shizuoka-heart-izunagaoka/", "内容": "はあと薬局伊豆長岡店【5:薬局】静岡県伊豆の国市長岡８８８" }, "geometry": { "type": "Point", "coordinates": [ 138.930221, 35.037473 ] } },
{ "type": "Feature", "properties": { "ID": "2257220303830", "正式名称": "有限会社香貫薬局", "機関区分": 5, "都道府県コード": 22, "市区町村コード": 203, "所在地": "静岡県沼津市御幸町５－２５", "緯度": 35.096512, "経度": 138.864626, "url": "https://www.iryou.teikyouseido.mhlw.go.jp/znk-web/juminkanja/S2430/initialize?prefCd=22&kikanCd=7220303830&kikanKbn=5", "url2": null, "内容": "有限会社香貫薬局【5:薬局】静岡県沼津市御幸町５－２５" }, "geometry": { "type": "Point", "coordinates": [ 138.864626, 35.096512 ] } },
{ "type": "Feature", "properties": { "ID": "2257220303840", "正式名称": "ウエルシア薬局清水町新宿店", "機関区分": 5, "都道府県コード": 22, "市区町村コード": 341, "所在地": "静岡県駿東郡清水町新宿２２１ー１", "緯度": 35.118083, "経度": 138.902867, "url": "https://www.iryou.teikyouseido.mhlw.go.jp/znk-web/juminkanja/S2430/initialize?prefCd=22&kikanCd=7220303840&kikanKbn=5", "url2": "https://stores.welcia.co.jp/7238D", "内容": "ウエルシア薬局清水町新宿店【5:薬局】静岡県駿東郡清水町新宿２２１ー１" }, "geometry": { "type": "Point", "coordinates": [ 138.902867, 35.118083 ] } },
{ "type": "Feature", "properties": { "ID": "2257220303850", "正式名称": "ウエルシア薬局三島加茂川店", "機関区分": 5, "都道府県コード": 22, "市区町村コード": 206, "所在地": "静岡県三島市若松町４３４９ー１", "緯度": 35.128371, "経度": 138.923742, "url": "https://www.iryou.teikyouseido.mhlw.go.jp/znk-web/juminkanja/S2430/initialize?prefCd=22&kikanCd=7220303850&kikanKbn=5", "url2": "https://stores.welcia.co.jp/2113D", "内容": "ウエルシア薬局三島加茂川店【5:薬局】静岡県三島市若松町４３４９ー１" }, "geometry": { "type": "Point", "coordinates": [ 138.923742, 35.128371 ] } },
{ "type": "Feature", "properties": { "ID": "2257220303860", "正式名称": "みしま岩田薬局", "機関区分": 5, "都道府県コード": 22, "市区町村コード": 206, "所在地": "静岡県三島市一番町１７－５０", "緯度": 35.125302, "経度": 138.909891, "url": "https://www.iryou.teikyouseido.mhlw.go.jp/znk-web/juminkanja/S2430/initialize?prefCd=22&kikanCd=7220303860&kikanKbn=5", "url2": null, "内容": "みしま岩田薬局【5:薬局】静岡県三島市一番町１７－５０" }, "geometry": { "type": "Point", "coordinates": [ 138.909891, 35.125302 ] } },
{ "type": "Feature", "properties": { "ID": "2257220303870", "正式名称": "きずな薬局東本町店", "機関区分": 5, "都道府県コード": 22, "市区町村コード": 206, "所在地": "静岡県三島市東本町１－１６－５", "緯度": 35.117155, "経度": 138.920071, "url": "https://www.iryou.teikyouseido.mhlw.go.jp/znk-web/juminkanja/S2430/initialize?prefCd=22&kikanCd=7220303870&kikanKbn=5", "url2": null, "内容": "きずな薬局東本町店【5:薬局】静岡県三島市東本町１－１６－５" }, "geometry": { "type": "Point", "coordinates": [ 138.920071, 35.117155 ] } },
{ "type": "Feature", "properties": { "ID": "2257220303880", "正式名称": "小島薬局筒井町店", "機関区分": 5, "都道府県コード": 22, "市区町村コード": 203, "所在地": "静岡県沼津市筒井町１１－２", "緯度": 35.12046, "経度": 138.864586, "url": "https://www.iryou.teikyouseido.mhlw.go.jp/znk-web/juminkanja/S2430/initialize?prefCd=22&kikanCd=7220303880&kikanKbn=5", "url2": "http://kojimayakkyoku.com/", "内容": "小島薬局筒井町店【5:薬局】静岡県沼津市筒井町１１－２" }, "geometry": { "type": "Point", "coordinates": [ 138.864586, 35.12046 ] } },
{ "type": "Feature", "properties": { "ID": "2257220303900", "正式名称": "ふたば薬局", "機関区分": 5, "都道府県コード": 22, "市区町村コード": 206, "所在地": "静岡県三島市寿町３－３８", "緯度": 35.124788, "経度": 138.907802, "url": "https://www.iryou.teikyouseido.mhlw.go.jp/znk-web/juminkanja/S2430/initialize?prefCd=22&kikanCd=7220303900&kikanKbn=5", "url2": null, "内容": "ふたば薬局【5:薬局】静岡県三島市寿町３－３８" }, "geometry": { "type": "Point", "coordinates": [ 138.907802, 35.124788 ] } },
{ "type": "Feature", "properties": { "ID": "2257220303910", "正式名称": "クリエイト薬局函南南仁田店", "機関区分": 5, "都道府県コード": 22, "市区町村コード": 325, "所在地": "静岡県田方郡函南町仁田１２４－４", "緯度": 35.081063, "経度": 138.945014, "url": "https://www.iryou.teikyouseido.mhlw.go.jp/znk-web/juminkanja/S2430/initialize?prefCd=22&kikanCd=7220303910&kikanKbn=5", "url2": "http://www.create-sd.co.jp/", "内容": "クリエイト薬局函南南仁田店【5:薬局】静岡県田方郡函南町仁田１２４－４" }, "geometry": { "type": "Point", "coordinates": [ 138.945014, 35.081063 ] } },
{ "type": "Feature", "properties": { "ID": "2257220303920", "正式名称": "あい薬局", "機関区分": 5, "都道府県コード": 22, "市区町村コード": 342, "所在地": "静岡県駿東郡長泉町下土狩４４５－３７", "緯度": 35.126296, "経度": 138.899479, "url": "https://www.iryou.teikyouseido.mhlw.go.jp/znk-web/juminkanja/S2430/initialize?prefCd=22&kikanCd=7220303920&kikanKbn=5", "url2": null, "内容": "あい薬局【5:薬局】静岡県駿東郡長泉町下土狩４４５－３７" }, "geometry": { "type": "Point", "coordinates": [ 138.899479, 35.126296 ] } },
{ "type": "Feature", "properties": { "ID": "2257220303950", "正式名称": "黎明薬局", "機関区分": 5, "都道府県コード": 22, "市区町村コード": 203, "所在地": "静岡県沼津市新宿町４－１１", "緯度": 35.10652, "経度": 138.860642, "url": "https://www.iryou.teikyouseido.mhlw.go.jp/znk-web/juminkanja/S2430/initialize?prefCd=22&kikanCd=7220303950&kikanKbn=5", "url2": null, "内容": "黎明薬局【5:薬局】静岡県沼津市新宿町４－１１" }, "geometry": { "type": "Point", "coordinates": [ 138.860642, 35.10652 ] } },
{ "type": "Feature", "properties": { "ID": "2257220303960", "正式名称": "ウエルシア薬局沼津アントレ店", "機関区分": 5, "都道府県コード": 22, "市区町村コード": 203, "所在地": "静岡県沼津市大手町１ー１ー１　２階", "緯度": 35.102742, "経度": 138.859065, "url": "https://www.iryou.teikyouseido.mhlw.go.jp/znk-web/juminkanja/S2430/initialize?prefCd=22&kikanCd=7220303960&kikanKbn=5", "url2": null, "内容": "ウエルシア薬局沼津アントレ店【5:薬局】静岡県沼津市大手町１ー１ー１　２階" }, "geometry": { "type": "Point", "coordinates": [ 138.859065, 35.102742 ] } },
{ "type": "Feature", "properties": { "ID": "2257220303970", "正式名称": "こな薬局", "機関区分": 5, "都道府県コード": 22, "市区町村コード": 225, "所在地": "静岡県伊豆の国市古奈２０９ー２", "緯度": 35.035179, "経度": 138.940667, "url": "https://www.iryou.teikyouseido.mhlw.go.jp/znk-web/juminkanja/S2430/initialize?prefCd=22&kikanCd=7220303970&kikanKbn=5", "url2": null, "内容": "こな薬局【5:薬局】静岡県伊豆の国市古奈２０９ー２" }, "geometry": { "type": "Point", "coordinates": [ 138.940667, 35.035179 ] } },
{ "type": "Feature", "properties": { "ID": "2257220303980", "正式名称": "グリーン薬局茶畑店", "機関区分": 5, "都道府県コード": 22, "市区町村コード": 220, "所在地": "静岡県裾野市茶畑６１３－６", "緯度": 35.174754, "経度": 138.915799, "url": "https://www.iryou.teikyouseido.mhlw.go.jp/znk-web/juminkanja/S2430/initialize?prefCd=22&kikanCd=7220303980&kikanKbn=5", "url2": null, "内容": "グリーン薬局茶畑店【5:薬局】静岡県裾野市茶畑６１３－６" }, "geometry": { "type": "Point", "coordinates": [ 138.915799, 35.174754 ] } },
{ "type": "Feature", "properties": { "ID": "2257220303990", "正式名称": "ウエルシア薬局ルピア函南店", "機関区分": 5, "都道府県コード": 22, "市区町村コード": 325, "所在地": "静岡県田方郡函南町仁田７４－１", "緯度": 35.086523, "経度": 138.944367, "url": "https://www.iryou.teikyouseido.mhlw.go.jp/znk-web/juminkanja/S2430/initialize?prefCd=22&kikanCd=7220303990&kikanKbn=5", "url2": null, "内容": "ウエルシア薬局ルピア函南店【5:薬局】静岡県田方郡函南町仁田７４－１" }, "geometry": { "type": "Point", "coordinates": [ 138.944367, 35.086523 ] } },
{ "type": "Feature", "properties": { "ID": "2257220304000", "正式名称": "クリエイト薬局三島萩店", "機関区分": 5, "都道府県コード": 22, "市区町村コード": 206, "所在地": "静岡県三島市徳倉８７９－１", "緯度": 35.148363, "経度": 138.909607, "url": "https://www.iryou.teikyouseido.mhlw.go.jp/znk-web/juminkanja/S2430/initialize?prefCd=22&kikanCd=7220304000&kikanKbn=5", "url2": "http://www.create-sd.co.jp/", "内容": "クリエイト薬局三島萩店【5:薬局】静岡県三島市徳倉８７９－１" }, "geometry": { "type": "Point", "coordinates": [ 138.909607, 35.148363 ] } },
{ "type": "Feature", "properties": { "ID": "2257220304010", "正式名称": "小島薬局本店", "機関区分": 5, "都道府県コード": 22, "市区町村コード": 203, "所在地": "静岡県沼津市西沢田３３５－１", "緯度": 35.11983, "経度": 138.844563, "url": "https://www.iryou.teikyouseido.mhlw.go.jp/znk-web/juminkanja/S2430/initialize?prefCd=22&kikanCd=7220304010&kikanKbn=5", "url2": "http://kojimayakkyoku.com/", "内容": "小島薬局本店【5:薬局】静岡県沼津市西沢田３３５－１" }, "geometry": { "type": "Point", "coordinates": [ 138.844563, 35.11983 ] } },
{ "type": "Feature", "properties": { "ID": "2257220304030", "正式名称": "クリエイト薬局沼津東熊堂店", "機関区分": 5, "都道府県コード": 22, "市区町村コード": 203, "所在地": "静岡県沼津市東熊堂９－１", "緯度": 35.121877, "経度": 138.862645, "url": "https://www.iryou.teikyouseido.mhlw.go.jp/znk-web/juminkanja/S2430/initialize?prefCd=22&kikanCd=7220304030&kikanKbn=5", "url2": "http://www.create-sd.co.jp/", "内容": "クリエイト薬局沼津東熊堂店【5:薬局】静岡県沼津市東熊堂９－１" }, "geometry": { "type": "Point", "coordinates": [ 138.862645, 35.121877 ] } },
{ "type": "Feature", "properties": { "ID": "2257220304060", "正式名称": "函南ベリー薬局", "機関区分": 5, "都道府県コード": 22, "市区町村コード": 325, "所在地": "静岡県田方郡函南町大竹１６８－６", "緯度": 35.106921, "経度": 138.96684, "url": "https://www.iryou.teikyouseido.mhlw.go.jp/znk-web/juminkanja/S2430/initialize?prefCd=22&kikanCd=7220304060&kikanKbn=5", "url2": "http://berry-pharmacy.com/", "内容": "函南ベリー薬局【5:薬局】静岡県田方郡函南町大竹１６８－６" }, "geometry": { "type": "Point", "coordinates": [ 138.96684, 35.106921 ] } },
{ "type": "Feature", "properties": { "ID": "2257220304070", "正式名称": "三島ベリー薬局", "機関区分": 5, "都道府県コード": 22, "市区町村コード": 206, "所在地": "静岡県三島市文教町１－２－１２", "緯度": 35.128932, "経度": 138.914763, "url": "https://www.iryou.teikyouseido.mhlw.go.jp/znk-web/juminkanja/S2430/initialize?prefCd=22&kikanCd=7220304070&kikanKbn=5", "url2": null, "内容": "三島ベリー薬局【5:薬局】静岡県三島市文教町１－２－１２" }, "geometry": { "type": "Point", "coordinates": [ 138.914763, 35.128932 ] } },
{ "type": "Feature", "properties": { "ID": "2257220304080", "正式名称": "諏訪薬局　土肥店", "機関区分": 5, "都道府県コード": 22, "市区町村コード": 222, "所在地": "静岡県伊豆市土肥４４９－４", "緯度": 34.912379, "経度": 138.792459, "url": "https://www.iryou.teikyouseido.mhlw.go.jp/znk-web/juminkanja/S2430/initialize?prefCd=22&kikanCd=7220304080&kikanKbn=5", "url2": "https://www.suwado.com/", "内容": "諏訪薬局　土肥店【5:薬局】静岡県伊豆市土肥４４９－４" }, "geometry": { "type": "Point", "coordinates": [ 138.792459, 34.912379 ] } },
{ "type": "Feature", "properties": { "ID": "2257220304090", "正式名称": "諏訪薬局　月ヶ瀬店", "機関区分": 5, "都道府県コード": 22, "市区町村コード": 222, "所在地": "静岡県伊豆市月ケ瀬３７８－６", "緯度": 34.918376, "経度": 138.924628, "url": "https://www.iryou.teikyouseido.mhlw.go.jp/znk-web/juminkanja/S2430/initialize?prefCd=22&kikanCd=7220304090&kikanKbn=5", "url2": "https://www.suwado.com/", "内容": "諏訪薬局　月ヶ瀬店【5:薬局】静岡県伊豆市月ケ瀬３７８－６" }, "geometry": { "type": "Point", "coordinates": [ 138.924628, 34.918376 ] } },
{ "type": "Feature", "properties": { "ID": "2257220304100", "正式名称": "おだいじに薬局広小路店", "機関区分": 5, "都道府県コード": 22, "市区町村コード": 206, "所在地": "静岡県三島市広小路町６－２２", "緯度": 35.119172, "経度": 138.910205, "url": "https://www.iryou.teikyouseido.mhlw.go.jp/znk-web/juminkanja/S2430/initialize?prefCd=22&kikanCd=7220304100&kikanKbn=5", "url2": null, "内容": "おだいじに薬局広小路店【5:薬局】静岡県三島市広小路町６－２２" }, "geometry": { "type": "Point", "coordinates": [ 138.910205, 35.119172 ] } },
{ "type": "Feature", "properties": { "ID": "2257220304130", "正式名称": "ウエルシア薬局　沼津下香貫店", "機関区分": 5, "都道府県コード": 22, "市区町村コード": 203, "所在地": "静岡県沼津市下香貫藤井原１６７９－２", "緯度": 35.077621, "経度": 138.873104, "url": "https://www.iryou.teikyouseido.mhlw.go.jp/znk-web/juminkanja/S2430/initialize?prefCd=22&kikanCd=7220304130&kikanKbn=5", "url2": "http://www.welcia-yakkyoku.co.jp/", "内容": "ウエルシア薬局　沼津下香貫店【5:薬局】静岡県沼津市下香貫藤井原１６７９－２" }, "geometry": { "type": "Point", "coordinates": [ 138.873104, 35.077621 ] } },
{ "type": "Feature", "properties": { "ID": "2257220304160", "正式名称": "むつみ薬局　中土狩店", "機関区分": 5, "都道府県コード": 22, "市区町村コード": 342, "所在地": "静岡県駿東郡長泉町中土狩３３７－５", "緯度": 35.138087, "経度": 138.907621, "url": "https://www.iryou.teikyouseido.mhlw.go.jp/znk-web/juminkanja/S2430/initialize?prefCd=22&kikanCd=7220304160&kikanKbn=5", "url2": null, "内容": "むつみ薬局　中土狩店【5:薬局】静岡県駿東郡長泉町中土狩３３７－５" }, "geometry": { "type": "Point", "coordinates": [ 138.907621, 35.138087 ] } },
{ "type": "Feature", "properties": { "ID": "2257220304170", "正式名称": "ふたば薬局　梅名店", "機関区分": 5, "都道府県コード": 22, "市区町村コード": 206, "所在地": "静岡県三島市梅名２８４－２７", "緯度": 35.090503, "経度": 138.929718, "url": "https://www.iryou.teikyouseido.mhlw.go.jp/znk-web/juminkanja/S2430/initialize?prefCd=22&kikanCd=7220304170&kikanKbn=5", "url2": "http://med-eiko.co.jp", "内容": "ふたば薬局　梅名店【5:薬局】静岡県三島市梅名２８４－２７" }, "geometry": { "type": "Point", "coordinates": [ 138.929718, 35.090503 ] } },
{ "type": "Feature", "properties": { "ID": "2257220304180", "正式名称": "ウエルシア薬局　裾野佐野店", "機関区分": 5, "都道府県コード": 22, "市区町村コード": 220, "所在地": "静岡県裾野市佐野５１１－１", "緯度": 35.181112, "経度": 138.910454, "url": "https://www.iryou.teikyouseido.mhlw.go.jp/znk-web/juminkanja/S2430/initialize?prefCd=22&kikanCd=7220304180&kikanKbn=5", "url2": "http://as.chizumaru.com/welcia/detailMap?account=welcia&accmd=3&bid=7262", "内容": "ウエルシア薬局　裾野佐野店【5:薬局】静岡県裾野市佐野５１１－１" }, "geometry": { "type": "Point", "coordinates": [ 138.910454, 35.181112 ] } },
{ "type": "Feature", "properties": { "ID": "2257220304200", "正式名称": "ウエルシア薬局　伊豆長岡駅前店", "機関区分": 5, "都道府県コード": 22, "市区町村コード": 225, "所在地": "静岡県伊豆の国市南條４５３－１７", "緯度": 35.038651, "経度": 138.945917, "url": "https://www.iryou.teikyouseido.mhlw.go.jp/znk-web/juminkanja/S2430/initialize?prefCd=22&kikanCd=7220304200&kikanKbn=5", "url2": "https://stores.welcia.co.jp/2309D", "内容": "ウエルシア薬局　伊豆長岡駅前店【5:薬局】静岡県伊豆の国市南條４５３－１７" }, "geometry": { "type": "Point", "coordinates": [ 138.945917, 35.038651 ] } },
{ "type": "Feature", "properties": { "ID": "2257220304210", "正式名称": "コスモス薬局長泉町店", "機関区分": 5, "都道府県コード": 22, "市区町村コード": 342, "所在地": "静岡県駿東郡長泉町下土狩４－８", "緯度": 35.122636, "経度": 138.905694, "url": "https://www.iryou.teikyouseido.mhlw.go.jp/znk-web/juminkanja/S2430/initialize?prefCd=22&kikanCd=7220304210&kikanKbn=5", "url2": "https://four-s.site/shop/cosmos/", "内容": "コスモス薬局長泉町店【5:薬局】静岡県駿東郡長泉町下土狩４－８" }, "geometry": { "type": "Point", "coordinates": [ 138.905694, 35.122636 ] } },
{ "type": "Feature", "properties": { "ID": "2257220304220", "正式名称": "あい・ハート薬局　花園店", "機関区分": 5, "都道府県コード": 22, "市区町村コード": 203, "所在地": "静岡県沼津市花園町２－１", "緯度": 35.122349, "経度": 138.868572, "url": "https://www.iryou.teikyouseido.mhlw.go.jp/znk-web/juminkanja/S2430/initialize?prefCd=22&kikanCd=7220304220&kikanKbn=5", "url2": "https://sunpharmacy.jp/", "内容": "あい・ハート薬局　花園店【5:薬局】静岡県沼津市花園町２－１" }, "geometry": { "type": "Point", "coordinates": [ 138.868572, 35.122349 ] } },
{ "type": "Feature", "properties": { "ID": "2257220304240", "正式名称": "ローソンクオール薬局長泉本宿店", "機関区分": 5, "都道府県コード": 22, "市区町村コード": 342, "所在地": "静岡県駿東郡長泉町本宿５３４－１", "緯度": 35.119972, "経度": 138.890198, "url": "https://www.iryou.teikyouseido.mhlw.go.jp/znk-web/juminkanja/S2430/initialize?prefCd=22&kikanCd=7220304240&kikanKbn=5", "url2": "http://www.qol-net.co.jp/", "内容": "ローソンクオール薬局長泉本宿店【5:薬局】静岡県駿東郡長泉町本宿５３４－１" }, "geometry": { "type": "Point", "coordinates": [ 138.890198, 35.119972 ] } },
{ "type": "Feature", "properties": { "ID": "2257220304250", "正式名称": "ファーマライズ薬局　沼津柳町店", "機関区分": 5, "都道府県コード": 22, "市区町村コード": 203, "所在地": "静岡県沼津市柳町３－１９", "緯度": 35.117149, "経度": 138.862598, "url": "https://www.iryou.teikyouseido.mhlw.go.jp/znk-web/juminkanja/S2430/initialize?prefCd=22&kikanCd=7220304250&kikanKbn=5", "url2": "https://www.pharmarise.com/company/store/store.php?store_id=117", "内容": "ファーマライズ薬局　沼津柳町店【5:薬局】静岡県沼津市柳町３－１９" }, "geometry": { "type": "Point", "coordinates": [ 138.862598, 35.117149 ] } },
{ "type": "Feature", "properties": { "ID": "2257220304260", "正式名称": "ファーマライズ薬局　沼津店", "機関区分": 5, "都道府県コード": 22, "市区町村コード": 203, "所在地": "静岡県沼津市大手町３－５－１５三井住友海上沼津ビル１Ｆ", "緯度": 35.100596, "経度": 138.859904, "url": "https://www.iryou.teikyouseido.mhlw.go.jp/znk-web/juminkanja/S2430/initialize?prefCd=22&kikanCd=7220304260&kikanKbn=5", "url2": "https://www.pharmarise.com/company/store/store.php?store_id=109", "内容": "ファーマライズ薬局　沼津店【5:薬局】静岡県沼津市大手町３－５－１５三井住友海上沼津ビル１Ｆ" }, "geometry": { "type": "Point", "coordinates": [ 138.859904, 35.100596 ] } },
{ "type": "Feature", "properties": { "ID": "2257220304270", "正式名称": "ファーマライズ薬局　裾野店", "機関区分": 5, "都道府県コード": 22, "市区町村コード": 220, "所在地": "静岡県裾野市茶畑１３６８－１１", "緯度": 35.178471, "経度": 138.935093, "url": "https://www.iryou.teikyouseido.mhlw.go.jp/znk-web/juminkanja/S2430/initialize?prefCd=22&kikanCd=7220304270&kikanKbn=5", "url2": "https://www.pharmarise.com/company/store/store.php?store_id=137", "内容": "ファーマライズ薬局　裾野店【5:薬局】静岡県裾野市茶畑１３６８－１１" }, "geometry": { "type": "Point", "coordinates": [ 138.935093, 35.178471 ] } },
{ "type": "Feature", "properties": { "ID": "2257220304290", "正式名称": "アイン薬局　高沢町店", "機関区分": 5, "都道府県コード": 22, "市区町村コード": 203, "所在地": "静岡県沼津市高沢町６－２１", "緯度": 35.10526, "経度": 138.854335, "url": "https://www.iryou.teikyouseido.mhlw.go.jp/znk-web/juminkanja/S2430/initialize?prefCd=22&kikanCd=7220304290&kikanKbn=5", "url2": "https://www.ainj.co.jp/network/detail.html?pdid=1156", "内容": "アイン薬局　高沢町店【5:薬局】静岡県沼津市高沢町６－２１" }, "geometry": { "type": "Point", "coordinates": [ 138.854335, 35.10526 ] } },
{ "type": "Feature", "properties": { "ID": "2257220304300", "正式名称": "アイン薬局　添地町店", "機関区分": 5, "都道府県コード": 22, "市区町村コード": 203, "所在地": "静岡県沼津市添地町２０６", "緯度": 35.099976, "経度": 138.85658, "url": "https://www.iryou.teikyouseido.mhlw.go.jp/znk-web/juminkanja/S2430/initialize?prefCd=22&kikanCd=7220304300&kikanKbn=5", "url2": "https://www.ainj.co.jp/network/detail.html?pdid=1163", "内容": "アイン薬局　添地町店【5:薬局】静岡県沼津市添地町２０６" }, "geometry": { "type": "Point", "coordinates": [ 138.85658, 35.099976 ] } },
{ "type": "Feature", "properties": { "ID": "2257220304310", "正式名称": "アイン薬局　沼津八幡町店", "機関区分": 5, "都道府県コード": 22, "市区町村コード": 203, "所在地": "静岡県沼津市八幡町２７－３", "緯度": 35.098126, "経度": 138.856465, "url": "https://www.iryou.teikyouseido.mhlw.go.jp/znk-web/juminkanja/S2430/initialize?prefCd=22&kikanCd=7220304310&kikanKbn=5", "url2": "https://www.ainj.co.jp/", "内容": "アイン薬局　沼津八幡町店【5:薬局】静岡県沼津市八幡町２７－３" }, "geometry": { "type": "Point", "coordinates": [ 138.856465, 35.098126 ] } },
{ "type": "Feature", "properties": { "ID": "2257220304320", "正式名称": "アイン薬局沼津米山町店", "機関区分": 5, "都道府県コード": 22, "市区町村コード": 203, "所在地": "静岡県沼津市米山町１０－３１", "緯度": 35.10746, "経度": 138.862715, "url": "https://www.iryou.teikyouseido.mhlw.go.jp/znk-web/juminkanja/S2430/initialize?prefCd=22&kikanCd=7220304320&kikanKbn=5", "url2": "http://www.ainj.co.jp/network/ainpharmaciez/mdo0021.html", "内容": "アイン薬局沼津米山町店【5:薬局】静岡県沼津市米山町１０－３１" }, "geometry": { "type": "Point", "coordinates": [ 138.862715, 35.10746 ] } },
{ "type": "Feature", "properties": { "ID": "2257220304330", "正式名称": "アイン薬局　大岡高田店", "機関区分": 5, "都道府県コード": 22, "市区町村コード": 203, "所在地": "静岡県沼津市大岡１９９８", "緯度": 35.114219, "経度": 138.870756, "url": "https://www.iryou.teikyouseido.mhlw.go.jp/znk-web/juminkanja/S2430/initialize?prefCd=22&kikanCd=7220304330&kikanKbn=5", "url2": "https://www.ainj.co.jp/network/detail.html?pdid=1167", "内容": "アイン薬局　大岡高田店【5:薬局】静岡県沼津市大岡１９９８" }, "geometry": { "type": "Point", "coordinates": [ 138.870756, 35.114219 ] } },
{ "type": "Feature", "properties": { "ID": "2257220304340", "正式名称": "アイン薬局　大岡日吉店", "機関区分": 5, "都道府県コード": 22, "市区町村コード": 203, "所在地": "静岡県沼津市大岡１７４３－１", "緯度": 35.103909, "経度": 138.873419, "url": "https://www.iryou.teikyouseido.mhlw.go.jp/znk-web/juminkanja/S2430/initialize?prefCd=22&kikanCd=7220304340&kikanKbn=5", "url2": "http://www.ainj.co.jp/network/ainpharmaciez/mdo0024.html", "内容": "アイン薬局　大岡日吉店【5:薬局】静岡県沼津市大岡１７４３－１" }, "geometry": { "type": "Point", "coordinates": [ 138.873419, 35.103909 ] } },
{ "type": "Feature", "properties": { "ID": "2257220304350", "正式名称": "アイン薬局　大岡下石田店", "機関区分": 5, "都道府県コード": 22, "市区町村コード": 203, "所在地": "静岡県沼津市大岡１１５８", "緯度": 35.104025, "経度": 138.880843, "url": "https://www.iryou.teikyouseido.mhlw.go.jp/znk-web/juminkanja/S2430/initialize?prefCd=22&kikanCd=7220304350&kikanKbn=5", "url2": "http://www.ainj.co.jp/network/ainpharmaciez/mdo0021.html", "内容": "アイン薬局　大岡下石田店【5:薬局】静岡県沼津市大岡１１５８" }, "geometry": { "type": "Point", "coordinates": [ 138.880843, 35.104025 ] } },
{ "type": "Feature", "properties": { "ID": "2257220304360", "正式名称": "アイン薬局　清水町長沢店", "機関区分": 5, "都道府県コード": 22, "市区町村コード": 341, "所在地": "静岡県駿東郡清水町長沢２５６－１", "緯度": 35.104231, "経度": 138.893901, "url": "https://www.iryou.teikyouseido.mhlw.go.jp/znk-web/juminkanja/S2430/initialize?prefCd=22&kikanCd=7220304360&kikanKbn=5", "url2": "https://www.ainj.co.jp/network/detail.html?pdid=1171", "内容": "アイン薬局　清水町長沢店【5:薬局】静岡県駿東郡清水町長沢２５６－１" }, "geometry": { "type": "Point", "coordinates": [ 138.893901, 35.104231 ] } },
{ "type": "Feature", "properties": { "ID": "2257220304370", "正式名称": "アイン薬局清水町柿田店", "機関区分": 5, "都道府県コード": 22, "市区町村コード": 341, "所在地": "静岡県駿東郡清水町柿田１６１－１", "緯度": 35.102866, "経度": 138.896293, "url": "https://www.iryou.teikyouseido.mhlw.go.jp/znk-web/juminkanja/S2430/initialize?prefCd=22&kikanCd=7220304370&kikanKbn=5", "url2": "https://www.ainj.co.jp", "内容": "アイン薬局清水町柿田店【5:薬局】静岡県駿東郡清水町柿田１６１－１" }, "geometry": { "type": "Point", "coordinates": [ 138.896293, 35.102866 ] } },
{ "type": "Feature", "properties": { "ID": "2257220304380", "正式名称": "アイン薬局三島南町店", "機関区分": 5, "都道府県コード": 22, "市区町村コード": 206, "所在地": "静岡県三島市南町８－９", "緯度": 35.110613, "経度": 138.91194, "url": "https://www.iryou.teikyouseido.mhlw.go.jp/znk-web/juminkanja/S2430/initialize?prefCd=22&kikanCd=7220304380&kikanKbn=5", "url2": "http://www.ainj.co.jp", "内容": "アイン薬局三島南町店【5:薬局】静岡県三島市南町８－９" }, "geometry": { "type": "Point", "coordinates": [ 138.91194, 35.110613 ] } },
{ "type": "Feature", "properties": { "ID": "2257220304430", "正式名称": "アイン薬局沼津宮前町店", "機関区分": 5, "都道府県コード": 22, "市区町村コード": 203, "所在地": "静岡県沼津市宮前町１３－４", "緯度": 35.121553, "経度": 138.874971, "url": "https://www.iryou.teikyouseido.mhlw.go.jp/znk-web/juminkanja/S2430/initialize?prefCd=22&kikanCd=7220304430&kikanKbn=5", "url2": "https://www.ainj.co.jp/network/detail.html?pdid=1166", "内容": "アイン薬局沼津宮前町店【5:薬局】静岡県沼津市宮前町１３－４" }, "geometry": { "type": "Point", "coordinates": [ 138.874971, 35.121553 ] } },
{ "type": "Feature", "properties": { "ID": "2257220304440", "正式名称": "アイン薬局　長泉本宿店", "機関区分": 5, "都道府県コード": 22, "市区町村コード": 342, "所在地": "静岡県駿東郡長泉町本宿岸田３１４－５", "緯度": 35.121664, "経度": 138.888287, "url": "https://www.iryou.teikyouseido.mhlw.go.jp/znk-web/juminkanja/S2430/initialize?prefCd=22&kikanCd=7220304440&kikanKbn=5", "url2": "https://www.ainj.co.jp", "内容": "アイン薬局　長泉本宿店【5:薬局】静岡県駿東郡長泉町本宿岸田３１４－５" }, "geometry": { "type": "Point", "coordinates": [ 138.888287, 35.121664 ] } },
{ "type": "Feature", "properties": { "ID": "2257220304450", "正式名称": "アイン薬局　納米里駅前店", "機関区分": 5, "都道府県コード": 22, "市区町村コード": 342, "所在地": "静岡県駿東郡長泉町納米里６７－３", "緯度": 35.147189, "経度": 138.898917, "url": "https://www.iryou.teikyouseido.mhlw.go.jp/znk-web/juminkanja/S2430/initialize?prefCd=22&kikanCd=7220304450&kikanKbn=5", "url2": "http://www.ainj.co.jp/network/ainpharmaciez/mdo0021.html", "内容": "アイン薬局　納米里駅前店【5:薬局】静岡県駿東郡長泉町納米里６７－３" }, "geometry": { "type": "Point", "coordinates": [ 138.898917, 35.147189 ] } },
{ "type": "Feature", "properties": { "ID": "2257220304470", "正式名称": "アイン薬局　根古屋店", "機関区分": 5, "都道府県コード": 22, "市区町村コード": 203, "所在地": "静岡県沼津市根古屋３０８－１", "緯度": 35.138981, "経度": 138.808302, "url": "https://www.iryou.teikyouseido.mhlw.go.jp/znk-web/juminkanja/S2430/initialize?prefCd=22&kikanCd=7220304470&kikanKbn=5", "url2": "https://www.ainj.co.jp/network/ainpharmaciez/mdo0011.html", "内容": "アイン薬局　根古屋店【5:薬局】静岡県沼津市根古屋３０８－１" }, "geometry": { "type": "Point", "coordinates": [ 138.808302, 35.138981 ] } },
{ "type": "Feature", "properties": { "ID": "2257220304480", "正式名称": "アイン薬局　沼津原店", "機関区分": 5, "都道府県コード": 22, "市区町村コード": 203, "所在地": "静岡県沼津市原１７２１－１８", "緯度": 35.130268, "経度": 138.803035, "url": "https://www.iryou.teikyouseido.mhlw.go.jp/znk-web/juminkanja/S2430/initialize?prefCd=22&kikanCd=7220304480&kikanKbn=5", "url2": "https://www.ainj.co.jp/", "内容": "アイン薬局　沼津原店【5:薬局】静岡県沼津市原１７２１－１８" }, "geometry": { "type": "Point", "coordinates": [ 138.803035, 35.130268 ] } },
{ "type": "Feature", "properties": { "ID": "2257220304490", "正式名称": "アイン薬局　沼津若葉町店", "機関区分": 5, "都道府県コード": 22, "市区町村コード": 203, "所在地": "静岡県沼津市若葉町４－１０", "緯度": 35.117052, "経度": 138.855403, "url": "https://www.iryou.teikyouseido.mhlw.go.jp/znk-web/juminkanja/S2430/initialize?prefCd=22&kikanCd=7220304490&kikanKbn=5", "url2": "https://www.ainj.co.jp/network/detail.html?pdid=1162", "内容": "アイン薬局　沼津若葉町店【5:薬局】静岡県沼津市若葉町４－１０" }, "geometry": { "type": "Point", "coordinates": [ 138.855403, 35.117052 ] } },
{ "type": "Feature", "properties": { "ID": "2257220304500", "正式名称": "アイン薬局清水町伏見店", "機関区分": 5, "都道府県コード": 22, "市区町村コード": 341, "所在地": "静岡県駿東郡清水町伏見７８８－１", "緯度": 35.116803, "経度": 138.901694, "url": "https://www.iryou.teikyouseido.mhlw.go.jp/znk-web/juminkanja/S2430/initialize?prefCd=22&kikanCd=7220304500&kikanKbn=5", "url2": "https://www.ainj.co.jp/network/detail.html?pdid=1172", "内容": "アイン薬局清水町伏見店【5:薬局】静岡県駿東郡清水町伏見７８８－１" }, "geometry": { "type": "Point", "coordinates": [ 138.901694, 35.116803 ] } },
{ "type": "Feature", "properties": { "ID": "2257220304510", "正式名称": "株式会社菊地薬局", "機関区分": 5, "都道府県コード": 22, "市区町村コード": 206, "所在地": "静岡県三島市南二日町２２－１", "緯度": 35.112806, "経度": 138.924858, "url": "https://www.iryou.teikyouseido.mhlw.go.jp/znk-web/juminkanja/S2430/initialize?prefCd=22&kikanCd=7220304510&kikanKbn=5", "url2": "https://www.kikuchi-pha.jp", "内容": "株式会社菊地薬局【5:薬局】静岡県三島市南二日町２２－１" }, "geometry": { "type": "Point", "coordinates": [ 138.924858, 35.112806 ] } },
{ "type": "Feature", "properties": { "ID": "2257220304520", "正式名称": "ながいずみ薬局", "機関区分": 5, "都道府県コード": 22, "市区町村コード": 342, "所在地": "静岡県駿東郡長泉町下土狩１３７３－３　渡辺ビル１階", "緯度": 35.128546, "経度": 138.901253, "url": "https://www.iryou.teikyouseido.mhlw.go.jp/znk-web/juminkanja/S2430/initialize?prefCd=22&kikanCd=7220304520&kikanKbn=5", "url2": null, "内容": "ながいずみ薬局【5:薬局】静岡県駿東郡長泉町下土狩１３７３－３　渡辺ビル１階" }, "geometry": { "type": "Point", "coordinates": [ 138.901253, 35.128546 ] } },
{ "type": "Feature", "properties": { "ID": "2257220304530", "正式名称": "クリエイト薬局　裾野二ツ屋店", "機関区分": 5, "都道府県コード": 22, "市区町村コード": 220, "所在地": "静岡県裾野市二ツ屋５３－１", "緯度": 35.166244, "経度": 138.903273, "url": "https://www.iryou.teikyouseido.mhlw.go.jp/znk-web/juminkanja/S2430/initialize?prefCd=22&kikanCd=7220304530&kikanKbn=5", "url2": "https://www.create-sd.co.jp/", "内容": "クリエイト薬局　裾野二ツ屋店【5:薬局】静岡県裾野市二ツ屋５３－１" }, "geometry": { "type": "Point", "coordinates": [ 138.903273, 35.166244 ] } },
{ "type": "Feature", "properties": { "ID": "2257220304540", "正式名称": "スギ薬局　函南西店", "機関区分": 5, "都道府県コード": 22, "市区町村コード": 325, "所在地": "静岡県田方郡函南町間宮３２９番地の１", "緯度": 35.084724, "経度": 138.936067, "url": "https://www.iryou.teikyouseido.mhlw.go.jp/znk-web/juminkanja/S2430/initialize?prefCd=22&kikanCd=7220304540&kikanKbn=5", "url2": "https://www.sugi-net.jp/tenpo/detail/1426.html", "内容": "スギ薬局　函南西店【5:薬局】静岡県田方郡函南町間宮３２９番地の１" }, "geometry": { "type": "Point", "coordinates": [ 138.936067, 35.084724 ] } },
{ "type": "Feature", "properties": { "ID": "2257220304550", "正式名称": "クローバー薬局", "機関区分": 5, "都道府県コード": 22, "市区町村コード": 203, "所在地": "静岡県沼津市御幸町１３－５", "緯度": 35.096376, "経度": 138.865685, "url": "https://www.iryou.teikyouseido.mhlw.go.jp/znk-web/juminkanja/S2430/initialize?prefCd=22&kikanCd=7220304550&kikanKbn=5", "url2": null, "内容": "クローバー薬局【5:薬局】静岡県沼津市御幸町１３－５" }, "geometry": { "type": "Point", "coordinates": [ 138.865685, 35.096376 ] } },
{ "type": "Feature", "properties": { "ID": "2257220304560", "正式名称": "ウエルシア薬局　清水町徳倉店", "機関区分": 5, "都道府県コード": 22, "市区町村コード": 341, "所在地": "静岡県駿東郡清水町徳倉１５３０番地の１", "緯度": 35.090673, "経度": 138.896812, "url": "https://www.iryou.teikyouseido.mhlw.go.jp/znk-web/juminkanja/S2430/initialize?prefCd=22&kikanCd=7220304560&kikanKbn=5", "url2": null, "内容": "ウエルシア薬局　清水町徳倉店【5:薬局】静岡県駿東郡清水町徳倉１５３０番地の１" }, "geometry": { "type": "Point", "coordinates": [ 138.896812, 35.090673 ] } },
{ "type": "Feature", "properties": { "ID": "2257220304570", "正式名称": "原田薬局　谷田店", "機関区分": 5, "都道府県コード": 22, "市区町村コード": 206, "所在地": "静岡県三島市谷田５０７－１１", "緯度": 35.110813, "経度": 138.934236, "url": "https://www.iryou.teikyouseido.mhlw.go.jp/znk-web/juminkanja/S2430/initialize?prefCd=22&kikanCd=7220304570&kikanKbn=5", "url2": "https://www.marinegroup.jp/detail/%E5%8E%9F%E7%94%B0%E8%96%AC%E5%B1%80-%E8%B0%B7%E7%94%B0%E5%BA%97/", "内容": "原田薬局　谷田店【5:薬局】静岡県三島市谷田５０７－１１" }, "geometry": { "type": "Point", "coordinates": [ 138.934236, 35.110813 ] } },
{ "type": "Feature", "properties": { "ID": "2257220304590", "正式名称": "ウエルシア薬局函南間宮店", "機関区分": 5, "都道府県コード": 22, "市区町村コード": 325, "所在地": "静岡県田方郡函南町間宮６１８番地１号", "緯度": 35.078253, "経度": 138.939475, "url": "https://www.iryou.teikyouseido.mhlw.go.jp/znk-web/juminkanja/S2430/initialize?prefCd=22&kikanCd=7220304590&kikanKbn=5", "url2": "https://stores.welcia.co.jp/2279D", "内容": "ウエルシア薬局函南間宮店【5:薬局】静岡県田方郡函南町間宮６１８番地１号" }, "geometry": { "type": "Point", "coordinates": [ 138.939475, 35.078253 ] } },
{ "type": "Feature", "properties": { "ID": "2257220304620", "正式名称": "ウエルシア薬局　三島松本店", "機関区分": 5, "都道府県コード": 22, "市区町村コード": 206, "所在地": "静岡県三島市松本２７３－１", "緯度": 35.089027, "経度": 138.917725, "url": "https://www.iryou.teikyouseido.mhlw.go.jp/znk-web/juminkanja/S2430/initialize?prefCd=22&kikanCd=7220304620&kikanKbn=5", "url2": null, "内容": "ウエルシア薬局　三島松本店【5:薬局】静岡県三島市松本２７３－１" }, "geometry": { "type": "Point", "coordinates": [ 138.917725, 35.089027 ] } },
{ "type": "Feature", "properties": { "ID": "2257220304630", "正式名称": "さくら薬局三島泉店", "機関区分": 5, "都道府県コード": 22, "市区町村コード": 206, "所在地": "静岡県三島市泉町１０番５号", "緯度": 35.121469, "経度": 138.909196, "url": "https://www.iryou.teikyouseido.mhlw.go.jp/znk-web/juminkanja/S2430/initialize?prefCd=22&kikanCd=7220304630&kikanKbn=5", "url2": "https://www.kraft-net.co.jp/sakura/store/4066/", "内容": "さくら薬局三島泉店【5:薬局】静岡県三島市泉町１０番５号" }, "geometry": { "type": "Point", "coordinates": [ 138.909196, 35.121469 ] } },
{ "type": "Feature", "properties": { "ID": "2257220304640", "正式名称": "さくら薬局三島長伏店", "機関区分": 5, "都道府県コード": 22, "市区町村コード": 206, "所在地": "静岡県三島市長伏２２６－２０", "緯度": 35.085895, "経度": 138.91557, "url": "https://www.iryou.teikyouseido.mhlw.go.jp/znk-web/juminkanja/S2430/initialize?prefCd=22&kikanCd=7220304640&kikanKbn=5", "url2": null, "内容": "さくら薬局三島長伏店【5:薬局】静岡県三島市長伏２２６－２０" }, "geometry": { "type": "Point", "coordinates": [ 138.91557, 35.085895 ] } },
{ "type": "Feature", "properties": { "ID": "2257220304650", "正式名称": "ウエルシア薬局　沼津吉田店", "機関区分": 5, "都道府県コード": 22, "市区町村コード": 203, "所在地": "静岡県沼津市吉田町１６－３３", "緯度": 35.089792, "経度": 138.863271, "url": "https://www.iryou.teikyouseido.mhlw.go.jp/znk-web/juminkanja/S2430/initialize?prefCd=22&kikanCd=7220304650&kikanKbn=5", "url2": "https://stores.welcia.co.jp/7234D", "内容": "ウエルシア薬局　沼津吉田店【5:薬局】静岡県沼津市吉田町１６－３３" }, "geometry": { "type": "Point", "coordinates": [ 138.863271, 35.089792 ] } },
{ "type": "Feature", "properties": { "ID": "2257220304660", "正式名称": "みつばち薬局", "機関区分": 5, "都道府県コード": 22, "市区町村コード": 203, "所在地": "静岡県沼津市本郷町２７－２３－２", "緯度": 35.095138, "経度": 138.870972, "url": "https://www.iryou.teikyouseido.mhlw.go.jp/znk-web/juminkanja/S2430/initialize?prefCd=22&kikanCd=7220304660&kikanKbn=5", "url2": "http://mitsu8-yakkyoku.com", "内容": "みつばち薬局【5:薬局】静岡県沼津市本郷町２７－２３－２" }, "geometry": { "type": "Point", "coordinates": [ 138.870972, 35.095138 ] } },
{ "type": "Feature", "properties": { "ID": "2257220304670", "正式名称": "田方薬局", "機関区分": 5, "都道府県コード": 22, "市区町村コード": 325, "所在地": "静岡県田方郡函南町平井７７４－４７", "緯度": 35.091436, "経度": 138.955602, "url": "https://www.iryou.teikyouseido.mhlw.go.jp/znk-web/juminkanja/S2430/initialize?prefCd=22&kikanCd=7220304670&kikanKbn=5", "url2": null, "内容": "田方薬局【5:薬局】静岡県田方郡函南町平井７７４－４７" }, "geometry": { "type": "Point", "coordinates": [ 138.955602, 35.091436 ] } },
{ "type": "Feature", "properties": { "ID": "2257220304680", "正式名称": "薬局だいち下土狩店", "機関区分": 5, "都道府県コード": 22, "市区町村コード": 342, "所在地": "静岡県駿東郡長泉町下土狩９１７－５", "緯度": 35.135804, "経度": 138.896773, "url": "https://www.iryou.teikyouseido.mhlw.go.jp/znk-web/juminkanja/S2430/initialize?prefCd=22&kikanCd=7220304680&kikanKbn=5", "url2": "https://oldwin.site/", "内容": "薬局だいち下土狩店【5:薬局】静岡県駿東郡長泉町下土狩９１７－５" }, "geometry": { "type": "Point", "coordinates": [ 138.896773, 35.135804 ] } },
{ "type": "Feature", "properties": { "ID": "2257220304690", "正式名称": "ウエルシア薬局三島壱町田店", "機関区分": 5, "都道府県コード": 22, "市区町村コード": 206, "所在地": "静岡県三島市壱町田１９２－１", "緯度": 35.134834, "経度": 138.92075, "url": "https://www.iryou.teikyouseido.mhlw.go.jp/znk-web/juminkanja/S2430/initialize?prefCd=22&kikanCd=7220304690&kikanKbn=5", "url2": null, "内容": "ウエルシア薬局三島壱町田店【5:薬局】静岡県三島市壱町田１９２－１" }, "geometry": { "type": "Point", "coordinates": [ 138.92075, 35.134834 ] } },
{ "type": "Feature", "properties": { "ID": "2257220304710", "正式名称": "ウエルシア薬局長泉中土狩店", "機関区分": 5, "都道府県コード": 22, "市区町村コード": 342, "所在地": "静岡県駿東郡長泉町中土狩３４８－１", "緯度": 35.139134, "経度": 138.906493, "url": "https://www.iryou.teikyouseido.mhlw.go.jp/znk-web/juminkanja/S2430/initialize?prefCd=22&kikanCd=7220304710&kikanKbn=5", "url2": "https://stores.welcia.co.jp/2264D", "内容": "ウエルシア薬局長泉中土狩店【5:薬局】静岡県駿東郡長泉町中土狩３４８－１" }, "geometry": { "type": "Point", "coordinates": [ 138.906493, 35.139134 ] } },
{ "type": "Feature", "properties": { "ID": "2257220304720", "正式名称": "ポプラ薬局久米田店", "機関区分": 5, "都道府県コード": 22, "市区町村コード": 341, "所在地": "静岡県駿東郡清水町久米田２７－４１", "緯度": 35.099676, "経度": 138.911468, "url": "https://www.iryou.teikyouseido.mhlw.go.jp/znk-web/juminkanja/S2430/initialize?prefCd=22&kikanCd=7220304720&kikanKbn=5", "url2": "http://www.pfc-poplar.co.jp/", "内容": "ポプラ薬局久米田店【5:薬局】静岡県駿東郡清水町久米田２７－４１" }, "geometry": { "type": "Point", "coordinates": [ 138.911468, 35.099676 ] } },
{ "type": "Feature", "properties": { "ID": "2257220304730", "正式名称": "あすぴお薬局清水町店", "機関区分": 5, "都道府県コード": 22, "市区町村コード": 341, "所在地": "静岡県駿東郡清水町柿田１８１－１０", "緯度": 35.102088, "経度": 138.896397, "url": "https://www.iryou.teikyouseido.mhlw.go.jp/znk-web/juminkanja/S2430/initialize?prefCd=22&kikanCd=7220304730&kikanKbn=5", "url2": null, "内容": "あすぴお薬局清水町店【5:薬局】静岡県駿東郡清水町柿田１８１－１０" }, "geometry": { "type": "Point", "coordinates": [ 138.896397, 35.102088 ] } },
{ "type": "Feature", "properties": { "ID": "2257220304740", "正式名称": "ウエルシア薬局清水町久米田店", "機関区分": 5, "都道府県コード": 22, "市区町村コード": 341, "所在地": "静岡県駿東郡清水町久米田６０－１", "緯度": 35.099471, "経度": 138.910963, "url": "https://www.iryou.teikyouseido.mhlw.go.jp/znk-web/juminkanja/S2430/initialize?prefCd=22&kikanCd=7220304740&kikanKbn=5", "url2": null, "内容": "ウエルシア薬局清水町久米田店【5:薬局】静岡県駿東郡清水町久米田６０－１" }, "geometry": { "type": "Point", "coordinates": [ 138.910963, 35.099471 ] } },
{ "type": "Feature", "properties": { "ID": "2257220304750", "正式名称": "ウエルシア薬局函南平井店", "機関区分": 5, "都道府県コード": 22, "市区町村コード": 325, "所在地": "静岡県田方郡函南町平井８３２－１８４", "緯度": 35.091898, "経度": 138.956834, "url": "https://www.iryou.teikyouseido.mhlw.go.jp/znk-web/juminkanja/S2430/initialize?prefCd=22&kikanCd=7220304750&kikanKbn=5", "url2": null, "内容": "ウエルシア薬局函南平井店【5:薬局】静岡県田方郡函南町平井８３２－１８４" }, "geometry": { "type": "Point", "coordinates": [ 138.956834, 35.091898 ] } },
{ "type": "Feature", "properties": { "ID": "2257220304760", "正式名称": "ウエルシア薬局三島三好店", "機関区分": 5, "都道府県コード": 22, "市区町村コード": 206, "所在地": "静岡県三島市三好町６－２５", "緯度": 35.110598, "経度": 138.908674, "url": "https://www.iryou.teikyouseido.mhlw.go.jp/znk-web/juminkanja/S2430/initialize?prefCd=22&kikanCd=7220304760&kikanKbn=5", "url2": "https://www.welcia-yakkyoku.co.jp", "内容": "ウエルシア薬局三島三好店【5:薬局】静岡県三島市三好町６－２５" }, "geometry": { "type": "Point", "coordinates": [ 138.908674, 35.110598 ] } },
{ "type": "Feature", "properties": { "ID": "2257220304770", "正式名称": "グリーン薬局三島泉町店", "機関区分": 5, "都道府県コード": 22, "市区町村コード": 206, "所在地": "静岡県三島市泉町２－１１", "緯度": 35.121425, "経度": 138.911983, "url": "https://www.iryou.teikyouseido.mhlw.go.jp/znk-web/juminkanja/S2430/initialize?prefCd=22&kikanCd=7220304770&kikanKbn=5", "url2": null, "内容": "グリーン薬局三島泉町店【5:薬局】静岡県三島市泉町２－１１" }, "geometry": { "type": "Point", "coordinates": [ 138.911983, 35.121425 ] } },
{ "type": "Feature", "properties": { "ID": "2257220304790", "正式名称": "ウエルシア薬局沼津原東店", "機関区分": 5, "都道府県コード": 22, "市区町村コード": 203, "所在地": "静岡県沼津市原１５２５－１", "緯度": 35.12893, "経度": 138.801658, "url": "https://www.iryou.teikyouseido.mhlw.go.jp/znk-web/juminkanja/S2430/initialize?prefCd=22&kikanCd=7220304790&kikanKbn=5", "url2": "https://stores.welcia.co.jp/2216D", "内容": "ウエルシア薬局沼津原東店【5:薬局】静岡県沼津市原１５２５－１" }, "geometry": { "type": "Point", "coordinates": [ 138.801658, 35.12893 ] } },
{ "type": "Feature", "properties": { "ID": "2257220304810", "正式名称": "中土狩薬局", "機関区分": 5, "都道府県コード": 22, "市区町村コード": 342, "所在地": "静岡県駿東郡長泉町中土狩３６６ー１", "緯度": 35.137823, "経度": 138.903913, "url": "https://www.iryou.teikyouseido.mhlw.go.jp/znk-web/juminkanja/S2430/initialize?prefCd=22&kikanCd=7220304810&kikanKbn=5", "url2": "http://www.stcy.co.jp/wakakusa/map/nakatogari.htm", "内容": "中土狩薬局【5:薬局】静岡県駿東郡長泉町中土狩３６６ー１" }, "geometry": { "type": "Point", "coordinates": [ 138.903913, 35.137823 ] } },
{ "type": "Feature", "properties": { "ID": "2257220304830", "正式名称": "スギ薬局　沼津西沢田店", "機関区分": 5, "都道府県コード": 22, "市区町村コード": 203, "所在地": "静岡県沼津市西沢田３２７", "緯度": 35.120623, "経度": 138.84441, "url": "https://www.iryou.teikyouseido.mhlw.go.jp/znk-web/juminkanja/S2430/initialize?prefCd=22&kikanCd=7220304830&kikanKbn=5", "url2": "https://www.sugi-net.jp/tenpo/detail/1549.html", "内容": "スギ薬局　沼津西沢田店【5:薬局】静岡県沼津市西沢田３２７" }, "geometry": { "type": "Point", "coordinates": [ 138.84441, 35.120623 ] } },
{ "type": "Feature", "properties": { "ID": "2257220304850", "正式名称": "サンライズ薬局　あゆつぼ店", "機関区分": 5, "都道府県コード": 22, "市区町村コード": 342, "所在地": "静岡県駿東郡長泉町下土狩１０７０－６", "緯度": 35.132629, "経度": 138.892901, "url": "https://www.iryou.teikyouseido.mhlw.go.jp/znk-web/juminkanja/S2430/initialize?prefCd=22&kikanCd=7220304850&kikanKbn=5", "url2": "www.ainj.co.jp", "内容": "サンライズ薬局　あゆつぼ店【5:薬局】静岡県駿東郡長泉町下土狩１０７０－６" }, "geometry": { "type": "Point", "coordinates": [ 138.892901, 35.132629 ] } },
{ "type": "Feature", "properties": { "ID": "2257220304860", "正式名称": "みつばち薬局　三島駅前店", "機関区分": 5, "都道府県コード": 22, "市区町村コード": 206, "所在地": "静岡県三島市寿町２－１６あなたのビル１階", "緯度": 35.124802, "経度": 138.909127, "url": "https://www.iryou.teikyouseido.mhlw.go.jp/znk-web/juminkanja/S2430/initialize?prefCd=22&kikanCd=7220304860&kikanKbn=5", "url2": "mitsu8-yakkyoku.com", "内容": "みつばち薬局　三島駅前店【5:薬局】静岡県三島市寿町２－１６あなたのビル１階" }, "geometry": { "type": "Point", "coordinates": [ 138.909127, 35.124802 ] } },
{ "type": "Feature", "properties": { "ID": "2257220304870", "正式名称": "クリエイト薬局裾野滝頭店", "機関区分": 5, "都道府県コード": 22, "市区町村コード": 220, "所在地": "静岡県裾野市茶畑６９２", "緯度": 35.172902, "経度": 138.915954, "url": "https://www.iryou.teikyouseido.mhlw.go.jp/znk-web/juminkanja/S2430/initialize?prefCd=22&kikanCd=7220304870&kikanKbn=5", "url2": "http://www.create-sd.co.jp/", "内容": "クリエイト薬局裾野滝頭店【5:薬局】静岡県裾野市茶畑６９２" }, "geometry": { "type": "Point", "coordinates": [ 138.915954, 35.172902 ] } },
{ "type": "Feature", "properties": { "ID": "2257220304880", "正式名称": "ウエルシア薬局沼津鳥谷店", "機関区分": 5, "都道府県コード": 22, "市区町村コード": 203, "所在地": "静岡県沼津市鳥谷６５－２", "緯度": 35.134711, "経度": 138.818366, "url": "https://www.iryou.teikyouseido.mhlw.go.jp/znk-web/juminkanja/S2430/initialize?prefCd=22&kikanCd=7220304880&kikanKbn=5", "url2": "https://stores.welcia.co.jp/7297D", "内容": "ウエルシア薬局沼津鳥谷店【5:薬局】静岡県沼津市鳥谷６５－２" }, "geometry": { "type": "Point", "coordinates": [ 138.818366, 35.134711 ] } },
{ "type": "Feature", "properties": { "ID": "2257220304890", "正式名称": "ウエルシア薬局三島谷田店", "機関区分": 5, "都道府県コード": 22, "市区町村コード": 206, "所在地": "静岡県三島市谷田２９－１", "緯度": 35.119545, "経度": 138.92942, "url": "https://www.iryou.teikyouseido.mhlw.go.jp/znk-web/juminkanja/S2430/initialize?prefCd=22&kikanCd=7220304890&kikanKbn=5", "url2": null, "内容": "ウエルシア薬局三島谷田店【5:薬局】静岡県三島市谷田２９－１" }, "geometry": { "type": "Point", "coordinates": [ 138.92942, 35.119545 ] } },
{ "type": "Feature", "properties": { "ID": "2257220304910", "正式名称": "ウエルシア薬局沼津五月町店", "機関区分": 5, "都道府県コード": 22, "市区町村コード": 203, "所在地": "静岡県沼津市五月町５番５号", "緯度": 35.115043, "経度": 138.86243, "url": "https://www.iryou.teikyouseido.mhlw.go.jp/znk-web/juminkanja/S2430/initialize?prefCd=22&kikanCd=7220304910&kikanKbn=5", "url2": "https://www.welcia-yakkyoku.co.jp/", "内容": "ウエルシア薬局沼津五月町店【5:薬局】静岡県沼津市五月町５番５号" }, "geometry": { "type": "Point", "coordinates": [ 138.86243, 35.115043 ] } },
{ "type": "Feature", "properties": { "ID": "2257220304930", "正式名称": "ウエルシア薬局サントムーン柿田川店", "機関区分": 5, "都道府県コード": 22, "市区町村コード": 341, "所在地": "静岡県駿東郡清水町玉川６１ー２", "緯度": 35.108836, "経度": 138.903781, "url": "https://www.iryou.teikyouseido.mhlw.go.jp/znk-web/juminkanja/S2430/initialize?prefCd=22&kikanCd=7220304930&kikanKbn=5", "url2": "https://store.welcia.co.jp/welcia/spot/detail?code=2046D", "内容": "ウエルシア薬局サントムーン柿田川店【5:薬局】静岡県駿東郡清水町玉川６１ー２" }, "geometry": { "type": "Point", "coordinates": [ 138.903781, 35.108836 ] } },
{ "type": "Feature", "properties": { "ID": "2257220304940", "正式名称": "はなまる薬局下香貫馬場店", "機関区分": 5, "都道府県コード": 22, "市区町村コード": 203, "所在地": "静岡県沼津市下香貫馬場４８８ー２", "緯度": 35.082572, "経度": 138.87054, "url": "https://www.iryou.teikyouseido.mhlw.go.jp/znk-web/juminkanja/S2430/initialize?prefCd=22&kikanCd=7220304940&kikanKbn=5", "url2": "https://fiocco.co.jp/", "内容": "はなまる薬局下香貫馬場店【5:薬局】静岡県沼津市下香貫馬場４８８ー２" }, "geometry": { "type": "Point", "coordinates": [ 138.87054, 35.082572 ] } },
{ "type": "Feature", "properties": { "ID": "2257220304950", "正式名称": "メイプル薬局　高沢店", "機関区分": 5, "都道府県コード": 22, "市区町村コード": 203, "所在地": "静岡県沼津市高沢町３ー１５エンゼルパークビル１階", "緯度": 35.104639, "経度": 138.855249, "url": "https://www.iryou.teikyouseido.mhlw.go.jp/znk-web/juminkanja/S2430/initialize?prefCd=22&kikanCd=7220304950&kikanKbn=5", "url2": "https://pharmacy.maple-group.co.jp/", "内容": "メイプル薬局　高沢店【5:薬局】静岡県沼津市高沢町３ー１５エンゼルパークビル１階" }, "geometry": { "type": "Point", "coordinates": [ 138.855249, 35.104639 ] } },
{ "type": "Feature", "properties": { "ID": "2257220304960", "正式名称": "はなまる薬局下香貫樋ノ口店", "機関区分": 5, "都道府県コード": 22, "市区町村コード": 203, "所在地": "静岡県沼津市下香貫樋ノ口１７０６ー１", "緯度": 35.07613, "経度": 138.874226, "url": "https://www.iryou.teikyouseido.mhlw.go.jp/znk-web/juminkanja/S2430/initialize?prefCd=22&kikanCd=7220304960&kikanKbn=5", "url2": "http://fiocco/co/jp/wp-admin/", "内容": "はなまる薬局下香貫樋ノ口店【5:薬局】静岡県沼津市下香貫樋ノ口１７０６ー１" }, "geometry": { "type": "Point", "coordinates": [ 138.874226, 35.07613 ] } },
{ "type": "Feature", "properties": { "ID": "2257220304970", "正式名称": "あかし薬局川原ヶ谷店", "機関区分": 5, "都道府県コード": 22, "市区町村コード": 206, "所在地": "静岡県三島市川原ケ谷１０８", "緯度": 35.122874, "経度": 138.92904, "url": "https://www.iryou.teikyouseido.mhlw.go.jp/znk-web/juminkanja/S2430/initialize?prefCd=22&kikanCd=7220304970&kikanKbn=5", "url2": null, "内容": "あかし薬局川原ヶ谷店【5:薬局】静岡県三島市川原ケ谷１０８" }, "geometry": { "type": "Point", "coordinates": [ 138.92904, 35.122874 ] } },
{ "type": "Feature", "properties": { "ID": "2257220304980", "正式名称": "今井坂薬局", "機関区分": 5, "都道府県コード": 22, "市区町村コード": 206, "所在地": "静岡県三島市川原ケ谷字今井坂２７５ー４", "緯度": 35.122925, "経度": 138.933608, "url": "https://www.iryou.teikyouseido.mhlw.go.jp/znk-web/juminkanja/S2430/initialize?prefCd=22&kikanCd=7220304980&kikanKbn=5", "url2": null, "内容": "今井坂薬局【5:薬局】静岡県三島市川原ケ谷字今井坂２７５ー４" }, "geometry": { "type": "Point", "coordinates": [ 138.933608, 35.122925 ] } },
{ "type": "Feature", "properties": { "ID": "2257220304990", "正式名称": "小島薬局在宅センター", "機関区分": 5, "都道府県コード": 22, "市区町村コード": 203, "所在地": "静岡県沼津市井出１７４２－２", "緯度": 35.142508, "経度": 138.794218, "url": "https://www.iryou.teikyouseido.mhlw.go.jp/znk-web/juminkanja/S2430/initialize?prefCd=22&kikanCd=7220304990&kikanKbn=5", "url2": "https://kojimayakkyoku.com/", "内容": "小島薬局在宅センター【5:薬局】静岡県沼津市井出１７４２－２" }, "geometry": { "type": "Point", "coordinates": [ 138.794218, 35.142508 ] } },
{ "type": "Feature", "properties": { "ID": "2257220305000", "正式名称": "あかり薬局", "機関区分": 5, "都道府県コード": 22, "市区町村コード": 206, "所在地": "静岡県三島市西本町２ー１５", "緯度": 35.117963, "経度": 138.909127, "url": "https://www.iryou.teikyouseido.mhlw.go.jp/znk-web/juminkanja/S2430/initialize?prefCd=22&kikanCd=7220305000&kikanKbn=5", "url2": "https://dpc-net.ne.jp/storeinfo/shizuoka/shizuoka-akari/", "内容": "あかり薬局【5:薬局】静岡県三島市西本町２ー１５" }, "geometry": { "type": "Point", "coordinates": [ 138.909127, 35.117963 ] } },
{ "type": "Feature", "properties": { "ID": "2257220305020", "正式名称": "ポプラ薬局杉崎町店", "機関区分": 5, "都道府県コード": 22, "市区町村コード": 203, "所在地": "静岡県沼津市杉崎町１３ー４１", "緯度": 35.109613, "経度": 138.865212, "url": "https://www.iryou.teikyouseido.mhlw.go.jp/znk-web/juminkanja/S2430/initialize?prefCd=22&kikanCd=7220305020&kikanKbn=5", "url2": "http://www.pfc-poplar.co.jp/", "内容": "ポプラ薬局杉崎町店【5:薬局】静岡県沼津市杉崎町１３ー４１" }, "geometry": { "type": "Point", "coordinates": [ 138.865212, 35.109613 ] } },
{ "type": "Feature", "properties": { "ID": "2257220305030", "正式名称": "二葉薬局沼津東原店", "機関区分": 5, "都道府県コード": 22, "市区町村コード": 203, "所在地": "静岡県沼津市東原５５６ー４", "緯度": 35.13482, "経度": 138.825604, "url": "https://www.iryou.teikyouseido.mhlw.go.jp/znk-web/juminkanja/S2430/initialize?prefCd=22&kikanCd=7220305030&kikanKbn=5", "url2": null, "内容": "二葉薬局沼津東原店【5:薬局】静岡県沼津市東原５５６ー４" }, "geometry": { "type": "Point", "coordinates": [ 138.825604, 35.13482 ] } },
{ "type": "Feature", "properties": { "ID": "2257220305040", "正式名称": "くるみ薬局東町店", "機関区分": 5, "都道府県コード": 22, "市区町村コード": 206, "所在地": "静岡県三島市東町１３ー３０", "緯度": 35.118717, "経度": 138.924579, "url": "https://www.iryou.teikyouseido.mhlw.go.jp/znk-web/juminkanja/S2430/initialize?prefCd=22&kikanCd=7220305040&kikanKbn=5", "url2": null, "内容": "くるみ薬局東町店【5:薬局】静岡県三島市東町１３ー３０" }, "geometry": { "type": "Point", "coordinates": [ 138.924579, 35.118717 ] } },
{ "type": "Feature", "properties": { "ID": "2257220305050", "正式名称": "杏林堂薬局ながいずみ中土狩店", "機関区分": 5, "都道府県コード": 22, "市区町村コード": 342, "所在地": "静岡県駿東郡長泉町中土狩３６７番地の１", "緯度": 35.136632, "経度": 138.909688, "url": "https://www.iryou.teikyouseido.mhlw.go.jp/znk-web/juminkanja/S2430/initialize?prefCd=22&kikanCd=7220305050&kikanKbn=5", "url2": "https://www.kyorindo.co.jp", "内容": "杏林堂薬局ながいずみ中土狩店【5:薬局】静岡県駿東郡長泉町中土狩３６７番地の１" }, "geometry": { "type": "Point", "coordinates": [ 138.909688, 35.136632 ] } },
{ "type": "Feature", "properties": { "ID": "2257220305060", "正式名称": "イロドリ薬局", "機関区分": 5, "都道府県コード": 22, "市区町村コード": 203, "所在地": "静岡県沼津市下香貫字塩満１８７８－１", "緯度": 35.079063, "経度": 138.877742, "url": "https://www.iryou.teikyouseido.mhlw.go.jp/znk-web/juminkanja/S2430/initialize?prefCd=22&kikanCd=7220305060&kikanKbn=5", "url2": "https://dpc-net.ne.jp/storeinfo/shizuoka/shizuoka-irodori/", "内容": "イロドリ薬局【5:薬局】静岡県沼津市下香貫字塩満１８７８－１" }, "geometry": { "type": "Point", "coordinates": [ 138.877742, 35.079063 ] } },
{ "type": "Feature", "properties": { "ID": "2257220305070", "正式名称": "ひまわり薬局", "機関区分": 5, "都道府県コード": 22, "市区町村コード": 206, "所在地": "静岡県三島市文教町２ー１ー２８", "緯度": 35.128843, "経度": 138.915285, "url": "https://www.iryou.teikyouseido.mhlw.go.jp/znk-web/juminkanja/S2430/initialize?prefCd=22&kikanCd=7220305070&kikanKbn=5", "url2": null, "内容": "ひまわり薬局【5:薬局】静岡県三島市文教町２ー１ー２８" }, "geometry": { "type": "Point", "coordinates": [ 138.915285, 35.128843 ] } },
{ "type": "Feature", "properties": { "ID": "2257220305080", "正式名称": "ウエルシア薬局マックスバリュ裾野店", "機関区分": 5, "都道府県コード": 22, "市区町村コード": 220, "所在地": "静岡県裾野市佐野１５１３番地１", "緯度": 35.171966, "経度": 138.906137, "url": "https://www.iryou.teikyouseido.mhlw.go.jp/znk-web/juminkanja/S2430/initialize?prefCd=22&kikanCd=7220305080&kikanKbn=5", "url2": "https://stores.welcia.co.jp/7334D", "内容": "ウエルシア薬局マックスバリュ裾野店【5:薬局】静岡県裾野市佐野１５１３番地１" }, "geometry": { "type": "Point", "coordinates": [ 138.906137, 35.171966 ] } },
{ "type": "Feature", "properties": { "ID": "2257220305090", "正式名称": "羽田薬局", "機関区分": 5, "都道府県コード": 22, "市区町村コード": 220, "所在地": "静岡県裾野市御宿３３０ー５", "緯度": 35.1958, "経度": 138.908851, "url": "https://www.iryou.teikyouseido.mhlw.go.jp/znk-web/juminkanja/S2430/initialize?prefCd=22&kikanCd=7220305090&kikanKbn=5", "url2": null, "内容": "羽田薬局【5:薬局】静岡県裾野市御宿３３０ー５" }, "geometry": { "type": "Point", "coordinates": [ 138.908851, 35.1958 ] } },
{ "type": "Feature", "properties": { "ID": "2257220305100", "正式名称": "きずな薬局柿田川店", "機関区分": 5, "都道府県コード": 22, "市区町村コード": 341, "所在地": "静岡県駿東郡清水町伏見５８ー１サントムーンアネックス３階", "緯度": 35.108671, "経度": 138.900923, "url": "https://www.iryou.teikyouseido.mhlw.go.jp/znk-web/juminkanja/S2430/initialize?prefCd=22&kikanCd=7220305100&kikanKbn=5", "url2": "https://four-s.site/shop/kakitagawa/", "内容": "きずな薬局柿田川店【5:薬局】静岡県駿東郡清水町伏見５８ー１サントムーンアネックス３階" }, "geometry": { "type": "Point", "coordinates": [ 138.900923, 35.108671 ] } },
{ "type": "Feature", "properties": { "ID": "2257220305110", "正式名称": "くるみ薬局　藤井原店", "機関区分": 5, "都道府県コード": 22, "市区町村コード": 203, "所在地": "静岡県沼津市下香貫藤井原１６１９－１１", "緯度": 35.079179, "経度": 138.873496, "url": "https://www.iryou.teikyouseido.mhlw.go.jp/znk-web/juminkanja/S2430/initialize?prefCd=22&kikanCd=7220305110&kikanKbn=5", "url2": null, "内容": "くるみ薬局　藤井原店【5:薬局】静岡県沼津市下香貫藤井原１６１９－１１" }, "geometry": { "type": "Point", "coordinates": [ 138.873496, 35.079179 ] } },
{ "type": "Feature", "properties": { "ID": "2257220305120", "正式名称": "高島本町薬局", "機関区分": 5, "都道府県コード": 22, "市区町村コード": 203, "所在地": "静岡県沼津市高島本町８番３０号", "緯度": 35.110728, "経度": 138.857821, "url": "https://www.iryou.teikyouseido.mhlw.go.jp/znk-web/juminkanja/S2430/initialize?prefCd=22&kikanCd=7220305120&kikanKbn=5", "url2": "http://www.stcy.co.jp/wakakusa/map/takashimahoncho.htm", "内容": "高島本町薬局【5:薬局】静岡県沼津市高島本町８番３０号" }, "geometry": { "type": "Point", "coordinates": [ 138.857821, 35.110728 ] } },
{ "type": "Feature", "properties": { "ID": "2257220305130", "正式名称": "クリエイト薬局　沼津下香貫店", "機関区分": 5, "都道府県コード": 22, "市区町村コード": 203, "所在地": "静岡県沼津市下香貫１４８６ー２", "緯度": 35.079785, "経度": 138.871746, "url": "https://www.iryou.teikyouseido.mhlw.go.jp/znk-web/juminkanja/S2430/initialize?prefCd=22&kikanCd=7220305130&kikanKbn=5", "url2": "http://www.create-sd.co.jp/", "内容": "クリエイト薬局　沼津下香貫店【5:薬局】静岡県沼津市下香貫１４８６ー２" }, "geometry": { "type": "Point", "coordinates": [ 138.871746, 35.079785 ] } },
{ "type": "Feature", "properties": { "ID": "2257220305140", "正式名称": "金時堂須賀薬局", "機関区分": 5, "都道府県コード": 22, "市区町村コード": 220, "所在地": "静岡県裾野市平松５５０ー３", "緯度": 35.171595, "経度": 138.906675, "url": "https://www.iryou.teikyouseido.mhlw.go.jp/znk-web/juminkanja/S2430/initialize?prefCd=22&kikanCd=7220305140&kikanKbn=5", "url2": "https://www.kintokido-ph.com/", "内容": "金時堂須賀薬局【5:薬局】静岡県裾野市平松５５０ー３" }, "geometry": { "type": "Point", "coordinates": [ 138.906675, 35.171595 ] } },
{ "type": "Feature", "properties": { "ID": "2257220305150", "正式名称": "ウエルシア薬局沼津新沢田店", "機関区分": 5, "都道府県コード": 22, "市区町村コード": 203, "所在地": "静岡県沼津市新沢田町５ー４３", "緯度": 35.116994, "経度": 138.852094, "url": "https://www.iryou.teikyouseido.mhlw.go.jp/znk-web/juminkanja/S2430/initialize?prefCd=22&kikanCd=7220305150&kikanKbn=5", "url2": null, "内容": "ウエルシア薬局沼津新沢田店【5:薬局】静岡県沼津市新沢田町５ー４３" }, "geometry": { "type": "Point", "coordinates": [ 138.852094, 35.116994 ] } },
{ "type": "Feature", "properties": { "ID": "2257220305170", "正式名称": "あきつき薬局三島駅前店", "機関区分": 5, "都道府県コード": 22, "市区町村コード": 206, "所在地": "静岡県三島市一番町１５ー２１マスダビル２階", "緯度": 35.125329, "経度": 138.912157, "url": "https://www.iryou.teikyouseido.mhlw.go.jp/znk-web/juminkanja/S2430/initialize?prefCd=22&kikanCd=7220305170&kikanKbn=5", "url2": "https://akitsuki.polyvalent.org/shop/index.html", "内容": "あきつき薬局三島駅前店【5:薬局】静岡県三島市一番町１５ー２１マスダビル２階" }, "geometry": { "type": "Point", "coordinates": [ 138.912157, 35.125329 ] } },
{ "type": "Feature", "properties": { "ID": "2257220305180", "正式名称": "ポプラ薬局トマト店", "機関区分": 5, "都道府県コード": 22, "市区町村コード": 341, "所在地": "静岡県駿東郡清水町久米田１５８ー１５", "緯度": 35.103604, "経度": 138.909127, "url": "https://www.iryou.teikyouseido.mhlw.go.jp/znk-web/juminkanja/S2430/initialize?prefCd=22&kikanCd=7220305180&kikanKbn=5", "url2": "http://www.pfc-poplar.co.jp/", "内容": "ポプラ薬局トマト店【5:薬局】静岡県駿東郡清水町久米田１５８ー１５" }, "geometry": { "type": "Point", "coordinates": [ 138.909127, 35.103604 ] } },
{ "type": "Feature", "properties": { "ID": "2257220305190", "正式名称": "クリエイト薬局長泉竹原店", "機関区分": 5, "都道府県コード": 22, "市区町村コード": 342, "所在地": "静岡県駿東郡長泉町竹原３４７ー１", "緯度": 35.120449, "経度": 138.901146, "url": "https://www.iryou.teikyouseido.mhlw.go.jp/znk-web/juminkanja/S2430/initialize?prefCd=22&kikanCd=7220305190&kikanKbn=5", "url2": "http://www.create-sd.co.jp/", "内容": "クリエイト薬局長泉竹原店【5:薬局】静岡県駿東郡長泉町竹原３４７ー１" }, "geometry": { "type": "Point", "coordinates": [ 138.901146, 35.120449 ] } },
{ "type": "Feature", "properties": { "ID": "2257220305200", "正式名称": "クリエイト薬局　長泉東中土狩店", "機関区分": 5, "都道府県コード": 22, "市区町村コード": 342, "所在地": "静岡県駿東郡長泉町中土狩５９ー１", "緯度": 35.13738, "経度": 138.909323, "url": "https://www.iryou.teikyouseido.mhlw.go.jp/znk-web/juminkanja/S2430/initialize?prefCd=22&kikanCd=7220305200&kikanKbn=5", "url2": "http://www.create-sd.co.jp/", "内容": "クリエイト薬局　長泉東中土狩店【5:薬局】静岡県駿東郡長泉町中土狩５９ー１" }, "geometry": { "type": "Point", "coordinates": [ 138.909323, 35.13738 ] } },
{ "type": "Feature", "properties": { "ID": "2257220305210", "正式名称": "クリエイト薬局三島南町店", "機関区分": 5, "都道府県コード": 22, "市区町村コード": 206, "所在地": "静岡県三島市南町１３ー６", "緯度": 35.11115, "経度": 138.913189, "url": "https://www.iryou.teikyouseido.mhlw.go.jp/znk-web/juminkanja/S2430/initialize?prefCd=22&kikanCd=7220305210&kikanKbn=5", "url2": "https://www.create-sd.co.jp/", "内容": "クリエイト薬局三島南町店【5:薬局】静岡県三島市南町１３ー６" }, "geometry": { "type": "Point", "coordinates": [ 138.913189, 35.11115 ] } },
{ "type": "Feature", "properties": { "ID": "2257220305220", "正式名称": "おひさま薬局三島文教町店", "機関区分": 5, "都道府県コード": 22, "市区町村コード": 206, "所在地": "静岡県三島市文教町２ー２ー１６", "緯度": 35.129234, "経度": 138.916705, "url": "https://www.iryou.teikyouseido.mhlw.go.jp/znk-web/juminkanja/S2430/initialize?prefCd=22&kikanCd=7220305220&kikanKbn=5", "url2": "https://ohisama-y.com/", "内容": "おひさま薬局三島文教町店【5:薬局】静岡県三島市文教町２ー２ー１６" }, "geometry": { "type": "Point", "coordinates": [ 138.916705, 35.129234 ] } },
{ "type": "Feature", "properties": { "ID": "2257220305230", "正式名称": "ウエルシア薬局沼津カタクラパーク店", "機関区分": 5, "都道府県コード": 22, "市区町村コード": 203, "所在地": "静岡県沼津市大岡１０２０ー１", "緯度": 35.106518, "経度": 138.877716, "url": "https://www.iryou.teikyouseido.mhlw.go.jp/znk-web/juminkanja/S2430/initialize?prefCd=22&kikanCd=7220305230&kikanKbn=5", "url2": null, "内容": "ウエルシア薬局沼津カタクラパーク店【5:薬局】静岡県沼津市大岡１０２０ー１" }, "geometry": { "type": "Point", "coordinates": [ 138.877716, 35.106518 ] } },
{ "type": "Feature", "properties": { "ID": "2257220305240", "正式名称": "どうにわ薬局", "機関区分": 5, "都道府県コード": 22, "市区町村コード": 341, "所在地": "静岡県駿東郡清水町堂庭８８ー８", "緯度": 35.102535, "経度": 138.904601, "url": "https://www.iryou.teikyouseido.mhlw.go.jp/znk-web/juminkanja/S2430/initialize?prefCd=22&kikanCd=7220305240&kikanKbn=5", "url2": "https://armeria-ph.com/", "内容": "どうにわ薬局【5:薬局】静岡県駿東郡清水町堂庭８８ー８" }, "geometry": { "type": "Point", "coordinates": [ 138.904601, 35.102535 ] } },
{ "type": "Feature", "properties": { "ID": "2257220305250", "正式名称": "クリエイト薬局沼津岡宮店", "機関区分": 5, "都道府県コード": 22, "市区町村コード": 203, "所在地": "静岡県沼津市岡宮１０２９－１", "緯度": 35.131012, "経度": 138.872732, "url": "https://www.iryou.teikyouseido.mhlw.go.jp/znk-web/juminkanja/S2430/initialize?prefCd=22&kikanCd=7220305250&kikanKbn=5", "url2": "https://www.create-sd.co.jp/", "内容": "クリエイト薬局沼津岡宮店【5:薬局】静岡県沼津市岡宮１０２９－１" }, "geometry": { "type": "Point", "coordinates": [ 138.872732, 35.131012 ] } },
{ "type": "Feature", "properties": { "ID": "2257220305260", "正式名称": "大嶋薬局", "機関区分": 5, "都道府県コード": 22, "市区町村コード": 203, "所在地": "静岡県沼津市西椎路９３－１０", "緯度": 35.127023, "経度": 138.824563, "url": "https://www.iryou.teikyouseido.mhlw.go.jp/znk-web/juminkanja/S2430/initialize?prefCd=22&kikanCd=7220305260&kikanKbn=5", "url2": null, "内容": "大嶋薬局【5:薬局】静岡県沼津市西椎路９３－１０" }, "geometry": { "type": "Point", "coordinates": [ 138.824563, 35.127023 ] } },
{ "type": "Feature", "properties": { "ID": "2257220305270", "正式名称": "薬局マツモトキヨシ　沼津学園通り店", "機関区分": 5, "都道府県コード": 22, "市区町村コード": 203, "所在地": "静岡県沼津市杉崎町１３番５０号", "緯度": 35.109275, "経度": 138.865924, "url": "https://www.iryou.teikyouseido.mhlw.go.jp/znk-web/juminkanja/S2430/initialize?prefCd=22&kikanCd=7220305270&kikanKbn=5", "url2": null, "内容": "薬局マツモトキヨシ　沼津学園通り店【5:薬局】静岡県沼津市杉崎町１３番５０号" }, "geometry": { "type": "Point", "coordinates": [ 138.865924, 35.109275 ] } },
{ "type": "Feature", "properties": { "ID": "2257220305280", "正式名称": "ウエルシア薬局裾野御宿店", "機関区分": 5, "都道府県コード": 22, "市区町村コード": 220, "所在地": "静岡県裾野市御宿１３４１‐１", "緯度": 35.211644, "経度": 138.908846, "url": "https://www.iryou.teikyouseido.mhlw.go.jp/znk-web/juminkanja/S2430/initialize?prefCd=22&kikanCd=7220305280&kikanKbn=5", "url2": "https://store.welcia.co.jp/welcia/spot/detail?code=7332D", "内容": "ウエルシア薬局裾野御宿店【5:薬局】静岡県裾野市御宿１３４１‐１" }, "geometry": { "type": "Point", "coordinates": [ 138.908846, 35.211644 ] } },
{ "type": "Feature", "properties": { "ID": "2257220305290", "正式名称": "クリエイト薬局長泉下土狩店", "機関区分": 5, "都道府県コード": 22, "市区町村コード": 342, "所在地": "静岡県駿東郡長泉町下土狩１０５１－１９", "緯度": 35.134575, "経度": 138.894028, "url": "https://www.iryou.teikyouseido.mhlw.go.jp/znk-web/juminkanja/S2430/initialize?prefCd=22&kikanCd=7220305290&kikanKbn=5", "url2": "https://www.create-sd.co.jp/", "内容": "クリエイト薬局長泉下土狩店【5:薬局】静岡県駿東郡長泉町下土狩１０５１－１９" }, "geometry": { "type": "Point", "coordinates": [ 138.894028, 35.134575 ] } },
{ "type": "Feature", "properties": { "ID": "2257220305300", "正式名称": "うさぎ薬局　中伊豆店", "機関区分": 5, "都道府県コード": 22, "市区町村コード": 222, "所在地": "静岡県伊豆市下白岩８５－１番地", "緯度": 34.970395, "経度": 138.971776, "url": "https://www.iryou.teikyouseido.mhlw.go.jp/znk-web/juminkanja/S2430/initialize?prefCd=22&kikanCd=7220305300&kikanKbn=5", "url2": "https://usagipharmacy.com", "内容": "うさぎ薬局　中伊豆店【5:薬局】静岡県伊豆市下白岩８５－１番地" }, "geometry": { "type": "Point", "coordinates": [ 138.971776, 34.970395 ] } },
{ "type": "Feature", "properties": { "ID": "2257220305310", "正式名称": "クスリのアオキ清水町伏見薬局", "機関区分": 5, "都道府県コード": 22, "市区町村コード": 341, "所在地": "静岡県駿東郡清水町伏見６３８番地の１", "緯度": 35.112335, "経度": 138.897441, "url": "https://www.iryou.teikyouseido.mhlw.go.jp/znk-web/juminkanja/S2430/initialize?prefCd=22&kikanCd=7220305310&kikanKbn=5", "url2": "https://www.kusuri-aoki.co.jp/", "内容": "クスリのアオキ清水町伏見薬局【5:薬局】静岡県駿東郡清水町伏見６３８番地の１" }, "geometry": { "type": "Point", "coordinates": [ 138.897441, 35.112335 ] } },
{ "type": "Feature", "properties": { "ID": "2257220305320", "正式名称": "こまどり薬局長泉店", "機関区分": 5, "都道府県コード": 22, "市区町村コード": 342, "所在地": "静岡県駿東郡長泉町中土狩８７４－１プリモ・ウェルズ", "緯度": 35.137617, "経度": 138.8994, "url": "https://www.iryou.teikyouseido.mhlw.go.jp/znk-web/juminkanja/S2430/initialize?prefCd=22&kikanCd=7220305320&kikanKbn=5", "url2": "https://wakka-inc.co.jp/", "内容": "こまどり薬局長泉店【5:薬局】静岡県駿東郡長泉町中土狩８７４－１プリモ・ウェルズ" }, "geometry": { "type": "Point", "coordinates": [ 138.8994, 35.137617 ] } },
{ "type": "Feature", "properties": { "ID": "2257220305340", "正式名称": "ファーマライズ薬局　沼津岡宮店", "機関区分": 5, "都道府県コード": 22, "市区町村コード": 203, "所在地": "静岡県沼津市岡宮字洞畑９９５番地１", "緯度": 35.132831, "経度": 138.870264, "url": "https://www.iryou.teikyouseido.mhlw.go.jp/znk-web/juminkanja/S2430/initialize?prefCd=22&kikanCd=7220305340&kikanKbn=5", "url2": "https://www.pharmarise.com/company/store/store.php?store_id=159", "内容": "ファーマライズ薬局　沼津岡宮店【5:薬局】静岡県沼津市岡宮字洞畑９９５番地１" }, "geometry": { "type": "Point", "coordinates": [ 138.870264, 35.132831 ] } },
{ "type": "Feature", "properties": { "ID": "2257220305350", "正式名称": "クリエイト薬局沼津新沢田店", "機関区分": 5, "都道府県コード": 22, "市区町村コード": 203, "所在地": "静岡県沼津市新沢田町１６－４８", "緯度": 35.118073, "経度": 138.85357, "url": "https://www.iryou.teikyouseido.mhlw.go.jp/znk-web/juminkanja/S2430/initialize?prefCd=22&kikanCd=7220305350&kikanKbn=5", "url2": "https://www.create-sd.co.jp/", "内容": "クリエイト薬局沼津新沢田店【5:薬局】静岡県沼津市新沢田町１６－４８" }, "geometry": { "type": "Point", "coordinates": [ 138.85357, 35.118073 ] } },
{ "type": "Feature", "properties": { "ID": "2257220305360", "正式名称": "いわなみ薬局", "機関区分": 5, "都道府県コード": 22, "市区町村コード": 220, "所在地": "静岡県裾野市岩波１０６－４", "緯度": 35.217837, "経度": 138.920263, "url": "https://www.iryou.teikyouseido.mhlw.go.jp/znk-web/juminkanja/S2430/initialize?prefCd=22&kikanCd=7220305360&kikanKbn=5", "url2": "http://www.harmonyfield.co.jp", "内容": "いわなみ薬局【5:薬局】静岡県裾野市岩波１０６－４" }, "geometry": { "type": "Point", "coordinates": [ 138.920263, 35.217837 ] } },
{ "type": "Feature", "properties": { "ID": "2257220305370", "正式名称": "クリエイト薬局伊豆長岡店", "機関区分": 5, "都道府県コード": 22, "市区町村コード": 225, "所在地": "静岡県伊豆の国市古奈１５２－３", "緯度": 35.032613, "経度": 138.940947, "url": "https://www.iryou.teikyouseido.mhlw.go.jp/znk-web/juminkanja/S2430/initialize?prefCd=22&kikanCd=7220305370&kikanKbn=5", "url2": "https://www.create-sd.co.jp/store/tabid/78/pdid/658/Default.aspx", "内容": "クリエイト薬局伊豆長岡店【5:薬局】静岡県伊豆の国市古奈１５２－３" }, "geometry": { "type": "Point", "coordinates": [ 138.940947, 35.032613 ] } },
{ "type": "Feature", "properties": { "ID": "2257220305380", "正式名称": "クリエイト薬局三島梅名店", "機関区分": 5, "都道府県コード": 22, "市区町村コード": 206, "所在地": "静岡県三島市梅名１０８－１", "緯度": 35.095383, "経度": 138.929495, "url": "https://www.iryou.teikyouseido.mhlw.go.jp/znk-web/juminkanja/S2430/initialize?prefCd=22&kikanCd=7220305380&kikanKbn=5", "url2": null, "内容": "クリエイト薬局三島梅名店【5:薬局】静岡県三島市梅名１０８－１" }, "geometry": { "type": "Point", "coordinates": [ 138.929495, 35.095383 ] } },
{ "type": "Feature", "properties": { "ID": "2257220305390", "正式名称": "クリエイト薬局沼津松長店", "機関区分": 5, "都道府県コード": 22, "市区町村コード": 203, "所在地": "静岡県沼津市松長７２３－１", "緯度": 35.120211, "経度": 138.820853, "url": "https://www.iryou.teikyouseido.mhlw.go.jp/znk-web/juminkanja/S2430/initialize?prefCd=22&kikanCd=7220305390&kikanKbn=5", "url2": "https://www.create-sd.co.jp/store/tabid/78/pdid/1392/Default.aspx", "内容": "クリエイト薬局沼津松長店【5:薬局】静岡県沼津市松長７２３－１" }, "geometry": { "type": "Point", "coordinates": [ 138.820853, 35.120211 ] } },
{ "type": "Feature", "properties": { "ID": "2257220305400", "正式名称": "クリエイト薬局清水町長沢店", "機関区分": 5, "都道府県コード": 22, "市区町村コード": 341, "所在地": "静岡県駿東郡清水町長沢９０－２", "緯度": 35.10726, "経度": 138.888747, "url": "https://www.iryou.teikyouseido.mhlw.go.jp/znk-web/juminkanja/S2430/initialize?prefCd=22&kikanCd=7220305400&kikanKbn=5", "url2": "https://www.create-sd.co.jp/store/tabid/78/pdid/1388/Default.aspx", "内容": "クリエイト薬局清水町長沢店【5:薬局】静岡県駿東郡清水町長沢９０－２" }, "geometry": { "type": "Point", "coordinates": [ 138.888747, 35.10726 ] } },
{ "type": "Feature", "properties": { "ID": "2257220305410", "正式名称": "こまどり薬局沼津香貫店", "機関区分": 5, "都道府県コード": 22, "市区町村コード": 203, "所在地": "静岡県沼津市下香貫石原１１８５－９", "緯度": 35.078606, "経度": 138.87134, "url": "https://www.iryou.teikyouseido.mhlw.go.jp/znk-web/juminkanja/S2430/initialize?prefCd=22&kikanCd=7220305410&kikanKbn=5", "url2": "https://wakka-inc.co.jp/company/", "内容": "こまどり薬局沼津香貫店【5:薬局】静岡県沼津市下香貫石原１１８５－９" }, "geometry": { "type": "Point", "coordinates": [ 138.87134, 35.078606 ] } },
{ "type": "Feature", "properties": { "ID": "2257220305420", "正式名称": "ウエルシア訪問薬局沼津", "機関区分": 5, "都道府県コード": 22, "市区町村コード": 203, "所在地": "静岡県沼津市宮前町４－５", "緯度": 35.123102, "経度": 138.873981, "url": "https://www.iryou.teikyouseido.mhlw.go.jp/znk-web/juminkanja/S2430/initialize?prefCd=22&kikanCd=7220305420&kikanKbn=5", "url2": "https://store.welcia.co.jp/welcia/spot/detail?code=3787D", "内容": "ウエルシア訪問薬局沼津【5:薬局】静岡県沼津市宮前町４－５" }, "geometry": { "type": "Point", "coordinates": [ 138.873981, 35.123102 ] } },
{ "type": "Feature", "properties": { "ID": "2257220305430", "正式名称": "緑ヶ丘薬局", "機関区分": 5, "都道府県コード": 22, "市区町村コード": 203, "所在地": "静岡県沼津市緑ケ丘１－２", "緯度": 35.1196, "経度": 138.872152, "url": "https://www.iryou.teikyouseido.mhlw.go.jp/znk-web/juminkanja/S2430/initialize?prefCd=22&kikanCd=7220305430&kikanKbn=5", "url2": null, "内容": "緑ヶ丘薬局【5:薬局】静岡県沼津市緑ケ丘１－２" }, "geometry": { "type": "Point", "coordinates": [ 138.872152, 35.1196 ] } },
{ "type": "Feature", "properties": { "ID": "2257220305440", "正式名称": "はるな薬局大手町店", "機関区分": 5, "都道府県コード": 22, "市区町村コード": 203, "所在地": "静岡県沼津市大手町５－１１－３ラピュタービル１階", "緯度": 35.10103, "経度": 138.857193, "url": "https://www.iryou.teikyouseido.mhlw.go.jp/znk-web/juminkanja/S2430/initialize?prefCd=22&kikanCd=7220305440&kikanKbn=5", "url2": null, "内容": "はるな薬局大手町店【5:薬局】静岡県沼津市大手町５－１１－３ラピュタービル１階" }, "geometry": { "type": "Point", "coordinates": [ 138.857193, 35.10103 ] } },
{ "type": "Feature", "properties": { "ID": "2257220305450", "正式名称": "アイン薬局　清水町徳倉店", "機関区分": 5, "都道府県コード": 22, "市区町村コード": 341, "所在地": "静岡県駿東郡清水町徳倉６１６－１ＭＥＤＩＣＡＬ　ＴＯＫＵＲＡ　１階", "緯度": 35.08322, "経度": 138.902353, "url": "https://www.iryou.teikyouseido.mhlw.go.jp/znk-web/juminkanja/S2430/initialize?prefCd=22&kikanCd=7220305450&kikanKbn=5", "url2": "https://store.ainj.co.jp/detail/1101698/", "内容": "アイン薬局　清水町徳倉店【5:薬局】静岡県駿東郡清水町徳倉６１６－１ＭＥＤＩＣＡＬ　ＴＯＫＵＲＡ　１階" }, "geometry": { "type": "Point", "coordinates": [ 138.902353, 35.08322 ] } },
{ "type": "Feature", "properties": { "ID": "2257220305460", "正式名称": "あおぞら薬局", "機関区分": 5, "都道府県コード": 22, "市区町村コード": 206, "所在地": "静岡県三島市緑町２０ー２２", "緯度": 35.115188, "経度": 138.912384, "url": "https://www.iryou.teikyouseido.mhlw.go.jp/znk-web/juminkanja/S2430/initialize?prefCd=22&kikanCd=7220305460&kikanKbn=5", "url2": "https://sites.google.com/aozorapham.com/title", "内容": "あおぞら薬局【5:薬局】静岡県三島市緑町２０ー２２" }, "geometry": { "type": "Point", "coordinates": [ 138.912384, 35.115188 ] } },
{ "type": "Feature", "properties": { "ID": "2257220305480", "正式名称": "クリエイト薬局三島谷田店", "機関区分": 5, "都道府県コード": 22, "市区町村コード": 206, "所在地": "静岡県三島市谷田１８６－１", "緯度": 35.119842, "経度": 138.928078, "url": "https://www.iryou.teikyouseido.mhlw.go.jp/znk-web/juminkanja/S2430/initialize?prefCd=22&kikanCd=7220305480&kikanKbn=5", "url2": null, "内容": "クリエイト薬局三島谷田店【5:薬局】静岡県三島市谷田１８６－１" }, "geometry": { "type": "Point", "coordinates": [ 138.928078, 35.119842 ] } },
{ "type": "Feature", "properties": { "ID": "2257220305490", "正式名称": "せせらぎ薬局", "機関区分": 5, "都道府県コード": 22, "市区町村コード": 206, "所在地": "静岡県三島市徳倉３－１４－３１", "緯度": 35.143668, "経度": 138.917478, "url": "https://www.iryou.teikyouseido.mhlw.go.jp/znk-web/juminkanja/S2430/initialize?prefCd=22&kikanCd=7220305490&kikanKbn=5", "url2": "https://sites.google.com/view/seseragi-ph/", "内容": "せせらぎ薬局【5:薬局】静岡県三島市徳倉３－１４－３１" }, "geometry": { "type": "Point", "coordinates": [ 138.917478, 35.143668 ] } },
{ "type": "Feature", "properties": { "ID": "2257220305500", "正式名称": "あすはれ薬局", "機関区分": 5, "都道府県コード": 22, "市区町村コード": 206, "所在地": "静岡県三島市谷田５９６－１", "緯度": 35.108481, "経度": 138.935325, "url": "https://www.iryou.teikyouseido.mhlw.go.jp/znk-web/juminkanja/S2430/initialize?prefCd=22&kikanCd=7220305500&kikanKbn=5", "url2": null, "内容": "あすはれ薬局【5:薬局】静岡県三島市谷田５９６－１" }, "geometry": { "type": "Point", "coordinates": [ 138.935325, 35.108481 ] } },
{ "type": "Feature", "properties": { "ID": "2257220305510", "正式名称": "ひだまり薬局", "機関区分": 5, "都道府県コード": 22, "市区町村コード": 342, "所在地": "静岡県駿東郡長泉町本宿２４９－６", "緯度": 35.123778, "経度": 138.889697, "url": "https://www.iryou.teikyouseido.mhlw.go.jp/znk-web/juminkanja/S2430/initialize?prefCd=22&kikanCd=7220305510&kikanKbn=5", "url2": null, "内容": "ひだまり薬局【5:薬局】静岡県駿東郡長泉町本宿２４９－６" }, "geometry": { "type": "Point", "coordinates": [ 138.889697, 35.123778 ] } },
{ "type": "Feature", "properties": { "ID": "2257220305520", "正式名称": "ひらまつ薬局", "機関区分": 5, "都道府県コード": 22, "市区町村コード": 203, "所在地": "静岡県沼津市石川１６０－２", "緯度": 35.14742, "経度": 138.778594, "url": "https://www.iryou.teikyouseido.mhlw.go.jp/znk-web/juminkanja/S2430/initialize?prefCd=22&kikanCd=7220305520&kikanKbn=5", "url2": "https:/www.luna-pharmacy.com/", "内容": "ひらまつ薬局【5:薬局】静岡県沼津市石川１６０－２" }, "geometry": { "type": "Point", "coordinates": [ 138.778594, 35.14742 ] } },
{ "type": "Feature", "properties": { "ID": "2257220305530", "正式名称": "はな・らぎ薬局", "機関区分": 5, "都道府県コード": 22, "市区町村コード": 203, "所在地": "静岡県沼津市本下一丁田８９０－９", "緯度": 35.094447, "経度": 138.851701, "url": "https://www.iryou.teikyouseido.mhlw.go.jp/znk-web/juminkanja/S2430/initialize?prefCd=22&kikanCd=7220305530&kikanKbn=5", "url2": null, "内容": "はな・らぎ薬局【5:薬局】静岡県沼津市本下一丁田８９０－９" }, "geometry": { "type": "Point", "coordinates": [ 138.851701, 35.094447 ] } },
{ "type": "Feature", "properties": { "ID": "2257220305550", "正式名称": "日本調剤沼津薬局", "機関区分": 5, "都道府県コード": 22, "市区町村コード": 203, "所在地": "静岡県沼津市本字下一丁田９０１－１０", "緯度": 35.095108, "経度": 138.85188, "url": "https://www.iryou.teikyouseido.mhlw.go.jp/znk-web/juminkanja/S2430/initialize?prefCd=22&kikanCd=7220305550&kikanKbn=5", "url2": "https://www.nicho.co.jp/tenpo/numazu/", "内容": "日本調剤沼津薬局【5:薬局】静岡県沼津市本字下一丁田９０１－１０" }, "geometry": { "type": "Point", "coordinates": [ 138.85188, 35.095108 ] } },
{ "type": "Feature", "properties": { "ID": "2257220400010", "正式名称": "有限会社あさひ薬局", "機関区分": 5, "都道府県コード": 22, "市区町村コード": 215, "所在地": "静岡県御殿場市新橋１７０７－１", "緯度": 35.298194, "経度": 138.935016, "url": "https://www.iryou.teikyouseido.mhlw.go.jp/znk-web/juminkanja/S2430/initialize?prefCd=22&kikanCd=7220400010&kikanKbn=5", "url2": null, "内容": "有限会社あさひ薬局【5:薬局】静岡県御殿場市新橋１７０７－１" }, "geometry": { "type": "Point", "coordinates": [ 138.935016, 35.298194 ] } },
{ "type": "Feature", "properties": { "ID": "2257220400020", "正式名称": "あゆざわ薬局", "機関区分": 5, "都道府県コード": 22, "市区町村コード": 215, "所在地": "静岡県御殿場市新橋６６１－１", "緯度": 35.300555, "経度": 138.943515, "url": "https://www.iryou.teikyouseido.mhlw.go.jp/znk-web/juminkanja/S2430/initialize?prefCd=22&kikanCd=7220400020&kikanKbn=5", "url2": "https://www.ayuzawa.jp/drugstore/", "内容": "あゆざわ薬局【5:薬局】静岡県御殿場市新橋６６１－１" }, "geometry": { "type": "Point", "coordinates": [ 138.943515, 35.300555 ] } },
{ "type": "Feature", "properties": { "ID": "2257220400030", "正式名称": "アリス薬局", "機関区分": 5, "都道府県コード": 22, "市区町村コード": 215, "所在地": "静岡県御殿場市東田中字原２０１７－４", "緯度": 35.284474, "経度": 138.943627, "url": "https://www.iryou.teikyouseido.mhlw.go.jp/znk-web/juminkanja/S2430/initialize?prefCd=22&kikanCd=7220400030&kikanKbn=5", "url2": "http://www.ars-group.jp/", "内容": "アリス薬局【5:薬局】静岡県御殿場市東田中字原２０１７－４" }, "geometry": { "type": "Point", "coordinates": [ 138.943627, 35.284474 ] } },
{ "type": "Feature", "properties": { "ID": "2257220400090", "正式名称": "小島薬局新橋店", "機関区分": 5, "都道府県コード": 22, "市区町村コード": 215, "所在地": "静岡県御殿場市新橋１９０８－４", "緯度": 35.299889, "経度": 138.937266, "url": "https://www.iryou.teikyouseido.mhlw.go.jp/znk-web/juminkanja/S2430/initialize?prefCd=22&kikanCd=7220400090&kikanKbn=5", "url2": "https://kojimayakkyoku.com/", "内容": "小島薬局新橋店【5:薬局】静岡県御殿場市新橋１９０８－４" }, "geometry": { "type": "Point", "coordinates": [ 138.937266, 35.299889 ] } },
{ "type": "Feature", "properties": { "ID": "2257220400110", "正式名称": "永井薬局", "機関区分": 5, "都道府県コード": 22, "市区町村コード": 215, "所在地": "静岡県御殿場市新橋２００１", "緯度": 35.301139, "経度": 138.932488, "url": "https://www.iryou.teikyouseido.mhlw.go.jp/znk-web/juminkanja/S2430/initialize?prefCd=22&kikanCd=7220400110&kikanKbn=5", "url2": null, "内容": "永井薬局【5:薬局】静岡県御殿場市新橋２００１" }, "geometry": { "type": "Point", "coordinates": [ 138.932488, 35.301139 ] } },
{ "type": "Feature", "properties": { "ID": "2257220400170", "正式名称": "ハラ薬局", "機関区分": 5, "都道府県コード": 22, "市区町村コード": 215, "所在地": "静岡県御殿場市二枚橋４０－１", "緯度": 35.30411, "経度": 138.935016, "url": "https://www.iryou.teikyouseido.mhlw.go.jp/znk-web/juminkanja/S2430/initialize?prefCd=22&kikanCd=7220400170&kikanKbn=5", "url2": null, "内容": "ハラ薬局【5:薬局】静岡県御殿場市二枚橋４０－１" }, "geometry": { "type": "Point", "coordinates": [ 138.935016, 35.30411 ] } },
{ "type": "Feature", "properties": { "ID": "2257220400180", "正式名称": "東口薬局", "機関区分": 5, "都道府県コード": 22, "市区町村コード": 215, "所在地": "静岡県御殿場市新橋１９３５－９", "緯度": 35.300278, "経度": 138.936488, "url": "https://www.iryou.teikyouseido.mhlw.go.jp/znk-web/juminkanja/S2430/initialize?prefCd=22&kikanCd=7220400180&kikanKbn=5", "url2": null, "内容": "東口薬局【5:薬局】静岡県御殿場市新橋１９３５－９" }, "geometry": { "type": "Point", "coordinates": [ 138.936488, 35.300278 ] } },
{ "type": "Feature", "properties": { "ID": "2257220400260", "正式名称": "有限会社愛生堂薬局", "機関区分": 5, "都道府県コード": 22, "市区町村コード": 215, "所在地": "静岡県御殿場市六日市場３９番地", "緯度": 35.331691, "経度": 138.943153, "url": "https://www.iryou.teikyouseido.mhlw.go.jp/znk-web/juminkanja/S2430/initialize?prefCd=22&kikanCd=7220400260&kikanKbn=5", "url2": null, "内容": "有限会社愛生堂薬局【5:薬局】静岡県御殿場市六日市場３９番地" }, "geometry": { "type": "Point", "coordinates": [ 138.943153, 35.331691 ] } },
{ "type": "Feature", "properties": { "ID": "2257220400280", "正式名称": "有限会社土屋薬局", "機関区分": 5, "都道府県コード": 22, "市区町村コード": 215, "所在地": "静岡県御殿場市新橋１６１８－１", "緯度": 35.29675, "経度": 138.93771, "url": "https://www.iryou.teikyouseido.mhlw.go.jp/znk-web/juminkanja/S2430/initialize?prefCd=22&kikanCd=7220400280&kikanKbn=5", "url2": null, "内容": "有限会社土屋薬局【5:薬局】静岡県御殿場市新橋１６１８－１" }, "geometry": { "type": "Point", "coordinates": [ 138.93771, 35.29675 ] } },
{ "type": "Feature", "properties": { "ID": "2257220400300", "正式名称": "おやま薬局", "機関区分": 5, "都道府県コード": 22, "市区町村コード": 344, "所在地": "静岡県駿東郡小山町用沢４６８－１", "緯度": 35.35005, "経度": 138.944291, "url": "https://www.iryou.teikyouseido.mhlw.go.jp/znk-web/juminkanja/S2430/initialize?prefCd=22&kikanCd=7220400300&kikanKbn=5", "url2": "http://www.ayuzawa.jp/", "内容": "おやま薬局【5:薬局】静岡県駿東郡小山町用沢４６８－１" }, "geometry": { "type": "Point", "coordinates": [ 138.944291, 35.35005 ] } },
{ "type": "Feature", "properties": { "ID": "2257220400310", "正式名称": "すがぬま薬局", "機関区分": 5, "都道府県コード": 22, "市区町村コード": 344, "所在地": "静岡県駿東郡小山町菅沼７２３－４", "緯度": 35.354023, "経度": 138.977843, "url": "https://www.iryou.teikyouseido.mhlw.go.jp/znk-web/juminkanja/S2430/initialize?prefCd=22&kikanCd=7220400310&kikanKbn=5", "url2": "https://www.facebook.com/suganumayakkyoku", "内容": "すがぬま薬局【5:薬局】静岡県駿東郡小山町菅沼７２３－４" }, "geometry": { "type": "Point", "coordinates": [ 138.977843, 35.354023 ] } },
{ "type": "Feature", "properties": { "ID": "2257220400330", "正式名称": "せりざわ薬局", "機関区分": 5, "都道府県コード": 22, "市区町村コード": 344, "所在地": "静岡県駿東郡小山町藤曲５４ー９０", "緯度": 35.360466, "経度": 138.987564, "url": "https://www.iryou.teikyouseido.mhlw.go.jp/znk-web/juminkanja/S2430/initialize?prefCd=22&kikanCd=7220400330&kikanKbn=5", "url2": null, "内容": "せりざわ薬局【5:薬局】静岡県駿東郡小山町藤曲５４ー９０" }, "geometry": { "type": "Point", "coordinates": [ 138.987564, 35.360466 ] } },
{ "type": "Feature", "properties": { "ID": "2257220400440", "正式名称": "ニイハシ薬局", "機関区分": 5, "都道府県コード": 22, "市区町村コード": 215, "所在地": "静岡県御殿場市萩原１１４２－７", "緯度": 35.293867, "経度": 138.933382, "url": "https://www.iryou.teikyouseido.mhlw.go.jp/znk-web/juminkanja/S2430/initialize?prefCd=22&kikanCd=7220400440&kikanKbn=5", "url2": null, "内容": "ニイハシ薬局【5:薬局】静岡県御殿場市萩原１１４２－７" }, "geometry": { "type": "Point", "coordinates": [ 138.933382, 35.293867 ] } },
{ "type": "Feature", "properties": { "ID": "2257220400500", "正式名称": "あしがら薬局", "機関区分": 5, "都道府県コード": 22, "市区町村コード": 344, "所在地": "静岡県駿東郡小山町竹之下１３１２－２", "緯度": 35.333261, "経度": 138.98072, "url": "https://www.iryou.teikyouseido.mhlw.go.jp/znk-web/juminkanja/S2430/initialize?prefCd=22&kikanCd=7220400500&kikanKbn=5", "url2": "http://www.ars-group.jp", "内容": "あしがら薬局【5:薬局】静岡県駿東郡小山町竹之下１３１２－２" }, "geometry": { "type": "Point", "coordinates": [ 138.98072, 35.333261 ] } },
{ "type": "Feature", "properties": { "ID": "2257220400510", "正式名称": "有限会社あさひ薬局川島田店", "機関区分": 5, "都道府県コード": 22, "市区町村コード": 215, "所在地": "静岡県御殿場市川島田１５６１－３", "緯度": 35.299592, "経度": 138.91852, "url": "https://www.iryou.teikyouseido.mhlw.go.jp/znk-web/juminkanja/S2430/initialize?prefCd=22&kikanCd=7220400510&kikanKbn=5", "url2": null, "内容": "有限会社あさひ薬局川島田店【5:薬局】静岡県御殿場市川島田１５６１－３" }, "geometry": { "type": "Point", "coordinates": [ 138.91852, 35.299592 ] } },
{ "type": "Feature", "properties": { "ID": "2257220400520", "正式名称": "アリス薬局下宿店", "機関区分": 5, "都道府県コード": 22, "市区町村コード": 215, "所在地": "静岡県御殿場市御殿場４１０－１３", "緯度": 35.319273, "経度": 138.948532, "url": "https://www.iryou.teikyouseido.mhlw.go.jp/znk-web/juminkanja/S2430/initialize?prefCd=22&kikanCd=7220400520&kikanKbn=5", "url2": "http://www.ars-group.jp/", "内容": "アリス薬局下宿店【5:薬局】静岡県御殿場市御殿場４１０－１３" }, "geometry": { "type": "Point", "coordinates": [ 138.948532, 35.319273 ] } },
{ "type": "Feature", "properties": { "ID": "2257220400530", "正式名称": "はらさと薬局", "機関区分": 5, "都道府県コード": 22, "市区町村コード": 215, "所在地": "静岡県御殿場市川島田１８６２－１", "緯度": 35.306386, "経度": 138.90712, "url": "https://www.iryou.teikyouseido.mhlw.go.jp/znk-web/juminkanja/S2430/initialize?prefCd=22&kikanCd=7220400530&kikanKbn=5", "url2": null, "内容": "はらさと薬局【5:薬局】静岡県御殿場市川島田１８６２－１" }, "geometry": { "type": "Point", "coordinates": [ 138.90712, 35.306386 ] } },
{ "type": "Feature", "properties": { "ID": "2257220400570", "正式名称": "あおい薬局", "機関区分": 5, "都道府県コード": 22, "市区町村コード": 215, "所在地": "静岡県御殿場市富士見原１－１－２", "緯度": 35.238837, "経度": 138.914141, "url": "https://www.iryou.teikyouseido.mhlw.go.jp/znk-web/juminkanja/S2430/initialize?prefCd=22&kikanCd=7220400570&kikanKbn=5", "url2": "http://www.eko-group.jp", "内容": "あおい薬局【5:薬局】静岡県御殿場市富士見原１－１－２" }, "geometry": { "type": "Point", "coordinates": [ 138.914141, 35.238837 ] } },
{ "type": "Feature", "properties": { "ID": "2257220400580", "正式名称": "ケンコー薬局", "機関区分": 5, "都道府県コード": 22, "市区町村コード": 215, "所在地": "静岡県御殿場市東田中８４４－５　石川ビル１Ｆ", "緯度": 35.303875, "経度": 138.934785, "url": "https://www.iryou.teikyouseido.mhlw.go.jp/znk-web/juminkanja/S2430/initialize?prefCd=22&kikanCd=7220400580&kikanKbn=5", "url2": null, "内容": "ケンコー薬局【5:薬局】静岡県御殿場市東田中８４４－５　石川ビル１Ｆ" }, "geometry": { "type": "Point", "coordinates": [ 138.934785, 35.303875 ] } },
{ "type": "Feature", "properties": { "ID": "2257220400590", "正式名称": "ウエルシア薬局御殿場二枚橋店", "機関区分": 5, "都道府県コード": 22, "市区町村コード": 215, "所在地": "静岡県御殿場市二枚橋２５３－３", "緯度": 35.309326, "経度": 138.938205, "url": "https://www.iryou.teikyouseido.mhlw.go.jp/znk-web/juminkanja/S2430/initialize?prefCd=22&kikanCd=7220400590&kikanKbn=5", "url2": "http://www.welcia-yakkyoku.co.jp/", "内容": "ウエルシア薬局御殿場二枚橋店【5:薬局】静岡県御殿場市二枚橋２５３－３" }, "geometry": { "type": "Point", "coordinates": [ 138.938205, 35.309326 ] } },
{ "type": "Feature", "properties": { "ID": "2257220400620", "正式名称": "ウエルシア薬局御殿場川島田店", "機関区分": 5, "都道府県コード": 22, "市区町村コード": 215, "所在地": "静岡県御殿場市川島田４０５－１", "緯度": 35.297883, "経度": 138.930054, "url": "https://www.iryou.teikyouseido.mhlw.go.jp/znk-web/juminkanja/S2430/initialize?prefCd=22&kikanCd=7220400620&kikanKbn=5", "url2": null, "内容": "ウエルシア薬局御殿場川島田店【5:薬局】静岡県御殿場市川島田４０５－１" }, "geometry": { "type": "Point", "coordinates": [ 138.930054, 35.297883 ] } },
{ "type": "Feature", "properties": { "ID": "2257220400640", "正式名称": "サト薬局御殿場駅南店", "機関区分": 5, "都道府県コード": 22, "市区町村コード": 215, "所在地": "静岡県御殿場市新橋１７０４－４ＭＳビル１階２号室", "緯度": 35.297897, "経度": 138.935653, "url": "https://www.iryou.teikyouseido.mhlw.go.jp/znk-web/juminkanja/S2430/initialize?prefCd=22&kikanCd=7220400640&kikanKbn=5", "url2": null, "内容": "サト薬局御殿場駅南店【5:薬局】静岡県御殿場市新橋１７０４－４ＭＳビル１階２号室" }, "geometry": { "type": "Point", "coordinates": [ 138.935653, 35.297897 ] } },
{ "type": "Feature", "properties": { "ID": "2257220400650", "正式名称": "アリス薬局八幡通り店", "機関区分": 5, "都道府県コード": 22, "市区町村コード": 215, "所在地": "静岡県御殿場市北久原６１７－２３", "緯度": 35.313096, "経度": 138.938177, "url": "https://www.iryou.teikyouseido.mhlw.go.jp/znk-web/juminkanja/S2430/initialize?prefCd=22&kikanCd=7220400650&kikanKbn=5", "url2": "https://oldwin.site/", "内容": "アリス薬局八幡通り店【5:薬局】静岡県御殿場市北久原６１７－２３" }, "geometry": { "type": "Point", "coordinates": [ 138.938177, 35.313096 ] } },
{ "type": "Feature", "properties": { "ID": "2257220400670", "正式名称": "ウエルシア薬局御殿場富士岡店", "機関区分": 5, "都道府県コード": 22, "市区町村コード": 215, "所在地": "静岡県御殿場市大坂４８８", "緯度": 35.250824, "経度": 138.921604, "url": "https://www.iryou.teikyouseido.mhlw.go.jp/znk-web/juminkanja/S2430/initialize?prefCd=22&kikanCd=7220400670&kikanKbn=5", "url2": "https://store.welcia.co.jp/welcia/spot/detail?code=2186D", "内容": "ウエルシア薬局御殿場富士岡店【5:薬局】静岡県御殿場市大坂４８８" }, "geometry": { "type": "Point", "coordinates": [ 138.921604, 35.250824 ] } },
{ "type": "Feature", "properties": { "ID": "2257220400680", "正式名称": "ウエルシア薬局御殿場新橋店", "機関区分": 5, "都道府県コード": 22, "市区町村コード": 215, "所在地": "静岡県御殿場市新橋１９１７－１", "緯度": 35.300077, "経度": 138.937775, "url": "https://www.iryou.teikyouseido.mhlw.go.jp/znk-web/juminkanja/S2430/initialize?prefCd=22&kikanCd=7220400680&kikanKbn=5", "url2": "http://www.welcia-yakkyoku.co.jp", "内容": "ウエルシア薬局御殿場新橋店【5:薬局】静岡県御殿場市新橋１９１７－１" }, "geometry": { "type": "Point", "coordinates": [ 138.937775, 35.300077 ] } },
{ "type": "Feature", "properties": { "ID": "2257220400690", "正式名称": "くるみ薬局神山店", "機関区分": 5, "都道府県コード": 22, "市区町村コード": 215, "所在地": "静岡県御殿場市神山８６５－１４", "緯度": 35.227978, "経度": 138.920088, "url": "https://www.iryou.teikyouseido.mhlw.go.jp/znk-web/juminkanja/S2430/initialize?prefCd=22&kikanCd=7220400690&kikanKbn=5", "url2": null, "内容": "くるみ薬局神山店【5:薬局】静岡県御殿場市神山８６５－１４" }, "geometry": { "type": "Point", "coordinates": [ 138.920088, 35.227978 ] } },
{ "type": "Feature", "properties": { "ID": "2257220400700", "正式名称": "神山薬局", "機関区分": 5, "都道府県コード": 22, "市区町村コード": 215, "所在地": "静岡県御殿場市神山１１７１－４", "緯度": 35.226795, "経度": 138.918838, "url": "https://www.iryou.teikyouseido.mhlw.go.jp/znk-web/juminkanja/S2430/initialize?prefCd=22&kikanCd=7220400700&kikanKbn=5", "url2": null, "内容": "神山薬局【5:薬局】静岡県御殿場市神山１１７１－４" }, "geometry": { "type": "Point", "coordinates": [ 138.918838, 35.226795 ] } },
{ "type": "Feature", "properties": { "ID": "2257220400710", "正式名称": "ウエルシア薬局御殿場西店", "機関区分": 5, "都道府県コード": 22, "市区町村コード": 215, "所在地": "静岡県御殿場市萩原１０１２番地の１７", "緯度": 35.31035, "経度": 138.905245, "url": "https://www.iryou.teikyouseido.mhlw.go.jp/znk-web/juminkanja/S2430/initialize?prefCd=22&kikanCd=7220400710&kikanKbn=5", "url2": null, "内容": "ウエルシア薬局御殿場西店【5:薬局】静岡県御殿場市萩原１０１２番地の１７" }, "geometry": { "type": "Point", "coordinates": [ 138.905245, 35.31035 ] } },
{ "type": "Feature", "properties": { "ID": "2257220400730", "正式名称": "ファーマライズ薬局ぐみ沢店", "機関区分": 5, "都道府県コード": 22, "市区町村コード": 215, "所在地": "静岡県御殿場市茱萸沢１１４３－５", "緯度": 35.305815, "経度": 138.920097, "url": "https://www.iryou.teikyouseido.mhlw.go.jp/znk-web/juminkanja/S2430/initialize?prefCd=22&kikanCd=7220400730&kikanKbn=5", "url2": "https://www.pharmarise.com/company/store/store.php?store_id=140", "内容": "ファーマライズ薬局ぐみ沢店【5:薬局】静岡県御殿場市茱萸沢１１４３－５" }, "geometry": { "type": "Point", "coordinates": [ 138.920097, 35.305815 ] } },
{ "type": "Feature", "properties": { "ID": "2257220400740", "正式名称": "ウエルシア薬局御殿場ぐみ沢店", "機関区分": 5, "都道府県コード": 22, "市区町村コード": 215, "所在地": "静岡県御殿場市茱萸沢１３１７－１", "緯度": 35.304652, "経度": 138.925714, "url": "https://www.iryou.teikyouseido.mhlw.go.jp/znk-web/juminkanja/S2430/initialize?prefCd=22&kikanCd=7220400740&kikanKbn=5", "url2": "https://store.welcia.co.jp/welcia/spot/detail?code=2069D", "内容": "ウエルシア薬局御殿場ぐみ沢店【5:薬局】静岡県御殿場市茱萸沢１３１７－１" }, "geometry": { "type": "Point", "coordinates": [ 138.925714, 35.304652 ] } },
{ "type": "Feature", "properties": { "ID": "2257220400750", "正式名称": "ウエルシア薬局御殿場東田中店", "機関区分": 5, "都道府県コード": 22, "市区町村コード": 215, "所在地": "静岡県御殿場市東田中２－１４－３", "緯度": 35.303636, "経度": 138.942287, "url": "https://www.iryou.teikyouseido.mhlw.go.jp/znk-web/juminkanja/S2430/initialize?prefCd=22&kikanCd=7220400750&kikanKbn=5", "url2": "https://stores.welcia.co.jp/2155D", "内容": "ウエルシア薬局御殿場東田中店【5:薬局】静岡県御殿場市東田中２－１４－３" }, "geometry": { "type": "Point", "coordinates": [ 138.942287, 35.303636 ] } },
{ "type": "Feature", "properties": { "ID": "2257220400770", "正式名称": "ふれあい玉穂薬局", "機関区分": 5, "都道府県コード": 22, "市区町村コード": 215, "所在地": "静岡県御殿場市茱萸沢７７１－１", "緯度": 35.313028, "経度": 138.908657, "url": "https://www.iryou.teikyouseido.mhlw.go.jp/znk-web/juminkanja/S2430/initialize?prefCd=22&kikanCd=7220400770&kikanKbn=5", "url2": null, "内容": "ふれあい玉穂薬局【5:薬局】静岡県御殿場市茱萸沢７７１－１" }, "geometry": { "type": "Point", "coordinates": [ 138.908657, 35.313028 ] } },
{ "type": "Feature", "properties": { "ID": "2257220400780", "正式名称": "セイムス新橋薬局", "機関区分": 5, "都道府県コード": 22, "市区町村コード": 215, "所在地": "静岡県御殿場市新橋１７８３－１", "緯度": 35.298398, "経度": 138.93533, "url": "https://www.iryou.teikyouseido.mhlw.go.jp/znk-web/juminkanja/S2430/initialize?prefCd=22&kikanCd=7220400780&kikanKbn=5", "url2": null, "内容": "セイムス新橋薬局【5:薬局】静岡県御殿場市新橋１７８３－１" }, "geometry": { "type": "Point", "coordinates": [ 138.93533, 35.298398 ] } },
{ "type": "Feature", "properties": { "ID": "2257220400790", "正式名称": "あかり薬局", "機関区分": 5, "都道府県コード": 22, "市区町村コード": 215, "所在地": "静岡県御殿場市杉名沢５１３－１", "緯度": 35.288244, "経度": 138.920251, "url": "https://www.iryou.teikyouseido.mhlw.go.jp/znk-web/juminkanja/S2430/initialize?prefCd=22&kikanCd=7220400790&kikanKbn=5", "url2": null, "内容": "あかり薬局【5:薬局】静岡県御殿場市杉名沢５１３－１" }, "geometry": { "type": "Point", "coordinates": [ 138.920251, 35.288244 ] } },
{ "type": "Feature", "properties": { "ID": "2257220400810", "正式名称": "クリエイト薬局御殿場永原店", "機関区分": 5, "都道府県コード": 22, "市区町村コード": 215, "所在地": "静岡県御殿場市萩原１２９４－７", "緯度": 35.294383, "経度": 138.928797, "url": "https://www.iryou.teikyouseido.mhlw.go.jp/znk-web/juminkanja/S2430/initialize?prefCd=22&kikanCd=7220400810&kikanKbn=5", "url2": "https://www.create-sd.co.jp/store/tabid/78/pdid/1294/Default.aspx", "内容": "クリエイト薬局御殿場永原店【5:薬局】静岡県御殿場市萩原１２９４－７" }, "geometry": { "type": "Point", "coordinates": [ 138.928797, 35.294383 ] } },
{ "type": "Feature", "properties": { "ID": "2257220400820", "正式名称": "みなみ薬局", "機関区分": 5, "都道府県コード": 22, "市区町村コード": 215, "所在地": "静岡県御殿場市新橋１７８６－３", "緯度": 35.298136, "経度": 138.935732, "url": "https://www.iryou.teikyouseido.mhlw.go.jp/znk-web/juminkanja/S2430/initialize?prefCd=22&kikanCd=7220400820&kikanKbn=5", "url2": "https://www.pharmarise.com/company/store/store.php?store_id=301", "内容": "みなみ薬局【5:薬局】静岡県御殿場市新橋１７８６－３" }, "geometry": { "type": "Point", "coordinates": [ 138.935732, 35.298136 ] } },
{ "type": "Feature", "properties": { "ID": "2257220400830", "正式名称": "かまど薬局", "機関区分": 5, "都道府県コード": 22, "市区町村コード": 215, "所在地": "静岡県御殿場市竈６５９－１１", "緯度": 35.278867, "経度": 138.924801, "url": "https://www.iryou.teikyouseido.mhlw.go.jp/znk-web/juminkanja/S2430/initialize?prefCd=22&kikanCd=7220400830&kikanKbn=5", "url2": "https://www.marinegroup.jp/detail/%e3%81%8b%e3%81%be%e3%81%a9%e8%96%ac%e5%b1%80/", "内容": "かまど薬局【5:薬局】静岡県御殿場市竈６５９－１１" }, "geometry": { "type": "Point", "coordinates": [ 138.924801, 35.278867 ] } },
{ "type": "Feature", "properties": { "ID": "2257220400840", "正式名称": "クリエイト薬局御殿場新橋店", "機関区分": 5, "都道府県コード": 22, "市区町村コード": 215, "所在地": "静岡県御殿場市新橋７４０－１", "緯度": 35.298387, "経度": 138.940692, "url": "https://www.iryou.teikyouseido.mhlw.go.jp/znk-web/juminkanja/S2430/initialize?prefCd=22&kikanCd=7220400840&kikanKbn=5", "url2": null, "内容": "クリエイト薬局御殿場新橋店【5:薬局】静岡県御殿場市新橋７４０－１" }, "geometry": { "type": "Point", "coordinates": [ 138.940692, 35.298387 ] } },
{ "type": "Feature", "properties": { "ID": "2257220500010", "正式名称": "あおい薬局", "機関区分": 5, "都道府県コード": 22, "市区町村コード": 210, "所在地": "静岡県富士市今泉２０２２－２５", "緯度": 35.171981, "経度": 138.690737, "url": "https://www.iryou.teikyouseido.mhlw.go.jp/znk-web/juminkanja/S2430/initialize?prefCd=22&kikanCd=7220500010&kikanKbn=5", "url2": null, "内容": "あおい薬局【5:薬局】静岡県富士市今泉２０２２－２５" }, "geometry": { "type": "Point", "coordinates": [ 138.690737, 35.171981 ] } },
{ "type": "Feature", "properties": { "ID": "2257220500020", "正式名称": "青葉薬局", "機関区分": 5, "都道府県コード": 22, "市区町村コード": 210, "所在地": "静岡県富士市青葉町５３－２", "緯度": 35.159871, "経度": 138.663545, "url": "https://www.iryou.teikyouseido.mhlw.go.jp/znk-web/juminkanja/S2430/initialize?prefCd=22&kikanCd=7220500020&kikanKbn=5", "url2": null, "内容": "青葉薬局【5:薬局】静岡県富士市青葉町５３－２" }, "geometry": { "type": "Point", "coordinates": [ 138.663545, 35.159871 ] } },
{ "type": "Feature", "properties": { "ID": "2257220500040", "正式名称": "厚原薬局", "機関区分": 5, "都道府県コード": 22, "市区町村コード": 210, "所在地": "静岡県富士市厚原５９４－１４", "緯度": 35.185563, "経度": 138.661155, "url": "https://www.iryou.teikyouseido.mhlw.go.jp/znk-web/juminkanja/S2430/initialize?prefCd=22&kikanCd=7220500040&kikanKbn=5", "url2": "http://atuhara-ph.com/", "内容": "厚原薬局【5:薬局】静岡県富士市厚原５９４－１４" }, "geometry": { "type": "Point", "coordinates": [ 138.661155, 35.185563 ] } },
{ "type": "Feature", "properties": { "ID": "2257220500050", "正式名称": "アリス薬局", "機関区分": 5, "都道府県コード": 22, "市区町村コード": 210, "所在地": "静岡県富士市南松野２６８４－７", "緯度": 35.184859, "経度": 138.600385, "url": "https://www.iryou.teikyouseido.mhlw.go.jp/znk-web/juminkanja/S2430/initialize?prefCd=22&kikanCd=7220500050&kikanKbn=5", "url2": "http://www.ars-group.jp/", "内容": "アリス薬局【5:薬局】静岡県富士市南松野２６８４－７" }, "geometry": { "type": "Point", "coordinates": [ 138.600385, 35.184859 ] } },
{ "type": "Feature", "properties": { "ID": "2257220500130", "正式名称": "稲垣薬局", "機関区分": 5, "都道府県コード": 22, "市区町村コード": 210, "所在地": "静岡県富士市鷹岡本町７の１７", "緯度": 35.186035, "経度": 138.646379, "url": "https://www.iryou.teikyouseido.mhlw.go.jp/znk-web/juminkanja/S2430/initialize?prefCd=22&kikanCd=7220500130&kikanKbn=5", "url2": null, "内容": "稲垣薬局【5:薬局】静岡県富士市鷹岡本町７の１７" }, "geometry": { "type": "Point", "coordinates": [ 138.646379, 35.186035 ] } },
{ "type": "Feature", "properties": { "ID": "2257220500140", "正式名称": "いわまつ薬局", "機関区分": 5, "都道府県コード": 22, "市区町村コード": 210, "所在地": "静岡県富士市松岡４９１－１０", "緯度": 35.165759, "経度": 138.639047, "url": "https://www.iryou.teikyouseido.mhlw.go.jp/znk-web/juminkanja/S2430/initialize?prefCd=22&kikanCd=7220500140&kikanKbn=5", "url2": null, "内容": "いわまつ薬局【5:薬局】静岡県富士市松岡４９１－１０" }, "geometry": { "type": "Point", "coordinates": [ 138.639047, 35.165759 ] } },
{ "type": "Feature", "properties": { "ID": "2257220500150", "正式名称": "慧光薬局", "機関区分": 5, "都道府県コード": 22, "市区町村コード": 210, "所在地": "静岡県富士市広見東本町１３－７", "緯度": 35.186258, "経度": 138.689292, "url": "https://www.iryou.teikyouseido.mhlw.go.jp/znk-web/juminkanja/S2430/initialize?prefCd=22&kikanCd=7220500150&kikanKbn=5", "url2": "https://ekou-group.jp/index.html", "内容": "慧光薬局【5:薬局】静岡県富士市広見東本町１３－７" }, "geometry": { "type": "Point", "coordinates": [ 138.689292, 35.186258 ] } },
{ "type": "Feature", "properties": { "ID": "2257220500180", "正式名称": "丘薬局", "機関区分": 5, "都道府県コード": 22, "市区町村コード": 210, "所在地": "静岡県富士市厚原１２４４－１", "緯度": 35.19059, "経度": 138.66221, "url": "https://www.iryou.teikyouseido.mhlw.go.jp/znk-web/juminkanja/S2430/initialize?prefCd=22&kikanCd=7220500180&kikanKbn=5", "url2": "http://www.fujiyaku.net/", "内容": "丘薬局【5:薬局】静岡県富士市厚原１２４４－１" }, "geometry": { "type": "Point", "coordinates": [ 138.66221, 35.19059 ] } },
{ "type": "Feature", "properties": { "ID": "2257220500210", "正式名称": "株式会社フジイチ薬局", "機関区分": 5, "都道府県コード": 22, "市区町村コード": 210, "所在地": "静岡県富士市吉原２丁目７番１０号", "緯度": 35.163149, "経度": 138.686932, "url": "https://www.iryou.teikyouseido.mhlw.go.jp/znk-web/juminkanja/S2430/initialize?prefCd=22&kikanCd=7220500210&kikanKbn=5", "url2": "http://fujiichi-inc.com/", "内容": "株式会社フジイチ薬局【5:薬局】静岡県富士市吉原２丁目７番１０号" }, "geometry": { "type": "Point", "coordinates": [ 138.686932, 35.163149 ] } },
{ "type": "Feature", "properties": { "ID": "2257220500220", "正式名称": "株式会社フジイチ薬局中野店", "機関区分": 5, "都道府県コード": 22, "市区町村コード": 210, "所在地": "静岡県富士市中野５０５－２", "緯度": 35.191174, "経度": 138.682625, "url": "https://www.iryou.teikyouseido.mhlw.go.jp/znk-web/juminkanja/S2430/initialize?prefCd=22&kikanCd=7220500220&kikanKbn=5", "url2": "http://fujiichi-inc.com", "内容": "株式会社フジイチ薬局中野店【5:薬局】静岡県富士市中野５０５－２" }, "geometry": { "type": "Point", "coordinates": [ 138.682625, 35.191174 ] } },
{ "type": "Feature", "properties": { "ID": "2257220500230", "正式名称": "株式会社フジイチ薬局比奈店", "機関区分": 5, "都道府県コード": 22, "市区町村コード": 210, "所在地": "静岡県富士市比奈４７－３", "緯度": 35.164788, "経度": 138.725567, "url": "https://www.iryou.teikyouseido.mhlw.go.jp/znk-web/juminkanja/S2430/initialize?prefCd=22&kikanCd=7220500230&kikanKbn=5", "url2": "https://www.fujiichi-inc.com", "内容": "株式会社フジイチ薬局比奈店【5:薬局】静岡県富士市比奈４７－３" }, "geometry": { "type": "Point", "coordinates": [ 138.725567, 35.164788 ] } },
{ "type": "Feature", "properties": { "ID": "2257220500260", "正式名称": "くにくぼ薬局", "機関区分": 5, "都道府県コード": 22, "市区町村コード": 210, "所在地": "静岡県富士市国久保２－７－１０", "緯度": 35.170704, "経度": 138.681293, "url": "https://www.iryou.teikyouseido.mhlw.go.jp/znk-web/juminkanja/S2430/initialize?prefCd=22&kikanCd=7220500260&kikanKbn=5", "url2": "https://yakushin-gr.com/store-information/kunikubo-pharmacy/", "内容": "くにくぼ薬局【5:薬局】静岡県富士市国久保２－７－１０" }, "geometry": { "type": "Point", "coordinates": [ 138.681293, 35.170704 ] } },
{ "type": "Feature", "properties": { "ID": "2257220500280", "正式名称": "株式会社近藤薬局", "機関区分": 5, "都道府県コード": 22, "市区町村コード": 210, "所在地": "静岡県富士市吉原２丁目８－２１", "緯度": 35.162788, "経度": 138.687404, "url": "https://www.iryou.teikyouseido.mhlw.go.jp/znk-web/juminkanja/S2430/initialize?prefCd=22&kikanCd=7220500280&kikanKbn=5", "url2": "www.drugskondo.com", "内容": "株式会社近藤薬局【5:薬局】静岡県富士市吉原２丁目８－２１" }, "geometry": { "type": "Point", "coordinates": [ 138.687404, 35.162788 ] } },
{ "type": "Feature", "properties": { "ID": "2257220500310", "正式名称": "このみ薬局富士店", "機関区分": 5, "都道府県コード": 22, "市区町村コード": 210, "所在地": "静岡県富士市松富町５２－５", "緯度": 35.151399, "経度": 138.637603, "url": "https://www.iryou.teikyouseido.mhlw.go.jp/znk-web/juminkanja/S2430/initialize?prefCd=22&kikanCd=7220500310&kikanKbn=5", "url2": "https://jyo-bu.co.jp/", "内容": "このみ薬局富士店【5:薬局】静岡県富士市松富町５２－５" }, "geometry": { "type": "Point", "coordinates": [ 138.637603, 35.151399 ] } },
{ "type": "Feature", "properties": { "ID": "2257220500320", "正式名称": "さくら薬局", "機関区分": 5, "都道府県コード": 22, "市区町村コード": 210, "所在地": "静岡県富士市森島４２３－３", "緯度": 35.141262, "経度": 138.647547, "url": "https://www.iryou.teikyouseido.mhlw.go.jp/znk-web/juminkanja/S2430/initialize?prefCd=22&kikanCd=7220500320&kikanKbn=5", "url2": null, "内容": "さくら薬局【5:薬局】静岡県富士市森島４２３－３" }, "geometry": { "type": "Point", "coordinates": [ 138.647547, 35.141262 ] } },
{ "type": "Feature", "properties": { "ID": "2257220500340", "正式名称": "塩坂薬局", "機関区分": 5, "都道府県コード": 22, "市区町村コード": 210, "所在地": "静岡県富士市中之郷１２６４－１－５", "緯度": 35.140345, "経度": 138.617383, "url": "https://www.iryou.teikyouseido.mhlw.go.jp/znk-web/juminkanja/S2430/initialize?prefCd=22&kikanCd=7220500340&kikanKbn=5", "url2": null, "内容": "塩坂薬局【5:薬局】静岡県富士市中之郷１２６４－１－５" }, "geometry": { "type": "Point", "coordinates": [ 138.617383, 35.140345 ] } },
{ "type": "Feature", "properties": { "ID": "2257220500350", "正式名称": "清水薬局", "機関区分": 5, "都道府県コード": 22, "市区町村コード": 210, "所在地": "静岡県富士市鈴川町９－１", "緯度": 35.142901, "経度": 138.702126, "url": "https://www.iryou.teikyouseido.mhlw.go.jp/znk-web/juminkanja/S2430/initialize?prefCd=22&kikanCd=7220500350&kikanKbn=5", "url2": null, "内容": "清水薬局【5:薬局】静岡県富士市鈴川町９－１" }, "geometry": { "type": "Point", "coordinates": [ 138.702126, 35.142901 ] } },
{ "type": "Feature", "properties": { "ID": "2257220500360", "正式名称": "松栄堂薬局富士岡店", "機関区分": 5, "都道府県コード": 22, "市区町村コード": 210, "所在地": "静岡県富士市富士岡１４５１－６", "緯度": 35.165399, "経度": 138.728262, "url": "https://www.iryou.teikyouseido.mhlw.go.jp/znk-web/juminkanja/S2430/initialize?prefCd=22&kikanCd=7220500360&kikanKbn=5", "url2": "https://shoeido-fuji.com", "内容": "松栄堂薬局富士岡店【5:薬局】静岡県富士市富士岡１４５１－６" }, "geometry": { "type": "Point", "coordinates": [ 138.728262, 35.165399 ] } },
{ "type": "Feature", "properties": { "ID": "2257220500370", "正式名称": "松栄堂薬局吉原本町駅前店", "機関区分": 5, "都道府県コード": 22, "市区町村コード": 210, "所在地": "静岡県富士市吉原１－３－４", "緯度": 35.161233, "経度": 138.690709, "url": "https://www.iryou.teikyouseido.mhlw.go.jp/znk-web/juminkanja/S2430/initialize?prefCd=22&kikanCd=7220500370&kikanKbn=5", "url2": null, "内容": "松栄堂薬局吉原本町駅前店【5:薬局】静岡県富士市吉原１－３－４" }, "geometry": { "type": "Point", "coordinates": [ 138.690709, 35.161233 ] } },
{ "type": "Feature", "properties": { "ID": "2257220500410", "正式名称": "すみれ薬局", "機関区分": 5, "都道府県コード": 22, "市区町村コード": 210, "所在地": "静岡県富士市川成新町３０６番地", "緯度": 35.133624, "経度": 138.664991, "url": "https://www.iryou.teikyouseido.mhlw.go.jp/znk-web/juminkanja/S2430/initialize?prefCd=22&kikanCd=7220500410&kikanKbn=5", "url2": "watashou-ph.jp", "内容": "すみれ薬局【5:薬局】静岡県富士市川成新町３０６番地" }, "geometry": { "type": "Point", "coordinates": [ 138.664991, 35.133624 ] } },
{ "type": "Feature", "properties": { "ID": "2257220500430", "正式名称": "鷹岡薬局", "機関区分": 5, "都道府県コード": 22, "市区町村コード": 210, "所在地": "静岡県富士市入山瀬９６６－５", "緯度": 35.202422, "経度": 138.648961, "url": "https://www.iryou.teikyouseido.mhlw.go.jp/znk-web/juminkanja/S2430/initialize?prefCd=22&kikanCd=7220500430&kikanKbn=5", "url2": null, "内容": "鷹岡薬局【5:薬局】静岡県富士市入山瀬９６６－５" }, "geometry": { "type": "Point", "coordinates": [ 138.648961, 35.202422 ] } },
{ "type": "Feature", "properties": { "ID": "2257220500480", "正式名称": "なかまる薬局", "機関区分": 5, "都道府県コード": 22, "市区町村コード": 210, "所在地": "静岡県富士市中丸１３０－１", "緯度": 35.135957, "経度": 138.673406, "url": "https://www.iryou.teikyouseido.mhlw.go.jp/znk-web/juminkanja/S2430/initialize?prefCd=22&kikanCd=7220500480&kikanKbn=5", "url2": null, "内容": "なかまる薬局【5:薬局】静岡県富士市中丸１３０－１" }, "geometry": { "type": "Point", "coordinates": [ 138.673406, 35.135957 ] } },
{ "type": "Feature", "properties": { "ID": "2257220500540", "正式名称": "はなまる薬局", "機関区分": 5, "都道府県コード": 22, "市区町村コード": 210, "所在地": "静岡県富士市今泉２－７９－３８", "緯度": 35.16401, "経度": 138.691987, "url": "https://www.iryou.teikyouseido.mhlw.go.jp/znk-web/juminkanja/S2430/initialize?prefCd=22&kikanCd=7220500540&kikanKbn=5", "url2": "https://hanamaru-pharmacy.com/", "内容": "はなまる薬局【5:薬局】静岡県富士市今泉２－７９－３８" }, "geometry": { "type": "Point", "coordinates": [ 138.691987, 35.16401 ] } },
{ "type": "Feature", "properties": { "ID": "2257220500590", "正式名称": "ひまわり薬局伝法店", "機関区分": 5, "都道府県コード": 22, "市区町村コード": 210, "所在地": "静岡県富士市伝法６５６－１", "緯度": 35.185952, "経度": 138.670515, "url": "https://www.iryou.teikyouseido.mhlw.go.jp/znk-web/juminkanja/S2430/initialize?prefCd=22&kikanCd=7220500590&kikanKbn=5", "url2": "www.hiro-ac.info", "内容": "ひまわり薬局伝法店【5:薬局】静岡県富士市伝法６５６－１" }, "geometry": { "type": "Point", "coordinates": [ 138.670515, 35.185952 ] } },
{ "type": "Feature", "properties": { "ID": "2257220500600", "正式名称": "ひまわり薬局松本店", "機関区分": 5, "都道府県コード": 22, "市区町村コード": 210, "所在地": "静岡県富士市松本３１３－５", "緯度": 35.175591, "経度": 138.644657, "url": "https://www.iryou.teikyouseido.mhlw.go.jp/znk-web/juminkanja/S2430/initialize?prefCd=22&kikanCd=7220500600&kikanKbn=5", "url2": "http://www6.shizuokanet.ne.jp/himawari/", "内容": "ひまわり薬局松本店【5:薬局】静岡県富士市松本３１３－５" }, "geometry": { "type": "Point", "coordinates": [ 138.644657, 35.175591 ] } },
{ "type": "Feature", "properties": { "ID": "2257220500620", "正式名称": "広見薬局", "機関区分": 5, "都道府県コード": 22, "市区町村コード": 210, "所在地": "静岡県富士市伝法字中原５６４－２", "緯度": 35.185257, "経度": 138.674015, "url": "https://www.iryou.teikyouseido.mhlw.go.jp/znk-web/juminkanja/S2430/initialize?prefCd=22&kikanCd=7220500620&kikanKbn=5", "url2": null, "内容": "広見薬局【5:薬局】静岡県富士市伝法字中原５６４－２" }, "geometry": { "type": "Point", "coordinates": [ 138.674015, 35.185257 ] } },
{ "type": "Feature", "properties": { "ID": "2257220500640", "正式名称": "富士漢方薬局", "機関区分": 5, "都道府県コード": 22, "市区町村コード": 210, "所在地": "静岡県富士市中央町２－５－２９", "緯度": 35.16076, "経度": 138.682543, "url": "https://www.iryou.teikyouseido.mhlw.go.jp/znk-web/juminkanja/S2430/initialize?prefCd=22&kikanCd=7220500640&kikanKbn=5", "url2": null, "内容": "富士漢方薬局【5:薬局】静岡県富士市中央町２－５－２９" }, "geometry": { "type": "Point", "coordinates": [ 138.682543, 35.16076 ] } },
{ "type": "Feature", "properties": { "ID": "2257220500670", "正式名称": "フジタカ薬局", "機関区分": 5, "都道府県コード": 22, "市区町村コード": 210, "所在地": "静岡県富士市厚原九三七", "緯度": 35.191895, "経度": 138.655211, "url": "https://www.iryou.teikyouseido.mhlw.go.jp/znk-web/juminkanja/S2430/initialize?prefCd=22&kikanCd=7220500670&kikanKbn=5", "url2": null, "内容": "フジタカ薬局【5:薬局】静岡県富士市厚原九三七" }, "geometry": { "type": "Point", "coordinates": [ 138.655211, 35.191895 ] } },
{ "type": "Feature", "properties": { "ID": "2257220500680", "正式名称": "富士見台薬局", "機関区分": 5, "都道府県コード": 22, "市区町村コード": 210, "所在地": "静岡県富士市富士見台６－３－１１", "緯度": 35.182564, "経度": 138.713873, "url": "https://www.iryou.teikyouseido.mhlw.go.jp/znk-web/juminkanja/S2430/initialize?prefCd=22&kikanCd=7220500680&kikanKbn=5", "url2": null, "内容": "富士見台薬局【5:薬局】静岡県富士市富士見台６－３－１１" }, "geometry": { "type": "Point", "coordinates": [ 138.713873, 35.182564 ] } },
{ "type": "Feature", "properties": { "ID": "2257220500690", "正式名称": "ふるはた薬局", "機関区分": 5, "都道府県コード": 22, "市区町村コード": 210, "所在地": "静岡県富士市柚木３１３－１", "緯度": 35.157538, "経度": 138.641408, "url": "https://www.iryou.teikyouseido.mhlw.go.jp/znk-web/juminkanja/S2430/initialize?prefCd=22&kikanCd=7220500690&kikanKbn=5", "url2": null, "内容": "ふるはた薬局【5:薬局】静岡県富士市柚木３１３－１" }, "geometry": { "type": "Point", "coordinates": [ 138.641408, 35.157538 ] } },
{ "type": "Feature", "properties": { "ID": "2257220500710", "正式名称": "松岡薬局", "機関区分": 5, "都道府県コード": 22, "市区町村コード": 210, "所在地": "静岡県富士市松岡７０２－５", "緯度": 35.165203, "経度": 138.63838, "url": "https://www.iryou.teikyouseido.mhlw.go.jp/znk-web/juminkanja/S2430/initialize?prefCd=22&kikanCd=7220500710&kikanKbn=5", "url2": "https://yakushin-gr.com/about-us/", "内容": "松岡薬局【5:薬局】静岡県富士市松岡７０２－５" }, "geometry": { "type": "Point", "coordinates": [ 138.63838, 35.165203 ] } },
{ "type": "Feature", "properties": { "ID": "2257220500760", "正式名称": "メイプル薬局富士駅南店", "機関区分": 5, "都道府県コード": 22, "市区町村コード": 210, "所在地": "静岡県富士市横割１－２０－３１", "緯度": 35.148539, "経度": 138.651241, "url": "https://www.iryou.teikyouseido.mhlw.go.jp/znk-web/juminkanja/S2430/initialize?prefCd=22&kikanCd=7220500760&kikanKbn=5", "url2": "https://pharmacy.maple-group.co.jp/", "内容": "メイプル薬局富士駅南店【5:薬局】静岡県富士市横割１－２０－３１" }, "geometry": { "type": "Point", "coordinates": [ 138.651241, 35.148539 ] } },
{ "type": "Feature", "properties": { "ID": "2257220500940", "正式名称": "あさひ薬局", "機関区分": 5, "都道府県コード": 22, "市区町村コード": 207, "所在地": "静岡県富士宮市朝日町９－２", "緯度": 35.232779, "経度": 138.606658, "url": "https://www.iryou.teikyouseido.mhlw.go.jp/znk-web/juminkanja/S2430/initialize?prefCd=22&kikanCd=7220500940&kikanKbn=5", "url2": null, "内容": "あさひ薬局【5:薬局】静岡県富士宮市朝日町９－２" }, "geometry": { "type": "Point", "coordinates": [ 138.606658, 35.232779 ] } },
{ "type": "Feature", "properties": { "ID": "2257220500950", "正式名称": "あすなろ薬局", "機関区分": 5, "都道府県コード": 22, "市区町村コード": 207, "所在地": "静岡県富士宮市北町６番２０号", "緯度": 35.23664, "経度": 138.614934, "url": "https://www.iryou.teikyouseido.mhlw.go.jp/znk-web/juminkanja/S2430/initialize?prefCd=22&kikanCd=7220500950&kikanKbn=5", "url2": null, "内容": "あすなろ薬局【5:薬局】静岡県富士宮市北町６番２０号" }, "geometry": { "type": "Point", "coordinates": [ 138.614934, 35.23664 ] } },
{ "type": "Feature", "properties": { "ID": "2257220500960", "正式名称": "イースト薬局", "機関区分": 5, "都道府県コード": 22, "市区町村コード": 207, "所在地": "静岡県富士宮市西小泉町１４番地の１０", "緯度": 35.217725, "経度": 138.628045, "url": "https://www.iryou.teikyouseido.mhlw.go.jp/znk-web/juminkanja/S2430/initialize?prefCd=22&kikanCd=7220500960&kikanKbn=5", "url2": "https://www.e-classa.net/east8021/index.html", "内容": "イースト薬局【5:薬局】静岡県富士宮市西小泉町１４番地の１０" }, "geometry": { "type": "Point", "coordinates": [ 138.628045, 35.217725 ] } },
{ "type": "Feature", "properties": { "ID": "2257220501000", "正式名称": "おくとう薬局", "機関区分": 5, "都道府県コード": 22, "市区町村コード": 207, "所在地": "静岡県富士宮市万野原新田２９６７－１５", "緯度": 35.248611, "経度": 138.63171, "url": "https://www.iryou.teikyouseido.mhlw.go.jp/znk-web/juminkanja/S2430/initialize?prefCd=22&kikanCd=7220501000&kikanKbn=5", "url2": null, "内容": "おくとう薬局【5:薬局】静岡県富士宮市万野原新田２９６７－１５" }, "geometry": { "type": "Point", "coordinates": [ 138.63171, 35.248611 ] } },
{ "type": "Feature", "properties": { "ID": "2257220501040", "正式名称": "クツワヤ薬局", "機関区分": 5, "都道府県コード": 22, "市区町村コード": 207, "所在地": "静岡県富士宮市下条４０１", "緯度": 35.274524, "経度": 138.578547, "url": "https://www.iryou.teikyouseido.mhlw.go.jp/znk-web/juminkanja/S2430/initialize?prefCd=22&kikanCd=7220501040&kikanKbn=5", "url2": null, "内容": "クツワヤ薬局【5:薬局】静岡県富士宮市下条４０１" }, "geometry": { "type": "Point", "coordinates": [ 138.578547, 35.274524 ] } },
{ "type": "Feature", "properties": { "ID": "2257220501050", "正式名称": "クリエイトエス・ディー富士宮大宮店薬局", "機関区分": 5, "都道府県コード": 22, "市区町村コード": 207, "所在地": "静岡県富士宮市大宮町１８－２１", "緯度": 35.223808, "経度": 138.611046, "url": "https://www.iryou.teikyouseido.mhlw.go.jp/znk-web/juminkanja/S2430/initialize?prefCd=22&kikanCd=7220501050&kikanKbn=5", "url2": "http://www.create.sd.co.jp/", "内容": "クリエイトエス・ディー富士宮大宮店薬局【5:薬局】静岡県富士宮市大宮町１８－２１" }, "geometry": { "type": "Point", "coordinates": [ 138.611046, 35.223808 ] } },
{ "type": "Feature", "properties": { "ID": "2257220501060", "正式名称": "くるみ薬局", "機関区分": 5, "都道府県コード": 22, "市区町村コード": 207, "所在地": "静岡県富士宮市貴船町１－２", "緯度": 35.225058, "経度": 138.603186, "url": "https://www.iryou.teikyouseido.mhlw.go.jp/znk-web/juminkanja/S2430/initialize?prefCd=22&kikanCd=7220501060&kikanKbn=5", "url2": null, "内容": "くるみ薬局【5:薬局】静岡県富士宮市貴船町１－２" }, "geometry": { "type": "Point", "coordinates": [ 138.603186, 35.225058 ] } },
{ "type": "Feature", "properties": { "ID": "2257220501110", "正式名称": "ときわ薬局", "機関区分": 5, "都道府県コード": 22, "市区町村コード": 207, "所在地": "静岡県富士宮市東町１３－１", "緯度": 35.224141, "経度": 138.616518, "url": "https://www.iryou.teikyouseido.mhlw.go.jp/znk-web/juminkanja/S2430/initialize?prefCd=22&kikanCd=7220501110&kikanKbn=5", "url2": null, "内容": "ときわ薬局【5:薬局】静岡県富士宮市東町１３－１" }, "geometry": { "type": "Point", "coordinates": [ 138.616518, 35.224141 ] } },
{ "type": "Feature", "properties": { "ID": "2257220501180", "正式名称": "ふかさわ薬局", "機関区分": 5, "都道府県コード": 22, "市区町村コード": 207, "所在地": "静岡県富士宮市野中６４０－６", "緯度": 35.219447, "経度": 138.600409, "url": "https://www.iryou.teikyouseido.mhlw.go.jp/znk-web/juminkanja/S2430/initialize?prefCd=22&kikanCd=7220501180&kikanKbn=5", "url2": null, "内容": "ふかさわ薬局【5:薬局】静岡県富士宮市野中６４０－６" }, "geometry": { "type": "Point", "coordinates": [ 138.600409, 35.219447 ] } },
{ "type": "Feature", "properties": { "ID": "2257220501210", "正式名称": "プラス１薬局", "機関区分": 5, "都道府県コード": 22, "市区町村コード": 207, "所在地": "静岡県富士宮市宮北町１９８－１", "緯度": 35.23864, "経度": 138.612796, "url": "https://www.iryou.teikyouseido.mhlw.go.jp/znk-web/juminkanja/S2430/initialize?prefCd=22&kikanCd=7220501210&kikanKbn=5", "url2": null, "内容": "プラス１薬局【5:薬局】静岡県富士宮市宮北町１９８－１" }, "geometry": { "type": "Point", "coordinates": [ 138.612796, 35.23864 ] } },
{ "type": "Feature", "properties": { "ID": "2257220501230", "正式名称": "ポプラ薬局西小泉店", "機関区分": 5, "都道府県コード": 22, "市区町村コード": 207, "所在地": "静岡県富士宮市西小泉町３１－１８", "緯度": 35.219642, "経度": 138.629128, "url": "https://www.iryou.teikyouseido.mhlw.go.jp/znk-web/juminkanja/S2430/initialize?prefCd=22&kikanCd=7220501230&kikanKbn=5", "url2": "http://www.pfc-poplar.co.jp/", "内容": "ポプラ薬局西小泉店【5:薬局】静岡県富士宮市西小泉町３１－１８" }, "geometry": { "type": "Point", "coordinates": [ 138.629128, 35.219642 ] } },
{ "type": "Feature", "properties": { "ID": "2257220501280", "正式名称": "メイプル薬局", "機関区分": 5, "都道府県コード": 22, "市区町村コード": 207, "所在地": "静岡県富士宮市若の宮町３７７", "緯度": 35.231113, "経度": 138.61874, "url": "https://www.iryou.teikyouseido.mhlw.go.jp/znk-web/juminkanja/S2430/initialize?prefCd=22&kikanCd=7220501280&kikanKbn=5", "url2": "https://pharmacy.maple-group.co.jp/", "内容": "メイプル薬局【5:薬局】静岡県富士宮市若の宮町３７７" }, "geometry": { "type": "Point", "coordinates": [ 138.61874, 35.231113 ] } },
{ "type": "Feature", "properties": { "ID": "2257220501290", "正式名称": "メイプル薬局田中店", "機関区分": 5, "都道府県コード": 22, "市区町村コード": 207, "所在地": "静岡県富士宮市田中町１８４番地４", "緯度": 35.216225, "経度": 138.615158, "url": "https://www.iryou.teikyouseido.mhlw.go.jp/znk-web/juminkanja/S2430/initialize?prefCd=22&kikanCd=7220501290&kikanKbn=5", "url2": "https://pharmacy.maple-group.co.jp/", "内容": "メイプル薬局田中店【5:薬局】静岡県富士宮市田中町１８４番地４" }, "geometry": { "type": "Point", "coordinates": [ 138.615158, 35.216225 ] } },
{ "type": "Feature", "properties": { "ID": "2257220501300", "正式名称": "メイプル薬局中央店", "機関区分": 5, "都道府県コード": 22, "市区町村コード": 207, "所在地": "静岡県富士宮市中央町１２－２", "緯度": 35.224225, "経度": 138.616018, "url": "https://www.iryou.teikyouseido.mhlw.go.jp/znk-web/juminkanja/S2430/initialize?prefCd=22&kikanCd=7220501300&kikanKbn=5", "url2": "https://pharmacy.maple-group.co.jp/", "内容": "メイプル薬局中央店【5:薬局】静岡県富士宮市中央町１２－２" }, "geometry": { "type": "Point", "coordinates": [ 138.616018, 35.224225 ] } },
{ "type": "Feature", "properties": { "ID": "2257220501330", "正式名称": "有限会社アメリカヤ薬局", "機関区分": 5, "都道府県コード": 22, "市区町村コード": 207, "所在地": "静岡県富士宮市東町１５－２", "緯度": 35.223086, "経度": 138.617685, "url": "https://www.iryou.teikyouseido.mhlw.go.jp/znk-web/juminkanja/S2430/initialize?prefCd=22&kikanCd=7220501330&kikanKbn=5", "url2": null, "内容": "有限会社アメリカヤ薬局【5:薬局】静岡県富士宮市東町１５－２" }, "geometry": { "type": "Point", "coordinates": [ 138.617685, 35.223086 ] } },
{ "type": "Feature", "properties": { "ID": "2257220501340", "正式名称": "有限会社かぎや薬局", "機関区分": 5, "都道府県コード": 22, "市区町村コード": 207, "所在地": "静岡県富士宮市宮町８－２３", "緯度": 35.225252, "経度": 138.607297, "url": "https://www.iryou.teikyouseido.mhlw.go.jp/znk-web/juminkanja/S2430/initialize?prefCd=22&kikanCd=7220501340&kikanKbn=5", "url2": "https://kagiya2019.jimdofree.com/", "内容": "有限会社かぎや薬局【5:薬局】静岡県富士宮市宮町８－２３" }, "geometry": { "type": "Point", "coordinates": [ 138.607297, 35.225252 ] } },
{ "type": "Feature", "properties": { "ID": "2257220501360", "正式名称": "有限会社村松薬局", "機関区分": 5, "都道府県コード": 22, "市区町村コード": 207, "所在地": "静岡県富士宮市大宮町１７－２", "緯度": 35.22403, "経度": 138.611685, "url": "https://www.iryou.teikyouseido.mhlw.go.jp/znk-web/juminkanja/S2430/initialize?prefCd=22&kikanCd=7220501360&kikanKbn=5", "url2": null, "内容": "有限会社村松薬局【5:薬局】静岡県富士宮市大宮町１７－２" }, "geometry": { "type": "Point", "coordinates": [ 138.611685, 35.22403 ] } },
{ "type": "Feature", "properties": { "ID": "2257220501380", "正式名称": "わか葉薬局　三園平店", "機関区分": 5, "都道府県コード": 22, "市区町村コード": 207, "所在地": "静岡県富士宮市三園平６６８－１", "緯度": 35.244667, "経度": 138.61124, "url": "https://www.iryou.teikyouseido.mhlw.go.jp/znk-web/juminkanja/S2430/initialize?prefCd=22&kikanCd=7220501380&kikanKbn=5", "url2": "http://www.wakaba-f.jp", "内容": "わか葉薬局　三園平店【5:薬局】静岡県富士宮市三園平６６８－１" }, "geometry": { "type": "Point", "coordinates": [ 138.61124, 35.244667 ] } },
{ "type": "Feature", "properties": { "ID": "2257220501390", "正式名称": "わか葉薬局　淀平店", "機関区分": 5, "都道府県コード": 22, "市区町村コード": 207, "所在地": "静岡県富士宮市淀平町３７８", "緯度": 35.23489, "経度": 138.607324, "url": "https://www.iryou.teikyouseido.mhlw.go.jp/znk-web/juminkanja/S2430/initialize?prefCd=22&kikanCd=7220501390&kikanKbn=5", "url2": "http://www.wakaba-f.jp", "内容": "わか葉薬局　淀平店【5:薬局】静岡県富士宮市淀平町３７８" }, "geometry": { "type": "Point", "coordinates": [ 138.607324, 35.23489 ] } },
{ "type": "Feature", "properties": { "ID": "2257220501420", "正式名称": "わか葉薬局　芝川店", "機関区分": 5, "都道府県コード": 22, "市区町村コード": 207, "所在地": "静岡県富士宮市大久保１３", "緯度": 35.208194, "経度": 138.565565, "url": "https://www.iryou.teikyouseido.mhlw.go.jp/znk-web/juminkanja/S2430/initialize?prefCd=22&kikanCd=7220501420&kikanKbn=5", "url2": "http://www.wakaba-f.jp", "内容": "わか葉薬局　芝川店【5:薬局】静岡県富士宮市大久保１３" }, "geometry": { "type": "Point", "coordinates": [ 138.565565, 35.208194 ] } },
{ "type": "Feature", "properties": { "ID": "2257220501430", "正式名称": "メイプル薬局富士本町店", "機関区分": 5, "都道府県コード": 22, "市区町村コード": 210, "所在地": "静岡県富士市本町１４番６号", "緯度": 35.156288, "経度": 138.650796, "url": "https://www.iryou.teikyouseido.mhlw.go.jp/znk-web/juminkanja/S2430/initialize?prefCd=22&kikanCd=7220501430&kikanKbn=5", "url2": "https://pharmacy.maple-group.co.jp/", "内容": "メイプル薬局富士本町店【5:薬局】静岡県富士市本町１４番６号" }, "geometry": { "type": "Point", "coordinates": [ 138.650796, 35.156288 ] } },
{ "type": "Feature", "properties": { "ID": "2257220501440", "正式名称": "長沢薬局", "機関区分": 5, "都道府県コード": 22, "市区町村コード": 210, "所在地": "静岡県富士市吉原４－１３－１８", "緯度": 35.165149, "経度": 138.685265, "url": "https://www.iryou.teikyouseido.mhlw.go.jp/znk-web/juminkanja/S2430/initialize?prefCd=22&kikanCd=7220501440&kikanKbn=5", "url2": null, "内容": "長沢薬局【5:薬局】静岡県富士市吉原４－１３－１８" }, "geometry": { "type": "Point", "coordinates": [ 138.685265, 35.165149 ] } },
{ "type": "Feature", "properties": { "ID": "2257220501450", "正式名称": "メイプル薬局　瓜島店", "機関区分": 5, "都道府県コード": 22, "市区町村コード": 210, "所在地": "静岡県富士市瓜島町３２－２", "緯度": 35.165898, "経度": 138.672905, "url": "https://www.iryou.teikyouseido.mhlw.go.jp/znk-web/juminkanja/S2430/initialize?prefCd=22&kikanCd=7220501450&kikanKbn=5", "url2": "https://pharmacy.maple-group.co.jp/", "内容": "メイプル薬局　瓜島店【5:薬局】静岡県富士市瓜島町３２－２" }, "geometry": { "type": "Point", "coordinates": [ 138.672905, 35.165898 ] } },
{ "type": "Feature", "properties": { "ID": "2257220501460", "正式名称": "メイプル薬局　横割店", "機関区分": 5, "都道府県コード": 22, "市区町村コード": 210, "所在地": "静岡県富士市横割４丁目２番１９号", "緯度": 35.1494, "経度": 138.65799, "url": "https://www.iryou.teikyouseido.mhlw.go.jp/znk-web/juminkanja/S2430/initialize?prefCd=22&kikanCd=7220501460&kikanKbn=5", "url2": "https://pharmacy.maple-group.co.jp/", "内容": "メイプル薬局　横割店【5:薬局】静岡県富士市横割４丁目２番１９号" }, "geometry": { "type": "Point", "coordinates": [ 138.65799, 35.1494 ] } },
{ "type": "Feature", "properties": { "ID": "2257220501470", "正式名称": "薬局マツモトキヨシ富士吉原ＳＣ店", "機関区分": 5, "都道府県コード": 22, "市区町村コード": 210, "所在地": "静岡県富士市浅間本町１－４９", "緯度": 35.165915, "経度": 138.679403, "url": "https://www.iryou.teikyouseido.mhlw.go.jp/znk-web/juminkanja/S2430/initialize?prefCd=22&kikanCd=7220501470&kikanKbn=5", "url2": "http://www.matsukiyo.co.jp/", "内容": "薬局マツモトキヨシ富士吉原ＳＣ店【5:薬局】静岡県富士市浅間本町１－４９" }, "geometry": { "type": "Point", "coordinates": [ 138.679403, 35.165915 ] } },
{ "type": "Feature", "properties": { "ID": "2257220501480", "正式名称": "はなまる薬局がっこう前店", "機関区分": 5, "都道府県コード": 22, "市区町村コード": 210, "所在地": "静岡県富士市緑町２６", "緯度": 35.159274, "経度": 138.682317, "url": "https://www.iryou.teikyouseido.mhlw.go.jp/znk-web/juminkanja/S2430/initialize?prefCd=22&kikanCd=7220501480&kikanKbn=5", "url2": "https://hanamaru-pharmacy.com/", "内容": "はなまる薬局がっこう前店【5:薬局】静岡県富士市緑町２６" }, "geometry": { "type": "Point", "coordinates": [ 138.682317, 35.159274 ] } },
{ "type": "Feature", "properties": { "ID": "2257220501490", "正式名称": "フジイチ薬局木の宮店", "機関区分": 5, "都道府県コード": 22, "市区町村コード": 210, "所在地": "静岡県富士市今泉３１２０－３", "緯度": 35.179777, "経度": 138.696587, "url": "https://www.iryou.teikyouseido.mhlw.go.jp/znk-web/juminkanja/S2430/initialize?prefCd=22&kikanCd=7220501490&kikanKbn=5", "url2": "https://www.fujiichi-inc.com", "内容": "フジイチ薬局木の宮店【5:薬局】静岡県富士市今泉３１２０－３" }, "geometry": { "type": "Point", "coordinates": [ 138.696587, 35.179777 ] } },
{ "type": "Feature", "properties": { "ID": "2257220501500", "正式名称": "小島薬局アツハラ店", "機関区分": 5, "都道府県コード": 22, "市区町村コード": 210, "所在地": "静岡県富士市厚原５８８－１", "緯度": 35.186924, "経度": 138.659044, "url": "https://www.iryou.teikyouseido.mhlw.go.jp/znk-web/juminkanja/S2430/initialize?prefCd=22&kikanCd=7220501500&kikanKbn=5", "url2": "https://kojimayakkyoku.com", "内容": "小島薬局アツハラ店【5:薬局】静岡県富士市厚原５８８－１" }, "geometry": { "type": "Point", "coordinates": [ 138.659044, 35.186924 ] } },
{ "type": "Feature", "properties": { "ID": "2257220501520", "正式名称": "アクア薬局田子の浦店", "機関区分": 5, "都道府県コード": 22, "市区町村コード": 210, "所在地": "静岡県富士市川成新町３７５－１", "緯度": 35.132874, "経度": 138.666296, "url": "https://www.iryou.teikyouseido.mhlw.go.jp/znk-web/juminkanja/S2430/initialize?prefCd=22&kikanCd=7220501520&kikanKbn=5", "url2": "http://dpc-net.ne.jp/storeInfo/2011/12/post-45.html", "内容": "アクア薬局田子の浦店【5:薬局】静岡県富士市川成新町３７５－１" }, "geometry": { "type": "Point", "coordinates": [ 138.666296, 35.132874 ] } },
{ "type": "Feature", "properties": { "ID": "2257220501540", "正式名称": "このみ薬局　広見店", "機関区分": 5, "都道府県コード": 22, "市区町村コード": 210, "所在地": "静岡県富士市広見本町４番１８号", "緯度": 35.18623, "経度": 138.686264, "url": "https://www.iryou.teikyouseido.mhlw.go.jp/znk-web/juminkanja/S2430/initialize?prefCd=22&kikanCd=7220501540&kikanKbn=5", "url2": "https://jyo-bu.co.jp/", "内容": "このみ薬局　広見店【5:薬局】静岡県富士市広見本町４番１８号" }, "geometry": { "type": "Point", "coordinates": [ 138.686264, 35.18623 ] } },
{ "type": "Feature", "properties": { "ID": "2257220501570", "正式名称": "メイプル薬局前田町店", "機関区分": 5, "都道府県コード": 22, "市区町村コード": 207, "所在地": "静岡県富士宮市前田町１３７－６", "緯度": 35.213531, "経度": 138.630629, "url": "https://www.iryou.teikyouseido.mhlw.go.jp/znk-web/juminkanja/S2430/initialize?prefCd=22&kikanCd=7220501570&kikanKbn=5", "url2": "https://pharmacy.maple-group.co.jp/", "内容": "メイプル薬局前田町店【5:薬局】静岡県富士宮市前田町１３７－６" }, "geometry": { "type": "Point", "coordinates": [ 138.630629, 35.213531 ] } },
{ "type": "Feature", "properties": { "ID": "2257220501580", "正式名称": "平野薬局", "機関区分": 5, "都道府県コード": 22, "市区町村コード": 207, "所在地": "静岡県富士宮市東阿幸地３２５－１", "緯度": 35.230641, "経度": 138.626073, "url": "https://www.iryou.teikyouseido.mhlw.go.jp/znk-web/juminkanja/S2430/initialize?prefCd=22&kikanCd=7220501580&kikanKbn=5", "url2": null, "内容": "平野薬局【5:薬局】静岡県富士宮市東阿幸地３２５－１" }, "geometry": { "type": "Point", "coordinates": [ 138.626073, 35.230641 ] } },
{ "type": "Feature", "properties": { "ID": "2257220501590", "正式名称": "メイプル薬局　五貫島店", "機関区分": 5, "都道府県コード": 22, "市区町村コード": 210, "所在地": "静岡県富士市五貫島６９番地Ｄ号室", "緯度": 35.135457, "経度": 138.650297, "url": "https://www.iryou.teikyouseido.mhlw.go.jp/znk-web/juminkanja/S2430/initialize?prefCd=22&kikanCd=7220501590&kikanKbn=5", "url2": "https://pharmacy.maple-group.co.jp/", "内容": "メイプル薬局　五貫島店【5:薬局】静岡県富士市五貫島６９番地Ｄ号室" }, "geometry": { "type": "Point", "coordinates": [ 138.650297, 35.135457 ] } },
{ "type": "Feature", "properties": { "ID": "2257220501610", "正式名称": "そうごう薬局　富士南店", "機関区分": 5, "都道府県コード": 22, "市区町村コード": 210, "所在地": "静岡県富士市松岡１３５９－７", "緯度": 35.149505, "経度": 138.63992, "url": "https://www.iryou.teikyouseido.mhlw.go.jp/znk-web/juminkanja/S2430/initialize?prefCd=22&kikanCd=7220501610&kikanKbn=5", "url2": "https://www.sogo-pharmacy.jp/shop/view/326", "内容": "そうごう薬局　富士南店【5:薬局】静岡県富士市松岡１３５９－７" }, "geometry": { "type": "Point", "coordinates": [ 138.63992, 35.149505 ] } },
{ "type": "Feature", "properties": { "ID": "2257220501630", "正式名称": "イオン薬局イオンスタイル富士宮", "機関区分": 5, "都道府県コード": 22, "市区町村コード": 207, "所在地": "静岡県富士宮市浅間町１－８", "緯度": 35.221447, "経度": 138.612296, "url": "https://www.iryou.teikyouseido.mhlw.go.jp/znk-web/juminkanja/S2430/initialize?prefCd=22&kikanCd=7220501630&kikanKbn=5", "url2": null, "内容": "イオン薬局イオンスタイル富士宮【5:薬局】静岡県富士宮市浅間町１－８" }, "geometry": { "type": "Point", "coordinates": [ 138.612296, 35.221447 ] } },
{ "type": "Feature", "properties": { "ID": "2257220501670", "正式名称": "なの花薬局　矢立町店", "機関区分": 5, "都道府県コード": 22, "市区町村コード": 207, "所在地": "静岡県富士宮市矢立町９１０番２７", "緯度": 35.224225, "経度": 138.625101, "url": "https://www.iryou.teikyouseido.mhlw.go.jp/znk-web/juminkanja/S2430/initialize?prefCd=22&kikanCd=7220501670&kikanKbn=5", "url2": "https://www.nanohana-ph.jp/shop/tokai-hokuriku/shizuoka/fujinomiya/yatatecho.php", "内容": "なの花薬局　矢立町店【5:薬局】静岡県富士宮市矢立町９１０番２７" }, "geometry": { "type": "Point", "coordinates": [ 138.625101, 35.224225 ] } },
{ "type": "Feature", "properties": { "ID": "2257220501680", "正式名称": "宝珠薬局", "機関区分": 5, "都道府県コード": 22, "市区町村コード": 210, "所在地": "静岡県富士市中野２５８－２０", "緯度": 35.202999, "経度": 138.682233, "url": "https://www.iryou.teikyouseido.mhlw.go.jp/znk-web/juminkanja/S2430/initialize?prefCd=22&kikanCd=7220501680&kikanKbn=5", "url2": "https://www.ekou-group.jp/index.html", "内容": "宝珠薬局【5:薬局】静岡県富士市中野２５８－２０" }, "geometry": { "type": "Point", "coordinates": [ 138.682233, 35.202999 ] } },
{ "type": "Feature", "properties": { "ID": "2257220501710", "正式名称": "メイプル薬局上小泉店", "機関区分": 5, "都道府県コード": 22, "市区町村コード": 207, "所在地": "静岡県富士宮市小泉１５３９－１８", "緯度": 35.23253, "経度": 138.637572, "url": "https://www.iryou.teikyouseido.mhlw.go.jp/znk-web/juminkanja/S2430/initialize?prefCd=22&kikanCd=7220501710&kikanKbn=5", "url2": "https://pharmacy.maple-group.co.jp/", "内容": "メイプル薬局上小泉店【5:薬局】静岡県富士宮市小泉１５３９－１８" }, "geometry": { "type": "Point", "coordinates": [ 138.637572, 35.23253 ] } },
{ "type": "Feature", "properties": { "ID": "2257220501730", "正式名称": "せせらぎ薬局", "機関区分": 5, "都道府県コード": 22, "市区町村コード": 210, "所在地": "静岡県富士市富士町１２－１０", "緯度": 35.153427, "経度": 138.648241, "url": "https://www.iryou.teikyouseido.mhlw.go.jp/znk-web/juminkanja/S2430/initialize?prefCd=22&kikanCd=7220501730&kikanKbn=5", "url2": null, "内容": "せせらぎ薬局【5:薬局】静岡県富士市富士町１２－１０" }, "geometry": { "type": "Point", "coordinates": [ 138.648241, 35.153427 ] } },
{ "type": "Feature", "properties": { "ID": "2257220501740", "正式名称": "ハロー薬局　万野店", "機関区分": 5, "都道府県コード": 22, "市区町村コード": 207, "所在地": "静岡県富士宮市万野原新田３１１７－１１", "緯度": 35.245584, "経度": 138.626405, "url": "https://www.iryou.teikyouseido.mhlw.go.jp/znk-web/juminkanja/S2430/initialize?prefCd=22&kikanCd=7220501740&kikanKbn=5", "url2": "http://www.hello-pharmacy.com", "内容": "ハロー薬局　万野店【5:薬局】静岡県富士宮市万野原新田３１１７－１１" }, "geometry": { "type": "Point", "coordinates": [ 138.626405, 35.245584 ] } },
{ "type": "Feature", "properties": { "ID": "2257220501750", "正式名称": "ミウラ薬局", "機関区分": 5, "都道府県コード": 22, "市区町村コード": 210, "所在地": "静岡県富士市新橋町３番５号", "緯度": 35.161733, "経度": 138.69707, "url": "https://www.iryou.teikyouseido.mhlw.go.jp/znk-web/juminkanja/S2430/initialize?prefCd=22&kikanCd=7220501750&kikanKbn=5", "url2": null, "内容": "ミウラ薬局【5:薬局】静岡県富士市新橋町３番５号" }, "geometry": { "type": "Point", "coordinates": [ 138.69707, 35.161733 ] } },
{ "type": "Feature", "properties": { "ID": "2257220501780", "正式名称": "メイプル薬局松本店", "機関区分": 5, "都道府県コード": 22, "市区町村コード": 210, "所在地": "静岡県富士市松本５１－１８", "緯度": 35.167953, "経度": 138.649268, "url": "https://www.iryou.teikyouseido.mhlw.go.jp/znk-web/juminkanja/S2430/initialize?prefCd=22&kikanCd=7220501780&kikanKbn=5", "url2": "https://pharmacy.maple-group.co.jp/", "内容": "メイプル薬局松本店【5:薬局】静岡県富士市松本５１－１８" }, "geometry": { "type": "Point", "coordinates": [ 138.649268, 35.167953 ] } },
{ "type": "Feature", "properties": { "ID": "2257220501790", "正式名称": "メイプル薬局　今泉店", "機関区分": 5, "都道府県コード": 22, "市区町村コード": 210, "所在地": "静岡県富士市今泉５丁目１２－１２", "緯度": 35.169374, "経度": 138.694336, "url": "https://www.iryou.teikyouseido.mhlw.go.jp/znk-web/juminkanja/S2430/initialize?prefCd=22&kikanCd=7220501790&kikanKbn=5", "url2": "https://pharmacy.maple-group.co.jp/", "内容": "メイプル薬局　今泉店【5:薬局】静岡県富士市今泉５丁目１２－１２" }, "geometry": { "type": "Point", "coordinates": [ 138.694336, 35.169374 ] } },
{ "type": "Feature", "properties": { "ID": "2257220501800", "正式名称": "日本調剤蒲原薬局", "機関区分": 5, "都道府県コード": 22, "市区町村コード": 210, "所在地": "静岡県富士市中之郷大楽窪２４３７番地５　１階", "緯度": 35.132595, "経度": 138.616997, "url": "https://www.iryou.teikyouseido.mhlw.go.jp/znk-web/juminkanja/S2430/initialize?prefCd=22&kikanCd=7220501800&kikanKbn=5", "url2": "http://www.nicho.jp/", "内容": "日本調剤蒲原薬局【5:薬局】静岡県富士市中之郷大楽窪２４３７番地５　１階" }, "geometry": { "type": "Point", "coordinates": [ 138.616997, 35.132595 ] } },
{ "type": "Feature", "properties": { "ID": "2257220501810", "正式名称": "アンジュ薬局", "機関区分": 5, "都道府県コード": 22, "市区町村コード": 210, "所在地": "静岡県富士市中野５６８－５", "緯度": 35.191317, "経度": 138.678144, "url": "https://www.iryou.teikyouseido.mhlw.go.jp/znk-web/juminkanja/S2430/initialize?prefCd=22&kikanCd=7220501810&kikanKbn=5", "url2": null, "内容": "アンジュ薬局【5:薬局】静岡県富士市中野５６８－５" }, "geometry": { "type": "Point", "coordinates": [ 138.678144, 35.191317 ] } },
{ "type": "Feature", "properties": { "ID": "2257220501820", "正式名称": "朝霧高原薬局", "機関区分": 5, "都道府県コード": 22, "市区町村コード": 207, "所在地": "静岡県富士宮市猪之頭１７７２－２", "緯度": 35.358184, "経度": 138.572839, "url": "https://www.iryou.teikyouseido.mhlw.go.jp/znk-web/juminkanja/S2430/initialize?prefCd=22&kikanCd=7220501820&kikanKbn=5", "url2": null, "内容": "朝霧高原薬局【5:薬局】静岡県富士宮市猪之頭１７７２－２" }, "geometry": { "type": "Point", "coordinates": [ 138.572839, 35.358184 ] } },
{ "type": "Feature", "properties": { "ID": "2257220501830", "正式名称": "アンジュ薬局富士店", "機関区分": 5, "都道府県コード": 22, "市区町村コード": 210, "所在地": "静岡県富士市伝法１７４－１", "緯度": 35.169495, "経度": 138.674106, "url": "https://www.iryou.teikyouseido.mhlw.go.jp/znk-web/juminkanja/S2430/initialize?prefCd=22&kikanCd=7220501830&kikanKbn=5", "url2": "https://www.kusurinomadoguchi.com/shizuoka/s1000071337", "内容": "アンジュ薬局富士店【5:薬局】静岡県富士市伝法１７４－１" }, "geometry": { "type": "Point", "coordinates": [ 138.674106, 35.169495 ] } },
{ "type": "Feature", "properties": { "ID": "2257220501850", "正式名称": "クリエイト薬局富士松岡店", "機関区分": 5, "都道府県コード": 22, "市区町村コード": 210, "所在地": "静岡県富士市松岡３４８－１", "緯度": 35.168714, "経度": 138.639692, "url": "https://www.iryou.teikyouseido.mhlw.go.jp/znk-web/juminkanja/S2430/initialize?prefCd=22&kikanCd=7220501850&kikanKbn=5", "url2": "http://www.create-sd.co.jp/", "内容": "クリエイト薬局富士松岡店【5:薬局】静岡県富士市松岡３４８－１" }, "geometry": { "type": "Point", "coordinates": [ 138.639692, 35.168714 ] } },
{ "type": "Feature", "properties": { "ID": "2257220501890", "正式名称": "日本調剤富士高島薬局", "機関区分": 5, "都道府県コード": 22, "市区町村コード": 210, "所在地": "静岡県富士市高島町３２－１", "緯度": 35.159258, "経度": 138.671155, "url": "https://www.iryou.teikyouseido.mhlw.go.jp/znk-web/juminkanja/S2430/initialize?prefCd=22&kikanCd=7220501890&kikanKbn=5", "url2": "http://www.nicho.jp", "内容": "日本調剤富士高島薬局【5:薬局】静岡県富士市高島町３２－１" }, "geometry": { "type": "Point", "coordinates": [ 138.671155, 35.159258 ] } },
{ "type": "Feature", "properties": { "ID": "2257220501910", "正式名称": "ひかり薬局", "機関区分": 5, "都道府県コード": 22, "市区町村コード": 210, "所在地": "静岡県富士市高島町６３番地", "緯度": 35.158982, "経度": 138.672461, "url": "https://www.iryou.teikyouseido.mhlw.go.jp/znk-web/juminkanja/S2430/initialize?prefCd=22&kikanCd=7220501910&kikanKbn=5", "url2": "http://web.gogo.jp/cms/byoinnavi/login/", "内容": "ひかり薬局【5:薬局】静岡県富士市高島町６３番地" }, "geometry": { "type": "Point", "coordinates": [ 138.672461, 35.158982 ] } },
{ "type": "Feature", "properties": { "ID": "2257220501920", "正式名称": "アクア薬局　日の出町店", "機関区分": 5, "都道府県コード": 22, "市区町村コード": 210, "所在地": "静岡県富士市日乃出町１８０", "緯度": 35.162676, "経度": 138.667795, "url": "https://www.iryou.teikyouseido.mhlw.go.jp/znk-web/juminkanja/S2430/initialize?prefCd=22&kikanCd=7220501920&kikanKbn=5", "url2": "https://dpc-net.ne.jp/storeinfo/shizuoka/shizuoka-aqua-hinodecho/", "内容": "アクア薬局　日の出町店【5:薬局】静岡県富士市日乃出町１８０" }, "geometry": { "type": "Point", "coordinates": [ 138.667795, 35.162676 ] } },
{ "type": "Feature", "properties": { "ID": "2257220501950", "正式名称": "うさぎ薬局　高島店", "機関区分": 5, "都道府県コード": 22, "市区町村コード": 210, "所在地": "静岡県富士市高島町１０６", "緯度": 35.157931, "経度": 138.67214, "url": "https://www.iryou.teikyouseido.mhlw.go.jp/znk-web/juminkanja/S2430/initialize?prefCd=22&kikanCd=7220501950&kikanKbn=5", "url2": "https://www.kusurinomadoguchi.com/shizuoka/s1000001868", "内容": "うさぎ薬局　高島店【5:薬局】静岡県富士市高島町１０６" }, "geometry": { "type": "Point", "coordinates": [ 138.67214, 35.157931 ] } },
{ "type": "Feature", "properties": { "ID": "2257220501960", "正式名称": "メイプル薬局　富士見台入口店", "機関区分": 5, "都道府県コード": 22, "市区町村コード": 210, "所在地": "静岡県富士市三ツ沢２４７－３", "緯度": 35.187036, "経度": 138.705513, "url": "https://www.iryou.teikyouseido.mhlw.go.jp/znk-web/juminkanja/S2430/initialize?prefCd=22&kikanCd=7220501960&kikanKbn=5", "url2": "https://pharmacy.maple-group.co.jp/", "内容": "メイプル薬局　富士見台入口店【5:薬局】静岡県富士市三ツ沢２４７－３" }, "geometry": { "type": "Point", "coordinates": [ 138.705513, 35.187036 ] } },
{ "type": "Feature", "properties": { "ID": "2257220501980", "正式名称": "ひまわり薬局　比奈店", "機関区分": 5, "都道府県コード": 22, "市区町村コード": 210, "所在地": "静岡県富士市比奈１２９５－１５", "緯度": 35.165763, "経度": 138.720979, "url": "https://www.iryou.teikyouseido.mhlw.go.jp/znk-web/juminkanja/S2430/initialize?prefCd=22&kikanCd=7220501980&kikanKbn=5", "url2": "http://www.hiro-ac.info/", "内容": "ひまわり薬局　比奈店【5:薬局】静岡県富士市比奈１２９５－１５" }, "geometry": { "type": "Point", "coordinates": [ 138.720979, 35.165763 ] } },
{ "type": "Feature", "properties": { "ID": "2257220501990", "正式名称": "うさぎ薬局　荒田島店", "機関区分": 5, "都道府県コード": 22, "市区町村コード": 210, "所在地": "静岡県富士市荒田島町３－２０", "緯度": 35.157385, "経度": 138.684789, "url": "https://www.iryou.teikyouseido.mhlw.go.jp/znk-web/juminkanja/S2430/initialize?prefCd=22&kikanCd=7220501990&kikanKbn=5", "url2": "http://usagipharmacy.com/", "内容": "うさぎ薬局　荒田島店【5:薬局】静岡県富士市荒田島町３－２０" }, "geometry": { "type": "Point", "coordinates": [ 138.684789, 35.157385 ] } },
{ "type": "Feature", "properties": { "ID": "2257220502030", "正式名称": "ハロー薬局　富士店", "機関区分": 5, "都道府県コード": 22, "市区町村コード": 210, "所在地": "静岡県富士市伝法１９８９－８５", "緯度": 35.173647, "経度": 138.680372, "url": "https://www.iryou.teikyouseido.mhlw.go.jp/znk-web/juminkanja/S2430/initialize?prefCd=22&kikanCd=7220502030&kikanKbn=5", "url2": "https://www.hello-pharmacy.com/", "内容": "ハロー薬局　富士店【5:薬局】静岡県富士市伝法１９８９－８５" }, "geometry": { "type": "Point", "coordinates": [ 138.680372, 35.173647 ] } },
{ "type": "Feature", "properties": { "ID": "2257220502070", "正式名称": "レモン薬局富士店", "機関区分": 5, "都道府県コード": 22, "市区町村コード": 210, "所在地": "静岡県富士市入山瀬９１６－６", "緯度": 35.206496, "経度": 138.650336, "url": "https://www.iryou.teikyouseido.mhlw.go.jp/znk-web/juminkanja/S2430/initialize?prefCd=22&kikanCd=7220502070&kikanKbn=5", "url2": "https://ship-ph.co.jp/", "内容": "レモン薬局富士店【5:薬局】静岡県富士市入山瀬９１６－６" }, "geometry": { "type": "Point", "coordinates": [ 138.650336, 35.206496 ] } },
{ "type": "Feature", "properties": { "ID": "2257220502080", "正式名称": "ａｂｃ薬局　富士宮店", "機関区分": 5, "都道府県コード": 22, "市区町村コード": 207, "所在地": "静岡県富士宮市杉田３－３", "緯度": 35.209323, "経度": 138.652025, "url": "https://www.iryou.teikyouseido.mhlw.go.jp/znk-web/juminkanja/S2430/initialize?prefCd=22&kikanCd=7220502080&kikanKbn=5", "url2": "https://ship-ph.co.jp/", "内容": "ａｂｃ薬局　富士宮店【5:薬局】静岡県富士宮市杉田３－３" }, "geometry": { "type": "Point", "coordinates": [ 138.652025, 35.209323 ] } },
{ "type": "Feature", "properties": { "ID": "2257220502090", "正式名称": "アリス薬局米之宮店", "機関区分": 5, "都道府県コード": 22, "市区町村コード": 210, "所在地": "静岡県富士市米之宮町１３７－２", "緯度": 35.165506, "経度": 138.656502, "url": "https://www.iryou.teikyouseido.mhlw.go.jp/znk-web/juminkanja/S2430/initialize?prefCd=22&kikanCd=7220502090&kikanKbn=5", "url2": "http://ars-group.jp", "内容": "アリス薬局米之宮店【5:薬局】静岡県富士市米之宮町１３７－２" }, "geometry": { "type": "Point", "coordinates": [ 138.656502, 35.165506 ] } },
{ "type": "Feature", "properties": { "ID": "2257220502110", "正式名称": "杏林堂薬局　富士松岡店", "機関区分": 5, "都道府県コード": 22, "市区町村コード": 210, "所在地": "静岡県富士市松岡５５８－１", "緯度": 35.162754, "経度": 138.643785, "url": "https://www.iryou.teikyouseido.mhlw.go.jp/znk-web/juminkanja/S2430/initialize?prefCd=22&kikanCd=7220502110&kikanKbn=5", "url2": "http://www.kyorindo.co.jp", "内容": "杏林堂薬局　富士松岡店【5:薬局】静岡県富士市松岡５５８－１" }, "geometry": { "type": "Point", "coordinates": [ 138.643785, 35.162754 ] } },
{ "type": "Feature", "properties": { "ID": "2257220502120", "正式名称": "ウエルシア薬局　富士中央病院前店", "機関区分": 5, "都道府県コード": 22, "市区町村コード": 210, "所在地": "静岡県富士市高島町１０８番地", "緯度": 35.158026, "経度": 138.672378, "url": "https://www.iryou.teikyouseido.mhlw.go.jp/znk-web/juminkanja/S2430/initialize?prefCd=22&kikanCd=7220502120&kikanKbn=5", "url2": "http://www.welcia-yakkyoku.co.jp/", "内容": "ウエルシア薬局　富士中央病院前店【5:薬局】静岡県富士市高島町１０８番地" }, "geometry": { "type": "Point", "coordinates": [ 138.672378, 35.158026 ] } },
{ "type": "Feature", "properties": { "ID": "2257220502130", "正式名称": "ウエルシア薬局富士岩淵店", "機関区分": 5, "都道府県コード": 22, "市区町村コード": 210, "所在地": "静岡県富士市岩渕７７７－２", "緯度": 35.148296, "経度": 138.620977, "url": "https://www.iryou.teikyouseido.mhlw.go.jp/znk-web/juminkanja/S2430/initialize?prefCd=22&kikanCd=7220502130&kikanKbn=5", "url2": null, "内容": "ウエルシア薬局富士岩淵店【5:薬局】静岡県富士市岩渕７７７－２" }, "geometry": { "type": "Point", "coordinates": [ 138.620977, 35.148296 ] } },
{ "type": "Feature", "properties": { "ID": "2257220502170", "正式名称": "メイプル薬局石坂店", "機関区分": 5, "都道府県コード": 22, "市区町村コード": 210, "所在地": "静岡県富士市石坂２７９－１　１０１号室", "緯度": 35.181354, "経度": 138.682089, "url": "https://www.iryou.teikyouseido.mhlw.go.jp/znk-web/juminkanja/S2430/initialize?prefCd=22&kikanCd=7220502170&kikanKbn=5", "url2": "https://pharmacy.maple-group.co.jp/", "内容": "メイプル薬局石坂店【5:薬局】静岡県富士市石坂２７９－１　１０１号室" }, "geometry": { "type": "Point", "coordinates": [ 138.682089, 35.181354 ] } },
{ "type": "Feature", "properties": { "ID": "2257220502190", "正式名称": "いしざか薬局", "機関区分": 5, "都道府県コード": 22, "市区町村コード": 210, "所在地": "静岡県富士市石坂６８－７", "緯度": 35.175611, "経度": 138.682544, "url": "https://www.iryou.teikyouseido.mhlw.go.jp/znk-web/juminkanja/S2430/initialize?prefCd=22&kikanCd=7220502190&kikanKbn=5", "url2": null, "内容": "いしざか薬局【5:薬局】静岡県富士市石坂６８－７" }, "geometry": { "type": "Point", "coordinates": [ 138.682544, 35.175611 ] } },
{ "type": "Feature", "properties": { "ID": "2257220502210", "正式名称": "よどがわ薬局", "機関区分": 5, "都道府県コード": 22, "市区町村コード": 207, "所在地": "静岡県富士宮市淀川町３０－１５", "緯度": 35.230952, "経度": 138.600225, "url": "https://www.iryou.teikyouseido.mhlw.go.jp/znk-web/juminkanja/S2430/initialize?prefCd=22&kikanCd=7220502210&kikanKbn=5", "url2": "https://pharmacy.maple-group.co.jp/", "内容": "よどがわ薬局【5:薬局】静岡県富士宮市淀川町３０－１５" }, "geometry": { "type": "Point", "coordinates": [ 138.600225, 35.230952 ] } },
{ "type": "Feature", "properties": { "ID": "2257220502220", "正式名称": "アイン薬局　富士中央店", "機関区分": 5, "都道府県コード": 22, "市区町村コード": 210, "所在地": "静岡県富士市高島町１０５", "緯度": 35.157863, "経度": 138.671962, "url": "https://www.iryou.teikyouseido.mhlw.go.jp/znk-web/juminkanja/S2430/initialize?prefCd=22&kikanCd=7220502220&kikanKbn=5", "url2": "https://www.ainj.co.jp/", "内容": "アイン薬局　富士中央店【5:薬局】静岡県富士市高島町１０５" }, "geometry": { "type": "Point", "coordinates": [ 138.671962, 35.157863 ] } },
{ "type": "Feature", "properties": { "ID": "2257220502240", "正式名称": "アイン薬局　富士店", "機関区分": 5, "都道府県コード": 22, "市区町村コード": 210, "所在地": "静岡県富士市平垣１０９－１０", "緯度": 35.162115, "経度": 138.649303, "url": "https://www.iryou.teikyouseido.mhlw.go.jp/znk-web/juminkanja/S2430/initialize?prefCd=22&kikanCd=7220502240&kikanKbn=5", "url2": "http://www.ainj.co.jp", "内容": "アイン薬局　富士店【5:薬局】静岡県富士市平垣１０９－１０" }, "geometry": { "type": "Point", "coordinates": [ 138.649303, 35.162115 ] } },
{ "type": "Feature", "properties": { "ID": "2257220502250", "正式名称": "アイン薬局　富士宮店", "機関区分": 5, "都道府県コード": 22, "市区町村コード": 207, "所在地": "静岡県富士宮市東町２７－６", "緯度": 35.221499, "経度": 138.618721, "url": "https://www.iryou.teikyouseido.mhlw.go.jp/znk-web/juminkanja/S2430/initialize?prefCd=22&kikanCd=7220502250&kikanKbn=5", "url2": "http://www.ainj.co.jp", "内容": "アイン薬局　富士宮店【5:薬局】静岡県富士宮市東町２７－６" }, "geometry": { "type": "Point", "coordinates": [ 138.618721, 35.221499 ] } },
{ "type": "Feature", "properties": { "ID": "2257220502260", "正式名称": "メイプル薬局野中店", "機関区分": 5, "都道府県コード": 22, "市区町村コード": 207, "所在地": "静岡県富士宮市野中９５９－１", "緯度": 35.210663, "経度": 138.607447, "url": "https://www.iryou.teikyouseido.mhlw.go.jp/znk-web/juminkanja/S2430/initialize?prefCd=22&kikanCd=7220502260&kikanKbn=5", "url2": "https://pharmacy.maple-group.co.jp/", "内容": "メイプル薬局野中店【5:薬局】静岡県富士宮市野中９５９－１" }, "geometry": { "type": "Point", "coordinates": [ 138.607447, 35.210663 ] } },
{ "type": "Feature", "properties": { "ID": "2257220502290", "正式名称": "メイプル薬局瓜島西店", "機関区分": 5, "都道府県コード": 22, "市区町村コード": 210, "所在地": "静岡県富士市瓜島町１０４－１", "緯度": 35.165498, "経度": 138.671495, "url": "https://www.iryou.teikyouseido.mhlw.go.jp/znk-web/juminkanja/S2430/initialize?prefCd=22&kikanCd=7220502290&kikanKbn=5", "url2": "https://pharmacy.maple-group.co.jp/", "内容": "メイプル薬局瓜島西店【5:薬局】静岡県富士市瓜島町１０４－１" }, "geometry": { "type": "Point", "coordinates": [ 138.671495, 35.165498 ] } },
{ "type": "Feature", "properties": { "ID": "2257220502300", "正式名称": "ウエルシア薬局富士水戸島店", "機関区分": 5, "都道府県コード": 22, "市区町村コード": 210, "所在地": "静岡県富士市水戸島字松井１１９－４", "緯度": 35.148944, "経度": 138.642423, "url": "https://www.iryou.teikyouseido.mhlw.go.jp/znk-web/juminkanja/S2430/initialize?prefCd=22&kikanCd=7220502300&kikanKbn=5", "url2": "http://www.welcia-yakkyoku.co.jp/", "内容": "ウエルシア薬局富士水戸島店【5:薬局】静岡県富士市水戸島字松井１１９－４" }, "geometry": { "type": "Point", "coordinates": [ 138.642423, 35.148944 ] } },
{ "type": "Feature", "properties": { "ID": "2257220502310", "正式名称": "ウエルシア薬局富士五味島店", "機関区分": 5, "都道府県コード": 22, "市区町村コード": 210, "所在地": "静岡県富士市米之宮町２４０", "緯度": 35.165521, "経度": 138.657013, "url": "https://www.iryou.teikyouseido.mhlw.go.jp/znk-web/juminkanja/S2430/initialize?prefCd=22&kikanCd=7220502310&kikanKbn=5", "url2": "https://www.welcia-yakkyoku.co.jp/", "内容": "ウエルシア薬局富士五味島店【5:薬局】静岡県富士市米之宮町２４０" }, "geometry": { "type": "Point", "coordinates": [ 138.657013, 35.165521 ] } },
{ "type": "Feature", "properties": { "ID": "2257220502320", "正式名称": "ウエルシア薬局富士川成島店", "機関区分": 5, "都道府県コード": 22, "市区町村コード": 210, "所在地": "静岡県富士市川成新町６０", "緯度": 35.136549, "経度": 138.663827, "url": "https://www.iryou.teikyouseido.mhlw.go.jp/znk-web/juminkanja/S2430/initialize?prefCd=22&kikanCd=7220502320&kikanKbn=5", "url2": "https://www.welcia-yakkyoku.co.jp", "内容": "ウエルシア薬局富士川成島店【5:薬局】静岡県富士市川成新町６０" }, "geometry": { "type": "Point", "coordinates": [ 138.663827, 35.136549 ] } },
{ "type": "Feature", "properties": { "ID": "2257220502350", "正式名称": "アイセイ薬局富士天間店", "機関区分": 5, "都道府県コード": 22, "市区町村コード": 210, "所在地": "静岡県富士市天間字大久保１５８８番１０", "緯度": 35.205239, "経度": 138.647403, "url": "https://www.iryou.teikyouseido.mhlw.go.jp/znk-web/juminkanja/S2430/initialize?prefCd=22&kikanCd=7220502350&kikanKbn=5", "url2": "http://www.aisei.co.jp/", "内容": "アイセイ薬局富士天間店【5:薬局】静岡県富士市天間字大久保１５８８番１０" }, "geometry": { "type": "Point", "coordinates": [ 138.647403, 35.205239 ] } },
{ "type": "Feature", "properties": { "ID": "2257220502380", "正式名称": "アイセイ薬局富士宮店", "機関区分": 5, "都道府県コード": 22, "市区町村コード": 207, "所在地": "静岡県富士宮市宮原８９－１", "緯度": 35.2486, "経度": 138.60771, "url": "https://www.iryou.teikyouseido.mhlw.go.jp/znk-web/juminkanja/S2430/initialize?prefCd=22&kikanCd=7220502380&kikanKbn=5", "url2": "https://www.aisei.co.jp/", "内容": "アイセイ薬局富士宮店【5:薬局】静岡県富士宮市宮原８９－１" }, "geometry": { "type": "Point", "coordinates": [ 138.60771, 35.2486 ] } },
{ "type": "Feature", "properties": { "ID": "2257220502390", "正式名称": "杏林堂薬局富士厚原店", "機関区分": 5, "都道府県コード": 22, "市区町村コード": 210, "所在地": "静岡県富士市厚原１２４１", "緯度": 35.190078, "経度": 138.662159, "url": "https://www.iryou.teikyouseido.mhlw.go.jp/znk-web/juminkanja/S2430/initialize?prefCd=22&kikanCd=7220502390&kikanKbn=5", "url2": "https://www.kyorindo.co.jp", "内容": "杏林堂薬局富士厚原店【5:薬局】静岡県富士市厚原１２４１" }, "geometry": { "type": "Point", "coordinates": [ 138.662159, 35.190078 ] } },
{ "type": "Feature", "properties": { "ID": "2257220502400", "正式名称": "ふじやま薬局", "機関区分": 5, "都道府県コード": 22, "市区町村コード": 210, "所在地": "静岡県富士市本市場町１００２", "緯度": 35.159273, "経度": 138.657669, "url": "https://www.iryou.teikyouseido.mhlw.go.jp/znk-web/juminkanja/S2430/initialize?prefCd=22&kikanCd=7220502400&kikanKbn=5", "url2": "http://www.kens443.co.jp/", "内容": "ふじやま薬局【5:薬局】静岡県富士市本市場町１００２" }, "geometry": { "type": "Point", "coordinates": [ 138.657669, 35.159273 ] } },
{ "type": "Feature", "properties": { "ID": "2257220502410", "正式名称": "ウエルシア薬局富士宮粟倉店", "機関区分": 5, "都道府県コード": 22, "市区町村コード": 207, "所在地": "静岡県富士宮市粟倉南町１５９", "緯度": 35.250865, "経度": 138.63688, "url": "https://www.iryou.teikyouseido.mhlw.go.jp/znk-web/juminkanja/S2430/initialize?prefCd=22&kikanCd=7220502410&kikanKbn=5", "url2": "http://www.welcia-yakkyoku.co.jp", "内容": "ウエルシア薬局富士宮粟倉店【5:薬局】静岡県富士宮市粟倉南町１５９" }, "geometry": { "type": "Point", "coordinates": [ 138.63688, 35.250865 ] } },
{ "type": "Feature", "properties": { "ID": "2257220502430", "正式名称": "まごころ薬局津田店", "機関区分": 5, "都道府県コード": 22, "市区町村コード": 210, "所在地": "静岡県富士市津田町１８３", "緯度": 35.152005, "経度": 138.682919, "url": "https://www.iryou.teikyouseido.mhlw.go.jp/znk-web/juminkanja/S2430/initialize?prefCd=22&kikanCd=7220502430&kikanKbn=5", "url2": "http://www.longlife-ph.com/", "内容": "まごころ薬局津田店【5:薬局】静岡県富士市津田町１８３" }, "geometry": { "type": "Point", "coordinates": [ 138.682919, 35.152005 ] } },
{ "type": "Feature", "properties": { "ID": "2257220502440", "正式名称": "ウエルシア薬局富士厚原店", "機関区分": 5, "都道府県コード": 22, "市区町村コード": 210, "所在地": "静岡県富士市厚原８２－１", "緯度": 35.185901, "経度": 138.654603, "url": "https://www.iryou.teikyouseido.mhlw.go.jp/znk-web/juminkanja/S2430/initialize?prefCd=22&kikanCd=7220502440&kikanKbn=5", "url2": "http://www.welcia-yakkyoku.co.jp/", "内容": "ウエルシア薬局富士厚原店【5:薬局】静岡県富士市厚原８２－１" }, "geometry": { "type": "Point", "coordinates": [ 138.654603, 35.185901 ] } },
{ "type": "Feature", "properties": { "ID": "2257220502450", "正式名称": "ウエルシア薬局富士木の宮店", "機関区分": 5, "都道府県コード": 22, "市区町村コード": 210, "所在地": "静岡県富士市今泉３２２１", "緯度": 35.178522, "経度": 138.695409, "url": "https://www.iryou.teikyouseido.mhlw.go.jp/znk-web/juminkanja/S2430/initialize?prefCd=22&kikanCd=7220502450&kikanKbn=5", "url2": "http://as.chizumaru.com/welcia/detailMap?account=welcia&accmd=3&bid=7235&adr=22210&x=499245.644&y=126569.253&lscl=9994&lrot=0&pgret=1&kkw002=1%2C2", "内容": "ウエルシア薬局富士木の宮店【5:薬局】静岡県富士市今泉３２２１" }, "geometry": { "type": "Point", "coordinates": [ 138.695409, 35.178522 ] } },
{ "type": "Feature", "properties": { "ID": "2257220502490", "正式名称": "ウエルシア薬局富士国久保店", "機関区分": 5, "都道府県コード": 22, "市区町村コード": 210, "所在地": "静岡県富士市国久保１－５－２２", "緯度": 35.170014, "経度": 138.683272, "url": "https://www.iryou.teikyouseido.mhlw.go.jp/znk-web/juminkanja/S2430/initialize?prefCd=22&kikanCd=7220502490&kikanKbn=5", "url2": "https://stores.welcia.co.jp/7237D", "内容": "ウエルシア薬局富士国久保店【5:薬局】静岡県富士市国久保１－５－２２" }, "geometry": { "type": "Point", "coordinates": [ 138.683272, 35.170014 ] } },
{ "type": "Feature", "properties": { "ID": "2257220502500", "正式名称": "クロロ薬局", "機関区分": 5, "都道府県コード": 22, "市区町村コード": 210, "所在地": "静岡県富士市中野字西三ツ倉４２９－２５，２６，２７", "緯度": 35.19753, "経度": 138.680758, "url": "https://www.iryou.teikyouseido.mhlw.go.jp/znk-web/juminkanja/S2430/initialize?prefCd=22&kikanCd=7220502500&kikanKbn=5", "url2": null, "内容": "クロロ薬局【5:薬局】静岡県富士市中野字西三ツ倉４２９－２５，２６，２７" }, "geometry": { "type": "Point", "coordinates": [ 138.680758, 35.19753 ] } },
{ "type": "Feature", "properties": { "ID": "2257220502510", "正式名称": "西富士宮薬局", "機関区分": 5, "都道府県コード": 22, "市区町村コード": 207, "所在地": "静岡県富士宮市西町２３－１", "緯度": 35.226275, "経度": 138.604792, "url": "https://www.iryou.teikyouseido.mhlw.go.jp/znk-web/juminkanja/S2430/initialize?prefCd=22&kikanCd=7220502510&kikanKbn=5", "url2": "http://www.cykt.jp/index.html", "内容": "西富士宮薬局【5:薬局】静岡県富士宮市西町２３－１" }, "geometry": { "type": "Point", "coordinates": [ 138.604792, 35.226275 ] } },
{ "type": "Feature", "properties": { "ID": "2257220502520", "正式名称": "メイプル薬局蓼原店", "機関区分": 5, "都道府県コード": 22, "市区町村コード": 210, "所在地": "静岡県富士市蓼原１８６－１４", "緯度": 35.153128, "経度": 138.669321, "url": "https://www.iryou.teikyouseido.mhlw.go.jp/znk-web/juminkanja/S2430/initialize?prefCd=22&kikanCd=7220502520&kikanKbn=5", "url2": "https://pharmacy.maple-group.co.jp/", "内容": "メイプル薬局蓼原店【5:薬局】静岡県富士市蓼原１８６－１４" }, "geometry": { "type": "Point", "coordinates": [ 138.669321, 35.153128 ] } },
{ "type": "Feature", "properties": { "ID": "2257220502530", "正式名称": "ウエルシア薬局富士宮城山店", "機関区分": 5, "都道府県コード": 22, "市区町村コード": 207, "所在地": "静岡県富士宮市若の宮町１６", "緯度": 35.231533, "経度": 138.615385, "url": "https://www.iryou.teikyouseido.mhlw.go.jp/znk-web/juminkanja/S2430/initialize?prefCd=22&kikanCd=7220502530&kikanKbn=5", "url2": "http://www.welcia-yakkyoku.co.jp", "内容": "ウエルシア薬局富士宮城山店【5:薬局】静岡県富士宮市若の宮町１６" }, "geometry": { "type": "Point", "coordinates": [ 138.615385, 35.231533 ] } },
{ "type": "Feature", "properties": { "ID": "2257220502550", "正式名称": "原田薬局御幸通り店", "機関区分": 5, "都道府県コード": 22, "市区町村コード": 210, "所在地": "静岡県富士市荒田島町６－２０", "緯度": 35.15644, "経度": 138.683996, "url": "https://www.iryou.teikyouseido.mhlw.go.jp/znk-web/juminkanja/S2430/initialize?prefCd=22&kikanCd=7220502550&kikanKbn=5", "url2": null, "内容": "原田薬局御幸通り店【5:薬局】静岡県富士市荒田島町６－２０" }, "geometry": { "type": "Point", "coordinates": [ 138.683996, 35.15644 ] } },
{ "type": "Feature", "properties": { "ID": "2257220502560", "正式名称": "大村薬局", "機関区分": 5, "都道府県コード": 22, "市区町村コード": 210, "所在地": "静岡県富士市中里１４１２", "緯度": 35.164882, "経度": 138.731339, "url": "https://www.iryou.teikyouseido.mhlw.go.jp/znk-web/juminkanja/S2430/initialize?prefCd=22&kikanCd=7220502560&kikanKbn=5", "url2": "https://egaowourumise.com/", "内容": "大村薬局【5:薬局】静岡県富士市中里１４１２" }, "geometry": { "type": "Point", "coordinates": [ 138.731339, 35.164882 ] } },
{ "type": "Feature", "properties": { "ID": "2257220502570", "正式名称": "富士こうりん薬局", "機関区分": 5, "都道府県コード": 22, "市区町村コード": 210, "所在地": "静岡県富士市本市場新田５６－２４", "緯度": 35.169056, "経度": 138.653844, "url": "https://www.iryou.teikyouseido.mhlw.go.jp/znk-web/juminkanja/S2430/initialize?prefCd=22&kikanCd=7220502570&kikanKbn=5", "url2": null, "内容": "富士こうりん薬局【5:薬局】静岡県富士市本市場新田５６－２４" }, "geometry": { "type": "Point", "coordinates": [ 138.653844, 35.169056 ] } },
{ "type": "Feature", "properties": { "ID": "2257220502590", "正式名称": "クオール薬局　横割店", "機関区分": 5, "都道府県コード": 22, "市区町村コード": 210, "所在地": "静岡県富士市横割３－１０－１０", "緯度": 35.149283, "経度": 138.654103, "url": "https://www.iryou.teikyouseido.mhlw.go.jp/znk-web/juminkanja/S2430/initialize?prefCd=22&kikanCd=7220502590&kikanKbn=5", "url2": "https://store.qol-net.co.jp/detail/366/", "内容": "クオール薬局　横割店【5:薬局】静岡県富士市横割３－１０－１０" }, "geometry": { "type": "Point", "coordinates": [ 138.654103, 35.149283 ] } },
{ "type": "Feature", "properties": { "ID": "2257220502600", "正式名称": "クオール薬局　富士北店", "機関区分": 5, "都道府県コード": 22, "市区町村コード": 210, "所在地": "静岡県富士市厚原８３８－２", "緯度": 35.18852, "経度": 138.654119, "url": "https://www.iryou.teikyouseido.mhlw.go.jp/znk-web/juminkanja/S2430/initialize?prefCd=22&kikanCd=7220502600&kikanKbn=5", "url2": "http://www.qol-net.co.jp/", "内容": "クオール薬局　富士北店【5:薬局】静岡県富士市厚原８３８－２" }, "geometry": { "type": "Point", "coordinates": [ 138.654119, 35.18852 ] } },
{ "type": "Feature", "properties": { "ID": "2257220502620", "正式名称": "新富士薬局", "機関区分": 5, "都道府県コード": 22, "市区町村コード": 210, "所在地": "静岡県富士市宮島１８３－２", "緯度": 35.142023, "経度": 138.648975, "url": "https://www.iryou.teikyouseido.mhlw.go.jp/znk-web/juminkanja/S2430/initialize?prefCd=22&kikanCd=7220502620&kikanKbn=5", "url2": "http://www.cykt.jp/index.html", "内容": "新富士薬局【5:薬局】静岡県富士市宮島１８３－２" }, "geometry": { "type": "Point", "coordinates": [ 138.648975, 35.142023 ] } },
{ "type": "Feature", "properties": { "ID": "2257220502630", "正式名称": "ファーマライズ薬局　富士店", "機関区分": 5, "都道府県コード": 22, "市区町村コード": 210, "所在地": "静岡県富士市大淵２８００番９", "緯度": 35.204904, "経度": 138.683307, "url": "https://www.iryou.teikyouseido.mhlw.go.jp/znk-web/juminkanja/S2430/initialize?prefCd=22&kikanCd=7220502630&kikanKbn=5", "url2": "https://www.pharmarise.com/company/store/store.php?store_id=226", "内容": "ファーマライズ薬局　富士店【5:薬局】静岡県富士市大淵２８００番９" }, "geometry": { "type": "Point", "coordinates": [ 138.683307, 35.204904 ] } },
{ "type": "Feature", "properties": { "ID": "2257220502640", "正式名称": "ファーマライズ薬局　富士蓼原店", "機関区分": 5, "都道府県コード": 22, "市区町村コード": 210, "所在地": "静岡県富士市蓼原町１６１９－２", "緯度": 35.157893, "経度": 138.667032, "url": "https://www.iryou.teikyouseido.mhlw.go.jp/znk-web/juminkanja/S2430/initialize?prefCd=22&kikanCd=7220502640&kikanKbn=5", "url2": "https://www.pharmarise.com/company/store/store.php?store_id=217", "内容": "ファーマライズ薬局　富士蓼原店【5:薬局】静岡県富士市蓼原町１６１９－２" }, "geometry": { "type": "Point", "coordinates": [ 138.667032, 35.157893 ] } },
{ "type": "Feature", "properties": { "ID": "2257220502650", "正式名称": "ポプラ薬局　貴船町店", "機関区分": 5, "都道府県コード": 22, "市区町村コード": 207, "所在地": "静岡県富士宮市貴船町５－１６", "緯度": 35.229539, "経度": 138.602375, "url": "https://www.iryou.teikyouseido.mhlw.go.jp/znk-web/juminkanja/S2430/initialize?prefCd=22&kikanCd=7220502650&kikanKbn=5", "url2": "http://www.pfc-poplar.co.jp/", "内容": "ポプラ薬局　貴船町店【5:薬局】静岡県富士宮市貴船町５－１６" }, "geometry": { "type": "Point", "coordinates": [ 138.602375, 35.229539 ] } },
{ "type": "Feature", "properties": { "ID": "2257220502680", "正式名称": "アイン薬局　富士宮大岩店", "機関区分": 5, "都道府県コード": 22, "市区町村コード": 207, "所在地": "静岡県富士宮市大岩２７７－８", "緯度": 35.241481, "経度": 138.62828, "url": "https://www.iryou.teikyouseido.mhlw.go.jp/znk-web/juminkanja/S2430/initialize?prefCd=22&kikanCd=7220502680&kikanKbn=5", "url2": "https://www.ainj.co.jp", "内容": "アイン薬局　富士宮大岩店【5:薬局】静岡県富士宮市大岩２７７－８" }, "geometry": { "type": "Point", "coordinates": [ 138.62828, 35.241481 ] } },
{ "type": "Feature", "properties": { "ID": "2257220502690", "正式名称": "アイン薬局　米之宮店", "機関区分": 5, "都道府県コード": 22, "市区町村コード": 210, "所在地": "静岡県富士市米之宮町２３６", "緯度": 35.166175, "経度": 138.654932, "url": "https://www.iryou.teikyouseido.mhlw.go.jp/znk-web/juminkanja/S2430/initialize?prefCd=22&kikanCd=7220502690&kikanKbn=5", "url2": "https://www.ainj.co.jp/", "内容": "アイン薬局　米之宮店【5:薬局】静岡県富士市米之宮町２３６" }, "geometry": { "type": "Point", "coordinates": [ 138.654932, 35.166175 ] } },
{ "type": "Feature", "properties": { "ID": "2257220502700", "正式名称": "アイン薬局　西宮島店", "機関区分": 5, "都道府県コード": 22, "市区町村コード": 210, "所在地": "静岡県富士市川成島７５６番１", "緯度": 35.141905, "経度": 138.654669, "url": "https://www.iryou.teikyouseido.mhlw.go.jp/znk-web/juminkanja/S2430/initialize?prefCd=22&kikanCd=7220502700&kikanKbn=5", "url2": "https://www.ainj.co.jp/", "内容": "アイン薬局　西宮島店【5:薬局】静岡県富士市川成島７５６番１" }, "geometry": { "type": "Point", "coordinates": [ 138.654669, 35.141905 ] } },
{ "type": "Feature", "properties": { "ID": "2257220502710", "正式名称": "アイン薬局　富士石坂店", "機関区分": 5, "都道府県コード": 22, "市区町村コード": 210, "所在地": "静岡県富士市石坂１６８－６", "緯度": 35.181746, "経度": 138.680039, "url": "https://www.iryou.teikyouseido.mhlw.go.jp/znk-web/juminkanja/S2430/initialize?prefCd=22&kikanCd=7220502710&kikanKbn=5", "url2": "www.ainj.co.jp", "内容": "アイン薬局　富士石坂店【5:薬局】静岡県富士市石坂１６８－６" }, "geometry": { "type": "Point", "coordinates": [ 138.680039, 35.181746 ] } },
{ "type": "Feature", "properties": { "ID": "2257220502730", "正式名称": "東町薬局", "機関区分": 5, "都道府県コード": 22, "市区町村コード": 207, "所在地": "静岡県富士宮市中央町２－４", "緯度": 35.2243, "経度": 138.614716, "url": "https://www.iryou.teikyouseido.mhlw.go.jp/znk-web/juminkanja/S2430/initialize?prefCd=22&kikanCd=7220502730&kikanKbn=5", "url2": "https://four-s.site/", "内容": "東町薬局【5:薬局】静岡県富士宮市中央町２－４" }, "geometry": { "type": "Point", "coordinates": [ 138.614716, 35.2243 ] } },
{ "type": "Feature", "properties": { "ID": "2257220502740", "正式名称": "ウエルシア薬局　富士中央店", "機関区分": 5, "都道府県コード": 22, "市区町村コード": 210, "所在地": "静岡県富士市青葉町３９２番地", "緯度": 35.162016, "経度": 138.65936, "url": "https://www.iryou.teikyouseido.mhlw.go.jp/znk-web/juminkanja/S2430/initialize?prefCd=22&kikanCd=7220502740&kikanKbn=5", "url2": "https://www.welcia.co.jp/ja/index.html", "内容": "ウエルシア薬局　富士中央店【5:薬局】静岡県富士市青葉町３９２番地" }, "geometry": { "type": "Point", "coordinates": [ 138.65936, 35.162016 ] } },
{ "type": "Feature", "properties": { "ID": "2257220502750", "正式名称": "村松薬局　粟倉店", "機関区分": 5, "都道府県コード": 22, "市区町村コード": 207, "所在地": "静岡県富士宮市粟倉南町１１６－３", "緯度": 35.25222, "経度": 138.636638, "url": "https://www.iryou.teikyouseido.mhlw.go.jp/znk-web/juminkanja/S2430/initialize?prefCd=22&kikanCd=7220502750&kikanKbn=5", "url2": null, "内容": "村松薬局　粟倉店【5:薬局】静岡県富士宮市粟倉南町１１６－３" }, "geometry": { "type": "Point", "coordinates": [ 138.636638, 35.25222 ] } },
{ "type": "Feature", "properties": { "ID": "2257220502760", "正式名称": "富士宮薬局", "機関区分": 5, "都道府県コード": 22, "市区町村コード": 207, "所在地": "静岡県富士宮市ひばりが丘４１６", "緯度": 35.234777, "経度": 138.620075, "url": "https://www.iryou.teikyouseido.mhlw.go.jp/znk-web/juminkanja/S2430/initialize?prefCd=22&kikanCd=7220502760&kikanKbn=5", "url2": "https://www.miyayaku.com/", "内容": "富士宮薬局【5:薬局】静岡県富士宮市ひばりが丘４１６" }, "geometry": { "type": "Point", "coordinates": [ 138.620075, 35.234777 ] } },
{ "type": "Feature", "properties": { "ID": "2257220502770", "正式名称": "小島薬局緑ヶ丘店", "機関区分": 5, "都道府県コード": 22, "市区町村コード": 210, "所在地": "静岡県富士市今泉９－７－１４", "緯度": 35.170091, "経度": 138.685029, "url": "https://www.iryou.teikyouseido.mhlw.go.jp/znk-web/juminkanja/S2430/initialize?prefCd=22&kikanCd=7220502770&kikanKbn=5", "url2": "http://kojimayakkyoku.com/", "内容": "小島薬局緑ヶ丘店【5:薬局】静岡県富士市今泉９－７－１４" }, "geometry": { "type": "Point", "coordinates": [ 138.685029, 35.170091 ] } },
{ "type": "Feature", "properties": { "ID": "2257220502780", "正式名称": "杏林堂薬局　アクロスプラザ厚原店", "機関区分": 5, "都道府県コード": 22, "市区町村コード": 210, "所在地": "静岡県富士市厚原１１０－１", "緯度": 35.183376, "経度": 138.656545, "url": "https://www.iryou.teikyouseido.mhlw.go.jp/znk-web/juminkanja/S2430/initialize?prefCd=22&kikanCd=7220502780&kikanKbn=5", "url2": "https://www.kyorindo.co.jp", "内容": "杏林堂薬局　アクロスプラザ厚原店【5:薬局】静岡県富士市厚原１１０－１" }, "geometry": { "type": "Point", "coordinates": [ 138.656545, 35.183376 ] } },
{ "type": "Feature", "properties": { "ID": "2257220502800", "正式名称": "あおい薬局万野原店", "機関区分": 5, "都道府県コード": 22, "市区町村コード": 207, "所在地": "静岡県富士宮市万野原新田３９２５－３", "緯度": 35.248591, "経度": 138.618823, "url": "https://www.iryou.teikyouseido.mhlw.go.jp/znk-web/juminkanja/S2430/initialize?prefCd=22&kikanCd=7220502800&kikanKbn=5", "url2": null, "内容": "あおい薬局万野原店【5:薬局】静岡県富士宮市万野原新田３９２５－３" }, "geometry": { "type": "Point", "coordinates": [ 138.618823, 35.248591 ] } },
{ "type": "Feature", "properties": { "ID": "2257220502820", "正式名称": "ウエルシア薬局富士広見店", "機関区分": 5, "都道府県コード": 22, "市区町村コード": 210, "所在地": "静岡県富士市石坂４５９－１", "緯度": 35.184217, "経度": 138.683029, "url": "https://www.iryou.teikyouseido.mhlw.go.jp/znk-web/juminkanja/S2430/initialize?prefCd=22&kikanCd=7220502820&kikanKbn=5", "url2": "https://www.welcia-yakkyoku.co.jp/", "内容": "ウエルシア薬局富士広見店【5:薬局】静岡県富士市石坂４５９－１" }, "geometry": { "type": "Point", "coordinates": [ 138.683029, 35.184217 ] } },
{ "type": "Feature", "properties": { "ID": "2257220502830", "正式名称": "福聚薬局", "機関区分": 5, "都道府県コード": 22, "市区町村コード": 210, "所在地": "静岡県富士市松岡３００－１７", "緯度": 35.170159, "経度": 138.644288, "url": "https://www.iryou.teikyouseido.mhlw.go.jp/znk-web/juminkanja/S2430/initialize?prefCd=22&kikanCd=7220502830&kikanKbn=5", "url2": "https://ekou-group.jp/profile.html", "内容": "福聚薬局【5:薬局】静岡県富士市松岡３００－１７" }, "geometry": { "type": "Point", "coordinates": [ 138.644288, 35.170159 ] } },
{ "type": "Feature", "properties": { "ID": "2257220502840", "正式名称": "弓沢町薬局", "機関区分": 5, "都道府県コード": 22, "市区町村コード": 207, "所在地": "静岡県富士宮市弓沢町７９９", "緯度": 35.222897, "経度": 138.625478, "url": "https://www.iryou.teikyouseido.mhlw.go.jp/znk-web/juminkanja/S2430/initialize?prefCd=22&kikanCd=7220502840&kikanKbn=5", "url2": null, "内容": "弓沢町薬局【5:薬局】静岡県富士宮市弓沢町７９９" }, "geometry": { "type": "Point", "coordinates": [ 138.625478, 35.222897 ] } },
{ "type": "Feature", "properties": { "ID": "2257220502850", "正式名称": "ウエルシア薬局富士富士岡店", "機関区分": 5, "都道府県コード": 22, "市区町村コード": 210, "所在地": "静岡県富士市富士岡４６６－９", "緯度": 35.159274, "経度": 138.72387, "url": "https://www.iryou.teikyouseido.mhlw.go.jp/znk-web/juminkanja/S2430/initialize?prefCd=22&kikanCd=7220502850&kikanKbn=5", "url2": "https://stores.welcia.co.jp/7320D", "内容": "ウエルシア薬局富士富士岡店【5:薬局】静岡県富士市富士岡４６６－９" }, "geometry": { "type": "Point", "coordinates": [ 138.72387, 35.159274 ] } },
{ "type": "Feature", "properties": { "ID": "2257220502870", "正式名称": "望月薬局", "機関区分": 5, "都道府県コード": 22, "市区町村コード": 210, "所在地": "静岡県富士市鷹岡本町３ー２０", "緯度": 35.185201, "経度": 138.647273, "url": "https://www.iryou.teikyouseido.mhlw.go.jp/znk-web/juminkanja/S2430/initialize?prefCd=22&kikanCd=7220502870&kikanKbn=5", "url2": null, "内容": "望月薬局【5:薬局】静岡県富士市鷹岡本町３ー２０" }, "geometry": { "type": "Point", "coordinates": [ 138.647273, 35.185201 ] } },
{ "type": "Feature", "properties": { "ID": "2257220502880", "正式名称": "ふじやま薬局松岡店", "機関区分": 5, "都道府県コード": 22, "市区町村コード": 210, "所在地": "静岡県富士市松岡１２１４－６", "緯度": 35.156226, "経度": 138.636502, "url": "https://www.iryou.teikyouseido.mhlw.go.jp/znk-web/juminkanja/S2430/initialize?prefCd=22&kikanCd=7220502880&kikanKbn=5", "url2": "https://www.kens443.co.jp/", "内容": "ふじやま薬局松岡店【5:薬局】静岡県富士市松岡１２１４－６" }, "geometry": { "type": "Point", "coordinates": [ 138.636502, 35.156226 ] } },
{ "type": "Feature", "properties": { "ID": "2257220502890", "正式名称": "はるな薬局神谷店", "機関区分": 5, "都道府県コード": 22, "市区町村コード": 210, "所在地": "静岡県富士市神谷４４６－１", "緯度": 35.162688, "経度": 138.742484, "url": "https://www.iryou.teikyouseido.mhlw.go.jp/znk-web/juminkanja/S2430/initialize?prefCd=22&kikanCd=7220502890&kikanKbn=5", "url2": "https://yppp.jp/client/", "内容": "はるな薬局神谷店【5:薬局】静岡県富士市神谷４４６－１" }, "geometry": { "type": "Point", "coordinates": [ 138.742484, 35.162688 ] } },
{ "type": "Feature", "properties": { "ID": "2257220502900", "正式名称": "あおぞら薬局", "機関区分": 5, "都道府県コード": 22, "市区町村コード": 207, "所在地": "静岡県富士宮市中央町１１番７号", "緯度": 35.225018, "経度": 138.615991, "url": "https://www.iryou.teikyouseido.mhlw.go.jp/znk-web/juminkanja/S2430/initialize?prefCd=22&kikanCd=7220502900&kikanKbn=5", "url2": null, "内容": "あおぞら薬局【5:薬局】静岡県富士宮市中央町１１番７号" }, "geometry": { "type": "Point", "coordinates": [ 138.615991, 35.225018 ] } },
{ "type": "Feature", "properties": { "ID": "2257220502910", "正式名称": "杏林堂薬局富士宮浅間店", "機関区分": 5, "都道府県コード": 22, "市区町村コード": 207, "所在地": "静岡県富士宮市浅間町６ー３", "緯度": 35.218264, "経度": 138.610123, "url": "https://www.iryou.teikyouseido.mhlw.go.jp/znk-web/juminkanja/S2430/initialize?prefCd=22&kikanCd=7220502910&kikanKbn=5", "url2": "https://www.kyorindo.co.jp/", "内容": "杏林堂薬局富士宮浅間店【5:薬局】静岡県富士宮市浅間町６ー３" }, "geometry": { "type": "Point", "coordinates": [ 138.610123, 35.218264 ] } },
{ "type": "Feature", "properties": { "ID": "2257220502920", "正式名称": "ウエルシア薬局富士南町店", "機関区分": 5, "都道府県コード": 22, "市区町村コード": 210, "所在地": "静岡県富士市南町６番１０号", "緯度": 35.15923, "経度": 138.687622, "url": "https://www.iryou.teikyouseido.mhlw.go.jp/znk-web/juminkanja/S2430/initialize?prefCd=22&kikanCd=7220502920&kikanKbn=5", "url2": "https://www.welcia-yakkyoku.co.jp", "内容": "ウエルシア薬局富士南町店【5:薬局】静岡県富士市南町６番１０号" }, "geometry": { "type": "Point", "coordinates": [ 138.687622, 35.15923 ] } },
{ "type": "Feature", "properties": { "ID": "2257220502930", "正式名称": "ウエルシア薬局富士松本店", "機関区分": 5, "都道府県コード": 22, "市区町村コード": 210, "所在地": "静岡県富士市松本１３５番地", "緯度": 35.169829, "経度": 138.648402, "url": "https://www.iryou.teikyouseido.mhlw.go.jp/znk-web/juminkanja/S2430/initialize?prefCd=22&kikanCd=7220502930&kikanKbn=5", "url2": "https://stores.welcia.co.jp/7253D", "内容": "ウエルシア薬局富士松本店【5:薬局】静岡県富士市松本１３５番地" }, "geometry": { "type": "Point", "coordinates": [ 138.648402, 35.169829 ] } },
{ "type": "Feature", "properties": { "ID": "2257220502950", "正式名称": "ウエルシア薬局富士松野店", "機関区分": 5, "都道府県コード": 22, "市区町村コード": 210, "所在地": "静岡県富士市北松野沖田１８５５番地の２", "緯度": 35.187315, "経度": 138.597111, "url": "https://www.iryou.teikyouseido.mhlw.go.jp/znk-web/juminkanja/S2430/initialize?prefCd=22&kikanCd=7220502950&kikanKbn=5", "url2": "https://stores.welcia.co.jp/7336D", "内容": "ウエルシア薬局富士松野店【5:薬局】静岡県富士市北松野沖田１８５５番地の２" }, "geometry": { "type": "Point", "coordinates": [ 138.597111, 35.187315 ] } },
{ "type": "Feature", "properties": { "ID": "2257220502960", "正式名称": "田子浦薬局浅間町店", "機関区分": 5, "都道府県コード": 22, "市区町村コード": 207, "所在地": "静岡県富士宮市浅間町３ー１４", "緯度": 35.221354, "経度": 138.609928, "url": "https://www.iryou.teikyouseido.mhlw.go.jp/znk-web/juminkanja/S2430/initialize?prefCd=22&kikanCd=7220502960&kikanKbn=5", "url2": null, "内容": "田子浦薬局浅間町店【5:薬局】静岡県富士宮市浅間町３ー１４" }, "geometry": { "type": "Point", "coordinates": [ 138.609928, 35.221354 ] } },
{ "type": "Feature", "properties": { "ID": "2257220502970", "正式名称": "ユニスマイル薬局　三園平店", "機関区分": 5, "都道府県コード": 22, "市区町村コード": 207, "所在地": "静岡県富士宮市三園平４８８－２", "緯度": 35.241256, "経度": 138.611034, "url": "https://www.iryou.teikyouseido.mhlw.go.jp/znk-web/juminkanja/S2430/initialize?prefCd=22&kikanCd=7220502970&kikanKbn=5", "url2": "http://unismile.co.jp/", "内容": "ユニスマイル薬局　三園平店【5:薬局】静岡県富士宮市三園平４８８－２" }, "geometry": { "type": "Point", "coordinates": [ 138.611034, 35.241256 ] } },
{ "type": "Feature", "properties": { "ID": "2257220502980", "正式名称": "ユニスマイル薬局浅間本町店", "機関区分": 5, "都道府県コード": 22, "市区町村コード": 210, "所在地": "静岡県富士市浅間本町３－２４", "緯度": 35.166485, "経度": 138.676121, "url": "https://www.iryou.teikyouseido.mhlw.go.jp/znk-web/juminkanja/S2430/initialize?prefCd=22&kikanCd=7220502980&kikanKbn=5", "url2": "https://unismile.co.jp/", "内容": "ユニスマイル薬局浅間本町店【5:薬局】静岡県富士市浅間本町３－２４" }, "geometry": { "type": "Point", "coordinates": [ 138.676121, 35.166485 ] } },
{ "type": "Feature", "properties": { "ID": "2257220502990", "正式名称": "ユニスマイル薬局たかね店", "機関区分": 5, "都道府県コード": 22, "市区町村コード": 210, "所在地": "静岡県富士市高嶺町４－２２", "緯度": 35.156584, "経度": 138.681812, "url": "https://www.iryou.teikyouseido.mhlw.go.jp/znk-web/juminkanja/S2430/initialize?prefCd=22&kikanCd=7220502990&kikanKbn=5", "url2": "https://unismile.co.jp", "内容": "ユニスマイル薬局たかね店【5:薬局】静岡県富士市高嶺町４－２２" }, "geometry": { "type": "Point", "coordinates": [ 138.681812, 35.156584 ] } },
{ "type": "Feature", "properties": { "ID": "2257220503000", "正式名称": "ウエルシア薬局富士宮阿幸地店", "機関区分": 5, "都道府県コード": 22, "市区町村コード": 207, "所在地": "静岡県富士宮市東阿幸地１３５番地", "緯度": 35.230482, "経度": 138.623775, "url": "https://www.iryou.teikyouseido.mhlw.go.jp/znk-web/juminkanja/S2430/initialize?prefCd=22&kikanCd=7220503000&kikanKbn=5", "url2": "https://stores.welcia.co.jp/7160D", "内容": "ウエルシア薬局富士宮阿幸地店【5:薬局】静岡県富士宮市東阿幸地１３５番地" }, "geometry": { "type": "Point", "coordinates": [ 138.623775, 35.230482 ] } },
{ "type": "Feature", "properties": { "ID": "2257220503010", "正式名称": "影山薬局", "機関区分": 5, "都道府県コード": 22, "市区町村コード": 210, "所在地": "静岡県富士市松岡４８６－４", "緯度": 35.165473, "経度": 138.640503, "url": "https://www.iryou.teikyouseido.mhlw.go.jp/znk-web/juminkanja/S2430/initialize?prefCd=22&kikanCd=7220503010&kikanKbn=5", "url2": "kageyama-kusuri.jp", "内容": "影山薬局【5:薬局】静岡県富士市松岡４８６－４" }, "geometry": { "type": "Point", "coordinates": [ 138.640503, 35.165473 ] } },
{ "type": "Feature", "properties": { "ID": "2257220503020", "正式名称": "美琴薬局", "機関区分": 5, "都道府県コード": 22, "市区町村コード": 210, "所在地": "静岡県富士市吉原５ー１ー１７", "緯度": 35.164965, "経度": 138.682087, "url": "https://www.iryou.teikyouseido.mhlw.go.jp/znk-web/juminkanja/S2430/initialize?prefCd=22&kikanCd=7220503020&kikanKbn=5", "url2": "https://mio-mikoto.com/", "内容": "美琴薬局【5:薬局】静岡県富士市吉原５ー１ー１７" }, "geometry": { "type": "Point", "coordinates": [ 138.682087, 35.164965 ] } },
{ "type": "Feature", "properties": { "ID": "2257220503030", "正式名称": "美桜薬局", "機関区分": 5, "都道府県コード": 22, "市区町村コード": 210, "所在地": "静岡県富士市柚木４５０－８", "緯度": 35.160188, "経度": 138.651518, "url": "https://www.iryou.teikyouseido.mhlw.go.jp/znk-web/juminkanja/S2430/initialize?prefCd=22&kikanCd=7220503030&kikanKbn=5", "url2": "https://mio-mikoto.com/", "内容": "美桜薬局【5:薬局】静岡県富士市柚木４５０－８" }, "geometry": { "type": "Point", "coordinates": [ 138.651518, 35.160188 ] } },
{ "type": "Feature", "properties": { "ID": "2257220503040", "正式名称": "メルモ薬局", "機関区分": 5, "都道府県コード": 22, "市区町村コード": 210, "所在地": "静岡県富士市森島１０６", "緯度": 35.144694, "経度": 138.643661, "url": "https://www.iryou.teikyouseido.mhlw.go.jp/znk-web/juminkanja/S2430/initialize?prefCd=22&kikanCd=7220503040&kikanKbn=5", "url2": "https://jyo-bu.co.jp/", "内容": "メルモ薬局【5:薬局】静岡県富士市森島１０６" }, "geometry": { "type": "Point", "coordinates": [ 138.643661, 35.144694 ] } },
{ "type": "Feature", "properties": { "ID": "2257220503050", "正式名称": "ななほし薬局", "機関区分": 5, "都道府県コード": 22, "市区町村コード": 210, "所在地": "静岡県富士市荒田島町９－２６－２", "緯度": 35.158004, "経度": 138.688907, "url": "https://www.iryou.teikyouseido.mhlw.go.jp/znk-web/juminkanja/S2430/initialize?prefCd=22&kikanCd=7220503050&kikanKbn=5", "url2": null, "内容": "ななほし薬局【5:薬局】静岡県富士市荒田島町９－２６－２" }, "geometry": { "type": "Point", "coordinates": [ 138.688907, 35.158004 ] } },
{ "type": "Feature", "properties": { "ID": "2257220503060", "正式名称": "スギ薬局富士宮万野原店", "機関区分": 5, "都道府県コード": 22, "市区町村コード": 207, "所在地": "静岡県富士宮市万野原新田３２２９ー１５", "緯度": 35.245305, "経度": 138.62381, "url": "https://www.iryou.teikyouseido.mhlw.go.jp/znk-web/juminkanja/S2430/initialize?prefCd=22&kikanCd=7220503060&kikanKbn=5", "url2": "http://www.drug-sugi.co.jp", "内容": "スギ薬局富士宮万野原店【5:薬局】静岡県富士宮市万野原新田３２２９ー１５" }, "geometry": { "type": "Point", "coordinates": [ 138.62381, 35.245305 ] } },
{ "type": "Feature", "properties": { "ID": "2257220503070", "正式名称": "さくら薬局　中央町店", "機関区分": 5, "都道府県コード": 22, "市区町村コード": 210, "所在地": "静岡県富士市中央町１－５－２３", "緯度": 35.16237, "経度": 138.684448, "url": "https://www.iryou.teikyouseido.mhlw.go.jp/znk-web/juminkanja/S2430/initialize?prefCd=22&kikanCd=7220503070&kikanKbn=5", "url2": null, "内容": "さくら薬局　中央町店【5:薬局】静岡県富士市中央町１－５－２３" }, "geometry": { "type": "Point", "coordinates": [ 138.684448, 35.16237 ] } },
{ "type": "Feature", "properties": { "ID": "2257220503080", "正式名称": "メイプル薬局在宅センター富士店", "機関区分": 5, "都道府県コード": 22, "市区町村コード": 210, "所在地": "静岡県富士市中野４８３", "緯度": 35.190528, "経度": 138.677406, "url": "https://www.iryou.teikyouseido.mhlw.go.jp/znk-web/juminkanja/S2430/initialize?prefCd=22&kikanCd=7220503080&kikanKbn=5", "url2": "https://pharmacy.maple-group.co.jp/", "内容": "メイプル薬局在宅センター富士店【5:薬局】静岡県富士市中野４８３" }, "geometry": { "type": "Point", "coordinates": [ 138.677406, 35.190528 ] } },
{ "type": "Feature", "properties": { "ID": "2257220503090", "正式名称": "富士インター薬局", "機関区分": 5, "都道府県コード": 22, "市区町村コード": 210, "所在地": "静岡県富士市伝法２４３３ー１", "緯度": 35.173385, "経度": 138.675286, "url": "https://www.iryou.teikyouseido.mhlw.go.jp/znk-web/juminkanja/S2430/initialize?prefCd=22&kikanCd=7220503090&kikanKbn=5", "url2": "https://www.marinegroup.jp/detail/", "内容": "富士インター薬局【5:薬局】静岡県富士市伝法２４３３ー１" }, "geometry": { "type": "Point", "coordinates": [ 138.675286, 35.173385 ] } },
{ "type": "Feature", "properties": { "ID": "2257220503100", "正式名称": "メイプル薬局水戸島店", "機関区分": 5, "都道府県コード": 22, "市区町村コード": 210, "所在地": "静岡県富士市水戸島３０７ー７", "緯度": 35.143894, "経度": 138.647504, "url": "https://www.iryou.teikyouseido.mhlw.go.jp/znk-web/juminkanja/S2430/initialize?prefCd=22&kikanCd=7220503100&kikanKbn=5", "url2": "https://pharmacy.maple-group.co.jp/", "内容": "メイプル薬局水戸島店【5:薬局】静岡県富士市水戸島３０７ー７" }, "geometry": { "type": "Point", "coordinates": [ 138.647504, 35.143894 ] } },
{ "type": "Feature", "properties": { "ID": "2257220503110", "正式名称": "杏林堂薬局富士永田店", "機関区分": 5, "都道府県コード": 22, "市区町村コード": 210, "所在地": "静岡県富士市永田町２ー２３ー１", "緯度": 35.16104, "経度": 138.675, "url": "https://www.iryou.teikyouseido.mhlw.go.jp/znk-web/juminkanja/S2430/initialize?prefCd=22&kikanCd=7220503110&kikanKbn=5", "url2": "https://www.kyorindo.co.jp/shop/?cm=v&id=11830", "内容": "杏林堂薬局富士永田店【5:薬局】静岡県富士市永田町２ー２３ー１" }, "geometry": { "type": "Point", "coordinates": [ 138.675, 35.16104 ] } },
{ "type": "Feature", "properties": { "ID": "2257220503120", "正式名称": "うさぎ薬局鷹岡店", "機関区分": 5, "都道府県コード": 22, "市区町村コード": 210, "所在地": "静岡県富士市入山瀬５２２－１", "緯度": 35.196641, "経度": 138.647111, "url": "https://www.iryou.teikyouseido.mhlw.go.jp/znk-web/juminkanja/S2430/initialize?prefCd=22&kikanCd=7220503120&kikanKbn=5", "url2": "https://usagipharmacy.com/shop/takaoka/", "内容": "うさぎ薬局鷹岡店【5:薬局】静岡県富士市入山瀬５２２－１" }, "geometry": { "type": "Point", "coordinates": [ 138.647111, 35.196641 ] } },
{ "type": "Feature", "properties": { "ID": "2257220503130", "正式名称": "ウエルシア薬局富士中丸店", "機関区分": 5, "都道府県コード": 22, "市区町村コード": 210, "所在地": "静岡県富士市中丸７１７", "緯度": 35.131392, "経度": 138.667744, "url": "https://www.iryou.teikyouseido.mhlw.go.jp/znk-web/juminkanja/S2430/initialize?prefCd=22&kikanCd=7220503130&kikanKbn=5", "url2": "http://www.welcia-yakkyoku.co.jp/", "内容": "ウエルシア薬局富士中丸店【5:薬局】静岡県富士市中丸７１７" }, "geometry": { "type": "Point", "coordinates": [ 138.667744, 35.131392 ] } },
{ "type": "Feature", "properties": { "ID": "2257220503140", "正式名称": "宮町薬局", "機関区分": 5, "都道府県コード": 22, "市区町村コード": 207, "所在地": "静岡県富士宮市宮町５－３２", "緯度": 35.22435, "経度": 138.608889, "url": "https://www.iryou.teikyouseido.mhlw.go.jp/znk-web/juminkanja/S2430/initialize?prefCd=22&kikanCd=7220503140&kikanKbn=5", "url2": null, "内容": "宮町薬局【5:薬局】静岡県富士宮市宮町５－３２" }, "geometry": { "type": "Point", "coordinates": [ 138.608889, 35.22435 ] } },
{ "type": "Feature", "properties": { "ID": "2257220503150", "正式名称": "ななほし薬局富士バイパス店", "機関区分": 5, "都道府県コード": 22, "市区町村コード": 210, "所在地": "静岡県富士市柳島２－７", "緯度": 35.14096, "経度": 138.67103, "url": "https://www.iryou.teikyouseido.mhlw.go.jp/znk-web/juminkanja/S2430/initialize?prefCd=22&kikanCd=7220503150&kikanKbn=5", "url2": "https://dpc-net.ne.jp/storeinfo/shizuoka/shizuoka-nanahoshifujibaipasu/", "内容": "ななほし薬局富士バイパス店【5:薬局】静岡県富士市柳島２－７" }, "geometry": { "type": "Point", "coordinates": [ 138.67103, 35.14096 ] } },
{ "type": "Feature", "properties": { "ID": "2257220503160", "正式名称": "はなまる薬局エキキタ店", "機関区分": 5, "都道府県コード": 22, "市区町村コード": 210, "所在地": "静岡県富士市平垣本町５－３３－２", "緯度": 35.155288, "経度": 138.649881, "url": "https://www.iryou.teikyouseido.mhlw.go.jp/znk-web/juminkanja/S2430/initialize?prefCd=22&kikanCd=7220503160&kikanKbn=5", "url2": "https://www.hnamaru-pharmacy.com/", "内容": "はなまる薬局エキキタ店【5:薬局】静岡県富士市平垣本町５－３３－２" }, "geometry": { "type": "Point", "coordinates": [ 138.649881, 35.155288 ] } },
{ "type": "Feature", "properties": { "ID": "2257220503170", "正式名称": "オレンジ薬局　富士店", "機関区分": 5, "都道府県コード": 22, "市区町村コード": 210, "所在地": "静岡県富士市本町１－２エンブルステーション２０２", "緯度": 35.151824, "経度": 138.650065, "url": "https://www.iryou.teikyouseido.mhlw.go.jp/znk-web/juminkanja/S2430/initialize?prefCd=22&kikanCd=7220503170&kikanKbn=5", "url2": "https://agata-yakkyoku.com/", "内容": "オレンジ薬局　富士店【5:薬局】静岡県富士市本町１－２エンブルステーション２０２" }, "geometry": { "type": "Point", "coordinates": [ 138.650065, 35.151824 ] } },
{ "type": "Feature", "properties": { "ID": "2257220503180", "正式名称": "奥田漢方薬局", "機関区分": 5, "都道府県コード": 22, "市区町村コード": 207, "所在地": "静岡県富士宮市淀師１１００－７", "緯度": 35.241122, "経度": 138.608137, "url": "https://www.iryou.teikyouseido.mhlw.go.jp/znk-web/juminkanja/S2430/initialize?prefCd=22&kikanCd=7220503180&kikanKbn=5", "url2": "https://okudakampo.com", "内容": "奥田漢方薬局【5:薬局】静岡県富士宮市淀師１１００－７" }, "geometry": { "type": "Point", "coordinates": [ 138.608137, 35.241122 ] } },
{ "type": "Feature", "properties": { "ID": "2257220503190", "正式名称": "アイセイ薬局富士錦町店", "機関区分": 5, "都道府県コード": 22, "市区町村コード": 210, "所在地": "静岡県富士市錦町１丁目４２番地", "緯度": 35.15897, "経度": 138.679834, "url": "https://www.iryou.teikyouseido.mhlw.go.jp/znk-web/juminkanja/S2430/initialize?prefCd=22&kikanCd=7220503190&kikanKbn=5", "url2": "https://www.aisei.co.jp/store/s-shizuoka/s-shizuoka-fuji/0216/", "内容": "アイセイ薬局富士錦町店【5:薬局】静岡県富士市錦町１丁目４２番地" }, "geometry": { "type": "Point", "coordinates": [ 138.679834, 35.15897 ] } },
{ "type": "Feature", "properties": { "ID": "2257220503200", "正式名称": "宮町薬局", "機関区分": 5, "都道府県コード": 22, "市区町村コード": 207, "所在地": "静岡県富士宮市宮町５－３２", "緯度": 35.22435, "経度": 138.608889, "url": "https://www.iryou.teikyouseido.mhlw.go.jp/znk-web/juminkanja/S2430/initialize?prefCd=22&kikanCd=7220503200&kikanKbn=5", "url2": null, "内容": "宮町薬局【5:薬局】静岡県富士宮市宮町５－３２" }, "geometry": { "type": "Point", "coordinates": [ 138.608889, 35.22435 ] } },
{ "type": "Feature", "properties": { "ID": "2257220503210", "正式名称": "クリエイト薬局富士宮大岩店", "機関区分": 5, "都道府県コード": 22, "市区町村コード": 207, "所在地": "静岡県富士宮市大岩８８－２", "緯度": 35.236639, "経度": 138.629659, "url": "https://www.iryou.teikyouseido.mhlw.go.jp/znk-web/juminkanja/S2430/initialize?prefCd=22&kikanCd=7220503210&kikanKbn=5", "url2": "https://www.create-sd.co.jp/store/tabid/78/pdid/1490/Default.aspx", "内容": "クリエイト薬局富士宮大岩店【5:薬局】静岡県富士宮市大岩８８－２" }, "geometry": { "type": "Point", "coordinates": [ 138.629659, 35.236639 ] } },
{ "type": "Feature", "properties": { "ID": "2257220503220", "正式名称": "安穏薬局", "機関区分": 5, "都道府県コード": 22, "市区町村コード": 210, "所在地": "静岡県富士市川成島４８０－１", "緯度": 35.148049, "経度": 138.689719, "url": "https://www.iryou.teikyouseido.mhlw.go.jp/znk-web/juminkanja/S2430/initialize?prefCd=22&kikanCd=7220503220&kikanKbn=5", "url2": "https://www.ekou-group.jp/", "内容": "安穏薬局【5:薬局】静岡県富士市川成島４８０－１" }, "geometry": { "type": "Point", "coordinates": [ 138.689719, 35.148049 ] } },
{ "type": "Feature", "properties": { "ID": "2257220503230", "正式名称": "わかば薬局富士店", "機関区分": 5, "都道府県コード": 22, "市区町村コード": 210, "所在地": "静岡県富士市松岡６６１－１０", "緯度": 35.163414, "経度": 138.638198, "url": "https://www.iryou.teikyouseido.mhlw.go.jp/znk-web/juminkanja/S2430/initialize?prefCd=22&kikanCd=7220503230&kikanKbn=5", "url2": "https://www.wakaba-hldgs.co.jp", "内容": "わかば薬局富士店【5:薬局】静岡県富士市松岡６６１－１０" }, "geometry": { "type": "Point", "coordinates": [ 138.638198, 35.163414 ] } },
{ "type": "Feature", "properties": { "ID": "2257220600020", "正式名称": "愛清館　八楠薬局", "機関区分": 5, "都道府県コード": 22, "市区町村コード": 212, "所在地": "静岡県焼津市八楠４丁目３２番地の７", "緯度": 34.878923, "経度": 138.30081, "url": "https://www.iryou.teikyouseido.mhlw.go.jp/znk-web/juminkanja/S2430/initialize?prefCd=22&kikanCd=7220600020&kikanKbn=5", "url2": "aiseikan-y.com", "内容": "愛清館　八楠薬局【5:薬局】静岡県焼津市八楠４丁目３２番地の７" }, "geometry": { "type": "Point", "coordinates": [ 138.30081, 34.878923 ] } },
{ "type": "Feature", "properties": { "ID": "2257220600030", "正式名称": "あお空薬局", "機関区分": 5, "都道府県コード": 22, "市区町村コード": 212, "所在地": "静岡県焼津市宗高字中川原１１６８－２", "緯度": 34.805097, "経度": 138.288287, "url": "https://www.iryou.teikyouseido.mhlw.go.jp/znk-web/juminkanja/S2430/initialize?prefCd=22&kikanCd=7220600030&kikanKbn=5", "url2": "http://www.haiyaku.co.jp", "内容": "あお空薬局【5:薬局】静岡県焼津市宗高字中川原１１６８－２" }, "geometry": { "type": "Point", "coordinates": [ 138.288287, 34.805097 ] } },
{ "type": "Feature", "properties": { "ID": "2257220600040", "正式名称": "赤木薬局小川店", "機関区分": 5, "都道府県コード": 22, "市区町村コード": 212, "所在地": "静岡県焼津市東小川２－１４－２", "緯度": 34.857842, "経度": 138.31231, "url": "https://www.iryou.teikyouseido.mhlw.go.jp/znk-web/juminkanja/S2430/initialize?prefCd=22&kikanCd=7220600040&kikanKbn=5", "url2": "akagi-pharmacy.com", "内容": "赤木薬局小川店【5:薬局】静岡県焼津市東小川２－１４－２" }, "geometry": { "type": "Point", "coordinates": [ 138.31231, 34.857842 ] } },
{ "type": "Feature", "properties": { "ID": "2257220600100", "正式名称": "大井川ふれあい薬局", "機関区分": 5, "都道府県コード": 22, "市区町村コード": 212, "所在地": "静岡県焼津市利右衛門９７２－８", "緯度": 34.791543, "経度": 138.295259, "url": "https://www.iryou.teikyouseido.mhlw.go.jp/znk-web/juminkanja/S2430/initialize?prefCd=22&kikanCd=7220600100&kikanKbn=5", "url2": "https://oigawahureaipharmacy.jimdofree.com/", "内容": "大井川ふれあい薬局【5:薬局】静岡県焼津市利右衛門９７２－８" }, "geometry": { "type": "Point", "coordinates": [ 138.295259, 34.791543 ] } },
{ "type": "Feature", "properties": { "ID": "2257220600110", "正式名称": "おおいがわ薬局", "機関区分": 5, "都道府県コード": 22, "市区町村コード": 212, "所在地": "静岡県焼津市宗高１４９３－４", "緯度": 34.810457, "経度": 138.27551, "url": "https://www.iryou.teikyouseido.mhlw.go.jp/znk-web/juminkanja/S2430/initialize?prefCd=22&kikanCd=7220600110&kikanKbn=5", "url2": null, "内容": "おおいがわ薬局【5:薬局】静岡県焼津市宗高１４９３－４" }, "geometry": { "type": "Point", "coordinates": [ 138.27551, 34.810457 ] } },
{ "type": "Feature", "properties": { "ID": "2257220600170", "正式名称": "株式会社東京薬局", "機関区分": 5, "都道府県コード": 22, "市区町村コード": 212, "所在地": "静岡県焼津市栄町３－７－９", "緯度": 34.870202, "経度": 138.321948, "url": "https://www.iryou.teikyouseido.mhlw.go.jp/znk-web/juminkanja/S2430/initialize?prefCd=22&kikanCd=7220600170&kikanKbn=5", "url2": "https://www.e-classa.net/tokyo/", "内容": "株式会社東京薬局【5:薬局】静岡県焼津市栄町３－７－９" }, "geometry": { "type": "Point", "coordinates": [ 138.321948, 34.870202 ] } },
{ "type": "Feature", "properties": { "ID": "2257220600180", "正式名称": "株式会社焼津調剤　フレンド薬局", "機関区分": 5, "都道府県コード": 22, "市区町村コード": 212, "所在地": "静岡県焼津市中新田８３－１", "緯度": 34.842426, "経度": 138.293701, "url": "https://www.iryou.teikyouseido.mhlw.go.jp/znk-web/juminkanja/S2430/initialize?prefCd=22&kikanCd=7220600180&kikanKbn=5", "url2": "http://www.yaiduchouzai.com", "内容": "株式会社焼津調剤　フレンド薬局【5:薬局】静岡県焼津市中新田８３－１" }, "geometry": { "type": "Point", "coordinates": [ 138.293701, 34.842426 ] } },
{ "type": "Feature", "properties": { "ID": "2257220600210", "正式名称": "クライン薬局", "機関区分": 5, "都道府県コード": 22, "市区町村コード": 212, "所在地": "静岡県焼津市策牛９－２", "緯度": 34.895754, "経度": 138.296254, "url": "https://www.iryou.teikyouseido.mhlw.go.jp/znk-web/juminkanja/S2430/initialize?prefCd=22&kikanCd=7220600210&kikanKbn=5", "url2": null, "内容": "クライン薬局【5:薬局】静岡県焼津市策牛９－２" }, "geometry": { "type": "Point", "coordinates": [ 138.296254, 34.895754 ] } },
{ "type": "Feature", "properties": { "ID": "2257220600240", "正式名称": "コスモ薬局", "機関区分": 5, "都道府県コード": 22, "市区町村コード": 212, "所在地": "静岡県焼津市本町２－１２－８－１０３", "緯度": 34.86648, "経度": 138.322198, "url": "https://www.iryou.teikyouseido.mhlw.go.jp/znk-web/juminkanja/S2430/initialize?prefCd=22&kikanCd=7220600240&kikanKbn=5", "url2": null, "内容": "コスモ薬局【5:薬局】静岡県焼津市本町２－１２－８－１０３" }, "geometry": { "type": "Point", "coordinates": [ 138.322198, 34.86648 ] } },
{ "type": "Feature", "properties": { "ID": "2257220600250", "正式名称": "こばと薬局", "機関区分": 5, "都道府県コード": 22, "市区町村コード": 212, "所在地": "静岡県焼津市上小杉６４", "緯度": 34.814846, "経度": 138.284259, "url": "https://www.iryou.teikyouseido.mhlw.go.jp/znk-web/juminkanja/S2430/initialize?prefCd=22&kikanCd=7220600250&kikanKbn=5", "url2": null, "内容": "こばと薬局【5:薬局】静岡県焼津市上小杉６４" }, "geometry": { "type": "Point", "coordinates": [ 138.284259, 34.814846 ] } },
{ "type": "Feature", "properties": { "ID": "2257220600290", "正式名称": "シーガル薬局", "機関区分": 5, "都道府県コード": 22, "市区町村コード": 212, "所在地": "静岡県焼津市保福島１０７２－５", "緯度": 34.863452, "経度": 138.282951, "url": "https://www.iryou.teikyouseido.mhlw.go.jp/znk-web/juminkanja/S2430/initialize?prefCd=22&kikanCd=7220600290&kikanKbn=5", "url2": null, "内容": "シーガル薬局【5:薬局】静岡県焼津市保福島１０７２－５" }, "geometry": { "type": "Point", "coordinates": [ 138.282951, 34.863452 ] } },
{ "type": "Feature", "properties": { "ID": "2257220600310", "正式名称": "下小杉薬局", "機関区分": 5, "都道府県コード": 22, "市区町村コード": 212, "所在地": "静岡県焼津市下小杉５５２－２", "緯度": 34.811819, "経度": 138.316368, "url": "https://www.iryou.teikyouseido.mhlw.go.jp/znk-web/juminkanja/S2430/initialize?prefCd=22&kikanCd=7220600310&kikanKbn=5", "url2": "shidachozai.hp.gogo.jp", "内容": "下小杉薬局【5:薬局】静岡県焼津市下小杉５５２－２" }, "geometry": { "type": "Point", "coordinates": [ 138.316368, 34.811819 ] } },
{ "type": "Feature", "properties": { "ID": "2257220600320", "正式名称": "イオン薬局焼津店", "機関区分": 5, "都道府県コード": 22, "市区町村コード": 212, "所在地": "静岡県焼津市東祢宜島１２番地４", "緯度": 34.83926, "経度": 138.309811, "url": "https://www.iryou.teikyouseido.mhlw.go.jp/znk-web/juminkanja/S2430/initialize?prefCd=22&kikanCd=7220600320&kikanKbn=5", "url2": "https://www.aeonretail.jp/syohousen/shoplist.html", "内容": "イオン薬局焼津店【5:薬局】静岡県焼津市東祢宜島１２番地４" }, "geometry": { "type": "Point", "coordinates": [ 138.309811, 34.83926 ] } },
{ "type": "Feature", "properties": { "ID": "2257220600350", "正式名称": "すばる薬局", "機関区分": 5, "都道府県コード": 22, "市区町村コード": 212, "所在地": "静岡県焼津市焼津６丁目７番３８号", "緯度": 34.865841, "経度": 138.318865, "url": "https://www.iryou.teikyouseido.mhlw.go.jp/znk-web/juminkanja/S2430/initialize?prefCd=22&kikanCd=7220600350&kikanKbn=5", "url2": "http://stcmedi.com/stc/subaru/", "内容": "すばる薬局【5:薬局】静岡県焼津市焼津６丁目７番３８号" }, "geometry": { "type": "Point", "coordinates": [ 138.318865, 34.865841 ] } },
{ "type": "Feature", "properties": { "ID": "2257220600430", "正式名称": "中里薬局さくら店", "機関区分": 5, "都道府県コード": 22, "市区町村コード": 212, "所在地": "静岡県焼津市中里１４３－４", "緯度": 34.887033, "経度": 138.315142, "url": "https://www.iryou.teikyouseido.mhlw.go.jp/znk-web/juminkanja/S2430/initialize?prefCd=22&kikanCd=7220600430&kikanKbn=5", "url2": "http://www.stcy.co.jp/STCmain/map/sakura.htm", "内容": "中里薬局さくら店【5:薬局】静岡県焼津市中里１４３－４" }, "geometry": { "type": "Point", "coordinates": [ 138.315142, 34.887033 ] } },
{ "type": "Feature", "properties": { "ID": "2257220600450", "正式名称": "仁科薬局大井川店", "機関区分": 5, "都道府県コード": 22, "市区町村コード": 212, "所在地": "静岡県焼津市上泉５９４－２", "緯度": 34.818734, "経度": 138.249678, "url": "https://www.iryou.teikyouseido.mhlw.go.jp/znk-web/juminkanja/S2430/initialize?prefCd=22&kikanCd=7220600450&kikanKbn=5", "url2": null, "内容": "仁科薬局大井川店【5:薬局】静岡県焼津市上泉５９４－２" }, "geometry": { "type": "Point", "coordinates": [ 138.249678, 34.818734 ] } },
{ "type": "Feature", "properties": { "ID": "2257220600480", "正式名称": "ファミリー薬局", "機関区分": 5, "都道府県コード": 22, "市区町村コード": 212, "所在地": "静岡県焼津市五ケ堀之内７７８－１", "緯度": 34.859925, "経度": 138.298673, "url": "https://www.iryou.teikyouseido.mhlw.go.jp/znk-web/juminkanja/S2430/initialize?prefCd=22&kikanCd=7220600480&kikanKbn=5", "url2": "http://www.yaiduchozai.com", "内容": "ファミリー薬局【5:薬局】静岡県焼津市五ケ堀之内７７８－１" }, "geometry": { "type": "Point", "coordinates": [ 138.298673, 34.859925 ] } },
{ "type": "Feature", "properties": { "ID": "2257220600490", "正式名称": "フラワー薬局大富店", "機関区分": 5, "都道府県コード": 22, "市区町村コード": 212, "所在地": "静岡県焼津市三右衛門新田６４７－１", "緯度": 34.847259, "経度": 138.293701, "url": "https://www.iryou.teikyouseido.mhlw.go.jp/znk-web/juminkanja/S2430/initialize?prefCd=22&kikanCd=7220600490&kikanKbn=5", "url2": "http://www.flower-group.co.jp", "内容": "フラワー薬局大富店【5:薬局】静岡県焼津市三右衛門新田６４７－１" }, "geometry": { "type": "Point", "coordinates": [ 138.293701, 34.847259 ] } },
{ "type": "Feature", "properties": { "ID": "2257220600500", "正式名称": "フラワー薬局田尻店", "機関区分": 5, "都道府県コード": 22, "市区町村コード": 212, "所在地": "静岡県焼津市田尻１６４５", "緯度": 34.827206, "経度": 138.319033, "url": "https://www.iryou.teikyouseido.mhlw.go.jp/znk-web/juminkanja/S2430/initialize?prefCd=22&kikanCd=7220600500&kikanKbn=5", "url2": "http://www.flower-group.co.jp/", "内容": "フラワー薬局田尻店【5:薬局】静岡県焼津市田尻１６４５" }, "geometry": { "type": "Point", "coordinates": [ 138.319033, 34.827206 ] } },
{ "type": "Feature", "properties": { "ID": "2257220600510", "正式名称": "プリンス薬局", "機関区分": 5, "都道府県コード": 22, "市区町村コード": 212, "所在地": "静岡県焼津市西小川２丁目８－４", "緯度": 34.860425, "経度": 138.307533, "url": "https://www.iryou.teikyouseido.mhlw.go.jp/znk-web/juminkanja/S2430/initialize?prefCd=22&kikanCd=7220600510&kikanKbn=5", "url2": "http://www.yaiduchouzai.com", "内容": "プリンス薬局【5:薬局】静岡県焼津市西小川２丁目８－４" }, "geometry": { "type": "Point", "coordinates": [ 138.307533, 34.860425 ] } },
{ "type": "Feature", "properties": { "ID": "2257220600570", "正式名称": "むつごろう薬局焼津店", "機関区分": 5, "都道府県コード": 22, "市区町村コード": 212, "所在地": "静岡県焼津市西焼津３２－７", "緯度": 34.858508, "経度": 138.283535, "url": "https://www.iryou.teikyouseido.mhlw.go.jp/znk-web/juminkanja/S2430/initialize?prefCd=22&kikanCd=7220600570&kikanKbn=5", "url2": null, "内容": "むつごろう薬局焼津店【5:薬局】静岡県焼津市西焼津３２－７" }, "geometry": { "type": "Point", "coordinates": [ 138.283535, 34.858508 ] } },
{ "type": "Feature", "properties": { "ID": "2257220600600", "正式名称": "焼津センター薬局", "機関区分": 5, "都道府県コード": 22, "市区町村コード": 212, "所在地": "静岡県焼津市焼津１丁目５番１５号", "緯度": 34.86673, "経度": 138.315782, "url": "https://www.iryou.teikyouseido.mhlw.go.jp/znk-web/juminkanja/S2430/initialize?prefCd=22&kikanCd=7220600600&kikanKbn=5", "url2": "http://www.yaiduchouzai.com", "内容": "焼津センター薬局【5:薬局】静岡県焼津市焼津１丁目５番１５号" }, "geometry": { "type": "Point", "coordinates": [ 138.315782, 34.86673 ] } },
{ "type": "Feature", "properties": { "ID": "2257220600660", "正式名称": "ユーカリ薬局", "機関区分": 5, "都道府県コード": 22, "市区町村コード": 212, "所在地": "静岡県焼津市大村２丁目１０－１１", "緯度": 34.871646, "経度": 138.310088, "url": "https://www.iryou.teikyouseido.mhlw.go.jp/znk-web/juminkanja/S2430/initialize?prefCd=22&kikanCd=7220600660&kikanKbn=5", "url2": "http://www.stcy.co.jp/stcmain/map/eucaly.htm", "内容": "ユーカリ薬局【5:薬局】静岡県焼津市大村２丁目１０－１１" }, "geometry": { "type": "Point", "coordinates": [ 138.310088, 34.871646 ] } },
{ "type": "Feature", "properties": { "ID": "2257220600670", "正式名称": "有限会社イケダ薬局", "機関区分": 5, "都道府県コード": 22, "市区町村コード": 212, "所在地": "静岡県焼津市西小川２丁目１０－２１", "緯度": 34.861036, "経度": 138.308588, "url": "https://www.iryou.teikyouseido.mhlw.go.jp/znk-web/juminkanja/S2430/initialize?prefCd=22&kikanCd=7220600670&kikanKbn=5", "url2": "http://www.kanpouikeda.com", "内容": "有限会社イケダ薬局【5:薬局】静岡県焼津市西小川２丁目１０－２１" }, "geometry": { "type": "Point", "coordinates": [ 138.308588, 34.861036 ] } },
{ "type": "Feature", "properties": { "ID": "2257220600710", "正式名称": "ゆりかもめ薬局", "機関区分": 5, "都道府県コード": 22, "市区町村コード": 212, "所在地": "静岡県焼津市東祢宜島１７－１０", "緯度": 34.837983, "経度": 138.307312, "url": "https://www.iryou.teikyouseido.mhlw.go.jp/znk-web/juminkanja/S2430/initialize?prefCd=22&kikanCd=7220600710&kikanKbn=5", "url2": "http://www.yaiduchozai.com", "内容": "ゆりかもめ薬局【5:薬局】静岡県焼津市東祢宜島１７－１０" }, "geometry": { "type": "Point", "coordinates": [ 138.307312, 34.837983 ] } },
{ "type": "Feature", "properties": { "ID": "2257220600740", "正式名称": "るりそう大富薬局", "機関区分": 5, "都道府県コード": 22, "市区町村コード": 212, "所在地": "静岡県焼津市東祢宜島１７－３", "緯度": 34.838399, "経度": 138.307951, "url": "https://www.iryou.teikyouseido.mhlw.go.jp/znk-web/juminkanja/S2430/initialize?prefCd=22&kikanCd=7220600740&kikanKbn=5", "url2": null, "内容": "るりそう大富薬局【5:薬局】静岡県焼津市東祢宜島１７－３" }, "geometry": { "type": "Point", "coordinates": [ 138.307951, 34.838399 ] } },
{ "type": "Feature", "properties": { "ID": "2257220600880", "正式名称": "エルデ薬局", "機関区分": 5, "都道府県コード": 22, "市区町村コード": 214, "所在地": "静岡県藤枝市小石川町１－７－１９", "緯度": 34.853119, "経度": 138.258176, "url": "https://www.iryou.teikyouseido.mhlw.go.jp/znk-web/juminkanja/S2430/initialize?prefCd=22&kikanCd=7220600880&kikanKbn=5", "url2": null, "内容": "エルデ薬局【5:薬局】静岡県藤枝市小石川町１－７－１９" }, "geometry": { "type": "Point", "coordinates": [ 138.258176, 34.853119 ] } },
{ "type": "Feature", "properties": { "ID": "2257220600890", "正式名称": "オオイ薬局高柳店", "機関区分": 5, "都道府県コード": 22, "市区町村コード": 214, "所在地": "静岡県藤枝市高柳２０３５－８", "緯度": 34.849564, "経度": 138.270342, "url": "https://www.iryou.teikyouseido.mhlw.go.jp/znk-web/juminkanja/S2430/initialize?prefCd=22&kikanCd=7220600890&kikanKbn=5", "url2": null, "内容": "オオイ薬局高柳店【5:薬局】静岡県藤枝市高柳２０３５－８" }, "geometry": { "type": "Point", "coordinates": [ 138.270342, 34.849564 ] } },
{ "type": "Feature", "properties": { "ID": "2257220600910", "正式名称": "大洲薬局", "機関区分": 5, "都道府県コード": 22, "市区町村コード": 214, "所在地": "静岡県藤枝市大洲４丁目１－６", "緯度": 34.829205, "経度": 138.257594, "url": "https://www.iryou.teikyouseido.mhlw.go.jp/znk-web/juminkanja/S2430/initialize?prefCd=22&kikanCd=7220600910&kikanKbn=5", "url2": "https://www.neim.co.jp", "内容": "大洲薬局【5:薬局】静岡県藤枝市大洲４丁目１－６" }, "geometry": { "type": "Point", "coordinates": [ 138.257594, 34.829205 ] } },
{ "type": "Feature", "properties": { "ID": "2257220600940", "正式名称": "株式会社赤堀薬局", "機関区分": 5, "都道府県コード": 22, "市区町村コード": 214, "所在地": "静岡県藤枝市藤枝４丁目１番２号", "緯度": 34.870339, "経度": 138.250815, "url": "https://www.iryou.teikyouseido.mhlw.go.jp/znk-web/juminkanja/S2430/initialize?prefCd=22&kikanCd=7220600940&kikanKbn=5", "url2": null, "内容": "株式会社赤堀薬局【5:薬局】静岡県藤枝市藤枝４丁目１番２号" }, "geometry": { "type": "Point", "coordinates": [ 138.250815, 34.870339 ] } },
{ "type": "Feature", "properties": { "ID": "2257220600950", "正式名称": "京屋薬局", "機関区分": 5, "都道府県コード": 22, "市区町村コード": 214, "所在地": "静岡県藤枝市田沼１－１４－１", "緯度": 34.849147, "経度": 138.25626, "url": "https://www.iryou.teikyouseido.mhlw.go.jp/znk-web/juminkanja/S2430/initialize?prefCd=22&kikanCd=7220600950&kikanKbn=5", "url2": "https://www.kyouya.co/", "内容": "京屋薬局【5:薬局】静岡県藤枝市田沼１－１４－１" }, "geometry": { "type": "Point", "coordinates": [ 138.25626, 34.849147 ] } },
{ "type": "Feature", "properties": { "ID": "2257220600990", "正式名称": "コマガタ薬局", "機関区分": 5, "都道府県コード": 22, "市区町村コード": 214, "所在地": "静岡県藤枝市前島２丁目２９番８号", "緯度": 34.84362, "経度": 138.248066, "url": "https://www.iryou.teikyouseido.mhlw.go.jp/znk-web/juminkanja/S2430/initialize?prefCd=22&kikanCd=7220600990&kikanKbn=5", "url2": null, "内容": "コマガタ薬局【5:薬局】静岡県藤枝市前島２丁目２９番８号" }, "geometry": { "type": "Point", "coordinates": [ 138.248066, 34.84362 ] } },
{ "type": "Feature", "properties": { "ID": "2257220601020", "正式名称": "シオン薬局", "機関区分": 5, "都道府県コード": 22, "市区町村コード": 214, "所在地": "静岡県藤枝市大洲４丁目７－２９", "緯度": 34.828205, "経度": 138.257483, "url": "https://www.iryou.teikyouseido.mhlw.go.jp/znk-web/juminkanja/S2430/initialize?prefCd=22&kikanCd=7220601020&kikanKbn=5", "url2": "http://www.neim.co.jp/", "内容": "シオン薬局【5:薬局】静岡県藤枝市大洲４丁目７－２９" }, "geometry": { "type": "Point", "coordinates": [ 138.257483, 34.828205 ] } },
{ "type": "Feature", "properties": { "ID": "2257220601040", "正式名称": "しだ薬局", "機関区分": 5, "都道府県コード": 22, "市区町村コード": 214, "所在地": "静岡県藤枝市志太２－１１－８", "緯度": 34.861729, "経度": 138.246121, "url": "https://www.iryou.teikyouseido.mhlw.go.jp/znk-web/juminkanja/S2430/initialize?prefCd=22&kikanCd=7220601040&kikanKbn=5", "url2": "http://shidachozai.hp.gogo.jp/pc/", "内容": "しだ薬局【5:薬局】静岡県藤枝市志太２－１１－８" }, "geometry": { "type": "Point", "coordinates": [ 138.246121, 34.861729 ] } },
{ "type": "Feature", "properties": { "ID": "2257220601060", "正式名称": "せせらぎ薬局", "機関区分": 5, "都道府県コード": 22, "市区町村コード": 214, "所在地": "静岡県藤枝市大新島６７１－５", "緯度": 34.83376, "経度": 138.266843, "url": "https://www.iryou.teikyouseido.mhlw.go.jp/znk-web/juminkanja/S2430/initialize?prefCd=22&kikanCd=7220601060&kikanKbn=5", "url2": "http://kanemotoyakkyoku.com/recruit.html", "内容": "せせらぎ薬局【5:薬局】静岡県藤枝市大新島６７１－５" }, "geometry": { "type": "Point", "coordinates": [ 138.266843, 34.83376 ] } },
{ "type": "Feature", "properties": { "ID": "2257220601080", "正式名称": "竹田屋薬局", "機関区分": 5, "都道府県コード": 22, "市区町村コード": 214, "所在地": "静岡県藤枝市本町３－３－３１", "緯度": 34.875339, "経度": 138.26498, "url": "https://www.iryou.teikyouseido.mhlw.go.jp/znk-web/juminkanja/S2430/initialize?prefCd=22&kikanCd=7220601080&kikanKbn=5", "url2": null, "内容": "竹田屋薬局【5:薬局】静岡県藤枝市本町３－３－３１" }, "geometry": { "type": "Point", "coordinates": [ 138.26498, 34.875339 ] } },
{ "type": "Feature", "properties": { "ID": "2257220601100", "正式名称": "ちとせ薬局", "機関区分": 5, "都道府県コード": 22, "市区町村コード": 214, "所在地": "静岡県藤枝市藤枝５－７－３", "緯度": 34.87145, "経度": 138.255009, "url": "https://www.iryou.teikyouseido.mhlw.go.jp/znk-web/juminkanja/S2430/initialize?prefCd=22&kikanCd=7220601100&kikanKbn=5", "url2": "https://shidachozai.com/", "内容": "ちとせ薬局【5:薬局】静岡県藤枝市藤枝５－７－３" }, "geometry": { "type": "Point", "coordinates": [ 138.255009, 34.87145 ] } },
{ "type": "Feature", "properties": { "ID": "2257220601180", "正式名称": "仁科薬局青葉店", "機関区分": 5, "都道府県コード": 22, "市区町村コード": 214, "所在地": "静岡県藤枝市青葉町５－１１－２２", "緯度": 34.83887, "経度": 138.243567, "url": "https://www.iryou.teikyouseido.mhlw.go.jp/znk-web/juminkanja/S2430/initialize?prefCd=22&kikanCd=7220601180&kikanKbn=5", "url2": null, "内容": "仁科薬局青葉店【5:薬局】静岡県藤枝市青葉町５－１１－２２" }, "geometry": { "type": "Point", "coordinates": [ 138.243567, 34.83887 ] } },
{ "type": "Feature", "properties": { "ID": "2257220601200", "正式名称": "仁科薬局駅前店", "機関区分": 5, "都道府県コード": 22, "市区町村コード": 214, "所在地": "静岡県藤枝市駅前２－１６－１１", "緯度": 34.85248, "経度": 138.253954, "url": "https://www.iryou.teikyouseido.mhlw.go.jp/znk-web/juminkanja/S2430/initialize?prefCd=22&kikanCd=7220601200&kikanKbn=5", "url2": null, "内容": "仁科薬局駅前店【5:薬局】静岡県藤枝市駅前２－１６－１１" }, "geometry": { "type": "Point", "coordinates": [ 138.253954, 34.85248 ] } },
{ "type": "Feature", "properties": { "ID": "2257220601230", "正式名称": "ひばり本町薬局", "機関区分": 5, "都道府県コード": 22, "市区町村コード": 214, "所在地": "静岡県藤枝市本町２－８－４１", "緯度": 34.871978, "経度": 138.261675, "url": "https://www.iryou.teikyouseido.mhlw.go.jp/znk-web/juminkanja/S2430/initialize?prefCd=22&kikanCd=7220601230&kikanKbn=5", "url2": "hppt://www.buriken.com", "内容": "ひばり本町薬局【5:薬局】静岡県藤枝市本町２－８－４１" }, "geometry": { "type": "Point", "coordinates": [ 138.261675, 34.871978 ] } },
{ "type": "Feature", "properties": { "ID": "2257220601240", "正式名称": "ふくち薬局藤枝", "機関区分": 5, "都道府県コード": 22, "市区町村コード": 214, "所在地": "静岡県藤枝市田中３－２－６０", "緯度": 34.869756, "経度": 138.276868, "url": "https://www.iryou.teikyouseido.mhlw.go.jp/znk-web/juminkanja/S2430/initialize?prefCd=22&kikanCd=7220601240&kikanKbn=5", "url2": null, "内容": "ふくち薬局藤枝【5:薬局】静岡県藤枝市田中３－２－６０" }, "geometry": { "type": "Point", "coordinates": [ 138.276868, 34.869756 ] } },
{ "type": "Feature", "properties": { "ID": "2257220601260", "正式名称": "フジ薬局", "機関区分": 5, "都道府県コード": 22, "市区町村コード": 214, "所在地": "静岡県藤枝市本町２丁目１－４０", "緯度": 34.873422, "経度": 138.261008, "url": "https://www.iryou.teikyouseido.mhlw.go.jp/znk-web/juminkanja/S2430/initialize?prefCd=22&kikanCd=7220601260&kikanKbn=5", "url2": "https://www.fuji-Kanpo.com", "内容": "フジ薬局【5:薬局】静岡県藤枝市本町２丁目１－４０" }, "geometry": { "type": "Point", "coordinates": [ 138.261008, 34.873422 ] } },
{ "type": "Feature", "properties": { "ID": "2257220601270", "正式名称": "フラワー薬局青島店", "機関区分": 5, "都道府県コード": 22, "市区町村コード": 214, "所在地": "静岡県藤枝市前島２丁目１７－１５", "緯度": 34.844536, "経度": 138.250122, "url": "https://www.iryou.teikyouseido.mhlw.go.jp/znk-web/juminkanja/S2430/initialize?prefCd=22&kikanCd=7220601270&kikanKbn=5", "url2": "http://www.flower-group.co.jp", "内容": "フラワー薬局青島店【5:薬局】静岡県藤枝市前島２丁目１７－１５" }, "geometry": { "type": "Point", "coordinates": [ 138.250122, 34.844536 ] } },
{ "type": "Feature", "properties": { "ID": "2257220601290", "正式名称": "堀之内薬局", "機関区分": 5, "都道府県コード": 22, "市区町村コード": 214, "所在地": "静岡県藤枝市堀之内１７２６番地", "緯度": 34.878727, "経度": 138.225705, "url": "https://www.iryou.teikyouseido.mhlw.go.jp/znk-web/juminkanja/S2430/initialize?prefCd=22&kikanCd=7220601290&kikanKbn=5", "url2": null, "内容": "堀之内薬局【5:薬局】静岡県藤枝市堀之内１７２６番地" }, "geometry": { "type": "Point", "coordinates": [ 138.225705, 34.878727 ] } },
{ "type": "Feature", "properties": { "ID": "2257220601300", "正式名称": "ほんまち薬局", "機関区分": 5, "都道府県コード": 22, "市区町村コード": 214, "所在地": "静岡県藤枝市藤枝５－６－３５", "緯度": 34.872228, "経度": 138.257814, "url": "https://www.iryou.teikyouseido.mhlw.go.jp/znk-web/juminkanja/S2430/initialize?prefCd=22&kikanCd=7220601300&kikanKbn=5", "url2": "http://honnmachi.com/", "内容": "ほんまち薬局【5:薬局】静岡県藤枝市藤枝５－６－３５" }, "geometry": { "type": "Point", "coordinates": [ 138.257814, 34.872228 ] } },
{ "type": "Feature", "properties": { "ID": "2257220601450", "正式名称": "わかくさ薬局高洲店", "機関区分": 5, "都道府県コード": 22, "市区町村コード": 214, "所在地": "静岡県藤枝市高洲７８０", "緯度": 34.833482, "経度": 138.265982, "url": "https://www.iryou.teikyouseido.mhlw.go.jp/znk-web/juminkanja/S2430/initialize?prefCd=22&kikanCd=7220601450&kikanKbn=5", "url2": "http://www.stcy.co.jp/wakakusa/map/takasu.htm", "内容": "わかくさ薬局高洲店【5:薬局】静岡県藤枝市高洲７８０" }, "geometry": { "type": "Point", "coordinates": [ 138.265982, 34.833482 ] } },
{ "type": "Feature", "properties": { "ID": "2257220601470", "正式名称": "ワコー堂たかやなぎ薬局", "機関区分": 5, "都道府県コード": 22, "市区町村コード": 214, "所在地": "静岡県藤枝市高柳２－３－４４", "緯度": 34.847953, "経度": 138.263954, "url": "https://www.iryou.teikyouseido.mhlw.go.jp/znk-web/juminkanja/S2430/initialize?prefCd=22&kikanCd=7220601470&kikanKbn=5", "url2": null, "内容": "ワコー堂たかやなぎ薬局【5:薬局】静岡県藤枝市高柳２－３－４４" }, "geometry": { "type": "Point", "coordinates": [ 138.263954, 34.847953 ] } },
{ "type": "Feature", "properties": { "ID": "2257220601480", "正式名称": "岡部南薬局", "機関区分": 5, "都道府県コード": 22, "市区町村コード": 214, "所在地": "静岡県藤枝市岡部町内谷字宮前６５０－２", "緯度": 34.906364, "経度": 138.282088, "url": "https://www.iryou.teikyouseido.mhlw.go.jp/znk-web/juminkanja/S2430/initialize?prefCd=22&kikanCd=7220601480&kikanKbn=5", "url2": "http://www.haiyaku.co.jp", "内容": "岡部南薬局【5:薬局】静岡県藤枝市岡部町内谷字宮前６５０－２" }, "geometry": { "type": "Point", "coordinates": [ 138.282088, 34.906364 ] } },
{ "type": "Feature", "properties": { "ID": "2257220601520", "正式名称": "あおば薬局", "機関区分": 5, "都道府県コード": 22, "市区町村コード": 209, "所在地": "静岡県島田市中央町１８－６", "緯度": 34.837369, "経度": 138.1761, "url": "https://www.iryou.teikyouseido.mhlw.go.jp/znk-web/juminkanja/S2430/initialize?prefCd=22&kikanCd=7220601520&kikanKbn=5", "url2": "http://www.shimayaku.jp/aoba/index.html", "内容": "あおば薬局【5:薬局】静岡県島田市中央町１８－６" }, "geometry": { "type": "Point", "coordinates": [ 138.1761, 34.837369 ] } },
{ "type": "Feature", "properties": { "ID": "2257220601540", "正式名称": "あゆみ薬局初倉店", "機関区分": 5, "都道府県コード": 22, "市区町村コード": 209, "所在地": "静岡県島田市大柳南１２０", "緯度": 34.804874, "経度": 138.226792, "url": "https://www.iryou.teikyouseido.mhlw.go.jp/znk-web/juminkanja/S2430/initialize?prefCd=22&kikanCd=7220601540&kikanKbn=5", "url2": "http://www.ayumi-yakkyoku.jp", "内容": "あゆみ薬局初倉店【5:薬局】静岡県島田市大柳南１２０" }, "geometry": { "type": "Point", "coordinates": [ 138.226792, 34.804874 ] } },
{ "type": "Feature", "properties": { "ID": "2257220601560", "正式名称": "うんの薬局", "機関区分": 5, "都道府県コード": 22, "市区町村コード": 209, "所在地": "静岡県島田市阪本４６９－５", "緯度": 34.820622, "経度": 138.211293, "url": "https://www.iryou.teikyouseido.mhlw.go.jp/znk-web/juminkanja/S2430/initialize?prefCd=22&kikanCd=7220601560&kikanKbn=5", "url2": null, "内容": "うんの薬局【5:薬局】静岡県島田市阪本４６９－５" }, "geometry": { "type": "Point", "coordinates": [ 138.211293, 34.820622 ] } },
{ "type": "Feature", "properties": { "ID": "2257220601590", "正式名称": "嘉十薬局", "機関区分": 5, "都道府県コード": 22, "市区町村コード": 209, "所在地": "静岡県島田市本通五丁目２－３", "緯度": 34.832786, "経度": 138.178489, "url": "https://www.iryou.teikyouseido.mhlw.go.jp/znk-web/juminkanja/S2430/initialize?prefCd=22&kikanCd=7220601590&kikanKbn=5", "url2": null, "内容": "嘉十薬局【5:薬局】静岡県島田市本通五丁目２－３" }, "geometry": { "type": "Point", "coordinates": [ 138.178489, 34.832786 ] } },
{ "type": "Feature", "properties": { "ID": "2257220601600", "正式名称": "カミロ薬局", "機関区分": 5, "都道府県コード": 22, "市区町村コード": 209, "所在地": "静岡県島田市南１－６－１２", "緯度": 34.828648, "経度": 138.180267, "url": "https://www.iryou.teikyouseido.mhlw.go.jp/znk-web/juminkanja/S2430/initialize?prefCd=22&kikanCd=7220601600&kikanKbn=5", "url2": "http://www.neim.co.jp/", "内容": "カミロ薬局【5:薬局】静岡県島田市南１－６－１２" }, "geometry": { "type": "Point", "coordinates": [ 138.180267, 34.828648 ] } },
{ "type": "Feature", "properties": { "ID": "2257220601610", "正式名称": "川根薬局", "機関区分": 5, "都道府県コード": 22, "市区町村コード": 209, "所在地": "静岡県島田市川根町家山６７６－１５", "緯度": 34.94269, "経度": 138.076076, "url": "https://www.iryou.teikyouseido.mhlw.go.jp/znk-web/juminkanja/S2430/initialize?prefCd=22&kikanCd=7220601610&kikanKbn=5", "url2": "http://www.haiyaku.co.jp", "内容": "川根薬局【5:薬局】静岡県島田市川根町家山６７６－１５" }, "geometry": { "type": "Point", "coordinates": [ 138.076076, 34.94269 ] } },
{ "type": "Feature", "properties": { "ID": "2257220601630", "正式名称": "京屋薬局六合店", "機関区分": 5, "都道府県コード": 22, "市区町村コード": 209, "所在地": "静岡県島田市道悦４－５－１１", "緯度": 34.835731, "経度": 138.205904, "url": "https://www.iryou.teikyouseido.mhlw.go.jp/znk-web/juminkanja/S2430/initialize?prefCd=22&kikanCd=7220601630&kikanKbn=5", "url2": null, "内容": "京屋薬局六合店【5:薬局】静岡県島田市道悦４－５－１１" }, "geometry": { "type": "Point", "coordinates": [ 138.205904, 34.835731 ] } },
{ "type": "Feature", "properties": { "ID": "2257220601640", "正式名称": "五和薬局", "機関区分": 5, "都道府県コード": 22, "市区町村コード": 209, "所在地": "静岡県島田市牛尾４７５－６", "緯度": 34.845867, "経度": 138.123465, "url": "https://www.iryou.teikyouseido.mhlw.go.jp/znk-web/juminkanja/S2430/initialize?prefCd=22&kikanCd=7220601640&kikanKbn=5", "url2": "http://www.haiyaku.co.jp", "内容": "五和薬局【5:薬局】静岡県島田市牛尾４７５－６" }, "geometry": { "type": "Point", "coordinates": [ 138.123465, 34.845867 ] } },
{ "type": "Feature", "properties": { "ID": "2257220601650", "正式名称": "サレト薬局", "機関区分": 5, "都道府県コード": 22, "市区町村コード": 209, "所在地": "静岡県島田市南原２２５－２", "緯度": 34.792515, "経度": 138.226835, "url": "https://www.iryou.teikyouseido.mhlw.go.jp/znk-web/juminkanja/S2430/initialize?prefCd=22&kikanCd=7220601650&kikanKbn=5", "url2": "http://www.neim.co.jp", "内容": "サレト薬局【5:薬局】静岡県島田市南原２２５－２" }, "geometry": { "type": "Point", "coordinates": [ 138.226835, 34.792515 ] } },
{ "type": "Feature", "properties": { "ID": "2257220601660", "正式名称": "島田くるみ薬局", "機関区分": 5, "都道府県コード": 22, "市区町村コード": 209, "所在地": "静岡県島田市岸町６６３", "緯度": 34.844452, "経度": 138.212653, "url": "https://www.iryou.teikyouseido.mhlw.go.jp/znk-web/juminkanja/S2430/initialize?prefCd=22&kikanCd=7220601660&kikanKbn=5", "url2": null, "内容": "島田くるみ薬局【5:薬局】静岡県島田市岸町６６３" }, "geometry": { "type": "Point", "coordinates": [ 138.212653, 34.844452 ] } },
{ "type": "Feature", "properties": { "ID": "2257220601670", "正式名称": "島田中央薬局", "機関区分": 5, "都道府県コード": 22, "市区町村コード": 209, "所在地": "静岡県島田市栄町３番の１", "緯度": 34.831981, "経度": 138.17549, "url": "https://www.iryou.teikyouseido.mhlw.go.jp/znk-web/juminkanja/S2430/initialize?prefCd=22&kikanCd=7220601670&kikanKbn=5", "url2": "http://hanamizuki-chemist.com", "内容": "島田中央薬局【5:薬局】静岡県島田市栄町３番の１" }, "geometry": { "type": "Point", "coordinates": [ 138.17549, 34.831981 ] } },
{ "type": "Feature", "properties": { "ID": "2257220601680", "正式名称": "進士薬局", "機関区分": 5, "都道府県コード": 22, "市区町村コード": 209, "所在地": "静岡県島田市金谷東２丁目１８５７－１３", "緯度": 34.826814, "経度": 138.136049, "url": "https://www.iryou.teikyouseido.mhlw.go.jp/znk-web/juminkanja/S2430/initialize?prefCd=22&kikanCd=7220601680&kikanKbn=5", "url2": null, "内容": "進士薬局【5:薬局】静岡県島田市金谷東２丁目１８５７－１３" }, "geometry": { "type": "Point", "coordinates": [ 138.136049, 34.826814 ] } },
{ "type": "Feature", "properties": { "ID": "2257220601690", "正式名称": "髙橋調剤薬局", "機関区分": 5, "都道府県コード": 22, "市区町村コード": 209, "所在地": "静岡県島田市向島町４５３５", "緯度": 34.83187, "経度": 138.167879, "url": "https://www.iryou.teikyouseido.mhlw.go.jp/znk-web/juminkanja/S2430/initialize?prefCd=22&kikanCd=7220601690&kikanKbn=5", "url2": "http://www.stcy.co.jp/STCmain/map/shimada.htm", "内容": "髙橋調剤薬局【5:薬局】静岡県島田市向島町４５３５" }, "geometry": { "type": "Point", "coordinates": [ 138.167879, 34.83187 ] } },
{ "type": "Feature", "properties": { "ID": "2257220601720", "正式名称": "たんぽぽ薬局島田店", "機関区分": 5, "都道府県コード": 22, "市区町村コード": 209, "所在地": "静岡県島田市野田１２７１－５", "緯度": 34.84523, "経度": 138.182599, "url": "https://www.iryou.teikyouseido.mhlw.go.jp/znk-web/juminkanja/S2430/initialize?prefCd=22&kikanCd=7220601720&kikanKbn=5", "url2": "http://www.tanpopo-ph.co.jp", "内容": "たんぽぽ薬局島田店【5:薬局】静岡県島田市野田１２７１－５" }, "geometry": { "type": "Point", "coordinates": [ 138.182599, 34.84523 ] } },
{ "type": "Feature", "properties": { "ID": "2257220601730", "正式名称": "チシン薬局フローラ店", "機関区分": 5, "都道府県コード": 22, "市区町村コード": 209, "所在地": "静岡県島田市元島田２１０－３", "緯度": 34.842785, "経度": 138.180211, "url": "https://www.iryou.teikyouseido.mhlw.go.jp/znk-web/juminkanja/S2430/initialize?prefCd=22&kikanCd=7220601730&kikanKbn=5", "url2": "http://www.e-classa.net/chishin/", "内容": "チシン薬局フローラ店【5:薬局】静岡県島田市元島田２１０－３" }, "geometry": { "type": "Point", "coordinates": [ 138.180211, 34.842785 ] } },
{ "type": "Feature", "properties": { "ID": "2257220601760", "正式名称": "成岡薬局井口店", "機関区分": 5, "都道府県コード": 22, "市区町村コード": 209, "所在地": "静岡県島田市井口８８０", "緯度": 34.798819, "経度": 138.229848, "url": "https://www.iryou.teikyouseido.mhlw.go.jp/znk-web/juminkanja/S2430/initialize?prefCd=22&kikanCd=7220601760&kikanKbn=5", "url2": null, "内容": "成岡薬局井口店【5:薬局】静岡県島田市井口８８０" }, "geometry": { "type": "Point", "coordinates": [ 138.229848, 34.798819 ] } },
{ "type": "Feature", "properties": { "ID": "2257220601800", "正式名称": "ファミリー薬局", "機関区分": 5, "都道府県コード": 22, "市区町村コード": 209, "所在地": "静岡県島田市三ツ合町１１５９番地の３", "緯度": 34.841763, "経度": 138.15631, "url": "https://www.iryou.teikyouseido.mhlw.go.jp/znk-web/juminkanja/S2430/initialize?prefCd=22&kikanCd=7220601800&kikanKbn=5", "url2": null, "内容": "ファミリー薬局【5:薬局】静岡県島田市三ツ合町１１５９番地の３" }, "geometry": { "type": "Point", "coordinates": [ 138.15631, 34.841763 ] } },
{ "type": "Feature", "properties": { "ID": "2257220601840", "正式名称": "みつあい薬局", "機関区分": 5, "都道府県コード": 22, "市区町村コード": 209, "所在地": "静岡県島田市三ツ合町２６９７－１３", "緯度": 34.838869, "経度": 138.157796, "url": "https://www.iryou.teikyouseido.mhlw.go.jp/znk-web/juminkanja/S2430/initialize?prefCd=22&kikanCd=7220601840&kikanKbn=5", "url2": null, "内容": "みつあい薬局【5:薬局】静岡県島田市三ツ合町２６９７－１３" }, "geometry": { "type": "Point", "coordinates": [ 138.157796, 34.838869 ] } },
{ "type": "Feature", "properties": { "ID": "2257220601860", "正式名称": "みなみ薬局", "機関区分": 5, "都道府県コード": 22, "市区町村コード": 209, "所在地": "静岡県島田市南２－４－４", "緯度": 34.828537, "経度": 138.181184, "url": "https://www.iryou.teikyouseido.mhlw.go.jp/znk-web/juminkanja/S2430/initialize?prefCd=22&kikanCd=7220601860&kikanKbn=5", "url2": "http://www.stcy.co.jp/STCmain/map/minami.htm", "内容": "みなみ薬局【5:薬局】静岡県島田市南２－４－４" }, "geometry": { "type": "Point", "coordinates": [ 138.181184, 34.828537 ] } },
{ "type": "Feature", "properties": { "ID": "2257220601880", "正式名称": "森善薬局", "機関区分": 5, "都道府県コード": 22, "市区町村コード": 209, "所在地": "静岡県島田市本通６－８３４９－２", "緯度": 34.832564, "経度": 138.179461, "url": "https://www.iryou.teikyouseido.mhlw.go.jp/znk-web/juminkanja/S2430/initialize?prefCd=22&kikanCd=7220601880&kikanKbn=5", "url2": null, "内容": "森善薬局【5:薬局】静岡県島田市本通６－８３４９－２" }, "geometry": { "type": "Point", "coordinates": [ 138.179461, 34.832564 ] } },
{ "type": "Feature", "properties": { "ID": "2257220601910", "正式名称": "やまざき薬局", "機関区分": 5, "都道府県コード": 22, "市区町村コード": 209, "所在地": "静岡県島田市道悦５－１１－４４", "緯度": 34.836203, "経度": 138.20832, "url": "https://www.iryou.teikyouseido.mhlw.go.jp/znk-web/juminkanja/S2430/initialize?prefCd=22&kikanCd=7220601910&kikanKbn=5", "url2": null, "内容": "やまざき薬局【5:薬局】静岡県島田市道悦５－１１－４４" }, "geometry": { "type": "Point", "coordinates": [ 138.20832, 34.836203 ] } },
{ "type": "Feature", "properties": { "ID": "2257220601940", "正式名称": "有限会社セリザワ薬局", "機関区分": 5, "都道府県コード": 22, "市区町村コード": 209, "所在地": "静岡県島田市野田１１２４－５", "緯度": 34.851645, "経度": 138.1766, "url": "https://www.iryou.teikyouseido.mhlw.go.jp/znk-web/juminkanja/S2430/initialize?prefCd=22&kikanCd=7220601940&kikanKbn=5", "url2": null, "内容": "有限会社セリザワ薬局【5:薬局】静岡県島田市野田１１２４－５" }, "geometry": { "type": "Point", "coordinates": [ 138.1766, 34.851645 ] } },
{ "type": "Feature", "properties": { "ID": "2257220601950", "正式名称": "有限会社爽快堂調剤薬局静岡支店", "機関区分": 5, "都道府県コード": 22, "市区町村コード": 209, "所在地": "静岡県島田市金谷東一丁目９１９", "緯度": 34.832675, "経度": 138.134932, "url": "https://www.iryou.teikyouseido.mhlw.go.jp/znk-web/juminkanja/S2430/initialize?prefCd=22&kikanCd=7220601950&kikanKbn=5", "url2": null, "内容": "有限会社爽快堂調剤薬局静岡支店【5:薬局】静岡県島田市金谷東一丁目９１９" }, "geometry": { "type": "Point", "coordinates": [ 138.134932, 34.832675 ] } },
{ "type": "Feature", "properties": { "ID": "2257220601960", "正式名称": "有限会社　田代薬局", "機関区分": 5, "都道府県コード": 22, "市区町村コード": 209, "所在地": "静岡県島田市金谷本町２０１２－１", "緯度": 34.822981, "経度": 138.129077, "url": "https://www.iryou.teikyouseido.mhlw.go.jp/znk-web/juminkanja/S2430/initialize?prefCd=22&kikanCd=7220601960&kikanKbn=5", "url2": null, "内容": "有限会社　田代薬局【5:薬局】静岡県島田市金谷本町２０１２－１" }, "geometry": { "type": "Point", "coordinates": [ 138.129077, 34.822981 ] } },
{ "type": "Feature", "properties": { "ID": "2257220601970", "正式名称": "有限会社チシン薬局", "機関区分": 5, "都道府県コード": 22, "市区町村コード": 209, "所在地": "静岡県島田市本通５丁目４－１", "緯度": 34.832425, "経度": 138.177656, "url": "https://www.iryou.teikyouseido.mhlw.go.jp/znk-web/juminkanja/S2430/initialize?prefCd=22&kikanCd=7220601970&kikanKbn=5", "url2": "http://www.e-classa.net/chishin/", "内容": "有限会社チシン薬局【5:薬局】静岡県島田市本通５丁目４－１" }, "geometry": { "type": "Point", "coordinates": [ 138.177656, 34.832425 ] } },
{ "type": "Feature", "properties": { "ID": "2257220602010", "正式名称": "ゆう薬局", "機関区分": 5, "都道府県コード": 22, "市区町村コード": 209, "所在地": "静岡県島田市大津通１５－１", "緯度": 34.83337, "経度": 138.178239, "url": "https://www.iryou.teikyouseido.mhlw.go.jp/znk-web/juminkanja/S2430/initialize?prefCd=22&kikanCd=7220602010&kikanKbn=5", "url2": "https://yamamoto-ph.com/corporate.html", "内容": "ゆう薬局【5:薬局】静岡県島田市大津通１５－１" }, "geometry": { "type": "Point", "coordinates": [ 138.178239, 34.83337 ] } },
{ "type": "Feature", "properties": { "ID": "2257220602050", "正式名称": "成効堂薬局", "機関区分": 5, "都道府県コード": 22, "市区町村コード": 429, "所在地": "静岡県榛原郡川根本町千頭９８９", "緯度": 35.110395, "経度": 138.139174, "url": "https://www.iryou.teikyouseido.mhlw.go.jp/znk-web/juminkanja/S2430/initialize?prefCd=22&kikanCd=7220602050&kikanKbn=5", "url2": null, "内容": "成効堂薬局【5:薬局】静岡県榛原郡川根本町千頭９８９" }, "geometry": { "type": "Point", "coordinates": [ 138.139174, 35.110395 ] } },
{ "type": "Feature", "properties": { "ID": "2257220602060", "正式名称": "まつおか薬局", "機関区分": 5, "都道府県コード": 22, "市区町村コード": 429, "所在地": "静岡県榛原郡川根本町徳山８２９", "緯度": 35.075454, "経度": 138.112317, "url": "https://www.iryou.teikyouseido.mhlw.go.jp/znk-web/juminkanja/S2430/initialize?prefCd=22&kikanCd=7220602060&kikanKbn=5", "url2": null, "内容": "まつおか薬局【5:薬局】静岡県榛原郡川根本町徳山８２９" }, "geometry": { "type": "Point", "coordinates": [ 138.112317, 35.075454 ] } },
{ "type": "Feature", "properties": { "ID": "2257220602070", "正式名称": "まつおか薬局上長尾店", "機関区分": 5, "都道府県コード": 22, "市区町村コード": 429, "所在地": "静岡県榛原郡川根本町上長尾９１３－１", "緯度": 35.042789, "経度": 138.081181, "url": "https://www.iryou.teikyouseido.mhlw.go.jp/znk-web/juminkanja/S2430/initialize?prefCd=22&kikanCd=7220602070&kikanKbn=5", "url2": null, "内容": "まつおか薬局上長尾店【5:薬局】静岡県榛原郡川根本町上長尾９１３－１" }, "geometry": { "type": "Point", "coordinates": [ 138.081181, 35.042789 ] } },
{ "type": "Feature", "properties": { "ID": "2257220602080", "正式名称": "アイ薬局", "機関区分": 5, "都道府県コード": 22, "市区町村コード": 226, "所在地": "静岡県牧之原市細江１４９３－１", "緯度": 34.74888, "経度": 138.239238, "url": "https://www.iryou.teikyouseido.mhlw.go.jp/znk-web/juminkanja/S2430/initialize?prefCd=22&kikanCd=7220602080&kikanKbn=5", "url2": "http://www.haiyaku.co.jp/", "内容": "アイ薬局【5:薬局】静岡県牧之原市細江１４９３－１" }, "geometry": { "type": "Point", "coordinates": [ 138.239238, 34.74888 ] } },
{ "type": "Feature", "properties": { "ID": "2257220602120", "正式名称": "株式会社大阪屋薬局", "機関区分": 5, "都道府県コード": 22, "市区町村コード": 226, "所在地": "静岡県牧之原市静波３０１－２", "緯度": 34.743825, "経度": 138.226323, "url": "https://www.iryou.teikyouseido.mhlw.go.jp/znk-web/juminkanja/S2430/initialize?prefCd=22&kikanCd=7220602120&kikanKbn=5", "url2": null, "内容": "株式会社大阪屋薬局【5:薬局】静岡県牧之原市静波３０１－２" }, "geometry": { "type": "Point", "coordinates": [ 138.226323, 34.743825 ] } },
{ "type": "Feature", "properties": { "ID": "2257220602130", "正式名称": "香川薬局", "機関区分": 5, "都道府県コード": 22, "市区町村コード": 226, "所在地": "静岡県牧之原市地頭方１丁目１６９番地２", "緯度": 34.633752, "経度": 138.18897, "url": "https://www.iryou.teikyouseido.mhlw.go.jp/znk-web/juminkanja/S2430/initialize?prefCd=22&kikanCd=7220602130&kikanKbn=5", "url2": null, "内容": "香川薬局【5:薬局】静岡県牧之原市地頭方１丁目１６９番地２" }, "geometry": { "type": "Point", "coordinates": [ 138.18897, 34.633752 ] } },
{ "type": "Feature", "properties": { "ID": "2257220602190", "正式名称": "相良北薬局", "機関区分": 5, "都道府県コード": 22, "市区町村コード": 226, "所在地": "静岡県牧之原市大沢３３０", "緯度": 34.694524, "経度": 138.191383, "url": "https://www.iryou.teikyouseido.mhlw.go.jp/znk-web/juminkanja/S2430/initialize?prefCd=22&kikanCd=7220602190&kikanKbn=5", "url2": "http://www.haiyaku.co.jp/", "内容": "相良北薬局【5:薬局】静岡県牧之原市大沢３３０" }, "geometry": { "type": "Point", "coordinates": [ 138.191383, 34.694524 ] } },
{ "type": "Feature", "properties": { "ID": "2257220602230", "正式名称": "なごみ薬局", "機関区分": 5, "都道府県コード": 22, "市区町村コード": 226, "所在地": "静岡県牧之原市細江４０２０－２", "緯度": 34.754851, "経度": 138.237405, "url": "https://www.iryou.teikyouseido.mhlw.go.jp/znk-web/juminkanja/S2430/initialize?prefCd=22&kikanCd=7220602230&kikanKbn=5", "url2": "http://www.haiyaku.co.jp", "内容": "なごみ薬局【5:薬局】静岡県牧之原市細江４０２０－２" }, "geometry": { "type": "Point", "coordinates": [ 138.237405, 34.754851 ] } },
{ "type": "Feature", "properties": { "ID": "2257220602240", "正式名称": "のぞみ薬局", "機関区分": 5, "都道府県コード": 22, "市区町村コード": 226, "所在地": "静岡県牧之原市波津２－１１２", "緯度": 34.685358, "経度": 138.192856, "url": "https://www.iryou.teikyouseido.mhlw.go.jp/znk-web/juminkanja/S2430/initialize?prefCd=22&kikanCd=7220602240&kikanKbn=5", "url2": "http://www.haiyaku.co.jp/", "内容": "のぞみ薬局【5:薬局】静岡県牧之原市波津２－１１２" }, "geometry": { "type": "Point", "coordinates": [ 138.192856, 34.685358 ] } },
{ "type": "Feature", "properties": { "ID": "2257220602250", "正式名称": "榛原薬局", "機関区分": 5, "都道府県コード": 22, "市区町村コード": 226, "所在地": "静岡県牧之原市静波９８４－１", "緯度": 34.736409, "経度": 138.222573, "url": "https://www.iryou.teikyouseido.mhlw.go.jp/znk-web/juminkanja/S2430/initialize?prefCd=22&kikanCd=7220602250&kikanKbn=5", "url2": "http://www.haiyaku.co.jp/", "内容": "榛原薬局【5:薬局】静岡県牧之原市静波９８４－１" }, "geometry": { "type": "Point", "coordinates": [ 138.222573, 34.736409 ] } },
{ "type": "Feature", "properties": { "ID": "2257220602260", "正式名称": "波津薬局", "機関区分": 5, "都道府県コード": 22, "市区町村コード": 226, "所在地": "静岡県牧之原市波津１－５９－１", "緯度": 34.682798, "経度": 138.193609, "url": "https://www.iryou.teikyouseido.mhlw.go.jp/znk-web/juminkanja/S2430/initialize?prefCd=22&kikanCd=7220602260&kikanKbn=5", "url2": "http://www.haiyaku.co.jp", "内容": "波津薬局【5:薬局】静岡県牧之原市波津１－５９－１" }, "geometry": { "type": "Point", "coordinates": [ 138.193609, 34.682798 ] } },
{ "type": "Feature", "properties": { "ID": "2257220602280", "正式名称": "細江たんぽぽ薬局", "機関区分": 5, "都道府県コード": 22, "市区町村コード": 226, "所在地": "静岡県牧之原市細江４４５６－１", "緯度": 34.748435, "経度": 138.230683, "url": "https://www.iryou.teikyouseido.mhlw.go.jp/znk-web/juminkanja/S2430/initialize?prefCd=22&kikanCd=7220602280&kikanKbn=5", "url2": null, "内容": "細江たんぽぽ薬局【5:薬局】静岡県牧之原市細江４４５６－１" }, "geometry": { "type": "Point", "coordinates": [ 138.230683, 34.748435 ] } },
{ "type": "Feature", "properties": { "ID": "2257220602350", "正式名称": "上住吉薬局", "機関区分": 5, "都道府県コード": 22, "市区町村コード": 424, "所在地": "静岡県榛原郡吉田町住吉３７９－２", "緯度": 34.765795, "経度": 138.25593, "url": "https://www.iryou.teikyouseido.mhlw.go.jp/znk-web/juminkanja/S2430/initialize?prefCd=22&kikanCd=7220602350&kikanKbn=5", "url2": "http://www.haiyaku.co.jp/", "内容": "上住吉薬局【5:薬局】静岡県榛原郡吉田町住吉３７９－２" }, "geometry": { "type": "Point", "coordinates": [ 138.25593, 34.765795 ] } },
{ "type": "Feature", "properties": { "ID": "2257220602390", "正式名称": "下片岡薬局", "機関区分": 5, "都道府県コード": 22, "市区町村コード": 424, "所在地": "静岡県榛原郡吉田町片岡１９５４－１５", "緯度": 34.770461, "経度": 138.256541, "url": "https://www.iryou.teikyouseido.mhlw.go.jp/znk-web/juminkanja/S2430/initialize?prefCd=22&kikanCd=7220602390&kikanKbn=5", "url2": "http://www.haiyaku.co.jp/", "内容": "下片岡薬局【5:薬局】静岡県榛原郡吉田町片岡１９５４－１５" }, "geometry": { "type": "Point", "coordinates": [ 138.256541, 34.770461 ] } },
{ "type": "Feature", "properties": { "ID": "2257220602420", "正式名称": "森薬局", "機関区分": 5, "都道府県コード": 22, "市区町村コード": 424, "所在地": "静岡県榛原郡吉田町神戸７１６－４", "緯度": 34.788431, "経度": 138.245208, "url": "https://www.iryou.teikyouseido.mhlw.go.jp/znk-web/juminkanja/S2430/initialize?prefCd=22&kikanCd=7220602420&kikanKbn=5", "url2": null, "内容": "森薬局【5:薬局】静岡県榛原郡吉田町神戸７１６－４" }, "geometry": { "type": "Point", "coordinates": [ 138.245208, 34.788431 ] } },
{ "type": "Feature", "properties": { "ID": "2257220602440", "正式名称": "吉田薬局", "機関区分": 5, "都道府県コード": 22, "市区町村コード": 424, "所在地": "静岡県榛原郡吉田町住吉３０４－１", "緯度": 34.767545, "経度": 138.252819, "url": "https://www.iryou.teikyouseido.mhlw.go.jp/znk-web/juminkanja/S2430/initialize?prefCd=22&kikanCd=7220602440&kikanKbn=5", "url2": "http://www.haiyaku.co.jp", "内容": "吉田薬局【5:薬局】静岡県榛原郡吉田町住吉３０４－１" }, "geometry": { "type": "Point", "coordinates": [ 138.252819, 34.767545 ] } },
{ "type": "Feature", "properties": { "ID": "2257220602490", "正式名称": "よつば薬局", "機関区分": 5, "都道府県コード": 22, "市区町村コード": 212, "所在地": "静岡県焼津市石津２ー６ー８", "緯度": 34.841899, "経度": 138.317477, "url": "https://www.iryou.teikyouseido.mhlw.go.jp/znk-web/juminkanja/S2430/initialize?prefCd=22&kikanCd=7220602490&kikanKbn=5", "url2": "https://crephar.jp", "内容": "よつば薬局【5:薬局】静岡県焼津市石津２ー６ー８" }, "geometry": { "type": "Point", "coordinates": [ 138.317477, 34.841899 ] } },
{ "type": "Feature", "properties": { "ID": "2257220602510", "正式名称": "オオイ薬局", "機関区分": 5, "都道府県コード": 22, "市区町村コード": 209, "所在地": "静岡県島田市大川町１２番の３", "緯度": 34.830537, "経度": 138.175962, "url": "https://www.iryou.teikyouseido.mhlw.go.jp/znk-web/juminkanja/S2430/initialize?prefCd=22&kikanCd=7220602510&kikanKbn=5", "url2": null, "内容": "オオイ薬局【5:薬局】静岡県島田市大川町１２番の３" }, "geometry": { "type": "Point", "coordinates": [ 138.175962, 34.830537 ] } },
{ "type": "Feature", "properties": { "ID": "2257220602540", "正式名称": "スギ薬局大覚寺店", "機関区分": 5, "都道府県コード": 22, "市区町村コード": 212, "所在地": "静岡県焼津市大覚寺２丁目２５番地の７", "緯度": 34.876395, "経度": 138.297061, "url": "https://www.iryou.teikyouseido.mhlw.go.jp/znk-web/juminkanja/S2430/initialize?prefCd=22&kikanCd=7220602540&kikanKbn=5", "url2": "http://www.sugi-net.jp/", "内容": "スギ薬局大覚寺店【5:薬局】静岡県焼津市大覚寺２丁目２５番地の７" }, "geometry": { "type": "Point", "coordinates": [ 138.297061, 34.876395 ] } },
{ "type": "Feature", "properties": { "ID": "2257220602570", "正式名称": "吉澤薬局", "機関区分": 5, "都道府県コード": 22, "市区町村コード": 210, "所在地": "静岡県富士市柚木２２９番地", "緯度": 35.158343, "経度": 138.63737, "url": "https://www.iryou.teikyouseido.mhlw.go.jp/znk-web/juminkanja/S2430/initialize?prefCd=22&kikanCd=7220602570&kikanKbn=5", "url2": null, "内容": "吉澤薬局【5:薬局】静岡県富士市柚木２２９番地" }, "geometry": { "type": "Point", "coordinates": [ 138.63737, 35.158343 ] } },
{ "type": "Feature", "properties": { "ID": "2257220602600", "正式名称": "しみず薬局", "機関区分": 5, "都道府県コード": 22, "市区町村コード": 209, "所在地": "静岡県島田市宮川町２４７３－４", "緯度": 34.835105, "経度": 138.167178, "url": "https://www.iryou.teikyouseido.mhlw.go.jp/znk-web/juminkanja/S2430/initialize?prefCd=22&kikanCd=7220602600&kikanKbn=5", "url2": null, "内容": "しみず薬局【5:薬局】静岡県島田市宮川町２４７３－４" }, "geometry": { "type": "Point", "coordinates": [ 138.167178, 34.835105 ] } },
{ "type": "Feature", "properties": { "ID": "2257220602610", "正式名称": "カトレア薬局", "機関区分": 5, "都道府県コード": 22, "市区町村コード": 212, "所在地": "静岡県焼津市西小川４丁目８番地の１３", "緯度": 34.854981, "経度": 138.307283, "url": "https://www.iryou.teikyouseido.mhlw.go.jp/znk-web/juminkanja/S2430/initialize?prefCd=22&kikanCd=7220602610&kikanKbn=5", "url2": null, "内容": "カトレア薬局【5:薬局】静岡県焼津市西小川４丁目８番地の１３" }, "geometry": { "type": "Point", "coordinates": [ 138.307283, 34.854981 ] } },
{ "type": "Feature", "properties": { "ID": "2257220602630", "正式名称": "わかくさ薬局　大富店", "機関区分": 5, "都道府県コード": 22, "市区町村コード": 212, "所在地": "静岡県焼津市中新田５２０－１", "緯度": 34.839022, "経度": 138.294446, "url": "https://www.iryou.teikyouseido.mhlw.go.jp/znk-web/juminkanja/S2430/initialize?prefCd=22&kikanCd=7220602630&kikanKbn=5", "url2": "http://www.stcy.co.jp/STCmain/map/otomi.htm", "内容": "わかくさ薬局　大富店【5:薬局】静岡県焼津市中新田５２０－１" }, "geometry": { "type": "Point", "coordinates": [ 138.294446, 34.839022 ] } },
{ "type": "Feature", "properties": { "ID": "2257220602660", "正式名称": "こころ薬局", "機関区分": 5, "都道府県コード": 22, "市区町村コード": 209, "所在地": "静岡県島田市金谷本町１９７０－１", "緯度": 34.823533, "経度": 138.130076, "url": "https://www.iryou.teikyouseido.mhlw.go.jp/znk-web/juminkanja/S2430/initialize?prefCd=22&kikanCd=7220602660&kikanKbn=5", "url2": "https://yamamoto-ph.com/", "内容": "こころ薬局【5:薬局】静岡県島田市金谷本町１９７０－１" }, "geometry": { "type": "Point", "coordinates": [ 138.130076, 34.823533 ] } },
{ "type": "Feature", "properties": { "ID": "2257220602690", "正式名称": "しろうま薬局", "機関区分": 5, "都道府県コード": 22, "市区町村コード": 209, "所在地": "静岡県島田市岸町２２４－６", "緯度": 34.84371, "経度": 138.208518, "url": "https://www.iryou.teikyouseido.mhlw.go.jp/znk-web/juminkanja/S2430/initialize?prefCd=22&kikanCd=7220602690&kikanKbn=5", "url2": null, "内容": "しろうま薬局【5:薬局】静岡県島田市岸町２２４－６" }, "geometry": { "type": "Point", "coordinates": [ 138.208518, 34.84371 ] } },
{ "type": "Feature", "properties": { "ID": "2257220602720", "正式名称": "あかね薬局", "機関区分": 5, "都道府県コード": 22, "市区町村コード": 214, "所在地": "静岡県藤枝市上青島４６２－８", "緯度": 34.842735, "経度": 138.21919, "url": "https://www.iryou.teikyouseido.mhlw.go.jp/znk-web/juminkanja/S2430/initialize?prefCd=22&kikanCd=7220602720&kikanKbn=5", "url2": "https://www.yamamoto-ph.com/corporate.html", "内容": "あかね薬局【5:薬局】静岡県藤枝市上青島４６２－８" }, "geometry": { "type": "Point", "coordinates": [ 138.21919, 34.842735 ] } },
{ "type": "Feature", "properties": { "ID": "2257220602830", "正式名称": "スギ薬局　中河町店", "機関区分": 5, "都道府県コード": 22, "市区町村コード": 209, "所在地": "静岡県島田市中河町２５２－３", "緯度": 34.840536, "経度": 138.181183, "url": "https://www.iryou.teikyouseido.mhlw.go.jp/znk-web/juminkanja/S2430/initialize?prefCd=22&kikanCd=7220602830&kikanKbn=5", "url2": "http://www.drug-sugi.co.jp/", "内容": "スギ薬局　中河町店【5:薬局】静岡県島田市中河町２５２－３" }, "geometry": { "type": "Point", "coordinates": [ 138.181183, 34.840536 ] } },
{ "type": "Feature", "properties": { "ID": "2257220602840", "正式名称": "漢方の寺岡薬局", "機関区分": 5, "都道府県コード": 22, "市区町村コード": 209, "所在地": "静岡県島田市向谷三丁目８７９番地の４", "緯度": 34.842563, "経度": 138.148325, "url": "https://www.iryou.teikyouseido.mhlw.go.jp/znk-web/juminkanja/S2430/initialize?prefCd=22&kikanCd=7220602840&kikanKbn=5", "url2": null, "内容": "漢方の寺岡薬局【5:薬局】静岡県島田市向谷三丁目８７９番地の４" }, "geometry": { "type": "Point", "coordinates": [ 138.148325, 34.842563 ] } },
{ "type": "Feature", "properties": { "ID": "2257220602850", "正式名称": "杏林堂薬局藤枝田沼店", "機関区分": 5, "都道府県コード": 22, "市区町村コード": 214, "所在地": "静岡県藤枝市田沼４丁目１３－１１", "緯度": 34.841315, "経度": 138.256566, "url": "https://www.iryou.teikyouseido.mhlw.go.jp/znk-web/juminkanja/S2430/initialize?prefCd=22&kikanCd=7220602850&kikanKbn=5", "url2": "https://www.kyorindo.co.jp", "内容": "杏林堂薬局藤枝田沼店【5:薬局】静岡県藤枝市田沼４丁目１３－１１" }, "geometry": { "type": "Point", "coordinates": [ 138.256566, 34.841315 ] } },
{ "type": "Feature", "properties": { "ID": "2257220602860", "正式名称": "ホワイト薬局　本町店", "機関区分": 5, "都道府県コード": 22, "市区町村コード": 212, "所在地": "静岡県焼津市本町六丁目１７番６号", "緯度": 34.860675, "経度": 138.322532, "url": "https://www.iryou.teikyouseido.mhlw.go.jp/znk-web/juminkanja/S2430/initialize?prefCd=22&kikanCd=7220602860&kikanKbn=5", "url2": null, "内容": "ホワイト薬局　本町店【5:薬局】静岡県焼津市本町六丁目１７番６号" }, "geometry": { "type": "Point", "coordinates": [ 138.322532, 34.860675 ] } },
{ "type": "Feature", "properties": { "ID": "2257220602870", "正式名称": "おおさわ薬局", "機関区分": 5, "都道府県コード": 22, "市区町村コード": 226, "所在地": "静岡県牧之原市大沢６３３－１", "緯度": 34.688358, "経度": 138.192745, "url": "https://www.iryou.teikyouseido.mhlw.go.jp/znk-web/juminkanja/S2430/initialize?prefCd=22&kikanCd=7220602870&kikanKbn=5", "url2": "http://haiyaku.co.jp", "内容": "おおさわ薬局【5:薬局】静岡県牧之原市大沢６３３－１" }, "geometry": { "type": "Point", "coordinates": [ 138.192745, 34.688358 ] } },
{ "type": "Feature", "properties": { "ID": "2257220602960", "正式名称": "マリン薬局", "機関区分": 5, "都道府県コード": 22, "市区町村コード": 212, "所在地": "静岡県焼津市栄町２丁目８番５号", "緯度": 34.870753, "経度": 138.321948, "url": "https://www.iryou.teikyouseido.mhlw.go.jp/znk-web/juminkanja/S2430/initialize?prefCd=22&kikanCd=7220602960&kikanKbn=5", "url2": "www.yaiduchouzai.com", "内容": "マリン薬局【5:薬局】静岡県焼津市栄町２丁目８番５号" }, "geometry": { "type": "Point", "coordinates": [ 138.321948, 34.870753 ] } },
{ "type": "Feature", "properties": { "ID": "2257220603000", "正式名称": "うさぎ薬局　白子店", "機関区分": 5, "都道府県コード": 22, "市区町村コード": 214, "所在地": "静岡県藤枝市本町２－１－３５", "緯度": 34.873769, "経度": 138.261383, "url": "https://www.iryou.teikyouseido.mhlw.go.jp/znk-web/juminkanja/S2430/initialize?prefCd=22&kikanCd=7220603000&kikanKbn=5", "url2": "http://usagipharmacy.com", "内容": "うさぎ薬局　白子店【5:薬局】静岡県藤枝市本町２－１－３５" }, "geometry": { "type": "Point", "coordinates": [ 138.261383, 34.873769 ] } },
{ "type": "Feature", "properties": { "ID": "2257220603050", "正式名称": "港薬局", "機関区分": 5, "都道府県コード": 22, "市区町村コード": 226, "所在地": "静岡県牧之原市相良１７３－５", "緯度": 34.687281, "経度": 138.202274, "url": "https://www.iryou.teikyouseido.mhlw.go.jp/znk-web/juminkanja/S2430/initialize?prefCd=22&kikanCd=7220603050&kikanKbn=5", "url2": "http://haiyaku.co.jp", "内容": "港薬局【5:薬局】静岡県牧之原市相良１７３－５" }, "geometry": { "type": "Point", "coordinates": [ 138.202274, 34.687281 ] } },
{ "type": "Feature", "properties": { "ID": "2257220603070", "正式名称": "クリエイト薬局焼津小土店", "機関区分": 5, "都道府県コード": 22, "市区町村コード": 212, "所在地": "静岡県焼津市小土２７０－１７", "緯度": 34.868831, "経度": 138.29376, "url": "https://www.iryou.teikyouseido.mhlw.go.jp/znk-web/juminkanja/S2430/initialize?prefCd=22&kikanCd=7220603070&kikanKbn=5", "url2": "http://www.create-sd.co.jp/", "内容": "クリエイト薬局焼津小土店【5:薬局】静岡県焼津市小土２７０－１７" }, "geometry": { "type": "Point", "coordinates": [ 138.29376, 34.868831 ] } },
{ "type": "Feature", "properties": { "ID": "2257220603120", "正式名称": "赤木薬局　さつき店", "機関区分": 5, "都道府県コード": 22, "市区町村コード": 212, "所在地": "静岡県焼津市西小川４－９－１２", "緯度": 34.85538, "経度": 138.305753, "url": "https://www.iryou.teikyouseido.mhlw.go.jp/znk-web/juminkanja/S2430/initialize?prefCd=22&kikanCd=7220603120&kikanKbn=5", "url2": null, "内容": "赤木薬局　さつき店【5:薬局】静岡県焼津市西小川４－９－１２" }, "geometry": { "type": "Point", "coordinates": [ 138.305753, 34.85538 ] } },
{ "type": "Feature", "properties": { "ID": "2257220603130", "正式名称": "有限会社　神仙堂薬局", "機関区分": 5, "都道府県コード": 22, "市区町村コード": 214, "所在地": "静岡県藤枝市岡部町内谷１０８", "緯度": 34.910947, "経度": 138.281116, "url": "https://www.iryou.teikyouseido.mhlw.go.jp/znk-web/juminkanja/S2430/initialize?prefCd=22&kikanCd=7220603130&kikanKbn=5", "url2": "https://sinsd.com", "内容": "有限会社　神仙堂薬局【5:薬局】静岡県藤枝市岡部町内谷１０８" }, "geometry": { "type": "Point", "coordinates": [ 138.281116, 34.910947 ] } },
{ "type": "Feature", "properties": { "ID": "2257220603150", "正式名称": "株式会社大平薬局", "機関区分": 5, "都道府県コード": 22, "市区町村コード": 226, "所在地": "静岡県牧之原市波津３－２８", "緯度": 34.686097, "経度": 138.189687, "url": "https://www.iryou.teikyouseido.mhlw.go.jp/znk-web/juminkanja/S2430/initialize?prefCd=22&kikanCd=7220603150&kikanKbn=5", "url2": "http://www.daihei.jp", "内容": "株式会社大平薬局【5:薬局】静岡県牧之原市波津３－２８" }, "geometry": { "type": "Point", "coordinates": [ 138.189687, 34.686097 ] } },
{ "type": "Feature", "properties": { "ID": "2257220603180", "正式名称": "なの花薬局　藤枝小石川店", "機関区分": 5, "都道府県コード": 22, "市区町村コード": 214, "所在地": "静岡県藤枝市小石川町１丁目１０番２１－２号", "緯度": 34.851758, "経度": 138.258093, "url": "https://www.iryou.teikyouseido.mhlw.go.jp/znk-web/juminkanja/S2430/initialize?prefCd=22&kikanCd=7220603180&kikanKbn=5", "url2": "https://www.nanohana-ph.jp", "内容": "なの花薬局　藤枝小石川店【5:薬局】静岡県藤枝市小石川町１丁目１０番２１－２号" }, "geometry": { "type": "Point", "coordinates": [ 138.258093, 34.851758 ] } },
{ "type": "Feature", "properties": { "ID": "2257220603200", "正式名称": "六合ひがし薬局", "機関区分": 5, "都道府県コード": 22, "市区町村コード": 209, "所在地": "静岡県島田市東町２２７－６", "緯度": 34.837203, "経度": 138.224541, "url": "https://www.iryou.teikyouseido.mhlw.go.jp/znk-web/juminkanja/S2430/initialize?prefCd=22&kikanCd=7220603200&kikanKbn=5", "url2": "http://www.haiyaku.co.jp", "内容": "六合ひがし薬局【5:薬局】静岡県島田市東町２２７－６" }, "geometry": { "type": "Point", "coordinates": [ 138.224541, 34.837203 ] } },
{ "type": "Feature", "properties": { "ID": "2257220603240", "正式名称": "みなと薬局　藤枝高洲店", "機関区分": 5, "都道府県コード": 22, "市区町村コード": 214, "所在地": "静岡県藤枝市高洲１－９－２６", "緯度": 34.841326, "経度": 138.261906, "url": "https://www.iryou.teikyouseido.mhlw.go.jp/znk-web/juminkanja/S2430/initialize?prefCd=22&kikanCd=7220603240&kikanKbn=5", "url2": "http://minato-yakkyoku.jp/", "内容": "みなと薬局　藤枝高洲店【5:薬局】静岡県藤枝市高洲１－９－２６" }, "geometry": { "type": "Point", "coordinates": [ 138.261906, 34.841326 ] } },
{ "type": "Feature", "properties": { "ID": "2257220603250", "正式名称": "フラワー薬局　豊田店", "機関区分": 5, "都道府県コード": 22, "市区町村コード": 212, "所在地": "静岡県焼津市五ケ堀之内１４３－４", "緯度": 34.85665, "経度": 138.292563, "url": "https://www.iryou.teikyouseido.mhlw.go.jp/znk-web/juminkanja/S2430/initialize?prefCd=22&kikanCd=7220603250&kikanKbn=5", "url2": "http://www.flower-group.co.jp/", "内容": "フラワー薬局　豊田店【5:薬局】静岡県焼津市五ケ堀之内１４３－４" }, "geometry": { "type": "Point", "coordinates": [ 138.292563, 34.85665 ] } },
{ "type": "Feature", "properties": { "ID": "2257220603260", "正式名称": "元島田薬局", "機関区分": 5, "都道府県コード": 22, "市区町村コード": 209, "所在地": "静岡県島田市元島田９０３８番地の１７", "緯度": 34.840066, "経度": 138.184343, "url": "https://www.iryou.teikyouseido.mhlw.go.jp/znk-web/juminkanja/S2430/initialize?prefCd=22&kikanCd=7220603260&kikanKbn=5", "url2": "http://hanamizuki-chemist.com/", "内容": "元島田薬局【5:薬局】静岡県島田市元島田９０３８番地の１７" }, "geometry": { "type": "Point", "coordinates": [ 138.184343, 34.840066 ] } },
{ "type": "Feature", "properties": { "ID": "2257220603270", "正式名称": "ふくろう薬局", "機関区分": 5, "都道府県コード": 22, "市区町村コード": 209, "所在地": "静岡県島田市旗指４９９－５　Ａ１－３", "緯度": 34.843596, "経度": 138.167723, "url": "https://www.iryou.teikyouseido.mhlw.go.jp/znk-web/juminkanja/S2430/initialize?prefCd=22&kikanCd=7220603270&kikanKbn=5", "url2": "https://fukurou-pharmacy.jp", "内容": "ふくろう薬局【5:薬局】静岡県島田市旗指４９９－５　Ａ１－３" }, "geometry": { "type": "Point", "coordinates": [ 138.167723, 34.843596 ] } },
{ "type": "Feature", "properties": { "ID": "2257220603280", "正式名称": "しまだ駅南薬局", "機関区分": 5, "都道府県コード": 22, "市区町村コード": 209, "所在地": "静岡県島田市横井三丁目３番９号", "緯度": 34.829051, "経度": 138.174272, "url": "https://www.iryou.teikyouseido.mhlw.go.jp/znk-web/juminkanja/S2430/initialize?prefCd=22&kikanCd=7220603280&kikanKbn=5", "url2": null, "内容": "しまだ駅南薬局【5:薬局】静岡県島田市横井三丁目３番９号" }, "geometry": { "type": "Point", "coordinates": [ 138.174272, 34.829051 ] } },
{ "type": "Feature", "properties": { "ID": "2257220603380", "正式名称": "ウエルシア薬局　焼津南店", "機関区分": 5, "都道府県コード": 22, "市区町村コード": 212, "所在地": "静岡県焼津市与惣次１丁目２６番地５", "緯度": 34.844701, "経度": 138.308369, "url": "https://www.iryou.teikyouseido.mhlw.go.jp/znk-web/juminkanja/S2430/initialize?prefCd=22&kikanCd=7220603380&kikanKbn=5", "url2": "https://store.welcia.co.jp/welcia/spot/detail?code=7022D", "内容": "ウエルシア薬局　焼津南店【5:薬局】静岡県焼津市与惣次１丁目２６番地５" }, "geometry": { "type": "Point", "coordinates": [ 138.308369, 34.844701 ] } },
{ "type": "Feature", "properties": { "ID": "2257220603390", "正式名称": "ウエルシア薬局　焼津田尻北店", "機関区分": 5, "都道府県コード": 22, "市区町村コード": 212, "所在地": "静岡県焼津市田尻北２６１", "緯度": 34.832836, "経度": 138.325548, "url": "https://www.iryou.teikyouseido.mhlw.go.jp/znk-web/juminkanja/S2430/initialize?prefCd=22&kikanCd=7220603390&kikanKbn=5", "url2": "http://www.welcia-yakkyoku.co.jp/", "内容": "ウエルシア薬局　焼津田尻北店【5:薬局】静岡県焼津市田尻北２６１" }, "geometry": { "type": "Point", "coordinates": [ 138.325548, 34.832836 ] } },
{ "type": "Feature", "properties": { "ID": "2257220603400", "正式名称": "ウエルシア薬局　焼津八楠店", "機関区分": 5, "都道府県コード": 22, "市区町村コード": 212, "所在地": "静岡県焼津市八楠２－２９－６", "緯度": 34.88056, "経度": 138.308232, "url": "https://www.iryou.teikyouseido.mhlw.go.jp/znk-web/juminkanja/S2430/initialize?prefCd=22&kikanCd=7220603400&kikanKbn=5", "url2": "http://www.welcia-yakkyoku.co.jp/", "内容": "ウエルシア薬局　焼津八楠店【5:薬局】静岡県焼津市八楠２－２９－６" }, "geometry": { "type": "Point", "coordinates": [ 138.308232, 34.88056 ] } },
{ "type": "Feature", "properties": { "ID": "2257220603420", "正式名称": "ウエルシア薬局焼津塩津店", "機関区分": 5, "都道府県コード": 22, "市区町村コード": 212, "所在地": "静岡県焼津市塩津６１－１", "緯度": 34.868704, "経度": 138.3057, "url": "https://www.iryou.teikyouseido.mhlw.go.jp/znk-web/juminkanja/S2430/initialize?prefCd=22&kikanCd=7220603420&kikanKbn=5", "url2": "http://www.welcia-yakkyoku.co.jp/", "内容": "ウエルシア薬局焼津塩津店【5:薬局】静岡県焼津市塩津６１－１" }, "geometry": { "type": "Point", "coordinates": [ 138.3057, 34.868704 ] } },
{ "type": "Feature", "properties": { "ID": "2257220603430", "正式名称": "ウエルシア薬局　焼津新焼津店", "機関区分": 5, "都道府県コード": 22, "市区町村コード": 212, "所在地": "静岡県焼津市焼津４－６－２０", "緯度": 34.861865, "経度": 138.313947, "url": "https://www.iryou.teikyouseido.mhlw.go.jp/znk-web/juminkanja/S2430/initialize?prefCd=22&kikanCd=7220603430&kikanKbn=5", "url2": "https://www.welcia-yakkyoku.co.jp/", "内容": "ウエルシア薬局　焼津新焼津店【5:薬局】静岡県焼津市焼津４－６－２０" }, "geometry": { "type": "Point", "coordinates": [ 138.313947, 34.861865 ] } },
{ "type": "Feature", "properties": { "ID": "2257220603440", "正式名称": "ウエルシア薬局　焼津与惣次店", "機関区分": 5, "都道府県コード": 22, "市区町村コード": 212, "所在地": "静岡県焼津市与惣次１丁目１０－１１", "緯度": 34.845581, "経度": 138.309955, "url": "https://www.iryou.teikyouseido.mhlw.go.jp/znk-web/juminkanja/S2430/initialize?prefCd=22&kikanCd=7220603440&kikanKbn=5", "url2": "https://www.welcia-yakkyoku.co.jp/", "内容": "ウエルシア薬局　焼津与惣次店【5:薬局】静岡県焼津市与惣次１丁目１０－１１" }, "geometry": { "type": "Point", "coordinates": [ 138.309955, 34.845581 ] } },
{ "type": "Feature", "properties": { "ID": "2257220603460", "正式名称": "ウエルシア薬局焼津ねぎ島店", "機関区分": 5, "都道府県コード": 22, "市区町村コード": 212, "所在地": "静岡県焼津市東祢宜島１６－４", "緯度": 34.838574, "経度": 138.308153, "url": "https://www.iryou.teikyouseido.mhlw.go.jp/znk-web/juminkanja/S2430/initialize?prefCd=22&kikanCd=7220603460&kikanKbn=5", "url2": "https://www.welcia-yakkyoku.co.jp/", "内容": "ウエルシア薬局焼津ねぎ島店【5:薬局】静岡県焼津市東祢宜島１６－４" }, "geometry": { "type": "Point", "coordinates": [ 138.308153, 34.838574 ] } },
{ "type": "Feature", "properties": { "ID": "2257220603470", "正式名称": "ウエルシア薬局焼津小柳津店", "機関区分": 5, "都道府県コード": 22, "市区町村コード": 212, "所在地": "静岡県焼津市小柳津２１８－１", "緯度": 34.853494, "経度": 138.282878, "url": "https://www.iryou.teikyouseido.mhlw.go.jp/znk-web/juminkanja/S2430/initialize?prefCd=22&kikanCd=7220603470&kikanKbn=5", "url2": null, "内容": "ウエルシア薬局焼津小柳津店【5:薬局】静岡県焼津市小柳津２１８－１" }, "geometry": { "type": "Point", "coordinates": [ 138.282878, 34.853494 ] } },
{ "type": "Feature", "properties": { "ID": "2257220603480", "正式名称": "ウエルシア薬局　藤枝駿河台店", "機関区分": 5, "都道府県コード": 22, "市区町村コード": 214, "所在地": "静岡県藤枝市駿河台２丁目１７－１", "緯度": 34.861838, "経度": 138.233554, "url": "https://www.iryou.teikyouseido.mhlw.go.jp/znk-web/juminkanja/S2430/initialize?prefCd=22&kikanCd=7220603480&kikanKbn=5", "url2": null, "内容": "ウエルシア薬局　藤枝駿河台店【5:薬局】静岡県藤枝市駿河台２丁目１７－１" }, "geometry": { "type": "Point", "coordinates": [ 138.233554, 34.861838 ] } },
{ "type": "Feature", "properties": { "ID": "2257220603490", "正式名称": "ウエルシア薬局　藤枝田中店", "機関区分": 5, "都道府県コード": 22, "市区町村コード": 214, "所在地": "静岡県藤枝市田中２－１４－１７", "緯度": 34.872387, "経度": 138.278248, "url": "https://www.iryou.teikyouseido.mhlw.go.jp/znk-web/juminkanja/S2430/initialize?prefCd=22&kikanCd=7220603490&kikanKbn=5", "url2": "https://stores.welcia.co.jp/7124D", "内容": "ウエルシア薬局　藤枝田中店【5:薬局】静岡県藤枝市田中２－１４－１７" }, "geometry": { "type": "Point", "coordinates": [ 138.278248, 34.872387 ] } },
{ "type": "Feature", "properties": { "ID": "2257220603500", "正式名称": "ウエルシア薬局　藤枝岡部店", "機関区分": 5, "都道府県コード": 22, "市区町村コード": 214, "所在地": "静岡県藤枝市岡部町内谷８０３番１", "緯度": 34.90394, "経度": 138.283824, "url": "https://www.iryou.teikyouseido.mhlw.go.jp/znk-web/juminkanja/S2430/initialize?prefCd=22&kikanCd=7220603500&kikanKbn=5", "url2": "http://www.welcia-yakkyoku.co.jp/", "内容": "ウエルシア薬局　藤枝岡部店【5:薬局】静岡県藤枝市岡部町内谷８０３番１" }, "geometry": { "type": "Point", "coordinates": [ 138.283824, 34.90394 ] } },
{ "type": "Feature", "properties": { "ID": "2257220603510", "正式名称": "ウエルシア薬局　藤枝高洲店", "機関区分": 5, "都道府県コード": 22, "市区町村コード": 214, "所在地": "静岡県藤枝市高洲１丁目１３番３４号", "緯度": 34.840886, "経度": 138.267146, "url": "https://www.iryou.teikyouseido.mhlw.go.jp/znk-web/juminkanja/S2430/initialize?prefCd=22&kikanCd=7220603510&kikanKbn=5", "url2": "https://store.welcia.co.jp/welcia/spot/detail?code=7201D", "内容": "ウエルシア薬局　藤枝高洲店【5:薬局】静岡県藤枝市高洲１丁目１３番３４号" }, "geometry": { "type": "Point", "coordinates": [ 138.267146, 34.840886 ] } },
{ "type": "Feature", "properties": { "ID": "2257220603520", "正式名称": "ウエルシア薬局　藤枝上薮田店", "機関区分": 5, "都道府県コード": 22, "市区町村コード": 214, "所在地": "静岡県藤枝市上藪田７４－２", "緯度": 34.89002, "経度": 138.254167, "url": "https://www.iryou.teikyouseido.mhlw.go.jp/znk-web/juminkanja/S2430/initialize?prefCd=22&kikanCd=7220603520&kikanKbn=5", "url2": "http://www.welcia-yakkyoku.co.jp/stores/stores/detail/7904", "内容": "ウエルシア薬局　藤枝上薮田店【5:薬局】静岡県藤枝市上藪田７４－２" }, "geometry": { "type": "Point", "coordinates": [ 138.254167, 34.89002 ] } },
{ "type": "Feature", "properties": { "ID": "2257220603530", "正式名称": "ウエルシア薬局藤枝青葉町店", "機関区分": 5, "都道府県コード": 22, "市区町村コード": 214, "所在地": "静岡県藤枝市青葉町１丁目２番２５号", "緯度": 34.846508, "経度": 138.246052, "url": "https://www.iryou.teikyouseido.mhlw.go.jp/znk-web/juminkanja/S2430/initialize?prefCd=22&kikanCd=7220603530&kikanKbn=5", "url2": "http://www.welcia-yakkyoku.co.jp/stores/stores/detail/7148", "内容": "ウエルシア薬局藤枝青葉町店【5:薬局】静岡県藤枝市青葉町１丁目２番２５号" }, "geometry": { "type": "Point", "coordinates": [ 138.246052, 34.846508 ] } },
{ "type": "Feature", "properties": { "ID": "2257220603540", "正式名称": "ウエルシア薬局　藤枝藪田店", "機関区分": 5, "都道府県コード": 22, "市区町村コード": 214, "所在地": "静岡県藤枝市下藪田字前田１２３－１", "緯度": 34.885914, "経度": 138.26078, "url": "https://www.iryou.teikyouseido.mhlw.go.jp/znk-web/juminkanja/S2430/initialize?prefCd=22&kikanCd=7220603540&kikanKbn=5", "url2": "http://www.welcia-yakkyoku.co.jp/", "内容": "ウエルシア薬局　藤枝藪田店【5:薬局】静岡県藤枝市下藪田字前田１２３－１" }, "geometry": { "type": "Point", "coordinates": [ 138.26078, 34.885914 ] } },
{ "type": "Feature", "properties": { "ID": "2257220603550", "正式名称": "ウエルシア薬局藤枝茶町店", "機関区分": 5, "都道府県コード": 22, "市区町村コード": 214, "所在地": "静岡県藤枝市茶町３丁目３－３８", "緯度": 34.872278, "経度": 138.243432, "url": "https://www.iryou.teikyouseido.mhlw.go.jp/znk-web/juminkanja/S2430/initialize?prefCd=22&kikanCd=7220603550&kikanKbn=5", "url2": "http://www.welcia-yakkyoku.co.jp/", "内容": "ウエルシア薬局藤枝茶町店【5:薬局】静岡県藤枝市茶町３丁目３－３８" }, "geometry": { "type": "Point", "coordinates": [ 138.243432, 34.872278 ] } },
{ "type": "Feature", "properties": { "ID": "2257220603560", "正式名称": "ウエルシア薬局　島田若松店", "機関区分": 5, "都道府県コード": 22, "市区町村コード": 209, "所在地": "静岡県島田市若松町２７２７－１", "緯度": 34.837161, "経度": 138.16011, "url": "https://www.iryou.teikyouseido.mhlw.go.jp/znk-web/juminkanja/S2430/initialize?prefCd=22&kikanCd=7220603560&kikanKbn=5", "url2": "http://www.welcia-yakkyoku.co.jp/", "内容": "ウエルシア薬局　島田若松店【5:薬局】静岡県島田市若松町２７２７－１" }, "geometry": { "type": "Point", "coordinates": [ 138.16011, 34.837161 ] } },
{ "type": "Feature", "properties": { "ID": "2257220603570", "正式名称": "ウエルシア薬局　島田井口店", "機関区分": 5, "都道府県コード": 22, "市区町村コード": 209, "所在地": "静岡県島田市井口１１２１", "緯度": 34.79695, "経度": 138.233553, "url": "https://www.iryou.teikyouseido.mhlw.go.jp/znk-web/juminkanja/S2430/initialize?prefCd=22&kikanCd=7220603570&kikanKbn=5", "url2": "http://as.chizumaru.com/welcia/detailMap?account=welcia&accmd=3&kkw002=1%2c2&adr=22209&bid=7137&pgret=2", "内容": "ウエルシア薬局　島田井口店【5:薬局】静岡県島田市井口１１２１" }, "geometry": { "type": "Point", "coordinates": [ 138.233553, 34.79695 ] } },
{ "type": "Feature", "properties": { "ID": "2257220603580", "正式名称": "ウエルシア薬局　島田御仮屋店", "機関区分": 5, "都道府県コード": 22, "市区町村コード": 209, "所在地": "静岡県島田市御仮屋町９５３０", "緯度": 34.837108, "経度": 138.190087, "url": "https://www.iryou.teikyouseido.mhlw.go.jp/znk-web/juminkanja/S2430/initialize?prefCd=22&kikanCd=7220603580&kikanKbn=5", "url2": "http://www.welcia.co.jp/stores/stores/detail/7216", "内容": "ウエルシア薬局　島田御仮屋店【5:薬局】静岡県島田市御仮屋町９５３０" }, "geometry": { "type": "Point", "coordinates": [ 138.190087, 34.837108 ] } },
{ "type": "Feature", "properties": { "ID": "2257220603590", "正式名称": "ウエルシア薬局島田しずてつ東町店", "機関区分": 5, "都道府県コード": 22, "市区町村コード": 209, "所在地": "静岡県島田市東町２６８５番地", "緯度": 34.833089, "経度": 138.219709, "url": "https://www.iryou.teikyouseido.mhlw.go.jp/znk-web/juminkanja/S2430/initialize?prefCd=22&kikanCd=7220603590&kikanKbn=5", "url2": null, "内容": "ウエルシア薬局島田しずてつ東町店【5:薬局】静岡県島田市東町２６８５番地" }, "geometry": { "type": "Point", "coordinates": [ 138.219709, 34.833089 ] } },
{ "type": "Feature", "properties": { "ID": "2257220603600", "正式名称": "ウエルシア薬局　島田道悦店", "機関区分": 5, "都道府県コード": 22, "市区町村コード": 209, "所在地": "静岡県島田市道悦１丁目１３番２５号", "緯度": 34.836047, "経度": 138.201241, "url": "https://www.iryou.teikyouseido.mhlw.go.jp/znk-web/juminkanja/S2430/initialize?prefCd=22&kikanCd=7220603600&kikanKbn=5", "url2": null, "内容": "ウエルシア薬局　島田道悦店【5:薬局】静岡県島田市道悦１丁目１３番２５号" }, "geometry": { "type": "Point", "coordinates": [ 138.201241, 34.836047 ] } },
{ "type": "Feature", "properties": { "ID": "2257220603610", "正式名称": "ウエルシア薬局　牧之原榛原店", "機関区分": 5, "都道府県コード": 22, "市区町村コード": 226, "所在地": "静岡県牧之原市細江４５６１－１", "緯度": 34.745781, "経度": 138.227498, "url": "https://www.iryou.teikyouseido.mhlw.go.jp/znk-web/juminkanja/S2430/initialize?prefCd=22&kikanCd=7220603610&kikanKbn=5", "url2": "http://www.welcia-yakkyoku.co.jp/stores/stores/detail/7132", "内容": "ウエルシア薬局　牧之原榛原店【5:薬局】静岡県牧之原市細江４５６１－１" }, "geometry": { "type": "Point", "coordinates": [ 138.227498, 34.745781 ] } },
{ "type": "Feature", "properties": { "ID": "2257220603630", "正式名称": "ウエルシア薬局　吉田住吉店", "機関区分": 5, "都道府県コード": 22, "市区町村コード": 424, "所在地": "静岡県榛原郡吉田町住吉６８１－２", "緯度": 34.76579, "経度": 138.248529, "url": "https://www.iryou.teikyouseido.mhlw.go.jp/znk-web/juminkanja/S2430/initialize?prefCd=22&kikanCd=7220603630&kikanKbn=5", "url2": "https://store.welcia.co.jp/welcia/spot/detail?code=7159D", "内容": "ウエルシア薬局　吉田住吉店【5:薬局】静岡県榛原郡吉田町住吉６８１－２" }, "geometry": { "type": "Point", "coordinates": [ 138.248529, 34.76579 ] } },
{ "type": "Feature", "properties": { "ID": "2257220603640", "正式名称": "薬局アドバンス", "機関区分": 5, "都道府県コード": 22, "市区町村コード": 424, "所在地": "静岡県榛原郡吉田町川尻１４０９－４", "緯度": 34.765576, "経度": 138.266286, "url": "https://www.iryou.teikyouseido.mhlw.go.jp/znk-web/juminkanja/S2430/initialize?prefCd=22&kikanCd=7220603640&kikanKbn=5", "url2": null, "内容": "薬局アドバンス【5:薬局】静岡県榛原郡吉田町川尻１４０９－４" }, "geometry": { "type": "Point", "coordinates": [ 138.266286, 34.765576 ] } },
{ "type": "Feature", "properties": { "ID": "2257220603650", "正式名称": "杏林堂薬局　焼津与惣次店", "機関区分": 5, "都道府県コード": 22, "市区町村コード": 212, "所在地": "静岡県焼津市与惣次１－３－５", "緯度": 34.84612, "経度": 138.311841, "url": "https://www.iryou.teikyouseido.mhlw.go.jp/znk-web/juminkanja/S2430/initialize?prefCd=22&kikanCd=7220603650&kikanKbn=5", "url2": "https://www.kyorindo.co.jp", "内容": "杏林堂薬局　焼津与惣次店【5:薬局】静岡県焼津市与惣次１－３－５" }, "geometry": { "type": "Point", "coordinates": [ 138.311841, 34.84612 ] } },
{ "type": "Feature", "properties": { "ID": "2257220603660", "正式名称": "神戸西薬局", "機関区分": 5, "都道府県コード": 22, "市区町村コード": 424, "所在地": "静岡県榛原郡吉田町神戸２０００－６", "緯度": 34.785792, "経度": 138.237027, "url": "https://www.iryou.teikyouseido.mhlw.go.jp/znk-web/juminkanja/S2430/initialize?prefCd=22&kikanCd=7220603660&kikanKbn=5", "url2": "http://www.haiyaku.co.jp", "内容": "神戸西薬局【5:薬局】静岡県榛原郡吉田町神戸２０００－６" }, "geometry": { "type": "Point", "coordinates": [ 138.237027, 34.785792 ] } },
{ "type": "Feature", "properties": { "ID": "2257220603680", "正式名称": "合同会社　みどりや薬局", "機関区分": 5, "都道府県コード": 22, "市区町村コード": 209, "所在地": "静岡県島田市中溝四丁目８番の１０", "緯度": 34.837255, "経度": 138.172686, "url": "https://www.iryou.teikyouseido.mhlw.go.jp/znk-web/juminkanja/S2430/initialize?prefCd=22&kikanCd=7220603680&kikanKbn=5", "url2": "https://www.facebook.com/midoriya.m2020", "内容": "合同会社　みどりや薬局【5:薬局】静岡県島田市中溝四丁目８番の１０" }, "geometry": { "type": "Point", "coordinates": [ 138.172686, 34.837255 ] } },
{ "type": "Feature", "properties": { "ID": "2257220603710", "正式名称": "スギ薬局　島田三ツ合店", "機関区分": 5, "都道府県コード": 22, "市区町村コード": 209, "所在地": "静岡県島田市三ツ合町１１５２－１", "緯度": 34.841027, "経度": 138.156368, "url": "https://www.iryou.teikyouseido.mhlw.go.jp/znk-web/juminkanja/S2430/initialize?prefCd=22&kikanCd=7220603710&kikanKbn=5", "url2": "http://www.sugi-net.jp/", "内容": "スギ薬局　島田三ツ合店【5:薬局】静岡県島田市三ツ合町１１５２－１" }, "geometry": { "type": "Point", "coordinates": [ 138.156368, 34.841027 ] } },
{ "type": "Feature", "properties": { "ID": "2257220603730", "正式名称": "ヤブザキ薬局", "機関区分": 5, "都道府県コード": 22, "市区町村コード": 212, "所在地": "静岡県焼津市大村新田１２８－１", "緯度": 34.870892, "経度": 138.302898, "url": "https://www.iryou.teikyouseido.mhlw.go.jp/znk-web/juminkanja/S2430/initialize?prefCd=22&kikanCd=7220603730&kikanKbn=5", "url2": null, "内容": "ヤブザキ薬局【5:薬局】静岡県焼津市大村新田１２８－１" }, "geometry": { "type": "Point", "coordinates": [ 138.302898, 34.870892 ] } },
{ "type": "Feature", "properties": { "ID": "2257220603740", "正式名称": "なの花薬局　榛原神戸店", "機関区分": 5, "都道府県コード": 22, "市区町村コード": 424, "所在地": "静岡県榛原郡吉田町神戸２０６７－１", "緯度": 34.784587, "経度": 138.239769, "url": "https://www.iryou.teikyouseido.mhlw.go.jp/znk-web/juminkanja/S2430/initialize?prefCd=22&kikanCd=7220603740&kikanKbn=5", "url2": "www.nanohana-ph.jp/", "内容": "なの花薬局　榛原神戸店【5:薬局】静岡県榛原郡吉田町神戸２０６７－１" }, "geometry": { "type": "Point", "coordinates": [ 138.239769, 34.784587 ] } },
{ "type": "Feature", "properties": { "ID": "2257220603750", "正式名称": "なの花薬局金谷根岸町店", "機関区分": 5, "都道府県コード": 22, "市区町村コード": 209, "所在地": "静岡県島田市金谷根岸町１４０－２３", "緯度": 34.828389, "経度": 138.126613, "url": "https://www.iryou.teikyouseido.mhlw.go.jp/znk-web/juminkanja/S2430/initialize?prefCd=22&kikanCd=7220603750&kikanKbn=5", "url2": "http://www.nanohana-ph.jp/", "内容": "なの花薬局金谷根岸町店【5:薬局】静岡県島田市金谷根岸町１４０－２３" }, "geometry": { "type": "Point", "coordinates": [ 138.126613, 34.828389 ] } },
{ "type": "Feature", "properties": { "ID": "2257220603760", "正式名称": "みなと薬局　島田本通店", "機関区分": 5, "都道府県コード": 22, "市区町村コード": 209, "所在地": "静岡県島田市本通７丁目７７９１番地", "緯度": 34.832042, "経度": 138.180566, "url": "https://www.iryou.teikyouseido.mhlw.go.jp/znk-web/juminkanja/S2430/initialize?prefCd=22&kikanCd=7220603760&kikanKbn=5", "url2": "http://minato-yakkyoku.jp/", "内容": "みなと薬局　島田本通店【5:薬局】静岡県島田市本通７丁目７７９１番地" }, "geometry": { "type": "Point", "coordinates": [ 138.180566, 34.832042 ] } },
{ "type": "Feature", "properties": { "ID": "2257220603810", "正式名称": "アイン薬局　榛原店", "機関区分": 5, "都道府県コード": 22, "市区町村コード": 226, "所在地": "静岡県牧之原市細江２９３７－１", "緯度": 34.754499, "経度": 138.23803, "url": "https://www.iryou.teikyouseido.mhlw.go.jp/znk-web/juminkanja/S2430/initialize?prefCd=22&kikanCd=7220603810&kikanKbn=5", "url2": "https://www.ainj.co.jp/", "内容": "アイン薬局　榛原店【5:薬局】静岡県牧之原市細江２９３７－１" }, "geometry": { "type": "Point", "coordinates": [ 138.23803, 34.754499 ] } },
{ "type": "Feature", "properties": { "ID": "2257220603820", "正式名称": "アイン薬局　駿河台店", "機関区分": 5, "都道府県コード": 22, "市区町村コード": 214, "所在地": "静岡県藤枝市南駿河台５丁目４－２３", "緯度": 34.860353, "経度": 138.230983, "url": "https://www.iryou.teikyouseido.mhlw.go.jp/znk-web/juminkanja/S2430/initialize?prefCd=22&kikanCd=7220603820&kikanKbn=5", "url2": "https://www.ainj.co.jp/", "内容": "アイン薬局　駿河台店【5:薬局】静岡県藤枝市南駿河台５丁目４－２３" }, "geometry": { "type": "Point", "coordinates": [ 138.230983, 34.860353 ] } },
{ "type": "Feature", "properties": { "ID": "2257220603830", "正式名称": "アイン薬局　藤枝店", "機関区分": 5, "都道府県コード": 22, "市区町村コード": 214, "所在地": "静岡県藤枝市駿河台２丁目１７－２４", "緯度": 34.860992, "経度": 138.23153, "url": "https://www.iryou.teikyouseido.mhlw.go.jp/znk-web/juminkanja/S2430/initialize?prefCd=22&kikanCd=7220603830&kikanKbn=5", "url2": "https://www.ainj.co.jp/", "内容": "アイン薬局　藤枝店【5:薬局】静岡県藤枝市駿河台２丁目１７－２４" }, "geometry": { "type": "Point", "coordinates": [ 138.23153, 34.860992 ] } },
{ "type": "Feature", "properties": { "ID": "2257220603840", "正式名称": "杏林堂薬局　藤枝清里店", "機関区分": 5, "都道府県コード": 22, "市区町村コード": 214, "所在地": "静岡県藤枝市清里１－１－１", "緯度": 34.893099, "経度": 138.26379, "url": "https://www.iryou.teikyouseido.mhlw.go.jp/znk-web/juminkanja/S2430/initialize?prefCd=22&kikanCd=7220603840&kikanKbn=5", "url2": "https://www.kyorindo.co.jp", "内容": "杏林堂薬局　藤枝清里店【5:薬局】静岡県藤枝市清里１－１－１" }, "geometry": { "type": "Point", "coordinates": [ 138.26379, 34.893099 ] } },
{ "type": "Feature", "properties": { "ID": "2257220603850", "正式名称": "フラワー薬局　リバティ河原店", "機関区分": 5, "都道府県コード": 22, "市区町村コード": 209, "所在地": "静岡県島田市河原１丁目４－３８", "緯度": 34.834361, "経度": 138.150808, "url": "https://www.iryou.teikyouseido.mhlw.go.jp/znk-web/juminkanja/S2430/initialize?prefCd=22&kikanCd=7220603850&kikanKbn=5", "url2": "http://www.flower-group.co.jp/", "内容": "フラワー薬局　リバティ河原店【5:薬局】静岡県島田市河原１丁目４－３８" }, "geometry": { "type": "Point", "coordinates": [ 138.150808, 34.834361 ] } },
{ "type": "Feature", "properties": { "ID": "2257220603860", "正式名称": "新橋屋薬局", "機関区分": 5, "都道府県コード": 22, "市区町村コード": 214, "所在地": "静岡県藤枝市田中３－３－９８", "緯度": 34.869089, "経度": 138.276948, "url": "https://www.iryou.teikyouseido.mhlw.go.jp/znk-web/juminkanja/S2430/initialize?prefCd=22&kikanCd=7220603860&kikanKbn=5", "url2": null, "内容": "新橋屋薬局【5:薬局】静岡県藤枝市田中３－３－９８" }, "geometry": { "type": "Point", "coordinates": [ 138.276948, 34.869089 ] } },
{ "type": "Feature", "properties": { "ID": "2257220603870", "正式名称": "スギ薬局　藤枝水守店", "機関区分": 5, "都道府県コード": 22, "市区町村コード": 214, "所在地": "静岡県藤枝市水守三丁目１番地３", "緯度": 34.882365, "経度": 138.273821, "url": "https://www.iryou.teikyouseido.mhlw.go.jp/znk-web/juminkanja/S2430/initialize?prefCd=22&kikanCd=7220603870&kikanKbn=5", "url2": "http://www.sugi-net.jp/", "内容": "スギ薬局　藤枝水守店【5:薬局】静岡県藤枝市水守三丁目１番地３" }, "geometry": { "type": "Point", "coordinates": [ 138.273821, 34.882365 ] } },
{ "type": "Feature", "properties": { "ID": "2257220603880", "正式名称": "さくら薬局　藤枝水上店", "機関区分": 5, "都道府県コード": 22, "市区町村コード": 214, "所在地": "静岡県藤枝市水上１２３－６", "緯度": 34.854004, "経度": 138.242943, "url": "https://www.iryou.teikyouseido.mhlw.go.jp/znk-web/juminkanja/S2430/initialize?prefCd=22&kikanCd=7220603880&kikanKbn=5", "url2": "http://www.kraft-net.co.jp/sakura/", "内容": "さくら薬局　藤枝水上店【5:薬局】静岡県藤枝市水上１２３－６" }, "geometry": { "type": "Point", "coordinates": [ 138.242943, 34.854004 ] } },
{ "type": "Feature", "properties": { "ID": "2257220603890", "正式名称": "静波薬局", "機関区分": 5, "都道府県コード": 22, "市区町村コード": 226, "所在地": "静岡県牧之原市静波２４９－１", "緯度": 34.742684, "経度": 138.224733, "url": "https://www.iryou.teikyouseido.mhlw.go.jp/znk-web/juminkanja/S2430/initialize?prefCd=22&kikanCd=7220603890&kikanKbn=5", "url2": "http://www.haiyaku.co.jp", "内容": "静波薬局【5:薬局】静岡県牧之原市静波２４９－１" }, "geometry": { "type": "Point", "coordinates": [ 138.224733, 34.742684 ] } },
{ "type": "Feature", "properties": { "ID": "2257220603910", "正式名称": "フラワー薬局高柳店", "機関区分": 5, "都道府県コード": 22, "市区町村コード": 214, "所在地": "静岡県藤枝市高柳４－１０－２５", "緯度": 34.844964, "経度": 138.26873, "url": "https://www.iryou.teikyouseido.mhlw.go.jp/znk-web/juminkanja/S2430/initialize?prefCd=22&kikanCd=7220603910&kikanKbn=5", "url2": "http://www.flower-group.co.jp/store2/index16.html", "内容": "フラワー薬局高柳店【5:薬局】静岡県藤枝市高柳４－１０－２５" }, "geometry": { "type": "Point", "coordinates": [ 138.26873, 34.844964 ] } },
{ "type": "Feature", "properties": { "ID": "2257220603930", "正式名称": "フラワー薬局藤枝駅南店", "機関区分": 5, "都道府県コード": 22, "市区町村コード": 214, "所在地": "静岡県藤枝市前島３－７－３", "緯度": 34.842797, "経度": 138.251582, "url": "https://www.iryou.teikyouseido.mhlw.go.jp/znk-web/juminkanja/S2430/initialize?prefCd=22&kikanCd=7220603930&kikanKbn=5", "url2": "http://www.flower-group.co.jp/", "内容": "フラワー薬局藤枝駅南店【5:薬局】静岡県藤枝市前島３－７－３" }, "geometry": { "type": "Point", "coordinates": [ 138.251582, 34.842797 ] } },
{ "type": "Feature", "properties": { "ID": "2257220603940", "正式名称": "青木２丁目薬局", "機関区分": 5, "都道府県コード": 22, "市区町村コード": 214, "所在地": "静岡県藤枝市青木２－３－２０", "緯度": 34.855391, "経度": 138.249815, "url": "https://www.iryou.teikyouseido.mhlw.go.jp/znk-web/juminkanja/S2430/initialize?prefCd=22&kikanCd=7220603940&kikanKbn=5", "url2": null, "内容": "青木２丁目薬局【5:薬局】静岡県藤枝市青木２－３－２０" }, "geometry": { "type": "Point", "coordinates": [ 138.249815, 34.855391 ] } },
{ "type": "Feature", "properties": { "ID": "2257220603950", "正式名称": "アイセイ薬局藤枝店", "機関区分": 5, "都道府県コード": 22, "市区町村コード": 214, "所在地": "静岡県藤枝市水上字鳥越３３２－５", "緯度": 34.854476, "経度": 138.242896, "url": "https://www.iryou.teikyouseido.mhlw.go.jp/znk-web/juminkanja/S2430/initialize?prefCd=22&kikanCd=7220603950&kikanKbn=5", "url2": "http://www.aisei.co.jp/", "内容": "アイセイ薬局藤枝店【5:薬局】静岡県藤枝市水上字鳥越３３２－５" }, "geometry": { "type": "Point", "coordinates": [ 138.242896, 34.854476 ] } },
{ "type": "Feature", "properties": { "ID": "2257220603960", "正式名称": "片岡薬局", "機関区分": 5, "都道府県コード": 22, "市区町村コード": 424, "所在地": "静岡県榛原郡吉田町片岡３３５－２", "緯度": 34.781141, "経度": 138.25351, "url": "https://www.iryou.teikyouseido.mhlw.go.jp/znk-web/juminkanja/S2430/initialize?prefCd=22&kikanCd=7220603960&kikanKbn=5", "url2": "http://www.haiyaku.co.jp", "内容": "片岡薬局【5:薬局】静岡県榛原郡吉田町片岡３３５－２" }, "geometry": { "type": "Point", "coordinates": [ 138.25351, 34.781141 ] } },
{ "type": "Feature", "properties": { "ID": "2257220603980", "正式名称": "赤木薬局藤枝店", "機関区分": 5, "都道府県コード": 22, "市区町村コード": 214, "所在地": "静岡県藤枝市益津３５６－１８", "緯度": 34.865461, "経度": 138.261418, "url": "https://www.iryou.teikyouseido.mhlw.go.jp/znk-web/juminkanja/S2430/initialize?prefCd=22&kikanCd=7220603980&kikanKbn=5", "url2": "www.akagi-pharmacy.com", "内容": "赤木薬局藤枝店【5:薬局】静岡県藤枝市益津３５６－１８" }, "geometry": { "type": "Point", "coordinates": [ 138.261418, 34.865461 ] } },
{ "type": "Feature", "properties": { "ID": "2257220603990", "正式名称": "さくら薬局藤枝駅前店", "機関区分": 5, "都道府県コード": 22, "市区町村コード": 214, "所在地": "静岡県藤枝市駅前３－４－１７丸五ビル１階", "緯度": 34.85068, "経度": 138.249646, "url": "https://www.iryou.teikyouseido.mhlw.go.jp/znk-web/juminkanja/S2430/initialize?prefCd=22&kikanCd=7220603990&kikanKbn=5", "url2": "http://www.kraft-net.co.jp/search/3739/", "内容": "さくら薬局藤枝駅前店【5:薬局】静岡県藤枝市駅前３－４－１７丸五ビル１階" }, "geometry": { "type": "Point", "coordinates": [ 138.249646, 34.85068 ] } },
{ "type": "Feature", "properties": { "ID": "2257220604000", "正式名称": "さくら薬局　島田稲荷店", "機関区分": 5, "都道府県コード": 22, "市区町村コード": 209, "所在地": "静岡県島田市稲荷３－１６－２２", "緯度": 34.838891, "経度": 138.154269, "url": "https://www.iryou.teikyouseido.mhlw.go.jp/znk-web/juminkanja/S2430/initialize?prefCd=22&kikanCd=7220604000&kikanKbn=5", "url2": "http://www.kraft-net.co.jp/", "内容": "さくら薬局　島田稲荷店【5:薬局】静岡県島田市稲荷３－１６－２２" }, "geometry": { "type": "Point", "coordinates": [ 138.154269, 34.838891 ] } },
{ "type": "Feature", "properties": { "ID": "2257220604010", "正式名称": "さくら薬局　藤枝大手店", "機関区分": 5, "都道府県コード": 22, "市区町村コード": 214, "所在地": "静岡県藤枝市大手２－７－２５", "緯度": 34.874855, "経度": 138.266941, "url": "https://www.iryou.teikyouseido.mhlw.go.jp/znk-web/juminkanja/S2430/initialize?prefCd=22&kikanCd=7220604010&kikanKbn=5", "url2": "http://www.kraft-net.co.jp/search/3740/", "内容": "さくら薬局　藤枝大手店【5:薬局】静岡県藤枝市大手２－７－２５" }, "geometry": { "type": "Point", "coordinates": [ 138.266941, 34.874855 ] } },
{ "type": "Feature", "properties": { "ID": "2257220604020", "正式名称": "さくら薬局　焼津小柳津店", "機関区分": 5, "都道府県コード": 22, "市区町村コード": 212, "所在地": "静岡県焼津市小柳津５９９－５", "緯度": 34.851923, "経度": 138.289072, "url": "https://www.iryou.teikyouseido.mhlw.go.jp/znk-web/juminkanja/S2430/initialize?prefCd=22&kikanCd=7220604020&kikanKbn=5", "url2": "http://www.kraft-net.co.jp/search/3742/", "内容": "さくら薬局　焼津小柳津店【5:薬局】静岡県焼津市小柳津５９９－５" }, "geometry": { "type": "Point", "coordinates": [ 138.289072, 34.851923 ] } },
{ "type": "Feature", "properties": { "ID": "2257220604030", "正式名称": "さくら薬局焼津西小川店", "機関区分": 5, "都道府県コード": 22, "市区町村コード": 212, "所在地": "静岡県焼津市西小川１－１１－３", "緯度": 34.860991, "経度": 138.309552, "url": "https://www.iryou.teikyouseido.mhlw.go.jp/znk-web/juminkanja/S2430/initialize?prefCd=22&kikanCd=7220604030&kikanKbn=5", "url2": "http://www.kraft-net.co.jp", "内容": "さくら薬局焼津西小川店【5:薬局】静岡県焼津市西小川１－１１－３" }, "geometry": { "type": "Point", "coordinates": [ 138.309552, 34.860991 ] } },
{ "type": "Feature", "properties": { "ID": "2257220604040", "正式名称": "さくら薬局　西焼津店", "機関区分": 5, "都道府県コード": 22, "市区町村コード": 212, "所在地": "静岡県焼津市小柳津２１２－５", "緯度": 34.853731, "経度": 138.283284, "url": "https://www.iryou.teikyouseido.mhlw.go.jp/znk-web/juminkanja/S2430/initialize?prefCd=22&kikanCd=7220604040&kikanKbn=5", "url2": "https://www.kraft-net.co.jp/sakura/store/3737/", "内容": "さくら薬局　西焼津店【5:薬局】静岡県焼津市小柳津２１２－５" }, "geometry": { "type": "Point", "coordinates": [ 138.283284, 34.853731 ] } },
{ "type": "Feature", "properties": { "ID": "2257220604050", "正式名称": "さくら薬局　藤枝高洲店", "機関区分": 5, "都道府県コード": 22, "市区町村コード": 214, "所在地": "静岡県藤枝市高洲２２－１７", "緯度": 34.837482, "経度": 138.264695, "url": "https://www.iryou.teikyouseido.mhlw.go.jp/znk-web/juminkanja/S2430/initialize?prefCd=22&kikanCd=7220604050&kikanKbn=5", "url2": "http://www.kraft-net.co.jp/search/3743/", "内容": "さくら薬局　藤枝高洲店【5:薬局】静岡県藤枝市高洲２２－１７" }, "geometry": { "type": "Point", "coordinates": [ 138.264695, 34.837482 ] } },
{ "type": "Feature", "properties": { "ID": "2257220604070", "正式名称": "フラワー薬局瀬戸新屋店", "機関区分": 5, "都道府県コード": 22, "市区町村コード": 214, "所在地": "静岡県藤枝市瀬戸新屋２３３－３", "緯度": 34.850013, "経度": 138.241696, "url": "https://www.iryou.teikyouseido.mhlw.go.jp/znk-web/juminkanja/S2430/initialize?prefCd=22&kikanCd=7220604070&kikanKbn=5", "url2": "http://www.flower-group.co.jp/", "内容": "フラワー薬局瀬戸新屋店【5:薬局】静岡県藤枝市瀬戸新屋２３３－３" }, "geometry": { "type": "Point", "coordinates": [ 138.241696, 34.850013 ] } },
{ "type": "Feature", "properties": { "ID": "2257220604090", "正式名称": "アイン薬局　青南町店", "機関区分": 5, "都道府県コード": 22, "市区町村コード": 214, "所在地": "静岡県藤枝市青南町１－１３－２４", "緯度": 34.836372, "経度": 138.239411, "url": "https://www.iryou.teikyouseido.mhlw.go.jp/znk-web/juminkanja/S2430/initialize?prefCd=22&kikanCd=7220604090&kikanKbn=5", "url2": "https://www.ainj.co.jp/", "内容": "アイン薬局　青南町店【5:薬局】静岡県藤枝市青南町１－１３－２４" }, "geometry": { "type": "Point", "coordinates": [ 138.239411, 34.836372 ] } },
{ "type": "Feature", "properties": { "ID": "2257220604110", "正式名称": "りぼん薬局東町店", "機関区分": 5, "都道府県コード": 22, "市区町村コード": 209, "所在地": "静岡県島田市東町１１２１－２", "緯度": 34.835517, "経度": 138.226561, "url": "https://www.iryou.teikyouseido.mhlw.go.jp/znk-web/juminkanja/S2430/initialize?prefCd=22&kikanCd=7220604110&kikanKbn=5", "url2": "http://www.shimayaku.jp/ribon/index.html", "内容": "りぼん薬局東町店【5:薬局】静岡県島田市東町１１２１－２" }, "geometry": { "type": "Point", "coordinates": [ 138.226561, 34.835517 ] } },
{ "type": "Feature", "properties": { "ID": "2257220604120", "正式名称": "ウエルシア薬局グランリバー焼津大井川店", "機関区分": 5, "都道府県コード": 22, "市区町村コード": 212, "所在地": "静岡県焼津市下江留１４４４－１", "緯度": 34.811491, "経度": 138.274849, "url": "https://www.iryou.teikyouseido.mhlw.go.jp/znk-web/juminkanja/S2430/initialize?prefCd=22&kikanCd=7220604120&kikanKbn=5", "url2": "https://store.welcia.co.jp/welcia/spot/detail?code=7240D", "内容": "ウエルシア薬局グランリバー焼津大井川店【5:薬局】静岡県焼津市下江留１４４４－１" }, "geometry": { "type": "Point", "coordinates": [ 138.274849, 34.811491 ] } },
{ "type": "Feature", "properties": { "ID": "2257220604130", "正式名称": "ウエルシア薬局焼津駅店", "機関区分": 5, "都道府県コード": 22, "市区町村コード": 212, "所在地": "静岡県焼津市栄町１－１－１", "緯度": 34.87195, "経度": 138.31839, "url": "https://www.iryou.teikyouseido.mhlw.go.jp/znk-web/juminkanja/S2430/initialize?prefCd=22&kikanCd=7220604130&kikanKbn=5", "url2": "https://store.welcia.co.jp/welcia/spot/detail?code=7135D", "内容": "ウエルシア薬局焼津駅店【5:薬局】静岡県焼津市栄町１－１－１" }, "geometry": { "type": "Point", "coordinates": [ 138.31839, 34.87195 ] } },
{ "type": "Feature", "properties": { "ID": "2257220604140", "正式名称": "ウエルシア薬局焼津下小田店", "機関区分": 5, "都道府県コード": 22, "市区町村コード": 212, "所在地": "静岡県焼津市下小田上町２５－４", "緯度": 34.837828, "経度": 138.312661, "url": "https://www.iryou.teikyouseido.mhlw.go.jp/znk-web/juminkanja/S2430/initialize?prefCd=22&kikanCd=7220604140&kikanKbn=5", "url2": "https://stores.welcia.co.jp/7246D", "内容": "ウエルシア薬局焼津下小田店【5:薬局】静岡県焼津市下小田上町２５－４" }, "geometry": { "type": "Point", "coordinates": [ 138.312661, 34.837828 ] } },
{ "type": "Feature", "properties": { "ID": "2257220604150", "正式名称": "わかくさ薬局", "機関区分": 5, "都道府県コード": 22, "市区町村コード": 214, "所在地": "静岡県藤枝市田沼２－９－３０", "緯度": 34.850291, "経度": 138.258725, "url": "https://www.iryou.teikyouseido.mhlw.go.jp/znk-web/juminkanja/S2430/initialize?prefCd=22&kikanCd=7220604150&kikanKbn=5", "url2": "http://www.stcy.co.jp/STCmain/map/tanuma.htm", "内容": "わかくさ薬局【5:薬局】静岡県藤枝市田沼２－９－３０" }, "geometry": { "type": "Point", "coordinates": [ 138.258725, 34.850291 ] } },
{ "type": "Feature", "properties": { "ID": "2257220604160", "正式名称": "さかえ薬局", "機関区分": 5, "都道府県コード": 22, "市区町村コード": 212, "所在地": "静岡県焼津市栄町２－３－１９", "緯度": 34.871389, "経度": 138.319462, "url": "https://www.iryou.teikyouseido.mhlw.go.jp/znk-web/juminkanja/S2430/initialize?prefCd=22&kikanCd=7220604160&kikanKbn=5", "url2": null, "内容": "さかえ薬局【5:薬局】静岡県焼津市栄町２－３－１９" }, "geometry": { "type": "Point", "coordinates": [ 138.319462, 34.871389 ] } },
{ "type": "Feature", "properties": { "ID": "2257220604170", "正式名称": "杏林堂薬局吉田店", "機関区分": 5, "都道府県コード": 22, "市区町村コード": 424, "所在地": "静岡県榛原郡吉田町神戸６５６", "緯度": 34.787029, "経度": 138.243185, "url": "https://www.iryou.teikyouseido.mhlw.go.jp/znk-web/juminkanja/S2430/initialize?prefCd=22&kikanCd=7220604170&kikanKbn=5", "url2": "http://www.kyorindo.co.jp/", "内容": "杏林堂薬局吉田店【5:薬局】静岡県榛原郡吉田町神戸６５６" }, "geometry": { "type": "Point", "coordinates": [ 138.243185, 34.787029 ] } },
{ "type": "Feature", "properties": { "ID": "2257220604180", "正式名称": "げんき薬局", "機関区分": 5, "都道府県コード": 22, "市区町村コード": 212, "所在地": "静岡県焼津市小柳津３４３－２", "緯度": 34.8528, "経度": 138.283873, "url": "https://www.iryou.teikyouseido.mhlw.go.jp/znk-web/juminkanja/S2430/initialize?prefCd=22&kikanCd=7220604180&kikanKbn=5", "url2": null, "内容": "げんき薬局【5:薬局】静岡県焼津市小柳津３４３－２" }, "geometry": { "type": "Point", "coordinates": [ 138.283873, 34.8528 ] } },
{ "type": "Feature", "properties": { "ID": "2257220604210", "正式名称": "ルルド薬局", "機関区分": 5, "都道府県コード": 22, "市区町村コード": 424, "所在地": "静岡県榛原郡吉田町神戸２２－２", "緯度": 34.78624, "経度": 138.255457, "url": "https://www.iryou.teikyouseido.mhlw.go.jp/znk-web/juminkanja/S2430/initialize?prefCd=22&kikanCd=7220604210&kikanKbn=5", "url2": "https://www.neim.co.jp", "内容": "ルルド薬局【5:薬局】静岡県榛原郡吉田町神戸２２－２" }, "geometry": { "type": "Point", "coordinates": [ 138.255457, 34.78624 ] } },
{ "type": "Feature", "properties": { "ID": "2257220604220", "正式名称": "せこ薬局", "機関区分": 5, "都道府県コード": 22, "市区町村コード": 214, "所在地": "静岡県藤枝市瀬古３－１２－１０", "緯度": 34.866572, "経度": 138.237982, "url": "https://www.iryou.teikyouseido.mhlw.go.jp/znk-web/juminkanja/S2430/initialize?prefCd=22&kikanCd=7220604220&kikanKbn=5", "url2": "https://shidachozai.com/", "内容": "せこ薬局【5:薬局】静岡県藤枝市瀬古３－１２－１０" }, "geometry": { "type": "Point", "coordinates": [ 138.237982, 34.866572 ] } },
{ "type": "Feature", "properties": { "ID": "2257220604230", "正式名称": "ウエルシア薬局　島田川根店", "機関区分": 5, "都道府県コード": 22, "市区町村コード": 209, "所在地": "静岡県島田市川根町身成４５４３", "緯度": 34.94171, "経度": 138.085419, "url": "https://www.iryou.teikyouseido.mhlw.go.jp/znk-web/juminkanja/S2430/initialize?prefCd=22&kikanCd=7220604230&kikanKbn=5", "url2": "http://as.chizumaru.com/welcia/detailMap?account=welcia&accmd=3&bid=7184", "内容": "ウエルシア薬局　島田川根店【5:薬局】静岡県島田市川根町身成４５４３" }, "geometry": { "type": "Point", "coordinates": [ 138.085419, 34.94171 ] } },
{ "type": "Feature", "properties": { "ID": "2257220604240", "正式名称": "うさぎ薬局　藤枝店", "機関区分": 5, "都道府県コード": 22, "市区町村コード": 214, "所在地": "静岡県藤枝市藤枝５－６－３９－１", "緯度": 34.867367, "経度": 138.257458, "url": "https://www.iryou.teikyouseido.mhlw.go.jp/znk-web/juminkanja/S2430/initialize?prefCd=22&kikanCd=7220604240&kikanKbn=5", "url2": null, "内容": "うさぎ薬局　藤枝店【5:薬局】静岡県藤枝市藤枝５－６－３９－１" }, "geometry": { "type": "Point", "coordinates": [ 138.257458, 34.867367 ] } },
{ "type": "Feature", "properties": { "ID": "2257220604260", "正式名称": "そうごう薬局島田店", "機関区分": 5, "都道府県コード": 22, "市区町村コード": 209, "所在地": "静岡県島田市祇園町８７２５－３０", "緯度": 34.833822, "経度": 138.184876, "url": "https://www.iryou.teikyouseido.mhlw.go.jp/znk-web/juminkanja/S2430/initialize?prefCd=22&kikanCd=7220604260&kikanKbn=5", "url2": "https://shop.sogo-pharmacy.jp/detail/773/", "内容": "そうごう薬局島田店【5:薬局】静岡県島田市祇園町８７２５－３０" }, "geometry": { "type": "Point", "coordinates": [ 138.184876, 34.833822 ] } },
{ "type": "Feature", "properties": { "ID": "2257220604270", "正式名称": "クローバー薬局", "機関区分": 5, "都道府県コード": 22, "市区町村コード": 212, "所在地": "静岡県焼津市小川１０３６番地の１０", "緯度": 34.851771, "経度": 138.301712, "url": "https://www.iryou.teikyouseido.mhlw.go.jp/znk-web/juminkanja/S2430/initialize?prefCd=22&kikanCd=7220604270&kikanKbn=5", "url2": "https://stcmedi.com/stc/%e3%82%af%e3%83%ad%e3%83%bc%e3%83%90%e3%83%bc%e8%96%ac%e5%b1%80/", "内容": "クローバー薬局【5:薬局】静岡県焼津市小川１０３６番地の１０" }, "geometry": { "type": "Point", "coordinates": [ 138.301712, 34.851771 ] } },
{ "type": "Feature", "properties": { "ID": "2257220604280", "正式名称": "アイン薬局　小石川町店", "機関区分": 5, "都道府県コード": 22, "市区町村コード": 214, "所在地": "静岡県藤枝市小石川町２－１０－１６", "緯度": 34.855976, "経度": 138.257287, "url": "https://www.iryou.teikyouseido.mhlw.go.jp/znk-web/juminkanja/S2430/initialize?prefCd=22&kikanCd=7220604280&kikanKbn=5", "url2": "https://www.ainj.co.jp/", "内容": "アイン薬局　小石川町店【5:薬局】静岡県藤枝市小石川町２－１０－１６" }, "geometry": { "type": "Point", "coordinates": [ 138.257287, 34.855976 ] } },
{ "type": "Feature", "properties": { "ID": "2257220604290", "正式名称": "アイン薬局　岡部内谷店", "機関区分": 5, "都道府県コード": 22, "市区町村コード": 214, "所在地": "静岡県藤枝市岡部町内谷６０－１", "緯度": 34.913094, "経度": 138.281197, "url": "https://www.iryou.teikyouseido.mhlw.go.jp/znk-web/juminkanja/S2430/initialize?prefCd=22&kikanCd=7220604290&kikanKbn=5", "url2": "https://www.ainj.co.jp/", "内容": "アイン薬局　岡部内谷店【5:薬局】静岡県藤枝市岡部町内谷６０－１" }, "geometry": { "type": "Point", "coordinates": [ 138.281197, 34.913094 ] } },
{ "type": "Feature", "properties": { "ID": "2257220604310", "正式名称": "ヘルマシア薬局", "機関区分": 5, "都道府県コード": 22, "市区町村コード": 209, "所在地": "静岡県島田市中溝町１５２５－１３　クオリティー中溝１０５", "緯度": 34.842122, "経度": 138.164472, "url": "https://www.iryou.teikyouseido.mhlw.go.jp/znk-web/juminkanja/S2430/initialize?prefCd=22&kikanCd=7220604310&kikanKbn=5", "url2": null, "内容": "ヘルマシア薬局【5:薬局】静岡県島田市中溝町１５２５－１３　クオリティー中溝１０５" }, "geometry": { "type": "Point", "coordinates": [ 138.164472, 34.842122 ] } },
{ "type": "Feature", "properties": { "ID": "2257220604320", "正式名称": "ほうらい薬局", "機関区分": 5, "都道府県コード": 22, "市区町村コード": 209, "所在地": "静岡県島田市阪本１５０１番地の１", "緯度": 34.806292, "経度": 138.217101, "url": "https://www.iryou.teikyouseido.mhlw.go.jp/znk-web/juminkanja/S2430/initialize?prefCd=22&kikanCd=7220604320&kikanKbn=5", "url2": null, "内容": "ほうらい薬局【5:薬局】静岡県島田市阪本１５０１番地の１" }, "geometry": { "type": "Point", "coordinates": [ 138.217101, 34.806292 ] } },
{ "type": "Feature", "properties": { "ID": "2257220604340", "正式名称": "ウエルシア薬局　島田大津通店", "機関区分": 5, "都道府県コード": 22, "市区町村コード": 209, "所在地": "静岡県島田市大津通６番地の１", "緯度": 34.834601, "経度": 138.178091, "url": "https://www.iryou.teikyouseido.mhlw.go.jp/znk-web/juminkanja/S2430/initialize?prefCd=22&kikanCd=7220604340&kikanKbn=5", "url2": "https://stores.welcia.co.jp/7281D", "内容": "ウエルシア薬局　島田大津通店【5:薬局】静岡県島田市大津通６番地の１" }, "geometry": { "type": "Point", "coordinates": [ 138.178091, 34.834601 ] } },
{ "type": "Feature", "properties": { "ID": "2257220604350", "正式名称": "杏林堂薬局　島田稲荷店", "機関区分": 5, "都道府県コード": 22, "市区町村コード": 209, "所在地": "静岡県島田市稲荷４－１０－１", "緯度": 34.834894, "経度": 138.157233, "url": "https://www.iryou.teikyouseido.mhlw.go.jp/znk-web/juminkanja/S2430/initialize?prefCd=22&kikanCd=7220604350&kikanKbn=5", "url2": "https://www.kyorindo.co.jp", "内容": "杏林堂薬局　島田稲荷店【5:薬局】静岡県島田市稲荷４－１０－１" }, "geometry": { "type": "Point", "coordinates": [ 138.157233, 34.834894 ] } },
{ "type": "Feature", "properties": { "ID": "2257220604380", "正式名称": "焼津のぞみ薬局", "機関区分": 5, "都道府県コード": 22, "市区町村コード": 212, "所在地": "静岡県焼津市関方２８－７", "緯度": 34.893479, "経度": 138.300587, "url": "https://www.iryou.teikyouseido.mhlw.go.jp/znk-web/juminkanja/S2430/initialize?prefCd=22&kikanCd=7220604380&kikanKbn=5", "url2": "https://nozomi-p.jimdofree.com/", "内容": "焼津のぞみ薬局【5:薬局】静岡県焼津市関方２８－７" }, "geometry": { "type": "Point", "coordinates": [ 138.300587, 34.893479 ] } },
{ "type": "Feature", "properties": { "ID": "2257220604390", "正式名称": "アマノ薬局　若竹", "機関区分": 5, "都道府県コード": 22, "市区町村コード": 212, "所在地": "静岡県焼津市下小田上町１１－２", "緯度": 34.836712, "経度": 138.320273, "url": "https://www.iryou.teikyouseido.mhlw.go.jp/znk-web/juminkanja/S2430/initialize?prefCd=22&kikanCd=7220604390&kikanKbn=5", "url2": null, "内容": "アマノ薬局　若竹【5:薬局】静岡県焼津市下小田上町１１－２" }, "geometry": { "type": "Point", "coordinates": [ 138.320273, 34.836712 ] } },
{ "type": "Feature", "properties": { "ID": "2257220604400", "正式名称": "マイ薬局", "機関区分": 5, "都道府県コード": 22, "市区町村コード": 212, "所在地": "静岡県焼津市上小杉１０７１", "緯度": 34.820245, "経度": 138.28542, "url": "https://www.iryou.teikyouseido.mhlw.go.jp/znk-web/juminkanja/S2430/initialize?prefCd=22&kikanCd=7220604400&kikanKbn=5", "url2": null, "内容": "マイ薬局【5:薬局】静岡県焼津市上小杉１０７１" }, "geometry": { "type": "Point", "coordinates": [ 138.28542, 34.820245 ] } },
{ "type": "Feature", "properties": { "ID": "2257220604410", "正式名称": "あすぴお薬局道原店", "機関区分": 5, "都道府県コード": 22, "市区町村コード": 212, "所在地": "静岡県焼津市東道原１０－１５", "緯度": 34.83662, "経度": 138.307524, "url": "https://www.iryou.teikyouseido.mhlw.go.jp/znk-web/juminkanja/S2430/initialize?prefCd=22&kikanCd=7220604410&kikanKbn=5", "url2": null, "内容": "あすぴお薬局道原店【5:薬局】静岡県焼津市東道原１０－１５" }, "geometry": { "type": "Point", "coordinates": [ 138.307524, 34.83662 ] } },
{ "type": "Feature", "properties": { "ID": "2257220604420", "正式名称": "アマノ薬局", "機関区分": 5, "都道府県コード": 22, "市区町村コード": 212, "所在地": "静岡県焼津市下小田６６２－２", "緯度": 34.836259, "経度": 138.317607, "url": "https://www.iryou.teikyouseido.mhlw.go.jp/znk-web/juminkanja/S2430/initialize?prefCd=22&kikanCd=7220604420&kikanKbn=5", "url2": null, "内容": "アマノ薬局【5:薬局】静岡県焼津市下小田６６２－２" }, "geometry": { "type": "Point", "coordinates": [ 138.317607, 34.836259 ] } },
{ "type": "Feature", "properties": { "ID": "2257220604430", "正式名称": "大覚寺薬局", "機関区分": 5, "都道府県コード": 22, "市区町村コード": 212, "所在地": "静岡県焼津市大覚寺２－５－１５", "緯度": 34.874477, "経度": 138.299241, "url": "https://www.iryou.teikyouseido.mhlw.go.jp/znk-web/juminkanja/S2430/initialize?prefCd=22&kikanCd=7220604430&kikanKbn=5", "url2": "http://stcmedi.com/green/%e5%a4%a7%e8%a6%9a%e5%af%ba%e8%96%ac%e5%b1%80//", "内容": "大覚寺薬局【5:薬局】静岡県焼津市大覚寺２－５－１５" }, "geometry": { "type": "Point", "coordinates": [ 138.299241, 34.874477 ] } },
{ "type": "Feature", "properties": { "ID": "2257220604440", "正式名称": "クスリのアオキ高柳薬局", "機関区分": 5, "都道府県コード": 22, "市区町村コード": 214, "所在地": "静岡県藤枝市高柳２丁目３番３３号", "緯度": 34.848213, "経度": 138.264083, "url": "https://www.iryou.teikyouseido.mhlw.go.jp/znk-web/juminkanja/S2430/initialize?prefCd=22&kikanCd=7220604440&kikanKbn=5", "url2": "https://www.kusuri-aoki.co.jp/", "内容": "クスリのアオキ高柳薬局【5:薬局】静岡県藤枝市高柳２丁目３番３３号" }, "geometry": { "type": "Point", "coordinates": [ 138.264083, 34.848213 ] } },
{ "type": "Feature", "properties": { "ID": "2257220604450", "正式名称": "ウエルシア薬局焼津東小川店", "機関区分": 5, "都道府県コード": 22, "市区町村コード": 212, "所在地": "静岡県焼津市東小川２－２－６", "緯度": 34.857042, "経度": 138.317315, "url": "https://www.iryou.teikyouseido.mhlw.go.jp/znk-web/juminkanja/S2430/initialize?prefCd=22&kikanCd=7220604450&kikanKbn=5", "url2": "https://store.welcia.co.jp/welcia/spot/detail?code=7256D", "内容": "ウエルシア薬局焼津東小川店【5:薬局】静岡県焼津市東小川２－２－６" }, "geometry": { "type": "Point", "coordinates": [ 138.317315, 34.857042 ] } },
{ "type": "Feature", "properties": { "ID": "2257220604460", "正式名称": "えきまえ薬局", "機関区分": 5, "都道府県コード": 22, "市区町村コード": 214, "所在地": "静岡県藤枝市駅前１－８－３－１０３", "緯度": 34.849777, "経度": 138.252644, "url": "https://www.iryou.teikyouseido.mhlw.go.jp/znk-web/juminkanja/S2430/initialize?prefCd=22&kikanCd=7220604460&kikanKbn=5", "url2": "http://stcmedi.com/green/%e3%81%88%e3%81%8d%e3%81%be%e3%81%88%e8%96%ac%e5%b1%80/", "内容": "えきまえ薬局【5:薬局】静岡県藤枝市駅前１－８－３－１０３" }, "geometry": { "type": "Point", "coordinates": [ 138.252644, 34.849777 ] } },
{ "type": "Feature", "properties": { "ID": "2257220604470", "正式名称": "ウエルシア訪問薬局島田", "機関区分": 5, "都道府県コード": 22, "市区町村コード": 209, "所在地": "静岡県島田市道悦１－１３－３０", "緯度": 34.836257, "経度": 138.201113, "url": "https://www.iryou.teikyouseido.mhlw.go.jp/znk-web/juminkanja/S2430/initialize?prefCd=22&kikanCd=7220604470&kikanKbn=5", "url2": "https://store.welcia.co.jp/welcia/spot/detail?code=7309C", "内容": "ウエルシア訪問薬局島田【5:薬局】静岡県島田市道悦１－１３－３０" }, "geometry": { "type": "Point", "coordinates": [ 138.201113, 34.836257 ] } },
{ "type": "Feature", "properties": { "ID": "2257220604480", "正式名称": "わかば薬局", "機関区分": 5, "都道府県コード": 22, "市区町村コード": 209, "所在地": "静岡県島田市川根町身成３２１２", "緯度": 34.942501, "経度": 138.087315, "url": "https://www.iryou.teikyouseido.mhlw.go.jp/znk-web/juminkanja/S2430/initialize?prefCd=22&kikanCd=7220604480&kikanKbn=5", "url2": "https://www.haiyaku.co.jp/", "内容": "わかば薬局【5:薬局】静岡県島田市川根町身成３２１２" }, "geometry": { "type": "Point", "coordinates": [ 138.087315, 34.942501 ] } },
{ "type": "Feature", "properties": { "ID": "2257220604510", "正式名称": "ウエルシア薬局牧之原相良店", "機関区分": 5, "都道府県コード": 22, "市区町村コード": 226, "所在地": "静岡県牧之原市波津１６８－１", "緯度": 34.685827, "経度": 138.192295, "url": "https://www.iryou.teikyouseido.mhlw.go.jp/znk-web/juminkanja/S2430/initialize?prefCd=22&kikanCd=7220604510&kikanKbn=5", "url2": "https://www.welcia-yakkyoku.co.jp/", "内容": "ウエルシア薬局牧之原相良店【5:薬局】静岡県牧之原市波津１６８－１" }, "geometry": { "type": "Point", "coordinates": [ 138.192295, 34.685827 ] } },
{ "type": "Feature", "properties": { "ID": "2257220604520", "正式名称": "いかるみ薬局", "機関区分": 5, "都道府県コード": 22, "市区町村コード": 214, "所在地": "静岡県藤枝市藤岡５－８－２", "緯度": 34.882509, "経度": 138.263636, "url": "https://www.iryou.teikyouseido.mhlw.go.jp/znk-web/juminkanja/S2430/initialize?prefCd=22&kikanCd=7220604520&kikanKbn=5", "url2": null, "内容": "いかるみ薬局【5:薬局】静岡県藤枝市藤岡５－８－２" }, "geometry": { "type": "Point", "coordinates": [ 138.263636, 34.882509 ] } },
{ "type": "Feature", "properties": { "ID": "2257220604530", "正式名称": "プラスエム薬局瀬古店", "機関区分": 5, "都道府県コード": 22, "市区町村コード": 214, "所在地": "静岡県藤枝市瀬古２－６－１７", "緯度": 34.863716, "経度": 138.24175, "url": "https://www.iryou.teikyouseido.mhlw.go.jp/znk-web/juminkanja/S2430/initialize?prefCd=22&kikanCd=7220604530&kikanKbn=5", "url2": null, "内容": "プラスエム薬局瀬古店【5:薬局】静岡県藤枝市瀬古２－６－１７" }, "geometry": { "type": "Point", "coordinates": [ 138.24175, 34.863716 ] } },
{ "type": "Feature", "properties": { "ID": "2257220604560", "正式名称": "みるく薬局", "機関区分": 5, "都道府県コード": 22, "市区町村コード": 214, "所在地": "静岡県藤枝市南駿河台５－４ー２６", "緯度": 34.860507, "経度": 138.231365, "url": "https://www.iryou.teikyouseido.mhlw.go.jp/znk-web/juminkanja/S2430/initialize?prefCd=22&kikanCd=7220604560&kikanKbn=5", "url2": null, "内容": "みるく薬局【5:薬局】静岡県藤枝市南駿河台５－４ー２６" }, "geometry": { "type": "Point", "coordinates": [ 138.231365, 34.860507 ] } },
{ "type": "Feature", "properties": { "ID": "2257220604570", "正式名称": "クスリのアオキ細江薬局", "機関区分": 5, "都道府県コード": 22, "市区町村コード": 226, "所在地": "静岡県牧之原市細江３８８１番地４", "緯度": 34.752918, "経度": 138.234124, "url": "https://www.iryou.teikyouseido.mhlw.go.jp/znk-web/juminkanja/S2430/initialize?prefCd=22&kikanCd=7220604570&kikanKbn=5", "url2": "https://www.kusuri-aoki.co.jp/", "内容": "クスリのアオキ細江薬局【5:薬局】静岡県牧之原市細江３８８１番地４" }, "geometry": { "type": "Point", "coordinates": [ 138.234124, 34.752918 ] } },
{ "type": "Feature", "properties": { "ID": "2257220604590", "正式名称": "よつば薬局", "機関区分": 5, "都道府県コード": 22, "市区町村コード": 214, "所在地": "静岡県藤枝市末広１‐３‐４１", "緯度": 34.840882, "経度": 138.236304, "url": "https://www.iryou.teikyouseido.mhlw.go.jp/znk-web/juminkanja/S2430/initialize?prefCd=22&kikanCd=7220604590&kikanKbn=5", "url2": null, "内容": "よつば薬局【5:薬局】静岡県藤枝市末広１‐３‐４１" }, "geometry": { "type": "Point", "coordinates": [ 138.236304, 34.840882 ] } },
{ "type": "Feature", "properties": { "ID": "2257220604600", "正式名称": "えいじゅ薬局", "機関区分": 5, "都道府県コード": 22, "市区町村コード": 226, "所在地": "静岡県牧之原市布引原１１１１―１", "緯度": 34.772341, "経度": 138.147374, "url": "https://www.iryou.teikyouseido.mhlw.go.jp/znk-web/juminkanja/S2430/initialize?prefCd=22&kikanCd=7220604600&kikanKbn=5", "url2": null, "内容": "えいじゅ薬局【5:薬局】静岡県牧之原市布引原１１１１―１" }, "geometry": { "type": "Point", "coordinates": [ 138.147374, 34.772341 ] } },
{ "type": "Feature", "properties": { "ID": "2257220604610", "正式名称": "ウエルシア薬局島田金谷店", "機関区分": 5, "都道府県コード": 22, "市区町村コード": 209, "所在地": "静岡県島田市金谷栄町３５７４ー２", "緯度": 34.829665, "経度": 138.129253, "url": "https://www.iryou.teikyouseido.mhlw.go.jp/znk-web/juminkanja/S2430/initialize?prefCd=22&kikanCd=7220604610&kikanKbn=5", "url2": "https://stores.welcia.co.jp/7311D", "内容": "ウエルシア薬局島田金谷店【5:薬局】静岡県島田市金谷栄町３５７４ー２" }, "geometry": { "type": "Point", "coordinates": [ 138.129253, 34.829665 ] } },
{ "type": "Feature", "properties": { "ID": "2257220604620", "正式名称": "杏林堂薬局　焼津大住店", "機関区分": 5, "都道府県コード": 22, "市区町村コード": 212, "所在地": "静岡県焼津市大住６７３番地", "緯度": 34.848371, "経度": 138.290658, "url": "https://www.iryou.teikyouseido.mhlw.go.jp/znk-web/juminkanja/S2430/initialize?prefCd=22&kikanCd=7220604620&kikanKbn=5", "url2": "https://www.kyorindo.co.jp/shop/?cm=v&id=11608", "内容": "杏林堂薬局　焼津大住店【5:薬局】静岡県焼津市大住６７３番地" }, "geometry": { "type": "Point", "coordinates": [ 138.290658, 34.848371 ] } },
{ "type": "Feature", "properties": { "ID": "2257220604630", "正式名称": "ユニスマイル薬局　藤岡店", "機関区分": 5, "都道府県コード": 22, "市区町村コード": 214, "所在地": "静岡県藤枝市藤岡２ー１ー４", "緯度": 34.879003, "経度": 138.270206, "url": "https://www.iryou.teikyouseido.mhlw.go.jp/znk-web/juminkanja/S2430/initialize?prefCd=22&kikanCd=7220604630&kikanKbn=5", "url2": "https://unismile.co.jp/", "内容": "ユニスマイル薬局　藤岡店【5:薬局】静岡県藤枝市藤岡２ー１ー４" }, "geometry": { "type": "Point", "coordinates": [ 138.270206, 34.879003 ] } },
{ "type": "Feature", "properties": { "ID": "2257220604640", "正式名称": "ユニスマイル薬局　山東店", "機関区分": 5, "都道府県コード": 22, "市区町村コード": 214, "所在地": "静岡県藤枝市岡部町内谷１７４０ー１", "緯度": 34.90504, "経度": 138.290994, "url": "https://www.iryou.teikyouseido.mhlw.go.jp/znk-web/juminkanja/S2430/initialize?prefCd=22&kikanCd=7220604640&kikanKbn=5", "url2": "https://unismile.co.jp/", "内容": "ユニスマイル薬局　山東店【5:薬局】静岡県藤枝市岡部町内谷１７４０ー１" }, "geometry": { "type": "Point", "coordinates": [ 138.290994, 34.90504 ] } },
{ "type": "Feature", "properties": { "ID": "2257220604650", "正式名称": "ユニスマイル薬局れんげじ店", "機関区分": 5, "都道府県コード": 22, "市区町村コード": 214, "所在地": "静岡県藤枝市若王子３ー５ー１", "緯度": 34.879344, "経度": 138.257034, "url": "https://www.iryou.teikyouseido.mhlw.go.jp/znk-web/juminkanja/S2430/initialize?prefCd=22&kikanCd=7220604650&kikanKbn=5", "url2": "https://unismile.co.jp/shop/rengezi/", "内容": "ユニスマイル薬局れんげじ店【5:薬局】静岡県藤枝市若王子３ー５ー１" }, "geometry": { "type": "Point", "coordinates": [ 138.257034, 34.879344 ] } },
{ "type": "Feature", "properties": { "ID": "2257220604660", "正式名称": "ユニスマイル薬局　ふじえだ北店", "機関区分": 5, "都道府県コード": 22, "市区町村コード": 214, "所在地": "静岡県藤枝市藤岡１ー２２ー１３", "緯度": 34.882486, "経度": 138.267331, "url": "https://www.iryou.teikyouseido.mhlw.go.jp/znk-web/juminkanja/S2430/initialize?prefCd=22&kikanCd=7220604660&kikanKbn=5", "url2": "https://unismile.co.jp/", "内容": "ユニスマイル薬局　ふじえだ北店【5:薬局】静岡県藤枝市藤岡１ー２２ー１３" }, "geometry": { "type": "Point", "coordinates": [ 138.267331, 34.882486 ] } },
{ "type": "Feature", "properties": { "ID": "2257220604670", "正式名称": "ユニスマイル薬局　石津店", "機関区分": 5, "都道府県コード": 22, "市区町村コード": 212, "所在地": "静岡県焼津市石津港町４９ー１１", "緯度": 34.839657, "経度": 138.327029, "url": "https://www.iryou.teikyouseido.mhlw.go.jp/znk-web/juminkanja/S2430/initialize?prefCd=22&kikanCd=7220604670&kikanKbn=5", "url2": "https://unismile.co.jp/", "内容": "ユニスマイル薬局　石津店【5:薬局】静岡県焼津市石津港町４９ー１１" }, "geometry": { "type": "Point", "coordinates": [ 138.327029, 34.839657 ] } },
{ "type": "Feature", "properties": { "ID": "2257220604680", "正式名称": "ユニスマイル薬局　たじり店", "機関区分": 5, "都道府県コード": 22, "市区町村コード": 212, "所在地": "静岡県焼津市田尻１５９６ー１", "緯度": 34.825376, "経度": 138.318834, "url": "https://www.iryou.teikyouseido.mhlw.go.jp/znk-web/juminkanja/S2430/initialize?prefCd=22&kikanCd=7220604680&kikanKbn=5", "url2": "https://unismile.co.jp/shop/taziri/", "内容": "ユニスマイル薬局　たじり店【5:薬局】静岡県焼津市田尻１５９６ー１" }, "geometry": { "type": "Point", "coordinates": [ 138.318834, 34.825376 ] } },
{ "type": "Feature", "properties": { "ID": "2257220604690", "正式名称": "ユニスマイル薬局　たかす店", "機関区分": 5, "都道府県コード": 22, "市区町村コード": 214, "所在地": "静岡県藤枝市高洲６２ー１４", "緯度": 34.837103, "経度": 138.257102, "url": "https://www.iryou.teikyouseido.mhlw.go.jp/znk-web/juminkanja/S2430/initialize?prefCd=22&kikanCd=7220604690&kikanKbn=5", "url2": "https://unismile.co.jp", "内容": "ユニスマイル薬局　たかす店【5:薬局】静岡県藤枝市高洲６２ー１４" }, "geometry": { "type": "Point", "coordinates": [ 138.257102, 34.837103 ] } },
{ "type": "Feature", "properties": { "ID": "2257220604700", "正式名称": "ユニスマイル薬局　こがわ店", "機関区分": 5, "都道府県コード": 22, "市区町村コード": 212, "所在地": "静岡県焼津市東小川８ー６ー３", "緯度": 34.8499, "経度": 138.310921, "url": "https://www.iryou.teikyouseido.mhlw.go.jp/znk-web/juminkanja/S2430/initialize?prefCd=22&kikanCd=7220604700&kikanKbn=5", "url2": "https://unismile.co.jp", "内容": "ユニスマイル薬局　こがわ店【5:薬局】静岡県焼津市東小川８ー６ー３" }, "geometry": { "type": "Point", "coordinates": [ 138.310921, 34.8499 ] } },
{ "type": "Feature", "properties": { "ID": "2257220604710", "正式名称": "ユニスマイル薬局　六合店", "機関区分": 5, "都道府県コード": 22, "市区町村コード": 209, "所在地": "静岡県島田市道悦４ー１１ー１４", "緯度": 34.835726, "経度": 138.208038, "url": "https://www.iryou.teikyouseido.mhlw.go.jp/znk-web/juminkanja/S2430/initialize?prefCd=22&kikanCd=7220604710&kikanKbn=5", "url2": "https://unismile.co.jp/shop/rokugou/", "内容": "ユニスマイル薬局　六合店【5:薬局】静岡県島田市道悦４ー１１ー１４" }, "geometry": { "type": "Point", "coordinates": [ 138.208038, 34.835726 ] } },
{ "type": "Feature", "properties": { "ID": "2257220604730", "正式名称": "ユニスマイル薬局　静波店", "機関区分": 5, "都道府県コード": 22, "市区町村コード": 226, "所在地": "静岡県牧之原市静波４６６ー１", "緯度": 34.741296, "経度": 138.224524, "url": "https://www.iryou.teikyouseido.mhlw.go.jp/znk-web/juminkanja/S2430/initialize?prefCd=22&kikanCd=7220604730&kikanKbn=5", "url2": "https://unismile.co.jp/shop/shizunami/", "内容": "ユニスマイル薬局　静波店【5:薬局】静岡県牧之原市静波４６６ー１" }, "geometry": { "type": "Point", "coordinates": [ 138.224524, 34.741296 ] } },
{ "type": "Feature", "properties": { "ID": "2257220604740", "正式名称": "ハロー薬局　焼津店", "機関区分": 5, "都道府県コード": 22, "市区町村コード": 212, "所在地": "静岡県焼津市栄町６ー３ー１３", "緯度": 34.869152, "経度": 138.317227, "url": "https://www.iryou.teikyouseido.mhlw.go.jp/znk-web/juminkanja/S2430/initialize?prefCd=22&kikanCd=7220604740&kikanKbn=5", "url2": "https://greenpalu.com/", "内容": "ハロー薬局　焼津店【5:薬局】静岡県焼津市栄町６ー３ー１３" }, "geometry": { "type": "Point", "coordinates": [ 138.317227, 34.869152 ] } },
{ "type": "Feature", "properties": { "ID": "2257220604750", "正式名称": "西島薬局", "機関区分": 5, "都道府県コード": 22, "市区町村コード": 212, "所在地": "静岡県焼津市駅北２ー６ー１１", "緯度": 34.872213, "経度": 138.316672, "url": "https://www.iryou.teikyouseido.mhlw.go.jp/znk-web/juminkanja/S2430/initialize?prefCd=22&kikanCd=7220604750&kikanKbn=5", "url2": "https://www.b-mall.ne.jp/t/2013/154928/", "内容": "西島薬局【5:薬局】静岡県焼津市駅北２ー６ー１１" }, "geometry": { "type": "Point", "coordinates": [ 138.316672, 34.872213 ] } },
{ "type": "Feature", "properties": { "ID": "2257220604760", "正式名称": "えちごしま薬局", "機関区分": 5, "都道府県コード": 22, "市区町村コード": 212, "所在地": "静岡県焼津市越後島４９４ー２", "緯度": 34.881275, "経度": 138.296189, "url": "https://www.iryou.teikyouseido.mhlw.go.jp/znk-web/juminkanja/S2430/initialize?prefCd=22&kikanCd=7220604760&kikanKbn=5", "url2": null, "内容": "えちごしま薬局【5:薬局】静岡県焼津市越後島４９４ー２" }, "geometry": { "type": "Point", "coordinates": [ 138.296189, 34.881275 ] } },
{ "type": "Feature", "properties": { "ID": "2257220604770", "正式名称": "ウエルシア薬局藤枝田沼店", "機関区分": 5, "都道府県コード": 22, "市区町村コード": 214, "所在地": "静岡県藤枝市田沼１ー３０ー１２", "緯度": 34.847588, "経度": 138.258445, "url": "https://www.iryou.teikyouseido.mhlw.go.jp/znk-web/juminkanja/S2430/initialize?prefCd=22&kikanCd=7220604770&kikanKbn=5", "url2": "http://www.welcia-yakkyoku.co.jp", "内容": "ウエルシア薬局藤枝田沼店【5:薬局】静岡県藤枝市田沼１ー３０ー１２" }, "geometry": { "type": "Point", "coordinates": [ 138.258445, 34.847588 ] } },
{ "type": "Feature", "properties": { "ID": "2257220604780", "正式名称": "ウエルシア薬局吉田片岡店", "機関区分": 5, "都道府県コード": 22, "市区町村コード": 424, "所在地": "静岡県榛原郡吉田町片岡１８８１番地の１", "緯度": 34.768078, "経度": 138.256398, "url": "https://www.iryou.teikyouseido.mhlw.go.jp/znk-web/juminkanja/S2430/initialize?prefCd=22&kikanCd=7220604780&kikanKbn=5", "url2": "https://stores.welcia.co.jp/7344D", "内容": "ウエルシア薬局吉田片岡店【5:薬局】静岡県榛原郡吉田町片岡１８８１番地の１" }, "geometry": { "type": "Point", "coordinates": [ 138.256398, 34.768078 ] } },
{ "type": "Feature", "properties": { "ID": "2257220604790", "正式名称": "杏林堂薬局西焼津駅北店", "機関区分": 5, "都道府県コード": 22, "市区町村コード": 212, "所在地": "静岡県焼津市小屋敷３８５", "緯度": 34.860878, "経度": 138.284895, "url": "https://www.iryou.teikyouseido.mhlw.go.jp/znk-web/juminkanja/S2430/initialize?prefCd=22&kikanCd=7220604790&kikanKbn=5", "url2": "https://www.kyorindo.co.jp/shop/?cm=v&id=11669", "内容": "杏林堂薬局西焼津駅北店【5:薬局】静岡県焼津市小屋敷３８５" }, "geometry": { "type": "Point", "coordinates": [ 138.284895, 34.860878 ] } },
{ "type": "Feature", "properties": { "ID": "2257220604800", "正式名称": "ほそえ薬局", "機関区分": 5, "都道府県コード": 22, "市区町村コード": 226, "所在地": "静岡県牧之原市細江３８２１ー３", "緯度": 34.753584, "経度": 138.23442, "url": "https://www.iryou.teikyouseido.mhlw.go.jp/znk-web/juminkanja/S2430/initialize?prefCd=22&kikanCd=7220604800&kikanKbn=5", "url2": "https://www.haiyaku.co.jp/", "内容": "ほそえ薬局【5:薬局】静岡県牧之原市細江３８２１ー３" }, "geometry": { "type": "Point", "coordinates": [ 138.23442, 34.753584 ] } },
{ "type": "Feature", "properties": { "ID": "2257220604810", "正式名称": "フラワー薬局初倉店", "機関区分": 5, "都道府県コード": 22, "市区町村コード": 209, "所在地": "静岡県島田市南原８５ー１０", "緯度": 34.796307, "経度": 138.224386, "url": "https://www.iryou.teikyouseido.mhlw.go.jp/znk-web/juminkanja/S2430/initialize?prefCd=22&kikanCd=7220604810&kikanKbn=5", "url2": "https://flower-group.co.jp/", "内容": "フラワー薬局初倉店【5:薬局】静岡県島田市南原８５ー１０" }, "geometry": { "type": "Point", "coordinates": [ 138.224386, 34.796307 ] } },
{ "type": "Feature", "properties": { "ID": "2257220604820", "正式名称": "クスリのアオキ相良薬局", "機関区分": 5, "都道府県コード": 22, "市区町村コード": 226, "所在地": "静岡県牧之原市波津二丁目１番地", "緯度": 34.6826, "経度": 138.195169, "url": "https://www.iryou.teikyouseido.mhlw.go.jp/znk-web/juminkanja/S2430/initialize?prefCd=22&kikanCd=7220604820&kikanKbn=5", "url2": "https://www.kusuri-aoki.co.jp/", "内容": "クスリのアオキ相良薬局【5:薬局】静岡県牧之原市波津二丁目１番地" }, "geometry": { "type": "Point", "coordinates": [ 138.195169, 34.6826 ] } },
{ "type": "Feature", "properties": { "ID": "2257220604840", "正式名称": "中里薬局", "機関区分": 5, "都道府県コード": 22, "市区町村コード": 212, "所在地": "静岡県焼津市中里７０－１", "緯度": 34.885924, "経度": 138.313013, "url": "https://www.iryou.teikyouseido.mhlw.go.jp/znk-web/juminkanja/S2430/initialize?prefCd=22&kikanCd=7220604840&kikanKbn=5", "url2": "http://stcmedi.com/stc/nakazato/", "内容": "中里薬局【5:薬局】静岡県焼津市中里７０－１" }, "geometry": { "type": "Point", "coordinates": [ 138.313013, 34.885924 ] } },
{ "type": "Feature", "properties": { "ID": "2257220604860", "正式名称": "ウエルシア薬局牧之原菅ケ谷店", "機関区分": 5, "都道府県コード": 22, "市区町村コード": 226, "所在地": "静岡県牧之原市菅ケ谷２５０－１", "緯度": 34.697431, "経度": 138.190701, "url": "https://www.iryou.teikyouseido.mhlw.go.jp/znk-web/juminkanja/S2430/initialize?prefCd=22&kikanCd=7220604860&kikanKbn=5", "url2": "https://store.welcia.co.jp/welcia/spot/detail?code=7355D", "内容": "ウエルシア薬局牧之原菅ケ谷店【5:薬局】静岡県牧之原市菅ケ谷２５０－１" }, "geometry": { "type": "Point", "coordinates": [ 138.190701, 34.697431 ] } },
{ "type": "Feature", "properties": { "ID": "2257220604870", "正式名称": "杏林堂薬局島田駅南店", "機関区分": 5, "都道府県コード": 22, "市区町村コード": 209, "所在地": "静岡県島田市横井３－５－２２", "緯度": 34.829189, "経度": 138.171558, "url": "https://www.iryou.teikyouseido.mhlw.go.jp/znk-web/juminkanja/S2430/initialize?prefCd=22&kikanCd=7220604870&kikanKbn=5", "url2": "http://www.kyorindo.co.jp", "内容": "杏林堂薬局島田駅南店【5:薬局】静岡県島田市横井３－５－２２" }, "geometry": { "type": "Point", "coordinates": [ 138.171558, 34.829189 ] } },
{ "type": "Feature", "properties": { "ID": "2257220604890", "正式名称": "フラワー薬局　田子重西焼津店", "機関区分": 5, "都道府県コード": 22, "市区町村コード": 212, "所在地": "静岡県焼津市小柳津５３１", "緯度": 34.85307, "経度": 138.288082, "url": "https://www.iryou.teikyouseido.mhlw.go.jp/znk-web/juminkanja/S2430/initialize?prefCd=22&kikanCd=7220604890&kikanKbn=5", "url2": "https://flower-group.co.jp/", "内容": "フラワー薬局　田子重西焼津店【5:薬局】静岡県焼津市小柳津５３１" }, "geometry": { "type": "Point", "coordinates": [ 138.288082, 34.85307 ] } },
{ "type": "Feature", "properties": { "ID": "2257220604900", "正式名称": "しだ東薬局", "機関区分": 5, "都道府県コード": 22, "市区町村コード": 214, "所在地": "静岡県藤枝市志太１ー５ー４３", "緯度": 34.86018, "経度": 138.251194, "url": "https://www.iryou.teikyouseido.mhlw.go.jp/znk-web/juminkanja/S2430/initialize?prefCd=22&kikanCd=7220604900&kikanKbn=5", "url2": "https://shidachozai.hp.gogo.jp/", "内容": "しだ東薬局【5:薬局】静岡県藤枝市志太１ー５ー４３" }, "geometry": { "type": "Point", "coordinates": [ 138.251194, 34.86018 ] } },
{ "type": "Feature", "properties": { "ID": "2257220604910", "正式名称": "とまと薬局八幡店", "機関区分": 5, "都道府県コード": 22, "市区町村コード": 214, "所在地": "静岡県藤枝市八幡２７８－５", "緯度": 34.886754, "経度": 138.277931, "url": "https://www.iryou.teikyouseido.mhlw.go.jp/znk-web/juminkanja/S2430/initialize?prefCd=22&kikanCd=7220604910&kikanKbn=5", "url2": null, "内容": "とまと薬局八幡店【5:薬局】静岡県藤枝市八幡２７８－５" }, "geometry": { "type": "Point", "coordinates": [ 138.277931, 34.886754 ] } },
{ "type": "Feature", "properties": { "ID": "2257220604930", "正式名称": "あかり薬局", "機関区分": 5, "都道府県コード": 22, "市区町村コード": 214, "所在地": "静岡県藤枝市駅前３－１４－５", "緯度": 34.850166, "経度": 138.247731, "url": "https://www.iryou.teikyouseido.mhlw.go.jp/znk-web/juminkanja/S2430/initialize?prefCd=22&kikanCd=7220604930&kikanKbn=5", "url2": null, "内容": "あかり薬局【5:薬局】静岡県藤枝市駅前３－１４－５" }, "geometry": { "type": "Point", "coordinates": [ 138.247731, 34.850166 ] } },
{ "type": "Feature", "properties": { "ID": "2257220604940", "正式名称": "ウエルシア薬局焼津三ケ名東店", "機関区分": 5, "都道府県コード": 22, "市区町村コード": 212, "所在地": "静岡県焼津市三ケ名１１００‐６", "緯度": 34.862886, "経度": 138.307494, "url": "https://www.iryou.teikyouseido.mhlw.go.jp/znk-web/juminkanja/S2430/initialize?prefCd=22&kikanCd=7220604940&kikanKbn=5", "url2": "https://www.welcia.co.jp/ja/index.html", "内容": "ウエルシア薬局焼津三ケ名東店【5:薬局】静岡県焼津市三ケ名１１００‐６" }, "geometry": { "type": "Point", "coordinates": [ 138.307494, 34.862886 ] } },
{ "type": "Feature", "properties": { "ID": "2257220604950", "正式名称": "ひばり末広薬局", "機関区分": 5, "都道府県コード": 22, "市区町村コード": 214, "所在地": "静岡県藤枝市末広１－３－４３", "緯度": 34.840773, "経度": 138.236307, "url": "https://www.iryou.teikyouseido.mhlw.go.jp/znk-web/juminkanja/S2430/initialize?prefCd=22&kikanCd=7220604950&kikanKbn=5", "url2": "https://hbrgr.com/store/#suehiro", "内容": "ひばり末広薬局【5:薬局】静岡県藤枝市末広１－３－４３" }, "geometry": { "type": "Point", "coordinates": [ 138.236307, 34.840773 ] } },
{ "type": "Feature", "properties": { "ID": "2257220604960", "正式名称": "ハーゼ薬局", "機関区分": 5, "都道府県コード": 22, "市区町村コード": 214, "所在地": "静岡県藤枝市高柳１２９６－１", "緯度": 34.841618, "経度": 138.269859, "url": "https://www.iryou.teikyouseido.mhlw.go.jp/znk-web/juminkanja/S2430/initialize?prefCd=22&kikanCd=7220604960&kikanKbn=5", "url2": null, "内容": "ハーゼ薬局【5:薬局】静岡県藤枝市高柳１２９６－１" }, "geometry": { "type": "Point", "coordinates": [ 138.269859, 34.841618 ] } },
{ "type": "Feature", "properties": { "ID": "2257220604970", "正式名称": "杏林堂薬局藤枝駅北店", "機関区分": 5, "都道府県コード": 22, "市区町村コード": 214, "所在地": "静岡県藤枝市瀬戸新屋１９３－２", "緯度": 34.851442, "経度": 138.247081, "url": "https://www.iryou.teikyouseido.mhlw.go.jp/znk-web/juminkanja/S2430/initialize?prefCd=22&kikanCd=7220604970&kikanKbn=5", "url2": "https://www.kyorindo.co.jp/", "内容": "杏林堂薬局藤枝駅北店【5:薬局】静岡県藤枝市瀬戸新屋１９３－２" }, "geometry": { "type": "Point", "coordinates": [ 138.247081, 34.851442 ] } },
{ "type": "Feature", "properties": { "ID": "2257220604980", "正式名称": "オオイ薬局　青南町店", "機関区分": 5, "都道府県コード": 22, "市区町村コード": 214, "所在地": "静岡県藤枝市青南町４－１－４４", "緯度": 34.836889, "経度": 138.238047, "url": "https://www.iryou.teikyouseido.mhlw.go.jp/znk-web/juminkanja/S2430/initialize?prefCd=22&kikanCd=7220604980&kikanKbn=5", "url2": null, "内容": "オオイ薬局　青南町店【5:薬局】静岡県藤枝市青南町４－１－４４" }, "geometry": { "type": "Point", "coordinates": [ 138.238047, 34.836889 ] } },
{ "type": "Feature", "properties": { "ID": "2257220604990", "正式名称": "うさぎ薬局　オーレ店", "機関区分": 5, "都道府県コード": 22, "市区町村コード": 214, "所在地": "静岡県藤枝市前島１丁目３－１　ホテルオーレ１階", "緯度": 34.848264, "経度": 138.252164, "url": "https://www.iryou.teikyouseido.mhlw.go.jp/znk-web/juminkanja/S2430/initialize?prefCd=22&kikanCd=7220604990&kikanKbn=5", "url2": "www.usagiharmacy.com", "内容": "うさぎ薬局　オーレ店【5:薬局】静岡県藤枝市前島１丁目３－１　ホテルオーレ１階" }, "geometry": { "type": "Point", "coordinates": [ 138.252164, 34.848264 ] } },
{ "type": "Feature", "properties": { "ID": "2257220605000", "正式名称": "ベル薬局", "機関区分": 5, "都道府県コード": 22, "市区町村コード": 214, "所在地": "静岡県藤枝市前島１－１２－８", "緯度": 34.84779, "経度": 138.24913, "url": "https://www.iryou.teikyouseido.mhlw.go.jp/znk-web/juminkanja/S2430/initialize?prefCd=22&kikanCd=7220605000&kikanKbn=5", "url2": null, "内容": "ベル薬局【5:薬局】静岡県藤枝市前島１－１２－８" }, "geometry": { "type": "Point", "coordinates": [ 138.24913, 34.84779 ] } },
{ "type": "Feature", "properties": { "ID": "2257220605010", "正式名称": "どんぐり薬局青島店", "機関区分": 5, "都道府県コード": 22, "市区町村コード": 214, "所在地": "静岡県藤枝市下青島２０１－１", "緯度": 34.848925, "経度": 138.245427, "url": "https://www.iryou.teikyouseido.mhlw.go.jp/znk-web/juminkanja/S2430/initialize?prefCd=22&kikanCd=7220605010&kikanKbn=5", "url2": null, "内容": "どんぐり薬局青島店【5:薬局】静岡県藤枝市下青島２０１－１" }, "geometry": { "type": "Point", "coordinates": [ 138.245427, 34.848925 ] } },
{ "type": "Feature", "properties": { "ID": "2257220605020", "正式名称": "青葉町薬局", "機関区分": 5, "都道府県コード": 22, "市区町村コード": 214, "所在地": "静岡県藤枝市青葉町２ー６４２ー１３", "緯度": 34.845599, "経度": 138.245942, "url": "https://www.iryou.teikyouseido.mhlw.go.jp/znk-web/juminkanja/S2430/initialize?prefCd=22&kikanCd=7220605020&kikanKbn=5", "url2": null, "内容": "青葉町薬局【5:薬局】静岡県藤枝市青葉町２ー６４２ー１３" }, "geometry": { "type": "Point", "coordinates": [ 138.245942, 34.845599 ] } },
{ "type": "Feature", "properties": { "ID": "2257220605030", "正式名称": "どんぐり薬局大井川店", "機関区分": 5, "都道府県コード": 22, "市区町村コード": 212, "所在地": "静岡県焼津市上新田６７８", "緯度": 34.817352, "経度": 138.272112, "url": "https://www.iryou.teikyouseido.mhlw.go.jp/znk-web/juminkanja/S2430/initialize?prefCd=22&kikanCd=7220605030&kikanKbn=5", "url2": null, "内容": "どんぐり薬局大井川店【5:薬局】静岡県焼津市上新田６７８" }, "geometry": { "type": "Point", "coordinates": [ 138.272112, 34.817352 ] } },
{ "type": "Feature", "properties": { "ID": "2257220605040", "正式名称": "どんぐり薬局　こがわ店", "機関区分": 5, "都道府県コード": 22, "市区町村コード": 212, "所在地": "静岡県焼津市小川新町４－１－２３", "緯度": 34.855231, "経度": 138.317892, "url": "https://www.iryou.teikyouseido.mhlw.go.jp/znk-web/juminkanja/S2430/initialize?prefCd=22&kikanCd=7220605040&kikanKbn=5", "url2": null, "内容": "どんぐり薬局　こがわ店【5:薬局】静岡県焼津市小川新町４－１－２３" }, "geometry": { "type": "Point", "coordinates": [ 138.317892, 34.855231 ] } },
{ "type": "Feature", "properties": { "ID": "2257220605050", "正式名称": "どんぐり薬局　吉田店", "機関区分": 5, "都道府県コード": 22, "市区町村コード": 424, "所在地": "静岡県榛原郡吉田町片岡１７５３‐１", "緯度": 34.762736, "経度": 138.257936, "url": "https://www.iryou.teikyouseido.mhlw.go.jp/znk-web/juminkanja/S2430/initialize?prefCd=22&kikanCd=7220605050&kikanKbn=5", "url2": null, "内容": "どんぐり薬局　吉田店【5:薬局】静岡県榛原郡吉田町片岡１７５３‐１" }, "geometry": { "type": "Point", "coordinates": [ 138.257936, 34.762736 ] } },
{ "type": "Feature", "properties": { "ID": "2257220605060", "正式名称": "どんぐり薬局　高洲店", "機関区分": 5, "都道府県コード": 22, "市区町村コード": 214, "所在地": "静岡県藤枝市与左衛門４３１－３", "緯度": 34.835442, "経度": 138.268575, "url": "https://www.iryou.teikyouseido.mhlw.go.jp/znk-web/juminkanja/S2430/initialize?prefCd=22&kikanCd=7220605060&kikanKbn=5", "url2": null, "内容": "どんぐり薬局　高洲店【5:薬局】静岡県藤枝市与左衛門４３１－３" }, "geometry": { "type": "Point", "coordinates": [ 138.268575, 34.835442 ] } },
{ "type": "Feature", "properties": { "ID": "2257220605070", "正式名称": "どんぐり薬局高柳店", "機関区分": 5, "都道府県コード": 22, "市区町村コード": 214, "所在地": "静岡県藤枝市高柳２－７－２９", "緯度": 34.848344, "経度": 138.267786, "url": "https://www.iryou.teikyouseido.mhlw.go.jp/znk-web/juminkanja/S2430/initialize?prefCd=22&kikanCd=7220605070&kikanKbn=5", "url2": null, "内容": "どんぐり薬局高柳店【5:薬局】静岡県藤枝市高柳２－７－２９" }, "geometry": { "type": "Point", "coordinates": [ 138.267786, 34.848344 ] } },
{ "type": "Feature", "properties": { "ID": "2257220605080", "正式名称": "ウエルシア薬局吉田住吉南店", "機関区分": 5, "都道府県コード": 22, "市区町村コード": 424, "所在地": "静岡県榛原郡吉田町住吉２８３２－３", "緯度": 34.753588, "経度": 138.250388, "url": "https://www.iryou.teikyouseido.mhlw.go.jp/znk-web/juminkanja/S2430/initialize?prefCd=22&kikanCd=7220605080&kikanKbn=5", "url2": "https://www.welcia-yakkyoku.co.jp/", "内容": "ウエルシア薬局吉田住吉南店【5:薬局】静岡県榛原郡吉田町住吉２８３２－３" }, "geometry": { "type": "Point", "coordinates": [ 138.250388, 34.753588 ] } },
{ "type": "Feature", "properties": { "ID": "2257220605090", "正式名称": "至誠堂薬局", "機関区分": 5, "都道府県コード": 22, "市区町村コード": 214, "所在地": "静岡県藤枝市駿河台２－１－１", "緯度": 34.861802, "経度": 138.237737, "url": "https://www.iryou.teikyouseido.mhlw.go.jp/znk-web/juminkanja/S2430/initialize?prefCd=22&kikanCd=7220605090&kikanKbn=5", "url2": "https://www.shiseidou-ph.com/", "内容": "至誠堂薬局【5:薬局】静岡県藤枝市駿河台２－１－１" }, "geometry": { "type": "Point", "coordinates": [ 138.237737, 34.861802 ] } },
{ "type": "Feature", "properties": { "ID": "2257220605100", "正式名称": "マリーン薬局島田店", "機関区分": 5, "都道府県コード": 22, "市区町村コード": 209, "所在地": "静岡県島田市日之出町４－８島田テクノビル１Ｆ", "緯度": 34.836167, "経度": 138.251969, "url": "https://www.iryou.teikyouseido.mhlw.go.jp/znk-web/juminkanja/S2430/initialize?prefCd=22&kikanCd=7220605100&kikanKbn=5", "url2": "https://www.marinegroup.jp/", "内容": "マリーン薬局島田店【5:薬局】静岡県島田市日之出町４－８島田テクノビル１Ｆ" }, "geometry": { "type": "Point", "coordinates": [ 138.251969, 34.836167 ] } },
{ "type": "Feature", "properties": { "ID": "2257220605110", "正式名称": "フラワー薬局藤枝中央店", "機関区分": 5, "都道府県コード": 22, "市区町村コード": 214, "所在地": "静岡県藤枝市瀬戸新屋２４３－８", "緯度": 34.851598, "経度": 138.242715, "url": "https://www.iryou.teikyouseido.mhlw.go.jp/znk-web/juminkanja/S2430/initialize?prefCd=22&kikanCd=7220605110&kikanKbn=5", "url2": "https://flower-group.co.jp/", "内容": "フラワー薬局藤枝中央店【5:薬局】静岡県藤枝市瀬戸新屋２４３－８" }, "geometry": { "type": "Point", "coordinates": [ 138.242715, 34.851598 ] } },
{ "type": "Feature", "properties": { "ID": "2257220605120", "正式名称": "おかべ薬局", "機関区分": 5, "都道府県コード": 22, "市区町村コード": 214, "所在地": "静岡県藤枝市岡部町内谷１３２", "緯度": 34.912476, "経度": 138.281315, "url": "https://www.iryou.teikyouseido.mhlw.go.jp/znk-web/juminkanja/S2430/initialize?prefCd=22&kikanCd=7220605120&kikanKbn=5", "url2": null, "内容": "おかべ薬局【5:薬局】静岡県藤枝市岡部町内谷１３２" }, "geometry": { "type": "Point", "coordinates": [ 138.281315, 34.912476 ] } },
{ "type": "Feature", "properties": { "ID": "2257220605130", "正式名称": "Ｖ・ｄｒｕｇ　島田本通薬局", "機関区分": 5, "都道府県コード": 22, "市区町村コード": 209, "所在地": "静岡県島田市本通４－３－５　１階", "緯度": 34.833009, "経度": 138.177168, "url": "https://www.iryou.teikyouseido.mhlw.go.jp/znk-web/juminkanja/S2430/initialize?prefCd=22&kikanCd=7220605130&kikanKbn=5", "url2": "https://vdrug.co.jp/pharmacy/store/%e5%b3%b6%e7%94%b0%e6%9c%ac%e9%80%9a%e8%96%ac%e5%b1%80/", "内容": "Ｖ・ｄｒｕｇ　島田本通薬局【5:薬局】静岡県島田市本通４－３－５　１階" }, "geometry": { "type": "Point", "coordinates": [ 138.177168, 34.833009 ] } },
{ "type": "Feature", "properties": { "ID": "2257220605140", "正式名称": "メロン薬局", "機関区分": 5, "都道府県コード": 22, "市区町村コード": 212, "所在地": "静岡県焼津市大栄町１－４－１８", "緯度": 34.872457, "経度": 138.313267, "url": "https://www.iryou.teikyouseido.mhlw.go.jp/znk-web/juminkanja/S2430/initialize?prefCd=22&kikanCd=7220605140&kikanKbn=5", "url2": "http://www.stcy.co.jp/STCmain/map/melon.htm", "内容": "メロン薬局【5:薬局】静岡県焼津市大栄町１－４－１８" }, "geometry": { "type": "Point", "coordinates": [ 138.313267, 34.872457 ] } },
{ "type": "Feature", "properties": { "ID": "2257220605150", "正式名称": "はるせい薬局", "機関区分": 5, "都道府県コード": 22, "市区町村コード": 209, "所在地": "静岡県島田市本通１－４６９５－６５", "緯度": 34.832341, "経度": 138.171201, "url": "https://www.iryou.teikyouseido.mhlw.go.jp/znk-web/juminkanja/S2430/initialize?prefCd=22&kikanCd=7220605150&kikanKbn=5", "url2": "https://harusei-ph.jp", "内容": "はるせい薬局【5:薬局】静岡県島田市本通１－４６９５－６５" }, "geometry": { "type": "Point", "coordinates": [ 138.171201, 34.832341 ] } },
{ "type": "Feature", "properties": { "ID": "2257220605160", "正式名称": "ルナ薬局　藤枝青島店", "機関区分": 5, "都道府県コード": 22, "市区町村コード": 214, "所在地": "静岡県藤枝市上青島１５１－８", "緯度": 34.843999, "経度": 138.231891, "url": "https://www.iryou.teikyouseido.mhlw.go.jp/znk-web/juminkanja/S2430/initialize?prefCd=22&kikanCd=7220605160&kikanKbn=5", "url2": "https://luna-pharmacy.com/", "内容": "ルナ薬局　藤枝青島店【5:薬局】静岡県藤枝市上青島１５１－８" }, "geometry": { "type": "Point", "coordinates": [ 138.231891, 34.843999 ] } },
{ "type": "Feature", "properties": { "ID": "2257220605170", "正式名称": "杏林堂薬局藤枝青島店", "機関区分": 5, "都道府県コード": 22, "市区町村コード": 214, "所在地": "静岡県藤枝市下青島１０５２－１", "緯度": 34.833629, "経度": 138.246363, "url": "https://www.iryou.teikyouseido.mhlw.go.jp/znk-web/juminkanja/S2430/initialize?prefCd=22&kikanCd=7220605170&kikanKbn=5", "url2": "https://shop.tsuruha-g.com/2078", "内容": "杏林堂薬局藤枝青島店【5:薬局】静岡県藤枝市下青島１０５２－１" }, "geometry": { "type": "Point", "coordinates": [ 138.246363, 34.833629 ] } },
{ "type": "Feature", "properties": { "ID": "2257220605180", "正式名称": "赤木薬局　大住店", "機関区分": 5, "都道府県コード": 22, "市区町村コード": 212, "所在地": "静岡県焼津市大住１０６８－３", "緯度": 34.845913, "経度": 138.289669, "url": "https://www.iryou.teikyouseido.mhlw.go.jp/znk-web/juminkanja/S2430/initialize?prefCd=22&kikanCd=7220605180&kikanKbn=5", "url2": null, "内容": "赤木薬局　大住店【5:薬局】静岡県焼津市大住１０６８－３" }, "geometry": { "type": "Point", "coordinates": [ 138.289669, 34.845913 ] } },
{ "type": "Feature", "properties": { "ID": "2257220700070", "正式名称": "おおくぼ薬局", "機関区分": 5, "都道府県コード": 22, "市区町村コード": 211, "所在地": "静岡県磐田市大久保５０８－２５", "緯度": 34.767927, "経度": 137.857436, "url": "https://www.iryou.teikyouseido.mhlw.go.jp/znk-web/juminkanja/S2430/initialize?prefCd=22&kikanCd=7220700070&kikanKbn=5", "url2": "http://www.marucorp.co.jp/", "内容": "おおくぼ薬局【5:薬局】静岡県磐田市大久保５０８－２５" }, "geometry": { "type": "Point", "coordinates": [ 137.857436, 34.767927 ] } },
{ "type": "Feature", "properties": { "ID": "2257220700100", "正式名称": "神谷薬局竜洋西店", "機関区分": 5, "都道府県コード": 22, "市区町村コード": 211, "所在地": "静岡県磐田市十郎島２１", "緯度": 34.676408, "経度": 137.797695, "url": "https://www.iryou.teikyouseido.mhlw.go.jp/znk-web/juminkanja/S2430/initialize?prefCd=22&kikanCd=7220700100&kikanKbn=5", "url2": null, "内容": "神谷薬局竜洋西店【5:薬局】静岡県磐田市十郎島２１" }, "geometry": { "type": "Point", "coordinates": [ 137.797695, 34.676408 ] } },
{ "type": "Feature", "properties": { "ID": "2257220700120", "正式名称": "杏林堂薬局磐田市立病院前店", "機関区分": 5, "都道府県コード": 22, "市区町村コード": 211, "所在地": "静岡県磐田市大久保字四区５３９－１３", "緯度": 34.76674, "経度": 137.856254, "url": "https://www.iryou.teikyouseido.mhlw.go.jp/znk-web/juminkanja/S2430/initialize?prefCd=22&kikanCd=7220700120&kikanKbn=5", "url2": "https://www.kyorindo.co.jp", "内容": "杏林堂薬局磐田市立病院前店【5:薬局】静岡県磐田市大久保字四区５３９－１３" }, "geometry": { "type": "Point", "coordinates": [ 137.856254, 34.76674 ] } },
{ "type": "Feature", "properties": { "ID": "2257220700130", "正式名称": "杏林堂薬局上岡田店", "機関区分": 5, "都道府県コード": 22, "市区町村コード": 211, "所在地": "静岡県磐田市中泉８０５", "緯度": 34.704575, "経度": 137.850711, "url": "https://www.iryou.teikyouseido.mhlw.go.jp/znk-web/juminkanja/S2430/initialize?prefCd=22&kikanCd=7220700130&kikanKbn=5", "url2": "https://www.kyorindo.co.jp", "内容": "杏林堂薬局上岡田店【5:薬局】静岡県磐田市中泉８０５" }, "geometry": { "type": "Point", "coordinates": [ 137.850711, 34.704575 ] } },
{ "type": "Feature", "properties": { "ID": "2257220700140", "正式名称": "杏林堂薬局豊田小立野店", "機関区分": 5, "都道府県コード": 22, "市区町村コード": 211, "所在地": "静岡県磐田市小立野２２０", "緯度": 34.726236, "経度": 137.819024, "url": "https://www.iryou.teikyouseido.mhlw.go.jp/znk-web/juminkanja/S2430/initialize?prefCd=22&kikanCd=7220700140&kikanKbn=5", "url2": "http://www.kyorindo.co.jp", "内容": "杏林堂薬局豊田小立野店【5:薬局】静岡県磐田市小立野２２０" }, "geometry": { "type": "Point", "coordinates": [ 137.819024, 34.726236 ] } },
{ "type": "Feature", "properties": { "ID": "2257220700160", "正式名称": "合資会社大阪屋薬局", "機関区分": 5, "都道府県コード": 22, "市区町村コード": 211, "所在地": "静岡県磐田市見付３４９３", "緯度": 34.726931, "経度": 137.85541, "url": "https://www.iryou.teikyouseido.mhlw.go.jp/znk-web/juminkanja/S2430/initialize?prefCd=22&kikanCd=7220700160&kikanKbn=5", "url2": null, "内容": "合資会社大阪屋薬局【5:薬局】静岡県磐田市見付３４９３" }, "geometry": { "type": "Point", "coordinates": [ 137.85541, 34.726931 ] } },
{ "type": "Feature", "properties": { "ID": "2257220700170", "正式名称": "合資会社　大阪屋薬局大藤店", "機関区分": 5, "都道府県コード": 22, "市区町村コード": 211, "所在地": "静岡県磐田市大久保５０８－３１", "緯度": 34.766927, "経度": 137.857658, "url": "https://www.iryou.teikyouseido.mhlw.go.jp/znk-web/juminkanja/S2430/initialize?prefCd=22&kikanCd=7220700170&kikanKbn=5", "url2": null, "内容": "合資会社　大阪屋薬局大藤店【5:薬局】静岡県磐田市大久保５０８－３１" }, "geometry": { "type": "Point", "coordinates": [ 137.857658, 34.766927 ] } },
{ "type": "Feature", "properties": { "ID": "2257220700200", "正式名称": "秋桜薬局", "機関区分": 5, "都道府県コード": 22, "市区町村コード": 211, "所在地": "静岡県磐田市二之宮浅間３－５", "緯度": 34.712294, "経度": 137.857049, "url": "https://www.iryou.teikyouseido.mhlw.go.jp/znk-web/juminkanja/S2430/initialize?prefCd=22&kikanCd=7220700200&kikanKbn=5", "url2": null, "内容": "秋桜薬局【5:薬局】静岡県磐田市二之宮浅間３－５" }, "geometry": { "type": "Point", "coordinates": [ 137.857049, 34.712294 ] } },
{ "type": "Feature", "properties": { "ID": "2257220700210", "正式名称": "木の香薬局", "機関区分": 5, "都道府県コード": 22, "市区町村コード": 211, "所在地": "静岡県磐田市宮之一色８６９－２", "緯度": 34.715404, "経度": 137.824719, "url": "https://www.iryou.teikyouseido.mhlw.go.jp/znk-web/juminkanja/S2430/initialize?prefCd=22&kikanCd=7220700210&kikanKbn=5", "url2": null, "内容": "木の香薬局【5:薬局】静岡県磐田市宮之一色８６９－２" }, "geometry": { "type": "Point", "coordinates": [ 137.824719, 34.715404 ] } },
{ "type": "Feature", "properties": { "ID": "2257220700220", "正式名称": "さわやか薬局", "機関区分": 5, "都道府県コード": 22, "市区町村コード": 211, "所在地": "静岡県磐田市新開９４３", "緯度": 34.836502, "経度": 137.841767, "url": "https://www.iryou.teikyouseido.mhlw.go.jp/znk-web/juminkanja/S2430/initialize?prefCd=22&kikanCd=7220700220&kikanKbn=5", "url2": null, "内容": "さわやか薬局【5:薬局】静岡県磐田市新開９４３" }, "geometry": { "type": "Point", "coordinates": [ 137.841767, 34.836502 ] } },
{ "type": "Feature", "properties": { "ID": "2257220700230", "正式名称": "資生堂薬局本店", "機関区分": 5, "都道府県コード": 22, "市区町村コード": 211, "所在地": "静岡県磐田市福田１５５５－７", "緯度": 34.677937, "経度": 137.879299, "url": "https://www.iryou.teikyouseido.mhlw.go.jp/znk-web/juminkanja/S2430/initialize?prefCd=22&kikanCd=7220700230&kikanKbn=5", "url2": "http://www.kigusuri.com/shop/shiseido/", "内容": "資生堂薬局本店【5:薬局】静岡県磐田市福田１５５５－７" }, "geometry": { "type": "Point", "coordinates": [ 137.879299, 34.677937 ] } },
{ "type": "Feature", "properties": { "ID": "2257220700240", "正式名称": "スギ薬局　磐田中泉店", "機関区分": 5, "都道府県コード": 22, "市区町村コード": 211, "所在地": "静岡県磐田市中泉字団子塚２５００番地１", "緯度": 34.715849, "経度": 137.846189, "url": "https://www.iryou.teikyouseido.mhlw.go.jp/znk-web/juminkanja/S2430/initialize?prefCd=22&kikanCd=7220700240&kikanKbn=5", "url2": "http://www.drug-sugi.co.jp/", "内容": "スギ薬局　磐田中泉店【5:薬局】静岡県磐田市中泉字団子塚２５００番地１" }, "geometry": { "type": "Point", "coordinates": [ 137.846189, 34.715849 ] } },
{ "type": "Feature", "properties": { "ID": "2257220700300", "正式名称": "てんじん薬局", "機関区分": 5, "都道府県コード": 22, "市区町村コード": 211, "所在地": "静岡県磐田市水堀３９５－２", "緯度": 34.730903, "経度": 137.852021, "url": "https://www.iryou.teikyouseido.mhlw.go.jp/znk-web/juminkanja/S2430/initialize?prefCd=22&kikanCd=7220700300&kikanKbn=5", "url2": "https://www.jyo-bu.co.jp/shop/index.html#dfd8bb22", "内容": "てんじん薬局【5:薬局】静岡県磐田市水堀３９５－２" }, "geometry": { "type": "Point", "coordinates": [ 137.852021, 34.730903 ] } },
{ "type": "Feature", "properties": { "ID": "2257220700320", "正式名称": "なずな薬局", "機関区分": 5, "都道府県コード": 22, "市区町村コード": 211, "所在地": "静岡県磐田市見付１２７６－２", "緯度": 34.727737, "経度": 137.861632, "url": "https://www.iryou.teikyouseido.mhlw.go.jp/znk-web/juminkanja/S2430/initialize?prefCd=22&kikanCd=7220700320&kikanKbn=5", "url2": "http://www.e-classa.net/nazunapharmacy/", "内容": "なずな薬局【5:薬局】静岡県磐田市見付１２７６－２" }, "geometry": { "type": "Point", "coordinates": [ 137.861632, 34.727737 ] } },
{ "type": "Feature", "properties": { "ID": "2257220700340", "正式名称": "ハロー薬局　豊田北店", "機関区分": 5, "都道府県コード": 22, "市区町村コード": 211, "所在地": "静岡県磐田市宮之一色６８６－３", "緯度": 34.719598, "経度": 137.82694, "url": "https://www.iryou.teikyouseido.mhlw.go.jp/znk-web/juminkanja/S2430/initialize?prefCd=22&kikanCd=7220700340&kikanKbn=5", "url2": "http://www.hello-pharmacy.com", "内容": "ハロー薬局　豊田北店【5:薬局】静岡県磐田市宮之一色６８６－３" }, "geometry": { "type": "Point", "coordinates": [ 137.82694, 34.719598 ] } },
{ "type": "Feature", "properties": { "ID": "2257220700360", "正式名称": "久井屋薬局加茂店", "機関区分": 5, "都道府県コード": 22, "市区町村コード": 211, "所在地": "静岡県磐田市加茂１１８４－１", "緯度": 34.738068, "経度": 137.822245, "url": "https://www.iryou.teikyouseido.mhlw.go.jp/znk-web/juminkanja/S2430/initialize?prefCd=22&kikanCd=7220700360&kikanKbn=5", "url2": null, "内容": "久井屋薬局加茂店【5:薬局】静岡県磐田市加茂１１８４－１" }, "geometry": { "type": "Point", "coordinates": [ 137.822245, 34.738068 ] } },
{ "type": "Feature", "properties": { "ID": "2257220700370", "正式名称": "久井屋薬局本店", "機関区分": 5, "都道府県コード": 22, "市区町村コード": 211, "所在地": "静岡県磐田市見付２８１２－１", "緯度": 34.726237, "経度": 137.854521, "url": "https://www.iryou.teikyouseido.mhlw.go.jp/znk-web/juminkanja/S2430/initialize?prefCd=22&kikanCd=7220700370&kikanKbn=5", "url2": null, "内容": "久井屋薬局本店【5:薬局】静岡県磐田市見付２８１２－１" }, "geometry": { "type": "Point", "coordinates": [ 137.854521, 34.726237 ] } },
{ "type": "Feature", "properties": { "ID": "2257220700380", "正式名称": "ひまわり薬局", "機関区分": 5, "都道府県コード": 22, "市区町村コード": 211, "所在地": "静岡県磐田市豊岡５１３２－３", "緯度": 34.670908, "経度": 137.809666, "url": "https://www.iryou.teikyouseido.mhlw.go.jp/znk-web/juminkanja/S2430/initialize?prefCd=22&kikanCd=7220700380&kikanKbn=5", "url2": "https://www.sun-medical-pharma.com/store", "内容": "ひまわり薬局【5:薬局】静岡県磐田市豊岡５１３２－３" }, "geometry": { "type": "Point", "coordinates": [ 137.809666, 34.670908 ] } },
{ "type": "Feature", "properties": { "ID": "2257220700390", "正式名称": "ファミリー薬局二之宮", "機関区分": 5, "都道府県コード": 22, "市区町村コード": 211, "所在地": "静岡県磐田市二之宮浅間６－１", "緯度": 34.713906, "経度": 137.856511, "url": "https://www.iryou.teikyouseido.mhlw.go.jp/znk-web/juminkanja/S2430/initialize?prefCd=22&kikanCd=7220700390&kikanKbn=5", "url2": "kounodai.co.jp", "内容": "ファミリー薬局二之宮【5:薬局】静岡県磐田市二之宮浅間６－１" }, "geometry": { "type": "Point", "coordinates": [ 137.856511, 34.713906 ] } },
{ "type": "Feature", "properties": { "ID": "2257220700420", "正式名称": "まごころ薬局大久保店", "機関区分": 5, "都道府県コード": 22, "市区町村コード": 211, "所在地": "静岡県磐田市大久保８９５－１６", "緯度": 34.75465, "経度": 137.855298, "url": "https://www.iryou.teikyouseido.mhlw.go.jp/znk-web/juminkanja/S2430/initialize?prefCd=22&kikanCd=7220700420&kikanKbn=5", "url2": "http://www.myph.jp/longlife/pc/", "内容": "まごころ薬局大久保店【5:薬局】静岡県磐田市大久保８９５－１６" }, "geometry": { "type": "Point", "coordinates": [ 137.855298, 34.75465 ] } },
{ "type": "Feature", "properties": { "ID": "2257220700430", "正式名称": "まごころ薬局東原店", "機関区分": 5, "都道府県コード": 22, "市区町村コード": 211, "所在地": "静岡県磐田市東原１５５－１", "緯度": 34.739485, "経度": 137.844299, "url": "https://www.iryou.teikyouseido.mhlw.go.jp/znk-web/juminkanja/S2430/initialize?prefCd=22&kikanCd=7220700430&kikanKbn=5", "url2": "http://www.longlife-ph.com/", "内容": "まごころ薬局東原店【5:薬局】静岡県磐田市東原１５５－１" }, "geometry": { "type": "Point", "coordinates": [ 137.844299, 34.739485 ] } },
{ "type": "Feature", "properties": { "ID": "2257220700460", "正式名称": "まめお薬局", "機関区分": 5, "都道府県コード": 22, "市区町村コード": 211, "所在地": "静岡県磐田市南田７４－４", "緯度": 34.677964, "経度": 137.858329, "url": "https://www.iryou.teikyouseido.mhlw.go.jp/znk-web/juminkanja/S2430/initialize?prefCd=22&kikanCd=7220700460&kikanKbn=5", "url2": null, "内容": "まめお薬局【5:薬局】静岡県磐田市南田７４－４" }, "geometry": { "type": "Point", "coordinates": [ 137.858329, 34.677964 ] } },
{ "type": "Feature", "properties": { "ID": "2257220700490", "正式名称": "緑薬局太田有限会社豊岡店", "機関区分": 5, "都道府県コード": 22, "市区町村コード": 211, "所在地": "静岡県磐田市新開４７４－３", "緯度": 34.834764, "経度": 137.843807, "url": "https://www.iryou.teikyouseido.mhlw.go.jp/znk-web/juminkanja/S2430/initialize?prefCd=22&kikanCd=7220700490&kikanKbn=5", "url2": "https://www.midori-yakkyoku.jp/", "内容": "緑薬局太田有限会社豊岡店【5:薬局】静岡県磐田市新開４７４－３" }, "geometry": { "type": "Point", "coordinates": [ 137.843807, 34.834764 ] } },
{ "type": "Feature", "properties": { "ID": "2257220700510", "正式名称": "民生堂薬局加茂店", "機関区分": 5, "都道府県コード": 22, "市区町村コード": 211, "所在地": "静岡県磐田市加茂９１２－２", "緯度": 34.738513, "経度": 137.827745, "url": "https://www.iryou.teikyouseido.mhlw.go.jp/znk-web/juminkanja/S2430/initialize?prefCd=22&kikanCd=7220700510&kikanKbn=5", "url2": null, "内容": "民生堂薬局加茂店【5:薬局】静岡県磐田市加茂９１２－２" }, "geometry": { "type": "Point", "coordinates": [ 137.827745, 34.738513 ] } },
{ "type": "Feature", "properties": { "ID": "2257220700530", "正式名称": "薬局フォーリア　豊田店", "機関区分": 5, "都道府県コード": 22, "市区町村コード": 211, "所在地": "静岡県磐田市立野字村東５０９－１", "緯度": 34.713654, "経度": 137.82158, "url": "https://www.iryou.teikyouseido.mhlw.go.jp/znk-web/juminkanja/S2430/initialize?prefCd=22&kikanCd=7220700530&kikanKbn=5", "url2": "https://www.folia.jp", "内容": "薬局フォーリア　豊田店【5:薬局】静岡県磐田市立野字村東５０９－１" }, "geometry": { "type": "Point", "coordinates": [ 137.82158, 34.713654 ] } },
{ "type": "Feature", "properties": { "ID": "2257220700610", "正式名称": "川崎屋あすなろ森川薬局", "機関区分": 5, "都道府県コード": 22, "市区町村コード": 216, "所在地": "静岡県袋井市浅羽１２４６－１５", "緯度": 34.707934, "経度": 137.920183, "url": "https://www.iryou.teikyouseido.mhlw.go.jp/znk-web/juminkanja/S2430/initialize?prefCd=22&kikanCd=7220700610&kikanKbn=5", "url2": null, "内容": "川崎屋あすなろ森川薬局【5:薬局】静岡県袋井市浅羽１２４６－１５" }, "geometry": { "type": "Point", "coordinates": [ 137.920183, 34.707934 ] } },
{ "type": "Feature", "properties": { "ID": "2257220700660", "正式名称": "杏林堂薬局袋井旭町店", "機関区分": 5, "都道府県コード": 22, "市区町村コード": 216, "所在地": "静岡県袋井市旭町２－１－１", "緯度": 34.752985, "経度": 137.920792, "url": "https://www.iryou.teikyouseido.mhlw.go.jp/znk-web/juminkanja/S2430/initialize?prefCd=22&kikanCd=7220700660&kikanKbn=5", "url2": "http://www.kyorindo.co.jp", "内容": "杏林堂薬局袋井旭町店【5:薬局】静岡県袋井市旭町２－１－１" }, "geometry": { "type": "Point", "coordinates": [ 137.920792, 34.752985 ] } },
{ "type": "Feature", "properties": { "ID": "2257220700670", "正式名称": "小嶋薬局浅羽店", "機関区分": 5, "都道府県コード": 22, "市区町村コード": 216, "所在地": "静岡県袋井市諸井１２０４－５", "緯度": 34.719433, "経度": 137.92021, "url": "https://www.iryou.teikyouseido.mhlw.go.jp/znk-web/juminkanja/S2430/initialize?prefCd=22&kikanCd=7220700670&kikanKbn=5", "url2": null, "内容": "小嶋薬局浅羽店【5:薬局】静岡県袋井市諸井１２０４－５" }, "geometry": { "type": "Point", "coordinates": [ 137.92021, 34.719433 ] } },
{ "type": "Feature", "properties": { "ID": "2257220700680", "正式名称": "すみれ薬局", "機関区分": 5, "都道府県コード": 22, "市区町村コード": 216, "所在地": "静岡県袋井市川井８５６－１０", "緯度": 34.743514, "経度": 137.913127, "url": "https://www.iryou.teikyouseido.mhlw.go.jp/znk-web/juminkanja/S2430/initialize?prefCd=22&kikanCd=7220700680&kikanKbn=5", "url2": "https://sumire-yakkyoku.wixsite.com/my-site-1", "内容": "すみれ薬局【5:薬局】静岡県袋井市川井８５６－１０" }, "geometry": { "type": "Point", "coordinates": [ 137.913127, 34.743514 ] } },
{ "type": "Feature", "properties": { "ID": "2257220700700", "正式名称": "東海中央薬局", "機関区分": 5, "都道府県コード": 22, "市区町村コード": 216, "所在地": "静岡県袋井市国本２０１６－１", "緯度": 34.759512, "経度": 137.944262, "url": "https://www.iryou.teikyouseido.mhlw.go.jp/znk-web/juminkanja/S2430/initialize?prefCd=22&kikanCd=7220700700&kikanKbn=5", "url2": "https://www.among.co.jp/", "内容": "東海中央薬局【5:薬局】静岡県袋井市国本２０１６－１" }, "geometry": { "type": "Point", "coordinates": [ 137.944262, 34.759512 ] } },
{ "type": "Feature", "properties": { "ID": "2257220700730", "正式名称": "南山堂薬局浅羽店", "機関区分": 5, "都道府県コード": 22, "市区町村コード": 216, "所在地": "静岡県袋井市浅羽字柴１７６１－２", "緯度": 34.710962, "経度": 137.926655, "url": "https://www.iryou.teikyouseido.mhlw.go.jp/znk-web/juminkanja/S2430/initialize?prefCd=22&kikanCd=7220700730&kikanKbn=5", "url2": "http://www.nanzando.co.jp", "内容": "南山堂薬局浅羽店【5:薬局】静岡県袋井市浅羽字柴１７６１－２" }, "geometry": { "type": "Point", "coordinates": [ 137.926655, 34.710962 ] } },
{ "type": "Feature", "properties": { "ID": "2257220700740", "正式名称": "南山堂薬局西同笠店", "機関区分": 5, "都道府県コード": 22, "市区町村コード": 216, "所在地": "静岡県袋井市西同笠１６０－１", "緯度": 34.679437, "経度": 137.934239, "url": "https://www.iryou.teikyouseido.mhlw.go.jp/znk-web/juminkanja/S2430/initialize?prefCd=22&kikanCd=7220700740&kikanKbn=5", "url2": "http://www.nanzando.co.jp", "内容": "南山堂薬局西同笠店【5:薬局】静岡県袋井市西同笠１６０－１" }, "geometry": { "type": "Point", "coordinates": [ 137.934239, 34.679437 ] } },
{ "type": "Feature", "properties": { "ID": "2257220700770", "正式名称": "ハロー薬局　下山梨店", "機関区分": 5, "都道府県コード": 22, "市区町村コード": 216, "所在地": "静岡県袋井市下山梨２－１４－３", "緯度": 34.783065, "経度": 137.909181, "url": "https://www.iryou.teikyouseido.mhlw.go.jp/znk-web/juminkanja/S2430/initialize?prefCd=22&kikanCd=7220700770&kikanKbn=5", "url2": "http://hello-pharmacy.com", "内容": "ハロー薬局　下山梨店【5:薬局】静岡県袋井市下山梨２－１４－３" }, "geometry": { "type": "Point", "coordinates": [ 137.909181, 34.783065 ] } },
{ "type": "Feature", "properties": { "ID": "2257220700780", "正式名称": "ヒロオカ薬局", "機関区分": 5, "都道府県コード": 22, "市区町村コード": 216, "所在地": "静岡県袋井市広岡１４４９番地の２", "緯度": 34.756763, "経度": 137.937457, "url": "https://www.iryou.teikyouseido.mhlw.go.jp/znk-web/juminkanja/S2430/initialize?prefCd=22&kikanCd=7220700780&kikanKbn=5", "url2": null, "内容": "ヒロオカ薬局【5:薬局】静岡県袋井市広岡１４４９番地の２" }, "geometry": { "type": "Point", "coordinates": [ 137.937457, 34.756763 ] } },
{ "type": "Feature", "properties": { "ID": "2257220700810", "正式名称": "フラワー薬局堀越店", "機関区分": 5, "都道府県コード": 22, "市区町村コード": 216, "所在地": "静岡県袋井市堀越２－８－７", "緯度": 34.751263, "経度": 137.912376, "url": "https://www.iryou.teikyouseido.mhlw.go.jp/znk-web/juminkanja/S2430/initialize?prefCd=22&kikanCd=7220700810&kikanKbn=5", "url2": "http://www.flower-group.co.jp", "内容": "フラワー薬局堀越店【5:薬局】静岡県袋井市堀越２－８－７" }, "geometry": { "type": "Point", "coordinates": [ 137.912376, 34.751263 ] } },
{ "type": "Feature", "properties": { "ID": "2257220700820", "正式名称": "本間薬局", "機関区分": 5, "都道府県コード": 22, "市区町村コード": 216, "所在地": "静岡県袋井市上山梨８４３－１", "緯度": 34.790592, "経度": 137.907264, "url": "https://www.iryou.teikyouseido.mhlw.go.jp/znk-web/juminkanja/S2430/initialize?prefCd=22&kikanCd=7220700820&kikanKbn=5", "url2": null, "内容": "本間薬局【5:薬局】静岡県袋井市上山梨８４３－１" }, "geometry": { "type": "Point", "coordinates": [ 137.907264, 34.790592 ] } },
{ "type": "Feature", "properties": { "ID": "2257220700830", "正式名称": "まごころ薬局久能店", "機関区分": 5, "都道府県コード": 22, "市区町村コード": 216, "所在地": "静岡県袋井市久能１９７５－６", "緯度": 34.762262, "経度": 137.917098, "url": "https://www.iryou.teikyouseido.mhlw.go.jp/znk-web/juminkanja/S2430/initialize?prefCd=22&kikanCd=7220700830&kikanKbn=5", "url2": "http://www.longlife-ph.com/", "内容": "まごころ薬局久能店【5:薬局】静岡県袋井市久能１９７５－６" }, "geometry": { "type": "Point", "coordinates": [ 137.917098, 34.762262 ] } },
{ "type": "Feature", "properties": { "ID": "2257220700840", "正式名称": "まごころ薬局高尾店", "機関区分": 5, "都道府県コード": 22, "市区町村コード": 216, "所在地": "静岡県袋井市掛之上１９－３", "緯度": 34.743764, "経度": 137.929542, "url": "https://www.iryou.teikyouseido.mhlw.go.jp/znk-web/juminkanja/S2430/initialize?prefCd=22&kikanCd=7220700840&kikanKbn=5", "url2": "http://www.longlife-ph.com/", "内容": "まごころ薬局高尾店【5:薬局】静岡県袋井市掛之上１９－３" }, "geometry": { "type": "Point", "coordinates": [ 137.929542, 34.743764 ] } },
{ "type": "Feature", "properties": { "ID": "2257220700880", "正式名称": "森川薬局月見の里店", "機関区分": 5, "都道府県コード": 22, "市区町村コード": 216, "所在地": "静岡県袋井市上山梨２０３－３", "緯度": 34.784176, "経度": 137.906486, "url": "https://www.iryou.teikyouseido.mhlw.go.jp/znk-web/juminkanja/S2430/initialize?prefCd=22&kikanCd=7220700880&kikanKbn=5", "url2": null, "内容": "森川薬局月見の里店【5:薬局】静岡県袋井市上山梨２０３－３" }, "geometry": { "type": "Point", "coordinates": [ 137.906486, 34.784176 ] } },
{ "type": "Feature", "properties": { "ID": "2257220700900", "正式名称": "緑薬局太田有限会社袋井店", "機関区分": 5, "都道府県コード": 22, "市区町村コード": 216, "所在地": "静岡県袋井市春岡５６４の４", "緯度": 34.784981, "経度": 137.912319, "url": "https://www.iryou.teikyouseido.mhlw.go.jp/znk-web/juminkanja/S2430/initialize?prefCd=22&kikanCd=7220700900&kikanKbn=5", "url2": "https://www.midori-yakkyoku.jp/", "内容": "緑薬局太田有限会社袋井店【5:薬局】静岡県袋井市春岡５６４の４" }, "geometry": { "type": "Point", "coordinates": [ 137.912319, 34.784981 ] } },
{ "type": "Feature", "properties": { "ID": "2257220700960", "正式名称": "森町センター薬局", "機関区分": 5, "都道府県コード": 22, "市区町村コード": 461, "所在地": "静岡県周智郡森町草ケ谷３９０－１", "緯度": 34.825699, "経度": 137.919039, "url": "https://www.iryou.teikyouseido.mhlw.go.jp/znk-web/juminkanja/S2430/initialize?prefCd=22&kikanCd=7220700960&kikanKbn=5", "url2": "https://www.midori-yakkyoku.jp", "内容": "森町センター薬局【5:薬局】静岡県周智郡森町草ケ谷３９０－１" }, "geometry": { "type": "Point", "coordinates": [ 137.919039, 34.825699 ] } },
{ "type": "Feature", "properties": { "ID": "2257220700970", "正式名称": "もりもり薬局", "機関区分": 5, "都道府県コード": 22, "市区町村コード": 461, "所在地": "静岡県周智郡森町森１５６０－１", "緯度": 34.829017, "経度": 137.91985, "url": "https://www.iryou.teikyouseido.mhlw.go.jp/znk-web/juminkanja/S2430/initialize?prefCd=22&kikanCd=7220700970&kikanKbn=5", "url2": null, "内容": "もりもり薬局【5:薬局】静岡県周智郡森町森１５６０－１" }, "geometry": { "type": "Point", "coordinates": [ 137.91985, 34.829017 ] } },
{ "type": "Feature", "properties": { "ID": "2257220701040", "正式名称": "掛川中央薬局", "機関区分": 5, "都道府県コード": 22, "市区町村コード": 213, "所在地": "静岡県掛川市中央１丁目９番地の１０", "緯度": 34.770985, "経度": 138.011673, "url": "https://www.iryou.teikyouseido.mhlw.go.jp/znk-web/juminkanja/S2430/initialize?prefCd=22&kikanCd=7220701040&kikanKbn=5", "url2": "www.kakegawa-chuoh.co.jp/", "内容": "掛川中央薬局【5:薬局】静岡県掛川市中央１丁目９番地の１０" }, "geometry": { "type": "Point", "coordinates": [ 138.011673, 34.770985 ] } },
{ "type": "Feature", "properties": { "ID": "2257220701070", "正式名称": "杏林堂薬局掛川葛ケ丘店", "機関区分": 5, "都道府県コード": 22, "市区町村コード": 213, "所在地": "静岡県掛川市葛ケ丘３－３－１", "緯度": 34.78765, "経度": 138.028365, "url": "https://www.iryou.teikyouseido.mhlw.go.jp/znk-web/juminkanja/S2430/initialize?prefCd=22&kikanCd=7220701070&kikanKbn=5", "url2": "http://www.kyorindo.co.jp", "内容": "杏林堂薬局掛川葛ケ丘店【5:薬局】静岡県掛川市葛ケ丘３－３－１" }, "geometry": { "type": "Point", "coordinates": [ 138.028365, 34.78765 ] } },
{ "type": "Feature", "properties": { "ID": "2257220701080", "正式名称": "くじら薬局", "機関区分": 5, "都道府県コード": 22, "市区町村コード": 213, "所在地": "静岡県掛川市青葉台２１番地１５号", "緯度": 34.770207, "経度": 138.031088, "url": "https://www.iryou.teikyouseido.mhlw.go.jp/znk-web/juminkanja/S2430/initialize?prefCd=22&kikanCd=7220701080&kikanKbn=5", "url2": null, "内容": "くじら薬局【5:薬局】静岡県掛川市青葉台２１番地１５号" }, "geometry": { "type": "Point", "coordinates": [ 138.031088, 34.770207 ] } },
{ "type": "Feature", "properties": { "ID": "2257220701090", "正式名称": "健康第一薬局", "機関区分": 5, "都道府県コード": 22, "市区町村コード": 213, "所在地": "静岡県掛川市下俣５４－１", "緯度": 34.775234, "経度": 138.002201, "url": "https://www.iryou.teikyouseido.mhlw.go.jp/znk-web/juminkanja/S2430/initialize?prefCd=22&kikanCd=7220701090&kikanKbn=5", "url2": "https://kenko-dai1.jp/", "内容": "健康第一薬局【5:薬局】静岡県掛川市下俣５４－１" }, "geometry": { "type": "Point", "coordinates": [ 138.002201, 34.775234 ] } },
{ "type": "Feature", "properties": { "ID": "2257220701100", "正式名称": "こぶた薬局宮脇", "機関区分": 5, "都道府県コード": 22, "市区町村コード": 213, "所在地": "静岡県掛川市宮脇２丁目１１番地の２６", "緯度": 34.781289, "経度": 138.027699, "url": "https://www.iryou.teikyouseido.mhlw.go.jp/znk-web/juminkanja/S2430/initialize?prefCd=22&kikanCd=7220701100&kikanKbn=5", "url2": "http://www.myph.jp/ogasa_kobuta/pc/", "内容": "こぶた薬局宮脇【5:薬局】静岡県掛川市宮脇２丁目１１番地の２６" }, "geometry": { "type": "Point", "coordinates": [ 138.027699, 34.781289 ] } },
{ "type": "Feature", "properties": { "ID": "2257220701120", "正式名称": "大正薬局新横須賀店", "機関区分": 5, "都道府県コード": 22, "市区町村コード": 213, "所在地": "静岡県掛川市横須賀１４３１", "緯度": 34.681466, "経度": 137.978791, "url": "https://www.iryou.teikyouseido.mhlw.go.jp/znk-web/juminkanja/S2430/initialize?prefCd=22&kikanCd=7220701120&kikanKbn=5", "url2": null, "内容": "大正薬局新横須賀店【5:薬局】静岡県掛川市横須賀１４３１" }, "geometry": { "type": "Point", "coordinates": [ 137.978791, 34.681466 ] } },
{ "type": "Feature", "properties": { "ID": "2257220701140", "正式名称": "つばさ薬局", "機関区分": 5, "都道府県コード": 22, "市区町村コード": 213, "所在地": "静岡県掛川市御所原２５－３", "緯度": 34.781345, "経度": 138.02031, "url": "https://www.iryou.teikyouseido.mhlw.go.jp/znk-web/juminkanja/S2430/initialize?prefCd=22&kikanCd=7220701140&kikanKbn=5", "url2": "http://www.tsubasa-pharmacy-kakegawa.com/", "内容": "つばさ薬局【5:薬局】静岡県掛川市御所原２５－３" }, "geometry": { "type": "Point", "coordinates": [ 138.02031, 34.781345 ] } },
{ "type": "Feature", "properties": { "ID": "2257220701180", "正式名称": "なのか薬局", "機関区分": 5, "都道府県コード": 22, "市区町村コード": 213, "所在地": "静岡県掛川市七日町５９", "緯度": 34.779845, "経度": 138.004451, "url": "https://www.iryou.teikyouseido.mhlw.go.jp/znk-web/juminkanja/S2430/initialize?prefCd=22&kikanCd=7220701180&kikanKbn=5", "url2": "https://www.among.co.jp/", "内容": "なのか薬局【5:薬局】静岡県掛川市七日町５９" }, "geometry": { "type": "Point", "coordinates": [ 138.004451, 34.779845 ] } },
{ "type": "Feature", "properties": { "ID": "2257220701210", "正式名称": "はーと薬局", "機関区分": 5, "都道府県コード": 22, "市区町村コード": 213, "所在地": "静岡県掛川市大池９５０－１", "緯度": 34.772512, "経度": 137.995924, "url": "https://www.iryou.teikyouseido.mhlw.go.jp/znk-web/juminkanja/S2430/initialize?prefCd=22&kikanCd=7220701210&kikanKbn=5", "url2": "http://www.haiyaku.co.jp", "内容": "はーと薬局【5:薬局】静岡県掛川市大池９５０－１" }, "geometry": { "type": "Point", "coordinates": [ 137.995924, 34.772512 ] } },
{ "type": "Feature", "properties": { "ID": "2257220701250", "正式名称": "フラワー薬局下俣店", "機関区分": 5, "都道府県コード": 22, "市区町村コード": 213, "所在地": "静岡県掛川市下俣１０１５－２２", "緯度": 34.773123, "経度": 138.002951, "url": "https://www.iryou.teikyouseido.mhlw.go.jp/znk-web/juminkanja/S2430/initialize?prefCd=22&kikanCd=7220701250&kikanKbn=5", "url2": "http://www.flower-group.co.jp", "内容": "フラワー薬局下俣店【5:薬局】静岡県掛川市下俣１０１５－２２" }, "geometry": { "type": "Point", "coordinates": [ 138.002951, 34.773123 ] } },
{ "type": "Feature", "properties": { "ID": "2257220701260", "正式名称": "フラワー薬局成滝店", "機関区分": 5, "都道府県コード": 22, "市区町村コード": 213, "所在地": "静岡県掛川市成滝５１３", "緯度": 34.77829, "経度": 138.034032, "url": "https://www.iryou.teikyouseido.mhlw.go.jp/znk-web/juminkanja/S2430/initialize?prefCd=22&kikanCd=7220701260&kikanKbn=5", "url2": "http://www.flower-group.co.jp", "内容": "フラワー薬局成滝店【5:薬局】静岡県掛川市成滝５１３" }, "geometry": { "type": "Point", "coordinates": [ 138.034032, 34.77829 ] } },
{ "type": "Feature", "properties": { "ID": "2257220701270", "正式名称": "前田薬局", "機関区分": 5, "都道府県コード": 22, "市区町村コード": 213, "所在地": "静岡県掛川市和田９８－１", "緯度": 34.748099, "経度": 138.037894, "url": "https://www.iryou.teikyouseido.mhlw.go.jp/znk-web/juminkanja/S2430/initialize?prefCd=22&kikanCd=7220701270&kikanKbn=5", "url2": null, "内容": "前田薬局【5:薬局】静岡県掛川市和田９８－１" }, "geometry": { "type": "Point", "coordinates": [ 138.037894, 34.748099 ] } },
{ "type": "Feature", "properties": { "ID": "2257220701280", "正式名称": "まごころ薬局家代店", "機関区分": 5, "都道府県コード": 22, "市区町村コード": 213, "所在地": "静岡県掛川市家代の里２－１－４", "緯度": 34.789121, "経度": 137.97798, "url": "https://www.iryou.teikyouseido.mhlw.go.jp/znk-web/juminkanja/S2430/initialize?prefCd=22&kikanCd=7220701280&kikanKbn=5", "url2": "http://www.myph.jp/longlife/", "内容": "まごころ薬局家代店【5:薬局】静岡県掛川市家代の里２－１－４" }, "geometry": { "type": "Point", "coordinates": [ 137.97798, 34.789121 ] } },
{ "type": "Feature", "properties": { "ID": "2257220701290", "正式名称": "まごころ薬局桜木店", "機関区分": 5, "都道府県コード": 22, "市区町村コード": 213, "所在地": "静岡県掛川市富部６５０－３８", "緯度": 34.778066, "経度": 137.976314, "url": "https://www.iryou.teikyouseido.mhlw.go.jp/znk-web/juminkanja/S2430/initialize?prefCd=22&kikanCd=7220701290&kikanKbn=5", "url2": "http://www.longlife-ph.com/", "内容": "まごころ薬局桜木店【5:薬局】静岡県掛川市富部６５０－３８" }, "geometry": { "type": "Point", "coordinates": [ 137.976314, 34.778066 ] } },
{ "type": "Feature", "properties": { "ID": "2257220701310", "正式名称": "みんなの薬局", "機関区分": 5, "都道府県コード": 22, "市区町村コード": 213, "所在地": "静岡県掛川市下垂木２１４１－１", "緯度": 34.77965, "経度": 137.978453, "url": "https://www.iryou.teikyouseido.mhlw.go.jp/znk-web/juminkanja/S2430/initialize?prefCd=22&kikanCd=7220701310&kikanKbn=5", "url2": "http://www.kenko-dai1.jp/", "内容": "みんなの薬局【5:薬局】静岡県掛川市下垂木２１４１－１" }, "geometry": { "type": "Point", "coordinates": [ 137.978453, 34.77965 ] } },
{ "type": "Feature", "properties": { "ID": "2257220701330", "正式名称": "有限会社小嶋薬局", "機関区分": 5, "都道府県コード": 22, "市区町村コード": 213, "所在地": "静岡県掛川市横須賀１４１３－５", "緯度": 34.681105, "経度": 137.980179, "url": "https://www.iryou.teikyouseido.mhlw.go.jp/znk-web/juminkanja/S2430/initialize?prefCd=22&kikanCd=7220701330&kikanKbn=5", "url2": null, "内容": "有限会社小嶋薬局【5:薬局】静岡県掛川市横須賀１４１３－５" }, "geometry": { "type": "Point", "coordinates": [ 137.980179, 34.681105 ] } },
{ "type": "Feature", "properties": { "ID": "2257220701340", "正式名称": "有限会社ハカマダ薬局", "機関区分": 5, "都道府県コード": 22, "市区町村コード": 213, "所在地": "静岡県掛川市塩町３－２", "緯度": 34.77204, "経度": 138.018478, "url": "https://www.iryou.teikyouseido.mhlw.go.jp/znk-web/juminkanja/S2430/initialize?prefCd=22&kikanCd=7220701340&kikanKbn=5", "url2": null, "内容": "有限会社ハカマダ薬局【5:薬局】静岡県掛川市塩町３－２" }, "geometry": { "type": "Point", "coordinates": [ 138.018478, 34.77204 ] } },
{ "type": "Feature", "properties": { "ID": "2257220701350", "正式名称": "有限会社横山薬局", "機関区分": 5, "都道府県コード": 22, "市区町村コード": 213, "所在地": "静岡県掛川市駅前４－３", "緯度": 34.770818, "経度": 138.015172, "url": "https://www.iryou.teikyouseido.mhlw.go.jp/znk-web/juminkanja/S2430/initialize?prefCd=22&kikanCd=7220701350&kikanKbn=5", "url2": null, "内容": "有限会社横山薬局【5:薬局】静岡県掛川市駅前４－３" }, "geometry": { "type": "Point", "coordinates": [ 138.015172, 34.770818 ] } },
{ "type": "Feature", "properties": { "ID": "2257220701370", "正式名称": "わたしの薬局", "機関区分": 5, "都道府県コード": 22, "市区町村コード": 213, "所在地": "静岡県掛川市下俣１０９０－５", "緯度": 34.771457, "経度": 138.00559, "url": "https://www.iryou.teikyouseido.mhlw.go.jp/znk-web/juminkanja/S2430/initialize?prefCd=22&kikanCd=7220701370&kikanKbn=5", "url2": "https://kenko-dai1.jp/", "内容": "わたしの薬局【5:薬局】静岡県掛川市下俣１０９０－５" }, "geometry": { "type": "Point", "coordinates": [ 138.00559, 34.771457 ] } },
{ "type": "Feature", "properties": { "ID": "2257220701380", "正式名称": "あおば薬局", "機関区分": 5, "都道府県コード": 22, "市区町村コード": 223, "所在地": "静岡県御前崎市宮内２６６－２５", "緯度": 34.638751, "経度": 138.161416, "url": "https://www.iryou.teikyouseido.mhlw.go.jp/znk-web/juminkanja/S2430/initialize?prefCd=22&kikanCd=7220701380&kikanKbn=5", "url2": "https://crephar.jp", "内容": "あおば薬局【5:薬局】静岡県御前崎市宮内２６６－２５" }, "geometry": { "type": "Point", "coordinates": [ 138.161416, 34.638751 ] } },
{ "type": "Feature", "properties": { "ID": "2257220701390", "正式名称": "オガワ薬局", "機関区分": 5, "都道府県コード": 22, "市区町村コード": 223, "所在地": "静岡県御前崎市池新田４１２７", "緯度": 34.643834, "経度": 138.131696, "url": "https://www.iryou.teikyouseido.mhlw.go.jp/znk-web/juminkanja/S2430/initialize?prefCd=22&kikanCd=7220701390&kikanKbn=5", "url2": "https://ogawa-yakkyoku.net", "内容": "オガワ薬局【5:薬局】静岡県御前崎市池新田４１２７" }, "geometry": { "type": "Point", "coordinates": [ 138.131696, 34.643834 ] } },
{ "type": "Feature", "properties": { "ID": "2257220701410", "正式名称": "杏林堂薬局浜岡店", "機関区分": 5, "都道府県コード": 22, "市区町村コード": 223, "所在地": "静岡県御前崎市池新田４３５９－１", "緯度": 34.63564, "経度": 138.130558, "url": "https://www.iryou.teikyouseido.mhlw.go.jp/znk-web/juminkanja/S2430/initialize?prefCd=22&kikanCd=7220701410&kikanKbn=5", "url2": "http://www.kyorindo.co.jp", "内容": "杏林堂薬局浜岡店【5:薬局】静岡県御前崎市池新田４３５９－１" }, "geometry": { "type": "Point", "coordinates": [ 138.130558, 34.63564 ] } },
{ "type": "Feature", "properties": { "ID": "2257220701430", "正式名称": "白羽薬局", "機関区分": 5, "都道府県コード": 22, "市区町村コード": 223, "所在地": "静岡県御前崎市白羽５９２２－１", "緯度": 34.610644, "経度": 138.201803, "url": "https://www.iryou.teikyouseido.mhlw.go.jp/znk-web/juminkanja/S2430/initialize?prefCd=22&kikanCd=7220701430&kikanKbn=5", "url2": "http://www.haiyaku.co.jp", "内容": "白羽薬局【5:薬局】静岡県御前崎市白羽５９２２－１" }, "geometry": { "type": "Point", "coordinates": [ 138.201803, 34.610644 ] } },
{ "type": "Feature", "properties": { "ID": "2257220701460", "正式名称": "なかはら薬局", "機関区分": 5, "都道府県コード": 22, "市区町村コード": 223, "所在地": "静岡県御前崎市白羽３７０６－１", "緯度": 34.610172, "経度": 138.195415, "url": "https://www.iryou.teikyouseido.mhlw.go.jp/znk-web/juminkanja/S2430/initialize?prefCd=22&kikanCd=7220701460&kikanKbn=5", "url2": null, "内容": "なかはら薬局【5:薬局】静岡県御前崎市白羽３７０６－１" }, "geometry": { "type": "Point", "coordinates": [ 138.195415, 34.610172 ] } },
{ "type": "Feature", "properties": { "ID": "2257220701470", "正式名称": "なかはら薬局浜岡店", "機関区分": 5, "都道府県コード": 22, "市区町村コード": 223, "所在地": "静岡県御前崎市門屋２０７３", "緯度": 34.650777, "経度": 138.113142, "url": "https://www.iryou.teikyouseido.mhlw.go.jp/znk-web/juminkanja/S2430/initialize?prefCd=22&kikanCd=7220701470&kikanKbn=5", "url2": "https://nakaharapharmacy.com", "内容": "なかはら薬局浜岡店【5:薬局】静岡県御前崎市門屋２０７３" }, "geometry": { "type": "Point", "coordinates": [ 138.113142, 34.650777 ] } },
{ "type": "Feature", "properties": { "ID": "2257220701500", "正式名称": "松尾薬局", "機関区分": 5, "都道府県コード": 22, "市区町村コード": 223, "所在地": "静岡県御前崎市御前崎５７－４８", "緯度": 34.600868, "経度": 138.218691, "url": "https://www.iryou.teikyouseido.mhlw.go.jp/znk-web/juminkanja/S2430/initialize?prefCd=22&kikanCd=7220701500&kikanKbn=5", "url2": null, "内容": "松尾薬局【5:薬局】静岡県御前崎市御前崎５７－４８" }, "geometry": { "type": "Point", "coordinates": [ 138.218691, 34.600868 ] } },
{ "type": "Feature", "properties": { "ID": "2257220701510", "正式名称": "あさひ薬局", "機関区分": 5, "都道府県コード": 22, "市区町村コード": 224, "所在地": "静岡県菊川市加茂６１９４", "緯度": 34.736795, "経度": 138.085779, "url": "https://www.iryou.teikyouseido.mhlw.go.jp/znk-web/juminkanja/S2430/initialize?prefCd=22&kikanCd=7220701510&kikanKbn=5", "url2": null, "内容": "あさひ薬局【5:薬局】静岡県菊川市加茂６１９４" }, "geometry": { "type": "Point", "coordinates": [ 138.085779, 34.736795 ] } },
{ "type": "Feature", "properties": { "ID": "2257220701530", "正式名称": "オレンジ薬局　菊川店", "機関区分": 5, "都道府県コード": 22, "市区町村コード": 224, "所在地": "静岡県菊川市加茂５１３５", "緯度": 34.744933, "経度": 138.08439, "url": "https://www.iryou.teikyouseido.mhlw.go.jp/znk-web/juminkanja/S2430/initialize?prefCd=22&kikanCd=7220701530&kikanKbn=5", "url2": "http://genkiorange.com", "内容": "オレンジ薬局　菊川店【5:薬局】静岡県菊川市加茂５１３５" }, "geometry": { "type": "Point", "coordinates": [ 138.08439, 34.744933 ] } },
{ "type": "Feature", "properties": { "ID": "2257220701550", "正式名称": "菊川みなみ薬局", "機関区分": 5, "都道府県コード": 22, "市区町村コード": 224, "所在地": "静岡県菊川市加茂５４３２", "緯度": 34.745516, "経度": 138.086779, "url": "https://www.iryou.teikyouseido.mhlw.go.jp/znk-web/juminkanja/S2430/initialize?prefCd=22&kikanCd=7220701550&kikanKbn=5", "url2": "http://www.kakegawa-chuoh.co.jp/", "内容": "菊川みなみ薬局【5:薬局】静岡県菊川市加茂５４３２" }, "geometry": { "type": "Point", "coordinates": [ 138.086779, 34.745516 ] } },
{ "type": "Feature", "properties": { "ID": "2257220701560", "正式名称": "杏林堂薬局菊川病院前店", "機関区分": 5, "都道府県コード": 22, "市区町村コード": 224, "所在地": "静岡県菊川市半済字深ヶ谷５４０－１", "緯度": 34.734629, "経度": 138.098389, "url": "https://www.iryou.teikyouseido.mhlw.go.jp/znk-web/juminkanja/S2430/initialize?prefCd=22&kikanCd=7220701560&kikanKbn=5", "url2": "http://www.kyorindo.co.jp", "内容": "杏林堂薬局菊川病院前店【5:薬局】静岡県菊川市半済字深ヶ谷５４０－１" }, "geometry": { "type": "Point", "coordinates": [ 138.098389, 34.734629 ] } },
{ "type": "Feature", "properties": { "ID": "2257220701580", "正式名称": "小西薬局かも店", "機関区分": 5, "都道府県コード": 22, "市区町村コード": 224, "所在地": "静岡県菊川市加茂５５０５", "緯度": 34.7456, "経度": 138.084751, "url": "https://www.iryou.teikyouseido.mhlw.go.jp/znk-web/juminkanja/S2430/initialize?prefCd=22&kikanCd=7220701580&kikanKbn=5", "url2": null, "内容": "小西薬局かも店【5:薬局】静岡県菊川市加茂５５０５" }, "geometry": { "type": "Point", "coordinates": [ 138.084751, 34.7456 ] } },
{ "type": "Feature", "properties": { "ID": "2257220701590", "正式名称": "小西薬局堀之内店", "機関区分": 5, "都道府県コード": 22, "市区町村コード": 224, "所在地": "静岡県菊川市堀之内１２８０", "緯度": 34.760237, "経度": 138.086, "url": "https://www.iryou.teikyouseido.mhlw.go.jp/znk-web/juminkanja/S2430/initialize?prefCd=22&kikanCd=7220701590&kikanKbn=5", "url2": null, "内容": "小西薬局堀之内店【5:薬局】静岡県菊川市堀之内１２８０" }, "geometry": { "type": "Point", "coordinates": [ 138.086, 34.760237 ] } },
{ "type": "Feature", "properties": { "ID": "2257220701620", "正式名称": "そうごう薬局菊川店", "機関区分": 5, "都道府県コード": 22, "市区町村コード": 224, "所在地": "静岡県菊川市加茂４９６９", "緯度": 34.747516, "経度": 138.083334, "url": "https://www.iryou.teikyouseido.mhlw.go.jp/znk-web/juminkanja/S2430/initialize?prefCd=22&kikanCd=7220701620&kikanKbn=5", "url2": "https://shop.sogo-pharmacy.jp/detail/193/", "内容": "そうごう薬局菊川店【5:薬局】静岡県菊川市加茂４９６９" }, "geometry": { "type": "Point", "coordinates": [ 138.083334, 34.747516 ] } },
{ "type": "Feature", "properties": { "ID": "2257220701640", "正式名称": "南山堂薬局小笠店", "機関区分": 5, "都道府県コード": 22, "市区町村コード": 224, "所在地": "静岡県菊川市下平川１５０７番地１", "緯度": 34.701854, "経度": 138.087364, "url": "https://www.iryou.teikyouseido.mhlw.go.jp/znk-web/juminkanja/S2430/initialize?prefCd=22&kikanCd=7220701640&kikanKbn=5", "url2": "http://www.nanzando.co.jp", "内容": "南山堂薬局小笠店【5:薬局】静岡県菊川市下平川１５０７番地１" }, "geometry": { "type": "Point", "coordinates": [ 138.087364, 34.701854 ] } },
{ "type": "Feature", "properties": { "ID": "2257220701650", "正式名称": "南山堂薬局平田店", "機関区分": 5, "都道府県コード": 22, "市区町村コード": 224, "所在地": "静岡県菊川市下平川１８３６－９", "緯度": 34.703893, "経度": 138.08834, "url": "https://www.iryou.teikyouseido.mhlw.go.jp/znk-web/juminkanja/S2430/initialize?prefCd=22&kikanCd=7220701650&kikanKbn=5", "url2": "http://nanzando.co.jp/", "内容": "南山堂薬局平田店【5:薬局】静岡県菊川市下平川１８３６－９" }, "geometry": { "type": "Point", "coordinates": [ 138.08834, 34.703893 ] } },
{ "type": "Feature", "properties": { "ID": "2257220701660", "正式名称": "新倉薬局", "機関区分": 5, "都道府県コード": 22, "市区町村コード": 224, "所在地": "静岡県菊川市堀之内４４３の４", "緯度": 34.760654, "経度": 138.087111, "url": "https://www.iryou.teikyouseido.mhlw.go.jp/znk-web/juminkanja/S2430/initialize?prefCd=22&kikanCd=7220701660&kikanKbn=5", "url2": null, "内容": "新倉薬局【5:薬局】静岡県菊川市堀之内４４３の４" }, "geometry": { "type": "Point", "coordinates": [ 138.087111, 34.760654 ] } },
{ "type": "Feature", "properties": { "ID": "2257220701680", "正式名称": "平和堂薬局", "機関区分": 5, "都道府県コード": 22, "市区町村コード": 224, "所在地": "静岡県菊川市本所１１０３番地", "緯度": 34.762126, "経度": 138.088944, "url": "https://www.iryou.teikyouseido.mhlw.go.jp/znk-web/juminkanja/S2430/initialize?prefCd=22&kikanCd=7220701680&kikanKbn=5", "url2": null, "内容": "平和堂薬局【5:薬局】静岡県菊川市本所１１０３番地" }, "geometry": { "type": "Point", "coordinates": [ 138.088944, 34.762126 ] } },
{ "type": "Feature", "properties": { "ID": "2257220701690", "正式名称": "みつばち薬局", "機関区分": 5, "都道府県コード": 22, "市区町村コード": 224, "所在地": "静岡県菊川市吉沢３３１－１", "緯度": 34.770459, "経度": 138.107526, "url": "https://www.iryou.teikyouseido.mhlw.go.jp/znk-web/juminkanja/S2430/initialize?prefCd=22&kikanCd=7220701690&kikanKbn=5", "url2": null, "内容": "みつばち薬局【5:薬局】静岡県菊川市吉沢３３１－１" }, "geometry": { "type": "Point", "coordinates": [ 138.107526, 34.770459 ] } },
{ "type": "Feature", "properties": { "ID": "2257220701730", "正式名称": "ラビィダ菊川薬局", "機関区分": 5, "都道府県コード": 22, "市区町村コード": 224, "所在地": "静岡県菊川市仲島１－１２－１４", "緯度": 34.757543, "経度": 138.093361, "url": "https://www.iryou.teikyouseido.mhlw.go.jp/znk-web/juminkanja/S2430/initialize?prefCd=22&kikanCd=7220701730&kikanKbn=5", "url2": null, "内容": "ラビィダ菊川薬局【5:薬局】静岡県菊川市仲島１－１２－１４" }, "geometry": { "type": "Point", "coordinates": [ 138.093361, 34.757543 ] } },
{ "type": "Feature", "properties": { "ID": "2257220701750", "正式名称": "（有）シライケンコードー薬局サンレイク２１", "機関区分": 5, "都道府県コード": 22, "市区町村コード": 221, "所在地": "静岡県湖西市古見９９７－１５", "緯度": 34.717787, "経度": 137.533631, "url": "https://www.iryou.teikyouseido.mhlw.go.jp/znk-web/juminkanja/S2430/initialize?prefCd=22&kikanCd=7220701750&kikanKbn=5", "url2": null, "内容": "（有）シライケンコードー薬局サンレイク２１【5:薬局】静岡県湖西市古見９９７－１５" }, "geometry": { "type": "Point", "coordinates": [ 137.533631, 34.717787 ] } },
{ "type": "Feature", "properties": { "ID": "2257220701780", "正式名称": "湖西グリーン薬局", "機関区分": 5, "都道府県コード": 22, "市区町村コード": 221, "所在地": "静岡県湖西市岡崎８８２－６", "緯度": 34.723564, "経度": 137.500884, "url": "https://www.iryou.teikyouseido.mhlw.go.jp/znk-web/juminkanja/S2430/initialize?prefCd=22&kikanCd=7220701780&kikanKbn=5", "url2": "http://www.myph.jp/animategreen/", "内容": "湖西グリーン薬局【5:薬局】静岡県湖西市岡崎８８２－６" }, "geometry": { "type": "Point", "coordinates": [ 137.500884, 34.723564 ] } },
{ "type": "Feature", "properties": { "ID": "2257220701810", "正式名称": "さかえ薬局", "機関区分": 5, "都道府県コード": 22, "市区町村コード": 221, "所在地": "静岡県湖西市鷲津７８０　さかえ薬局", "緯度": 34.71221, "経度": 137.543419, "url": "https://www.iryou.teikyouseido.mhlw.go.jp/znk-web/juminkanja/S2430/initialize?prefCd=22&kikanCd=7220701810&kikanKbn=5", "url2": null, "内容": "さかえ薬局【5:薬局】静岡県湖西市鷲津７８０　さかえ薬局" }, "geometry": { "type": "Point", "coordinates": [ 137.543419, 34.71221 ] } },
{ "type": "Feature", "properties": { "ID": "2257220701880", "正式名称": "鷲津薬局メディックス", "機関区分": 5, "都道府県コード": 22, "市区町村コード": 221, "所在地": "静岡県湖西市鷲津５１１４番地", "緯度": 34.71526, "経度": 137.54688, "url": "https://www.iryou.teikyouseido.mhlw.go.jp/znk-web/juminkanja/S2430/initialize?prefCd=22&kikanCd=7220701880&kikanKbn=5", "url2": null, "内容": "鷲津薬局メディックス【5:薬局】静岡県湖西市鷲津５１１４番地" }, "geometry": { "type": "Point", "coordinates": [ 137.54688, 34.71526 ] } },
{ "type": "Feature", "properties": { "ID": "2257220701890", "正式名称": "杏林堂薬局新居店", "機関区分": 5, "都道府県コード": 22, "市区町村コード": 221, "所在地": "静岡県湖西市新居町中之郷２６５４－１", "緯度": 34.70765, "経度": 137.550381, "url": "https://www.iryou.teikyouseido.mhlw.go.jp/znk-web/juminkanja/S2430/initialize?prefCd=22&kikanCd=7220701890&kikanKbn=5", "url2": "https://www.kyorindo.co.jp", "内容": "杏林堂薬局新居店【5:薬局】静岡県湖西市新居町中之郷２６５４－１" }, "geometry": { "type": "Point", "coordinates": [ 137.550381, 34.70765 ] } },
{ "type": "Feature", "properties": { "ID": "2257220701910", "正式名称": "有限会社大野薬局", "機関区分": 5, "都道府県コード": 22, "市区町村コード": 221, "所在地": "静岡県湖西市新居町新居３３５４－４", "緯度": 34.694151, "経度": 137.561714, "url": "https://www.iryou.teikyouseido.mhlw.go.jp/znk-web/juminkanja/S2430/initialize?prefCd=22&kikanCd=7220701910&kikanKbn=5", "url2": null, "内容": "有限会社大野薬局【5:薬局】静岡県湖西市新居町新居３３５４－４" }, "geometry": { "type": "Point", "coordinates": [ 137.561714, 34.694151 ] } },
{ "type": "Feature", "properties": { "ID": "2257220701920", "正式名称": "有限会社ひまわり薬局", "機関区分": 5, "都道府県コード": 22, "市区町村コード": 221, "所在地": "静岡県湖西市新居町内山２００７－１５", "緯度": 34.692791, "経度": 137.569741, "url": "https://www.iryou.teikyouseido.mhlw.go.jp/znk-web/juminkanja/S2430/initialize?prefCd=22&kikanCd=7220701920&kikanKbn=5", "url2": null, "内容": "有限会社ひまわり薬局【5:薬局】静岡県湖西市新居町内山２００７－１５" }, "geometry": { "type": "Point", "coordinates": [ 137.569741, 34.692791 ] } },
{ "type": "Feature", "properties": { "ID": "2257220701950", "正式名称": "南山堂薬局横須賀店", "機関区分": 5, "都道府県コード": 22, "市区町村コード": 213, "所在地": "静岡県掛川市横須賀１５０８－２", "緯度": 34.682921, "経度": 137.981304, "url": "https://www.iryou.teikyouseido.mhlw.go.jp/znk-web/juminkanja/S2430/initialize?prefCd=22&kikanCd=7220701950&kikanKbn=5", "url2": "http://www.nanzando.co.jp", "内容": "南山堂薬局横須賀店【5:薬局】静岡県掛川市横須賀１５０８－２" }, "geometry": { "type": "Point", "coordinates": [ 137.981304, 34.682921 ] } },
{ "type": "Feature", "properties": { "ID": "2257220701960", "正式名称": "ヘルシー薬局", "機関区分": 5, "都道府県コード": 22, "市区町村コード": 213, "所在地": "静岡県掛川市下俣南３丁目２番１５", "緯度": 34.761903, "経度": 138.000791, "url": "https://www.iryou.teikyouseido.mhlw.go.jp/znk-web/juminkanja/S2430/initialize?prefCd=22&kikanCd=7220701960&kikanKbn=5", "url2": "http://kenko-dai1.jp/", "内容": "ヘルシー薬局【5:薬局】静岡県掛川市下俣南３丁目２番１５" }, "geometry": { "type": "Point", "coordinates": [ 138.000791, 34.761903 ] } },
{ "type": "Feature", "properties": { "ID": "2257220701970", "正式名称": "ダリヤいわた薬局", "機関区分": 5, "都道府県コード": 22, "市区町村コード": 211, "所在地": "静岡県磐田市中泉６７１－４", "緯度": 34.707155, "経度": 137.851994, "url": "https://www.iryou.teikyouseido.mhlw.go.jp/znk-web/juminkanja/S2430/initialize?prefCd=22&kikanCd=7220701970&kikanKbn=5", "url2": "http://www.withs.co.jp/", "内容": "ダリヤいわた薬局【5:薬局】静岡県磐田市中泉６７１－４" }, "geometry": { "type": "Point", "coordinates": [ 137.851994, 34.707155 ] } },
{ "type": "Feature", "properties": { "ID": "2257220702000", "正式名称": "こぶた薬局　袋井", "機関区分": 5, "都道府県コード": 22, "市区町村コード": 216, "所在地": "静岡県袋井市泉町１－７－１５", "緯度": 34.752973, "経度": 137.917047, "url": "https://www.iryou.teikyouseido.mhlw.go.jp/znk-web/juminkanja/S2430/initialize?prefCd=22&kikanCd=7220702000&kikanKbn=5", "url2": null, "内容": "こぶた薬局　袋井【5:薬局】静岡県袋井市泉町１－７－１５" }, "geometry": { "type": "Point", "coordinates": [ 137.917047, 34.752973 ] } },
{ "type": "Feature", "properties": { "ID": "2257220702010", "正式名称": "クローバー薬局", "機関区分": 5, "都道府県コード": 22, "市区町村コード": 216, "所在地": "静岡県袋井市豊沢１２８９－１", "緯度": 34.73607, "経度": 137.942667, "url": "https://www.iryou.teikyouseido.mhlw.go.jp/znk-web/juminkanja/S2430/initialize?prefCd=22&kikanCd=7220702010&kikanKbn=5", "url2": null, "内容": "クローバー薬局【5:薬局】静岡県袋井市豊沢１２８９－１" }, "geometry": { "type": "Point", "coordinates": [ 137.942667, 34.73607 ] } },
{ "type": "Feature", "properties": { "ID": "2257220702030", "正式名称": "杉浦薬局", "機関区分": 5, "都道府県コード": 22, "市区町村コード": 213, "所在地": "静岡県掛川市中７９６－１", "緯度": 34.679363, "経度": 138.062923, "url": "https://www.iryou.teikyouseido.mhlw.go.jp/znk-web/juminkanja/S2430/initialize?prefCd=22&kikanCd=7220702030&kikanKbn=5", "url2": "https://sugiura-yakkyoku.net/", "内容": "杉浦薬局【5:薬局】静岡県掛川市中７９６－１" }, "geometry": { "type": "Point", "coordinates": [ 138.062923, 34.679363 ] } },
{ "type": "Feature", "properties": { "ID": "2257220702050", "正式名称": "新町薬局", "機関区分": 5, "都道府県コード": 22, "市区町村コード": 213, "所在地": "静岡県掛川市上張２６３－１１", "緯度": 34.77148, "経度": 138.023247, "url": "https://www.iryou.teikyouseido.mhlw.go.jp/znk-web/juminkanja/S2430/initialize?prefCd=22&kikanCd=7220702050&kikanKbn=5", "url2": null, "内容": "新町薬局【5:薬局】静岡県掛川市上張２６３－１１" }, "geometry": { "type": "Point", "coordinates": [ 138.023247, 34.77148 ] } },
{ "type": "Feature", "properties": { "ID": "2257220702070", "正式名称": "みかの薬局", "機関区分": 5, "都道府県コード": 22, "市区町村コード": 211, "所在地": "静岡県磐田市三ケ野台２２－８　アニバーサリー１０３", "緯度": 34.731931, "経度": 137.882185, "url": "https://www.iryou.teikyouseido.mhlw.go.jp/znk-web/juminkanja/S2430/initialize?prefCd=22&kikanCd=7220702070&kikanKbn=5", "url2": "http://www.e-classa.net/mp", "内容": "みかの薬局【5:薬局】静岡県磐田市三ケ野台２２－８　アニバーサリー１０３" }, "geometry": { "type": "Point", "coordinates": [ 137.882185, 34.731931 ] } },
{ "type": "Feature", "properties": { "ID": "2257220702080", "正式名称": "木の香薬局　見付店", "機関区分": 5, "都道府県コード": 22, "市区町村コード": 211, "所在地": "静岡県磐田市見付２６９０－３", "緯度": 34.726126, "経度": 137.858299, "url": "https://www.iryou.teikyouseido.mhlw.go.jp/znk-web/juminkanja/S2430/initialize?prefCd=22&kikanCd=7220702080&kikanKbn=5", "url2": null, "内容": "木の香薬局　見付店【5:薬局】静岡県磐田市見付２６９０－３" }, "geometry": { "type": "Point", "coordinates": [ 137.858299, 34.726126 ] } },
{ "type": "Feature", "properties": { "ID": "2257220702100", "正式名称": "ここち薬局", "機関区分": 5, "都道府県コード": 22, "市区町村コード": 213, "所在地": "静岡県掛川市長谷２丁目１４－１９", "緯度": 34.767025, "経度": 137.989863, "url": "https://www.iryou.teikyouseido.mhlw.go.jp/znk-web/juminkanja/S2430/initialize?prefCd=22&kikanCd=7220702100&kikanKbn=5", "url2": null, "内容": "ここち薬局【5:薬局】静岡県掛川市長谷２丁目１４－１９" }, "geometry": { "type": "Point", "coordinates": [ 137.989863, 34.767025 ] } },
{ "type": "Feature", "properties": { "ID": "2257220702110", "正式名称": "ファルコ薬局　湖西店", "機関区分": 5, "都道府県コード": 22, "市区町村コード": 221, "所在地": "静岡県湖西市鷲津３３１８－３", "緯度": 34.709648, "経度": 137.540522, "url": "https://www.iryou.teikyouseido.mhlw.go.jp/znk-web/juminkanja/S2430/initialize?prefCd=22&kikanCd=7220702110&kikanKbn=5", "url2": "http://www.falco-pharm.co.jp/", "内容": "ファルコ薬局　湖西店【5:薬局】静岡県湖西市鷲津３３１８－３" }, "geometry": { "type": "Point", "coordinates": [ 137.540522, 34.709648 ] } },
{ "type": "Feature", "properties": { "ID": "2257220702140", "正式名称": "上山梨薬局", "機関区分": 5, "都道府県コード": 22, "市区町村コード": 216, "所在地": "静岡県袋井市上山梨１－８－８", "緯度": 34.786603, "経度": 137.904994, "url": "https://www.iryou.teikyouseido.mhlw.go.jp/znk-web/juminkanja/S2430/initialize?prefCd=22&kikanCd=7220702140&kikanKbn=5", "url2": "https://www.among.co.jp/", "内容": "上山梨薬局【5:薬局】静岡県袋井市上山梨１－８－８" }, "geometry": { "type": "Point", "coordinates": [ 137.904994, 34.786603 ] } },
{ "type": "Feature", "properties": { "ID": "2257220702150", "正式名称": "アース薬局", "機関区分": 5, "都道府県コード": 22, "市区町村コード": 211, "所在地": "静岡県磐田市中泉１－４－２０", "緯度": 34.711238, "経度": 137.852752, "url": "https://www.iryou.teikyouseido.mhlw.go.jp/znk-web/juminkanja/S2430/initialize?prefCd=22&kikanCd=7220702150&kikanKbn=5", "url2": null, "内容": "アース薬局【5:薬局】静岡県磐田市中泉１－４－２０" }, "geometry": { "type": "Point", "coordinates": [ 137.852752, 34.711238 ] } },
{ "type": "Feature", "properties": { "ID": "2257220702160", "正式名称": "フラワー薬局本郷店", "機関区分": 5, "都道府県コード": 22, "市区町村コード": 213, "所在地": "静岡県掛川市本郷１９９－１", "緯度": 34.807396, "経度": 137.958592, "url": "https://www.iryou.teikyouseido.mhlw.go.jp/znk-web/juminkanja/S2430/initialize?prefCd=22&kikanCd=7220702160&kikanKbn=5", "url2": "http://flower-group.co.jp", "内容": "フラワー薬局本郷店【5:薬局】静岡県掛川市本郷１９９－１" }, "geometry": { "type": "Point", "coordinates": [ 137.958592, 34.807396 ] } },
{ "type": "Feature", "properties": { "ID": "2257220702170", "正式名称": "立野薬局", "機関区分": 5, "都道府県コード": 22, "市区町村コード": 211, "所在地": "静岡県磐田市立野２０１３－１０", "緯度": 34.716265, "経度": 137.819552, "url": "https://www.iryou.teikyouseido.mhlw.go.jp/znk-web/juminkanja/S2430/initialize?prefCd=22&kikanCd=7220702170&kikanKbn=5", "url2": "https://www.forall-inc.com/", "内容": "立野薬局【5:薬局】静岡県磐田市立野２０１３－１０" }, "geometry": { "type": "Point", "coordinates": [ 137.819552, 34.716265 ] } },
{ "type": "Feature", "properties": { "ID": "2257220702180", "正式名称": "みらい薬局", "機関区分": 5, "都道府県コード": 22, "市区町村コード": 211, "所在地": "静岡県磐田市大久保５４４－１９", "緯度": 34.766612, "経度": 137.857502, "url": "https://www.iryou.teikyouseido.mhlw.go.jp/znk-web/juminkanja/S2430/initialize?prefCd=22&kikanCd=7220702180&kikanKbn=5", "url2": "http://msraise.com", "内容": "みらい薬局【5:薬局】静岡県磐田市大久保５４４－１９" }, "geometry": { "type": "Point", "coordinates": [ 137.857502, 34.766612 ] } },
{ "type": "Feature", "properties": { "ID": "2257220702200", "正式名称": "千手堂薬局", "機関区分": 5, "都道府県コード": 22, "市区町村コード": 211, "所在地": "静岡県磐田市千手堂９４８", "緯度": 34.690268, "経度": 137.842024, "url": "https://www.iryou.teikyouseido.mhlw.go.jp/znk-web/juminkanja/S2430/initialize?prefCd=22&kikanCd=7220702200&kikanKbn=5", "url2": null, "内容": "千手堂薬局【5:薬局】静岡県磐田市千手堂９４８" }, "geometry": { "type": "Point", "coordinates": [ 137.842024, 34.690268 ] } },
{ "type": "Feature", "properties": { "ID": "2257220702210", "正式名称": "旭ヶ丘薬局", "機関区分": 5, "都道府県コード": 22, "市区町村コード": 211, "所在地": "静岡県磐田市国府台５５－１", "緯度": 34.721622, "経度": 137.849571, "url": "https://www.iryou.teikyouseido.mhlw.go.jp/znk-web/juminkanja/S2430/initialize?prefCd=22&kikanCd=7220702210&kikanKbn=5", "url2": null, "内容": "旭ヶ丘薬局【5:薬局】静岡県磐田市国府台５５－１" }, "geometry": { "type": "Point", "coordinates": [ 137.849571, 34.721622 ] } },
{ "type": "Feature", "properties": { "ID": "2257220702220", "正式名称": "グッド薬局国府台店", "機関区分": 5, "都道府県コード": 22, "市区町村コード": 211, "所在地": "静岡県磐田市国府台１００番７", "緯度": 34.717571, "経度": 137.845939, "url": "https://www.iryou.teikyouseido.mhlw.go.jp/znk-web/juminkanja/S2430/initialize?prefCd=22&kikanCd=7220702220&kikanKbn=5", "url2": null, "内容": "グッド薬局国府台店【5:薬局】静岡県磐田市国府台１００番７" }, "geometry": { "type": "Point", "coordinates": [ 137.845939, 34.717571 ] } },
{ "type": "Feature", "properties": { "ID": "2257220702230", "正式名称": "まごころ薬局　菊川店", "機関区分": 5, "都道府県コード": 22, "市区町村コード": 224, "所在地": "静岡県菊川市加茂５０９５－２", "緯度": 34.745211, "経度": 138.082723, "url": "https://www.iryou.teikyouseido.mhlw.go.jp/znk-web/juminkanja/S2430/initialize?prefCd=22&kikanCd=7220702230&kikanKbn=5", "url2": "http://www.longlife-ph.com/", "内容": "まごころ薬局　菊川店【5:薬局】静岡県菊川市加茂５０９５－２" }, "geometry": { "type": "Point", "coordinates": [ 138.082723, 34.745211 ] } },
{ "type": "Feature", "properties": { "ID": "2257220702240", "正式名称": "かものはし薬局", "機関区分": 5, "都道府県コード": 22, "市区町村コード": 224, "所在地": "静岡県菊川市加茂６６８－２", "緯度": 34.745683, "経度": 138.080474, "url": "https://www.iryou.teikyouseido.mhlw.go.jp/znk-web/juminkanja/S2430/initialize?prefCd=22&kikanCd=7220702240&kikanKbn=5", "url2": "https://www.yamamoto-ph.com/user.html#shoplist", "内容": "かものはし薬局【5:薬局】静岡県菊川市加茂６６８－２" }, "geometry": { "type": "Point", "coordinates": [ 138.080474, 34.745683 ] } },
{ "type": "Feature", "properties": { "ID": "2257220702260", "正式名称": "エール薬局　立野店", "機関区分": 5, "都道府県コード": 22, "市区町村コード": 211, "所在地": "静岡県磐田市立野５０６－１", "緯度": 34.714209, "経度": 137.816914, "url": "https://www.iryou.teikyouseido.mhlw.go.jp/znk-web/juminkanja/S2430/initialize?prefCd=22&kikanCd=7220702260&kikanKbn=5", "url2": "https://www.forall-inc.com/store#ttl-navi02", "内容": "エール薬局　立野店【5:薬局】静岡県磐田市立野５０６－１" }, "geometry": { "type": "Point", "coordinates": [ 137.816914, 34.714209 ] } },
{ "type": "Feature", "properties": { "ID": "2257220702280", "正式名称": "このみ薬局掛川店", "機関区分": 5, "都道府県コード": 22, "市区町村コード": 213, "所在地": "静岡県掛川市中央１丁目１３－１３", "緯度": 34.769711, "経度": 138.012089, "url": "https://www.iryou.teikyouseido.mhlw.go.jp/znk-web/juminkanja/S2430/initialize?prefCd=22&kikanCd=7220702280&kikanKbn=5", "url2": "http://jyo-bu.co.jp/", "内容": "このみ薬局掛川店【5:薬局】静岡県掛川市中央１丁目１３－１３" }, "geometry": { "type": "Point", "coordinates": [ 138.012089, 34.769711 ] } },
{ "type": "Feature", "properties": { "ID": "2257220702300", "正式名称": "とつか薬局", "機関区分": 5, "都道府県コード": 22, "市区町村コード": 211, "所在地": "静岡県磐田市堀之内１４００－３", "緯度": 34.688519, "経度": 137.810179, "url": "https://www.iryou.teikyouseido.mhlw.go.jp/znk-web/juminkanja/S2430/initialize?prefCd=22&kikanCd=7220702300&kikanKbn=5", "url2": null, "内容": "とつか薬局【5:薬局】静岡県磐田市堀之内１４００－３" }, "geometry": { "type": "Point", "coordinates": [ 137.810179, 34.688519 ] } },
{ "type": "Feature", "properties": { "ID": "2257220702310", "正式名称": "しらびょうし薬局", "機関区分": 5, "都道府県コード": 22, "市区町村コード": 211, "所在地": "静岡県磐田市白拍子５８－６", "緯度": 34.691212, "経度": 137.830414, "url": "https://www.iryou.teikyouseido.mhlw.go.jp/znk-web/juminkanja/S2430/initialize?prefCd=22&kikanCd=7220702310&kikanKbn=5", "url2": "https://carell.co.jp/store-shirabyoushi/", "内容": "しらびょうし薬局【5:薬局】静岡県磐田市白拍子５８－６" }, "geometry": { "type": "Point", "coordinates": [ 137.830414, 34.691212 ] } },
{ "type": "Feature", "properties": { "ID": "2257220702320", "正式名称": "レオ薬局豊田店", "機関区分": 5, "都道府県コード": 22, "市区町村コード": 211, "所在地": "静岡県磐田市弥藤太島５４０－１", "緯度": 34.725029, "経度": 137.823188, "url": "https://www.iryou.teikyouseido.mhlw.go.jp/znk-web/juminkanja/S2430/initialize?prefCd=22&kikanCd=7220702320&kikanKbn=5", "url2": null, "内容": "レオ薬局豊田店【5:薬局】静岡県磐田市弥藤太島５４０－１" }, "geometry": { "type": "Point", "coordinates": [ 137.823188, 34.725029 ] } },
{ "type": "Feature", "properties": { "ID": "2257220702340", "正式名称": "うやま薬局", "機関区分": 5, "都道府県コード": 22, "市区町村コード": 213, "所在地": "静岡県掛川市千浜５９３２－２", "緯度": 34.658205, "経度": 138.076956, "url": "https://www.iryou.teikyouseido.mhlw.go.jp/znk-web/juminkanja/S2430/initialize?prefCd=22&kikanCd=7220702340&kikanKbn=5", "url2": null, "内容": "うやま薬局【5:薬局】静岡県掛川市千浜５９３２－２" }, "geometry": { "type": "Point", "coordinates": [ 138.076956, 34.658205 ] } },
{ "type": "Feature", "properties": { "ID": "2257220702360", "正式名称": "おおぞら薬局　掛川店", "機関区分": 5, "都道府県コード": 22, "市区町村コード": 213, "所在地": "静岡県掛川市大池字九ノ坪６４５－１", "緯度": 34.774809, "経度": 137.987338, "url": "https://www.iryou.teikyouseido.mhlw.go.jp/znk-web/juminkanja/S2430/initialize?prefCd=22&kikanCd=7220702360&kikanKbn=5", "url2": "https://oozora-group.jp/", "内容": "おおぞら薬局　掛川店【5:薬局】静岡県掛川市大池字九ノ坪６４５－１" }, "geometry": { "type": "Point", "coordinates": [ 137.987338, 34.774809 ] } },
{ "type": "Feature", "properties": { "ID": "2257220702370", "正式名称": "有限会社国府台薬局", "機関区分": 5, "都道府県コード": 22, "市区町村コード": 211, "所在地": "静岡県磐田市国府台９４－３", "緯度": 34.71925, "経度": 137.846294, "url": "https://www.iryou.teikyouseido.mhlw.go.jp/znk-web/juminkanja/S2430/initialize?prefCd=22&kikanCd=7220702370&kikanKbn=5", "url2": "https://kounodai.co.jp/", "内容": "有限会社国府台薬局【5:薬局】静岡県磐田市国府台９４－３" }, "geometry": { "type": "Point", "coordinates": [ 137.846294, 34.71925 ] } },
{ "type": "Feature", "properties": { "ID": "2257220702390", "正式名称": "川崎屋森川薬局笠原店", "機関区分": 5, "都道府県コード": 22, "市区町村コード": 216, "所在地": "静岡県袋井市岡崎２３９１", "緯度": 34.701469, "経度": 137.950733, "url": "https://www.iryou.teikyouseido.mhlw.go.jp/znk-web/juminkanja/S2430/initialize?prefCd=22&kikanCd=7220702390&kikanKbn=5", "url2": null, "内容": "川崎屋森川薬局笠原店【5:薬局】静岡県袋井市岡崎２３９１" }, "geometry": { "type": "Point", "coordinates": [ 137.950733, 34.701469 ] } },
{ "type": "Feature", "properties": { "ID": "2257220702430", "正式名称": "南山堂薬局　掛川本店", "機関区分": 5, "都道府県コード": 22, "市区町村コード": 213, "所在地": "静岡県掛川市長谷１３６３－１", "緯度": 34.758492, "経度": 137.996143, "url": "https://www.iryou.teikyouseido.mhlw.go.jp/znk-web/juminkanja/S2430/initialize?prefCd=22&kikanCd=7220702430&kikanKbn=5", "url2": "http://www.nanzando.co.jp/", "内容": "南山堂薬局　掛川本店【5:薬局】静岡県掛川市長谷１３６３－１" }, "geometry": { "type": "Point", "coordinates": [ 137.996143, 34.758492 ] } },
{ "type": "Feature", "properties": { "ID": "2257220702440", "正式名称": "中東遠センター薬局", "機関区分": 5, "都道府県コード": 22, "市区町村コード": 213, "所在地": "静岡県掛川市菖蒲ヶ池１０７", "緯度": 34.758022, "経度": 138.000263, "url": "https://www.iryou.teikyouseido.mhlw.go.jp/znk-web/juminkanja/S2430/initialize?prefCd=22&kikanCd=7220702440&kikanKbn=5", "url2": null, "内容": "中東遠センター薬局【5:薬局】静岡県掛川市菖蒲ヶ池１０７" }, "geometry": { "type": "Point", "coordinates": [ 138.000263, 34.758022 ] } },
{ "type": "Feature", "properties": { "ID": "2257220702450", "正式名称": "さんさん薬局", "機関区分": 5, "都道府県コード": 22, "市区町村コード": 221, "所在地": "静岡県湖西市新居町新居４８８－１", "緯度": 34.689791, "経度": 137.573518, "url": "https://www.iryou.teikyouseido.mhlw.go.jp/znk-web/juminkanja/S2430/initialize?prefCd=22&kikanCd=7220702450&kikanKbn=5", "url2": "http://www.msraise.com", "内容": "さんさん薬局【5:薬局】静岡県湖西市新居町新居４８８－１" }, "geometry": { "type": "Point", "coordinates": [ 137.573518, 34.689791 ] } },
{ "type": "Feature", "properties": { "ID": "2257220702460", "正式名称": "杏林堂薬局　掛川花鳥園前店", "機関区分": 5, "都道府県コード": 22, "市区町村コード": 213, "所在地": "静岡県掛川市南西郷４２４－１", "緯度": 34.762347, "経度": 138.017423, "url": "https://www.iryou.teikyouseido.mhlw.go.jp/znk-web/juminkanja/S2430/initialize?prefCd=22&kikanCd=7220702460&kikanKbn=5", "url2": "http://www.kyorindo.co.jp", "内容": "杏林堂薬局　掛川花鳥園前店【5:薬局】静岡県掛川市南西郷４２４－１" }, "geometry": { "type": "Point", "coordinates": [ 138.017423, 34.762347 ] } },
{ "type": "Feature", "properties": { "ID": "2257220702470", "正式名称": "ファミリードラッグシーズ薬局　鷲津店", "機関区分": 5, "都道府県コード": 22, "市区町村コード": 221, "所在地": "静岡県湖西市鷲津１１４４－１", "緯度": 34.71251, "経度": 137.547047, "url": "https://www.iryou.teikyouseido.mhlw.go.jp/znk-web/juminkanja/S2430/initialize?prefCd=22&kikanCd=7220702470&kikanKbn=5", "url2": "http://www.cocokarafine.co.jp", "内容": "ファミリードラッグシーズ薬局　鷲津店【5:薬局】静岡県湖西市鷲津１１４４－１" }, "geometry": { "type": "Point", "coordinates": [ 137.547047, 34.71251 ] } },
{ "type": "Feature", "properties": { "ID": "2257220702480", "正式名称": "このみ薬局　掛川インター店", "機関区分": 5, "都道府県コード": 22, "市区町村コード": 213, "所在地": "静岡県掛川市矢崎町３－７", "緯度": 34.762402, "経度": 138.022144, "url": "https://www.iryou.teikyouseido.mhlw.go.jp/znk-web/juminkanja/S2430/initialize?prefCd=22&kikanCd=7220702480&kikanKbn=5", "url2": "https://jyo-bu.co.jp/", "内容": "このみ薬局　掛川インター店【5:薬局】静岡県掛川市矢崎町３－７" }, "geometry": { "type": "Point", "coordinates": [ 138.022144, 34.762402 ] } },
{ "type": "Feature", "properties": { "ID": "2257220702520", "正式名称": "杏林堂薬局　西貝塚店", "機関区分": 5, "都道府県コード": 22, "市区町村コード": 211, "所在地": "静岡県磐田市西貝塚３０２５－１", "緯度": 34.719344, "経度": 137.873196, "url": "https://www.iryou.teikyouseido.mhlw.go.jp/znk-web/juminkanja/S2430/initialize?prefCd=22&kikanCd=7220702520&kikanKbn=5", "url2": "http://www.kyorindo.co.jp", "内容": "杏林堂薬局　西貝塚店【5:薬局】静岡県磐田市西貝塚３０２５－１" }, "geometry": { "type": "Point", "coordinates": [ 137.873196, 34.719344 ] } },
{ "type": "Feature", "properties": { "ID": "2257220702530", "正式名称": "大誠堂薬局", "機関区分": 5, "都道府県コード": 22, "市区町村コード": 211, "所在地": "静岡県磐田市福田１６９８", "緯度": 34.679187, "経度": 137.881985, "url": "https://www.iryou.teikyouseido.mhlw.go.jp/znk-web/juminkanja/S2430/initialize?prefCd=22&kikanCd=7220702530&kikanKbn=5", "url2": "http://www.shizenyaku-taiseidou.com", "内容": "大誠堂薬局【5:薬局】静岡県磐田市福田１６９８" }, "geometry": { "type": "Point", "coordinates": [ 137.881985, 34.679187 ] } },
{ "type": "Feature", "properties": { "ID": "2257220702550", "正式名称": "あいあい薬局", "機関区分": 5, "都道府県コード": 22, "市区町村コード": 221, "所在地": "静岡県湖西市鷲津３１４３－２", "緯度": 34.709886, "経度": 137.555753, "url": "https://www.iryou.teikyouseido.mhlw.go.jp/znk-web/juminkanja/S2430/initialize?prefCd=22&kikanCd=7220702550&kikanKbn=5", "url2": "http://msraise.com/", "内容": "あいあい薬局【5:薬局】静岡県湖西市鷲津３１４３－２" }, "geometry": { "type": "Point", "coordinates": [ 137.555753, 34.709886 ] } },
{ "type": "Feature", "properties": { "ID": "2257220702570", "正式名称": "みやわき薬局", "機関区分": 5, "都道府県コード": 22, "市区町村コード": 213, "所在地": "静岡県掛川市宮脇２丁目１１－３", "緯度": 34.782749, "経度": 138.027948, "url": "https://www.iryou.teikyouseido.mhlw.go.jp/znk-web/juminkanja/S2430/initialize?prefCd=22&kikanCd=7220702570&kikanKbn=5", "url2": null, "内容": "みやわき薬局【5:薬局】静岡県掛川市宮脇２丁目１１－３" }, "geometry": { "type": "Point", "coordinates": [ 138.027948, 34.782749 ] } },
{ "type": "Feature", "properties": { "ID": "2257220702580", "正式名称": "まるや薬局　久能店", "機関区分": 5, "都道府県コード": 22, "市区町村コード": 216, "所在地": "静岡県袋井市久能２５１２－２", "緯度": 34.768485, "経度": 137.918144, "url": "https://www.iryou.teikyouseido.mhlw.go.jp/znk-web/juminkanja/S2430/initialize?prefCd=22&kikanCd=7220702580&kikanKbn=5", "url2": null, "内容": "まるや薬局　久能店【5:薬局】静岡県袋井市久能２５１２－２" }, "geometry": { "type": "Point", "coordinates": [ 137.918144, 34.768485 ] } },
{ "type": "Feature", "properties": { "ID": "2257220702600", "正式名称": "しろにし　薬局", "機関区分": 5, "都道府県コード": 22, "市区町村コード": 213, "所在地": "静岡県掛川市城西２丁目１０－１１", "緯度": 34.776463, "経度": 138.003456, "url": "https://www.iryou.teikyouseido.mhlw.go.jp/znk-web/juminkanja/S2430/initialize?prefCd=22&kikanCd=7220702600&kikanKbn=5", "url2": "https://kenko-dai1.jp/", "内容": "しろにし　薬局【5:薬局】静岡県掛川市城西２丁目１０－１１" }, "geometry": { "type": "Point", "coordinates": [ 138.003456, 34.776463 ] } },
{ "type": "Feature", "properties": { "ID": "2257220702610", "正式名称": "みつけ薬局", "機関区分": 5, "都道府県コード": 22, "市区町村コード": 211, "所在地": "静岡県磐田市見付２３４９－６", "緯度": 34.724567, "経度": 137.855091, "url": "https://www.iryou.teikyouseido.mhlw.go.jp/znk-web/juminkanja/S2430/initialize?prefCd=22&kikanCd=7220702610&kikanKbn=5", "url2": "https://carell.co.jp/store-mitsuke/", "内容": "みつけ薬局【5:薬局】静岡県磐田市見付２３４９－６" }, "geometry": { "type": "Point", "coordinates": [ 137.855091, 34.724567 ] } },
{ "type": "Feature", "properties": { "ID": "2257220702620", "正式名称": "ふくふく薬局", "機関区分": 5, "都道府県コード": 22, "市区町村コード": 211, "所在地": "静岡県磐田市福田中島２３６－２", "緯度": 34.675576, "経度": 137.872925, "url": "https://www.iryou.teikyouseido.mhlw.go.jp/znk-web/juminkanja/S2430/initialize?prefCd=22&kikanCd=7220702620&kikanKbn=5", "url2": "http://msraise.com/", "内容": "ふくふく薬局【5:薬局】静岡県磐田市福田中島２３６－２" }, "geometry": { "type": "Point", "coordinates": [ 137.872925, 34.675576 ] } },
{ "type": "Feature", "properties": { "ID": "2257220702630", "正式名称": "さくら薬局", "機関区分": 5, "都道府県コード": 22, "市区町村コード": 223, "所在地": "静岡県御前崎市佐倉１２８４－１", "緯度": 34.631277, "経度": 138.155791, "url": "https://www.iryou.teikyouseido.mhlw.go.jp/znk-web/juminkanja/S2430/initialize?prefCd=22&kikanCd=7220702630&kikanKbn=5", "url2": null, "内容": "さくら薬局【5:薬局】静岡県御前崎市佐倉１２８４－１" }, "geometry": { "type": "Point", "coordinates": [ 138.155791, 34.631277 ] } },
{ "type": "Feature", "properties": { "ID": "2257220702640", "正式名称": "スギ薬局袋井堀越店", "機関区分": 5, "都道府県コード": 22, "市区町村コード": 216, "所在地": "静岡県袋井市堀越３－１０－１", "緯度": 34.755747, "経度": 137.909025, "url": "https://www.iryou.teikyouseido.mhlw.go.jp/znk-web/juminkanja/S2430/initialize?prefCd=22&kikanCd=7220702640&kikanKbn=5", "url2": "http://www.drug-sugi.co.jp/", "内容": "スギ薬局袋井堀越店【5:薬局】静岡県袋井市堀越３－１０－１" }, "geometry": { "type": "Point", "coordinates": [ 137.909025, 34.755747 ] } },
{ "type": "Feature", "properties": { "ID": "2257220702660", "正式名称": "ウエルシア薬局袋井諸井店", "機関区分": 5, "都道府県コード": 22, "市区町村コード": 216, "所在地": "静岡県袋井市諸井９２３", "緯度": 34.725026, "経度": 137.920005, "url": "https://www.iryou.teikyouseido.mhlw.go.jp/znk-web/juminkanja/S2430/initialize?prefCd=22&kikanCd=7220702660&kikanKbn=5", "url2": "http://www.welcia-yakkyoku.co.jp/", "内容": "ウエルシア薬局袋井諸井店【5:薬局】静岡県袋井市諸井９２３" }, "geometry": { "type": "Point", "coordinates": [ 137.920005, 34.725026 ] } },
{ "type": "Feature", "properties": { "ID": "2257220702670", "正式名称": "ウエルシア薬局　湖西新所原店", "機関区分": 5, "都道府県コード": 22, "市区町村コード": 221, "所在地": "静岡県湖西市駅南４丁目４－２４", "緯度": 34.72033, "経度": 137.482791, "url": "https://www.iryou.teikyouseido.mhlw.go.jp/znk-web/juminkanja/S2430/initialize?prefCd=22&kikanCd=7220702670&kikanKbn=5", "url2": "https://store.welcia.co.jp/welcia/spot/detail?code=7163D", "内容": "ウエルシア薬局　湖西新所原店【5:薬局】静岡県湖西市駅南４丁目４－２４" }, "geometry": { "type": "Point", "coordinates": [ 137.482791, 34.72033 ] } },
{ "type": "Feature", "properties": { "ID": "2257220702680", "正式名称": "ウエルシア薬局　菊川病院前店", "機関区分": 5, "都道府県コード": 22, "市区町村コード": 224, "所在地": "静岡県菊川市神尾７３－３", "緯度": 34.734734, "経度": 138.109452, "url": "https://www.iryou.teikyouseido.mhlw.go.jp/znk-web/juminkanja/S2430/initialize?prefCd=22&kikanCd=7220702680&kikanKbn=5", "url2": "http://www.welcia-yakkyoku.co.jp/", "内容": "ウエルシア薬局　菊川病院前店【5:薬局】静岡県菊川市神尾７３－３" }, "geometry": { "type": "Point", "coordinates": [ 138.109452, 34.734734 ] } },
{ "type": "Feature", "properties": { "ID": "2257220702690", "正式名称": "ウエルシア薬局　菊川加茂店", "機関区分": 5, "都道府県コード": 22, "市区町村コード": 224, "所在地": "静岡県菊川市加茂２５５５", "緯度": 34.741392, "経度": 138.085083, "url": "https://www.iryou.teikyouseido.mhlw.go.jp/znk-web/juminkanja/S2430/initialize?prefCd=22&kikanCd=7220702690&kikanKbn=5", "url2": "https://store.welcia.co.jp/welcia/spot/detail?code=7154D", "内容": "ウエルシア薬局　菊川加茂店【5:薬局】静岡県菊川市加茂２５５５" }, "geometry": { "type": "Point", "coordinates": [ 138.085083, 34.741392 ] } },
{ "type": "Feature", "properties": { "ID": "2257220702740", "正式名称": "なかはら薬局　池新田店", "機関区分": 5, "都道府県コード": 22, "市区町村コード": 223, "所在地": "静岡県御前崎市池新田２４４８－１", "緯度": 34.641616, "経度": 138.12643, "url": "https://www.iryou.teikyouseido.mhlw.go.jp/znk-web/juminkanja/S2430/initialize?prefCd=22&kikanCd=7220702740&kikanKbn=5", "url2": "https://nakaharapharmacy.com/", "内容": "なかはら薬局　池新田店【5:薬局】静岡県御前崎市池新田２４４８－１" }, "geometry": { "type": "Point", "coordinates": [ 138.12643, 34.641616 ] } },
{ "type": "Feature", "properties": { "ID": "2257220702750", "正式名称": "フラワー薬局篠場店", "機関区分": 5, "都道府県コード": 22, "市区町村コード": 213, "所在地": "静岡県掛川市篠場７８０－２", "緯度": 34.755346, "経度": 137.978667, "url": "https://www.iryou.teikyouseido.mhlw.go.jp/znk-web/juminkanja/S2430/initialize?prefCd=22&kikanCd=7220702750&kikanKbn=5", "url2": "www/flower-group.co.jp/", "内容": "フラワー薬局篠場店【5:薬局】静岡県掛川市篠場７８０－２" }, "geometry": { "type": "Point", "coordinates": [ 137.978667, 34.755346 ] } },
{ "type": "Feature", "properties": { "ID": "2257220702780", "正式名称": "杏林堂薬局　袋井下山梨店", "機関区分": 5, "都道府県コード": 22, "市区町村コード": 216, "所在地": "静岡県袋井市下山梨１９５２－４", "緯度": 34.77542, "経度": 137.910303, "url": "https://www.iryou.teikyouseido.mhlw.go.jp/znk-web/juminkanja/S2430/initialize?prefCd=22&kikanCd=7220702780&kikanKbn=5", "url2": "https://shop.tsuruha-g.com/2107", "内容": "杏林堂薬局　袋井下山梨店【5:薬局】静岡県袋井市下山梨１９５２－４" }, "geometry": { "type": "Point", "coordinates": [ 137.910303, 34.77542 ] } },
{ "type": "Feature", "properties": { "ID": "2257220702790", "正式名称": "なの花薬局　掛川杉谷店", "機関区分": 5, "都道府県コード": 22, "市区町村コード": 213, "所在地": "静岡県掛川市杉谷南２－１４－１７", "緯度": 34.76221, "経度": 138.032054, "url": "https://www.iryou.teikyouseido.mhlw.go.jp/znk-web/juminkanja/S2430/initialize?prefCd=22&kikanCd=7220702790&kikanKbn=5", "url2": "https://www.nanohana-ph.jp/shop/tokai-hokuriku/shizuoka/kakegawa/kakegawasugiya.php", "内容": "なの花薬局　掛川杉谷店【5:薬局】静岡県掛川市杉谷南２－１４－１７" }, "geometry": { "type": "Point", "coordinates": [ 138.032054, 34.76221 ] } },
{ "type": "Feature", "properties": { "ID": "2257220702800", "正式名称": "プラム薬局", "機関区分": 5, "都道府県コード": 22, "市区町村コード": 213, "所在地": "静岡県掛川市天王町１３－４", "緯度": 34.781965, "経度": 138.01405, "url": "https://www.iryou.teikyouseido.mhlw.go.jp/znk-web/juminkanja/S2430/initialize?prefCd=22&kikanCd=7220702800&kikanKbn=5", "url2": "https://plumpharmacy.co.jp/", "内容": "プラム薬局【5:薬局】静岡県掛川市天王町１３－４" }, "geometry": { "type": "Point", "coordinates": [ 138.01405, 34.781965 ] } },
{ "type": "Feature", "properties": { "ID": "2257220702810", "正式名称": "小笠薬局", "機関区分": 5, "都道府県コード": 22, "市区町村コード": 224, "所在地": "静岡県菊川市赤土１０６１－１", "緯度": 34.693823, "経度": 138.093106, "url": "https://www.iryou.teikyouseido.mhlw.go.jp/znk-web/juminkanja/S2430/initialize?prefCd=22&kikanCd=7220702810&kikanKbn=5", "url2": "http://www.myph.jp/ogasa_kobuta/pc/", "内容": "小笠薬局【5:薬局】静岡県菊川市赤土１０６１－１" }, "geometry": { "type": "Point", "coordinates": [ 138.093106, 34.693823 ] } },
{ "type": "Feature", "properties": { "ID": "2257220702830", "正式名称": "ウエルシア薬局　袋井月見の里店", "機関区分": 5, "都道府県コード": 22, "市区町村コード": 216, "所在地": "静岡県袋井市上山梨５－１", "緯度": 34.789874, "経度": 137.906725, "url": "https://www.iryou.teikyouseido.mhlw.go.jp/znk-web/juminkanja/S2430/initialize?prefCd=22&kikanCd=7220702830&kikanKbn=5", "url2": "http://www.welcia-yakkyoku.co.jp/", "内容": "ウエルシア薬局　袋井月見の里店【5:薬局】静岡県袋井市上山梨５－１" }, "geometry": { "type": "Point", "coordinates": [ 137.906725, 34.789874 ] } },
{ "type": "Feature", "properties": { "ID": "2257220702840", "正式名称": "ふたば薬局", "機関区分": 5, "都道府県コード": 22, "市区町村コード": 223, "所在地": "静岡県御前崎市池新田２９６１－１", "緯度": 34.650818, "経度": 138.128949, "url": "https://www.iryou.teikyouseido.mhlw.go.jp/znk-web/juminkanja/S2430/initialize?prefCd=22&kikanCd=7220702840&kikanKbn=5", "url2": "https://crephar.jp", "内容": "ふたば薬局【5:薬局】静岡県御前崎市池新田２９６１－１" }, "geometry": { "type": "Point", "coordinates": [ 138.128949, 34.650818 ] } },
{ "type": "Feature", "properties": { "ID": "2257220702870", "正式名称": "このみ薬局御前崎店", "機関区分": 5, "都道府県コード": 22, "市区町村コード": 223, "所在地": "静岡県御前崎市池新田８３３－１５栄ビルＢ", "緯度": 34.649324, "経度": 138.128846, "url": "https://www.iryou.teikyouseido.mhlw.go.jp/znk-web/juminkanja/S2430/initialize?prefCd=22&kikanCd=7220702870&kikanKbn=5", "url2": "https://jyo-bu.co.jp/", "内容": "このみ薬局御前崎店【5:薬局】静岡県御前崎市池新田８３３－１５栄ビルＢ" }, "geometry": { "type": "Point", "coordinates": [ 138.128846, 34.649324 ] } },
{ "type": "Feature", "properties": { "ID": "2257220702880", "正式名称": "ウエルシア薬局　磐田富丘店", "機関区分": 5, "都道府県コード": 22, "市区町村コード": 211, "所在地": "静岡県磐田市富丘原新田９３３－１", "緯度": 34.733269, "経度": 137.847013, "url": "https://www.iryou.teikyouseido.mhlw.go.jp/znk-web/juminkanja/S2430/initialize?prefCd=22&kikanCd=7220702880&kikanKbn=5", "url2": "https://store.welcia.co.jp/welcia/spot/detail?code=2074D", "内容": "ウエルシア薬局　磐田富丘店【5:薬局】静岡県磐田市富丘原新田９３３－１" }, "geometry": { "type": "Point", "coordinates": [ 137.847013, 34.733269 ] } },
{ "type": "Feature", "properties": { "ID": "2257220702890", "正式名称": "ハロー薬局　豊田店", "機関区分": 5, "都道府県コード": 22, "市区町村コード": 211, "所在地": "静岡県磐田市宮之一色８２３－３", "緯度": 34.718047, "経度": 137.826979, "url": "https://www.iryou.teikyouseido.mhlw.go.jp/znk-web/juminkanja/S2430/initialize?prefCd=22&kikanCd=7220702890&kikanKbn=5", "url2": null, "内容": "ハロー薬局　豊田店【5:薬局】静岡県磐田市宮之一色８２３－３" }, "geometry": { "type": "Point", "coordinates": [ 137.826979, 34.718047 ] } },
{ "type": "Feature", "properties": { "ID": "2257220702900", "正式名称": "薬局アザレア国府台店", "機関区分": 5, "都道府県コード": 22, "市区町村コード": 211, "所在地": "静岡県磐田市国府台３８－７", "緯度": 34.720265, "経度": 137.850454, "url": "https://www.iryou.teikyouseido.mhlw.go.jp/znk-web/juminkanja/S2430/initialize?prefCd=22&kikanCd=7220702900&kikanKbn=5", "url2": "http://www.lemon-ph.jp/store/azarea-konodai/", "内容": "薬局アザレア国府台店【5:薬局】静岡県磐田市国府台３８－７" }, "geometry": { "type": "Point", "coordinates": [ 137.850454, 34.720265 ] } },
{ "type": "Feature", "properties": { "ID": "2257220702910", "正式名称": "古見薬局", "機関区分": 5, "都道府県コード": 22, "市区町村コード": 221, "所在地": "静岡県湖西市古見８６２－４", "緯度": 34.713728, "経度": 137.536803, "url": "https://www.iryou.teikyouseido.mhlw.go.jp/znk-web/juminkanja/S2430/initialize?prefCd=22&kikanCd=7220702910&kikanKbn=5", "url2": null, "内容": "古見薬局【5:薬局】静岡県湖西市古見８６２－４" }, "geometry": { "type": "Point", "coordinates": [ 137.536803, 34.713728 ] } },
{ "type": "Feature", "properties": { "ID": "2257220702940", "正式名称": "ウエルシア薬局掛川葛川店", "機関区分": 5, "都道府県コード": 22, "市区町村コード": 213, "所在地": "静岡県掛川市葛川１０９６－１", "緯度": 34.776819, "経度": 138.027365, "url": "https://www.iryou.teikyouseido.mhlw.go.jp/znk-web/juminkanja/S2430/initialize?prefCd=22&kikanCd=7220702940&kikanKbn=5", "url2": "http://as.chizumaru.com/welcia/detailMap?account=welcia&bid=7173", "内容": "ウエルシア薬局掛川葛川店【5:薬局】静岡県掛川市葛川１０９６－１" }, "geometry": { "type": "Point", "coordinates": [ 138.027365, 34.776819 ] } },
{ "type": "Feature", "properties": { "ID": "2257220702950", "正式名称": "さくら薬局　湖西新居店", "機関区分": 5, "都道府県コード": 22, "市区町村コード": 221, "所在地": "静岡県湖西市新居町浜名１６９ー５", "緯度": 34.68899, "経度": 137.564485, "url": "https://www.iryou.teikyouseido.mhlw.go.jp/znk-web/juminkanja/S2430/initialize?prefCd=22&kikanCd=7220702950&kikanKbn=5", "url2": "https://www.kraft-net.co.jp/sakura/store/3853/", "内容": "さくら薬局　湖西新居店【5:薬局】静岡県湖西市新居町浜名１６９ー５" }, "geometry": { "type": "Point", "coordinates": [ 137.564485, 34.68899 ] } },
{ "type": "Feature", "properties": { "ID": "2257220702970", "正式名称": "リンク薬局見付店", "機関区分": 5, "都道府県コード": 22, "市区町村コード": 211, "所在地": "静岡県磐田市見付１８１９－９５", "緯度": 34.740201, "経度": 137.858379, "url": "https://www.iryou.teikyouseido.mhlw.go.jp/znk-web/juminkanja/S2430/initialize?prefCd=22&kikanCd=7220702970&kikanKbn=5", "url2": "https://k2link.co.jp", "内容": "リンク薬局見付店【5:薬局】静岡県磐田市見付１８１９－９５" }, "geometry": { "type": "Point", "coordinates": [ 137.858379, 34.740201 ] } },
{ "type": "Feature", "properties": { "ID": "2257220702990", "正式名称": "ドリーム薬局しんじょはら店", "機関区分": 5, "都道府県コード": 22, "市区町村コード": 221, "所在地": "静岡県湖西市新所原２－５－２３", "緯度": 34.724919, "経度": 137.485873, "url": "https://www.iryou.teikyouseido.mhlw.go.jp/znk-web/juminkanja/S2430/initialize?prefCd=22&kikanCd=7220702990&kikanKbn=5", "url2": "https://camel-dream.com", "内容": "ドリーム薬局しんじょはら店【5:薬局】静岡県湖西市新所原２－５－２３" }, "geometry": { "type": "Point", "coordinates": [ 137.485873, 34.724919 ] } },
{ "type": "Feature", "properties": { "ID": "2257220703010", "正式名称": "まきた薬局", "機関区分": 5, "都道府県コード": 22, "市区町村コード": 213, "所在地": "静岡県掛川市城下６ー１８", "緯度": 34.773898, "経度": 138.015368, "url": "https://www.iryou.teikyouseido.mhlw.go.jp/znk-web/juminkanja/S2430/initialize?prefCd=22&kikanCd=7220703010&kikanKbn=5", "url2": null, "内容": "まきた薬局【5:薬局】静岡県掛川市城下６ー１８" }, "geometry": { "type": "Point", "coordinates": [ 138.015368, 34.773898 ] } },
{ "type": "Feature", "properties": { "ID": "2257220703020", "正式名称": "とんぼ薬局", "機関区分": 5, "都道府県コード": 22, "市区町村コード": 211, "所在地": "静岡県磐田市中泉２－１－２", "緯度": 34.72343, "経度": 137.849947, "url": "https://www.iryou.teikyouseido.mhlw.go.jp/znk-web/juminkanja/S2430/initialize?prefCd=22&kikanCd=7220703020&kikanKbn=5", "url2": null, "内容": "とんぼ薬局【5:薬局】静岡県磐田市中泉２－１－２" }, "geometry": { "type": "Point", "coordinates": [ 137.849947, 34.72343 ] } },
{ "type": "Feature", "properties": { "ID": "2257220703030", "正式名称": "杏林堂薬局鷲津店", "機関区分": 5, "都道府県コード": 22, "市区町村コード": 221, "所在地": "静岡県湖西市鷲津１０９５", "緯度": 34.713553, "経度": 137.545189, "url": "https://www.iryou.teikyouseido.mhlw.go.jp/znk-web/juminkanja/S2430/initialize?prefCd=22&kikanCd=7220703030&kikanKbn=5", "url2": "https://www.kyorindo.co.jp", "内容": "杏林堂薬局鷲津店【5:薬局】静岡県湖西市鷲津１０９５" }, "geometry": { "type": "Point", "coordinates": [ 137.545189, 34.713553 ] } },
{ "type": "Feature", "properties": { "ID": "2257220703040", "正式名称": "ウエルシア薬局菊川赤土店", "機関区分": 5, "都道府県コード": 22, "市区町村コード": 224, "所在地": "静岡県菊川市赤土１０８８", "緯度": 34.693577, "経度": 138.093636, "url": "https://www.iryou.teikyouseido.mhlw.go.jp/znk-web/juminkanja/S2430/initialize?prefCd=22&kikanCd=7220703040&kikanKbn=5", "url2": "https://store.welcia.co.jp/welcia/spot/detail?code=7223D", "内容": "ウエルシア薬局菊川赤土店【5:薬局】静岡県菊川市赤土１０８８" }, "geometry": { "type": "Point", "coordinates": [ 138.093636, 34.693577 ] } },
{ "type": "Feature", "properties": { "ID": "2257220703050", "正式名称": "ウエルシア薬局掛川上西郷店", "機関区分": 5, "都道府県コード": 22, "市区町村コード": 213, "所在地": "静岡県掛川市上西郷５０８－１", "緯度": 34.791117, "経度": 138.013533, "url": "https://www.iryou.teikyouseido.mhlw.go.jp/znk-web/juminkanja/S2430/initialize?prefCd=22&kikanCd=7220703050&kikanKbn=5", "url2": "http://www.welcia-yakkyoku.co.jp/", "内容": "ウエルシア薬局掛川上西郷店【5:薬局】静岡県掛川市上西郷５０８－１" }, "geometry": { "type": "Point", "coordinates": [ 138.013533, 34.791117 ] } },
{ "type": "Feature", "properties": { "ID": "2257220703060", "正式名称": "わかば薬局", "機関区分": 5, "都道府県コード": 22, "市区町村コード": 213, "所在地": "静岡県掛川市上西郷５２８－２", "緯度": 34.806585, "経度": 138.010138, "url": "https://www.iryou.teikyouseido.mhlw.go.jp/znk-web/juminkanja/S2430/initialize?prefCd=22&kikanCd=7220703060&kikanKbn=5", "url2": null, "内容": "わかば薬局【5:薬局】静岡県掛川市上西郷５２８－２" }, "geometry": { "type": "Point", "coordinates": [ 138.010138, 34.806585 ] } },
{ "type": "Feature", "properties": { "ID": "2257220703070", "正式名称": "おまえざき薬局", "機関区分": 5, "都道府県コード": 22, "市区町村コード": 223, "所在地": "静岡県御前崎市白羽３５２１－１０", "緯度": 34.611489, "経度": 138.190011, "url": "https://www.iryou.teikyouseido.mhlw.go.jp/znk-web/juminkanja/S2430/initialize?prefCd=22&kikanCd=7220703070&kikanKbn=5", "url2": "http://www.haiyaku.co.jp", "内容": "おまえざき薬局【5:薬局】静岡県御前崎市白羽３５２１－１０" }, "geometry": { "type": "Point", "coordinates": [ 138.190011, 34.611489 ] } },
{ "type": "Feature", "properties": { "ID": "2257220703080", "正式名称": "Ｖ・ｄｒｕｇ　袋井久能薬局", "機関区分": 5, "都道府県コード": 22, "市区町村コード": 216, "所在地": "静岡県袋井市久能１９７１－１", "緯度": 34.762605, "経度": 137.917552, "url": "https://www.iryou.teikyouseido.mhlw.go.jp/znk-web/juminkanja/S2430/initialize?prefCd=22&kikanCd=7220703080&kikanKbn=5", "url2": "https://vdrug.co.jp/pharmacy/store/%e8%a2%8b%e4%ba%95%e4%b9%85%e8%83%bd%e8%96%ac%e5%b1%80/", "内容": "Ｖ・ｄｒｕｇ　袋井久能薬局【5:薬局】静岡県袋井市久能１９７１－１" }, "geometry": { "type": "Point", "coordinates": [ 137.917552, 34.762605 ] } },
{ "type": "Feature", "properties": { "ID": "2257220703090", "正式名称": "エール薬局　豊田店", "機関区分": 5, "都道府県コード": 22, "市区町村コード": 211, "所在地": "静岡県磐田市豊田３２８－１", "緯度": 34.741941, "経度": 137.830136, "url": "https://www.iryou.teikyouseido.mhlw.go.jp/znk-web/juminkanja/S2430/initialize?prefCd=22&kikanCd=7220703090&kikanKbn=5", "url2": "https://www.forall-inc.com", "内容": "エール薬局　豊田店【5:薬局】静岡県磐田市豊田３２８－１" }, "geometry": { "type": "Point", "coordinates": [ 137.830136, 34.741941 ] } },
{ "type": "Feature", "properties": { "ID": "2257220703100", "正式名称": "健康第一薬局　富士見町店", "機関区分": 5, "都道府県コード": 22, "市区町村コード": 211, "所在地": "静岡県磐田市富士見町３－１６－１", "緯度": 34.734213, "経度": 137.865425, "url": "https://www.iryou.teikyouseido.mhlw.go.jp/znk-web/juminkanja/S2430/initialize?prefCd=22&kikanCd=7220703100&kikanKbn=5", "url2": "http://www.kenko-dai1.jp", "内容": "健康第一薬局　富士見町店【5:薬局】静岡県磐田市富士見町３－１６－１" }, "geometry": { "type": "Point", "coordinates": [ 137.865425, 34.734213 ] } },
{ "type": "Feature", "properties": { "ID": "2257220703110", "正式名称": "このみ薬局　浅羽店", "機関区分": 5, "都道府県コード": 22, "市区町村コード": 216, "所在地": "静岡県袋井市浅羽１６２７－１", "緯度": 34.712806, "経度": 137.924664, "url": "https://www.iryou.teikyouseido.mhlw.go.jp/znk-web/juminkanja/S2430/initialize?prefCd=22&kikanCd=7220703110&kikanKbn=5", "url2": "https://www.sublue-medical.co.jp/", "内容": "このみ薬局　浅羽店【5:薬局】静岡県袋井市浅羽１６２７－１" }, "geometry": { "type": "Point", "coordinates": [ 137.924664, 34.712806 ] } },
{ "type": "Feature", "properties": { "ID": "2257220703120", "正式名称": "むうみん薬局磐田竜洋店", "機関区分": 5, "都道府県コード": 22, "市区町村コード": 211, "所在地": "静岡県磐田市白羽６４２", "緯度": 34.672822, "経度": 137.808313, "url": "https://www.iryou.teikyouseido.mhlw.go.jp/znk-web/juminkanja/S2430/initialize?prefCd=22&kikanCd=7220703120&kikanKbn=5", "url2": "http://muminpharmacy.jp/", "内容": "むうみん薬局磐田竜洋店【5:薬局】静岡県磐田市白羽６４２" }, "geometry": { "type": "Point", "coordinates": [ 137.808313, 34.672822 ] } },
{ "type": "Feature", "properties": { "ID": "2257220703130", "正式名称": "ふじみ薬局", "機関区分": 5, "都道府県コード": 22, "市区町村コード": 211, "所在地": "静岡県磐田市富士見町１－１５－４", "緯度": 34.73118, "経度": 137.867995, "url": "https://www.iryou.teikyouseido.mhlw.go.jp/znk-web/juminkanja/S2430/initialize?prefCd=22&kikanCd=7220703130&kikanKbn=5", "url2": null, "内容": "ふじみ薬局【5:薬局】静岡県磐田市富士見町１－１５－４" }, "geometry": { "type": "Point", "coordinates": [ 137.867995, 34.73118 ] } },
{ "type": "Feature", "properties": { "ID": "2257220703140", "正式名称": "薬局フォーリア　国府台店", "機関区分": 5, "都道府県コード": 22, "市区町村コード": 211, "所在地": "静岡県磐田市国府台１１－１", "緯度": 34.716145, "経度": 137.848877, "url": "https://www.iryou.teikyouseido.mhlw.go.jp/znk-web/juminkanja/S2430/initialize?prefCd=22&kikanCd=7220703140&kikanKbn=5", "url2": "https://www.folia.jp/", "内容": "薬局フォーリア　国府台店【5:薬局】静岡県磐田市国府台１１－１" }, "geometry": { "type": "Point", "coordinates": [ 137.848877, 34.716145 ] } },
{ "type": "Feature", "properties": { "ID": "2257220703150", "正式名称": "ウエルシア薬局　御前崎池新田店", "機関区分": 5, "都道府県コード": 22, "市区町村コード": 223, "所在地": "静岡県御前崎市池新田２４２０－１", "緯度": 34.644808, "経度": 138.127132, "url": "https://www.iryou.teikyouseido.mhlw.go.jp/znk-web/juminkanja/S2430/initialize?prefCd=22&kikanCd=7220703150&kikanKbn=5", "url2": "https://stores.welcia.co.jp/7257D", "内容": "ウエルシア薬局　御前崎池新田店【5:薬局】静岡県御前崎市池新田２４２０－１" }, "geometry": { "type": "Point", "coordinates": [ 138.127132, 34.644808 ] } },
{ "type": "Feature", "properties": { "ID": "2257220703160", "正式名称": "まごころ薬局　福田店", "機関区分": 5, "都道府県コード": 22, "市区町村コード": 211, "所在地": "静岡県磐田市福田中島２７４－１", "緯度": 34.682164, "経度": 137.870399, "url": "https://www.iryou.teikyouseido.mhlw.go.jp/znk-web/juminkanja/S2430/initialize?prefCd=22&kikanCd=7220703160&kikanKbn=5", "url2": "http://www.longlife-ph.com/", "内容": "まごころ薬局　福田店【5:薬局】静岡県磐田市福田中島２７４－１" }, "geometry": { "type": "Point", "coordinates": [ 137.870399, 34.682164 ] } },
{ "type": "Feature", "properties": { "ID": "2257220703170", "正式名称": "アイン薬局　こさい店", "機関区分": 5, "都道府県コード": 22, "市区町村コード": 221, "所在地": "静岡県湖西市梅田入会地字藤ヶ池１５－７１", "緯度": 34.724083, "経度": 137.492931, "url": "https://www.iryou.teikyouseido.mhlw.go.jp/znk-web/juminkanja/S2430/initialize?prefCd=22&kikanCd=7220703170&kikanKbn=5", "url2": "https://www.ainj.co.jp/", "内容": "アイン薬局　こさい店【5:薬局】静岡県湖西市梅田入会地字藤ヶ池１５－７１" }, "geometry": { "type": "Point", "coordinates": [ 137.492931, 34.724083 ] } },
{ "type": "Feature", "properties": { "ID": "2257220703190", "正式名称": "あるぷす薬局　今之浦店", "機関区分": 5, "都道府県コード": 22, "市区町村コード": 211, "所在地": "静岡県磐田市今之浦２丁目３－２４", "緯度": 34.716926, "経度": 137.862149, "url": "https://www.iryou.teikyouseido.mhlw.go.jp/znk-web/juminkanja/S2430/initialize?prefCd=22&kikanCd=7220703190&kikanKbn=5", "url2": "http://www.yakuzaishi-net.com/", "内容": "あるぷす薬局　今之浦店【5:薬局】静岡県磐田市今之浦２丁目３－２４" }, "geometry": { "type": "Point", "coordinates": [ 137.862149, 34.716926 ] } },
{ "type": "Feature", "properties": { "ID": "2257220703200", "正式名称": "レモン薬局　新貝店", "機関区分": 5, "都道府県コード": 22, "市区町村コード": 211, "所在地": "静岡県磐田市新貝２ー１－９", "緯度": 34.722012, "経度": 137.886317, "url": "https://www.iryou.teikyouseido.mhlw.go.jp/znk-web/juminkanja/S2430/initialize?prefCd=22&kikanCd=7220703200&kikanKbn=5", "url2": "https://lemon-ph.jp/", "内容": "レモン薬局　新貝店【5:薬局】静岡県磐田市新貝２ー１－９" }, "geometry": { "type": "Point", "coordinates": [ 137.886317, 34.722012 ] } },
{ "type": "Feature", "properties": { "ID": "2257220703210", "正式名称": "こぶた薬局　長谷", "機関区分": 5, "都道府県コード": 22, "市区町村コード": 213, "所在地": "静岡県掛川市長谷２丁目３番１０", "緯度": 34.76719, "経度": 137.991493, "url": "https://www.iryou.teikyouseido.mhlw.go.jp/znk-web/juminkanja/S2430/initialize?prefCd=22&kikanCd=7220703210&kikanKbn=5", "url2": null, "内容": "こぶた薬局　長谷【5:薬局】静岡県掛川市長谷２丁目３番１０" }, "geometry": { "type": "Point", "coordinates": [ 137.991493, 34.76719 ] } },
{ "type": "Feature", "properties": { "ID": "2257220703220", "正式名称": "ウエルシア薬局　袋井市役所前店", "機関区分": 5, "都道府県コード": 22, "市区町村コード": 216, "所在地": "静岡県袋井市国本３０３４番地の１", "緯度": 34.751853, "経度": 137.925299, "url": "https://www.iryou.teikyouseido.mhlw.go.jp/znk-web/juminkanja/S2430/initialize?prefCd=22&kikanCd=7220703220&kikanKbn=5", "url2": null, "内容": "ウエルシア薬局　袋井市役所前店【5:薬局】静岡県袋井市国本３０３４番地の１" }, "geometry": { "type": "Point", "coordinates": [ 137.925299, 34.751853 ] } },
{ "type": "Feature", "properties": { "ID": "2257220703240", "正式名称": "こぶた薬局　中店", "機関区分": 5, "都道府県コード": 22, "市区町村コード": 213, "所在地": "静岡県掛川市中８１７－１", "緯度": 34.678894, "経度": 138.065163, "url": "https://www.iryou.teikyouseido.mhlw.go.jp/znk-web/juminkanja/S2430/initialize?prefCd=22&kikanCd=7220703240&kikanKbn=5", "url2": "http://www.ogasa-chozai-center.com/original12.html", "内容": "こぶた薬局　中店【5:薬局】静岡県掛川市中８１７－１" }, "geometry": { "type": "Point", "coordinates": [ 138.065163, 34.678894 ] } },
{ "type": "Feature", "properties": { "ID": "2257220703250", "正式名称": "おおにし薬局", "機関区分": 5, "都道府県コード": 22, "市区町村コード": 213, "所在地": "静岡県掛川市城西２－５－１５", "緯度": 34.775329, "経度": 138.00727, "url": "https://www.iryou.teikyouseido.mhlw.go.jp/znk-web/juminkanja/S2430/initialize?prefCd=22&kikanCd=7220703250&kikanKbn=5", "url2": "https://www.among.co.jp", "内容": "おおにし薬局【5:薬局】静岡県掛川市城西２－５－１５" }, "geometry": { "type": "Point", "coordinates": [ 138.00727, 34.775329 ] } },
{ "type": "Feature", "properties": { "ID": "2257220703260", "正式名称": "リンク薬局", "機関区分": 5, "都道府県コード": 22, "市区町村コード": 211, "所在地": "静岡県磐田市富丘字下原６０２－６", "緯度": 34.732915, "経度": 137.842442, "url": "https://www.iryou.teikyouseido.mhlw.go.jp/znk-web/juminkanja/S2430/initialize?prefCd=22&kikanCd=7220703260&kikanKbn=5", "url2": null, "内容": "リンク薬局【5:薬局】静岡県磐田市富丘字下原６０２－６" }, "geometry": { "type": "Point", "coordinates": [ 137.842442, 34.732915 ] } },
{ "type": "Feature", "properties": { "ID": "2257220703270", "正式名称": "おおぞら薬局　中田屋店", "機関区分": 5, "都道府県コード": 22, "市区町村コード": 216, "所在地": "静岡県袋井市下山梨２１１１－１", "緯度": 34.771475, "経度": 137.911561, "url": "https://www.iryou.teikyouseido.mhlw.go.jp/znk-web/juminkanja/S2430/initialize?prefCd=22&kikanCd=7220703270&kikanKbn=5", "url2": "https://oozora-group.jp/store/#store-jump11", "内容": "おおぞら薬局　中田屋店【5:薬局】静岡県袋井市下山梨２１１１－１" }, "geometry": { "type": "Point", "coordinates": [ 137.911561, 34.771475 ] } },
{ "type": "Feature", "properties": { "ID": "2257220703280", "正式名称": "杏林堂薬局　新所原駅南店", "機関区分": 5, "都道府県コード": 22, "市区町村コード": 221, "所在地": "静岡県湖西市駅南３－２－５０", "緯度": 34.720781, "経度": 137.484903, "url": "https://www.iryou.teikyouseido.mhlw.go.jp/znk-web/juminkanja/S2430/initialize?prefCd=22&kikanCd=7220703280&kikanKbn=5", "url2": "http://www.kyorindo.co.jp", "内容": "杏林堂薬局　新所原駅南店【5:薬局】静岡県湖西市駅南３－２－５０" }, "geometry": { "type": "Point", "coordinates": [ 137.484903, 34.720781 ] } },
{ "type": "Feature", "properties": { "ID": "2257220703290", "正式名称": "おおぞら薬局平間店", "機関区分": 5, "都道府県コード": 22, "市区町村コード": 211, "所在地": "静岡県磐田市平間１２７４－１１０", "緯度": 34.681478, "経度": 137.815555, "url": "https://www.iryou.teikyouseido.mhlw.go.jp/znk-web/juminkanja/S2430/initialize?prefCd=22&kikanCd=7220703290&kikanKbn=5", "url2": "https://oozora-group.jp/", "内容": "おおぞら薬局平間店【5:薬局】静岡県磐田市平間１２７４－１１０" }, "geometry": { "type": "Point", "coordinates": [ 137.815555, 34.681478 ] } },
{ "type": "Feature", "properties": { "ID": "2257220703300", "正式名称": "中宿薬局", "機関区分": 5, "都道府県コード": 22, "市区町村コード": 213, "所在地": "静岡県掛川市中宿４１", "緯度": 34.780682, "経度": 138.009215, "url": "https://www.iryou.teikyouseido.mhlw.go.jp/znk-web/juminkanja/S2430/initialize?prefCd=22&kikanCd=7220703300&kikanKbn=5", "url2": "http://www.nakajuku-pharmacy.com/", "内容": "中宿薬局【5:薬局】静岡県掛川市中宿４１" }, "geometry": { "type": "Point", "coordinates": [ 138.009215, 34.780682 ] } },
{ "type": "Feature", "properties": { "ID": "2257220703310", "正式名称": "マイライフ薬局", "機関区分": 5, "都道府県コード": 22, "市区町村コード": 211, "所在地": "静岡県磐田市安久路２－２－２", "緯度": 34.718879, "経度": 137.870966, "url": "https://www.iryou.teikyouseido.mhlw.go.jp/znk-web/juminkanja/S2430/initialize?prefCd=22&kikanCd=7220703310&kikanKbn=5", "url2": "https://chcp.jp/business/chcp-p/", "内容": "マイライフ薬局【5:薬局】静岡県磐田市安久路２－２－２" }, "geometry": { "type": "Point", "coordinates": [ 137.870966, 34.718879 ] } },
{ "type": "Feature", "properties": { "ID": "2257220703320", "正式名称": "フラワー薬局杉谷店", "機関区分": 5, "都道府県コード": 22, "市区町村コード": 213, "所在地": "静岡県掛川市杉谷南１－１９－１", "緯度": 34.763543, "経度": 138.02841, "url": "https://www.iryou.teikyouseido.mhlw.go.jp/znk-web/juminkanja/S2430/initialize?prefCd=22&kikanCd=7220703320&kikanKbn=5", "url2": "https://flower-group.co.jp", "内容": "フラワー薬局杉谷店【5:薬局】静岡県掛川市杉谷南１－１９－１" }, "geometry": { "type": "Point", "coordinates": [ 138.02841, 34.763543 ] } },
{ "type": "Feature", "properties": { "ID": "2257220703340", "正式名称": "さつき薬局", "機関区分": 5, "都道府県コード": 22, "市区町村コード": 221, "所在地": "静岡県湖西市鷲津７４０－５", "緯度": 34.714763, "経度": 137.544016, "url": "https://www.iryou.teikyouseido.mhlw.go.jp/znk-web/juminkanja/S2430/initialize?prefCd=22&kikanCd=7220703340&kikanKbn=5", "url2": null, "内容": "さつき薬局【5:薬局】静岡県湖西市鷲津７４０－５" }, "geometry": { "type": "Point", "coordinates": [ 137.544016, 34.714763 ] } },
{ "type": "Feature", "properties": { "ID": "2257220703350", "正式名称": "Ｖ・ｄｒｕｇ磐田下本郷薬局", "機関区分": 5, "都道府県コード": 22, "市区町村コード": 211, "所在地": "静岡県磐田市下本郷字村中２２６－１", "緯度": 34.706791, "経度": 137.821741, "url": "https://www.iryou.teikyouseido.mhlw.go.jp/znk-web/juminkanja/S2430/initialize?prefCd=22&kikanCd=7220703350&kikanKbn=5", "url2": "https://www.vdrug.co.jp/store/20354/", "内容": "Ｖ・ｄｒｕｇ磐田下本郷薬局【5:薬局】静岡県磐田市下本郷字村中２２６－１" }, "geometry": { "type": "Point", "coordinates": [ 137.821741, 34.706791 ] } },
{ "type": "Feature", "properties": { "ID": "2257220703360", "正式名称": "可睡の杜薬局", "機関区分": 5, "都道府県コード": 22, "市区町村コード": 216, "所在地": "静岡県袋井市可睡の杜４－３４", "緯度": 34.774673, "経度": 137.915238, "url": "https://www.iryou.teikyouseido.mhlw.go.jp/znk-web/juminkanja/S2430/initialize?prefCd=22&kikanCd=7220703360&kikanKbn=5", "url2": "http://kenko-dai1.jp/list/kauinomori", "内容": "可睡の杜薬局【5:薬局】静岡県袋井市可睡の杜４－３４" }, "geometry": { "type": "Point", "coordinates": [ 137.915238, 34.774673 ] } },
{ "type": "Feature", "properties": { "ID": "2257220703370", "正式名称": "杏林堂薬局鳥之瀬店", "機関区分": 5, "都道府県コード": 22, "市区町村コード": 211, "所在地": "静岡県磐田市鳥之瀬５２", "緯度": 34.712114, "経度": 137.861477, "url": "https://www.iryou.teikyouseido.mhlw.go.jp/znk-web/juminkanja/S2430/initialize?prefCd=22&kikanCd=7220703370&kikanKbn=5", "url2": "https://www.kyorindo.co.jp/", "内容": "杏林堂薬局鳥之瀬店【5:薬局】静岡県磐田市鳥之瀬５２" }, "geometry": { "type": "Point", "coordinates": [ 137.861477, 34.712114 ] } },
{ "type": "Feature", "properties": { "ID": "2257220703390", "正式名称": "こぶた薬局大東", "機関区分": 5, "都道府県コード": 22, "市区町村コード": 213, "所在地": "静岡県掛川市大坂９４８", "緯度": 34.668586, "経度": 138.042593, "url": "https://www.iryou.teikyouseido.mhlw.go.jp/znk-web/juminkanja/S2430/initialize?prefCd=22&kikanCd=7220703390&kikanKbn=5", "url2": "http://www.ogasa-chozai-center.com/", "内容": "こぶた薬局大東【5:薬局】静岡県掛川市大坂９４８" }, "geometry": { "type": "Point", "coordinates": [ 138.042593, 34.668586 ] } },
{ "type": "Feature", "properties": { "ID": "2257220703400", "正式名称": "ウエルシア薬局御前崎白羽店", "機関区分": 5, "都道府県コード": 22, "市区町村コード": 223, "所在地": "静岡県御前崎市白羽５２６６－１", "緯度": 34.609831, "経度": 138.200129, "url": "https://www.iryou.teikyouseido.mhlw.go.jp/znk-web/juminkanja/S2430/initialize?prefCd=22&kikanCd=7220703400&kikanKbn=5", "url2": "https://stores.welcia.co.jp/7260D", "内容": "ウエルシア薬局御前崎白羽店【5:薬局】静岡県御前崎市白羽５２６６－１" }, "geometry": { "type": "Point", "coordinates": [ 138.200129, 34.609831 ] } },
{ "type": "Feature", "properties": { "ID": "2257220703410", "正式名称": "まごころ薬局大東店", "機関区分": 5, "都道府県コード": 22, "市区町村コード": 213, "所在地": "静岡県掛川市大坂１００６", "緯度": 34.668663, "経度": 138.044092, "url": "https://www.iryou.teikyouseido.mhlw.go.jp/znk-web/juminkanja/S2430/initialize?prefCd=22&kikanCd=7220703410&kikanKbn=5", "url2": "http://www.longlife-ph.com/", "内容": "まごころ薬局大東店【5:薬局】静岡県掛川市大坂１００６" }, "geometry": { "type": "Point", "coordinates": [ 138.044092, 34.668663 ] } },
{ "type": "Feature", "properties": { "ID": "2257220703420", "正式名称": "カワムラファーマシー", "機関区分": 5, "都道府県コード": 22, "市区町村コード": 461, "所在地": "静岡県周智郡森町森２８０", "緯度": 34.838258, "経度": 137.931338, "url": "https://www.iryou.teikyouseido.mhlw.go.jp/znk-web/juminkanja/S2430/initialize?prefCd=22&kikanCd=7220703420&kikanKbn=5", "url2": "kawamura-pharmacy.net", "内容": "カワムラファーマシー【5:薬局】静岡県周智郡森町森２８０" }, "geometry": { "type": "Point", "coordinates": [ 137.931338, 34.838258 ] } },
{ "type": "Feature", "properties": { "ID": "2257220703430", "正式名称": "ウエルシア薬局磐田岩井店", "機関区分": 5, "都道府県コード": 22, "市区町村コード": 211, "所在地": "静岡県磐田市岩井２３３３‐３", "緯度": 34.733573, "経度": 137.877076, "url": "https://www.iryou.teikyouseido.mhlw.go.jp/znk-web/juminkanja/S2430/initialize?prefCd=22&kikanCd=7220703430&kikanKbn=5", "url2": null, "内容": "ウエルシア薬局磐田岩井店【5:薬局】静岡県磐田市岩井２３３３‐３" }, "geometry": { "type": "Point", "coordinates": [ 137.877076, 34.733573 ] } },
{ "type": "Feature", "properties": { "ID": "2257220703440", "正式名称": "まごころ薬局田端店", "機関区分": 5, "都道府県コード": 22, "市区町村コード": 216, "所在地": "静岡県袋井市高尾１７６５‐８", "緯度": 34.73962, "経度": 137.925091, "url": "https://www.iryou.teikyouseido.mhlw.go.jp/znk-web/juminkanja/S2430/initialize?prefCd=22&kikanCd=7220703440&kikanKbn=5", "url2": "http://www.longlife-ph.com/", "内容": "まごころ薬局田端店【5:薬局】静岡県袋井市高尾１７６５‐８" }, "geometry": { "type": "Point", "coordinates": [ 137.925091, 34.73962 ] } },
{ "type": "Feature", "properties": { "ID": "2257220703450", "正式名称": "ドライブスルーとよおか薬局", "機関区分": 5, "都道府県コード": 22, "市区町村コード": 211, "所在地": "静岡県磐田市惣兵衛下新田１２０－４", "緯度": 34.807851, "経度": 137.843471, "url": "https://www.iryou.teikyouseido.mhlw.go.jp/znk-web/juminkanja/S2430/initialize?prefCd=22&kikanCd=7220703450&kikanKbn=5", "url2": "kuroyanagi-pharmacy.jp", "内容": "ドライブスルーとよおか薬局【5:薬局】静岡県磐田市惣兵衛下新田１２０－４" }, "geometry": { "type": "Point", "coordinates": [ 137.843471, 34.807851 ] } },
{ "type": "Feature", "properties": { "ID": "2257220703460", "正式名称": "漢方薬局　くら石", "機関区分": 5, "都道府県コード": 22, "市区町村コード": 213, "所在地": "静岡県掛川市掛川４５５－１", "緯度": 34.772612, "経度": 138.010541, "url": "https://www.iryou.teikyouseido.mhlw.go.jp/znk-web/juminkanja/S2430/initialize?prefCd=22&kikanCd=7220703460&kikanKbn=5", "url2": "https://kanpo-kuraishi.jp", "内容": "漢方薬局　くら石【5:薬局】静岡県掛川市掛川４５５－１" }, "geometry": { "type": "Point", "coordinates": [ 138.010541, 34.772612 ] } },
{ "type": "Feature", "properties": { "ID": "2257220703470", "正式名称": "薬局マツモトキヨシ菊川店", "機関区分": 5, "都道府県コード": 22, "市区町村コード": 224, "所在地": "静岡県菊川市堀之内５８０－１", "緯度": 34.764229, "経度": 138.08695, "url": "https://www.iryou.teikyouseido.mhlw.go.jp/znk-web/juminkanja/S2430/initialize?prefCd=22&kikanCd=7220703470&kikanKbn=5", "url2": "https://www.entstore.co.jp/smp/shop/kikugawashi/kikugawa/", "内容": "薬局マツモトキヨシ菊川店【5:薬局】静岡県菊川市堀之内５８０－１" }, "geometry": { "type": "Point", "coordinates": [ 138.08695, 34.764229 ] } },
{ "type": "Feature", "properties": { "ID": "2257220703480", "正式名称": "さくら薬局　磐田鎌田店", "機関区分": 5, "都道府県コード": 22, "市区町村コード": 211, "所在地": "静岡県磐田市鎌田８６７－４", "緯度": 34.704972, "経度": 137.889655, "url": "https://www.iryou.teikyouseido.mhlw.go.jp/znk-web/juminkanja/S2430/initialize?prefCd=22&kikanCd=7220703480&kikanKbn=5", "url2": "https://www.kraft-net.co.jp/sakura/store/4300/", "内容": "さくら薬局　磐田鎌田店【5:薬局】静岡県磐田市鎌田８６７－４" }, "geometry": { "type": "Point", "coordinates": [ 137.889655, 34.704972 ] } },
{ "type": "Feature", "properties": { "ID": "2257220703490", "正式名称": "さくら薬局　袋井高尾店", "機関区分": 5, "都道府県コード": 22, "市区町村コード": 216, "所在地": "静岡県袋井市高尾５１３－１", "緯度": 34.737636, "経度": 137.933822, "url": "https://www.iryou.teikyouseido.mhlw.go.jp/znk-web/juminkanja/S2430/initialize?prefCd=22&kikanCd=7220703490&kikanKbn=5", "url2": "https://www.kraft-net.co.jp/sakura/store/4302/", "内容": "さくら薬局　袋井高尾店【5:薬局】静岡県袋井市高尾５１３－１" }, "geometry": { "type": "Point", "coordinates": [ 137.933822, 34.737636 ] } },
{ "type": "Feature", "properties": { "ID": "2257220703500", "正式名称": "さくら薬局　掛川大坂店", "機関区分": 5, "都道府県コード": 22, "市区町村コード": 213, "所在地": "静岡県掛川市大坂６１０－１２", "緯度": 34.671717, "経度": 138.045034, "url": "https://www.iryou.teikyouseido.mhlw.go.jp/znk-web/juminkanja/S2430/initialize?prefCd=22&kikanCd=7220703500&kikanKbn=5", "url2": "https://www.kraft-net.co.jp/sakura/store/4304/", "内容": "さくら薬局　掛川大坂店【5:薬局】静岡県掛川市大坂６１０－１２" }, "geometry": { "type": "Point", "coordinates": [ 138.045034, 34.671717 ] } },
{ "type": "Feature", "properties": { "ID": "2257220703510", "正式名称": "ココカラファイン薬局掛川弥生店", "機関区分": 5, "都道府県コード": 22, "市区町村コード": 213, "所在地": "静岡県掛川市弥生町８番", "緯度": 34.777354, "経度": 138.012706, "url": "https://www.iryou.teikyouseido.mhlw.go.jp/znk-web/juminkanja/S2430/initialize?prefCd=22&kikanCd=7220703510&kikanKbn=5", "url2": "https://www.cocokarafine.co.jp", "内容": "ココカラファイン薬局掛川弥生店【5:薬局】静岡県掛川市弥生町８番" }, "geometry": { "type": "Point", "coordinates": [ 138.012706, 34.777354 ] } },
{ "type": "Feature", "properties": { "ID": "2257220703520", "正式名称": "スギ薬局　袋井南店", "機関区分": 5, "都道府県コード": 22, "市区町村コード": 216, "所在地": "静岡県袋井市高尾３０００　ノブレスパルク袋井内", "緯度": 34.738325, "経度": 137.924629, "url": "https://www.iryou.teikyouseido.mhlw.go.jp/znk-web/juminkanja/S2430/initialize?prefCd=22&kikanCd=7220703520&kikanKbn=5", "url2": "http://www.drug-sugi.co.jp/", "内容": "スギ薬局　袋井南店【5:薬局】静岡県袋井市高尾３０００　ノブレスパルク袋井内" }, "geometry": { "type": "Point", "coordinates": [ 137.924629, 34.738325 ] } },
{ "type": "Feature", "properties": { "ID": "2257220703530", "正式名称": "みつは薬局", "機関区分": 5, "都道府県コード": 22, "市区町村コード": 211, "所在地": "静岡県磐田市今之浦３ー２２ー６", "緯度": 34.718796, "経度": 137.857606, "url": "https://www.iryou.teikyouseido.mhlw.go.jp/znk-web/juminkanja/S2430/initialize?prefCd=22&kikanCd=7220703530&kikanKbn=5", "url2": null, "内容": "みつは薬局【5:薬局】静岡県磐田市今之浦３ー２２ー６" }, "geometry": { "type": "Point", "coordinates": [ 137.857606, 34.718796 ] } },
{ "type": "Feature", "properties": { "ID": "2257220703550", "正式名称": "クリエイト薬局磐田今之浦店", "機関区分": 5, "都道府県コード": 22, "市区町村コード": 211, "所在地": "静岡県磐田市今之浦４－１－２", "緯度": 34.721524, "経度": 137.856161, "url": "https://www.iryou.teikyouseido.mhlw.go.jp/znk-web/juminkanja/S2430/initialize?prefCd=22&kikanCd=7220703550&kikanKbn=5", "url2": "http://www.create-sd.co.jp/", "内容": "クリエイト薬局磐田今之浦店【5:薬局】静岡県磐田市今之浦４－１－２" }, "geometry": { "type": "Point", "coordinates": [ 137.856161, 34.721524 ] } },
{ "type": "Feature", "properties": { "ID": "2257220703560", "正式名称": "可睡の杜　みずき通り薬局", "機関区分": 5, "都道府県コード": 22, "市区町村コード": 216, "所在地": "静岡県袋井市可睡の杜５１－９", "緯度": 34.779385, "経度": 137.918838, "url": "https://www.iryou.teikyouseido.mhlw.go.jp/znk-web/juminkanja/S2430/initialize?prefCd=22&kikanCd=7220703560&kikanKbn=5", "url2": "https://www.among.co.jp/", "内容": "可睡の杜　みずき通り薬局【5:薬局】静岡県袋井市可睡の杜５１－９" }, "geometry": { "type": "Point", "coordinates": [ 137.918838, 34.779385 ] } },
{ "type": "Feature", "properties": { "ID": "2257220703570", "正式名称": "このみ薬局磐田店", "機関区分": 5, "都道府県コード": 22, "市区町村コード": 211, "所在地": "静岡県磐田市二之宮４１９－１", "緯度": 34.709362, "経度": 137.859685, "url": "https://www.iryou.teikyouseido.mhlw.go.jp/znk-web/juminkanja/S2430/initialize?prefCd=22&kikanCd=7220703570&kikanKbn=5", "url2": "https://jyo-bu.co.jp/", "内容": "このみ薬局磐田店【5:薬局】静岡県磐田市二之宮４１９－１" }, "geometry": { "type": "Point", "coordinates": [ 137.859685, 34.709362 ] } },
{ "type": "Feature", "properties": { "ID": "2257220703580", "正式名称": "よこわ薬局", "機関区分": 5, "都道府県コード": 22, "市区町村コード": 216, "所在地": "静岡県袋井市高尾１７４４ー１", "緯度": 34.738488, "経度": 137.92354, "url": "https://www.iryou.teikyouseido.mhlw.go.jp/znk-web/juminkanja/S2430/initialize?prefCd=22&kikanCd=7220703580&kikanKbn=5", "url2": "https://kenko-dai1.jp/pharmacys/yokono", "内容": "よこわ薬局【5:薬局】静岡県袋井市高尾１７４４ー１" }, "geometry": { "type": "Point", "coordinates": [ 137.92354, 34.738488 ] } },
{ "type": "Feature", "properties": { "ID": "2257220703590", "正式名称": "ユニスマイル薬局オオサカヤ店", "機関区分": 5, "都道府県コード": 22, "市区町村コード": 213, "所在地": "静岡県掛川市仁藤町１ー９", "緯度": 34.772874, "経度": 138.018767, "url": "https://www.iryou.teikyouseido.mhlw.go.jp/znk-web/juminkanja/S2430/initialize?prefCd=22&kikanCd=7220703590&kikanKbn=5", "url2": "http://unismile.co.jp/", "内容": "ユニスマイル薬局オオサカヤ店【5:薬局】静岡県掛川市仁藤町１ー９" }, "geometry": { "type": "Point", "coordinates": [ 138.018767, 34.772874 ] } },
{ "type": "Feature", "properties": { "ID": "2257220703600", "正式名称": "ユニスマイル薬局長谷店", "機関区分": 5, "都道府県コード": 22, "市区町村コード": 213, "所在地": "静岡県掛川市長谷１ー２８ー１２", "緯度": 34.768108, "経度": 137.994001, "url": "https://www.iryou.teikyouseido.mhlw.go.jp/znk-web/juminkanja/S2430/initialize?prefCd=22&kikanCd=7220703600&kikanKbn=5", "url2": "https://unismile.co.jp", "内容": "ユニスマイル薬局長谷店【5:薬局】静岡県掛川市長谷１ー２８ー１２" }, "geometry": { "type": "Point", "coordinates": [ 137.994001, 34.768108 ] } },
{ "type": "Feature", "properties": { "ID": "2257220703610", "正式名称": "見附つつじ薬局", "機関区分": 5, "都道府県コード": 22, "市区町村コード": 211, "所在地": "静岡県磐田市見付１５９８－４６", "緯度": 34.737299, "経度": 137.86185, "url": "https://www.iryou.teikyouseido.mhlw.go.jp/znk-web/juminkanja/S2430/initialize?prefCd=22&kikanCd=7220703610&kikanKbn=5", "url2": "https://www.among.co.jp/", "内容": "見附つつじ薬局【5:薬局】静岡県磐田市見付１５９８－４６" }, "geometry": { "type": "Point", "coordinates": [ 137.86185, 34.737299 ] } },
{ "type": "Feature", "properties": { "ID": "2257220703640", "正式名称": "Ⅴ・ｄｒｕｇ　菊川病院前薬局", "機関区分": 5, "都道府県コード": 22, "市区町村コード": 224, "所在地": "静岡県菊川市東横地１６０７番地の１", "緯度": 34.729863, "経度": 138.097916, "url": "https://www.iryou.teikyouseido.mhlw.go.jp/znk-web/juminkanja/S2430/initialize?prefCd=22&kikanCd=7220703640&kikanKbn=5", "url2": null, "内容": "Ⅴ・ｄｒｕｇ　菊川病院前薬局【5:薬局】静岡県菊川市東横地１６０７番地の１" }, "geometry": { "type": "Point", "coordinates": [ 138.097916, 34.729863 ] } },
{ "type": "Feature", "properties": { "ID": "2257220703650", "正式名称": "クスリのアオキ掛川細谷薬局", "機関区分": 5, "都道府県コード": 22, "市区町村コード": 213, "所在地": "静岡県掛川市細谷９００番地の１", "緯度": 34.790874, "経度": 137.963885, "url": "https://www.iryou.teikyouseido.mhlw.go.jp/znk-web/juminkanja/S2430/initialize?prefCd=22&kikanCd=7220703650&kikanKbn=5", "url2": "https://www.kusuri-aoki.co.jp/", "内容": "クスリのアオキ掛川細谷薬局【5:薬局】静岡県掛川市細谷９００番地の１" }, "geometry": { "type": "Point", "coordinates": [ 137.963885, 34.790874 ] } },
{ "type": "Feature", "properties": { "ID": "2257220703660", "正式名称": "杏林堂薬局　袋井国本店", "機関区分": 5, "都道府県コード": 22, "市区町村コード": 216, "所在地": "静岡県袋井市国本２７５８番地の１", "緯度": 34.756223, "経度": 137.933926, "url": "https://www.iryou.teikyouseido.mhlw.go.jp/znk-web/juminkanja/S2430/initialize?prefCd=22&kikanCd=7220703660&kikanKbn=5", "url2": "https://www.kyorindo.co.jp/shop/?cm=v&id=11673", "内容": "杏林堂薬局　袋井国本店【5:薬局】静岡県袋井市国本２７５８番地の１" }, "geometry": { "type": "Point", "coordinates": [ 137.933926, 34.756223 ] } },
{ "type": "Feature", "properties": { "ID": "2257220703670", "正式名称": "虹いろ薬局", "機関区分": 5, "都道府県コード": 22, "市区町村コード": 211, "所在地": "静岡県磐田市岩井２０５３－４", "緯度": 34.733461, "経度": 137.878451, "url": "https://www.iryou.teikyouseido.mhlw.go.jp/znk-web/juminkanja/S2430/initialize?prefCd=22&kikanCd=7220703670&kikanKbn=5", "url2": null, "内容": "虹いろ薬局【5:薬局】静岡県磐田市岩井２０５３－４" }, "geometry": { "type": "Point", "coordinates": [ 137.878451, 34.733461 ] } },
{ "type": "Feature", "properties": { "ID": "2257220703680", "正式名称": "あるぷす薬局竜洋店", "機関区分": 5, "都道府県コード": 22, "市区町村コード": 211, "所在地": "静岡県磐田市豊岡６５１１－１", "緯度": 34.684005, "経度": 137.810313, "url": "https://www.iryou.teikyouseido.mhlw.go.jp/znk-web/juminkanja/S2430/initialize?prefCd=22&kikanCd=7220703680&kikanKbn=5", "url2": "https://www.yakuzaishi-net.com/shop/874/", "内容": "あるぷす薬局竜洋店【5:薬局】静岡県磐田市豊岡６５１１－１" }, "geometry": { "type": "Point", "coordinates": [ 137.810313, 34.684005 ] } },
{ "type": "Feature", "properties": { "ID": "2257220703690", "正式名称": "ウエルシア薬局菊川土橋店", "機関区分": 5, "都道府県コード": 22, "市区町村コード": 224, "所在地": "静岡県菊川市土橋３０６", "緯度": 34.729037, "経度": 138.090122, "url": "https://www.iryou.teikyouseido.mhlw.go.jp/znk-web/juminkanja/S2430/initialize?prefCd=22&kikanCd=7220703690&kikanKbn=5", "url2": null, "内容": "ウエルシア薬局菊川土橋店【5:薬局】静岡県菊川市土橋３０６" }, "geometry": { "type": "Point", "coordinates": [ 138.090122, 34.729037 ] } },
{ "type": "Feature", "properties": { "ID": "2257220703700", "正式名称": "ウエルシア薬局森町森店", "機関区分": 5, "都道府県コード": 22, "市区町村コード": 461, "所在地": "静岡県周智郡森町森１５３１－１", "緯度": 34.824721, "経度": 137.92118, "url": "https://www.iryou.teikyouseido.mhlw.go.jp/znk-web/juminkanja/S2430/initialize?prefCd=22&kikanCd=7220703700&kikanKbn=5", "url2": "https://stores.welcia.co.jp/7092D", "内容": "ウエルシア薬局森町森店【5:薬局】静岡県周智郡森町森１５３１－１" }, "geometry": { "type": "Point", "coordinates": [ 137.92118, 34.824721 ] } },
{ "type": "Feature", "properties": { "ID": "2257220703710", "正式名称": "Ｖ・ｄｒｕｇ　磐田見付薬局", "機関区分": 5, "都道府県コード": 22, "市区町村コード": 211, "所在地": "静岡県磐田市見付１９８７番地１０", "緯度": 34.734217, "経度": 137.858837, "url": "https://www.iryou.teikyouseido.mhlw.go.jp/znk-web/juminkanja/S2430/initialize?prefCd=22&kikanCd=7220703710&kikanKbn=5", "url2": "https://www.vdrug.co.jp/", "内容": "Ｖ・ｄｒｕｇ　磐田見付薬局【5:薬局】静岡県磐田市見付１９８７番地１０" }, "geometry": { "type": "Point", "coordinates": [ 137.858837, 34.734217 ] } },
{ "type": "Feature", "properties": { "ID": "2257220703720", "正式名称": "リリー薬局", "機関区分": 5, "都道府県コード": 22, "市区町村コード": 213, "所在地": "静岡県掛川市亀の甲１丁目１９－１５", "緯度": 34.76733, "経度": 138.008953, "url": "https://www.iryou.teikyouseido.mhlw.go.jp/znk-web/juminkanja/S2430/initialize?prefCd=22&kikanCd=7220703720&kikanKbn=5", "url2": null, "内容": "リリー薬局【5:薬局】静岡県掛川市亀の甲１丁目１９－１５" }, "geometry": { "type": "Point", "coordinates": [ 138.008953, 34.76733 ] } },
{ "type": "Feature", "properties": { "ID": "2257220703730", "正式名称": "アイン薬局　磐田店", "機関区分": 5, "都道府県コード": 22, "市区町村コード": 211, "所在地": "静岡県磐田市大久保５４４－１３", "緯度": 34.766823, "経度": 137.85672, "url": "https://www.iryou.teikyouseido.mhlw.go.jp/znk-web/juminkanja/S2430/initialize?prefCd=22&kikanCd=7220703730&kikanKbn=5", "url2": "https://www.ainj.co.jp/", "内容": "アイン薬局　磐田店【5:薬局】静岡県磐田市大久保５４４－１３" }, "geometry": { "type": "Point", "coordinates": [ 137.85672, 34.766823 ] } },
{ "type": "Feature", "properties": { "ID": "2257220703740", "正式名称": "ウエルシア薬局菊川潮海寺店", "機関区分": 5, "都道府県コード": 22, "市区町村コード": 224, "所在地": "静岡県菊川市潮海寺４０番地の１", "緯度": 34.764432, "経度": 138.095511, "url": "https://www.iryou.teikyouseido.mhlw.go.jp/znk-web/juminkanja/S2430/initialize?prefCd=22&kikanCd=7220703740&kikanKbn=5", "url2": "https://stores.welcia.co.jp/7348D", "内容": "ウエルシア薬局菊川潮海寺店【5:薬局】静岡県菊川市潮海寺４０番地の１" }, "geometry": { "type": "Point", "coordinates": [ 138.095511, 34.764432 ] } },
{ "type": "Feature", "properties": { "ID": "2257220703750", "正式名称": "ひなた薬局", "機関区分": 5, "都道府県コード": 22, "市区町村コード": 221, "所在地": "静岡県湖西市新居町中之郷字寺ノ前２２９９番２", "緯度": 34.704435, "経度": 137.552428, "url": "https://www.iryou.teikyouseido.mhlw.go.jp/znk-web/juminkanja/S2430/initialize?prefCd=22&kikanCd=7220703750&kikanKbn=5", "url2": "https://hinatayakkyoku.com/", "内容": "ひなた薬局【5:薬局】静岡県湖西市新居町中之郷字寺ノ前２２９９番２" }, "geometry": { "type": "Point", "coordinates": [ 137.552428, 34.704435 ] } },
{ "type": "Feature", "properties": { "ID": "2257220703760", "正式名称": "薬局ともちゃん。", "機関区分": 5, "都道府県コード": 22, "市区町村コード": 211, "所在地": "静岡県磐田市見付１７６３－６", "緯度": 34.742539, "経度": 137.858955, "url": "https://www.iryou.teikyouseido.mhlw.go.jp/znk-web/juminkanja/S2430/initialize?prefCd=22&kikanCd=7220703760&kikanKbn=5", "url2": "https://www.k-medical-drug.com/", "内容": "薬局ともちゃん。【5:薬局】静岡県磐田市見付１７６３－６" }, "geometry": { "type": "Point", "coordinates": [ 137.858955, 34.742539 ] } },
{ "type": "Feature", "properties": { "ID": "2257220703770", "正式名称": "アイン薬局中東遠総合医療センター店", "機関区分": 5, "都道府県コード": 22, "市区町村コード": 213, "所在地": "静岡県掛川市菖蒲ヶ池１－１", "緯度": 34.75645, "経度": 137.998087, "url": "https://www.iryou.teikyouseido.mhlw.go.jp/znk-web/juminkanja/S2430/initialize?prefCd=22&kikanCd=7220703770&kikanKbn=5", "url2": "https://store.ainj.co.jp/detail/1101593/", "内容": "アイン薬局中東遠総合医療センター店【5:薬局】静岡県掛川市菖蒲ヶ池１－１" }, "geometry": { "type": "Point", "coordinates": [ 137.998087, 34.75645 ] } },
{ "type": "Feature", "properties": { "ID": "2257220703780", "正式名称": "杏林堂薬局菊川調剤センター", "機関区分": 5, "都道府県コード": 22, "市区町村コード": 224, "所在地": "静岡県菊川市本所字万田１３１４－２", "緯度": 34.746925, "経度": 138.097721, "url": "https://www.iryou.teikyouseido.mhlw.go.jp/znk-web/juminkanja/S2430/initialize?prefCd=22&kikanCd=7220703780&kikanKbn=5", "url2": "https://www.kyorindo.co.jp/shop/?cm=v&id=2068", "内容": "杏林堂薬局菊川調剤センター【5:薬局】静岡県菊川市本所字万田１３１４－２" }, "geometry": { "type": "Point", "coordinates": [ 138.097721, 34.746925 ] } },
{ "type": "Feature", "properties": { "ID": "2257220703790", "正式名称": "エール薬局　大原店", "機関区分": 5, "都道府県コード": 22, "市区町村コード": 211, "所在地": "静岡県磐田市大原９３－１", "緯度": 34.704181, "経度": 137.863123, "url": "https://www.iryou.teikyouseido.mhlw.go.jp/znk-web/juminkanja/S2430/initialize?prefCd=22&kikanCd=7220703790&kikanKbn=5", "url2": "https://www.forall-inc.com/", "内容": "エール薬局　大原店【5:薬局】静岡県磐田市大原９３－１" }, "geometry": { "type": "Point", "coordinates": [ 137.863123, 34.704181 ] } },
{ "type": "Feature", "properties": { "ID": "2257220703800", "正式名称": "ウエルシア薬局イオンタウン湖西新居店", "機関区分": 5, "都道府県コード": 22, "市区町村コード": 221, "所在地": "静岡県湖西市新居町新居２５０ー１１イオンタウン湖西新居内", "緯度": 34.689849, "経度": 137.566515, "url": "https://www.iryou.teikyouseido.mhlw.go.jp/znk-web/juminkanja/S2430/initialize?prefCd=22&kikanCd=7220703800&kikanKbn=5", "url2": null, "内容": "ウエルシア薬局イオンタウン湖西新居店【5:薬局】静岡県湖西市新居町新居２５０ー１１イオンタウン湖西新居内" }, "geometry": { "type": "Point", "coordinates": [ 137.566515, 34.689849 ] } },
{ "type": "Feature", "properties": { "ID": "2257220703810", "正式名称": "ミキ薬局", "機関区分": 5, "都道府県コード": 22, "市区町村コード": 461, "所在地": "静岡県周智郡森町草ケ谷４１０－１", "緯度": 34.824681, "経度": 137.919327, "url": "https://www.iryou.teikyouseido.mhlw.go.jp/znk-web/juminkanja/S2430/initialize?prefCd=22&kikanCd=7220703810&kikanKbn=5", "url2": null, "内容": "ミキ薬局【5:薬局】静岡県周智郡森町草ケ谷４１０－１" }, "geometry": { "type": "Point", "coordinates": [ 137.919327, 34.824681 ] } },
{ "type": "Feature", "properties": { "ID": "2257220703820", "正式名称": "なかいずみ薬局", "機関区分": 5, "都道府県コード": 22, "市区町村コード": 211, "所在地": "静岡県磐田市中泉２９２３－１", "緯度": 34.714822, "経度": 137.840697, "url": "https://www.iryou.teikyouseido.mhlw.go.jp/znk-web/juminkanja/S2430/initialize?prefCd=22&kikanCd=7220703820&kikanKbn=5", "url2": null, "内容": "なかいずみ薬局【5:薬局】静岡県磐田市中泉２９２３－１" }, "geometry": { "type": "Point", "coordinates": [ 137.840697, 34.714822 ] } },
{ "type": "Feature", "properties": { "ID": "2257220703830", "正式名称": "杏林堂薬局竜洋店", "機関区分": 5, "都道府県コード": 22, "市区町村コード": 211, "所在地": "静岡県磐田市岡１００１－１", "緯度": 34.673659, "経度": 137.815393, "url": "https://www.iryou.teikyouseido.mhlw.go.jp/znk-web/juminkanja/S2430/initialize?prefCd=22&kikanCd=7220703830&kikanKbn=5", "url2": "https://www.kyorindo.co.jp/", "内容": "杏林堂薬局竜洋店【5:薬局】静岡県磐田市岡１００１－１" }, "geometry": { "type": "Point", "coordinates": [ 137.815393, 34.673659 ] } },
{ "type": "Feature", "properties": { "ID": "2257220703850", "正式名称": "あおい薬局城之崎店", "機関区分": 5, "都道府県コード": 22, "市区町村コード": 211, "所在地": "静岡県磐田市城之崎３丁目７ー２２", "緯度": 34.718751, "経度": 137.868208, "url": "https://www.iryou.teikyouseido.mhlw.go.jp/znk-web/juminkanja/S2430/initialize?prefCd=22&kikanCd=7220703850&kikanKbn=5", "url2": "https://aoigroup.jp/", "内容": "あおい薬局城之崎店【5:薬局】静岡県磐田市城之崎３丁目７ー２２" }, "geometry": { "type": "Point", "coordinates": [ 137.868208, 34.718751 ] } },
{ "type": "Feature", "properties": { "ID": "2257220703860", "正式名称": "なかじま薬局", "機関区分": 5, "都道府県コード": 22, "市区町村コード": 224, "所在地": "静岡県菊川市仲島１－１３－１", "緯度": 34.756869, "経度": 138.0932, "url": "https://www.iryou.teikyouseido.mhlw.go.jp/znk-web/juminkanja/S2430/initialize?prefCd=22&kikanCd=7220703860&kikanKbn=5", "url2": "https://www.among.co.jp/", "内容": "なかじま薬局【5:薬局】静岡県菊川市仲島１－１３－１" }, "geometry": { "type": "Point", "coordinates": [ 138.0932, 34.756869 ] } },
{ "type": "Feature", "properties": { "ID": "2257220703870", "正式名称": "ひとつぼし薬局", "機関区分": 5, "都道府県コード": 22, "市区町村コード": 211, "所在地": "静岡県磐田市今之浦１－１－１５", "緯度": 34.714974, "経度": 137.866183, "url": "https://www.iryou.teikyouseido.mhlw.go.jp/znk-web/juminkanja/S2430/initialize?prefCd=22&kikanCd=7220703870&kikanKbn=5", "url2": "https://hitotsuboshi-pharmacy.jp", "内容": "ひとつぼし薬局【5:薬局】静岡県磐田市今之浦１－１－１５" }, "geometry": { "type": "Point", "coordinates": [ 137.866183, 34.714974 ] } },
{ "type": "Feature", "properties": { "ID": "2257220703880", "正式名称": "ほうじょう薬局", "機関区分": 5, "都道府県コード": 22, "市区町村コード": 216, "所在地": "静岡県袋井市方丈３－５－８", "緯度": 34.748903, "経度": 137.926575, "url": "https://www.iryou.teikyouseido.mhlw.go.jp/znk-web/juminkanja/S2430/initialize?prefCd=22&kikanCd=7220703880&kikanKbn=5", "url2": "https://kuroyanagi-pharmacy.com/access/hojo_pharmacy/", "内容": "ほうじょう薬局【5:薬局】静岡県袋井市方丈３－５－８" }, "geometry": { "type": "Point", "coordinates": [ 137.926575, 34.748903 ] } },
{ "type": "Feature", "properties": { "ID": "2257220703900", "正式名称": "新居いずみ薬局", "機関区分": 5, "都道府県コード": 22, "市区町村コード": 221, "所在地": "静岡県湖西市新居町新居１３２３－１", "緯度": 34.695431, "経度": 137.559549, "url": "https://www.iryou.teikyouseido.mhlw.go.jp/znk-web/juminkanja/S2430/initialize?prefCd=22&kikanCd=7220703900&kikanKbn=5", "url2": "https://e-bond.info/withs/", "内容": "新居いずみ薬局【5:薬局】静岡県湖西市新居町新居１３２３－１" }, "geometry": { "type": "Point", "coordinates": [ 137.559549, 34.695431 ] } },
{ "type": "Feature", "properties": { "ID": "2257220703910", "正式名称": "新居とんぼ薬局", "機関区分": 5, "都道府県コード": 22, "市区町村コード": 221, "所在地": "静岡県湖西市新居町新居３３６２－２", "緯度": 34.6941, "経度": 137.564856, "url": "https://www.iryou.teikyouseido.mhlw.go.jp/znk-web/juminkanja/S2430/initialize?prefCd=22&kikanCd=7220703910&kikanKbn=5", "url2": "https://e-bond.info/withs/", "内容": "新居とんぼ薬局【5:薬局】静岡県湖西市新居町新居３３６２－２" }, "geometry": { "type": "Point", "coordinates": [ 137.564856, 34.6941 ] } },
{ "type": "Feature", "properties": { "ID": "2257220703920", "正式名称": "湖西センター薬局", "機関区分": 5, "都道府県コード": 22, "市区町村コード": 221, "所在地": "静岡県湖西市鷲津１２２９－１２", "緯度": 34.713232, "経度": 137.548164, "url": "https://www.iryou.teikyouseido.mhlw.go.jp/znk-web/juminkanja/S2430/initialize?prefCd=22&kikanCd=7220703920&kikanKbn=5", "url2": null, "内容": "湖西センター薬局【5:薬局】静岡県湖西市鷲津１２２９－１２" }, "geometry": { "type": "Point", "coordinates": [ 137.548164, 34.713232 ] } },
{ "type": "Feature", "properties": { "ID": "2257220703930", "正式名称": "杏林堂薬局岩井店", "機関区分": 5, "都道府県コード": 22, "市区町村コード": 211, "所在地": "静岡県磐田市岩井１８９３番地３", "緯度": 34.740528, "経度": 137.877732, "url": "https://www.iryou.teikyouseido.mhlw.go.jp/znk-web/juminkanja/S2430/initialize?prefCd=22&kikanCd=7220703930&kikanKbn=5", "url2": "https://shop.tsuruha-g.com/2152", "内容": "杏林堂薬局岩井店【5:薬局】静岡県磐田市岩井１８９３番地３" }, "geometry": { "type": "Point", "coordinates": [ 137.877732, 34.740528 ] } },
{ "type": "Feature", "properties": { "ID": "2257220703940", "正式名称": "杏林堂薬局森町店", "機関区分": 5, "都道府県コード": 22, "市区町村コード": 461, "所在地": "静岡県周智郡森町草ケ谷４１３番地", "緯度": 34.826591, "経度": 137.915581, "url": "https://www.iryou.teikyouseido.mhlw.go.jp/znk-web/juminkanja/S2430/initialize?prefCd=22&kikanCd=7220703940&kikanKbn=5", "url2": "kyorindo.co.jp", "内容": "杏林堂薬局森町店【5:薬局】静岡県周智郡森町草ケ谷４１３番地" }, "geometry": { "type": "Point", "coordinates": [ 137.915581, 34.826591 ] } },
{ "type": "Feature", "properties": { "ID": "2257220703950", "正式名称": "ウエルシア薬局掛川中方店", "機関区分": 5, "都道府県コード": 22, "市区町村コード": 213, "所在地": "静岡県掛川市中方４４９番地", "緯度": 34.71255, "経度": 138.057177, "url": "https://www.iryou.teikyouseido.mhlw.go.jp/znk-web/juminkanja/S2430/initialize?prefCd=22&kikanCd=7220703950&kikanKbn=5", "url2": "https://www.welcia-yakkyoku.co.jp", "内容": "ウエルシア薬局掛川中方店【5:薬局】静岡県掛川市中方４４９番地" }, "geometry": { "type": "Point", "coordinates": [ 138.057177, 34.71255 ] } },
{ "type": "Feature", "properties": { "ID": "2257220703960", "正式名称": "あい薬局", "機関区分": 5, "都道府県コード": 22, "市区町村コード": 213, "所在地": "静岡県掛川市長谷１３５０－１", "緯度": 34.76722, "経度": 137.995607, "url": "https://www.iryou.teikyouseido.mhlw.go.jp/znk-web/juminkanja/S2430/initialize?prefCd=22&kikanCd=7220703960&kikanKbn=5", "url2": null, "内容": "あい薬局【5:薬局】静岡県掛川市長谷１３５０－１" }, "geometry": { "type": "Point", "coordinates": [ 137.995607, 34.76722 ] } },
{ "type": "Feature", "properties": { "ID": "2257220703970", "正式名称": "あおい薬局袋井南店", "機関区分": 5, "都道府県コード": 22, "市区町村コード": 216, "所在地": "静岡県袋井市浅岡２７５－１", "緯度": 34.705684, "経度": 137.914342, "url": "https://www.iryou.teikyouseido.mhlw.go.jp/znk-web/juminkanja/S2430/initialize?prefCd=22&kikanCd=7220703970&kikanKbn=5", "url2": "https://www.aoigroup.jp/", "内容": "あおい薬局袋井南店【5:薬局】静岡県袋井市浅岡２７５－１" }, "geometry": { "type": "Point", "coordinates": [ 137.914342, 34.705684 ] } },
{ "type": "Feature", "properties": { "ID": "2257220703980", "正式名称": "ウエルシア薬局湖西新所岡崎店", "機関区分": 5, "都道府県コード": 22, "市区町村コード": 221, "所在地": "静岡県湖西市新所・岡崎・梅田入会地１５－４", "緯度": 34.725603, "経度": 137.491133, "url": "https://www.iryou.teikyouseido.mhlw.go.jp/znk-web/juminkanja/S2430/initialize?prefCd=22&kikanCd=7220703980&kikanKbn=5", "url2": "https://store.welcia.co.jp/welcia/spot/detail?code=7329D", "内容": "ウエルシア薬局湖西新所岡崎店【5:薬局】静岡県湖西市新所・岡崎・梅田入会地１５－４" }, "geometry": { "type": "Point", "coordinates": [ 137.491133, 34.725603 ] } },
{ "type": "Feature", "properties": { "ID": "2257220703990", "正式名称": "ナガイ薬局", "機関区分": 5, "都道府県コード": 22, "市区町村コード": 216, "所在地": "静岡県袋井市堀越３－８－３", "緯度": 34.756214, "経度": 137.909861, "url": "https://www.iryou.teikyouseido.mhlw.go.jp/znk-web/juminkanja/S2430/initialize?prefCd=22&kikanCd=7220703990&kikanKbn=5", "url2": null, "内容": "ナガイ薬局【5:薬局】静岡県袋井市堀越３－８－３" }, "geometry": { "type": "Point", "coordinates": [ 137.909861, 34.756214 ] } },
{ "type": "Feature", "properties": { "ID": "2257220704000", "正式名称": "ひだまり薬局", "機関区分": 5, "都道府県コード": 22, "市区町村コード": 224, "所在地": "静岡県菊川市奈良野３９－９", "緯度": 34.722964, "経度": 138.084053, "url": "https://www.iryou.teikyouseido.mhlw.go.jp/znk-web/juminkanja/S2430/initialize?prefCd=22&kikanCd=7220704000&kikanKbn=5", "url2": null, "内容": "ひだまり薬局【5:薬局】静岡県菊川市奈良野３９－９" }, "geometry": { "type": "Point", "coordinates": [ 138.084053, 34.722964 ] } },
{ "type": "Feature", "properties": { "ID": "2257220704010", "正式名称": "ひまわり薬局", "機関区分": 5, "都道府県コード": 22, "市区町村コード": 213, "所在地": "静岡県掛川市中６３０－７", "緯度": 34.678552, "経度": 138.065192, "url": "https://www.iryou.teikyouseido.mhlw.go.jp/znk-web/juminkanja/S2430/initialize?prefCd=22&kikanCd=7220704010&kikanKbn=5", "url2": "https://atenapharmacy.jp/", "内容": "ひまわり薬局【5:薬局】静岡県掛川市中６３０－７" }, "geometry": { "type": "Point", "coordinates": [ 138.065192, 34.678552 ] } },
{ "type": "Feature", "properties": { "ID": "2257220704020", "正式名称": "成滝いちば薬局", "機関区分": 5, "都道府県コード": 22, "市区町村コード": 213, "所在地": "静岡県掛川市成滝４８０－６", "緯度": 34.778706, "経度": 138.033, "url": "https://www.iryou.teikyouseido.mhlw.go.jp/znk-web/juminkanja/S2430/initialize?prefCd=22&kikanCd=7220704020&kikanKbn=5", "url2": "https://www.among.co.jp/", "内容": "成滝いちば薬局【5:薬局】静岡県掛川市成滝４８０－６" }, "geometry": { "type": "Point", "coordinates": [ 138.033, 34.778706 ] } },
{ "type": "Feature", "properties": { "ID": "2257220704030", "正式名称": "このみ薬局みくりや店", "機関区分": 5, "都道府県コード": 22, "市区町村コード": 211, "所在地": "静岡県磐田市鎌田２２１１－３・３６－５－２", "緯度": 34.714916, "経度": 137.886571, "url": "https://www.iryou.teikyouseido.mhlw.go.jp/znk-web/juminkanja/S2430/initialize?prefCd=22&kikanCd=7220704030&kikanKbn=5", "url2": "https://konomimikuriya.kaenguma.com", "内容": "このみ薬局みくりや店【5:薬局】静岡県磐田市鎌田２２１１－３・３６－５－２" }, "geometry": { "type": "Point", "coordinates": [ 137.886571, 34.714916 ] } },
{ "type": "Feature", "properties": { "ID": "2257220704040", "正式名称": "リンク薬局福田店", "機関区分": 5, "都道府県コード": 22, "市区町村コード": 211, "所在地": "静岡県磐田市一色２１－２", "緯度": 34.678347, "経度": 137.856702, "url": "https://www.iryou.teikyouseido.mhlw.go.jp/znk-web/juminkanja/S2430/initialize?prefCd=22&kikanCd=7220704040&kikanKbn=5", "url2": "https://k2link.co.jp/", "内容": "リンク薬局福田店【5:薬局】静岡県磐田市一色２１－２" }, "geometry": { "type": "Point", "coordinates": [ 137.856702, 34.678347 ] } },
{ "type": "Feature", "properties": { "ID": "2257220704050", "正式名称": "杏林堂薬局磐田在宅調剤センター", "機関区分": 5, "都道府県コード": 22, "市区町村コード": 211, "所在地": "静岡県磐田市小立野３－１０", "緯度": 34.724088, "経度": 137.820844, "url": "https://www.iryou.teikyouseido.mhlw.go.jp/znk-web/juminkanja/S2430/initialize?prefCd=22&kikanCd=7220704050&kikanKbn=5", "url2": "https://www.kyorindo.co.jp/", "内容": "杏林堂薬局磐田在宅調剤センター【5:薬局】静岡県磐田市小立野３－１０" }, "geometry": { "type": "Point", "coordinates": [ 137.820844, 34.724088 ] } },
{ "type": "Feature", "properties": { "ID": "2257220704060", "正式名称": "とみさと薬局", "機関区分": 5, "都道府県コード": 22, "市区町村コード": 211, "所在地": "静岡県磐田市富里３９－３", "緯度": 34.754728, "経度": 137.831917, "url": "https://www.iryou.teikyouseido.mhlw.go.jp/znk-web/juminkanja/S2430/initialize?prefCd=22&kikanCd=7220704060&kikanKbn=5", "url2": null, "内容": "とみさと薬局【5:薬局】静岡県磐田市富里３９－３" }, "geometry": { "type": "Point", "coordinates": [ 137.831917, 34.754728 ] } },
{ "type": "Feature", "properties": { "ID": "2257220704070", "正式名称": "ききょう薬局菊川店", "機関区分": 5, "都道府県コード": 22, "市区町村コード": 224, "所在地": "静岡県菊川市半済５３７－１", "緯度": 34.735036, "経度": 138.09867, "url": "https://www.iryou.teikyouseido.mhlw.go.jp/znk-web/juminkanja/S2430/initialize?prefCd=22&kikanCd=7220704070&kikanKbn=5", "url2": "https://www.marinegroup.jp/", "内容": "ききょう薬局菊川店【5:薬局】静岡県菊川市半済５３７－１" }, "geometry": { "type": "Point", "coordinates": [ 138.09867, 34.735036 ] } },
{ "type": "Feature", "properties": { "ID": "2257220704080", "正式名称": "ききょう薬局浜岡店", "機関区分": 5, "都道府県コード": 22, "市区町村コード": 223, "所在地": "静岡県御前崎市池新田２０１６－２", "緯度": 34.645578, "経度": 138.117522, "url": "https://www.iryou.teikyouseido.mhlw.go.jp/znk-web/juminkanja/S2430/initialize?prefCd=22&kikanCd=7220704080&kikanKbn=5", "url2": null, "内容": "ききょう薬局浜岡店【5:薬局】静岡県御前崎市池新田２０１６－２" }, "geometry": { "type": "Point", "coordinates": [ 138.117522, 34.645578 ] } },
{ "type": "Feature", "properties": { "ID": "2257220704090", "正式名称": "エス薬局", "機関区分": 5, "都道府県コード": 22, "市区町村コード": 211, "所在地": "静岡県磐田市中泉１４７５－７", "緯度": 34.710569, "経度": 137.847505, "url": "https://www.iryou.teikyouseido.mhlw.go.jp/znk-web/juminkanja/S2430/initialize?prefCd=22&kikanCd=7220704090&kikanKbn=5", "url2": null, "内容": "エス薬局【5:薬局】静岡県磐田市中泉１４７５－７" }, "geometry": { "type": "Point", "coordinates": [ 137.847505, 34.710569 ] } },
{ "type": "Feature", "properties": { "ID": "2257220704110", "正式名称": "エール薬局　森岡店", "機関区分": 5, "都道府県コード": 22, "市区町村コード": 211, "所在地": "静岡県磐田市森岡１６０－３", "緯度": 34.728523, "経度": 137.823119, "url": "https://www.iryou.teikyouseido.mhlw.go.jp/znk-web/juminkanja/S2430/initialize?prefCd=22&kikanCd=7220704110&kikanKbn=5", "url2": "https://www.forall-inc.com/", "内容": "エール薬局　森岡店【5:薬局】静岡県磐田市森岡１６０－３" }, "geometry": { "type": "Point", "coordinates": [ 137.823119, 34.728523 ] } },
{ "type": "Feature", "properties": { "ID": "2257220800010", "正式名称": "（有）静薬局", "機関区分": 5, "都道府県コード": 22, "市区町村コード": 101, "所在地": "静岡県静岡市葵区駒形通２丁目２－４", "緯度": 34.969636, "経度": 138.378189, "url": "https://www.iryou.teikyouseido.mhlw.go.jp/znk-web/juminkanja/S2430/initialize?prefCd=22&kikanCd=7220800010&kikanKbn=5", "url2": null, "内容": "（有）静薬局【5:薬局】静岡県静岡市葵区駒形通２丁目２－４" }, "geometry": { "type": "Point", "coordinates": [ 138.378189, 34.969636 ] } },
{ "type": "Feature", "properties": { "ID": "2257220800050", "正式名称": "あおい薬局", "機関区分": 5, "都道府県コード": 22, "市区町村コード": 101, "所在地": "静岡県静岡市葵区田町２丁目３－３", "緯度": 34.974552, "経度": 138.367412, "url": "https://www.iryou.teikyouseido.mhlw.go.jp/znk-web/juminkanja/S2430/initialize?prefCd=22&kikanCd=7220800050&kikanKbn=5", "url2": null, "内容": "あおい薬局【5:薬局】静岡県静岡市葵区田町２丁目３－３" }, "geometry": { "type": "Point", "coordinates": [ 138.367412, 34.974552 ] } },
{ "type": "Feature", "properties": { "ID": "2257220800060", "正式名称": "あおば薬局呉服町店", "機関区分": 5, "都道府県コード": 22, "市区町村コード": 101, "所在地": "静岡県静岡市葵区呉服町１丁目５－２　法月ビル１Ｆ", "緯度": 34.975858, "経度": 138.379938, "url": "https://www.iryou.teikyouseido.mhlw.go.jp/znk-web/juminkanja/S2430/initialize?prefCd=22&kikanCd=7220800060&kikanKbn=5", "url2": "http://www.e-yci.co.jp/", "内容": "あおば薬局呉服町店【5:薬局】静岡県静岡市葵区呉服町１丁目５－２　法月ビル１Ｆ" }, "geometry": { "type": "Point", "coordinates": [ 138.379938, 34.975858 ] } },
{ "type": "Feature", "properties": { "ID": "2257220800080", "正式名称": "あおば薬局水道町店", "機関区分": 5, "都道府県コード": 22, "市区町村コード": 101, "所在地": "静岡県静岡市葵区水道町２７番１", "緯度": 34.985635, "経度": 138.369216, "url": "https://www.iryou.teikyouseido.mhlw.go.jp/znk-web/juminkanja/S2430/initialize?prefCd=22&kikanCd=7220800080&kikanKbn=5", "url2": "http://www.e-yci.co.jp/", "内容": "あおば薬局水道町店【5:薬局】静岡県静岡市葵区水道町２７番１" }, "geometry": { "type": "Point", "coordinates": [ 138.369216, 34.985635 ] } },
{ "type": "Feature", "properties": { "ID": "2257220800090", "正式名称": "あおば薬局中央店", "機関区分": 5, "都道府県コード": 22, "市区町村コード": 101, "所在地": "静岡県静岡市葵区馬場町８レーベンビル１Ｆ", "緯度": 34.977893, "経度": 138.378519, "url": "https://www.iryou.teikyouseido.mhlw.go.jp/znk-web/juminkanja/S2430/initialize?prefCd=22&kikanCd=7220800090&kikanKbn=5", "url2": "http://www.e-yci.co.jp/", "内容": "あおば薬局中央店【5:薬局】静岡県静岡市葵区馬場町８レーベンビル１Ｆ" }, "geometry": { "type": "Point", "coordinates": [ 138.378519, 34.977893 ] } },
{ "type": "Feature", "properties": { "ID": "2257220800130", "正式名称": "アップル薬局　伝馬町店", "機関区分": 5, "都道府県コード": 22, "市区町村コード": 101, "所在地": "静岡県静岡市葵区伝馬町８番地の１　サンローゼビル１Ｆ", "緯度": 34.974942, "経度": 138.387132, "url": "https://www.iryou.teikyouseido.mhlw.go.jp/znk-web/juminkanja/S2430/initialize?prefCd=22&kikanCd=7220800130&kikanKbn=5", "url2": null, "内容": "アップル薬局　伝馬町店【5:薬局】静岡県静岡市葵区伝馬町８番地の１　サンローゼビル１Ｆ" }, "geometry": { "type": "Point", "coordinates": [ 138.387132, 34.974942 ] } },
{ "type": "Feature", "properties": { "ID": "2257220800150", "正式名称": "あんず薬局", "機関区分": 5, "都道府県コード": 22, "市区町村コード": 101, "所在地": "静岡県静岡市葵区千代田六丁目１５－２１", "緯度": 34.999023, "経度": 138.406796, "url": "https://www.iryou.teikyouseido.mhlw.go.jp/znk-web/juminkanja/S2430/initialize?prefCd=22&kikanCd=7220800150&kikanKbn=5", "url2": null, "内容": "あんず薬局【5:薬局】静岡県静岡市葵区千代田六丁目１５－２１" }, "geometry": { "type": "Point", "coordinates": [ 138.406796, 34.999023 ] } },
{ "type": "Feature", "properties": { "ID": "2257220800180", "正式名称": "石川薬局沓谷店", "機関区分": 5, "都道府県コード": 22, "市区町村コード": 101, "所在地": "静岡県静岡市葵区沓谷５丁目１２番１１号", "緯度": 34.99769, "経度": 138.412712, "url": "https://www.iryou.teikyouseido.mhlw.go.jp/znk-web/juminkanja/S2430/initialize?prefCd=22&kikanCd=7220800180&kikanKbn=5", "url2": "http://www.zefirusu.com", "内容": "石川薬局沓谷店【5:薬局】静岡県静岡市葵区沓谷５丁目１２番１１号" }, "geometry": { "type": "Point", "coordinates": [ 138.412712, 34.99769 ] } },
{ "type": "Feature", "properties": { "ID": "2257220800190", "正式名称": "医心堂薬局", "機関区分": 5, "都道府県コード": 22, "市区町村コード": 101, "所在地": "静岡県静岡市葵区紺屋町５－１０", "緯度": 34.972358, "経度": 138.385716, "url": "https://www.iryou.teikyouseido.mhlw.go.jp/znk-web/juminkanja/S2430/initialize?prefCd=22&kikanCd=7220800190&kikanKbn=5", "url2": "http://www.ishindo.net", "内容": "医心堂薬局【5:薬局】静岡県静岡市葵区紺屋町５－１０" }, "geometry": { "type": "Point", "coordinates": [ 138.385716, 34.972358 ] } },
{ "type": "Feature", "properties": { "ID": "2257220800200", "正式名称": "いちご薬局", "機関区分": 5, "都道府県コード": 22, "市区町村コード": 101, "所在地": "静岡県静岡市葵区伝馬町１２－２０", "緯度": 34.974608, "経度": 138.389799, "url": "https://www.iryou.teikyouseido.mhlw.go.jp/znk-web/juminkanja/S2430/initialize?prefCd=22&kikanCd=7220800200&kikanKbn=5", "url2": null, "内容": "いちご薬局【5:薬局】静岡県静岡市葵区伝馬町１２－２０" }, "geometry": { "type": "Point", "coordinates": [ 138.389799, 34.974608 ] } },
{ "type": "Feature", "properties": { "ID": "2257220800230", "正式名称": "いのみや薬局", "機関区分": 5, "都道府県コード": 22, "市区町村コード": 101, "所在地": "静岡県静岡市葵区井宮町１０３－２", "緯度": 34.986884, "経度": 138.370216, "url": "https://www.iryou.teikyouseido.mhlw.go.jp/znk-web/juminkanja/S2430/initialize?prefCd=22&kikanCd=7220800230&kikanKbn=5", "url2": null, "内容": "いのみや薬局【5:薬局】静岡県静岡市葵区井宮町１０３－２" }, "geometry": { "type": "Point", "coordinates": [ 138.370216, 34.986884 ] } },
{ "type": "Feature", "properties": { "ID": "2257220800260", "正式名称": "エース薬局", "機関区分": 5, "都道府県コード": 22, "市区町村コード": 101, "所在地": "静岡県静岡市葵区西草深町５－９", "緯度": 34.980456, "経度": 138.37911, "url": "https://www.iryou.teikyouseido.mhlw.go.jp/znk-web/juminkanja/S2430/initialize?prefCd=22&kikanCd=7220800260&kikanKbn=5", "url2": null, "内容": "エース薬局【5:薬局】静岡県静岡市葵区西草深町５－９" }, "geometry": { "type": "Point", "coordinates": [ 138.37911, 34.980456 ] } },
{ "type": "Feature", "properties": { "ID": "2257220800280", "正式名称": "エルダーあさひ薬局", "機関区分": 5, "都道府県コード": 22, "市区町村コード": 101, "所在地": "静岡県静岡市葵区籠上１３－１７", "緯度": 34.992662, "経度": 138.368327, "url": "https://www.iryou.teikyouseido.mhlw.go.jp/znk-web/juminkanja/S2430/initialize?prefCd=22&kikanCd=7220800280&kikanKbn=5", "url2": "http://www2.ocn.ne.jp/~e-asahi/index2.html", "内容": "エルダーあさひ薬局【5:薬局】静岡県静岡市葵区籠上１３－１７" }, "geometry": { "type": "Point", "coordinates": [ 138.368327, 34.992662 ] } },
{ "type": "Feature", "properties": { "ID": "2257220800360", "正式名称": "株式会社唐木屋薬局", "機関区分": 5, "都道府県コード": 22, "市区町村コード": 101, "所在地": "静岡県静岡市葵区呉服町２－２－７", "緯度": 34.97458, "経度": 138.382244, "url": "https://www.iryou.teikyouseido.mhlw.go.jp/znk-web/juminkanja/S2430/initialize?prefCd=22&kikanCd=7220800360&kikanKbn=5", "url2": null, "内容": "株式会社唐木屋薬局【5:薬局】静岡県静岡市葵区呉服町２－２－７" }, "geometry": { "type": "Point", "coordinates": [ 138.382244, 34.97458 ] } },
{ "type": "Feature", "properties": { "ID": "2257220800370", "正式名称": "株式会社コマガタ薬局", "機関区分": 5, "都道府県コード": 22, "市区町村コード": 101, "所在地": "静岡県静岡市葵区駒形通５丁目３－１６", "緯度": 34.965081, "経度": 138.375467, "url": "https://www.iryou.teikyouseido.mhlw.go.jp/znk-web/juminkanja/S2430/initialize?prefCd=22&kikanCd=7220800370&kikanKbn=5", "url2": null, "内容": "株式会社コマガタ薬局【5:薬局】静岡県静岡市葵区駒形通５丁目３－１６" }, "geometry": { "type": "Point", "coordinates": [ 138.375467, 34.965081 ] } },
{ "type": "Feature", "properties": { "ID": "2257220800380", "正式名称": "株式会社平尾薬局", "機関区分": 5, "都道府県コード": 22, "市区町村コード": 101, "所在地": "静岡県静岡市葵区呉服町二丁目７－２", "緯度": 34.973997, "経度": 138.384327, "url": "https://www.iryou.teikyouseido.mhlw.go.jp/znk-web/juminkanja/S2430/initialize?prefCd=22&kikanCd=7220800380&kikanKbn=5", "url2": null, "内容": "株式会社平尾薬局【5:薬局】静岡県静岡市葵区呉服町二丁目７－２" }, "geometry": { "type": "Point", "coordinates": [ 138.384327, 34.973997 ] } },
{ "type": "Feature", "properties": { "ID": "2257220800400", "正式名称": "杏林堂薬局瀬名川店", "機関区分": 5, "都道府県コード": 22, "市区町村コード": 101, "所在地": "静岡県静岡市葵区瀬名川２－２９－３５", "緯度": 35.008636, "経度": 138.426023, "url": "https://www.iryou.teikyouseido.mhlw.go.jp/znk-web/juminkanja/S2430/initialize?prefCd=22&kikanCd=7220800400&kikanKbn=5", "url2": "http://www.kyorindo.co.jp", "内容": "杏林堂薬局瀬名川店【5:薬局】静岡県静岡市葵区瀬名川２－２９－３５" }, "geometry": { "type": "Point", "coordinates": [ 138.426023, 35.008636 ] } },
{ "type": "Feature", "properties": { "ID": "2257220800410", "正式名称": "くすり自然堂薬局　県立総合病院前店", "機関区分": 5, "都道府県コード": 22, "市区町村コード": 101, "所在地": "静岡県静岡市葵区北安東４丁目２５－３４", "緯度": 35.0048, "経度": 138.387825, "url": "https://www.iryou.teikyouseido.mhlw.go.jp/znk-web/juminkanja/S2430/initialize?prefCd=22&kikanCd=7220800410&kikanKbn=5", "url2": "https://www.kusurishizendo.com", "内容": "くすり自然堂薬局　県立総合病院前店【5:薬局】静岡県静岡市葵区北安東４丁目２５－３４" }, "geometry": { "type": "Point", "coordinates": [ 138.387825, 35.0048 ] } },
{ "type": "Feature", "properties": { "ID": "2257220800490", "正式名称": "さくらんぼ薬局", "機関区分": 5, "都道府県コード": 22, "市区町村コード": 101, "所在地": "静岡県静岡市葵区足久保口組１２７－５", "緯度": 35.043107, "経度": 138.365493, "url": "https://www.iryou.teikyouseido.mhlw.go.jp/znk-web/juminkanja/S2430/initialize?prefCd=22&kikanCd=7220800490&kikanKbn=5", "url2": null, "内容": "さくらんぼ薬局【5:薬局】静岡県静岡市葵区足久保口組１２７－５" }, "geometry": { "type": "Point", "coordinates": [ 138.365493, 35.043107 ] } },
{ "type": "Feature", "properties": { "ID": "2257220800590", "正式名称": "鈴長薬局", "機関区分": 5, "都道府県コード": 22, "市区町村コード": 101, "所在地": "静岡県静岡市葵区安西五丁目１８番地", "緯度": 34.976024, "経度": 138.365773, "url": "https://www.iryou.teikyouseido.mhlw.go.jp/znk-web/juminkanja/S2430/initialize?prefCd=22&kikanCd=7220800590&kikanKbn=5", "url2": "https://suzuchou1.web.fc2.com/index.html", "内容": "鈴長薬局【5:薬局】静岡県静岡市葵区安西五丁目１８番地" }, "geometry": { "type": "Point", "coordinates": [ 138.365773, 34.976024 ] } },
{ "type": "Feature", "properties": { "ID": "2257220800600", "正式名称": "鈴長薬局一番町店", "機関区分": 5, "都道府県コード": 22, "市区町村コード": 101, "所在地": "静岡県静岡市葵区一番町１１－１", "緯度": 34.975275, "経度": 138.374828, "url": "https://www.iryou.teikyouseido.mhlw.go.jp/znk-web/juminkanja/S2430/initialize?prefCd=22&kikanCd=7220800600&kikanKbn=5", "url2": "https://suzuchou1.web.fc2.com/index.html", "内容": "鈴長薬局一番町店【5:薬局】静岡県静岡市葵区一番町１１－１" }, "geometry": { "type": "Point", "coordinates": [ 138.374828, 34.975275 ] } },
{ "type": "Feature", "properties": { "ID": "2257220800610", "正式名称": "鈴長薬局上足洗店", "機関区分": 5, "都道府県コード": 22, "市区町村コード": 101, "所在地": "静岡県静岡市葵区上足洗一丁目２－３２　サンピュア上足１０１", "緯度": 34.988274, "経度": 138.39627, "url": "https://www.iryou.teikyouseido.mhlw.go.jp/znk-web/juminkanja/S2430/initialize?prefCd=22&kikanCd=7220800610&kikanKbn=5", "url2": "https://suzuchou1.web.fc2.com/index.html", "内容": "鈴長薬局上足洗店【5:薬局】静岡県静岡市葵区上足洗一丁目２－３２　サンピュア上足１０１" }, "geometry": { "type": "Point", "coordinates": [ 138.39627, 34.988274 ] } },
{ "type": "Feature", "properties": { "ID": "2257220800630", "正式名称": "鈴長薬局水落店", "機関区分": 5, "都道府県コード": 22, "市区町村コード": 101, "所在地": "静岡県静岡市葵区水落町１３－１６", "緯度": 34.983191, "経度": 138.386548, "url": "https://www.iryou.teikyouseido.mhlw.go.jp/znk-web/juminkanja/S2430/initialize?prefCd=22&kikanCd=7220800630&kikanKbn=5", "url2": "https://suzuchou1.web.fc2.com/index.html", "内容": "鈴長薬局水落店【5:薬局】静岡県静岡市葵区水落町１３－１６" }, "geometry": { "type": "Point", "coordinates": [ 138.386548, 34.983191 ] } },
{ "type": "Feature", "properties": { "ID": "2257220800640", "正式名称": "すずらん薬局", "機関区分": 5, "都道府県コード": 22, "市区町村コード": 101, "所在地": "静岡県静岡市葵区瀬名川１丁目２２－３", "緯度": 35.0038, "経度": 138.425294, "url": "https://www.iryou.teikyouseido.mhlw.go.jp/znk-web/juminkanja/S2430/initialize?prefCd=22&kikanCd=7220800640&kikanKbn=5", "url2": "http://www.aidrug.jp", "内容": "すずらん薬局【5:薬局】静岡県静岡市葵区瀬名川１丁目２２－３" }, "geometry": { "type": "Point", "coordinates": [ 138.425294, 35.0038 ] } },
{ "type": "Feature", "properties": { "ID": "2257220800670", "正式名称": "そうごう薬局　北安東店", "機関区分": 5, "都道府県コード": 22, "市区町村コード": 101, "所在地": "静岡県静岡市葵区北安東３丁目２０－１８", "緯度": 35.001689, "経度": 138.385298, "url": "https://www.iryou.teikyouseido.mhlw.go.jp/znk-web/juminkanja/S2430/initialize?prefCd=22&kikanCd=7220800670&kikanKbn=5", "url2": "https://shop.sogo-pharmacy.jp/detail/20/", "内容": "そうごう薬局　北安東店【5:薬局】静岡県静岡市葵区北安東３丁目２０－１８" }, "geometry": { "type": "Point", "coordinates": [ 138.385298, 35.001689 ] } },
{ "type": "Feature", "properties": { "ID": "2257220800680", "正式名称": "大天堂薬局", "機関区分": 5, "都道府県コード": 22, "市区町村コード": 101, "所在地": "静岡県静岡市葵区宮ケ崎町５８", "緯度": 34.981524, "経度": 138.375799, "url": "https://www.iryou.teikyouseido.mhlw.go.jp/znk-web/juminkanja/S2430/initialize?prefCd=22&kikanCd=7220800680&kikanKbn=5", "url2": null, "内容": "大天堂薬局【5:薬局】静岡県静岡市葵区宮ケ崎町５８" }, "geometry": { "type": "Point", "coordinates": [ 138.375799, 34.981524 ] } },
{ "type": "Feature", "properties": { "ID": "2257220800750", "正式名称": "辻本薬局", "機関区分": 5, "都道府県コード": 22, "市区町村コード": 101, "所在地": "静岡県静岡市葵区両替町２丁目２の４　辻本ビル　１Ｆ", "緯度": 34.973692, "経度": 138.381883, "url": "https://www.iryou.teikyouseido.mhlw.go.jp/znk-web/juminkanja/S2430/initialize?prefCd=22&kikanCd=7220800750&kikanKbn=5", "url2": "https://www.tsujimoto-ph.com/", "内容": "辻本薬局【5:薬局】静岡県静岡市葵区両替町２丁目２の４　辻本ビル　１Ｆ" }, "geometry": { "type": "Point", "coordinates": [ 138.381883, 34.973692 ] } },
{ "type": "Feature", "properties": { "ID": "2257220800760", "正式名称": "辻本薬局緑町店", "機関区分": 5, "都道府県コード": 22, "市区町村コード": 101, "所在地": "静岡県静岡市葵区緑町５の７", "緯度": 34.988225, "経度": 138.390454, "url": "https://www.iryou.teikyouseido.mhlw.go.jp/znk-web/juminkanja/S2430/initialize?prefCd=22&kikanCd=7220800760&kikanKbn=5", "url2": "https://www.tsujimoto-ph.com/", "内容": "辻本薬局緑町店【5:薬局】静岡県静岡市葵区緑町５の７" }, "geometry": { "type": "Point", "coordinates": [ 138.390454, 34.988225 ] } },
{ "type": "Feature", "properties": { "ID": "2257220800770", "正式名称": "辻本薬局若松町店", "機関区分": 5, "都道府県コード": 22, "市区町村コード": 101, "所在地": "静岡県静岡市葵区若松町９８－２", "緯度": 34.982996, "経度": 138.366578, "url": "https://www.iryou.teikyouseido.mhlw.go.jp/znk-web/juminkanja/S2430/initialize?prefCd=22&kikanCd=7220800770&kikanKbn=5", "url2": "https://www.tsujimoto-ph.com/", "内容": "辻本薬局若松町店【5:薬局】静岡県静岡市葵区若松町９８－２" }, "geometry": { "type": "Point", "coordinates": [ 138.366578, 34.982996 ] } },
{ "type": "Feature", "properties": { "ID": "2257220800810", "正式名称": "トマス薬局", "機関区分": 5, "都道府県コード": 22, "市区町村コード": 101, "所在地": "静岡県静岡市葵区羽鳥六丁目１－５４", "緯度": 34.982995, "経度": 138.336747, "url": "https://www.iryou.teikyouseido.mhlw.go.jp/znk-web/juminkanja/S2430/initialize?prefCd=22&kikanCd=7220800810&kikanKbn=5", "url2": "http://www.neim.co.jp", "内容": "トマス薬局【5:薬局】静岡県静岡市葵区羽鳥六丁目１－５４" }, "geometry": { "type": "Point", "coordinates": [ 138.336747, 34.982995 ] } },
{ "type": "Feature", "properties": { "ID": "2257220800820", "正式名称": "とまと薬局川合店", "機関区分": 5, "都道府県コード": 22, "市区町村コード": 101, "所在地": "静岡県静岡市葵区上土２丁目１７－１２", "緯度": 35.005689, "経度": 138.409879, "url": "https://www.iryou.teikyouseido.mhlw.go.jp/znk-web/juminkanja/S2430/initialize?prefCd=22&kikanCd=7220800820&kikanKbn=5", "url2": "http://www.tomato-ph.com/", "内容": "とまと薬局川合店【5:薬局】静岡県静岡市葵区上土２丁目１７－１２" }, "geometry": { "type": "Point", "coordinates": [ 138.409879, 35.005689 ] } },
{ "type": "Feature", "properties": { "ID": "2257220800840", "正式名称": "とまと薬局千代田店", "機関区分": 5, "都道府県コード": 22, "市区町村コード": 101, "所在地": "静岡県静岡市葵区千代田７－６－２７", "緯度": 35.002744, "経度": 138.404546, "url": "https://www.iryou.teikyouseido.mhlw.go.jp/znk-web/juminkanja/S2430/initialize?prefCd=22&kikanCd=7220800840&kikanKbn=5", "url2": "https://www.tomato-ph.com/", "内容": "とまと薬局千代田店【5:薬局】静岡県静岡市葵区千代田７－６－２７" }, "geometry": { "type": "Point", "coordinates": [ 138.404546, 35.002744 ] } },
{ "type": "Feature", "properties": { "ID": "2257220800850", "正式名称": "とまと薬局竜南店", "機関区分": 5, "都道府県コード": 22, "市区町村コード": 101, "所在地": "静岡県静岡市葵区竜南一丁目１４－２９", "緯度": 34.998606, "経度": 138.398991, "url": "https://www.iryou.teikyouseido.mhlw.go.jp/znk-web/juminkanja/S2430/initialize?prefCd=22&kikanCd=7220800850&kikanKbn=5", "url2": "http://www.tomato-ph.com/", "内容": "とまと薬局竜南店【5:薬局】静岡県静岡市葵区竜南一丁目１４－２９" }, "geometry": { "type": "Point", "coordinates": [ 138.398991, 34.998606 ] } },
{ "type": "Feature", "properties": { "ID": "2257220800860", "正式名称": "ともえ薬局", "機関区分": 5, "都道府県コード": 22, "市区町村コード": 101, "所在地": "静岡県静岡市葵区古庄二丁目１５－２７", "緯度": 34.997606, "経度": 138.423267, "url": "https://www.iryou.teikyouseido.mhlw.go.jp/znk-web/juminkanja/S2430/initialize?prefCd=22&kikanCd=7220800860&kikanKbn=5", "url2": null, "内容": "ともえ薬局【5:薬局】静岡県静岡市葵区古庄二丁目１５－２７" }, "geometry": { "type": "Point", "coordinates": [ 138.423267, 34.997606 ] } },
{ "type": "Feature", "properties": { "ID": "2257220800870", "正式名称": "ながひさ薬局", "機関区分": 5, "都道府県コード": 22, "市区町村コード": 101, "所在地": "静岡県静岡市葵区新伝馬１丁目１１番６１号", "緯度": 34.998633, "経度": 138.364022, "url": "https://www.iryou.teikyouseido.mhlw.go.jp/znk-web/juminkanja/S2430/initialize?prefCd=22&kikanCd=7220800870&kikanKbn=5", "url2": null, "内容": "ながひさ薬局【5:薬局】静岡県静岡市葵区新伝馬１丁目１１番６１号" }, "geometry": { "type": "Point", "coordinates": [ 138.364022, 34.998633 ] } },
{ "type": "Feature", "properties": { "ID": "2257220800900", "正式名称": "ひばり西草深薬局", "機関区分": 5, "都道府県コード": 22, "市区町村コード": 101, "所在地": "静岡県静岡市葵区西草深町１６－４", "緯度": 34.982135, "経度": 138.378355, "url": "https://www.iryou.teikyouseido.mhlw.go.jp/znk-web/juminkanja/S2430/initialize?prefCd=22&kikanCd=7220800900&kikanKbn=5", "url2": "https://hbrgr.com", "内容": "ひばり西草深薬局【5:薬局】静岡県静岡市葵区西草深町１６－４" }, "geometry": { "type": "Point", "coordinates": [ 138.378355, 34.982135 ] } },
{ "type": "Feature", "properties": { "ID": "2257220800920", "正式名称": "ハート薬局", "機関区分": 5, "都道府県コード": 22, "市区町村コード": 101, "所在地": "静岡県静岡市葵区東鷹匠町４番９号", "緯度": 34.981663, "経度": 138.391131, "url": "https://www.iryou.teikyouseido.mhlw.go.jp/znk-web/juminkanja/S2430/initialize?prefCd=22&kikanCd=7220800920&kikanKbn=5", "url2": "http://www/myph.jp/f-220040", "内容": "ハート薬局【5:薬局】静岡県静岡市葵区東鷹匠町４番９号" }, "geometry": { "type": "Point", "coordinates": [ 138.391131, 34.981663 ] } },
{ "type": "Feature", "properties": { "ID": "2257220800950", "正式名称": "花丸薬局", "機関区分": 5, "都道府県コード": 22, "市区町村コード": 101, "所在地": "静岡県静岡市葵区安倍口新田５７７－１４", "緯度": 35.022186, "経度": 138.362271, "url": "https://www.iryou.teikyouseido.mhlw.go.jp/znk-web/juminkanja/S2430/initialize?prefCd=22&kikanCd=7220800950&kikanKbn=5", "url2": null, "内容": "花丸薬局【5:薬局】静岡県静岡市葵区安倍口新田５７７－１４" }, "geometry": { "type": "Point", "coordinates": [ 138.362271, 35.022186 ] } },
{ "type": "Feature", "properties": { "ID": "2257220801030", "正式名称": "プラス調剤薬局", "機関区分": 5, "都道府県コード": 22, "市区町村コード": 101, "所在地": "静岡県静岡市葵区瀬名三丁目３８番５号", "緯度": 35.022298, "経度": 138.42346, "url": "https://www.iryou.teikyouseido.mhlw.go.jp/znk-web/juminkanja/S2430/initialize?prefCd=22&kikanCd=7220801030&kikanKbn=5", "url2": "https://www.plus-pharma6226.com", "内容": "プラス調剤薬局【5:薬局】静岡県静岡市葵区瀬名三丁目３８番５号" }, "geometry": { "type": "Point", "coordinates": [ 138.42346, 35.022298 ] } },
{ "type": "Feature", "properties": { "ID": "2257220801040", "正式名称": "フラワー薬局新伝馬店", "機関区分": 5, "都道府県コード": 22, "市区町村コード": 101, "所在地": "静岡県静岡市葵区新伝馬１－１１－２２", "緯度": 34.997717, "経度": 138.363633, "url": "https://www.iryou.teikyouseido.mhlw.go.jp/znk-web/juminkanja/S2430/initialize?prefCd=22&kikanCd=7220801040&kikanKbn=5", "url2": "http://www.flower-group.co.jp", "内容": "フラワー薬局新伝馬店【5:薬局】静岡県静岡市葵区新伝馬１－１１－２２" }, "geometry": { "type": "Point", "coordinates": [ 138.363633, 34.997717 ] } },
{ "type": "Feature", "properties": { "ID": "2257220801060", "正式名称": "ふれあい薬局", "機関区分": 5, "都道府県コード": 22, "市区町村コード": 101, "所在地": "静岡県静岡市葵区唐瀬１－３－１５", "緯度": 35.008827, "経度": 138.385325, "url": "https://www.iryou.teikyouseido.mhlw.go.jp/znk-web/juminkanja/S2430/initialize?prefCd=22&kikanCd=7220801060&kikanKbn=5", "url2": null, "内容": "ふれあい薬局【5:薬局】静岡県静岡市葵区唐瀬１－３－１５" }, "geometry": { "type": "Point", "coordinates": [ 138.385325, 35.008827 ] } },
{ "type": "Feature", "properties": { "ID": "2257220801070", "正式名称": "ふれあい薬局本通店", "機関区分": 5, "都道府県コード": 22, "市区町村コード": 101, "所在地": "静岡県静岡市葵区本通西町３８番１号", "緯度": 34.964776, "経度": 138.371856, "url": "https://www.iryou.teikyouseido.mhlw.go.jp/znk-web/juminkanja/S2430/initialize?prefCd=22&kikanCd=7220801070&kikanKbn=5", "url2": null, "内容": "ふれあい薬局本通店【5:薬局】静岡県静岡市葵区本通西町３８番１号" }, "geometry": { "type": "Point", "coordinates": [ 138.371856, 34.964776 ] } },
{ "type": "Feature", "properties": { "ID": "2257220801090", "正式名称": "フローラ薬局", "機関区分": 5, "都道府県コード": 22, "市区町村コード": 101, "所在地": "静岡県静岡市葵区与左衛門新田３９－４", "緯度": 35.014742, "経度": 138.358299, "url": "https://www.iryou.teikyouseido.mhlw.go.jp/znk-web/juminkanja/S2430/initialize?prefCd=22&kikanCd=7220801090&kikanKbn=5", "url2": "https://www.plus-pharma6226.com/", "内容": "フローラ薬局【5:薬局】静岡県静岡市葵区与左衛門新田３９－４" }, "geometry": { "type": "Point", "coordinates": [ 138.358299, 35.014742 ] } },
{ "type": "Feature", "properties": { "ID": "2257220801100", "正式名称": "ヘルシー薬局田町店", "機関区分": 5, "都道府県コード": 22, "市区町村コード": 101, "所在地": "静岡県静岡市葵区田町２丁目１４１－１９", "緯度": 34.973469, "経度": 138.3678, "url": "https://www.iryou.teikyouseido.mhlw.go.jp/znk-web/juminkanja/S2430/initialize?prefCd=22&kikanCd=7220801100&kikanKbn=5", "url2": null, "内容": "ヘルシー薬局田町店【5:薬局】静岡県静岡市葵区田町２丁目１４１－１９" }, "geometry": { "type": "Point", "coordinates": [ 138.3678, 34.973469 ] } },
{ "type": "Feature", "properties": { "ID": "2257220801120", "正式名称": "ほりい薬局", "機関区分": 5, "都道府県コード": 22, "市区町村コード": 101, "所在地": "静岡県静岡市葵区南瀬名町２７ー７", "緯度": 35.005883, "経度": 138.421656, "url": "https://www.iryou.teikyouseido.mhlw.go.jp/znk-web/juminkanja/S2430/initialize?prefCd=22&kikanCd=7220801120&kikanKbn=5", "url2": "https://www.horiiyakkyoku.jp/", "内容": "ほりい薬局【5:薬局】静岡県静岡市葵区南瀬名町２７ー７" }, "geometry": { "type": "Point", "coordinates": [ 138.421656, 35.005883 ] } },
{ "type": "Feature", "properties": { "ID": "2257220801130", "正式名称": "ホワイト薬局", "機関区分": 5, "都道府県コード": 22, "市区町村コード": 101, "所在地": "静岡県静岡市葵区安西１－７５", "緯度": 34.979792, "経度": 138.373256, "url": "https://www.iryou.teikyouseido.mhlw.go.jp/znk-web/juminkanja/S2430/initialize?prefCd=22&kikanCd=7220801130&kikanKbn=5", "url2": null, "内容": "ホワイト薬局【5:薬局】静岡県静岡市葵区安西１－７５" }, "geometry": { "type": "Point", "coordinates": [ 138.373256, 34.979792 ] } },
{ "type": "Feature", "properties": { "ID": "2257220801140", "正式名称": "マイ薬局", "機関区分": 5, "都道府県コード": 22, "市区町村コード": 101, "所在地": "静岡県静岡市葵区安東２丁目１０－２３", "緯度": 34.987654, "経度": 138.384062, "url": "https://www.iryou.teikyouseido.mhlw.go.jp/znk-web/juminkanja/S2430/initialize?prefCd=22&kikanCd=7220801140&kikanKbn=5", "url2": "https://www.my-ph.com/", "内容": "マイ薬局【5:薬局】静岡県静岡市葵区安東２丁目１０－２３" }, "geometry": { "type": "Point", "coordinates": [ 138.384062, 34.987654 ] } },
{ "type": "Feature", "properties": { "ID": "2257220801180", "正式名称": "有限会社三浦薬局", "機関区分": 5, "都道府県コード": 22, "市区町村コード": 101, "所在地": "静岡県静岡市葵区羽鳥３－２２－３７", "緯度": 34.982662, "経度": 138.335664, "url": "https://www.iryou.teikyouseido.mhlw.go.jp/znk-web/juminkanja/S2430/initialize?prefCd=22&kikanCd=7220801180&kikanKbn=5", "url2": "https://www.kusurinomadoguchi.com/shizuoka/s70413", "内容": "有限会社三浦薬局【5:薬局】静岡県静岡市葵区羽鳥３－２２－３７" }, "geometry": { "type": "Point", "coordinates": [ 138.335664, 34.982662 ] } },
{ "type": "Feature", "properties": { "ID": "2257220801220", "正式名称": "むつごろう薬局静岡店", "機関区分": 5, "都道府県コード": 22, "市区町村コード": 101, "所在地": "静岡県静岡市葵区東草深町２２－１", "緯度": 34.983496, "経度": 138.381521, "url": "https://www.iryou.teikyouseido.mhlw.go.jp/znk-web/juminkanja/S2430/initialize?prefCd=22&kikanCd=7220801220&kikanKbn=5", "url2": "http://www.mutsugoro.co.jp/", "内容": "むつごろう薬局静岡店【5:薬局】静岡県静岡市葵区東草深町２２－１" }, "geometry": { "type": "Point", "coordinates": [ 138.381521, 34.983496 ] } },
{ "type": "Feature", "properties": { "ID": "2257220801230", "正式名称": "むつごろう薬局瀬名川店", "機関区分": 5, "都道府県コード": 22, "市区町村コード": 101, "所在地": "静岡県静岡市葵区瀬名川２－２５－１０", "緯度": 35.007383, "経度": 138.428544, "url": "https://www.iryou.teikyouseido.mhlw.go.jp/znk-web/juminkanja/S2430/initialize?prefCd=22&kikanCd=7220801230&kikanKbn=5", "url2": null, "内容": "むつごろう薬局瀬名川店【5:薬局】静岡県静岡市葵区瀬名川２－２５－１０" }, "geometry": { "type": "Point", "coordinates": [ 138.428544, 35.007383 ] } },
{ "type": "Feature", "properties": { "ID": "2257220801370", "正式名称": "薬局メディスン静岡本店", "機関区分": 5, "都道府県コード": 22, "市区町村コード": 101, "所在地": "静岡県静岡市葵区北安東４丁目２５番－１号", "緯度": 35.004466, "経度": 138.387714, "url": "https://www.iryou.teikyouseido.mhlw.go.jp/znk-web/juminkanja/S2430/initialize?prefCd=22&kikanCd=7220801370&kikanKbn=5", "url2": "http://www.e-medicine.co.jp/", "内容": "薬局メディスン静岡本店【5:薬局】静岡県静岡市葵区北安東４丁目２５番－１号" }, "geometry": { "type": "Point", "coordinates": [ 138.387714, 35.004466 ] } },
{ "type": "Feature", "properties": { "ID": "2257220801390", "正式名称": "有限会社石川薬局", "機関区分": 5, "都道府県コード": 22, "市区町村コード": 101, "所在地": "静岡県静岡市葵区七間町３－５", "緯度": 34.974275, "経度": 138.381105, "url": "https://www.iryou.teikyouseido.mhlw.go.jp/znk-web/juminkanja/S2430/initialize?prefCd=22&kikanCd=7220801390&kikanKbn=5", "url2": "http://www.ishikawa.-kusuri.jp/", "内容": "有限会社石川薬局【5:薬局】静岡県静岡市葵区七間町３－５" }, "geometry": { "type": "Point", "coordinates": [ 138.381105, 34.974275 ] } },
{ "type": "Feature", "properties": { "ID": "2257220801420", "正式名称": "有限会社小野薬局", "機関区分": 5, "都道府県コード": 22, "市区町村コード": 101, "所在地": "静岡県静岡市葵区川合２丁目１－１５", "緯度": 35.002217, "経度": 138.416184, "url": "https://www.iryou.teikyouseido.mhlw.go.jp/znk-web/juminkanja/S2430/initialize?prefCd=22&kikanCd=7220801420&kikanKbn=5", "url2": null, "内容": "有限会社小野薬局【5:薬局】静岡県静岡市葵区川合２丁目１－１５" }, "geometry": { "type": "Point", "coordinates": [ 138.416184, 35.002217 ] } },
{ "type": "Feature", "properties": { "ID": "2257220801470", "正式名称": "有限会社やまうち薬局相生町店", "機関区分": 5, "都道府県コード": 22, "市区町村コード": 101, "所在地": "静岡県静岡市葵区相生町８－７", "緯度": 34.978608, "経度": 138.392576, "url": "https://www.iryou.teikyouseido.mhlw.go.jp/znk-web/juminkanja/S2430/initialize?prefCd=22&kikanCd=7220801470&kikanKbn=5", "url2": "https://yamauchi-pharmacy.com", "内容": "有限会社やまうち薬局相生町店【5:薬局】静岡県静岡市葵区相生町８－７" }, "geometry": { "type": "Point", "coordinates": [ 138.392576, 34.978608 ] } },
{ "type": "Feature", "properties": { "ID": "2257220801520", "正式名称": "竜生堂薬局　城北店", "機関区分": 5, "都道府県コード": 22, "市区町村コード": 101, "所在地": "静岡県静岡市葵区城北２５－２", "緯度": 34.999635, "経度": 138.39485, "url": "https://www.iryou.teikyouseido.mhlw.go.jp/znk-web/juminkanja/S2430/initialize?prefCd=22&kikanCd=7220801520&kikanKbn=5", "url2": "https://www.ryuuseidou-faruma.com/", "内容": "竜生堂薬局　城北店【5:薬局】静岡県静岡市葵区城北２５－２" }, "geometry": { "type": "Point", "coordinates": [ 138.39485, 34.999635 ] } },
{ "type": "Feature", "properties": { "ID": "2257220801530", "正式名称": "竜南薬局", "機関区分": 5, "都道府県コード": 22, "市区町村コード": 101, "所在地": "静岡県静岡市葵区竜南三丁目１２番３６号", "緯度": 34.999356, "経度": 138.400074, "url": "https://www.iryou.teikyouseido.mhlw.go.jp/znk-web/juminkanja/S2430/initialize?prefCd=22&kikanCd=7220801530&kikanKbn=5", "url2": null, "内容": "竜南薬局【5:薬局】静岡県静岡市葵区竜南三丁目１２番３６号" }, "geometry": { "type": "Point", "coordinates": [ 138.400074, 34.999356 ] } },
{ "type": "Feature", "properties": { "ID": "2257220801540", "正式名称": "わかば薬局", "機関区分": 5, "都道府県コード": 22, "市区町村コード": 101, "所在地": "静岡県静岡市葵区上足洗４－６－１４", "緯度": 34.993356, "経度": 138.393825, "url": "https://www.iryou.teikyouseido.mhlw.go.jp/znk-web/juminkanja/S2430/initialize?prefCd=22&kikanCd=7220801540&kikanKbn=5", "url2": null, "内容": "わかば薬局【5:薬局】静岡県静岡市葵区上足洗４－６－１４" }, "geometry": { "type": "Point", "coordinates": [ 138.393825, 34.993356 ] } },
{ "type": "Feature", "properties": { "ID": "2257220801580", "正式名称": "あい薬局　手越店", "機関区分": 5, "都道府県コード": 22, "市区町村コード": 102, "所在地": "静岡県静岡市駿河区手越原１－４", "緯度": 34.953709, "経度": 138.363766, "url": "https://www.iryou.teikyouseido.mhlw.go.jp/znk-web/juminkanja/S2430/initialize?prefCd=22&kikanCd=7220801580&kikanKbn=5", "url2": "https://kenko-dai1.jp/", "内容": "あい薬局　手越店【5:薬局】静岡県静岡市駿河区手越原１－４" }, "geometry": { "type": "Point", "coordinates": [ 138.363766, 34.953709 ] } },
{ "type": "Feature", "properties": { "ID": "2257220801630", "正式名称": "アップル薬局馬渕店", "機関区分": 5, "都道府県コード": 22, "市区町村コード": 102, "所在地": "静岡県静岡市駿河区馬渕４－１６－３４", "緯度": 34.959527, "経度": 138.389577, "url": "https://www.iryou.teikyouseido.mhlw.go.jp/znk-web/juminkanja/S2430/initialize?prefCd=22&kikanCd=7220801630&kikanKbn=5", "url2": null, "内容": "アップル薬局馬渕店【5:薬局】静岡県静岡市駿河区馬渕４－１６－３４" }, "geometry": { "type": "Point", "coordinates": [ 138.389577, 34.959527 ] } },
{ "type": "Feature", "properties": { "ID": "2257220801640", "正式名称": "アリス高松薬局", "機関区分": 5, "都道府県コード": 22, "市区町村コード": 102, "所在地": "静岡県静岡市駿河区高松２丁目５－１４　プレジール高松１０６", "緯度": 34.954194, "経度": 138.420575, "url": "https://www.iryou.teikyouseido.mhlw.go.jp/znk-web/juminkanja/S2430/initialize?prefCd=22&kikanCd=7220801640&kikanKbn=5", "url2": "http://www.ars-group.jp/", "内容": "アリス高松薬局【5:薬局】静岡県静岡市駿河区高松２丁目５－１４　プレジール高松１０６" }, "geometry": { "type": "Point", "coordinates": [ 138.420575, 34.954194 ] } },
{ "type": "Feature", "properties": { "ID": "2257220801650", "正式名称": "アリス薬局", "機関区分": 5, "都道府県コード": 22, "市区町村コード": 102, "所在地": "静岡県静岡市駿河区敷地一丁目２７－８", "緯度": 34.952667, "経度": 138.413881, "url": "https://www.iryou.teikyouseido.mhlw.go.jp/znk-web/juminkanja/S2430/initialize?prefCd=22&kikanCd=7220801650&kikanKbn=5", "url2": "http://www15.plala.or.jp/ars/", "内容": "アリス薬局【5:薬局】静岡県静岡市駿河区敷地一丁目２７－８" }, "geometry": { "type": "Point", "coordinates": [ 138.413881, 34.952667 ] } },
{ "type": "Feature", "properties": { "ID": "2257220801680", "正式名称": "石川薬局小鹿店", "機関区分": 5, "都道府県コード": 22, "市区町村コード": 102, "所在地": "静岡県静岡市駿河区小鹿３８４番地", "緯度": 34.971026, "経度": 138.425879, "url": "https://www.iryou.teikyouseido.mhlw.go.jp/znk-web/juminkanja/S2430/initialize?prefCd=22&kikanCd=7220801680&kikanKbn=5", "url2": "https://www.zefirusu.com", "内容": "石川薬局小鹿店【5:薬局】静岡県静岡市駿河区小鹿３８４番地" }, "geometry": { "type": "Point", "coordinates": [ 138.425879, 34.971026 ] } },
{ "type": "Feature", "properties": { "ID": "2257220801690", "正式名称": "石川薬局ゼフィルス", "機関区分": 5, "都道府県コード": 22, "市区町村コード": 102, "所在地": "静岡県静岡市駿河区小鹿１丁目４番２１号", "緯度": 34.976192, "経度": 138.414519, "url": "https://www.iryou.teikyouseido.mhlw.go.jp/znk-web/juminkanja/S2430/initialize?prefCd=22&kikanCd=7220801690&kikanKbn=5", "url2": "http://www.zefirusu.com", "内容": "石川薬局ゼフィルス【5:薬局】静岡県静岡市駿河区小鹿１丁目４番２１号" }, "geometry": { "type": "Point", "coordinates": [ 138.414519, 34.976192 ] } },
{ "type": "Feature", "properties": { "ID": "2257220801700", "正式名称": "石川薬局曲金店", "機関区分": 5, "都道府県コード": 22, "市区町村コード": 102, "所在地": "静岡県静岡市駿河区曲金５丁目４－６２", "緯度": 34.977136, "経度": 138.41238, "url": "https://www.iryou.teikyouseido.mhlw.go.jp/znk-web/juminkanja/S2430/initialize?prefCd=22&kikanCd=7220801700&kikanKbn=5", "url2": "http://www.zefirusu.com", "内容": "石川薬局曲金店【5:薬局】静岡県静岡市駿河区曲金５丁目４－６２" }, "geometry": { "type": "Point", "coordinates": [ 138.41238, 34.977136 ] } },
{ "type": "Feature", "properties": { "ID": "2257220801710", "正式名称": "いっしき薬局", "機関区分": 5, "都道府県コード": 22, "市区町村コード": 102, "所在地": "静岡県静岡市駿河区聖一色４７４－１", "緯度": 34.985913, "経度": 138.429961, "url": "https://www.iryou.teikyouseido.mhlw.go.jp/znk-web/juminkanja/S2430/initialize?prefCd=22&kikanCd=7220801710&kikanKbn=5", "url2": null, "内容": "いっしき薬局【5:薬局】静岡県静岡市駿河区聖一色４７４－１" }, "geometry": { "type": "Point", "coordinates": [ 138.429961, 34.985913 ] } },
{ "type": "Feature", "properties": { "ID": "2257220801750", "正式名称": "海野薬局", "機関区分": 5, "都道府県コード": 22, "市区町村コード": 102, "所在地": "静岡県静岡市駿河区東新田５－１６－２８", "緯度": 34.941889, "経度": 138.37244, "url": "https://www.iryou.teikyouseido.mhlw.go.jp/znk-web/juminkanja/S2430/initialize?prefCd=22&kikanCd=7220801750&kikanKbn=5", "url2": "http://www.e-classa.net/unno/", "内容": "海野薬局【5:薬局】静岡県静岡市駿河区東新田５－１６－２８" }, "geometry": { "type": "Point", "coordinates": [ 138.37244, 34.941889 ] } },
{ "type": "Feature", "properties": { "ID": "2257220801760", "正式名称": "Ａ＆Ａ薬局", "機関区分": 5, "都道府県コード": 22, "市区町村コード": 102, "所在地": "静岡県静岡市駿河区みずほ４－１１－５", "緯度": 34.941417, "経度": 138.36458, "url": "https://www.iryou.teikyouseido.mhlw.go.jp/znk-web/juminkanja/S2430/initialize?prefCd=22&kikanCd=7220801760&kikanKbn=5", "url2": null, "内容": "Ａ＆Ａ薬局【5:薬局】静岡県静岡市駿河区みずほ４－１１－５" }, "geometry": { "type": "Point", "coordinates": [ 138.36458, 34.941417 ] } },
{ "type": "Feature", "properties": { "ID": "2257220801780", "正式名称": "オー・エス薬局", "機関区分": 5, "都道府県コード": 22, "市区町村コード": 102, "所在地": "静岡県静岡市駿河区八幡２丁目３番１５号", "緯度": 34.969831, "経度": 138.395604, "url": "https://www.iryou.teikyouseido.mhlw.go.jp/znk-web/juminkanja/S2430/initialize?prefCd=22&kikanCd=7220801780&kikanKbn=5", "url2": null, "内容": "オー・エス薬局【5:薬局】静岡県静岡市駿河区八幡２丁目３番１５号" }, "geometry": { "type": "Point", "coordinates": [ 138.395604, 34.969831 ] } },
{ "type": "Feature", "properties": { "ID": "2257220801790", "正式名称": "大塩漢方薬局", "機関区分": 5, "都道府県コード": 22, "市区町村コード": 102, "所在地": "静岡県静岡市駿河区八幡２－１０－２６", "緯度": 34.971414, "経度": 138.39527, "url": "https://www.iryou.teikyouseido.mhlw.go.jp/znk-web/juminkanja/S2430/initialize?prefCd=22&kikanCd=7220801790&kikanKbn=5", "url2": null, "内容": "大塩漢方薬局【5:薬局】静岡県静岡市駿河区八幡２－１０－２６" }, "geometry": { "type": "Point", "coordinates": [ 138.39527, 34.971414 ] } },
{ "type": "Feature", "properties": { "ID": "2257220801800", "正式名称": "小鹿薬局", "機関区分": 5, "都道府県コード": 22, "市区町村コード": 102, "所在地": "静岡県静岡市駿河区小鹿８５６の２", "緯度": 34.974692, "経度": 138.427045, "url": "https://www.iryou.teikyouseido.mhlw.go.jp/znk-web/juminkanja/S2430/initialize?prefCd=22&kikanCd=7220801800&kikanKbn=5", "url2": null, "内容": "小鹿薬局【5:薬局】静岡県静岡市駿河区小鹿８５６の２" }, "geometry": { "type": "Point", "coordinates": [ 138.427045, 34.974692 ] } },
{ "type": "Feature", "properties": { "ID": "2257220801830", "正式名称": "笠原薬局", "機関区分": 5, "都道府県コード": 22, "市区町村コード": 102, "所在地": "静岡県静岡市駿河区小黒２丁目２番１１号", "緯度": 34.972275, "経度": 138.40027, "url": "https://www.iryou.teikyouseido.mhlw.go.jp/znk-web/juminkanja/S2430/initialize?prefCd=22&kikanCd=7220801830&kikanKbn=5", "url2": null, "内容": "笠原薬局【5:薬局】静岡県静岡市駿河区小黒２丁目２番１１号" }, "geometry": { "type": "Point", "coordinates": [ 138.40027, 34.972275 ] } },
{ "type": "Feature", "properties": { "ID": "2257220801860", "正式名称": "株式会社スズキ薬局", "機関区分": 5, "都道府県コード": 22, "市区町村コード": 102, "所在地": "静岡県静岡市駿河区用宗４－３－８", "緯度": 34.923218, "経度": 138.362216, "url": "https://www.iryou.teikyouseido.mhlw.go.jp/znk-web/juminkanja/S2430/initialize?prefCd=22&kikanCd=7220801860&kikanKbn=5", "url2": null, "内容": "株式会社スズキ薬局【5:薬局】静岡県静岡市駿河区用宗４－３－８" }, "geometry": { "type": "Point", "coordinates": [ 138.362216, 34.923218 ] } },
{ "type": "Feature", "properties": { "ID": "2257220801900", "正式名称": "久保薬局", "機関区分": 5, "都道府県コード": 22, "市区町村コード": 102, "所在地": "静岡県静岡市駿河区用宗３丁目２番２８号", "緯度": 34.924419, "経度": 138.36247, "url": "https://www.iryou.teikyouseido.mhlw.go.jp/znk-web/juminkanja/S2430/initialize?prefCd=22&kikanCd=7220801900&kikanKbn=5", "url2": null, "内容": "久保薬局【5:薬局】静岡県静岡市駿河区用宗３丁目２番２８号" }, "geometry": { "type": "Point", "coordinates": [ 138.36247, 34.924419 ] } },
{ "type": "Feature", "properties": { "ID": "2257220801910", "正式名称": "クラフト薬局小鹿店", "機関区分": 5, "都道府県コード": 22, "市区町村コード": 102, "所在地": "静岡県静岡市駿河区曲金４－１３－８", "緯度": 34.97572, "経度": 138.412019, "url": "https://www.iryou.teikyouseido.mhlw.go.jp/znk-web/juminkanja/S2430/initialize?prefCd=22&kikanCd=7220801910&kikanKbn=5", "url2": "http://www.kraft-net.co.jp/sakura", "内容": "クラフト薬局小鹿店【5:薬局】静岡県静岡市駿河区曲金４－１３－８" }, "geometry": { "type": "Point", "coordinates": [ 138.412019, 34.97572 ] } },
{ "type": "Feature", "properties": { "ID": "2257220801920", "正式名称": "クリエイトエス・ディー静岡中田店薬局", "機関区分": 5, "都道府県コード": 22, "市区町村コード": 102, "所在地": "静岡県静岡市駿河区中田３－３－５", "緯度": 34.960489, "経度": 138.398664, "url": "https://www.iryou.teikyouseido.mhlw.go.jp/znk-web/juminkanja/S2430/initialize?prefCd=22&kikanCd=7220801920&kikanKbn=5", "url2": "http://www.create-sd.co.jp/", "内容": "クリエイトエス・ディー静岡中田店薬局【5:薬局】静岡県静岡市駿河区中田３－３－５" }, "geometry": { "type": "Point", "coordinates": [ 138.398664, 34.960489 ] } },
{ "type": "Feature", "properties": { "ID": "2257220801930", "正式名称": "しずおかクローバー薬局", "機関区分": 5, "都道府県コード": 22, "市区町村コード": 102, "所在地": "静岡県静岡市駿河区曲金３－５－７", "緯度": 34.97672, "経度": 138.406964, "url": "https://www.iryou.teikyouseido.mhlw.go.jp/znk-web/juminkanja/S2430/initialize?prefCd=22&kikanCd=7220801930&kikanKbn=5", "url2": "https://clover-pharmacy.net/", "内容": "しずおかクローバー薬局【5:薬局】静岡県静岡市駿河区曲金３－５－７" }, "geometry": { "type": "Point", "coordinates": [ 138.406964, 34.97672 ] } },
{ "type": "Feature", "properties": { "ID": "2257220801940", "正式名称": "静岡調剤薬局　聖一色店", "機関区分": 5, "都道府県コード": 22, "市区町村コード": 102, "所在地": "静岡県静岡市駿河区聖一色３６番地の１", "緯度": 34.984025, "経度": 138.426656, "url": "https://www.iryou.teikyouseido.mhlw.go.jp/znk-web/juminkanja/S2430/initialize?prefCd=22&kikanCd=7220801940&kikanKbn=5", "url2": "shizuoka-chouzai.co.jp/", "内容": "静岡調剤薬局　聖一色店【5:薬局】静岡県静岡市駿河区聖一色３６番地の１" }, "geometry": { "type": "Point", "coordinates": [ 138.426656, 34.984025 ] } },
{ "type": "Feature", "properties": { "ID": "2257220801970", "正式名称": "シンアイ薬局", "機関区分": 5, "都道府県コード": 22, "市区町村コード": 102, "所在地": "静岡県静岡市駿河区西脇６４２の６", "緯度": 34.942695, "経度": 138.400327, "url": "https://www.iryou.teikyouseido.mhlw.go.jp/znk-web/juminkanja/S2430/initialize?prefCd=22&kikanCd=7220801970&kikanKbn=5", "url2": null, "内容": "シンアイ薬局【5:薬局】静岡県静岡市駿河区西脇６４２の６" }, "geometry": { "type": "Point", "coordinates": [ 138.400327, 34.942695 ] } },
{ "type": "Feature", "properties": { "ID": "2257220801990", "正式名称": "鈴長薬局みずほ店", "機関区分": 5, "都道府県コード": 22, "市区町村コード": 102, "所在地": "静岡県静岡市駿河区みずほ四丁目１０－３", "緯度": 34.940861, "経度": 138.364886, "url": "https://www.iryou.teikyouseido.mhlw.go.jp/znk-web/juminkanja/S2430/initialize?prefCd=22&kikanCd=7220801990&kikanKbn=5", "url2": "http://suzuchou.webcrow.jp/", "内容": "鈴長薬局みずほ店【5:薬局】静岡県静岡市駿河区みずほ四丁目１０－３" }, "geometry": { "type": "Point", "coordinates": [ 138.364886, 34.940861 ] } },
{ "type": "Feature", "properties": { "ID": "2257220802000", "正式名称": "すずらん薬局中吉田店", "機関区分": 5, "都道府県コード": 22, "市区町村コード": 102, "所在地": "静岡県静岡市駿河区中吉田２９番１３号", "緯度": 34.997801, "経度": 138.436405, "url": "https://www.iryou.teikyouseido.mhlw.go.jp/znk-web/juminkanja/S2430/initialize?prefCd=22&kikanCd=7220802000&kikanKbn=5", "url2": "http://www.aidrug.jp/", "内容": "すずらん薬局中吉田店【5:薬局】静岡県静岡市駿河区中吉田２９番１３号" }, "geometry": { "type": "Point", "coordinates": [ 138.436405, 34.997801 ] } },
{ "type": "Feature", "properties": { "ID": "2257220802030", "正式名称": "そうごう薬局下島店", "機関区分": 5, "都道府県コード": 22, "市区町村コード": 102, "所在地": "静岡県静岡市駿河区下島３１９－４", "緯度": 34.948556, "経度": 138.410298, "url": "https://www.iryou.teikyouseido.mhlw.go.jp/znk-web/juminkanja/S2430/initialize?prefCd=22&kikanCd=7220802030&kikanKbn=5", "url2": "http://www.sogo-medical.co.jp/", "内容": "そうごう薬局下島店【5:薬局】静岡県静岡市駿河区下島３１９－４" }, "geometry": { "type": "Point", "coordinates": [ 138.410298, 34.948556 ] } },
{ "type": "Feature", "properties": { "ID": "2257220802070", "正式名称": "たんぽぽ薬局小鹿店", "機関区分": 5, "都道府県コード": 22, "市区町村コード": 102, "所在地": "静岡県静岡市駿河区曲金５丁目４－５２", "緯度": 34.97672, "経度": 138.413269, "url": "https://www.iryou.teikyouseido.mhlw.go.jp/znk-web/juminkanja/S2430/initialize?prefCd=22&kikanCd=7220802070&kikanKbn=5", "url2": "https://ex.tanpopo-ph.co.jp", "内容": "たんぽぽ薬局小鹿店【5:薬局】静岡県静岡市駿河区曲金５丁目４－５２" }, "geometry": { "type": "Point", "coordinates": [ 138.413269, 34.97672 ] } },
{ "type": "Feature", "properties": { "ID": "2257220802090", "正式名称": "調剤薬局ヤナギ", "機関区分": 5, "都道府県コード": 22, "市区町村コード": 102, "所在地": "静岡県静岡市駿河区用宗４－７－１２", "緯度": 34.920586, "経度": 138.362081, "url": "https://www.iryou.teikyouseido.mhlw.go.jp/znk-web/juminkanja/S2430/initialize?prefCd=22&kikanCd=7220802090&kikanKbn=5", "url2": null, "内容": "調剤薬局ヤナギ【5:薬局】静岡県静岡市駿河区用宗４－７－１２" }, "geometry": { "type": "Point", "coordinates": [ 138.362081, 34.920586 ] } },
{ "type": "Feature", "properties": { "ID": "2257220802130", "正式名称": "あい・ハート薬局おおや店", "機関区分": 5, "都道府県コード": 22, "市区町村コード": 102, "所在地": "静岡県静岡市駿河区片山８－９", "緯度": 34.966221, "経度": 138.423241, "url": "https://www.iryou.teikyouseido.mhlw.go.jp/znk-web/juminkanja/S2430/initialize?prefCd=22&kikanCd=7220802130&kikanKbn=5", "url2": "http://sunpharacy.jp", "内容": "あい・ハート薬局おおや店【5:薬局】静岡県静岡市駿河区片山８－９" }, "geometry": { "type": "Point", "coordinates": [ 138.423241, 34.966221 ] } },
{ "type": "Feature", "properties": { "ID": "2257220802140", "正式名称": "なかはらどう薬局公園店", "機関区分": 5, "都道府県コード": 22, "市区町村コード": 102, "所在地": "静岡県静岡市駿河区新川２丁目５－３４", "緯度": 34.962082, "経度": 138.385383, "url": "https://www.iryou.teikyouseido.mhlw.go.jp/znk-web/juminkanja/S2430/initialize?prefCd=22&kikanCd=7220802140&kikanKbn=5", "url2": null, "内容": "なかはらどう薬局公園店【5:薬局】静岡県静岡市駿河区新川２丁目５－３４" }, "geometry": { "type": "Point", "coordinates": [ 138.385383, 34.962082 ] } },
{ "type": "Feature", "properties": { "ID": "2257220802220", "正式名称": "ひかり薬局登呂店", "機関区分": 5, "都道府県コード": 22, "市区町村コード": 102, "所在地": "静岡県静岡市駿河区登呂６－１３－１１", "緯度": 34.952278, "経度": 138.40341, "url": "https://www.iryou.teikyouseido.mhlw.go.jp/znk-web/juminkanja/S2430/initialize?prefCd=22&kikanCd=7220802220&kikanKbn=5", "url2": "http://www.myph.jp/f_220002/", "内容": "ひかり薬局登呂店【5:薬局】静岡県静岡市駿河区登呂６－１３－１１" }, "geometry": { "type": "Point", "coordinates": [ 138.40341, 34.952278 ] } },
{ "type": "Feature", "properties": { "ID": "2257220802240", "正式名称": "フラワー薬局池田店", "機関区分": 5, "都道府県コード": 22, "市区町村コード": 102, "所在地": "静岡県静岡市駿河区池田６５０－１", "緯度": 34.978664, "経度": 138.423768, "url": "https://www.iryou.teikyouseido.mhlw.go.jp/znk-web/juminkanja/S2430/initialize?prefCd=22&kikanCd=7220802240&kikanKbn=5", "url2": "http://www.flower-group.co.jp", "内容": "フラワー薬局池田店【5:薬局】静岡県静岡市駿河区池田６５０－１" }, "geometry": { "type": "Point", "coordinates": [ 138.423768, 34.978664 ] } },
{ "type": "Feature", "properties": { "ID": "2257220802250", "正式名称": "フラワー薬局中田店", "機関区分": 5, "都道府県コード": 22, "市区町村コード": 102, "所在地": "静岡県静岡市駿河区中田本町６－４", "緯度": 34.957249, "経度": 138.397132, "url": "https://www.iryou.teikyouseido.mhlw.go.jp/znk-web/juminkanja/S2430/initialize?prefCd=22&kikanCd=7220802250&kikanKbn=5", "url2": "http://www.flower-group.co.jp", "内容": "フラワー薬局中田店【5:薬局】静岡県静岡市駿河区中田本町６－４" }, "geometry": { "type": "Point", "coordinates": [ 138.397132, 34.957249 ] } },
{ "type": "Feature", "properties": { "ID": "2257220802270", "正式名称": "三浦薬局豊田店", "機関区分": 5, "都道府県コード": 22, "市区町村コード": 102, "所在地": "静岡県静岡市駿河区豊田１丁目１－２０－３", "緯度": 34.969776, "経度": 138.406992, "url": "https://www.iryou.teikyouseido.mhlw.go.jp/znk-web/juminkanja/S2430/initialize?prefCd=22&kikanCd=7220802270&kikanKbn=5", "url2": null, "内容": "三浦薬局豊田店【5:薬局】静岡県静岡市駿河区豊田１丁目１－２０－３" }, "geometry": { "type": "Point", "coordinates": [ 138.406992, 34.969776 ] } },
{ "type": "Feature", "properties": { "ID": "2257220802300", "正式名称": "もみの木薬局", "機関区分": 5, "都道府県コード": 22, "市区町村コード": 102, "所在地": "静岡県静岡市駿河区登呂４丁目８－１１", "緯度": 34.957583, "経度": 138.409742, "url": "https://www.iryou.teikyouseido.mhlw.go.jp/znk-web/juminkanja/S2430/initialize?prefCd=22&kikanCd=7220802300&kikanKbn=5", "url2": null, "内容": "もみの木薬局【5:薬局】静岡県静岡市駿河区登呂４丁目８－１１" }, "geometry": { "type": "Point", "coordinates": [ 138.409742, 34.957583 ] } },
{ "type": "Feature", "properties": { "ID": "2257220802310", "正式名称": "八木薬局", "機関区分": 5, "都道府県コード": 22, "市区町村コード": 102, "所在地": "静岡県静岡市駿河区中田１丁目１－３４", "緯度": 34.967276, "経度": 138.392299, "url": "https://www.iryou.teikyouseido.mhlw.go.jp/znk-web/juminkanja/S2430/initialize?prefCd=22&kikanCd=7220802310&kikanKbn=5", "url2": null, "内容": "八木薬局【5:薬局】静岡県静岡市駿河区中田１丁目１－３４" }, "geometry": { "type": "Point", "coordinates": [ 138.392299, 34.967276 ] } },
{ "type": "Feature", "properties": { "ID": "2257220802400", "正式名称": "薬局メディスン高松店", "機関区分": 5, "都道府県コード": 22, "市区町村コード": 102, "所在地": "静岡県静岡市駿河区宮竹１丁目４番５号", "緯度": 34.954111, "経度": 138.414853, "url": "https://www.iryou.teikyouseido.mhlw.go.jp/znk-web/juminkanja/S2430/initialize?prefCd=22&kikanCd=7220802400&kikanKbn=5", "url2": "http://www.e-medicine.co.jp/", "内容": "薬局メディスン高松店【5:薬局】静岡県静岡市駿河区宮竹１丁目４番５号" }, "geometry": { "type": "Point", "coordinates": [ 138.414853, 34.954111 ] } },
{ "type": "Feature", "properties": { "ID": "2257220802410", "正式名称": "薬局メディスン中田店", "機関区分": 5, "都道府県コード": 22, "市区町村コード": 102, "所在地": "静岡県静岡市駿河区中田２－３－２０", "緯度": 34.962541, "経度": 138.396635, "url": "https://www.iryou.teikyouseido.mhlw.go.jp/znk-web/juminkanja/S2430/initialize?prefCd=22&kikanCd=7220802410&kikanKbn=5", "url2": "http://www.e-medicine.co.jp/", "内容": "薬局メディスン中田店【5:薬局】静岡県静岡市駿河区中田２－３－２０" }, "geometry": { "type": "Point", "coordinates": [ 138.396635, 34.962541 ] } },
{ "type": "Feature", "properties": { "ID": "2257220802450", "正式名称": "有限会社タカ薬局", "機関区分": 5, "都道府県コード": 22, "市区町村コード": 102, "所在地": "静岡県静岡市駿河区西大谷４－１８", "緯度": 34.955111, "経度": 138.428546, "url": "https://www.iryou.teikyouseido.mhlw.go.jp/znk-web/juminkanja/S2430/initialize?prefCd=22&kikanCd=7220802450&kikanKbn=5", "url2": null, "内容": "有限会社タカ薬局【5:薬局】静岡県静岡市駿河区西大谷４－１８" }, "geometry": { "type": "Point", "coordinates": [ 138.428546, 34.955111 ] } },
{ "type": "Feature", "properties": { "ID": "2257220802470", "正式名称": "有限会社ひじり薬局", "機関区分": 5, "都道府県コード": 22, "市区町村コード": 102, "所在地": "静岡県静岡市駿河区聖一色４１４－１", "緯度": 34.986358, "経度": 138.426601, "url": "https://www.iryou.teikyouseido.mhlw.go.jp/znk-web/juminkanja/S2430/initialize?prefCd=22&kikanCd=7220802470&kikanKbn=5", "url2": null, "内容": "有限会社ひじり薬局【5:薬局】静岡県静岡市駿河区聖一色４１４－１" }, "geometry": { "type": "Point", "coordinates": [ 138.426601, 34.986358 ] } },
{ "type": "Feature", "properties": { "ID": "2257220802480", "正式名称": "有限会社丸子薬局", "機関区分": 5, "都道府県コード": 22, "市区町村コード": 102, "所在地": "静岡県静岡市駿河区丸子６丁目１－４７", "緯度": 34.948527, "経度": 138.349859, "url": "https://www.iryou.teikyouseido.mhlw.go.jp/znk-web/juminkanja/S2430/initialize?prefCd=22&kikanCd=7220802480&kikanKbn=5", "url2": "https://dpc-net.ne.jp/storeinfo/shizuoka/shizuoka-mariko/", "内容": "有限会社丸子薬局【5:薬局】静岡県静岡市駿河区丸子６丁目１－４７" }, "geometry": { "type": "Point", "coordinates": [ 138.349859, 34.948527 ] } },
{ "type": "Feature", "properties": { "ID": "2257220802500", "正式名称": "らいふ薬局国吉田店", "機関区分": 5, "都道府県コード": 22, "市区町村コード": 102, "所在地": "静岡県静岡市駿河区国吉田４－２４－１８", "緯度": 34.992274, "経度": 138.433933, "url": "https://www.iryou.teikyouseido.mhlw.go.jp/znk-web/juminkanja/S2430/initialize?prefCd=22&kikanCd=7220802500&kikanKbn=5", "url2": null, "内容": "らいふ薬局国吉田店【5:薬局】静岡県静岡市駿河区国吉田４－２４－１８" }, "geometry": { "type": "Point", "coordinates": [ 138.433933, 34.992274 ] } },
{ "type": "Feature", "properties": { "ID": "2257220802510", "正式名称": "らいふ薬局中原店", "機関区分": 5, "都道府県コード": 22, "市区町村コード": 102, "所在地": "静岡県静岡市駿河区中原５０３－１", "緯度": 34.95486, "経度": 138.388744, "url": "https://www.iryou.teikyouseido.mhlw.go.jp/znk-web/juminkanja/S2430/initialize?prefCd=22&kikanCd=7220802510&kikanKbn=5", "url2": null, "内容": "らいふ薬局中原店【5:薬局】静岡県静岡市駿河区中原５０３－１" }, "geometry": { "type": "Point", "coordinates": [ 138.388744, 34.95486 ] } },
{ "type": "Feature", "properties": { "ID": "2257220802530", "正式名称": "竜生堂薬局　登呂店", "機関区分": 5, "都道府県コード": 22, "市区町村コード": 102, "所在地": "静岡県静岡市駿河区登呂５丁目４－２９－４", "緯度": 34.956083, "経度": 138.404576, "url": "https://www.iryou.teikyouseido.mhlw.go.jp/znk-web/juminkanja/S2430/initialize?prefCd=22&kikanCd=7220802530&kikanKbn=5", "url2": "https://www.ryuuseidou-faruma.com", "内容": "竜生堂薬局　登呂店【5:薬局】静岡県静岡市駿河区登呂５丁目４－２９－４" }, "geometry": { "type": "Point", "coordinates": [ 138.404576, 34.956083 ] } },
{ "type": "Feature", "properties": { "ID": "2257220802540", "正式名称": "わかくさ薬局長田店", "機関区分": 5, "都道府県コード": 22, "市区町村コード": 102, "所在地": "静岡県静岡市駿河区丸子新田５３６－２", "緯度": 34.94543, "経度": 138.367275, "url": "https://www.iryou.teikyouseido.mhlw.go.jp/znk-web/juminkanja/S2430/initialize?prefCd=22&kikanCd=7220802540&kikanKbn=5", "url2": "http://www.stcy.co.jp/STCmain/map/osada.htm", "内容": "わかくさ薬局長田店【5:薬局】静岡県静岡市駿河区丸子新田５３６－２" }, "geometry": { "type": "Point", "coordinates": [ 138.367275, 34.94543 ] } },
{ "type": "Feature", "properties": { "ID": "2257220802560", "正式名称": "ワタセ薬局", "機関区分": 5, "都道府県コード": 22, "市区町村コード": 102, "所在地": "静岡県静岡市駿河区中原５３１－１４", "緯度": 34.954972, "経度": 138.389605, "url": "https://www.iryou.teikyouseido.mhlw.go.jp/znk-web/juminkanja/S2430/initialize?prefCd=22&kikanCd=7220802560&kikanKbn=5", "url2": null, "内容": "ワタセ薬局【5:薬局】静岡県静岡市駿河区中原５３１－１４" }, "geometry": { "type": "Point", "coordinates": [ 138.389605, 34.954972 ] } },
{ "type": "Feature", "properties": { "ID": "2257220802700", "正式名称": "庵原薬局", "機関区分": 5, "都道府県コード": 22, "市区町村コード": 103, "所在地": "静岡県静岡市清水区原５６－６", "緯度": 35.04488, "経度": 138.48326, "url": "https://www.iryou.teikyouseido.mhlw.go.jp/znk-web/juminkanja/S2430/initialize?prefCd=22&kikanCd=7220802700&kikanKbn=5", "url2": "https://iharaph.com/", "内容": "庵原薬局【5:薬局】静岡県静岡市清水区原５６－６" }, "geometry": { "type": "Point", "coordinates": [ 138.48326, 35.04488 ] } },
{ "type": "Feature", "properties": { "ID": "2257220802720", "正式名称": "植田薬局", "機関区分": 5, "都道府県コード": 22, "市区町村コード": 103, "所在地": "静岡県静岡市清水区吉川９３０－１", "緯度": 35.020632, "経度": 138.458069, "url": "https://www.iryou.teikyouseido.mhlw.go.jp/znk-web/juminkanja/S2430/initialize?prefCd=22&kikanCd=7220802720&kikanKbn=5", "url2": null, "内容": "植田薬局【5:薬局】静岡県静岡市清水区吉川９３０－１" }, "geometry": { "type": "Point", "coordinates": [ 138.458069, 35.020632 ] } },
{ "type": "Feature", "properties": { "ID": "2257220802730", "正式名称": "えじり薬局", "機関区分": 5, "都道府県コード": 22, "市区町村コード": 103, "所在地": "静岡県静岡市清水区江尻町７－１７", "緯度": 35.020327, "経度": 138.482011, "url": "https://www.iryou.teikyouseido.mhlw.go.jp/znk-web/juminkanja/S2430/initialize?prefCd=22&kikanCd=7220802730&kikanKbn=5", "url2": "https://iharaph.com/medeor/", "内容": "えじり薬局【5:薬局】静岡県静岡市清水区江尻町７－１７" }, "geometry": { "type": "Point", "coordinates": [ 138.482011, 35.020327 ] } },
{ "type": "Feature", "properties": { "ID": "2257220802740", "正式名称": "ＭＤ下野薬局", "機関区分": 5, "都道府県コード": 22, "市区町村コード": 103, "所在地": "静岡県静岡市清水区下野西７－４", "緯度": 35.036075, "経度": 138.466845, "url": "https://www.iryou.teikyouseido.mhlw.go.jp/znk-web/juminkanja/S2430/initialize?prefCd=22&kikanCd=7220802740&kikanKbn=5", "url2": "https://mdyakkyoku-simono-chitose.jimdofree.com", "内容": "ＭＤ下野薬局【5:薬局】静岡県静岡市清水区下野西７－４" }, "geometry": { "type": "Point", "coordinates": [ 138.466845, 35.036075 ] } },
{ "type": "Feature", "properties": { "ID": "2257220802780", "正式名称": "株式会社スズキ健康堂薬局", "機関区分": 5, "都道府県コード": 22, "市区町村コード": 103, "所在地": "静岡県静岡市清水区銀座１－４", "緯度": 35.019022, "経度": 138.4874, "url": "https://www.iryou.teikyouseido.mhlw.go.jp/znk-web/juminkanja/S2430/initialize?prefCd=22&kikanCd=7220802780&kikanKbn=5", "url2": null, "内容": "株式会社スズキ健康堂薬局【5:薬局】静岡県静岡市清水区銀座１－４" }, "geometry": { "type": "Point", "coordinates": [ 138.4874, 35.019022 ] } },
{ "type": "Feature", "properties": { "ID": "2257220802790", "正式名称": "株式会社高橋薬局", "機関区分": 5, "都道府県コード": 22, "市区町村コード": 103, "所在地": "静岡県静岡市清水区桜橋町１０－２６", "緯度": 35.015217, "経度": 138.474595, "url": "https://www.iryou.teikyouseido.mhlw.go.jp/znk-web/juminkanja/S2430/initialize?prefCd=22&kikanCd=7220802790&kikanKbn=5", "url2": null, "内容": "株式会社高橋薬局【5:薬局】静岡県静岡市清水区桜橋町１０－２６" }, "geometry": { "type": "Point", "coordinates": [ 138.474595, 35.015217 ] } },
{ "type": "Feature", "properties": { "ID": "2257220802810", "正式名称": "草薙薬局", "機関区分": 5, "都道府県コード": 22, "市区町村コード": 103, "所在地": "静岡県静岡市清水区草薙１丁目１０－１３", "緯度": 35.00294, "経度": 138.443487, "url": "https://www.iryou.teikyouseido.mhlw.go.jp/znk-web/juminkanja/S2430/initialize?prefCd=22&kikanCd=7220802810&kikanKbn=5", "url2": "https://www.kusanagipharmacy.co.jp/", "内容": "草薙薬局【5:薬局】静岡県静岡市清水区草薙１丁目１０－１３" }, "geometry": { "type": "Point", "coordinates": [ 138.443487, 35.00294 ] } },
{ "type": "Feature", "properties": { "ID": "2257220802850", "正式名称": "グリーンぱる清水センター薬局銀座店", "機関区分": 5, "都道府県コード": 22, "市区町村コード": 103, "所在地": "静岡県静岡市清水区銀座２番２０号", "緯度": 35.019216, "経度": 138.486511, "url": "https://www.iryou.teikyouseido.mhlw.go.jp/znk-web/juminkanja/S2430/initialize?prefCd=22&kikanCd=7220802850&kikanKbn=5", "url2": "https://greenpalu.com/index.html", "内容": "グリーンぱる清水センター薬局銀座店【5:薬局】静岡県静岡市清水区銀座２番２０号" }, "geometry": { "type": "Point", "coordinates": [ 138.486511, 35.019216 ] } },
{ "type": "Feature", "properties": { "ID": "2257220802860", "正式名称": "グリーンぱる清水センター薬局　八千代店", "機関区分": 5, "都道府県コード": 22, "市区町村コード": 103, "所在地": "静岡県静岡市清水区八千代町３－２３", "緯度": 35.004544, "経度": 138.489171, "url": "https://www.iryou.teikyouseido.mhlw.go.jp/znk-web/juminkanja/S2430/initialize?prefCd=22&kikanCd=7220802860&kikanKbn=5", "url2": "https://greenpalu.com/shop/shimizu_yachiyo.html", "内容": "グリーンぱる清水センター薬局　八千代店【5:薬局】静岡県静岡市清水区八千代町３－２３" }, "geometry": { "type": "Point", "coordinates": [ 138.489171, 35.004544 ] } },
{ "type": "Feature", "properties": { "ID": "2257220802870", "正式名称": "グリーン薬局", "機関区分": 5, "都道府県コード": 22, "市区町村コード": 103, "所在地": "静岡県静岡市清水区草薙１４０－２", "緯度": 34.998996, "経度": 138.447043, "url": "https://www.iryou.teikyouseido.mhlw.go.jp/znk-web/juminkanja/S2430/initialize?prefCd=22&kikanCd=7220802870&kikanKbn=5", "url2": null, "内容": "グリーン薬局【5:薬局】静岡県静岡市清水区草薙１４０－２" }, "geometry": { "type": "Point", "coordinates": [ 138.447043, 34.998996 ] } },
{ "type": "Feature", "properties": { "ID": "2257220802890", "正式名称": "さかえ薬局", "機関区分": 5, "都道府県コード": 22, "市区町村コード": 103, "所在地": "静岡県静岡市清水区江尻東１丁目１番１号", "緯度": 35.023355, "経度": 138.486927, "url": "https://www.iryou.teikyouseido.mhlw.go.jp/znk-web/juminkanja/S2430/initialize?prefCd=22&kikanCd=7220802890&kikanKbn=5", "url2": "http://www.sakaeph.com", "内容": "さかえ薬局【5:薬局】静岡県静岡市清水区江尻東１丁目１番１号" }, "geometry": { "type": "Point", "coordinates": [ 138.486927, 35.023355 ] } },
{ "type": "Feature", "properties": { "ID": "2257220802900", "正式名称": "柴田薬局", "機関区分": 5, "都道府県コード": 22, "市区町村コード": 103, "所在地": "静岡県静岡市清水区庵原町６３－１", "緯度": 35.043936, "経度": 138.483982, "url": "https://www.iryou.teikyouseido.mhlw.go.jp/znk-web/juminkanja/S2430/initialize?prefCd=22&kikanCd=7220802900&kikanKbn=5", "url2": null, "内容": "柴田薬局【5:薬局】静岡県静岡市清水区庵原町６３－１" }, "geometry": { "type": "Point", "coordinates": [ 138.483982, 35.043936 ] } },
{ "type": "Feature", "properties": { "ID": "2257220802910", "正式名称": "清水市民薬局", "機関区分": 5, "都道府県コード": 22, "市区町村コード": 103, "所在地": "静岡県静岡市清水区宮加三７７３－２", "緯度": 34.983887, "経度": 138.490234, "url": "https://www.iryou.teikyouseido.mhlw.go.jp/znk-web/juminkanja/S2430/initialize?prefCd=22&kikanCd=7220802910&kikanKbn=5", "url2": "http://www.cityfarma.jp", "内容": "清水市民薬局【5:薬局】静岡県静岡市清水区宮加三７７３－２" }, "geometry": { "type": "Point", "coordinates": [ 138.490234, 34.983887 ] } },
{ "type": "Feature", "properties": { "ID": "2257220802930", "正式名称": "イオン薬局　清水店", "機関区分": 5, "都道府県コード": 22, "市区町村コード": 103, "所在地": "静岡県静岡市清水区上原１－６－１６", "緯度": 35.009189, "経度": 138.458847, "url": "https://www.iryou.teikyouseido.mhlw.go.jp/znk-web/juminkanja/S2430/initialize?prefCd=22&kikanCd=7220802930&kikanKbn=5", "url2": null, "内容": "イオン薬局　清水店【5:薬局】静岡県静岡市清水区上原１－６－１６" }, "geometry": { "type": "Point", "coordinates": [ 138.458847, 35.009189 ] } },
{ "type": "Feature", "properties": { "ID": "2257220802950", "正式名称": "眞長薬局", "機関区分": 5, "都道府県コード": 22, "市区町村コード": 103, "所在地": "静岡県静岡市清水区入江南町２－２７", "緯度": 35.016939, "経度": 138.479817, "url": "https://www.iryou.teikyouseido.mhlw.go.jp/znk-web/juminkanja/S2430/initialize?prefCd=22&kikanCd=7220802950&kikanKbn=5", "url2": "http://sincho-drug.com/", "内容": "眞長薬局【5:薬局】静岡県静岡市清水区入江南町２－２７" }, "geometry": { "type": "Point", "coordinates": [ 138.479817, 35.016939 ] } },
{ "type": "Feature", "properties": { "ID": "2257220803090", "正式名称": "つつじ堂薬局二番館", "機関区分": 5, "都道府県コード": 22, "市区町村コード": 103, "所在地": "静岡県静岡市清水区草薙一丁目１４－６", "緯度": 35.001551, "経度": 138.443709, "url": "https://www.iryou.teikyouseido.mhlw.go.jp/znk-web/juminkanja/S2430/initialize?prefCd=22&kikanCd=7220803090&kikanKbn=5", "url2": "http://www.e-classa.net.tsutsuzidou2/", "内容": "つつじ堂薬局二番館【5:薬局】静岡県静岡市清水区草薙一丁目１４－６" }, "geometry": { "type": "Point", "coordinates": [ 138.443709, 35.001551 ] } },
{ "type": "Feature", "properties": { "ID": "2257220803110", "正式名称": "デイジー薬局", "機関区分": 5, "都道府県コード": 22, "市区町村コード": 103, "所在地": "静岡県静岡市清水区有東坂５－４４", "緯度": 35.006329, "経度": 138.464382, "url": "https://www.iryou.teikyouseido.mhlw.go.jp/znk-web/juminkanja/S2430/initialize?prefCd=22&kikanCd=7220803110&kikanKbn=5", "url2": "http://www.daisypharmacy.com/", "内容": "デイジー薬局【5:薬局】静岡県静岡市清水区有東坂５－４４" }, "geometry": { "type": "Point", "coordinates": [ 138.464382, 35.006329 ] } },
{ "type": "Feature", "properties": { "ID": "2257220803120", "正式名称": "天神みつる薬局", "機関区分": 5, "都道府県コード": 22, "市区町村コード": 103, "所在地": "静岡県静岡市清水区天神１－１１－６", "緯度": 35.02766, "経度": 138.480039, "url": "https://www.iryou.teikyouseido.mhlw.go.jp/znk-web/juminkanja/S2430/initialize?prefCd=22&kikanCd=7220803120&kikanKbn=5", "url2": null, "内容": "天神みつる薬局【5:薬局】静岡県静岡市清水区天神１－１１－６" }, "geometry": { "type": "Point", "coordinates": [ 138.480039, 35.02766 ] } },
{ "type": "Feature", "properties": { "ID": "2257220803130", "正式名称": "東海道薬局", "機関区分": 5, "都道府県コード": 22, "市区町村コード": 103, "所在地": "静岡県静岡市清水区興津清見寺町１４３－１８", "緯度": 35.046214, "経度": 138.509146, "url": "https://www.iryou.teikyouseido.mhlw.go.jp/znk-web/juminkanja/S2430/initialize?prefCd=22&kikanCd=7220803130&kikanKbn=5", "url2": "http://www.toukaidou.com/", "内容": "東海道薬局【5:薬局】静岡県静岡市清水区興津清見寺町１４３－１８" }, "geometry": { "type": "Point", "coordinates": [ 138.509146, 35.046214 ] } },
{ "type": "Feature", "properties": { "ID": "2257220803170", "正式名称": "菜の花薬局", "機関区分": 5, "都道府県コード": 22, "市区町村コード": 103, "所在地": "静岡県静岡市清水区船原２丁目１７６－６", "緯度": 35.004412, "経度": 138.471568, "url": "https://www.iryou.teikyouseido.mhlw.go.jp/znk-web/juminkanja/S2430/initialize?prefCd=22&kikanCd=7220803170&kikanKbn=5", "url2": null, "内容": "菜の花薬局【5:薬局】静岡県静岡市清水区船原２丁目１７６－６" }, "geometry": { "type": "Point", "coordinates": [ 138.471568, 35.004412 ] } },
{ "type": "Feature", "properties": { "ID": "2257220803200", "正式名称": "日本調剤殿沢薬局", "機関区分": 5, "都道府県コード": 22, "市区町村コード": 103, "所在地": "静岡県静岡市清水区殿沢１－１－１", "緯度": 34.982276, "経度": 138.491429, "url": "https://www.iryou.teikyouseido.mhlw.go.jp/znk-web/juminkanja/S2430/initialize?prefCd=22&kikanCd=7220803200&kikanKbn=5", "url2": "http://www.nicho.co.jp/", "内容": "日本調剤殿沢薬局【5:薬局】静岡県静岡市清水区殿沢１－１－１" }, "geometry": { "type": "Point", "coordinates": [ 138.491429, 34.982276 ] } },
{ "type": "Feature", "properties": { "ID": "2257220803210", "正式名称": "はあと薬局", "機関区分": 5, "都道府県コード": 22, "市区町村コード": 103, "所在地": "静岡県静岡市清水区蒲原三丁目１０－１６", "緯度": 35.118345, "経度": 138.601349, "url": "https://www.iryou.teikyouseido.mhlw.go.jp/znk-web/juminkanja/S2430/initialize?prefCd=22&kikanCd=7220803210&kikanKbn=5", "url2": null, "内容": "はあと薬局【5:薬局】静岡県静岡市清水区蒲原三丁目１０－１６" }, "geometry": { "type": "Point", "coordinates": [ 138.601349, 35.118345 ] } },
{ "type": "Feature", "properties": { "ID": "2257220803220", "正式名称": "伏見健康堂薬局中町店", "機関区分": 5, "都道府県コード": 22, "市区町村コード": 103, "所在地": "静岡県静岡市清水区興津中町９９－１", "緯度": 35.051408, "経度": 138.523562, "url": "https://www.iryou.teikyouseido.mhlw.go.jp/znk-web/juminkanja/S2430/initialize?prefCd=22&kikanCd=7220803220&kikanKbn=5", "url2": null, "内容": "伏見健康堂薬局中町店【5:薬局】静岡県静岡市清水区興津中町９９－１" }, "geometry": { "type": "Point", "coordinates": [ 138.523562, 35.051408 ] } },
{ "type": "Feature", "properties": { "ID": "2257220803240", "正式名称": "船越薬局", "機関区分": 5, "都道府県コード": 22, "市区町村コード": 103, "所在地": "静岡県静岡市清水区船越東町２３５番地の１", "緯度": 35.003634, "経度": 138.471624, "url": "https://www.iryou.teikyouseido.mhlw.go.jp/znk-web/juminkanja/S2430/initialize?prefCd=22&kikanCd=7220803240&kikanKbn=5", "url2": null, "内容": "船越薬局【5:薬局】静岡県静岡市清水区船越東町２３５番地の１" }, "geometry": { "type": "Point", "coordinates": [ 138.471624, 35.003634 ] } },
{ "type": "Feature", "properties": { "ID": "2257220803250", "正式名称": "ぶんじ永楽堂薬局", "機関区分": 5, "都道府県コード": 22, "市区町村コード": 103, "所在地": "静岡県静岡市清水区村松原１丁目４番３号", "緯度": 34.998969, "経度": 138.488845, "url": "https://www.iryou.teikyouseido.mhlw.go.jp/znk-web/juminkanja/S2430/initialize?prefCd=22&kikanCd=7220803250&kikanKbn=5", "url2": "http://www.eirakudo.com/", "内容": "ぶんじ永楽堂薬局【5:薬局】静岡県静岡市清水区村松原１丁目４番３号" }, "geometry": { "type": "Point", "coordinates": [ 138.488845, 34.998969 ] } },
{ "type": "Feature", "properties": { "ID": "2257220803260", "正式名称": "平和堂薬局", "機関区分": 5, "都道府県コード": 22, "市区町村コード": 103, "所在地": "静岡県静岡市清水区万世町２－２－４", "緯度": 35.012578, "経度": 138.488761, "url": "https://www.iryou.teikyouseido.mhlw.go.jp/znk-web/juminkanja/S2430/initialize?prefCd=22&kikanCd=7220803260&kikanKbn=5", "url2": null, "内容": "平和堂薬局【5:薬局】静岡県静岡市清水区万世町２－２－４" }, "geometry": { "type": "Point", "coordinates": [ 138.488761, 35.012578 ] } },
{ "type": "Feature", "properties": { "ID": "2257220803300", "正式名称": "みかど台薬局", "機関区分": 5, "都道府県コード": 22, "市区町村コード": 103, "所在地": "静岡県静岡市清水区七ツ新屋二丁目４－２０", "緯度": 35.009967, "経度": 138.450486, "url": "https://www.iryou.teikyouseido.mhlw.go.jp/znk-web/juminkanja/S2430/initialize?prefCd=22&kikanCd=7220803300&kikanKbn=5", "url2": null, "内容": "みかど台薬局【5:薬局】静岡県静岡市清水区七ツ新屋二丁目４－２０" }, "geometry": { "type": "Point", "coordinates": [ 138.450486, 35.009967 ] } },
{ "type": "Feature", "properties": { "ID": "2257220803310", "正式名称": "みとみどう薬局", "機関区分": 5, "都道府県コード": 22, "市区町村コード": 103, "所在地": "静岡県静岡市清水区春日１丁目７－６", "緯度": 35.011939, "経度": 138.472373, "url": "https://www.iryou.teikyouseido.mhlw.go.jp/znk-web/juminkanja/S2430/initialize?prefCd=22&kikanCd=7220803310&kikanKbn=5", "url2": "https://www.3103do.com/", "内容": "みとみどう薬局【5:薬局】静岡県静岡市清水区春日１丁目７－６" }, "geometry": { "type": "Point", "coordinates": [ 138.472373, 35.011939 ] } },
{ "type": "Feature", "properties": { "ID": "2257220803330", "正式名称": "みなと薬局", "機関区分": 5, "都道府県コード": 22, "市区町村コード": 103, "所在地": "静岡県静岡市清水区村松原１－２－１", "緯度": 35.000024, "経度": 138.4889, "url": "https://www.iryou.teikyouseido.mhlw.go.jp/znk-web/juminkanja/S2430/initialize?prefCd=22&kikanCd=7220803330&kikanKbn=5", "url2": "http://minato-yakkyoku.jp/", "内容": "みなと薬局【5:薬局】静岡県静岡市清水区村松原１－２－１" }, "geometry": { "type": "Point", "coordinates": [ 138.4889, 35.000024 ] } },
{ "type": "Feature", "properties": { "ID": "2257220803340", "正式名称": "みなと薬局木の下町店", "機関区分": 5, "都道府県コード": 22, "市区町村コード": 103, "所在地": "静岡県静岡市清水区木の下町９３", "緯度": 35.004079, "経度": 138.468846, "url": "https://www.iryou.teikyouseido.mhlw.go.jp/znk-web/juminkanja/S2430/initialize?prefCd=22&kikanCd=7220803340&kikanKbn=5", "url2": "http://minato-yakkyoku.jp/", "内容": "みなと薬局木の下町店【5:薬局】静岡県静岡市清水区木の下町９３" }, "geometry": { "type": "Point", "coordinates": [ 138.468846, 35.004079 ] } },
{ "type": "Feature", "properties": { "ID": "2257220803400", "正式名称": "やさか薬局", "機関区分": 5, "都道府県コード": 22, "市区町村コード": 103, "所在地": "静岡県静岡市清水区八坂北２－１２－１５", "緯度": 35.039575, "経度": 138.473178, "url": "https://www.iryou.teikyouseido.mhlw.go.jp/znk-web/juminkanja/S2430/initialize?prefCd=22&kikanCd=7220803400&kikanKbn=5", "url2": null, "内容": "やさか薬局【5:薬局】静岡県静岡市清水区八坂北２－１２－１５" }, "geometry": { "type": "Point", "coordinates": [ 138.473178, 35.039575 ] } },
{ "type": "Feature", "properties": { "ID": "2257220803480", "正式名称": "有限会社川口漢方薬局", "機関区分": 5, "都道府県コード": 22, "市区町村コード": 103, "所在地": "静岡県静岡市清水区中之郷１丁目４－１８", "緯度": 34.997246, "経度": 138.438071, "url": "https://www.iryou.teikyouseido.mhlw.go.jp/znk-web/juminkanja/S2430/initialize?prefCd=22&kikanCd=7220803480&kikanKbn=5", "url2": "http://www.kawaguchikampo.jp/", "内容": "有限会社川口漢方薬局【5:薬局】静岡県静岡市清水区中之郷１丁目４－１８" }, "geometry": { "type": "Point", "coordinates": [ 138.438071, 34.997246 ] } },
{ "type": "Feature", "properties": { "ID": "2257220803490", "正式名称": "有限会社　全快堂薬局　辻町店", "機関区分": 5, "都道府県コード": 22, "市区町村コード": 103, "所在地": "静岡県静岡市清水区辻１丁目１の１９", "緯度": 35.02466, "経度": 138.48826, "url": "https://www.iryou.teikyouseido.mhlw.go.jp/znk-web/juminkanja/S2430/initialize?prefCd=22&kikanCd=7220803490&kikanKbn=5", "url2": null, "内容": "有限会社　全快堂薬局　辻町店【5:薬局】静岡県静岡市清水区辻１丁目１の１９" }, "geometry": { "type": "Point", "coordinates": [ 138.48826, 35.02466 ] } },
{ "type": "Feature", "properties": { "ID": "2257220803510", "正式名称": "有限会社　東洋堂薬局", "機関区分": 5, "都道府県コード": 22, "市区町村コード": 103, "所在地": "静岡県静岡市清水区巴町１番４号", "緯度": 35.01805, "経度": 138.4869, "url": "https://www.iryou.teikyouseido.mhlw.go.jp/znk-web/juminkanja/S2430/initialize?prefCd=22&kikanCd=7220803510&kikanKbn=5", "url2": null, "内容": "有限会社　東洋堂薬局【5:薬局】静岡県静岡市清水区巴町１番４号" }, "geometry": { "type": "Point", "coordinates": [ 138.4869, 35.01805 ] } },
{ "type": "Feature", "properties": { "ID": "2257220803540", "正式名称": "有限会社ヤマギワ薬局矢部店", "機関区分": 5, "都道府県コード": 22, "市区町村コード": 103, "所在地": "静岡県静岡市清水区中矢部町３－１１", "緯度": 35.000607, "経度": 138.481706, "url": "https://www.iryou.teikyouseido.mhlw.go.jp/znk-web/juminkanja/S2430/initialize?prefCd=22&kikanCd=7220803540&kikanKbn=5", "url2": null, "内容": "有限会社ヤマギワ薬局矢部店【5:薬局】静岡県静岡市清水区中矢部町３－１１" }, "geometry": { "type": "Point", "coordinates": [ 138.481706, 35.000607 ] } },
{ "type": "Feature", "properties": { "ID": "2257220803560", "正式名称": "らいふ薬局押切店", "機関区分": 5, "都道府県コード": 22, "市区町村コード": 103, "所在地": "静岡県静岡市清水区押切１７３８－２", "緯度": 35.037297, "経度": 138.455679, "url": "https://www.iryou.teikyouseido.mhlw.go.jp/znk-web/juminkanja/S2430/initialize?prefCd=22&kikanCd=7220803560&kikanKbn=5", "url2": null, "内容": "らいふ薬局押切店【5:薬局】静岡県静岡市清水区押切１７３８－２" }, "geometry": { "type": "Point", "coordinates": [ 138.455679, 35.037297 ] } },
{ "type": "Feature", "properties": { "ID": "2257220803570", "正式名称": "和漢薬局さかき自然館", "機関区分": 5, "都道府県コード": 22, "市区町村コード": 103, "所在地": "静岡県静岡市清水区草薙一里山１０－１１", "緯度": 35.005578, "経度": 138.450181, "url": "https://www.iryou.teikyouseido.mhlw.go.jp/znk-web/juminkanja/S2430/initialize?prefCd=22&kikanCd=7220803570&kikanKbn=5", "url2": "http://www.kanpousakaki.com/", "内容": "和漢薬局さかき自然館【5:薬局】静岡県静岡市清水区草薙一里山１０－１１" }, "geometry": { "type": "Point", "coordinates": [ 138.450181, 35.005578 ] } },
{ "type": "Feature", "properties": { "ID": "2257220803630", "正式名称": "すずらん薬局　曲金店", "機関区分": 5, "都道府県コード": 22, "市区町村コード": 102, "所在地": "静岡県静岡市駿河区曲金七丁目９－３６", "緯度": 34.980997, "経度": 138.416157, "url": "https://www.iryou.teikyouseido.mhlw.go.jp/znk-web/juminkanja/S2430/initialize?prefCd=22&kikanCd=7220803630&kikanKbn=5", "url2": "http://www.aidrug.jp/", "内容": "すずらん薬局　曲金店【5:薬局】静岡県静岡市駿河区曲金七丁目９－３６" }, "geometry": { "type": "Point", "coordinates": [ 138.416157, 34.980997 ] } },
{ "type": "Feature", "properties": { "ID": "2257220803680", "正式名称": "蘖薬局", "機関区分": 5, "都道府県コード": 22, "市区町村コード": 103, "所在地": "静岡県静岡市清水区駒越東町２番３５号", "緯度": 34.981165, "経度": 138.501345, "url": "https://www.iryou.teikyouseido.mhlw.go.jp/znk-web/juminkanja/S2430/initialize?prefCd=22&kikanCd=7220803680&kikanKbn=5", "url2": "http://www.hikobae.com/", "内容": "蘖薬局【5:薬局】静岡県静岡市清水区駒越東町２番３５号" }, "geometry": { "type": "Point", "coordinates": [ 138.501345, 34.981165 ] } },
{ "type": "Feature", "properties": { "ID": "2257220803690", "正式名称": "ハロー薬局　押切店", "機関区分": 5, "都道府県コード": 22, "市区町村コード": 103, "所在地": "静岡県静岡市清水区押切１６１８番地の２", "緯度": 35.029909, "経度": 138.455068, "url": "https://www.iryou.teikyouseido.mhlw.go.jp/znk-web/juminkanja/S2430/initialize?prefCd=22&kikanCd=7220803690&kikanKbn=5", "url2": "https://hello-shirokuma.com/", "内容": "ハロー薬局　押切店【5:薬局】静岡県静岡市清水区押切１６１８番地の２" }, "geometry": { "type": "Point", "coordinates": [ 138.455068, 35.029909 ] } },
{ "type": "Feature", "properties": { "ID": "2257220803700", "正式名称": "アクア薬局　花みずき通り店", "機関区分": 5, "都道府県コード": 22, "市区町村コード": 103, "所在地": "静岡県静岡市清水区西高町４番１９号", "緯度": 35.008689, "経度": 138.471985, "url": "https://www.iryou.teikyouseido.mhlw.go.jp/znk-web/juminkanja/S2430/initialize?prefCd=22&kikanCd=7220803700&kikanKbn=5", "url2": "http://aqua-pharmacy.co.jp/", "内容": "アクア薬局　花みずき通り店【5:薬局】静岡県静岡市清水区西高町４番１９号" }, "geometry": { "type": "Point", "coordinates": [ 138.471985, 35.008689 ] } },
{ "type": "Feature", "properties": { "ID": "2257220803740", "正式名称": "静岡調剤薬局　新静岡店", "機関区分": 5, "都道府県コード": 22, "市区町村コード": 101, "所在地": "静岡県静岡市葵区鷹匠１丁目１１－４", "緯度": 34.976303, "経度": 138.387854, "url": "https://www.iryou.teikyouseido.mhlw.go.jp/znk-web/juminkanja/S2430/initialize?prefCd=22&kikanCd=7220803740&kikanKbn=5", "url2": "http://shizuoka-chouzai.co.jp/", "内容": "静岡調剤薬局　新静岡店【5:薬局】静岡県静岡市葵区鷹匠１丁目１１－４" }, "geometry": { "type": "Point", "coordinates": [ 138.387854, 34.976303 ] } },
{ "type": "Feature", "properties": { "ID": "2257220803750", "正式名称": "みかど台薬局船越東店", "機関区分": 5, "都道府県コード": 22, "市区町村コード": 103, "所在地": "静岡県静岡市清水区船越東町２１３－４", "緯度": 35.004107, "経度": 138.47229, "url": "https://www.iryou.teikyouseido.mhlw.go.jp/znk-web/juminkanja/S2430/initialize?prefCd=22&kikanCd=7220803750&kikanKbn=5", "url2": null, "内容": "みかど台薬局船越東店【5:薬局】静岡県静岡市清水区船越東町２１３－４" }, "geometry": { "type": "Point", "coordinates": [ 138.47229, 35.004107 ] } },
{ "type": "Feature", "properties": { "ID": "2257220803760", "正式名称": "まごころ調剤薬局", "機関区分": 5, "都道府県コード": 22, "市区町村コード": 101, "所在地": "静岡県静岡市葵区北安東４丁目２２－５", "緯度": 35.004175, "経度": 138.387947, "url": "https://www.iryou.teikyouseido.mhlw.go.jp/znk-web/juminkanja/S2430/initialize?prefCd=22&kikanCd=7220803760&kikanKbn=5", "url2": null, "内容": "まごころ調剤薬局【5:薬局】静岡県静岡市葵区北安東４丁目２２－５" }, "geometry": { "type": "Point", "coordinates": [ 138.387947, 35.004175 ] } },
{ "type": "Feature", "properties": { "ID": "2257220803770", "正式名称": "らいふ薬局　松富店", "機関区分": 5, "都道府県コード": 22, "市区町村コード": 101, "所在地": "静岡県静岡市葵区上伝馬２３－１７", "緯度": 35.011136, "経度": 138.372751, "url": "https://www.iryou.teikyouseido.mhlw.go.jp/znk-web/juminkanja/S2430/initialize?prefCd=22&kikanCd=7220803770&kikanKbn=5", "url2": null, "内容": "らいふ薬局　松富店【5:薬局】静岡県静岡市葵区上伝馬２３－１７" }, "geometry": { "type": "Point", "coordinates": [ 138.372751, 35.011136 ] } },
{ "type": "Feature", "properties": { "ID": "2257220803780", "正式名称": "ホワイト薬局　千代田店", "機関区分": 5, "都道府県コード": 22, "市区町村コード": 101, "所在地": "静岡県静岡市葵区千代田６－３０－３０", "緯度": 34.999134, "経度": 138.409129, "url": "https://www.iryou.teikyouseido.mhlw.go.jp/znk-web/juminkanja/S2430/initialize?prefCd=22&kikanCd=7220803780&kikanKbn=5", "url2": null, "内容": "ホワイト薬局　千代田店【5:薬局】静岡県静岡市葵区千代田６－３０－３０" }, "geometry": { "type": "Point", "coordinates": [ 138.409129, 34.999134 ] } },
{ "type": "Feature", "properties": { "ID": "2257220803840", "正式名称": "すずらん薬局　沓谷店", "機関区分": 5, "都道府県コード": 22, "市区町村コード": 101, "所在地": "静岡県静岡市葵区沓谷５丁目７－２　サンハイツ沓谷１０１号", "緯度": 34.996829, "経度": 138.40999, "url": "https://www.iryou.teikyouseido.mhlw.go.jp/znk-web/juminkanja/S2430/initialize?prefCd=22&kikanCd=7220803840&kikanKbn=5", "url2": "http://www.aidrug.jp/", "内容": "すずらん薬局　沓谷店【5:薬局】静岡県静岡市葵区沓谷５丁目７－２　サンハイツ沓谷１０１号" }, "geometry": { "type": "Point", "coordinates": [ 138.40999, 34.996829 ] } },
{ "type": "Feature", "properties": { "ID": "2257220803850", "正式名称": "辻󠄀本薬局　昭和町店", "機関区分": 5, "都道府県コード": 22, "市区町村コード": 101, "所在地": "静岡県静岡市葵区昭和町１－６　サンフォレスト静岡昭和町ビル３階", "緯度": 34.972063, "経度": 138.383946, "url": "https://www.iryou.teikyouseido.mhlw.go.jp/znk-web/juminkanja/S2430/initialize?prefCd=22&kikanCd=7220803850&kikanKbn=5", "url2": null, "内容": "辻󠄀本薬局　昭和町店【5:薬局】静岡県静岡市葵区昭和町１－６　サンフォレスト静岡昭和町ビル３階" }, "geometry": { "type": "Point", "coordinates": [ 138.383946, 34.972063 ] } },
{ "type": "Feature", "properties": { "ID": "2257220803860", "正式名称": "もみの木薬局　中田店", "機関区分": 5, "都道府県コード": 22, "市区町村コード": 102, "所在地": "静岡県静岡市駿河区中田２－７－１", "緯度": 34.964609, "経度": 138.393438, "url": "https://www.iryou.teikyouseido.mhlw.go.jp/znk-web/juminkanja/S2430/initialize?prefCd=22&kikanCd=7220803860&kikanKbn=5", "url2": "https://www.mominoki-ph.com", "内容": "もみの木薬局　中田店【5:薬局】静岡県静岡市駿河区中田２－７－１" }, "geometry": { "type": "Point", "coordinates": [ 138.393438, 34.964609 ] } },
{ "type": "Feature", "properties": { "ID": "2257220803870", "正式名称": "コーエイ薬局　清水店", "機関区分": 5, "都道府県コード": 22, "市区町村コード": 103, "所在地": "静岡県静岡市清水区庄福町９番２２号", "緯度": 34.998762, "経度": 138.478632, "url": "https://www.iryou.teikyouseido.mhlw.go.jp/znk-web/juminkanja/S2430/initialize?prefCd=22&kikanCd=7220803870&kikanKbn=5", "url2": null, "内容": "コーエイ薬局　清水店【5:薬局】静岡県静岡市清水区庄福町９番２２号" }, "geometry": { "type": "Point", "coordinates": [ 138.478632, 34.998762 ] } },
{ "type": "Feature", "properties": { "ID": "2257220803890", "正式名称": "ひばり谷田薬局", "機関区分": 5, "都道府県コード": 22, "市区町村コード": 102, "所在地": "静岡県静岡市駿河区谷田３４番２２号", "緯度": 34.995274, "経度": 138.441154, "url": "https://www.iryou.teikyouseido.mhlw.go.jp/znk-web/juminkanja/S2430/initialize?prefCd=22&kikanCd=7220803890&kikanKbn=5", "url2": null, "内容": "ひばり谷田薬局【5:薬局】静岡県静岡市駿河区谷田３４番２２号" }, "geometry": { "type": "Point", "coordinates": [ 138.441154, 34.995274 ] } },
{ "type": "Feature", "properties": { "ID": "2257220803920", "正式名称": "薬局メディスン中田みなみ店", "機関区分": 5, "都道府県コード": 22, "市区町村コード": 102, "所在地": "静岡県静岡市駿河区中田３丁目１－３８－２", "緯度": 34.96238, "経度": 138.396717, "url": "https://www.iryou.teikyouseido.mhlw.go.jp/znk-web/juminkanja/S2430/initialize?prefCd=22&kikanCd=7220803920&kikanKbn=5", "url2": "http://www.e-medicine.co.jp/", "内容": "薬局メディスン中田みなみ店【5:薬局】静岡県静岡市駿河区中田３丁目１－３８－２" }, "geometry": { "type": "Point", "coordinates": [ 138.396717, 34.96238 ] } },
{ "type": "Feature", "properties": { "ID": "2257220803940", "正式名称": "株式会社　仁生堂", "機関区分": 5, "都道府県コード": 22, "市区町村コード": 102, "所在地": "静岡県静岡市駿河区大谷二丁目５番１号", "緯度": 34.950278, "経度": 138.429685, "url": "https://www.iryou.teikyouseido.mhlw.go.jp/znk-web/juminkanja/S2430/initialize?prefCd=22&kikanCd=7220803940&kikanKbn=5", "url2": null, "内容": "株式会社　仁生堂【5:薬局】静岡県静岡市駿河区大谷二丁目５番１号" }, "geometry": { "type": "Point", "coordinates": [ 138.429685, 34.950278 ] } },
{ "type": "Feature", "properties": { "ID": "2257220803980", "正式名称": "シーガル薬局南町店", "機関区分": 5, "都道府県コード": 22, "市区町村コード": 102, "所在地": "静岡県静岡市駿河区南町４－１４　グランドメゾン・ザタワー　１０１－２", "緯度": 34.968498, "経度": 138.389799, "url": "https://www.iryou.teikyouseido.mhlw.go.jp/znk-web/juminkanja/S2430/initialize?prefCd=22&kikanCd=7220803980&kikanKbn=5", "url2": null, "内容": "シーガル薬局南町店【5:薬局】静岡県静岡市駿河区南町４－１４　グランドメゾン・ザタワー　１０１－２" }, "geometry": { "type": "Point", "coordinates": [ 138.389799, 34.968498 ] } },
{ "type": "Feature", "properties": { "ID": "2257220804030", "正式名称": "アップル薬局八幡店", "機関区分": 5, "都道府県コード": 22, "市区町村コード": 102, "所在地": "静岡県静岡市駿河区八幡５丁目３－６", "緯度": 34.96622, "経度": 138.398215, "url": "https://www.iryou.teikyouseido.mhlw.go.jp/znk-web/juminkanja/S2430/initialize?prefCd=22&kikanCd=7220804030&kikanKbn=5", "url2": null, "内容": "アップル薬局八幡店【5:薬局】静岡県静岡市駿河区八幡５丁目３－６" }, "geometry": { "type": "Point", "coordinates": [ 138.398215, 34.96622 ] } },
{ "type": "Feature", "properties": { "ID": "2257220804060", "正式名称": "杏林堂薬局静岡登呂店", "機関区分": 5, "都道府県コード": 22, "市区町村コード": 102, "所在地": "静岡県静岡市駿河区登呂１丁目１８－３８", "緯度": 34.960471, "経度": 138.412214, "url": "https://www.iryou.teikyouseido.mhlw.go.jp/znk-web/juminkanja/S2430/initialize?prefCd=22&kikanCd=7220804060&kikanKbn=5", "url2": "http://www.kyorindo.co.jp/", "内容": "杏林堂薬局静岡登呂店【5:薬局】静岡県静岡市駿河区登呂１丁目１８－３８" }, "geometry": { "type": "Point", "coordinates": [ 138.412214, 34.960471 ] } },
{ "type": "Feature", "properties": { "ID": "2257220804080", "正式名称": "あおば薬局東静岡店", "機関区分": 5, "都道府県コード": 22, "市区町村コード": 102, "所在地": "静岡県静岡市駿河区曲金６－８－３５ＥＳＭビル１Ｆ", "緯度": 34.983886, "経度": 138.415824, "url": "https://www.iryou.teikyouseido.mhlw.go.jp/znk-web/juminkanja/S2430/initialize?prefCd=22&kikanCd=7220804080&kikanKbn=5", "url2": "http://www.e-yci.co.jp", "内容": "あおば薬局東静岡店【5:薬局】静岡県静岡市駿河区曲金６－８－３５ＥＳＭビル１Ｆ" }, "geometry": { "type": "Point", "coordinates": [ 138.415824, 34.983886 ] } },
{ "type": "Feature", "properties": { "ID": "2257220804100", "正式名称": "どんぐり薬局", "機関区分": 5, "都道府県コード": 22, "市区町村コード": 103, "所在地": "静岡県静岡市清水区下清水町６－１２", "緯度": 35.005968, "経度": 138.482012, "url": "https://www.iryou.teikyouseido.mhlw.go.jp/znk-web/juminkanja/S2430/initialize?prefCd=22&kikanCd=7220804100&kikanKbn=5", "url2": null, "内容": "どんぐり薬局【5:薬局】静岡県静岡市清水区下清水町６－１２" }, "geometry": { "type": "Point", "coordinates": [ 138.482012, 35.005968 ] } },
{ "type": "Feature", "properties": { "ID": "2257220804120", "正式名称": "のぞみ薬局静岡店", "機関区分": 5, "都道府県コード": 22, "市区町村コード": 101, "所在地": "静岡県静岡市葵区与一１丁目１０－２２", "緯度": 35.006188, "経度": 138.365577, "url": "https://www.iryou.teikyouseido.mhlw.go.jp/znk-web/juminkanja/S2430/initialize?prefCd=22&kikanCd=7220804120&kikanKbn=5", "url2": "http://www.bsg.cc", "内容": "のぞみ薬局静岡店【5:薬局】静岡県静岡市葵区与一１丁目１０－２２" }, "geometry": { "type": "Point", "coordinates": [ 138.365577, 35.006188 ] } },
{ "type": "Feature", "properties": { "ID": "2257220804130", "正式名称": "清水調剤薬局　桜ヶ丘店", "機関区分": 5, "都道府県コード": 22, "市区町村コード": 103, "所在地": "静岡県静岡市清水区桜が丘町８－３", "緯度": 35.010717, "経度": 138.479095, "url": "https://www.iryou.teikyouseido.mhlw.go.jp/znk-web/juminkanja/S2430/initialize?prefCd=22&kikanCd=7220804130&kikanKbn=5", "url2": "http://www.toukaidou.com/", "内容": "清水調剤薬局　桜ヶ丘店【5:薬局】静岡県静岡市清水区桜が丘町８－３" }, "geometry": { "type": "Point", "coordinates": [ 138.479095, 35.010717 ] } },
{ "type": "Feature", "properties": { "ID": "2257220804140", "正式名称": "あいらんど調剤薬局　新川店", "機関区分": 5, "都道府県コード": 22, "市区町村コード": 102, "所在地": "静岡県静岡市駿河区新川１－１４－２１", "緯度": 34.964693, "経度": 138.3808, "url": "https://www.iryou.teikyouseido.mhlw.go.jp/znk-web/juminkanja/S2430/initialize?prefCd=22&kikanCd=7220804140&kikanKbn=5", "url2": null, "内容": "あいらんど調剤薬局　新川店【5:薬局】静岡県静岡市駿河区新川１－１４－２１" }, "geometry": { "type": "Point", "coordinates": [ 138.3808, 34.964693 ] } },
{ "type": "Feature", "properties": { "ID": "2257220804160", "正式名称": "しんかわ薬局", "機関区分": 5, "都道府県コード": 22, "市区町村コード": 101, "所在地": "静岡県静岡市葵区弥勒一丁目１番１号", "緯度": 34.964109, "経度": 138.372189, "url": "https://www.iryou.teikyouseido.mhlw.go.jp/znk-web/juminkanja/S2430/initialize?prefCd=22&kikanCd=7220804160&kikanKbn=5", "url2": null, "内容": "しんかわ薬局【5:薬局】静岡県静岡市葵区弥勒一丁目１番１号" }, "geometry": { "type": "Point", "coordinates": [ 138.372189, 34.964109 ] } },
{ "type": "Feature", "properties": { "ID": "2257220804190", "正式名称": "タキグチ薬局", "機関区分": 5, "都道府県コード": 22, "市区町村コード": 103, "所在地": "静岡県静岡市清水区村松２０４７番地の３", "緯度": 34.993087, "経度": 138.483501, "url": "https://www.iryou.teikyouseido.mhlw.go.jp/znk-web/juminkanja/S2430/initialize?prefCd=22&kikanCd=7220804190&kikanKbn=5", "url2": null, "内容": "タキグチ薬局【5:薬局】静岡県静岡市清水区村松２０４７番地の３" }, "geometry": { "type": "Point", "coordinates": [ 138.483501, 34.993087 ] } },
{ "type": "Feature", "properties": { "ID": "2257220804200", "正式名称": "スギ薬局　鷹匠店", "機関区分": 5, "都道府県コード": 22, "市区町村コード": 101, "所在地": "静岡県静岡市葵区相生町１４－３１", "緯度": 34.977191, "経度": 138.392354, "url": "https://www.iryou.teikyouseido.mhlw.go.jp/znk-web/juminkanja/S2430/initialize?prefCd=22&kikanCd=7220804200&kikanKbn=5", "url2": "http://www.drug-sugi.co.jp/", "内容": "スギ薬局　鷹匠店【5:薬局】静岡県静岡市葵区相生町１４－３１" }, "geometry": { "type": "Point", "coordinates": [ 138.392354, 34.977191 ] } },
{ "type": "Feature", "properties": { "ID": "2257220804310", "正式名称": "スギ薬局　東静岡", "機関区分": 5, "都道府県コード": 22, "市区町村コード": 102, "所在地": "静岡県静岡市駿河区曲金５丁目６番７号", "緯度": 34.98009, "経度": 138.412105, "url": "https://www.iryou.teikyouseido.mhlw.go.jp/znk-web/juminkanja/S2430/initialize?prefCd=22&kikanCd=7220804310&kikanKbn=5", "url2": "http://www.sugi-net.jp/", "内容": "スギ薬局　東静岡【5:薬局】静岡県静岡市駿河区曲金５丁目６番７号" }, "geometry": { "type": "Point", "coordinates": [ 138.412105, 34.98009 ] } },
{ "type": "Feature", "properties": { "ID": "2257220804320", "正式名称": "たんぽぽ薬局静岡日赤前店", "機関区分": 5, "都道府県コード": 22, "市区町村コード": 101, "所在地": "静岡県静岡市葵区追手町７番１６号", "緯度": 34.975691, "経度": 138.38166, "url": "https://www.iryou.teikyouseido.mhlw.go.jp/znk-web/juminkanja/S2430/initialize?prefCd=22&kikanCd=7220804320&kikanKbn=5", "url2": null, "内容": "たんぽぽ薬局静岡日赤前店【5:薬局】静岡県静岡市葵区追手町７番１６号" }, "geometry": { "type": "Point", "coordinates": [ 138.38166, 34.975691 ] } },
{ "type": "Feature", "properties": { "ID": "2257220804330", "正式名称": "宮城薬局", "機関区分": 5, "都道府県コード": 22, "市区町村コード": 103, "所在地": "静岡県静岡市清水区辻２丁目５－１２", "緯度": 35.027359, "経度": 138.48713, "url": "https://www.iryou.teikyouseido.mhlw.go.jp/znk-web/juminkanja/S2430/initialize?prefCd=22&kikanCd=7220804330&kikanKbn=5", "url2": null, "内容": "宮城薬局【5:薬局】静岡県静岡市清水区辻２丁目５－１２" }, "geometry": { "type": "Point", "coordinates": [ 138.48713, 35.027359 ] } },
{ "type": "Feature", "properties": { "ID": "2257220804360", "正式名称": "スルガ薬局", "機関区分": 5, "都道府県コード": 22, "市区町村コード": 102, "所在地": "静岡県静岡市駿河区南町４－２９", "緯度": 34.96841, "経度": 138.388926, "url": "https://www.iryou.teikyouseido.mhlw.go.jp/znk-web/juminkanja/S2430/initialize?prefCd=22&kikanCd=7220804360&kikanKbn=5", "url2": null, "内容": "スルガ薬局【5:薬局】静岡県静岡市駿河区南町４－２９" }, "geometry": { "type": "Point", "coordinates": [ 138.388926, 34.96841 ] } },
{ "type": "Feature", "properties": { "ID": "2257220804380", "正式名称": "ひばり天王町薬局", "機関区分": 5, "都道府県コード": 22, "市区町村コード": 103, "所在地": "静岡県静岡市清水区天王南３－９", "緯度": 35.028016, "経度": 138.463213, "url": "https://www.iryou.teikyouseido.mhlw.go.jp/znk-web/juminkanja/S2430/initialize?prefCd=22&kikanCd=7220804380&kikanKbn=5", "url2": "http://www.buriken.com", "内容": "ひばり天王町薬局【5:薬局】静岡県静岡市清水区天王南３－９" }, "geometry": { "type": "Point", "coordinates": [ 138.463213, 35.028016 ] } },
{ "type": "Feature", "properties": { "ID": "2257220804400", "正式名称": "有東坂薬局", "機関区分": 5, "都道府県コード": 22, "市区町村コード": 103, "所在地": "静岡県静岡市清水区平川地７－２９", "緯度": 35.010689, "経度": 138.463291, "url": "https://www.iryou.teikyouseido.mhlw.go.jp/znk-web/juminkanja/S2430/initialize?prefCd=22&kikanCd=7220804400&kikanKbn=5", "url2": null, "内容": "有東坂薬局【5:薬局】静岡県静岡市清水区平川地７－２９" }, "geometry": { "type": "Point", "coordinates": [ 138.463291, 35.010689 ] } },
{ "type": "Feature", "properties": { "ID": "2257220804420", "正式名称": "新清水薬局", "機関区分": 5, "都道府県コード": 22, "市区町村コード": 103, "所在地": "静岡県静岡市清水区相生町３－３", "緯度": 35.016424, "経度": 138.487889, "url": "https://www.iryou.teikyouseido.mhlw.go.jp/znk-web/juminkanja/S2430/initialize?prefCd=22&kikanCd=7220804420&kikanKbn=5", "url2": null, "内容": "新清水薬局【5:薬局】静岡県静岡市清水区相生町３－３" }, "geometry": { "type": "Point", "coordinates": [ 138.487889, 35.016424 ] } },
{ "type": "Feature", "properties": { "ID": "2257220804460", "正式名称": "フラワー薬局　曲金店", "機関区分": 5, "都道府県コード": 22, "市区町村コード": 102, "所在地": "静岡県静岡市駿河区曲金４－２－１９", "緯度": 34.977757, "経度": 138.409957, "url": "https://www.iryou.teikyouseido.mhlw.go.jp/znk-web/juminkanja/S2430/initialize?prefCd=22&kikanCd=7220804460&kikanKbn=5", "url2": "http://flower-group.co.jp", "内容": "フラワー薬局　曲金店【5:薬局】静岡県静岡市駿河区曲金４－２－１９" }, "geometry": { "type": "Point", "coordinates": [ 138.409957, 34.977757 ] } },
{ "type": "Feature", "properties": { "ID": "2257220804470", "正式名称": "わかくさ薬局唐瀬店", "機関区分": 5, "都道府県コード": 22, "市区町村コード": 101, "所在地": "静岡県静岡市葵区城北９３－１", "緯度": 35.001476, "経度": 138.392175, "url": "https://www.iryou.teikyouseido.mhlw.go.jp/znk-web/juminkanja/S2430/initialize?prefCd=22&kikanCd=7220804470&kikanKbn=5", "url2": "http://www.stcy.co.jp/STCmain/map/karase.htm", "内容": "わかくさ薬局唐瀬店【5:薬局】静岡県静岡市葵区城北９３－１" }, "geometry": { "type": "Point", "coordinates": [ 138.392175, 35.001476 ] } },
{ "type": "Feature", "properties": { "ID": "2257220804490", "正式名称": "すずらん薬局瀬名中央店", "機関区分": 5, "都道府県コード": 22, "市区町村コード": 101, "所在地": "静岡県静岡市葵区瀬名川１丁目２９－３４", "緯度": 35.006439, "経度": 138.424822, "url": "https://www.iryou.teikyouseido.mhlw.go.jp/znk-web/juminkanja/S2430/initialize?prefCd=22&kikanCd=7220804490&kikanKbn=5", "url2": "http://www.aidrug.jp/", "内容": "すずらん薬局瀬名中央店【5:薬局】静岡県静岡市葵区瀬名川１丁目２９－３４" }, "geometry": { "type": "Point", "coordinates": [ 138.424822, 35.006439 ] } },
{ "type": "Feature", "properties": { "ID": "2257220804510", "正式名称": "さいわい薬局", "機関区分": 5, "都道府県コード": 22, "市区町村コード": 101, "所在地": "静岡県静岡市葵区幸町３０－６", "緯度": 34.966633, "経度": 138.371508, "url": "https://www.iryou.teikyouseido.mhlw.go.jp/znk-web/juminkanja/S2430/initialize?prefCd=22&kikanCd=7220804510&kikanKbn=5", "url2": "https://dpc-net.ne.jp/storeinfo/shizuoka/shizuoka-saiwai/", "内容": "さいわい薬局【5:薬局】静岡県静岡市葵区幸町３０－６" }, "geometry": { "type": "Point", "coordinates": [ 138.371508, 34.966633 ] } },
{ "type": "Feature", "properties": { "ID": "2257220804520", "正式名称": "フラワー薬局高松店", "機関区分": 5, "都道府県コード": 22, "市区町村コード": 102, "所在地": "静岡県静岡市駿河区敷地１－１８－１７", "緯度": 34.9515, "経度": 138.413325, "url": "https://www.iryou.teikyouseido.mhlw.go.jp/znk-web/juminkanja/S2430/initialize?prefCd=22&kikanCd=7220804520&kikanKbn=5", "url2": "http://flower-group.co.jp", "内容": "フラワー薬局高松店【5:薬局】静岡県静岡市駿河区敷地１－１８－１７" }, "geometry": { "type": "Point", "coordinates": [ 138.413325, 34.9515 ] } },
{ "type": "Feature", "properties": { "ID": "2257220804540", "正式名称": "わかくさ薬局東静岡店", "機関区分": 5, "都道府県コード": 22, "市区町村コード": 102, "所在地": "静岡県静岡市駿河区曲金６－１０－１４", "緯度": 34.982335, "経度": 138.412667, "url": "https://www.iryou.teikyouseido.mhlw.go.jp/znk-web/juminkanja/S2430/initialize?prefCd=22&kikanCd=7220804540&kikanKbn=5", "url2": "http://www.stcy.co.jp/stcmain/map/higashishizuoka.htm", "内容": "わかくさ薬局東静岡店【5:薬局】静岡県静岡市駿河区曲金６－１０－１４" }, "geometry": { "type": "Point", "coordinates": [ 138.412667, 34.982335 ] } },
{ "type": "Feature", "properties": { "ID": "2257220804560", "正式名称": "うさぎ薬局　鶴舞店", "機関区分": 5, "都道府県コード": 22, "市区町村コード": 103, "所在地": "静岡県静岡市清水区鶴舞町３番４０－１号", "緯度": 35.016832, "経度": 138.473501, "url": "https://www.iryou.teikyouseido.mhlw.go.jp/znk-web/juminkanja/S2430/initialize?prefCd=22&kikanCd=7220804560&kikanKbn=5", "url2": "http://usagipharmacy.com", "内容": "うさぎ薬局　鶴舞店【5:薬局】静岡県静岡市清水区鶴舞町３番４０－１号" }, "geometry": { "type": "Point", "coordinates": [ 138.473501, 35.016832 ] } },
{ "type": "Feature", "properties": { "ID": "2257220804590", "正式名称": "朝陽薬局", "機関区分": 5, "都道府県コード": 22, "市区町村コード": 103, "所在地": "静岡県静岡市清水区梅田町１０－１９", "緯度": 35.005718, "経度": 138.487289, "url": "https://www.iryou.teikyouseido.mhlw.go.jp/znk-web/juminkanja/S2430/initialize?prefCd=22&kikanCd=7220804590&kikanKbn=5", "url2": "https://www.cho-yo-yakkyoku.co.jp", "内容": "朝陽薬局【5:薬局】静岡県静岡市清水区梅田町１０－１９" }, "geometry": { "type": "Point", "coordinates": [ 138.487289, 35.005718 ] } },
{ "type": "Feature", "properties": { "ID": "2257220804600", "正式名称": "みつば薬局", "機関区分": 5, "都道府県コード": 22, "市区町村コード": 101, "所在地": "静岡県静岡市葵区西草深町３１－１５", "緯度": 34.983829, "経度": 138.378494, "url": "https://www.iryou.teikyouseido.mhlw.go.jp/znk-web/juminkanja/S2430/initialize?prefCd=22&kikanCd=7220804600&kikanKbn=5", "url2": null, "内容": "みつば薬局【5:薬局】静岡県静岡市葵区西草深町３１－１５" }, "geometry": { "type": "Point", "coordinates": [ 138.378494, 34.983829 ] } },
{ "type": "Feature", "properties": { "ID": "2257220804610", "正式名称": "とまと薬局　はとりパーク店", "機関区分": 5, "都道府県コード": 22, "市区町村コード": 101, "所在地": "静岡県静岡市葵区山崎一丁目２６－５", "緯度": 34.977484, "経度": 138.352, "url": "https://www.iryou.teikyouseido.mhlw.go.jp/znk-web/juminkanja/S2430/initialize?prefCd=22&kikanCd=7220804610&kikanKbn=5", "url2": "https://www.tomato-ph.com/", "内容": "とまと薬局　はとりパーク店【5:薬局】静岡県静岡市葵区山崎一丁目２６－５" }, "geometry": { "type": "Point", "coordinates": [ 138.352, 34.977484 ] } },
{ "type": "Feature", "properties": { "ID": "2257220804630", "正式名称": "ニコニコ堂薬局", "機関区分": 5, "都道府県コード": 22, "市区町村コード": 101, "所在地": "静岡県静岡市葵区呉服町２－７－１０　鋳物会館１Ａ", "緯度": 34.974164, "経度": 138.384743, "url": "https://www.iryou.teikyouseido.mhlw.go.jp/znk-web/juminkanja/S2430/initialize?prefCd=22&kikanCd=7220804630&kikanKbn=5", "url2": "http://www.nikonikodo.net", "内容": "ニコニコ堂薬局【5:薬局】静岡県静岡市葵区呉服町２－７－１０　鋳物会館１Ａ" }, "geometry": { "type": "Point", "coordinates": [ 138.384743, 34.974164 ] } },
{ "type": "Feature", "properties": { "ID": "2257220804640", "正式名称": "ユーアイ薬局", "機関区分": 5, "都道府県コード": 22, "市区町村コード": 102, "所在地": "静岡県静岡市駿河区池田５３０－１", "緯度": 34.983035, "経度": 138.423112, "url": "https://www.iryou.teikyouseido.mhlw.go.jp/znk-web/juminkanja/S2430/initialize?prefCd=22&kikanCd=7220804640&kikanKbn=5", "url2": "https://www.ars-group.jp/", "内容": "ユーアイ薬局【5:薬局】静岡県静岡市駿河区池田５３０－１" }, "geometry": { "type": "Point", "coordinates": [ 138.423112, 34.983035 ] } },
{ "type": "Feature", "properties": { "ID": "2257220804650", "正式名称": "ＭＤちとせ薬局", "機関区分": 5, "都道府県コード": 22, "市区町村コード": 103, "所在地": "静岡県静岡市清水区千歳町２番３５号", "緯度": 35.0153, "経度": 138.484067, "url": "https://www.iryou.teikyouseido.mhlw.go.jp/znk-web/juminkanja/S2430/initialize?prefCd=22&kikanCd=7220804650&kikanKbn=5", "url2": "https://mdyakkyoku-simono-chitose.jimdofree.com/", "内容": "ＭＤちとせ薬局【5:薬局】静岡県静岡市清水区千歳町２番３５号" }, "geometry": { "type": "Point", "coordinates": [ 138.484067, 35.0153 ] } },
{ "type": "Feature", "properties": { "ID": "2257220804700", "正式名称": "あさばた薬局", "機関区分": 5, "都道府県コード": 22, "市区町村コード": 101, "所在地": "静岡県静岡市葵区北一丁目９－３４", "緯度": 35.037268, "経度": 138.399573, "url": "https://www.iryou.teikyouseido.mhlw.go.jp/znk-web/juminkanja/S2430/initialize?prefCd=22&kikanCd=7220804700&kikanKbn=5", "url2": null, "内容": "あさばた薬局【5:薬局】静岡県静岡市葵区北一丁目９－３４" }, "geometry": { "type": "Point", "coordinates": [ 138.399573, 35.037268 ] } },
{ "type": "Feature", "properties": { "ID": "2257220804710", "正式名称": "あおば薬局登呂店", "機関区分": 5, "都道府県コード": 22, "市区町村コード": 102, "所在地": "静岡県静岡市駿河区登呂５丁目１１－８", "緯度": 34.956773, "経度": 138.407, "url": "https://www.iryou.teikyouseido.mhlw.go.jp/znk-web/juminkanja/S2430/initialize?prefCd=22&kikanCd=7220804710&kikanKbn=5", "url2": "http://www.e-ycicojp/", "内容": "あおば薬局登呂店【5:薬局】静岡県静岡市駿河区登呂５丁目１１－８" }, "geometry": { "type": "Point", "coordinates": [ 138.407, 34.956773 ] } },
{ "type": "Feature", "properties": { "ID": "2257220804720", "正式名称": "杏林堂薬局　静岡山崎店", "機関区分": 5, "都道府県コード": 22, "市区町村コード": 101, "所在地": "静岡県静岡市葵区山崎１－２７－３", "緯度": 34.976404, "経度": 138.351968, "url": "https://www.iryou.teikyouseido.mhlw.go.jp/znk-web/juminkanja/S2430/initialize?prefCd=22&kikanCd=7220804720&kikanKbn=5", "url2": "http://www.kyorindo.co.jp", "内容": "杏林堂薬局　静岡山崎店【5:薬局】静岡県静岡市葵区山崎１－２７－３" }, "geometry": { "type": "Point", "coordinates": [ 138.351968, 34.976404 ] } },
{ "type": "Feature", "properties": { "ID": "2257220804730", "正式名称": "杏林堂薬局　静岡千代田店", "機関区分": 5, "都道府県コード": 22, "市区町村コード": 101, "所在地": "静岡県静岡市葵区千代田６－２９－２３", "緯度": 35.000449, "経度": 138.407579, "url": "https://www.iryou.teikyouseido.mhlw.go.jp/znk-web/juminkanja/S2430/initialize?prefCd=22&kikanCd=7220804730&kikanKbn=5", "url2": "https://www.kyorindo.co.jp", "内容": "杏林堂薬局　静岡千代田店【5:薬局】静岡県静岡市葵区千代田６－２９－２３" }, "geometry": { "type": "Point", "coordinates": [ 138.407579, 35.000449 ] } },
{ "type": "Feature", "properties": { "ID": "2257220804740", "正式名称": "杏林堂薬局　清水三保店", "機関区分": 5, "都道府県コード": 22, "市区町村コード": 103, "所在地": "静岡県静岡市清水区三保１１１－２", "緯度": 34.99872, "経度": 138.515547, "url": "https://www.iryou.teikyouseido.mhlw.go.jp/znk-web/juminkanja/S2430/initialize?prefCd=22&kikanCd=7220804740&kikanKbn=5", "url2": "https://www.kyorindo.co.jp", "内容": "杏林堂薬局　清水三保店【5:薬局】静岡県静岡市清水区三保１１１－２" }, "geometry": { "type": "Point", "coordinates": [ 138.515547, 34.99872 ] } },
{ "type": "Feature", "properties": { "ID": "2257220804760", "正式名称": "薬局マツモトキヨシ　寺田店", "機関区分": 5, "都道府県コード": 22, "市区町村コード": 102, "所在地": "静岡県静岡市駿河区寺田１０－１", "緯度": 34.943071, "経度": 138.358932, "url": "https://www.iryou.teikyouseido.mhlw.go.jp/znk-web/juminkanja/S2430/initialize?prefCd=22&kikanCd=7220804760&kikanKbn=5", "url2": "http://www.matsukiyo.co.jp/", "内容": "薬局マツモトキヨシ　寺田店【5:薬局】静岡県静岡市駿河区寺田１０－１" }, "geometry": { "type": "Point", "coordinates": [ 138.358932, 34.943071 ] } },
{ "type": "Feature", "properties": { "ID": "2257220804780", "正式名称": "桜橋薬局", "機関区分": 5, "都道府県コード": 22, "市区町村コード": 103, "所在地": "静岡県静岡市清水区春日１－５－４", "緯度": 35.011724, "経度": 138.473849, "url": "https://www.iryou.teikyouseido.mhlw.go.jp/znk-web/juminkanja/S2430/initialize?prefCd=22&kikanCd=7220804780&kikanKbn=5", "url2": null, "内容": "桜橋薬局【5:薬局】静岡県静岡市清水区春日１－５－４" }, "geometry": { "type": "Point", "coordinates": [ 138.473849, 35.011724 ] } },
{ "type": "Feature", "properties": { "ID": "2257220804790", "正式名称": "ひばり東新田薬局", "機関区分": 5, "都道府県コード": 22, "市区町村コード": 102, "所在地": "静岡県静岡市駿河区丸子新田２４６の６", "緯度": 34.947543, "経度": 138.369331, "url": "https://www.iryou.teikyouseido.mhlw.go.jp/znk-web/juminkanja/S2430/initialize?prefCd=22&kikanCd=7220804790&kikanKbn=5", "url2": "http://hibari-group.jp/", "内容": "ひばり東新田薬局【5:薬局】静岡県静岡市駿河区丸子新田２４６の６" }, "geometry": { "type": "Point", "coordinates": [ 138.369331, 34.947543 ] } },
{ "type": "Feature", "properties": { "ID": "2257220804800", "正式名称": "あおば薬局　紺屋町店", "機関区分": 5, "都道府県コード": 22, "市区町村コード": 101, "所在地": "静岡県静岡市葵区紺屋町４－１４　ガーデンスクエア第９ビル１階", "緯度": 34.972664, "経度": 138.38496, "url": "https://www.iryou.teikyouseido.mhlw.go.jp/znk-web/juminkanja/S2430/initialize?prefCd=22&kikanCd=7220804800&kikanKbn=5", "url2": "http://www.e-yci.co.jp/", "内容": "あおば薬局　紺屋町店【5:薬局】静岡県静岡市葵区紺屋町４－１４　ガーデンスクエア第９ビル１階" }, "geometry": { "type": "Point", "coordinates": [ 138.38496, 34.972664 ] } },
{ "type": "Feature", "properties": { "ID": "2257220804820", "正式名称": "つるカメ薬局", "機関区分": 5, "都道府県コード": 22, "市区町村コード": 101, "所在地": "静岡県静岡市葵区梅屋町１－２", "緯度": 34.973148, "経度": 138.378229, "url": "https://www.iryou.teikyouseido.mhlw.go.jp/znk-web/juminkanja/S2430/initialize?prefCd=22&kikanCd=7220804820&kikanKbn=5", "url2": "https://tsurukamepharma.wixsite.com/mysite", "内容": "つるカメ薬局【5:薬局】静岡県静岡市葵区梅屋町１－２" }, "geometry": { "type": "Point", "coordinates": [ 138.378229, 34.973148 ] } },
{ "type": "Feature", "properties": { "ID": "2257220804850", "正式名称": "日本調剤追手町薬局", "機関区分": 5, "都道府県コード": 22, "市区町村コード": 101, "所在地": "静岡県静岡市葵区呉服町１丁目２０番呉服町タワー１Ｆ", "緯度": 34.976153, "経度": 138.380206, "url": "https://www.iryou.teikyouseido.mhlw.go.jp/znk-web/juminkanja/S2430/initialize?prefCd=22&kikanCd=7220804850&kikanKbn=5", "url2": "https://www.nicho.co.jp/tenpo/otemati", "内容": "日本調剤追手町薬局【5:薬局】静岡県静岡市葵区呉服町１丁目２０番呉服町タワー１Ｆ" }, "geometry": { "type": "Point", "coordinates": [ 138.380206, 34.976153 ] } },
{ "type": "Feature", "properties": { "ID": "2257220804880", "正式名称": "あい・ハート薬局　みずほ店", "機関区分": 5, "都道府県コード": 22, "市区町村コード": 102, "所在地": "静岡県静岡市駿河区みずほ２－１８－２　メゾンフルールＩ－１", "緯度": 34.939677, "経度": 138.366877, "url": "https://www.iryou.teikyouseido.mhlw.go.jp/znk-web/juminkanja/S2430/initialize?prefCd=22&kikanCd=7220804880&kikanKbn=5", "url2": "http://sunpharmacy.jp/", "内容": "あい・ハート薬局　みずほ店【5:薬局】静岡県静岡市駿河区みずほ２－１８－２　メゾンフルールＩ－１" }, "geometry": { "type": "Point", "coordinates": [ 138.366877, 34.939677 ] } },
{ "type": "Feature", "properties": { "ID": "2257220804900", "正式名称": "薬局マツモトキヨシ安西店", "機関区分": 5, "都道府県コード": 22, "市区町村コード": 101, "所在地": "静岡県静岡市葵区土太夫町４０番", "緯度": 34.978428, "経度": 138.372988, "url": "https://www.iryou.teikyouseido.mhlw.go.jp/znk-web/juminkanja/S2430/initialize?prefCd=22&kikanCd=7220804900&kikanKbn=5", "url2": "http://www.matsukiyo.co.jp/", "内容": "薬局マツモトキヨシ安西店【5:薬局】静岡県静岡市葵区土太夫町４０番" }, "geometry": { "type": "Point", "coordinates": [ 138.372988, 34.978428 ] } },
{ "type": "Feature", "properties": { "ID": "2257220804910", "正式名称": "眞長薬局　ひがし店", "機関区分": 5, "都道府県コード": 22, "市区町村コード": 103, "所在地": "静岡県静岡市清水区入江１丁目６－６", "緯度": 35.017212, "経度": 138.481339, "url": "https://www.iryou.teikyouseido.mhlw.go.jp/znk-web/juminkanja/S2430/initialize?prefCd=22&kikanCd=7220804910&kikanKbn=5", "url2": "https://shincho-drug.com/group/", "内容": "眞長薬局　ひがし店【5:薬局】静岡県静岡市清水区入江１丁目６－６" }, "geometry": { "type": "Point", "coordinates": [ 138.481339, 35.017212 ] } },
{ "type": "Feature", "properties": { "ID": "2257220804920", "正式名称": "敬順堂薬局", "機関区分": 5, "都道府県コード": 22, "市区町村コード": 103, "所在地": "静岡県静岡市清水区上清水町２番１３号", "緯度": 35.011169, "経度": 138.483878, "url": "https://www.iryou.teikyouseido.mhlw.go.jp/znk-web/juminkanja/S2430/initialize?prefCd=22&kikanCd=7220804920&kikanKbn=5", "url2": null, "内容": "敬順堂薬局【5:薬局】静岡県静岡市清水区上清水町２番１３号" }, "geometry": { "type": "Point", "coordinates": [ 138.483878, 35.011169 ] } },
{ "type": "Feature", "properties": { "ID": "2257220804940", "正式名称": "ウエルシア薬局　静岡田町店", "機関区分": 5, "都道府県コード": 22, "市区町村コード": 101, "所在地": "静岡県静岡市葵区田町４－８－４", "緯度": 34.969649, "経度": 138.369103, "url": "https://www.iryou.teikyouseido.mhlw.go.jp/znk-web/juminkanja/S2430/initialize?prefCd=22&kikanCd=7220804940&kikanKbn=5", "url2": "www.welcia-yakkyoku.co.jp", "内容": "ウエルシア薬局　静岡田町店【5:薬局】静岡県静岡市葵区田町４－８－４" }, "geometry": { "type": "Point", "coordinates": [ 138.369103, 34.969649 ] } },
{ "type": "Feature", "properties": { "ID": "2257220804960", "正式名称": "ウエルシア薬局　静岡用宗店", "機関区分": 5, "都道府県コード": 22, "市区町村コード": 102, "所在地": "静岡県静岡市駿河区用宗１丁目３３－１", "緯度": 34.926157, "経度": 138.368062, "url": "https://www.iryou.teikyouseido.mhlw.go.jp/znk-web/juminkanja/S2430/initialize?prefCd=22&kikanCd=7220804960&kikanKbn=5", "url2": "https://store.welcia.co.jp/welcia/spot/detail?code=7095D", "内容": "ウエルシア薬局　静岡用宗店【5:薬局】静岡県静岡市駿河区用宗１丁目３３－１" }, "geometry": { "type": "Point", "coordinates": [ 138.368062, 34.926157 ] } },
{ "type": "Feature", "properties": { "ID": "2257220804970", "正式名称": "ウエルシア薬局　静岡呉服町店", "機関区分": 5, "都道府県コード": 22, "市区町村コード": 101, "所在地": "静岡県静岡市葵区呉服町１－２　三井住友海上静岡ビル１Ｆ", "緯度": 34.97559, "経度": 138.379445, "url": "https://www.iryou.teikyouseido.mhlw.go.jp/znk-web/juminkanja/S2430/initialize?prefCd=22&kikanCd=7220804970&kikanKbn=5", "url2": null, "内容": "ウエルシア薬局　静岡呉服町店【5:薬局】静岡県静岡市葵区呉服町１－２　三井住友海上静岡ビル１Ｆ" }, "geometry": { "type": "Point", "coordinates": [ 138.379445, 34.97559 ] } },
{ "type": "Feature", "properties": { "ID": "2257220804990", "正式名称": "ウエルシア薬局　静岡柳町店", "機関区分": 5, "都道府県コード": 22, "市区町村コード": 101, "所在地": "静岡県静岡市葵区柳町４２－２", "緯度": 34.979217, "経度": 138.365547, "url": "https://www.iryou.teikyouseido.mhlw.go.jp/znk-web/juminkanja/S2430/initialize?prefCd=22&kikanCd=7220804990&kikanKbn=5", "url2": "http://www.welcia-yakkyoku.co.jp/stores/stores/detail/7115", "内容": "ウエルシア薬局　静岡柳町店【5:薬局】静岡県静岡市葵区柳町４２－２" }, "geometry": { "type": "Point", "coordinates": [ 138.365547, 34.979217 ] } },
{ "type": "Feature", "properties": { "ID": "2257220805000", "正式名称": "ウエルシア薬局　静岡安倍口店", "機関区分": 5, "都道府県コード": 22, "市区町村コード": 101, "所在地": "静岡県静岡市葵区安倍口新田４５４－１", "緯度": 35.018262, "経度": 138.360433, "url": "https://www.iryou.teikyouseido.mhlw.go.jp/znk-web/juminkanja/S2430/initialize?prefCd=22&kikanCd=7220805000&kikanKbn=5", "url2": null, "内容": "ウエルシア薬局　静岡安倍口店【5:薬局】静岡県静岡市葵区安倍口新田４５４－１" }, "geometry": { "type": "Point", "coordinates": [ 138.360433, 35.018262 ] } },
{ "type": "Feature", "properties": { "ID": "2257220805010", "正式名称": "ウエルシア薬局　静岡あさはた店", "機関区分": 5, "都道府県コード": 22, "市区町村コード": 101, "所在地": "静岡県静岡市葵区北５－３１－５", "緯度": 35.037296, "経度": 138.39491, "url": "https://www.iryou.teikyouseido.mhlw.go.jp/znk-web/juminkanja/S2430/initialize?prefCd=22&kikanCd=7220805010&kikanKbn=5", "url2": "http://www.welcia-yakkyoku.co.jp/index.html", "内容": "ウエルシア薬局　静岡あさはた店【5:薬局】静岡県静岡市葵区北５－３１－５" }, "geometry": { "type": "Point", "coordinates": [ 138.39491, 35.037296 ] } },
{ "type": "Feature", "properties": { "ID": "2257220805020", "正式名称": "ウエルシア薬局　静岡東新田店", "機関区分": 5, "都道府県コード": 22, "市区町村コード": 102, "所在地": "静岡県静岡市駿河区丸子新田２３４－４", "緯度": 34.951021, "経度": 138.367581, "url": "https://www.iryou.teikyouseido.mhlw.go.jp/znk-web/juminkanja/S2430/initialize?prefCd=22&kikanCd=7220805020&kikanKbn=5", "url2": null, "内容": "ウエルシア薬局　静岡東新田店【5:薬局】静岡県静岡市駿河区丸子新田２３４－４" }, "geometry": { "type": "Point", "coordinates": [ 138.367581, 34.951021 ] } },
{ "type": "Feature", "properties": { "ID": "2257220805030", "正式名称": "ウエルシア薬局　静岡松富店", "機関区分": 5, "都道府県コード": 22, "市区町村コード": 101, "所在地": "静岡県静岡市葵区松富４－２－１", "緯度": 35.015766, "経度": 138.375715, "url": "https://www.iryou.teikyouseido.mhlw.go.jp/znk-web/juminkanja/S2430/initialize?prefCd=22&kikanCd=7220805030&kikanKbn=5", "url2": "https://stores.welcia.co.jp/7131D", "内容": "ウエルシア薬局　静岡松富店【5:薬局】静岡県静岡市葵区松富４－２－１" }, "geometry": { "type": "Point", "coordinates": [ 138.375715, 35.015766 ] } },
{ "type": "Feature", "properties": { "ID": "2257220805040", "正式名称": "ウエルシア薬局　静岡みずほ店", "機関区分": 5, "都道府県コード": 22, "市区町村コード": 102, "所在地": "静岡県静岡市駿河区みずほ２－１５－１", "緯度": 34.939887, "経度": 138.368621, "url": "https://www.iryou.teikyouseido.mhlw.go.jp/znk-web/juminkanja/S2430/initialize?prefCd=22&kikanCd=7220805040&kikanKbn=5", "url2": "http://www.welcia-yakkyoku.co.jp/stores/stores/detail/7134", "内容": "ウエルシア薬局　静岡みずほ店【5:薬局】静岡県静岡市駿河区みずほ２－１５－１" }, "geometry": { "type": "Point", "coordinates": [ 138.368621, 34.939887 ] } },
{ "type": "Feature", "properties": { "ID": "2257220805050", "正式名称": "ウエルシア薬局　静岡西脇店", "機関区分": 5, "都道府県コード": 22, "市区町村コード": 102, "所在地": "静岡県静岡市駿河区西脇３０－１", "緯度": 34.950993, "経度": 138.396467, "url": "https://www.iryou.teikyouseido.mhlw.go.jp/znk-web/juminkanja/S2430/initialize?prefCd=22&kikanCd=7220805050&kikanKbn=5", "url2": "http://www.welcia-yakkyoku.co.jp", "内容": "ウエルシア薬局　静岡西脇店【5:薬局】静岡県静岡市駿河区西脇３０－１" }, "geometry": { "type": "Point", "coordinates": [ 138.396467, 34.950993 ] } },
{ "type": "Feature", "properties": { "ID": "2257220805060", "正式名称": "ウエルシア薬局　新静岡セノバ店", "機関区分": 5, "都道府県コード": 22, "市区町村コード": 101, "所在地": "静岡県静岡市葵区鷹匠１丁目１－１", "緯度": 34.975512, "経度": 138.387204, "url": "https://www.iryou.teikyouseido.mhlw.go.jp/znk-web/juminkanja/S2430/initialize?prefCd=22&kikanCd=7220805060&kikanKbn=5", "url2": "http://www.welcia.co.jp/stores/stores/detail/7186", "内容": "ウエルシア薬局　新静岡セノバ店【5:薬局】静岡県静岡市葵区鷹匠１丁目１－１" }, "geometry": { "type": "Point", "coordinates": [ 138.387204, 34.975512 ] } },
{ "type": "Feature", "properties": { "ID": "2257220805070", "正式名称": "ウエルシア薬局　静岡高松店", "機関区分": 5, "都道府県コード": 22, "市区町村コード": 102, "所在地": "静岡県静岡市駿河区宮竹１丁目５－３５", "緯度": 34.952835, "経度": 138.415204, "url": "https://www.iryou.teikyouseido.mhlw.go.jp/znk-web/juminkanja/S2430/initialize?prefCd=22&kikanCd=7220805070&kikanKbn=5", "url2": "https://www.welcia-yakkyoku.co.jp/", "内容": "ウエルシア薬局　静岡高松店【5:薬局】静岡県静岡市駿河区宮竹１丁目５－３５" }, "geometry": { "type": "Point", "coordinates": [ 138.415204, 34.952835 ] } },
{ "type": "Feature", "properties": { "ID": "2257220805080", "正式名称": "ウエルシア薬局　静岡丸子店", "機関区分": 5, "都道府県コード": 22, "市区町村コード": 102, "所在地": "静岡県静岡市駿河区北丸子１丁目５番５号", "緯度": 34.949032, "経度": 138.352613, "url": "https://www.iryou.teikyouseido.mhlw.go.jp/znk-web/juminkanja/S2430/initialize?prefCd=22&kikanCd=7220805080&kikanKbn=5", "url2": "https://stores.welcia.co.jp/7211D", "内容": "ウエルシア薬局　静岡丸子店【5:薬局】静岡県静岡市駿河区北丸子１丁目５番５号" }, "geometry": { "type": "Point", "coordinates": [ 138.352613, 34.949032 ] } },
{ "type": "Feature", "properties": { "ID": "2257220805090", "正式名称": "ウエルシア薬局　静岡昭府店", "機関区分": 5, "都道府県コード": 22, "市区町村コード": 101, "所在地": "静岡県静岡市葵区昭府１丁目２番３７号", "緯度": 34.997151, "経度": 138.368968, "url": "https://www.iryou.teikyouseido.mhlw.go.jp/znk-web/juminkanja/S2430/initialize?prefCd=22&kikanCd=7220805090&kikanKbn=5", "url2": null, "内容": "ウエルシア薬局　静岡昭府店【5:薬局】静岡県静岡市葵区昭府１丁目２番３７号" }, "geometry": { "type": "Point", "coordinates": [ 138.368968, 34.997151 ] } },
{ "type": "Feature", "properties": { "ID": "2257220805100", "正式名称": "ウエルシア薬局　静岡エスパティオ店", "機関区分": 5, "都道府県コード": 22, "市区町村コード": 102, "所在地": "静岡県静岡市駿河区南町１４－２５　エスパティオ１階１０１－Ｂ号室", "緯度": 34.970672, "経度": 138.39032, "url": "https://www.iryou.teikyouseido.mhlw.go.jp/znk-web/juminkanja/S2430/initialize?prefCd=22&kikanCd=7220805100&kikanKbn=5", "url2": "https://stores.welcia.co.jp/7907C", "内容": "ウエルシア薬局　静岡エスパティオ店【5:薬局】静岡県静岡市駿河区南町１４－２５　エスパティオ１階１０１－Ｂ号室" }, "geometry": { "type": "Point", "coordinates": [ 138.39032, 34.970672 ] } },
{ "type": "Feature", "properties": { "ID": "2257220805110", "正式名称": "ウエルシア薬局　静岡若松町店", "機関区分": 5, "都道府県コード": 22, "市区町村コード": 101, "所在地": "静岡県静岡市葵区若松町１２－１", "緯度": 34.981006, "経度": 138.368183, "url": "https://www.iryou.teikyouseido.mhlw.go.jp/znk-web/juminkanja/S2430/initialize?prefCd=22&kikanCd=7220805110&kikanKbn=5", "url2": "https://store.welcia.co.jp/welcia/", "内容": "ウエルシア薬局　静岡若松町店【5:薬局】静岡県静岡市葵区若松町１２－１" }, "geometry": { "type": "Point", "coordinates": [ 138.368183, 34.981006 ] } },
{ "type": "Feature", "properties": { "ID": "2257220805130", "正式名称": "ウエルシア薬局　静岡上足洗店", "機関区分": 5, "都道府県コード": 22, "市区町村コード": 101, "所在地": "静岡県静岡市葵区上足洗３丁目１３－３０", "緯度": 34.998035, "経度": 138.394191, "url": "https://www.iryou.teikyouseido.mhlw.go.jp/znk-web/juminkanja/S2430/initialize?prefCd=22&kikanCd=7220805130&kikanKbn=5", "url2": "www.welcia-yakkyoku.co.jp/", "内容": "ウエルシア薬局　静岡上足洗店【5:薬局】静岡県静岡市葵区上足洗３丁目１３－３０" }, "geometry": { "type": "Point", "coordinates": [ 138.394191, 34.998035 ] } },
{ "type": "Feature", "properties": { "ID": "2257220805140", "正式名称": "ウエルシア薬局静岡中吉田店", "機関区分": 5, "都道府県コード": 22, "市区町村コード": 102, "所在地": "静岡県静岡市駿河区中吉田２１－１４", "緯度": 34.998022, "経度": 138.434713, "url": "https://www.iryou.teikyouseido.mhlw.go.jp/znk-web/juminkanja/S2430/initialize?prefCd=22&kikanCd=7220805140&kikanKbn=5", "url2": "https://www.welcia-yakkyoku.co.jp/index.html", "内容": "ウエルシア薬局静岡中吉田店【5:薬局】静岡県静岡市駿河区中吉田２１－１４" }, "geometry": { "type": "Point", "coordinates": [ 138.434713, 34.998022 ] } },
{ "type": "Feature", "properties": { "ID": "2257220805160", "正式名称": "ウエルシア薬局　静岡北安東店", "機関区分": 5, "都道府県コード": 22, "市区町村コード": 101, "所在地": "静岡県静岡市葵区北安東３丁目３－３", "緯度": 34.997948, "経度": 138.383756, "url": "https://www.iryou.teikyouseido.mhlw.go.jp/znk-web/juminkanja/S2430/initialize?prefCd=22&kikanCd=7220805160&kikanKbn=5", "url2": "http://as.chizumaru.com/welcia/detailMap?pageLimitCtrl=1&account=welcia&accmd=1&key=%e5%8c%97%e5%ae%89%e6%9d%b1&x=498205.398&y=125971.995&c1=1&bid=7187&pgret=1&lscl=9994&lrot=0", "内容": "ウエルシア薬局　静岡北安東店【5:薬局】静岡県静岡市葵区北安東３丁目３－３" }, "geometry": { "type": "Point", "coordinates": [ 138.383756, 34.997948 ] } },
{ "type": "Feature", "properties": { "ID": "2257220805170", "正式名称": "ウエルシア薬局　静岡羽鳥店", "機関区分": 5, "都道府県コード": 22, "市区町村コード": 101, "所在地": "静岡県静岡市葵区羽鳥２丁目２１－２０", "緯度": 34.979836, "経度": 138.343061, "url": "https://www.iryou.teikyouseido.mhlw.go.jp/znk-web/juminkanja/S2430/initialize?prefCd=22&kikanCd=7220805170&kikanKbn=5", "url2": "http://www.welcia-yakkyoku.co.jp/", "内容": "ウエルシア薬局　静岡羽鳥店【5:薬局】静岡県静岡市葵区羽鳥２丁目２１－２０" }, "geometry": { "type": "Point", "coordinates": [ 138.343061, 34.979836 ] } },
{ "type": "Feature", "properties": { "ID": "2257220805180", "正式名称": "ウエルシア薬局　静岡池田店", "機関区分": 5, "都道府県コード": 22, "市区町村コード": 102, "所在地": "静岡県静岡市駿河区池田６１５－５", "緯度": 34.981157, "経度": 138.422914, "url": "https://www.iryou.teikyouseido.mhlw.go.jp/znk-web/juminkanja/S2430/initialize?prefCd=22&kikanCd=7220805180&kikanKbn=5", "url2": "https://www.welcia-yakkyoku.co.jp/", "内容": "ウエルシア薬局　静岡池田店【5:薬局】静岡県静岡市駿河区池田６１５－５" }, "geometry": { "type": "Point", "coordinates": [ 138.422914, 34.981157 ] } },
{ "type": "Feature", "properties": { "ID": "2257220805190", "正式名称": "ウエルシア薬局　静岡川合店", "機関区分": 5, "都道府県コード": 22, "市区町村コード": 101, "所在地": "静岡県静岡市葵区川合１丁目１０－１０", "緯度": 35.002371, "経度": 138.419383, "url": "https://www.iryou.teikyouseido.mhlw.go.jp/znk-web/juminkanja/S2430/initialize?prefCd=22&kikanCd=7220805190&kikanKbn=5", "url2": "https://stores.welcia.co.jp/7183D", "内容": "ウエルシア薬局　静岡川合店【5:薬局】静岡県静岡市葵区川合１丁目１０－１０" }, "geometry": { "type": "Point", "coordinates": [ 138.419383, 35.002371 ] } },
{ "type": "Feature", "properties": { "ID": "2257220805200", "正式名称": "ウエルシア薬局　静岡中田店", "機関区分": 5, "都道府県コード": 22, "市区町村コード": 102, "所在地": "静岡県静岡市駿河区中田２丁目１０－３", "緯度": 34.962164, "経度": 138.394218, "url": "https://www.iryou.teikyouseido.mhlw.go.jp/znk-web/juminkanja/S2430/initialize?prefCd=22&kikanCd=7220805200&kikanKbn=5", "url2": "https://www.welcia-yakkyoku.co.jp/", "内容": "ウエルシア薬局　静岡中田店【5:薬局】静岡県静岡市駿河区中田２丁目１０－３" }, "geometry": { "type": "Point", "coordinates": [ 138.394218, 34.962164 ] } },
{ "type": "Feature", "properties": { "ID": "2257220805210", "正式名称": "ウエルシア薬局　清水天王店", "機関区分": 5, "都道府県コード": 22, "市区町村コード": 103, "所在地": "静岡県静岡市清水区天王東６－１６", "緯度": 35.029252, "経度": 138.462305, "url": "https://www.iryou.teikyouseido.mhlw.go.jp/znk-web/juminkanja/S2430/initialize?prefCd=22&kikanCd=7220805210&kikanKbn=5", "url2": null, "内容": "ウエルシア薬局　清水天王店【5:薬局】静岡県静岡市清水区天王東６－１６" }, "geometry": { "type": "Point", "coordinates": [ 138.462305, 35.029252 ] } },
{ "type": "Feature", "properties": { "ID": "2257220805220", "正式名称": "ウエルシア薬局　清水北矢部店", "機関区分": 5, "都道府県コード": 22, "市区町村コード": 103, "所在地": "静岡県静岡市清水区北矢部町１－１４－２０", "緯度": 35.001979, "経度": 138.483085, "url": "https://www.iryou.teikyouseido.mhlw.go.jp/znk-web/juminkanja/S2430/initialize?prefCd=22&kikanCd=7220805220&kikanKbn=5", "url2": "http://www.welcia-yakkyoku.co.jp/stores/stores/detail/7018", "内容": "ウエルシア薬局　清水北矢部店【5:薬局】静岡県静岡市清水区北矢部町１－１４－２０" }, "geometry": { "type": "Point", "coordinates": [ 138.483085, 35.001979 ] } },
{ "type": "Feature", "properties": { "ID": "2257220805230", "正式名称": "ウエルシア薬局　清水高部店", "機関区分": 5, "都道府県コード": 22, "市区町村コード": 103, "所在地": "静岡県静岡市清水区押切２９２", "緯度": 35.034568, "経度": 138.456522, "url": "https://www.iryou.teikyouseido.mhlw.go.jp/znk-web/juminkanja/S2430/initialize?prefCd=22&kikanCd=7220805230&kikanKbn=5", "url2": "http://www.welcia.co.jp/stores/stores/detail/7038", "内容": "ウエルシア薬局　清水高部店【5:薬局】静岡県静岡市清水区押切２９２" }, "geometry": { "type": "Point", "coordinates": [ 138.456522, 35.034568 ] } },
{ "type": "Feature", "properties": { "ID": "2257220805240", "正式名称": "ウエルシア薬局　清水興津店", "機関区分": 5, "都道府県コード": 22, "市区町村コード": 103, "所在地": "静岡県静岡市清水区興津中町１３９４－１", "緯度": 35.059836, "経度": 138.525451, "url": "https://www.iryou.teikyouseido.mhlw.go.jp/znk-web/juminkanja/S2430/initialize?prefCd=22&kikanCd=7220805240&kikanKbn=5", "url2": null, "内容": "ウエルシア薬局　清水興津店【5:薬局】静岡県静岡市清水区興津中町１３９４－１" }, "geometry": { "type": "Point", "coordinates": [ 138.525451, 35.059836 ] } },
{ "type": "Feature", "properties": { "ID": "2257220805250", "正式名称": "ウエルシア薬局　清水庵原店", "機関区分": 5, "都道府県コード": 22, "市区町村コード": 103, "所在地": "静岡県静岡市清水区庵原町１４６－５", "緯度": 35.041307, "経度": 138.478414, "url": "https://www.iryou.teikyouseido.mhlw.go.jp/znk-web/juminkanja/S2430/initialize?prefCd=22&kikanCd=7220805250&kikanKbn=5", "url2": "http://as.chizumaru.com/welcia/detailMap?account=welcia&bid=7080#top", "内容": "ウエルシア薬局　清水庵原店【5:薬局】静岡県静岡市清水区庵原町１４６－５" }, "geometry": { "type": "Point", "coordinates": [ 138.478414, 35.041307 ] } },
{ "type": "Feature", "properties": { "ID": "2257220805260", "正式名称": "ウエルシア薬局　清水村松店", "機関区分": 5, "都道府県コード": 22, "市区町村コード": 103, "所在地": "静岡県静岡市清水区村松１－４－１", "緯度": 34.998673, "経度": 138.490781, "url": "https://www.iryou.teikyouseido.mhlw.go.jp/znk-web/juminkanja/S2430/initialize?prefCd=22&kikanCd=7220805260&kikanKbn=5", "url2": "http://www.welcia-yakkyoku.co.jp/index.html", "内容": "ウエルシア薬局　清水村松店【5:薬局】静岡県静岡市清水区村松１－４－１" }, "geometry": { "type": "Point", "coordinates": [ 138.490781, 34.998673 ] } },
{ "type": "Feature", "properties": { "ID": "2257220805270", "正式名称": "ウエルシア薬局清水有東坂店", "機関区分": 5, "都道府県コード": 22, "市区町村コード": 103, "所在地": "静岡県静岡市清水区有東坂１－２４８－１", "緯度": 35.009969, "経度": 138.464863, "url": "https://www.iryou.teikyouseido.mhlw.go.jp/znk-web/juminkanja/S2430/initialize?prefCd=22&kikanCd=7220805270&kikanKbn=5", "url2": "https://store.welcia.co.jp/welcia/spot/detail?code=7133D", "内容": "ウエルシア薬局清水有東坂店【5:薬局】静岡県静岡市清水区有東坂１－２４８－１" }, "geometry": { "type": "Point", "coordinates": [ 138.464863, 35.009969 ] } },
{ "type": "Feature", "properties": { "ID": "2257220805280", "正式名称": "ウエルシア薬局　清水北脇店", "機関区分": 5, "都道府県コード": 22, "市区町村コード": 103, "所在地": "静岡県静岡市清水区北脇２６１－２", "緯度": 35.018962, "経度": 138.464868, "url": "https://www.iryou.teikyouseido.mhlw.go.jp/znk-web/juminkanja/S2430/initialize?prefCd=22&kikanCd=7220805280&kikanKbn=5", "url2": "https://www.welcia-yakkyoku.co.jp", "内容": "ウエルシア薬局　清水北脇店【5:薬局】静岡県静岡市清水区北脇２６１－２" }, "geometry": { "type": "Point", "coordinates": [ 138.464868, 35.018962 ] } },
{ "type": "Feature", "properties": { "ID": "2257220805290", "正式名称": "ウエルシア薬局　清水下清水店", "機関区分": 5, "都道府県コード": 22, "市区町村コード": 103, "所在地": "静岡県静岡市清水区下清水町５－３０", "緯度": 35.006522, "経度": 138.48219, "url": "https://www.iryou.teikyouseido.mhlw.go.jp/znk-web/juminkanja/S2430/initialize?prefCd=22&kikanCd=7220805290&kikanKbn=5", "url2": "https://store.welcia.co.jp/welcia/spot/detail?code=7195D", "内容": "ウエルシア薬局　清水下清水店【5:薬局】静岡県静岡市清水区下清水町５－３０" }, "geometry": { "type": "Point", "coordinates": [ 138.48219, 35.006522 ] } },
{ "type": "Feature", "properties": { "ID": "2257220805310", "正式名称": "ウエルシア薬局　清水小島店", "機関区分": 5, "都道府県コード": 22, "市区町村コード": 103, "所在地": "静岡県静岡市清水区小島本町７", "緯度": 35.084957, "経度": 138.51467, "url": "https://www.iryou.teikyouseido.mhlw.go.jp/znk-web/juminkanja/S2430/initialize?prefCd=22&kikanCd=7220805310&kikanKbn=5", "url2": "https://store.welcia.co.jp/welcia/spot/detail?code=7206D", "内容": "ウエルシア薬局　清水小島店【5:薬局】静岡県静岡市清水区小島本町７" }, "geometry": { "type": "Point", "coordinates": [ 138.51467, 35.084957 ] } },
{ "type": "Feature", "properties": { "ID": "2257220805340", "正式名称": "ウエルシア薬局清水下野店", "機関区分": 5, "都道府県コード": 22, "市区町村コード": 103, "所在地": "静岡県静岡市清水区下野西１－２７", "緯度": 35.03408, "経度": 138.46784, "url": "https://www.iryou.teikyouseido.mhlw.go.jp/znk-web/juminkanja/S2430/initialize?prefCd=22&kikanCd=7220805340&kikanKbn=5", "url2": "https://stores.welcia.co.jp/7144D", "内容": "ウエルシア薬局清水下野店【5:薬局】静岡県静岡市清水区下野西１－２７" }, "geometry": { "type": "Point", "coordinates": [ 138.46784, 35.03408 ] } },
{ "type": "Feature", "properties": { "ID": "2257220805350", "正式名称": "ウエルシア薬局　清水秋吉町店", "機関区分": 5, "都道府県コード": 22, "市区町村コード": 103, "所在地": "静岡県静岡市清水区秋吉町３－３３", "緯度": 35.030586, "経度": 138.481011, "url": "https://www.iryou.teikyouseido.mhlw.go.jp/znk-web/juminkanja/S2430/initialize?prefCd=22&kikanCd=7220805350&kikanKbn=5", "url2": null, "内容": "ウエルシア薬局　清水秋吉町店【5:薬局】静岡県静岡市清水区秋吉町３－３３" }, "geometry": { "type": "Point", "coordinates": [ 138.481011, 35.030586 ] } },
{ "type": "Feature", "properties": { "ID": "2257220805360", "正式名称": "うわはら薬局", "機関区分": 5, "都道府県コード": 22, "市区町村コード": 103, "所在地": "静岡県静岡市清水区平川地１７－３７－３", "緯度": 35.010193, "経度": 138.460397, "url": "https://www.iryou.teikyouseido.mhlw.go.jp/znk-web/juminkanja/S2430/initialize?prefCd=22&kikanCd=7220805360&kikanKbn=5", "url2": null, "内容": "うわはら薬局【5:薬局】静岡県静岡市清水区平川地１７－３７－３" }, "geometry": { "type": "Point", "coordinates": [ 138.460397, 35.010193 ] } },
{ "type": "Feature", "properties": { "ID": "2257220805410", "正式名称": "なの花薬局　清水西久保店", "機関区分": 5, "都道府県コード": 22, "市区町村コード": 103, "所在地": "静岡県静岡市清水区西久保１丁目５－８", "緯度": 35.032005, "経度": 138.483164, "url": "https://www.iryou.teikyouseido.mhlw.go.jp/znk-web/juminkanja/S2430/initialize?prefCd=22&kikanCd=7220805410&kikanKbn=5", "url2": null, "内容": "なの花薬局　清水西久保店【5:薬局】静岡県静岡市清水区西久保１丁目５－８" }, "geometry": { "type": "Point", "coordinates": [ 138.483164, 35.032005 ] } },
{ "type": "Feature", "properties": { "ID": "2257220805440", "正式名称": "ひばり城北薬局", "機関区分": 5, "都道府県コード": 22, "市区町村コード": 101, "所在地": "静岡県静岡市葵区大岩４－２５－４０", "緯度": 35.000656, "経度": 138.38017, "url": "https://www.iryou.teikyouseido.mhlw.go.jp/znk-web/juminkanja/S2430/initialize?prefCd=22&kikanCd=7220805440&kikanKbn=5", "url2": "https://hbrgr.com/", "内容": "ひばり城北薬局【5:薬局】静岡県静岡市葵区大岩４－２５－４０" }, "geometry": { "type": "Point", "coordinates": [ 138.38017, 35.000656 ] } },
{ "type": "Feature", "properties": { "ID": "2257220805460", "正式名称": "あい・ハート薬局　渋川店", "機関区分": 5, "都道府県コード": 22, "市区町村コード": 103, "所在地": "静岡県静岡市清水区渋川３－１０－１０", "緯度": 35.019406, "経度": 138.467291, "url": "https://www.iryou.teikyouseido.mhlw.go.jp/znk-web/juminkanja/S2430/initialize?prefCd=22&kikanCd=7220805460&kikanKbn=5", "url2": "https://sunpharmacy.jp/", "内容": "あい・ハート薬局　渋川店【5:薬局】静岡県静岡市清水区渋川３－１０－１０" }, "geometry": { "type": "Point", "coordinates": [ 138.467291, 35.019406 ] } },
{ "type": "Feature", "properties": { "ID": "2257220805480", "正式名称": "すずらん薬局大岩店", "機関区分": 5, "都道府県コード": 22, "市区町村コード": 101, "所在地": "静岡県静岡市葵区大岩本町２５－１１", "緯度": 34.987163, "経度": 138.37689, "url": "https://www.iryou.teikyouseido.mhlw.go.jp/znk-web/juminkanja/S2430/initialize?prefCd=22&kikanCd=7220805480&kikanKbn=5", "url2": "http://www.aidrug.jp/", "内容": "すずらん薬局大岩店【5:薬局】静岡県静岡市葵区大岩本町２５－１１" }, "geometry": { "type": "Point", "coordinates": [ 138.37689, 34.987163 ] } },
{ "type": "Feature", "properties": { "ID": "2257220805490", "正式名称": "アイン薬局　静岡店", "機関区分": 5, "都道府県コード": 22, "市区町村コード": 102, "所在地": "静岡県静岡市駿河区曲金４－１３－１７", "緯度": 34.975454, "経度": 138.41241, "url": "https://www.iryou.teikyouseido.mhlw.go.jp/znk-web/juminkanja/S2430/initialize?prefCd=22&kikanCd=7220805490&kikanKbn=5", "url2": "https://store.ainj.co.jp/detail/1100256/", "内容": "アイン薬局　静岡店【5:薬局】静岡県静岡市駿河区曲金４－１３－１７" }, "geometry": { "type": "Point", "coordinates": [ 138.41241, 34.975454 ] } },
{ "type": "Feature", "properties": { "ID": "2257220805530", "正式名称": "ウエルシア薬局　清水駒越店", "機関区分": 5, "都道府県コード": 22, "市区町村コード": 103, "所在地": "静岡県静岡市清水区駒越西１－２－７０", "緯度": 34.977114, "経度": 138.495987, "url": "https://www.iryou.teikyouseido.mhlw.go.jp/znk-web/juminkanja/S2430/initialize?prefCd=22&kikanCd=7220805530&kikanKbn=5", "url2": "http://www.welcia-yakkyoku.co.jp/stores/index.php", "内容": "ウエルシア薬局　清水駒越店【5:薬局】静岡県静岡市清水区駒越西１－２－７０" }, "geometry": { "type": "Point", "coordinates": [ 138.495987, 34.977114 ] } },
{ "type": "Feature", "properties": { "ID": "2257220805540", "正式名称": "ウエルシア薬局　清水横砂店", "機関区分": 5, "都道府県コード": 22, "市区町村コード": 103, "所在地": "静岡県静岡市清水区横砂本町１８－２８", "緯度": 35.044916, "経度": 138.501388, "url": "https://www.iryou.teikyouseido.mhlw.go.jp/znk-web/juminkanja/S2430/initialize?prefCd=22&kikanCd=7220805540&kikanKbn=5", "url2": "http://www.welcia-yakkyoku.co.jp/", "内容": "ウエルシア薬局　清水横砂店【5:薬局】静岡県静岡市清水区横砂本町１８－２８" }, "geometry": { "type": "Point", "coordinates": [ 138.501388, 35.044916 ] } },
{ "type": "Feature", "properties": { "ID": "2257220805560", "正式名称": "古庄からきや薬局　ヘルシーパーク", "機関区分": 5, "都道府県コード": 22, "市区町村コード": 101, "所在地": "静岡県静岡市葵区古庄三丁目２番５８号", "緯度": 34.995291, "経度": 138.417456, "url": "https://www.iryou.teikyouseido.mhlw.go.jp/znk-web/juminkanja/S2430/initialize?prefCd=22&kikanCd=7220805560&kikanKbn=5", "url2": null, "内容": "古庄からきや薬局　ヘルシーパーク【5:薬局】静岡県静岡市葵区古庄三丁目２番５８号" }, "geometry": { "type": "Point", "coordinates": [ 138.417456, 34.995291 ] } },
{ "type": "Feature", "properties": { "ID": "2257220805580", "正式名称": "日本調剤静岡薬局", "機関区分": 5, "都道府県コード": 22, "市区町村コード": 101, "所在地": "静岡県静岡市葵区追手町１０－１１０　新中町ビル１階１１５", "緯度": 34.97907, "経度": 138.380149, "url": "https://www.iryou.teikyouseido.mhlw.go.jp/znk-web/juminkanja/S2430/initialize?prefCd=22&kikanCd=7220805580&kikanKbn=5", "url2": "http://www.nicho.co.jp", "内容": "日本調剤静岡薬局【5:薬局】静岡県静岡市葵区追手町１０－１１０　新中町ビル１階１１５" }, "geometry": { "type": "Point", "coordinates": [ 138.380149, 34.97907 ] } },
{ "type": "Feature", "properties": { "ID": "2257220805590", "正式名称": "ウエルシア薬局　静岡駅アスティ店", "機関区分": 5, "都道府県コード": 22, "市区町村コード": 101, "所在地": "静岡県静岡市葵区黒金町４６－１", "緯度": 34.971178, "経度": 138.387407, "url": "https://www.iryou.teikyouseido.mhlw.go.jp/znk-web/juminkanja/S2430/initialize?prefCd=22&kikanCd=7220805590&kikanKbn=5", "url2": "http://as.chizumaru.com/welcia/detailMap?pageLimitCtrl=1&account=welcia&accmd=1&key=%e3%82%a2%e3%82%b9%e3%83%86%e3%82%a3&x=498207.345&y=125884.909&c1=1&bid=7106&pgret=1&lscl=9994&lrot=0", "内容": "ウエルシア薬局　静岡駅アスティ店【5:薬局】静岡県静岡市葵区黒金町４６－１" }, "geometry": { "type": "Point", "coordinates": [ 138.387407, 34.971178 ] } },
{ "type": "Feature", "properties": { "ID": "2257220805610", "正式名称": "鈴長薬局中町店", "機関区分": 5, "都道府県コード": 22, "市区町村コード": 101, "所在地": "静岡県静岡市葵区追手町１０－１１４", "緯度": 34.97907, "経度": 138.380149, "url": "https://www.iryou.teikyouseido.mhlw.go.jp/znk-web/juminkanja/S2430/initialize?prefCd=22&kikanCd=7220805610&kikanKbn=5", "url2": "http://suzuchou.webcrow.jp/", "内容": "鈴長薬局中町店【5:薬局】静岡県静岡市葵区追手町１０－１１４" }, "geometry": { "type": "Point", "coordinates": [ 138.380149, 34.97907 ] } },
{ "type": "Feature", "properties": { "ID": "2257220805620", "正式名称": "ふれあい薬局　西脇店", "機関区分": 5, "都道府県コード": 22, "市区町村コード": 102, "所在地": "静岡県静岡市駿河区西脇３８－１", "緯度": 34.950176, "経度": 138.397115, "url": "https://www.iryou.teikyouseido.mhlw.go.jp/znk-web/juminkanja/S2430/initialize?prefCd=22&kikanCd=7220805620&kikanKbn=5", "url2": null, "内容": "ふれあい薬局　西脇店【5:薬局】静岡県静岡市駿河区西脇３８－１" }, "geometry": { "type": "Point", "coordinates": [ 138.397115, 34.950176 ] } },
{ "type": "Feature", "properties": { "ID": "2257220805630", "正式名称": "うさぎ薬局　草薙店", "機関区分": 5, "都道府県コード": 22, "市区町村コード": 103, "所在地": "静岡県静岡市清水区草薙一丁目３－１５－１０１", "緯度": 35.002199, "経度": 138.441676, "url": "https://www.iryou.teikyouseido.mhlw.go.jp/znk-web/juminkanja/S2430/initialize?prefCd=22&kikanCd=7220805630&kikanKbn=5", "url2": "http://usagipharmacy.com/", "内容": "うさぎ薬局　草薙店【5:薬局】静岡県静岡市清水区草薙一丁目３－１５－１０１" }, "geometry": { "type": "Point", "coordinates": [ 138.441676, 35.002199 ] } },
{ "type": "Feature", "properties": { "ID": "2257220805640", "正式名称": "もみの木薬局清水店", "機関区分": 5, "都道府県コード": 22, "市区町村コード": 103, "所在地": "静岡県静岡市清水区入江南町１４－２７", "緯度": 35.016357, "経度": 138.477718, "url": "https://www.iryou.teikyouseido.mhlw.go.jp/znk-web/juminkanja/S2430/initialize?prefCd=22&kikanCd=7220805640&kikanKbn=5", "url2": null, "内容": "もみの木薬局清水店【5:薬局】静岡県静岡市清水区入江南町１４－２７" }, "geometry": { "type": "Point", "coordinates": [ 138.477718, 35.016357 ] } },
{ "type": "Feature", "properties": { "ID": "2257220805660", "正式名称": "マルサン薬局", "機関区分": 5, "都道府県コード": 22, "市区町村コード": 101, "所在地": "静岡県静岡市葵区本通４丁目３の８", "緯度": 34.973043, "経度": 138.376527, "url": "https://www.iryou.teikyouseido.mhlw.go.jp/znk-web/juminkanja/S2430/initialize?prefCd=22&kikanCd=7220805660&kikanKbn=5", "url2": null, "内容": "マルサン薬局【5:薬局】静岡県静岡市葵区本通４丁目３の８" }, "geometry": { "type": "Point", "coordinates": [ 138.376527, 34.973043 ] } },
{ "type": "Feature", "properties": { "ID": "2257220805680", "正式名称": "やまぶん薬局", "機関区分": 5, "都道府県コード": 22, "市区町村コード": 101, "所在地": "静岡県静岡市葵区昭府二丁目１７番２号ハイレジデンスＭ１０５", "緯度": 35.002634, "経度": 138.369402, "url": "https://www.iryou.teikyouseido.mhlw.go.jp/znk-web/juminkanja/S2430/initialize?prefCd=22&kikanCd=7220805680&kikanKbn=5", "url2": "http://www.mediesta.co.jp/", "内容": "やまぶん薬局【5:薬局】静岡県静岡市葵区昭府二丁目１７番２号ハイレジデンスＭ１０５" }, "geometry": { "type": "Point", "coordinates": [ 138.369402, 35.002634 ] } },
{ "type": "Feature", "properties": { "ID": "2257220805700", "正式名称": "株式会社やまうち薬局", "機関区分": 5, "都道府県コード": 22, "市区町村コード": 101, "所在地": "静岡県静岡市葵区東鷹匠町６－２０", "緯度": 34.982147, "経度": 138.393233, "url": "https://www.iryou.teikyouseido.mhlw.go.jp/znk-web/juminkanja/S2430/initialize?prefCd=22&kikanCd=7220805700&kikanKbn=5", "url2": "http://yamauchi-pharmacy.com/", "内容": "株式会社やまうち薬局【5:薬局】静岡県静岡市葵区東鷹匠町６－２０" }, "geometry": { "type": "Point", "coordinates": [ 138.393233, 34.982147 ] } },
{ "type": "Feature", "properties": { "ID": "2257220805720", "正式名称": "ホワイト薬局高部店", "機関区分": 5, "都道府県コード": 22, "市区町村コード": 103, "所在地": "静岡県静岡市清水区押切２３７４－１", "緯度": 35.032202, "経度": 138.452441, "url": "https://www.iryou.teikyouseido.mhlw.go.jp/znk-web/juminkanja/S2430/initialize?prefCd=22&kikanCd=7220805720&kikanKbn=5", "url2": null, "内容": "ホワイト薬局高部店【5:薬局】静岡県静岡市清水区押切２３７４－１" }, "geometry": { "type": "Point", "coordinates": [ 138.452441, 35.032202 ] } },
{ "type": "Feature", "properties": { "ID": "2257220805730", "正式名称": "ウエルシア薬局　静岡安東店", "機関区分": 5, "都道府県コード": 22, "市区町村コード": 101, "所在地": "静岡県静岡市葵区安東３－１５－１０", "緯度": 34.992391, "経度": 138.383301, "url": "https://www.iryou.teikyouseido.mhlw.go.jp/znk-web/juminkanja/S2430/initialize?prefCd=22&kikanCd=7220805730&kikanKbn=5", "url2": "https://www.welcia-yakkyoku.co.jp", "内容": "ウエルシア薬局　静岡安東店【5:薬局】静岡県静岡市葵区安東３－１５－１０" }, "geometry": { "type": "Point", "coordinates": [ 138.383301, 34.992391 ] } },
{ "type": "Feature", "properties": { "ID": "2257220805750", "正式名称": "アイセイ薬局清水巴店", "機関区分": 5, "都道府県コード": 22, "市区町村コード": 103, "所在地": "静岡県静岡市清水区巴町１３－１１", "緯度": 35.017185, "経度": 138.487117, "url": "https://www.iryou.teikyouseido.mhlw.go.jp/znk-web/juminkanja/S2430/initialize?prefCd=22&kikanCd=7220805750&kikanKbn=5", "url2": "http://www.aisei.co.jp", "内容": "アイセイ薬局清水巴店【5:薬局】静岡県静岡市清水区巴町１３－１１" }, "geometry": { "type": "Point", "coordinates": [ 138.487117, 35.017185 ] } },
{ "type": "Feature", "properties": { "ID": "2257220805760", "正式名称": "アイセイ薬局草薙店", "機関区分": 5, "都道府県コード": 22, "市区町村コード": 103, "所在地": "静岡県静岡市清水区草薙一里山１８－２４", "緯度": 35.005016, "経度": 138.449762, "url": "https://www.iryou.teikyouseido.mhlw.go.jp/znk-web/juminkanja/S2430/initialize?prefCd=22&kikanCd=7220805760&kikanKbn=5", "url2": "http://www.aisei.co.jp", "内容": "アイセイ薬局草薙店【5:薬局】静岡県静岡市清水区草薙一里山１８－２４" }, "geometry": { "type": "Point", "coordinates": [ 138.449762, 35.005016 ] } },
{ "type": "Feature", "properties": { "ID": "2257220805770", "正式名称": "たかべ薬局", "機関区分": 5, "都道府県コード": 22, "市区町村コード": 103, "所在地": "静岡県静岡市清水区押切２１３１－２", "緯度": 35.032402, "経度": 138.453239, "url": "https://www.iryou.teikyouseido.mhlw.go.jp/znk-web/juminkanja/S2430/initialize?prefCd=22&kikanCd=7220805770&kikanKbn=5", "url2": null, "内容": "たかべ薬局【5:薬局】静岡県静岡市清水区押切２１３１－２" }, "geometry": { "type": "Point", "coordinates": [ 138.453239, 35.032402 ] } },
{ "type": "Feature", "properties": { "ID": "2257220805780", "正式名称": "杏林堂薬局静岡小鹿店", "機関区分": 5, "都道府県コード": 22, "市区町村コード": 102, "所在地": "静岡県静岡市駿河区小鹿２２８－１", "緯度": 34.970366, "経度": 138.422106, "url": "https://www.iryou.teikyouseido.mhlw.go.jp/znk-web/juminkanja/S2430/initialize?prefCd=22&kikanCd=7220805780&kikanKbn=5", "url2": "http://www.kyorindo.co.jp", "内容": "杏林堂薬局静岡小鹿店【5:薬局】静岡県静岡市駿河区小鹿２２８－１" }, "geometry": { "type": "Point", "coordinates": [ 138.422106, 34.970366 ] } },
{ "type": "Feature", "properties": { "ID": "2257220805800", "正式名称": "ウエルシア薬局清水江尻台店", "機関区分": 5, "都道府県コード": 22, "市区町村コード": 103, "所在地": "静岡県静岡市清水区江尻台町２２－１", "緯度": 35.023981, "経度": 138.474417, "url": "https://www.iryou.teikyouseido.mhlw.go.jp/znk-web/juminkanja/S2430/initialize?prefCd=22&kikanCd=7220805800&kikanKbn=5", "url2": null, "内容": "ウエルシア薬局清水江尻台店【5:薬局】静岡県静岡市清水区江尻台町２２－１" }, "geometry": { "type": "Point", "coordinates": [ 138.474417, 35.023981 ] } },
{ "type": "Feature", "properties": { "ID": "2257220805810", "正式名称": "プラザ中田薬局", "機関区分": 5, "都道府県コード": 22, "市区町村コード": 102, "所在地": "静岡県静岡市駿河区中田本町２５－１", "緯度": 34.959364, "経度": 138.39154, "url": "https://www.iryou.teikyouseido.mhlw.go.jp/znk-web/juminkanja/S2430/initialize?prefCd=22&kikanCd=7220805810&kikanKbn=5", "url2": "http://yamauchi-pharmacy.com/", "内容": "プラザ中田薬局【5:薬局】静岡県静岡市駿河区中田本町２５－１" }, "geometry": { "type": "Point", "coordinates": [ 138.39154, 34.959364 ] } },
{ "type": "Feature", "properties": { "ID": "2257220805820", "正式名称": "ひまわり薬局", "機関区分": 5, "都道府県コード": 22, "市区町村コード": 101, "所在地": "静岡県静岡市葵区昭府二丁目１番１４号", "緯度": 34.999137, "経度": 138.367849, "url": "https://www.iryou.teikyouseido.mhlw.go.jp/znk-web/juminkanja/S2430/initialize?prefCd=22&kikanCd=7220805820&kikanKbn=5", "url2": "https://www.plus-pharma6226.com/", "内容": "ひまわり薬局【5:薬局】静岡県静岡市葵区昭府二丁目１番１４号" }, "geometry": { "type": "Point", "coordinates": [ 138.367849, 34.999137 ] } },
{ "type": "Feature", "properties": { "ID": "2257220805830", "正式名称": "ふるしょう薬局", "機関区分": 5, "都道府県コード": 22, "市区町村コード": 101, "所在地": "静岡県静岡市葵区古庄５丁目３－２１", "緯度": 34.998171, "経度": 138.417234, "url": "https://www.iryou.teikyouseido.mhlw.go.jp/znk-web/juminkanja/S2430/initialize?prefCd=22&kikanCd=7220805830&kikanKbn=5", "url2": "http://dpc-net.ne.jp/storeInfo/2016/07/post-100.html", "内容": "ふるしょう薬局【5:薬局】静岡県静岡市葵区古庄５丁目３－２１" }, "geometry": { "type": "Point", "coordinates": [ 138.417234, 34.998171 ] } },
{ "type": "Feature", "properties": { "ID": "2257220805840", "正式名称": "あおば薬局かがやき店", "機関区分": 5, "都道府県コード": 22, "市区町村コード": 101, "所在地": "静岡県静岡市葵区呉服町２－３－１ふしみやビル４Ｆ", "緯度": 34.974095, "経度": 138.382875, "url": "https://www.iryou.teikyouseido.mhlw.go.jp/znk-web/juminkanja/S2430/initialize?prefCd=22&kikanCd=7220805840&kikanKbn=5", "url2": "https://www.e-yci.co.jp", "内容": "あおば薬局かがやき店【5:薬局】静岡県静岡市葵区呉服町２－３－１ふしみやビル４Ｆ" }, "geometry": { "type": "Point", "coordinates": [ 138.382875, 34.974095 ] } },
{ "type": "Feature", "properties": { "ID": "2257220805850", "正式名称": "あい・ハート薬局竜南店", "機関区分": 5, "都道府県コード": 22, "市区町村コード": 101, "所在地": "静岡県静岡市葵区竜南３ー１１ー１２", "緯度": 34.999168, "経度": 138.400888, "url": "https://www.iryou.teikyouseido.mhlw.go.jp/znk-web/juminkanja/S2430/initialize?prefCd=22&kikanCd=7220805850&kikanKbn=5", "url2": "http://www.sunpharmacy.jp", "内容": "あい・ハート薬局竜南店【5:薬局】静岡県静岡市葵区竜南３ー１１ー１２" }, "geometry": { "type": "Point", "coordinates": [ 138.400888, 34.999168 ] } },
{ "type": "Feature", "properties": { "ID": "2257220805860", "正式名称": "北部薬局", "機関区分": 5, "都道府県コード": 22, "市区町村コード": 101, "所在地": "静岡県静岡市葵区新伝馬２ー９ー２１", "緯度": 34.998465, "経度": 138.366882, "url": "https://www.iryou.teikyouseido.mhlw.go.jp/znk-web/juminkanja/S2430/initialize?prefCd=22&kikanCd=7220805860&kikanKbn=5", "url2": null, "内容": "北部薬局【5:薬局】静岡県静岡市葵区新伝馬２ー９ー２１" }, "geometry": { "type": "Point", "coordinates": [ 138.366882, 34.998465 ] } },
{ "type": "Feature", "properties": { "ID": "2257220805870", "正式名称": "トマス薬局中町店", "機関区分": 5, "都道府県コード": 22, "市区町村コード": 101, "所在地": "静岡県静岡市葵区追手町４６", "緯度": 34.976992, "経度": 138.37966, "url": "https://www.iryou.teikyouseido.mhlw.go.jp/znk-web/juminkanja/S2430/initialize?prefCd=22&kikanCd=7220805870&kikanKbn=5", "url2": "http://www.neim.co.jp/", "内容": "トマス薬局中町店【5:薬局】静岡県静岡市葵区追手町４６" }, "geometry": { "type": "Point", "coordinates": [ 138.37966, 34.976992 ] } },
{ "type": "Feature", "properties": { "ID": "2257220805880", "正式名称": "もみの木薬局見瀬店", "機関区分": 5, "都道府県コード": 22, "市区町村コード": 102, "所在地": "静岡県静岡市駿河区見瀬２２９－４", "緯度": 34.957511, "経度": 138.389226, "url": "https://www.iryou.teikyouseido.mhlw.go.jp/znk-web/juminkanja/S2430/initialize?prefCd=22&kikanCd=7220805880&kikanKbn=5", "url2": "http://www.ishindo.net/mominokiyakkyoku.html", "内容": "もみの木薬局見瀬店【5:薬局】静岡県静岡市駿河区見瀬２２９－４" }, "geometry": { "type": "Point", "coordinates": [ 138.389226, 34.957511 ] } },
{ "type": "Feature", "properties": { "ID": "2257220805900", "正式名称": "杏林堂薬局静岡松富店", "機関区分": 5, "都道府県コード": 22, "市区町村コード": 101, "所在地": "静岡県静岡市葵区松富２－１－６２", "緯度": 35.010674, "経度": 138.37359, "url": "https://www.iryou.teikyouseido.mhlw.go.jp/znk-web/juminkanja/S2430/initialize?prefCd=22&kikanCd=7220805900&kikanKbn=5", "url2": "http://www.kyorindo.co.jp/", "内容": "杏林堂薬局静岡松富店【5:薬局】静岡県静岡市葵区松富２－１－６２" }, "geometry": { "type": "Point", "coordinates": [ 138.37359, 35.010674 ] } },
{ "type": "Feature", "properties": { "ID": "2257220805910", "正式名称": "このみ薬局駿河店", "機関区分": 5, "都道府県コード": 22, "市区町村コード": 102, "所在地": "静岡県静岡市駿河区八幡１－２－２０", "緯度": 34.972711, "経度": 138.394177, "url": "https://www.iryou.teikyouseido.mhlw.go.jp/znk-web/juminkanja/S2430/initialize?prefCd=22&kikanCd=7220805910&kikanKbn=5", "url2": "https://jyo-bu.co.jp/", "内容": "このみ薬局駿河店【5:薬局】静岡県静岡市駿河区八幡１－２－２０" }, "geometry": { "type": "Point", "coordinates": [ 138.394177, 34.972711 ] } },
{ "type": "Feature", "properties": { "ID": "2257220805920", "正式名称": "そうごう薬局　清水八木間店", "機関区分": 5, "都道府県コード": 22, "市区町村コード": 103, "所在地": "静岡県静岡市清水区八木間町１６５７－１", "緯度": 35.064002, "経度": 138.524389, "url": "https://www.iryou.teikyouseido.mhlw.go.jp/znk-web/juminkanja/S2430/initialize?prefCd=22&kikanCd=7220805920&kikanKbn=5", "url2": "https://shop.sogo-pharmacy.jp/detail/760/", "内容": "そうごう薬局　清水八木間店【5:薬局】静岡県静岡市清水区八木間町１６５７－１" }, "geometry": { "type": "Point", "coordinates": [ 138.524389, 35.064002 ] } },
{ "type": "Feature", "properties": { "ID": "2257220805940", "正式名称": "このみ薬局静岡店", "機関区分": 5, "都道府県コード": 22, "市区町村コード": 101, "所在地": "静岡県静岡市葵区竜南１－５－４１", "緯度": 34.996479, "経度": 138.398608, "url": "https://www.iryou.teikyouseido.mhlw.go.jp/znk-web/juminkanja/S2430/initialize?prefCd=22&kikanCd=7220805940&kikanKbn=5", "url2": "https://www.sublue-medical.co.jp/", "内容": "このみ薬局静岡店【5:薬局】静岡県静岡市葵区竜南１－５－４１" }, "geometry": { "type": "Point", "coordinates": [ 138.398608, 34.996479 ] } },
{ "type": "Feature", "properties": { "ID": "2257220805950", "正式名称": "しろくま薬局楠店", "機関区分": 5, "都道府県コード": 22, "市区町村コード": 103, "所在地": "静岡県静岡市清水区楠新田２８１－３", "緯度": 35.006627, "経度": 138.443343, "url": "https://www.iryou.teikyouseido.mhlw.go.jp/znk-web/juminkanja/S2430/initialize?prefCd=22&kikanCd=7220805950&kikanKbn=5", "url2": null, "内容": "しろくま薬局楠店【5:薬局】静岡県静岡市清水区楠新田２８１－３" }, "geometry": { "type": "Point", "coordinates": [ 138.443343, 35.006627 ] } },
{ "type": "Feature", "properties": { "ID": "2257220805960", "正式名称": "ローソンひばり薬局安東店", "機関区分": 5, "都道府県コード": 22, "市区町村コード": 101, "所在地": "静岡県静岡市葵区安東１－６－１６", "緯度": 34.985503, "経度": 138.386434, "url": "https://www.iryou.teikyouseido.mhlw.go.jp/znk-web/juminkanja/S2430/initialize?prefCd=22&kikanCd=7220805960&kikanKbn=5", "url2": "https://hbrgr.com/", "内容": "ローソンひばり薬局安東店【5:薬局】静岡県静岡市葵区安東１－６－１６" }, "geometry": { "type": "Point", "coordinates": [ 138.386434, 34.985503 ] } },
{ "type": "Feature", "properties": { "ID": "2257220805970", "正式名称": "たまち薬局", "機関区分": 5, "都道府県コード": 22, "市区町村コード": 101, "所在地": "静岡県静岡市葵区田町５－９０－１１", "緯度": 34.96782, "経度": 138.368542, "url": "https://www.iryou.teikyouseido.mhlw.go.jp/znk-web/juminkanja/S2430/initialize?prefCd=22&kikanCd=7220805970&kikanKbn=5", "url2": "https://shizuken.com/", "内容": "たまち薬局【5:薬局】静岡県静岡市葵区田町５－９０－１１" }, "geometry": { "type": "Point", "coordinates": [ 138.368542, 34.96782 ] } },
{ "type": "Feature", "properties": { "ID": "2257220805990", "正式名称": "フラワー薬局中村町店", "機関区分": 5, "都道府県コード": 22, "市区町村コード": 102, "所在地": "静岡県静岡市駿河区中村町１５２－１", "緯度": 34.956023, "経度": 138.39182, "url": "https://www.iryou.teikyouseido.mhlw.go.jp/znk-web/juminkanja/S2430/initialize?prefCd=22&kikanCd=7220805990&kikanKbn=5", "url2": "http://www.flower-group.co.jp/", "内容": "フラワー薬局中村町店【5:薬局】静岡県静岡市駿河区中村町１５２－１" }, "geometry": { "type": "Point", "coordinates": [ 138.39182, 34.956023 ] } },
{ "type": "Feature", "properties": { "ID": "2257220806000", "正式名称": "ウエルシア薬局静岡瀬名店", "機関区分": 5, "都道府県コード": 22, "市区町村コード": 101, "所在地": "静岡県静岡市葵区瀬名１－１０－１９", "緯度": 35.012825, "経度": 138.42103, "url": "https://www.iryou.teikyouseido.mhlw.go.jp/znk-web/juminkanja/S2430/initialize?prefCd=22&kikanCd=7220806000&kikanKbn=5", "url2": "http://www.welcia-yakkyoku.co.jp/", "内容": "ウエルシア薬局静岡瀬名店【5:薬局】静岡県静岡市葵区瀬名１－１０－１９" }, "geometry": { "type": "Point", "coordinates": [ 138.42103, 35.012825 ] } },
{ "type": "Feature", "properties": { "ID": "2257220806020", "正式名称": "静岡調剤薬局八千代町店", "機関区分": 5, "都道府県コード": 22, "市区町村コード": 101, "所在地": "静岡県静岡市葵区八千代町３０－２", "緯度": 34.979051, "経度": 138.37498, "url": "https://www.iryou.teikyouseido.mhlw.go.jp/znk-web/juminkanja/S2430/initialize?prefCd=22&kikanCd=7220806020&kikanKbn=5", "url2": "http://shizuoka-chouzai.co.jp/", "内容": "静岡調剤薬局八千代町店【5:薬局】静岡県静岡市葵区八千代町３０－２" }, "geometry": { "type": "Point", "coordinates": [ 138.37498, 34.979051 ] } },
{ "type": "Feature", "properties": { "ID": "2257220806050", "正式名称": "Ｖ・ｄｒｕｇ　駿河敷地薬局", "機関区分": 5, "都道府県コード": 22, "市区町村コード": 102, "所在地": "静岡県静岡市駿河区敷地１－２５－８", "緯度": 34.953726, "経度": 138.411755, "url": "https://www.iryou.teikyouseido.mhlw.go.jp/znk-web/juminkanja/S2430/initialize?prefCd=22&kikanCd=7220806050&kikanKbn=5", "url2": "https://vdrug.co.jp/pharmacy/", "内容": "Ｖ・ｄｒｕｇ　駿河敷地薬局【5:薬局】静岡県静岡市駿河区敷地１－２５－８" }, "geometry": { "type": "Point", "coordinates": [ 138.411755, 34.953726 ] } },
{ "type": "Feature", "properties": { "ID": "2257220806060", "正式名称": "おおつぼ薬局", "機関区分": 5, "都道府県コード": 22, "市区町村コード": 103, "所在地": "静岡県静岡市清水区大坪２－５－２　コン・ブリオＢ", "緯度": 35.010652, "経度": 138.469456, "url": "https://www.iryou.teikyouseido.mhlw.go.jp/znk-web/juminkanja/S2430/initialize?prefCd=22&kikanCd=7220806060&kikanKbn=5", "url2": null, "内容": "おおつぼ薬局【5:薬局】静岡県静岡市清水区大坪２－５－２　コン・ブリオＢ" }, "geometry": { "type": "Point", "coordinates": [ 138.469456, 35.010652 ] } },
{ "type": "Feature", "properties": { "ID": "2257220806070", "正式名称": "杏林堂薬局　静岡大坪店", "機関区分": 5, "都道府県コード": 22, "市区町村コード": 102, "所在地": "静岡県静岡市駿河区大坪町１３－５", "緯度": 34.963436, "経度": 138.398142, "url": "https://www.iryou.teikyouseido.mhlw.go.jp/znk-web/juminkanja/S2430/initialize?prefCd=22&kikanCd=7220806070&kikanKbn=5", "url2": "https://www.kyorindo.co.jp", "内容": "杏林堂薬局　静岡大坪店【5:薬局】静岡県静岡市駿河区大坪町１３－５" }, "geometry": { "type": "Point", "coordinates": [ 138.398142, 34.963436 ] } },
{ "type": "Feature", "properties": { "ID": "2257220806090", "正式名称": "ふれあい薬局　北安東店", "機関区分": 5, "都道府県コード": 22, "市区町村コード": 101, "所在地": "静岡県静岡市葵区北安東３－３－２５", "緯度": 34.998209, "経度": 138.384417, "url": "https://www.iryou.teikyouseido.mhlw.go.jp/znk-web/juminkanja/S2430/initialize?prefCd=22&kikanCd=7220806090&kikanKbn=5", "url2": null, "内容": "ふれあい薬局　北安東店【5:薬局】静岡県静岡市葵区北安東３－３－２５" }, "geometry": { "type": "Point", "coordinates": [ 138.384417, 34.998209 ] } },
{ "type": "Feature", "properties": { "ID": "2257220806100", "正式名称": "清水市民薬局　村松店", "機関区分": 5, "都道府県コード": 22, "市区町村コード": 103, "所在地": "静岡県静岡市清水区清水村松地先新田１３－１", "緯度": 34.992457, "経度": 138.495464, "url": "https://www.iryou.teikyouseido.mhlw.go.jp/znk-web/juminkanja/S2430/initialize?prefCd=22&kikanCd=7220806100&kikanKbn=5", "url2": "https://www.cityfarma.jp/", "内容": "清水市民薬局　村松店【5:薬局】静岡県静岡市清水区清水村松地先新田１３－１" }, "geometry": { "type": "Point", "coordinates": [ 138.495464, 34.992457 ] } },
{ "type": "Feature", "properties": { "ID": "2257220806110", "正式名称": "ひばり和田島薬局", "機関区分": 5, "都道府県コード": 22, "市区町村コード": 103, "所在地": "静岡県静岡市清水区和田島７００", "緯度": 35.109678, "経度": 138.479632, "url": "https://www.iryou.teikyouseido.mhlw.go.jp/znk-web/juminkanja/S2430/initialize?prefCd=22&kikanCd=7220806110&kikanKbn=5", "url2": null, "内容": "ひばり和田島薬局【5:薬局】静岡県静岡市清水区和田島７００" }, "geometry": { "type": "Point", "coordinates": [ 138.479632, 35.109678 ] } },
{ "type": "Feature", "properties": { "ID": "2257220806120", "正式名称": "山喜薬局　稲川店", "機関区分": 5, "都道府県コード": 22, "市区町村コード": 102, "所在地": "静岡県静岡市駿河区稲川１－１－１０－１Ｆ", "緯度": 34.968035, "経度": 138.390829, "url": "https://www.iryou.teikyouseido.mhlw.go.jp/znk-web/juminkanja/S2430/initialize?prefCd=22&kikanCd=7220806120&kikanKbn=5", "url2": null, "内容": "山喜薬局　稲川店【5:薬局】静岡県静岡市駿河区稲川１－１－１０－１Ｆ" }, "geometry": { "type": "Point", "coordinates": [ 138.390829, 34.968035 ] } },
{ "type": "Feature", "properties": { "ID": "2257220806130", "正式名称": "熊猫堂薬局", "機関区分": 5, "都道府県コード": 22, "市区町村コード": 101, "所在地": "静岡県静岡市葵区瀬名中央４－２－４", "緯度": 35.009949, "経度": 138.423207, "url": "https://www.iryou.teikyouseido.mhlw.go.jp/znk-web/juminkanja/S2430/initialize?prefCd=22&kikanCd=7220806130&kikanKbn=5", "url2": "http://www.kumanekodo.com/", "内容": "熊猫堂薬局【5:薬局】静岡県静岡市葵区瀬名中央４－２－４" }, "geometry": { "type": "Point", "coordinates": [ 138.423207, 35.009949 ] } },
{ "type": "Feature", "properties": { "ID": "2257220806150", "正式名称": "アイリス薬局　北安東店", "機関区分": 5, "都道府県コード": 22, "市区町村コード": 101, "所在地": "静岡県静岡市葵区北安東４－５－３４", "緯度": 35.001781, "経度": 138.390105, "url": "https://www.iryou.teikyouseido.mhlw.go.jp/znk-web/juminkanja/S2430/initialize?prefCd=22&kikanCd=7220806150&kikanKbn=5", "url2": null, "内容": "アイリス薬局　北安東店【5:薬局】静岡県静岡市葵区北安東４－５－３４" }, "geometry": { "type": "Point", "coordinates": [ 138.390105, 35.001781 ] } },
{ "type": "Feature", "properties": { "ID": "2257220806160", "正式名称": "中村薬局", "機関区分": 5, "都道府県コード": 22, "市区町村コード": 101, "所在地": "静岡県静岡市葵区車町２０番地", "緯度": 34.977734, "経度": 138.377829, "url": "https://www.iryou.teikyouseido.mhlw.go.jp/znk-web/juminkanja/S2430/initialize?prefCd=22&kikanCd=7220806160&kikanKbn=5", "url2": null, "内容": "中村薬局【5:薬局】静岡県静岡市葵区車町２０番地" }, "geometry": { "type": "Point", "coordinates": [ 138.377829, 34.977734 ] } },
{ "type": "Feature", "properties": { "ID": "2257220806170", "正式名称": "おうぎ薬局", "機関区分": 5, "都道府県コード": 22, "市区町村コード": 101, "所在地": "静岡県静岡市葵区末広町１－１２", "緯度": 34.981154, "経度": 138.372487, "url": "https://www.iryou.teikyouseido.mhlw.go.jp/znk-web/juminkanja/S2430/initialize?prefCd=22&kikanCd=7220806170&kikanKbn=5", "url2": "https://www.yamamoto-ph.com/", "内容": "おうぎ薬局【5:薬局】静岡県静岡市葵区末広町１－１２" }, "geometry": { "type": "Point", "coordinates": [ 138.372487, 34.981154 ] } },
{ "type": "Feature", "properties": { "ID": "2257220806180", "正式名称": "うさぎ薬局　袖師店", "機関区分": 5, "都道府県コード": 22, "市区町村コード": 103, "所在地": "静岡県静岡市清水区袖師町１１２０－２", "緯度": 35.034594, "経度": 138.492063, "url": "https://www.iryou.teikyouseido.mhlw.go.jp/znk-web/juminkanja/S2430/initialize?prefCd=22&kikanCd=7220806180&kikanKbn=5", "url2": null, "内容": "うさぎ薬局　袖師店【5:薬局】静岡県静岡市清水区袖師町１１２０－２" }, "geometry": { "type": "Point", "coordinates": [ 138.492063, 35.034594 ] } },
{ "type": "Feature", "properties": { "ID": "2257220806190", "正式名称": "ぞうさん薬局", "機関区分": 5, "都道府県コード": 22, "市区町村コード": 102, "所在地": "静岡県静岡市駿河区東新田４丁目１７番３７号", "緯度": 34.94246, "経度": 138.374886, "url": "https://www.iryou.teikyouseido.mhlw.go.jp/znk-web/juminkanja/S2430/initialize?prefCd=22&kikanCd=7220806190&kikanKbn=5", "url2": "https://e-bond.info/withs/", "内容": "ぞうさん薬局【5:薬局】静岡県静岡市駿河区東新田４丁目１７番３７号" }, "geometry": { "type": "Point", "coordinates": [ 138.374886, 34.94246 ] } },
{ "type": "Feature", "properties": { "ID": "2257220806200", "正式名称": "ファーマライズ薬局　柚木店", "機関区分": 5, "都道府県コード": 22, "市区町村コード": 101, "所在地": "静岡県静岡市葵区柚木９０－９", "緯度": 34.9805, "経度": 138.405555, "url": "https://www.iryou.teikyouseido.mhlw.go.jp/znk-web/juminkanja/S2430/initialize?prefCd=22&kikanCd=7220806200&kikanKbn=5", "url2": "https://www.pharmarise.com/company/store/store.php?store_id=121", "内容": "ファーマライズ薬局　柚木店【5:薬局】静岡県静岡市葵区柚木９０－９" }, "geometry": { "type": "Point", "coordinates": [ 138.405555, 34.9805 ] } },
{ "type": "Feature", "properties": { "ID": "2257220806210", "正式名称": "アイン薬局　長谷通店", "機関区分": 5, "都道府県コード": 22, "市区町村コード": 101, "所在地": "静岡県静岡市葵区安東１丁目２１－１２", "緯度": 34.984241, "経度": 138.383199, "url": "https://www.iryou.teikyouseido.mhlw.go.jp/znk-web/juminkanja/S2430/initialize?prefCd=22&kikanCd=7220806210&kikanKbn=5", "url2": "http://www.ainj.co.jp/network/ainpharmaciez/mdo0045.html", "内容": "アイン薬局　長谷通店【5:薬局】静岡県静岡市葵区安東１丁目２１－１２" }, "geometry": { "type": "Point", "coordinates": [ 138.383199, 34.984241 ] } },
{ "type": "Feature", "properties": { "ID": "2257220806220", "正式名称": "アイン薬局　丸子店", "機関区分": 5, "都道府県コード": 22, "市区町村コード": 102, "所在地": "静岡県静岡市駿河区丸子二丁目２－１２", "緯度": 34.944671, "経度": 138.357254, "url": "https://www.iryou.teikyouseido.mhlw.go.jp/znk-web/juminkanja/S2430/initialize?prefCd=22&kikanCd=7220806220&kikanKbn=5", "url2": "https://www.ainj.co.jp/network/detail.html?pdid=1190", "内容": "アイン薬局　丸子店【5:薬局】静岡県静岡市駿河区丸子二丁目２－１２" }, "geometry": { "type": "Point", "coordinates": [ 138.357254, 34.944671 ] } },
{ "type": "Feature", "properties": { "ID": "2257220806230", "正式名称": "アイン薬局　中田本町店", "機関区分": 5, "都道府県コード": 22, "市区町村コード": 102, "所在地": "静岡県静岡市駿河区中田本町４９－８", "緯度": 34.95333, "経度": 138.3967, "url": "https://www.iryou.teikyouseido.mhlw.go.jp/znk-web/juminkanja/S2430/initialize?prefCd=22&kikanCd=7220806230&kikanKbn=5", "url2": "https://www.ainj.co.jp/network/detail.html?pdid=1201", "内容": "アイン薬局　中田本町店【5:薬局】静岡県静岡市駿河区中田本町４９－８" }, "geometry": { "type": "Point", "coordinates": [ 138.3967, 34.95333 ] } },
{ "type": "Feature", "properties": { "ID": "2257220806250", "正式名称": "ウエルシア薬局　静岡水落店", "機関区分": 5, "都道府県コード": 22, "市区町村コード": 101, "所在地": "静岡県静岡市葵区水落町２番２２号", "緯度": 34.981855, "経度": 138.389072, "url": "https://www.iryou.teikyouseido.mhlw.go.jp/znk-web/juminkanja/S2430/initialize?prefCd=22&kikanCd=7220806250&kikanKbn=5", "url2": "https://www.welcia-yakkyoku.co.jp/", "内容": "ウエルシア薬局　静岡水落店【5:薬局】静岡県静岡市葵区水落町２番２２号" }, "geometry": { "type": "Point", "coordinates": [ 138.389072, 34.981855 ] } },
{ "type": "Feature", "properties": { "ID": "2257220806260", "正式名称": "南矢部薬局", "機関区分": 5, "都道府県コード": 22, "市区町村コード": 103, "所在地": "静岡県静岡市清水区南矢部５２０－４", "緯度": 34.997975, "経度": 138.477455, "url": "https://www.iryou.teikyouseido.mhlw.go.jp/znk-web/juminkanja/S2430/initialize?prefCd=22&kikanCd=7220806260&kikanKbn=5", "url2": "http://stcmedi.com/hayai/", "内容": "南矢部薬局【5:薬局】静岡県静岡市清水区南矢部５２０－４" }, "geometry": { "type": "Point", "coordinates": [ 138.477455, 34.997975 ] } },
{ "type": "Feature", "properties": { "ID": "2257220806270", "正式名称": "みなと薬局　西久保店", "機関区分": 5, "都道府県コード": 22, "市区町村コード": 103, "所在地": "静岡県静岡市清水区西久保３１９－６", "緯度": 35.033309, "経度": 138.486676, "url": "https://www.iryou.teikyouseido.mhlw.go.jp/znk-web/juminkanja/S2430/initialize?prefCd=22&kikanCd=7220806270&kikanKbn=5", "url2": "http://minato-yakkyoku.jp/", "内容": "みなと薬局　西久保店【5:薬局】静岡県静岡市清水区西久保３１９－６" }, "geometry": { "type": "Point", "coordinates": [ 138.486676, 35.033309 ] } },
{ "type": "Feature", "properties": { "ID": "2257220806280", "正式名称": "オアシス薬局", "機関区分": 5, "都道府県コード": 22, "市区町村コード": 101, "所在地": "静岡県静岡市葵区瀬名中央３－２８－１８", "緯度": 35.011352, "経度": 138.421223, "url": "https://www.iryou.teikyouseido.mhlw.go.jp/znk-web/juminkanja/S2430/initialize?prefCd=22&kikanCd=7220806280&kikanKbn=5", "url2": "http://stcmedi.com/hayai/", "内容": "オアシス薬局【5:薬局】静岡県静岡市葵区瀬名中央３－２８－１８" }, "geometry": { "type": "Point", "coordinates": [ 138.421223, 35.011352 ] } },
{ "type": "Feature", "properties": { "ID": "2257220806290", "正式名称": "アケボノ薬局", "機関区分": 5, "都道府県コード": 22, "市区町村コード": 101, "所在地": "静岡県静岡市葵区北番町９５", "緯度": 34.978839, "経度": 138.369302, "url": "https://www.iryou.teikyouseido.mhlw.go.jp/znk-web/juminkanja/S2430/initialize?prefCd=22&kikanCd=7220806290&kikanKbn=5", "url2": "http://stcmedi.com/hayai/", "内容": "アケボノ薬局【5:薬局】静岡県静岡市葵区北番町９５" }, "geometry": { "type": "Point", "coordinates": [ 138.369302, 34.978839 ] } },
{ "type": "Feature", "properties": { "ID": "2257220806300", "正式名称": "いしだ薬局", "機関区分": 5, "都道府県コード": 22, "市区町村コード": 102, "所在地": "静岡県静岡市駿河区石田３－１２－３５", "緯度": 34.956469, "経度": 138.398643, "url": "https://www.iryou.teikyouseido.mhlw.go.jp/znk-web/juminkanja/S2430/initialize?prefCd=22&kikanCd=7220806300&kikanKbn=5", "url2": "https://minds.jp.net/", "内容": "いしだ薬局【5:薬局】静岡県静岡市駿河区石田３－１２－３５" }, "geometry": { "type": "Point", "coordinates": [ 138.398643, 34.956469 ] } },
{ "type": "Feature", "properties": { "ID": "2257220806310", "正式名称": "ウエルシア薬局　静岡沓谷店", "機関区分": 5, "都道府県コード": 22, "市区町村コード": 101, "所在地": "静岡県静岡市葵区沓谷４丁目１４番７号", "緯度": 34.994292, "経度": 138.405785, "url": "https://www.iryou.teikyouseido.mhlw.go.jp/znk-web/juminkanja/S2430/initialize?prefCd=22&kikanCd=7220806310&kikanKbn=5", "url2": "http://www.welcia-yakkyoku.co.jp/", "内容": "ウエルシア薬局　静岡沓谷店【5:薬局】静岡県静岡市葵区沓谷４丁目１４番７号" }, "geometry": { "type": "Point", "coordinates": [ 138.405785, 34.994292 ] } },
{ "type": "Feature", "properties": { "ID": "2257220806320", "正式名称": "ウエルシア薬局清水長崎店", "機関区分": 5, "都道府県コード": 22, "市区町村コード": 103, "所在地": "静岡県静岡市清水区長崎３８２番地", "緯度": 35.016408, "経度": 138.446146, "url": "https://www.iryou.teikyouseido.mhlw.go.jp/znk-web/juminkanja/S2430/initialize?prefCd=22&kikanCd=7220806320&kikanKbn=5", "url2": null, "内容": "ウエルシア薬局清水長崎店【5:薬局】静岡県静岡市清水区長崎３８２番地" }, "geometry": { "type": "Point", "coordinates": [ 138.446146, 35.016408 ] } },
{ "type": "Feature", "properties": { "ID": "2257220806330", "正式名称": "日本調剤　呉服町薬局", "機関区分": 5, "都道府県コード": 22, "市区町村コード": 101, "所在地": "静岡県静岡市葵区呉服町１－３０札の辻クロス２０３号", "緯度": 34.975225, "経度": 138.381437, "url": "https://www.iryou.teikyouseido.mhlw.go.jp/znk-web/juminkanja/S2430/initialize?prefCd=22&kikanCd=7220806330&kikanKbn=5", "url2": "https://www.nicho.co.jp/tenpo/gofukucho/", "内容": "日本調剤　呉服町薬局【5:薬局】静岡県静岡市葵区呉服町１－３０札の辻クロス２０３号" }, "geometry": { "type": "Point", "coordinates": [ 138.381437, 34.975225 ] } },
{ "type": "Feature", "properties": { "ID": "2257220806340", "正式名称": "きりん薬局　上足洗店", "機関区分": 5, "都道府県コード": 22, "市区町村コード": 101, "所在地": "静岡県静岡市葵区西千代田町３４－１７", "緯度": 34.991725, "経度": 138.390027, "url": "https://www.iryou.teikyouseido.mhlw.go.jp/znk-web/juminkanja/S2430/initialize?prefCd=22&kikanCd=7220806340&kikanKbn=5", "url2": null, "内容": "きりん薬局　上足洗店【5:薬局】静岡県静岡市葵区西千代田町３４－１７" }, "geometry": { "type": "Point", "coordinates": [ 138.390027, 34.991725 ] } },
{ "type": "Feature", "properties": { "ID": "2257220806360", "正式名称": "中川薬局　小鹿店", "機関区分": 5, "都道府県コード": 22, "市区町村コード": 102, "所在地": "静岡県静岡市駿河区曲金４－９－１２", "緯度": 34.975954, "経度": 138.411925, "url": "https://www.iryou.teikyouseido.mhlw.go.jp/znk-web/juminkanja/S2430/initialize?prefCd=22&kikanCd=7220806360&kikanKbn=5", "url2": null, "内容": "中川薬局　小鹿店【5:薬局】静岡県静岡市駿河区曲金４－９－１２" }, "geometry": { "type": "Point", "coordinates": [ 138.411925, 34.975954 ] } },
{ "type": "Feature", "properties": { "ID": "2257220806370", "正式名称": "はやい薬局", "機関区分": 5, "都道府県コード": 22, "市区町村コード": 101, "所在地": "静岡県静岡市葵区籠上１２－５６", "緯度": 34.992735, "経度": 138.36999, "url": "https://www.iryou.teikyouseido.mhlw.go.jp/znk-web/juminkanja/S2430/initialize?prefCd=22&kikanCd=7220806370&kikanKbn=5", "url2": "http://stcmedi.com/green/%e3%81%af%e3%82%84%e3%81%84%e8%96%ac%e5%b1%80/", "内容": "はやい薬局【5:薬局】静岡県静岡市葵区籠上１２－５６" }, "geometry": { "type": "Point", "coordinates": [ 138.36999, 34.992735 ] } },
{ "type": "Feature", "properties": { "ID": "2257220806380", "正式名称": "あい・ハート薬局　中原店", "機関区分": 5, "都道府県コード": 22, "市区町村コード": 102, "所在地": "静岡県静岡市駿河区中原９３１－１中原５階建て貸しビル１Ｆ", "緯度": 34.956065, "経度": 138.381998, "url": "https://www.iryou.teikyouseido.mhlw.go.jp/znk-web/juminkanja/S2430/initialize?prefCd=22&kikanCd=7220806380&kikanKbn=5", "url2": null, "内容": "あい・ハート薬局　中原店【5:薬局】静岡県静岡市駿河区中原９３１－１中原５階建て貸しビル１Ｆ" }, "geometry": { "type": "Point", "coordinates": [ 138.381998, 34.956065 ] } },
{ "type": "Feature", "properties": { "ID": "2257220806390", "正式名称": "ふれあい薬局　中村町店", "機関区分": 5, "都道府県コード": 22, "市区町村コード": 102, "所在地": "静岡県静岡市駿河区中村町１６－４", "緯度": 34.954552, "経度": 138.393248, "url": "https://www.iryou.teikyouseido.mhlw.go.jp/znk-web/juminkanja/S2430/initialize?prefCd=22&kikanCd=7220806390&kikanKbn=5", "url2": null, "内容": "ふれあい薬局　中村町店【5:薬局】静岡県静岡市駿河区中村町１６－４" }, "geometry": { "type": "Point", "coordinates": [ 138.393248, 34.954552 ] } },
{ "type": "Feature", "properties": { "ID": "2257220806410", "正式名称": "ウエルシア薬局静岡長谷通り店", "機関区分": 5, "都道府県コード": 22, "市区町村コード": 101, "所在地": "静岡県静岡市葵区長谷町３５－１", "緯度": 34.984231, "経度": 138.381841, "url": "https://www.iryou.teikyouseido.mhlw.go.jp/znk-web/juminkanja/S2430/initialize?prefCd=22&kikanCd=7220806410&kikanKbn=5", "url2": null, "内容": "ウエルシア薬局静岡長谷通り店【5:薬局】静岡県静岡市葵区長谷町３５－１" }, "geometry": { "type": "Point", "coordinates": [ 138.381841, 34.984231 ] } },
{ "type": "Feature", "properties": { "ID": "2257220806420", "正式名称": "Ｖ・ｄｒｕｇ　駿河下川原薬局", "機関区分": 5, "都道府県コード": 22, "市区町村コード": 102, "所在地": "静岡県静岡市駿河区下川原５－１－８", "緯度": 34.93748, "経度": 138.379909, "url": "https://www.iryou.teikyouseido.mhlw.go.jp/znk-web/juminkanja/S2430/initialize?prefCd=22&kikanCd=7220806420&kikanKbn=5", "url2": "https://vdrug.co.jp/pharmacy/", "内容": "Ｖ・ｄｒｕｇ　駿河下川原薬局【5:薬局】静岡県静岡市駿河区下川原５－１－８" }, "geometry": { "type": "Point", "coordinates": [ 138.379909, 34.93748 ] } },
{ "type": "Feature", "properties": { "ID": "2257220806430", "正式名称": "ひかり薬局", "機関区分": 5, "都道府県コード": 22, "市区町村コード": 102, "所在地": "静岡県静岡市駿河区東新田４－１０－２５", "緯度": 34.943709, "経度": 138.375684, "url": "https://www.iryou.teikyouseido.mhlw.go.jp/znk-web/juminkanja/S2430/initialize?prefCd=22&kikanCd=7220806430&kikanKbn=5", "url2": "https://www.hikariyakkyoku.com", "内容": "ひかり薬局【5:薬局】静岡県静岡市駿河区東新田４－１０－２５" }, "geometry": { "type": "Point", "coordinates": [ 138.375684, 34.943709 ] } },
{ "type": "Feature", "properties": { "ID": "2257220806440", "正式名称": "ひばり安西薬局", "機関区分": 5, "都道府県コード": 22, "市区町村コード": 101, "所在地": "静岡県静岡市葵区安西２－２８", "緯度": 34.979411, "経度": 138.371807, "url": "https://www.iryou.teikyouseido.mhlw.go.jp/znk-web/juminkanja/S2430/initialize?prefCd=22&kikanCd=7220806440&kikanKbn=5", "url2": "https://hbrgr.com/", "内容": "ひばり安西薬局【5:薬局】静岡県静岡市葵区安西２－２８" }, "geometry": { "type": "Point", "coordinates": [ 138.371807, 34.979411 ] } },
{ "type": "Feature", "properties": { "ID": "2257220806450", "正式名称": "末広薬局", "機関区分": 5, "都道府県コード": 22, "市区町村コード": 101, "所在地": "静岡県静岡市葵区北番町１０", "緯度": 34.980918, "経度": 138.371933, "url": "https://www.iryou.teikyouseido.mhlw.go.jp/znk-web/juminkanja/S2430/initialize?prefCd=22&kikanCd=7220806450&kikanKbn=5", "url2": null, "内容": "末広薬局【5:薬局】静岡県静岡市葵区北番町１０" }, "geometry": { "type": "Point", "coordinates": [ 138.371933, 34.980918 ] } },
{ "type": "Feature", "properties": { "ID": "2257220806460", "正式名称": "ウエルシア薬局清水駅店", "機関区分": 5, "都道府県コード": 22, "市区町村コード": 103, "所在地": "静岡県静岡市清水区真砂町１－１", "緯度": 35.023771, "経度": 138.488277, "url": "https://www.iryou.teikyouseido.mhlw.go.jp/znk-web/juminkanja/S2430/initialize?prefCd=22&kikanCd=7220806460&kikanKbn=5", "url2": "https://stores.welcia.co.jp/7096D", "内容": "ウエルシア薬局清水駅店【5:薬局】静岡県静岡市清水区真砂町１－１" }, "geometry": { "type": "Point", "coordinates": [ 138.488277, 35.023771 ] } },
{ "type": "Feature", "properties": { "ID": "2257220806470", "正式名称": "ウエルシア薬局清水西久保店", "機関区分": 5, "都道府県コード": 22, "市区町村コード": 103, "所在地": "静岡県静岡市清水区西久保４４１－８", "緯度": 35.034677, "経度": 138.4846, "url": "https://www.iryou.teikyouseido.mhlw.go.jp/znk-web/juminkanja/S2430/initialize?prefCd=22&kikanCd=7220806470&kikanKbn=5", "url2": "http://www.welcia-yakkyoku.co.jp/", "内容": "ウエルシア薬局清水西久保店【5:薬局】静岡県静岡市清水区西久保４４１－８" }, "geometry": { "type": "Point", "coordinates": [ 138.4846, 35.034677 ] } },
{ "type": "Feature", "properties": { "ID": "2257220806480", "正式名称": "ウエルシア薬局静岡下川原店", "機関区分": 5, "都道府県コード": 22, "市区町村コード": 102, "所在地": "静岡県静岡市駿河区下川原南８－１５", "緯度": 34.93351, "経度": 138.384141, "url": "https://www.iryou.teikyouseido.mhlw.go.jp/znk-web/juminkanja/S2430/initialize?prefCd=22&kikanCd=7220806480&kikanKbn=5", "url2": "https://stores.welcia.co.jp/2144D", "内容": "ウエルシア薬局静岡下川原店【5:薬局】静岡県静岡市駿河区下川原南８－１５" }, "geometry": { "type": "Point", "coordinates": [ 138.384141, 34.93351 ] } },
{ "type": "Feature", "properties": { "ID": "2257220806500", "正式名称": "フラワー薬局まぶち店", "機関区分": 5, "都道府県コード": 22, "市区町村コード": 102, "所在地": "静岡県静岡市駿河区馬渕１－１１－１６－Ｂ", "緯度": 34.966475, "経度": 138.385067, "url": "https://www.iryou.teikyouseido.mhlw.go.jp/znk-web/juminkanja/S2430/initialize?prefCd=22&kikanCd=7220806500&kikanKbn=5", "url2": "https://flower-group.co.jp", "内容": "フラワー薬局まぶち店【5:薬局】静岡県静岡市駿河区馬渕１－１１－１６－Ｂ" }, "geometry": { "type": "Point", "coordinates": [ 138.385067, 34.966475 ] } },
{ "type": "Feature", "properties": { "ID": "2257220806510", "正式名称": "まごころ薬局高松店", "機関区分": 5, "都道府県コード": 22, "市区町村コード": 102, "所在地": "静岡県静岡市駿河区高松１－１５－１７", "緯度": 34.955779, "経度": 138.419336, "url": "https://www.iryou.teikyouseido.mhlw.go.jp/znk-web/juminkanja/S2430/initialize?prefCd=22&kikanCd=7220806510&kikanKbn=5", "url2": "http://www.longlife-ph.com/", "内容": "まごころ薬局高松店【5:薬局】静岡県静岡市駿河区高松１－１５－１７" }, "geometry": { "type": "Point", "coordinates": [ 138.419336, 34.955779 ] } },
{ "type": "Feature", "properties": { "ID": "2257220806530", "正式名称": "ウエルシア薬局清水高橋店", "機関区分": 5, "都道府県コード": 22, "市区町村コード": 103, "所在地": "静岡県静岡市清水区高橋３－２－１", "緯度": 35.030125, "経度": 138.470137, "url": "https://www.iryou.teikyouseido.mhlw.go.jp/znk-web/juminkanja/S2430/initialize?prefCd=22&kikanCd=7220806530&kikanKbn=5", "url2": null, "内容": "ウエルシア薬局清水高橋店【5:薬局】静岡県静岡市清水区高橋３－２－１" }, "geometry": { "type": "Point", "coordinates": [ 138.470137, 35.030125 ] } },
{ "type": "Feature", "properties": { "ID": "2257220806540", "正式名称": "あい・ハート薬局城北店", "機関区分": 5, "都道府県コード": 22, "市区町村コード": 101, "所在地": "静岡県静岡市葵区城北１－１", "緯度": 34.998962, "経度": 138.394261, "url": "https://www.iryou.teikyouseido.mhlw.go.jp/znk-web/juminkanja/S2430/initialize?prefCd=22&kikanCd=7220806540&kikanKbn=5", "url2": "https://sunpharmacy.jp/", "内容": "あい・ハート薬局城北店【5:薬局】静岡県静岡市葵区城北１－１" }, "geometry": { "type": "Point", "coordinates": [ 138.394261, 34.998962 ] } },
{ "type": "Feature", "properties": { "ID": "2257220806550", "正式名称": "大坪２丁目薬局", "機関区分": 5, "都道府県コード": 22, "市区町村コード": 103, "所在地": "静岡県静岡市清水区大坪２－７－１", "緯度": 35.010262, "経度": 138.467821, "url": "https://www.iryou.teikyouseido.mhlw.go.jp/znk-web/juminkanja/S2430/initialize?prefCd=22&kikanCd=7220806550&kikanKbn=5", "url2": "http://stcmedi.com/stc/%e5%a4%a7%e5%9d%aa%ef%bc%92%e4%b8%81%e7%9b%ae%e8%96%ac%e5%b1%80/", "内容": "大坪２丁目薬局【5:薬局】静岡県静岡市清水区大坪２－７－１" }, "geometry": { "type": "Point", "coordinates": [ 138.467821, 35.010262 ] } },
{ "type": "Feature", "properties": { "ID": "2257220806560", "正式名称": "すずらん薬局東新田店", "機関区分": 5, "都道府県コード": 22, "市区町村コード": 102, "所在地": "静岡県静岡市駿河区東新田２－１６－３０サンコーポ池ヶ谷１０３", "緯度": 34.945398, "経度": 138.374376, "url": "https://www.iryou.teikyouseido.mhlw.go.jp/znk-web/juminkanja/S2430/initialize?prefCd=22&kikanCd=7220806560&kikanKbn=5", "url2": "http://www.aidrug.jp/", "内容": "すずらん薬局東新田店【5:薬局】静岡県静岡市駿河区東新田２－１６－３０サンコーポ池ヶ谷１０３" }, "geometry": { "type": "Point", "coordinates": [ 138.374376, 34.945398 ] } },
{ "type": "Feature", "properties": { "ID": "2257220806570", "正式名称": "しろくま薬局北街道店", "機関区分": 5, "都道府県コード": 22, "市区町村コード": 103, "所在地": "静岡県静岡市清水区押切１４５６", "緯度": 35.028519, "経度": 138.456115, "url": "https://www.iryou.teikyouseido.mhlw.go.jp/znk-web/juminkanja/S2430/initialize?prefCd=22&kikanCd=7220806570&kikanKbn=5", "url2": "https://hello-shirokuma.com", "内容": "しろくま薬局北街道店【5:薬局】静岡県静岡市清水区押切１４５６" }, "geometry": { "type": "Point", "coordinates": [ 138.456115, 35.028519 ] } },
{ "type": "Feature", "properties": { "ID": "2257220806580", "正式名称": "クスリのアオキ清水沼田町薬局", "機関区分": 5, "都道府県コード": 22, "市区町村コード": 103, "所在地": "静岡県静岡市清水区沼田町９番１７号", "緯度": 34.996175, "経度": 138.483255, "url": "https://www.iryou.teikyouseido.mhlw.go.jp/znk-web/juminkanja/S2430/initialize?prefCd=22&kikanCd=7220806580&kikanKbn=5", "url2": "https://www.kusuri-aoki.co.jp/", "内容": "クスリのアオキ清水沼田町薬局【5:薬局】静岡県静岡市清水区沼田町９番１７号" }, "geometry": { "type": "Point", "coordinates": [ 138.483255, 34.996175 ] } },
{ "type": "Feature", "properties": { "ID": "2257220806590", "正式名称": "すずらん薬局ときわ店", "機関区分": 5, "都道府県コード": 22, "市区町村コード": 101, "所在地": "静岡県静岡市葵区常磐町３－６－１５", "緯度": 34.969652, "経度": 138.379492, "url": "https://www.iryou.teikyouseido.mhlw.go.jp/znk-web/juminkanja/S2430/initialize?prefCd=22&kikanCd=7220806590&kikanKbn=5", "url2": "http://www.aidrug.jp/", "内容": "すずらん薬局ときわ店【5:薬局】静岡県静岡市葵区常磐町３－６－１５" }, "geometry": { "type": "Point", "coordinates": [ 138.379492, 34.969652 ] } },
{ "type": "Feature", "properties": { "ID": "2257220806610", "正式名称": "オリーブ薬局", "機関区分": 5, "都道府県コード": 22, "市区町村コード": 101, "所在地": "静岡県静岡市葵区瀬名３－３８－４", "緯度": 35.02232, "経度": 138.423309, "url": "https://www.iryou.teikyouseido.mhlw.go.jp/znk-web/juminkanja/S2430/initialize?prefCd=22&kikanCd=7220806610&kikanKbn=5", "url2": "https://www.plus-pharma6226.com/", "内容": "オリーブ薬局【5:薬局】静岡県静岡市葵区瀬名３－３８－４" }, "geometry": { "type": "Point", "coordinates": [ 138.423309, 35.02232 ] } },
{ "type": "Feature", "properties": { "ID": "2257220806620", "正式名称": "さざんか薬局", "機関区分": 5, "都道府県コード": 22, "市区町村コード": 102, "所在地": "静岡県静岡市駿河区片山３－１", "緯度": 34.96689, "経度": 138.421788, "url": "https://www.iryou.teikyouseido.mhlw.go.jp/znk-web/juminkanja/S2430/initialize?prefCd=22&kikanCd=7220806620&kikanKbn=5", "url2": "yamamoto-ph.com", "内容": "さざんか薬局【5:薬局】静岡県静岡市駿河区片山３－１" }, "geometry": { "type": "Point", "coordinates": [ 138.421788, 34.96689 ] } },
{ "type": "Feature", "properties": { "ID": "2257220806630", "正式名称": "らいふ薬局聖一色店", "機関区分": 5, "都道府県コード": 22, "市区町村コード": 102, "所在地": "静岡県静岡市駿河区池田４１４－２", "緯度": 34.986083, "経度": 138.423873, "url": "https://www.iryou.teikyouseido.mhlw.go.jp/znk-web/juminkanja/S2430/initialize?prefCd=22&kikanCd=7220806630&kikanKbn=5", "url2": null, "内容": "らいふ薬局聖一色店【5:薬局】静岡県静岡市駿河区池田４１４－２" }, "geometry": { "type": "Point", "coordinates": [ 138.423873, 34.986083 ] } },
{ "type": "Feature", "properties": { "ID": "2257220806650", "正式名称": "みなと薬局上力町店", "機関区分": 5, "都道府県コード": 22, "市区町村コード": 103, "所在地": "静岡県静岡市清水区上力町６－２２", "緯度": 34.996377, "経度": 138.481428, "url": "https://www.iryou.teikyouseido.mhlw.go.jp/znk-web/juminkanja/S2430/initialize?prefCd=22&kikanCd=7220806650&kikanKbn=5", "url2": "http://minato-yakkyoku.jp/", "内容": "みなと薬局上力町店【5:薬局】静岡県静岡市清水区上力町６－２２" }, "geometry": { "type": "Point", "coordinates": [ 138.481428, 34.996377 ] } },
{ "type": "Feature", "properties": { "ID": "2257220806660", "正式名称": "フラワー薬局北安東店", "機関区分": 5, "都道府県コード": 22, "市区町村コード": 101, "所在地": "静岡県静岡市葵区北安東２－２９－３", "緯度": 34.999235, "経度": 138.387123, "url": "https://www.iryou.teikyouseido.mhlw.go.jp/znk-web/juminkanja/S2430/initialize?prefCd=22&kikanCd=7220806660&kikanKbn=5", "url2": "https://flower-group.co.jp/", "内容": "フラワー薬局北安東店【5:薬局】静岡県静岡市葵区北安東２－２９－３" }, "geometry": { "type": "Point", "coordinates": [ 138.387123, 34.999235 ] } },
{ "type": "Feature", "properties": { "ID": "2257220806670", "正式名称": "スマイル薬局", "機関区分": 5, "都道府県コード": 22, "市区町村コード": 103, "所在地": "静岡県静岡市清水区船越３－５－２６", "緯度": 34.999646, "経度": 138.470152, "url": "https://www.iryou.teikyouseido.mhlw.go.jp/znk-web/juminkanja/S2430/initialize?prefCd=22&kikanCd=7220806670&kikanKbn=5", "url2": null, "内容": "スマイル薬局【5:薬局】静岡県静岡市清水区船越３－５－２６" }, "geometry": { "type": "Point", "coordinates": [ 138.470152, 34.999646 ] } },
{ "type": "Feature", "properties": { "ID": "2257220806680", "正式名称": "宇宙薬局", "機関区分": 5, "都道府県コード": 22, "市区町村コード": 103, "所在地": "静岡県静岡市清水区村松原３－３－１１", "緯度": 34.996647, "経度": 138.489579, "url": "https://www.iryou.teikyouseido.mhlw.go.jp/znk-web/juminkanja/S2430/initialize?prefCd=22&kikanCd=7220806680&kikanKbn=5", "url2": "https://space-pharmacy.com", "内容": "宇宙薬局【5:薬局】静岡県静岡市清水区村松原３－３－１１" }, "geometry": { "type": "Point", "coordinates": [ 138.489579, 34.996647 ] } },
{ "type": "Feature", "properties": { "ID": "2257220806690", "正式名称": "クリエイト薬局清水北脇店", "機関区分": 5, "都道府県コード": 22, "市区町村コード": 103, "所在地": "静岡県静岡市清水区北脇２３２", "緯度": 35.017212, "経度": 138.46373, "url": "https://www.iryou.teikyouseido.mhlw.go.jp/znk-web/juminkanja/S2430/initialize?prefCd=22&kikanCd=7220806690&kikanKbn=5", "url2": "http://www.create-sd.co.jp/", "内容": "クリエイト薬局清水北脇店【5:薬局】静岡県静岡市清水区北脇２３２" }, "geometry": { "type": "Point", "coordinates": [ 138.46373, 35.017212 ] } },
{ "type": "Feature", "properties": { "ID": "2257220806700", "正式名称": "薬局みかんの花", "機関区分": 5, "都道府県コード": 22, "市区町村コード": 103, "所在地": "静岡県静岡市清水区鶴舞町６－４", "緯度": 35.016519, "経度": 138.472728, "url": "https://www.iryou.teikyouseido.mhlw.go.jp/znk-web/juminkanja/S2430/initialize?prefCd=22&kikanCd=7220806700&kikanKbn=5", "url2": "https://think-happy-be-happy.com/pharmacy/", "内容": "薬局みかんの花【5:薬局】静岡県静岡市清水区鶴舞町６－４" }, "geometry": { "type": "Point", "coordinates": [ 138.472728, 35.016519 ] } },
{ "type": "Feature", "properties": { "ID": "2257220806710", "正式名称": "あい・ハート薬局東静岡店", "機関区分": 5, "都道府県コード": 22, "市区町村コード": 101, "所在地": "静岡県静岡市葵区沓谷６－１８－７", "緯度": 34.99586, "経度": 138.412972, "url": "https://www.iryou.teikyouseido.mhlw.go.jp/znk-web/juminkanja/S2430/initialize?prefCd=22&kikanCd=7220806710&kikanKbn=5", "url2": "http://sunpharmacy.jp/", "内容": "あい・ハート薬局東静岡店【5:薬局】静岡県静岡市葵区沓谷６－１８－７" }, "geometry": { "type": "Point", "coordinates": [ 138.412972, 34.99586 ] } },
{ "type": "Feature", "properties": { "ID": "2257220806720", "正式名称": "こすも薬局", "機関区分": 5, "都道府県コード": 22, "市区町村コード": 103, "所在地": "静岡県静岡市清水区草薙３－１３－７", "緯度": 35.002056, "経度": 138.446385, "url": "https://www.iryou.teikyouseido.mhlw.go.jp/znk-web/juminkanja/S2430/initialize?prefCd=22&kikanCd=7220806720&kikanKbn=5", "url2": null, "内容": "こすも薬局【5:薬局】静岡県静岡市清水区草薙３－１３－７" }, "geometry": { "type": "Point", "coordinates": [ 138.446385, 35.002056 ] } },
{ "type": "Feature", "properties": { "ID": "2257220806730", "正式名称": "日本調剤静岡豊田薬局", "機関区分": 5, "都道府県コード": 22, "市区町村コード": 102, "所在地": "静岡県静岡市駿河区豊田３－４－４３", "緯度": 34.966821, "経度": 138.4094, "url": "https://www.iryou.teikyouseido.mhlw.go.jp/znk-web/juminkanja/S2430/initialize?prefCd=22&kikanCd=7220806730&kikanKbn=5", "url2": "https://www.nicho.co.jp/tenpo/shizuokatoyoda/", "内容": "日本調剤静岡豊田薬局【5:薬局】静岡県静岡市駿河区豊田３－４－４３" }, "geometry": { "type": "Point", "coordinates": [ 138.4094, 34.966821 ] } },
{ "type": "Feature", "properties": { "ID": "2257220806740", "正式名称": "杏林堂薬局テレビ静岡前店", "機関区分": 5, "都道府県コード": 22, "市区町村コード": 102, "所在地": "静岡県静岡市駿河区栗原１８－６４", "緯度": 34.990171, "経度": 138.425962, "url": "https://www.iryou.teikyouseido.mhlw.go.jp/znk-web/juminkanja/S2430/initialize?prefCd=22&kikanCd=7220806740&kikanKbn=5", "url2": "https://www.kyorindo.co.jp/", "内容": "杏林堂薬局テレビ静岡前店【5:薬局】静岡県静岡市駿河区栗原１８－６４" }, "geometry": { "type": "Point", "coordinates": [ 138.425962, 34.990171 ] } },
{ "type": "Feature", "properties": { "ID": "2257220806750", "正式名称": "ヤナギ薬局", "機関区分": 5, "都道府県コード": 22, "市区町村コード": 103, "所在地": "静岡県静岡市清水区吉川２１６－４", "緯度": 35.013532, "経度": 138.458409, "url": "https://www.iryou.teikyouseido.mhlw.go.jp/znk-web/juminkanja/S2430/initialize?prefCd=22&kikanCd=7220806750&kikanKbn=5", "url2": "https://yanagi-pharmacy.shopinfo.jp/", "内容": "ヤナギ薬局【5:薬局】静岡県静岡市清水区吉川２１６－４" }, "geometry": { "type": "Point", "coordinates": [ 138.458409, 35.013532 ] } },
{ "type": "Feature", "properties": { "ID": "2257220806760", "正式名称": "ウエルシア訪問薬局静岡葵", "機関区分": 5, "都道府県コード": 22, "市区町村コード": 101, "所在地": "静岡県静岡市葵区瀬名１－９－２０", "緯度": 35.01233, "経度": 138.421692, "url": "https://www.iryou.teikyouseido.mhlw.go.jp/znk-web/juminkanja/S2430/initialize?prefCd=22&kikanCd=7220806760&kikanKbn=5", "url2": null, "内容": "ウエルシア訪問薬局静岡葵【5:薬局】静岡県静岡市葵区瀬名１－９－２０" }, "geometry": { "type": "Point", "coordinates": [ 138.421692, 35.01233 ] } },
{ "type": "Feature", "properties": { "ID": "2257220806770", "正式名称": "しずはな薬局", "機関区分": 5, "都道府県コード": 22, "市区町村コード": 102, "所在地": "静岡県静岡市駿河区東新田４－１８－１", "緯度": 34.943026, "経度": 138.37434, "url": "https://www.iryou.teikyouseido.mhlw.go.jp/znk-web/juminkanja/S2430/initialize?prefCd=22&kikanCd=7220806770&kikanKbn=5", "url2": null, "内容": "しずはな薬局【5:薬局】静岡県静岡市駿河区東新田４－１８－１" }, "geometry": { "type": "Point", "coordinates": [ 138.37434, 34.943026 ] } },
{ "type": "Feature", "properties": { "ID": "2257220806780", "正式名称": "ハロー薬局鷹匠店", "機関区分": 5, "都道府県コード": 22, "市区町村コード": 101, "所在地": "静岡県静岡市葵区鷹匠１－１２－１静鉄青葉園ビル１ＦＣ", "緯度": 34.976113, "経度": 138.388317, "url": "https://www.iryou.teikyouseido.mhlw.go.jp/znk-web/juminkanja/S2430/initialize?prefCd=22&kikanCd=7220806780&kikanKbn=5", "url2": "https://greenpalu.com/", "内容": "ハロー薬局鷹匠店【5:薬局】静岡県静岡市葵区鷹匠１－１２－１静鉄青葉園ビル１ＦＣ" }, "geometry": { "type": "Point", "coordinates": [ 138.388317, 34.976113 ] } },
{ "type": "Feature", "properties": { "ID": "2257220806790", "正式名称": "よつば薬局", "機関区分": 5, "都道府県コード": 22, "市区町村コード": 101, "所在地": "静岡県静岡市葵区大鋸町２－４", "緯度": 34.972665, "経度": 138.375525, "url": "https://www.iryou.teikyouseido.mhlw.go.jp/znk-web/juminkanja/S2430/initialize?prefCd=22&kikanCd=7220806790&kikanKbn=5", "url2": "https://greenpalu.com", "内容": "よつば薬局【5:薬局】静岡県静岡市葵区大鋸町２－４" }, "geometry": { "type": "Point", "coordinates": [ 138.375525, 34.972665 ] } },
{ "type": "Feature", "properties": { "ID": "2257220806800", "正式名称": "ユニスマイル薬局いりえおか店", "機関区分": 5, "都道府県コード": 22, "市区町村コード": 103, "所在地": "静岡県静岡市清水区入江岡町３－２", "緯度": 35.013292, "経度": 138.481161, "url": "https://www.iryou.teikyouseido.mhlw.go.jp/znk-web/juminkanja/S2430/initialize?prefCd=22&kikanCd=7220806800&kikanKbn=5", "url2": "https://unismile.co.jp/", "内容": "ユニスマイル薬局いりえおか店【5:薬局】静岡県静岡市清水区入江岡町３－２" }, "geometry": { "type": "Point", "coordinates": [ 138.481161, 35.013292 ] } },
{ "type": "Feature", "properties": { "ID": "2257220806810", "正式名称": "ユニスマイル薬局しみず東店", "機関区分": 5, "都道府県コード": 22, "市区町村コード": 103, "所在地": "静岡県静岡市清水区高橋南町９－１７", "緯度": 35.027277, "経度": 138.475856, "url": "https://www.iryou.teikyouseido.mhlw.go.jp/znk-web/juminkanja/S2430/initialize?prefCd=22&kikanCd=7220806810&kikanKbn=5", "url2": "http://unismile.co.jp/shop/shimizuhigashi/", "内容": "ユニスマイル薬局しみず東店【5:薬局】静岡県静岡市清水区高橋南町９－１７" }, "geometry": { "type": "Point", "coordinates": [ 138.475856, 35.027277 ] } },
{ "type": "Feature", "properties": { "ID": "2257220806820", "正式名称": "ユニスマイル薬局　おしきり店", "機関区分": 5, "都道府県コード": 22, "市区町村コード": 103, "所在地": "静岡県静岡市清水区押切２００２－２", "緯度": 35.033548, "経度": 138.456055, "url": "https://www.iryou.teikyouseido.mhlw.go.jp/znk-web/juminkanja/S2430/initialize?prefCd=22&kikanCd=7220806820&kikanKbn=5", "url2": "https://unismile.co.jp", "内容": "ユニスマイル薬局　おしきり店【5:薬局】静岡県静岡市清水区押切２００２－２" }, "geometry": { "type": "Point", "coordinates": [ 138.456055, 35.033548 ] } },
{ "type": "Feature", "properties": { "ID": "2257220806830", "正式名称": "にじいろ薬局", "機関区分": 5, "都道府県コード": 22, "市区町村コード": 102, "所在地": "静岡県静岡市駿河区富士見台３－１－２５－２", "緯度": 34.961735, "経度": 138.417406, "url": "https://www.iryou.teikyouseido.mhlw.go.jp/znk-web/juminkanja/S2430/initialize?prefCd=22&kikanCd=7220806830&kikanKbn=5", "url2": "https://www.yamamoto-ph.com/", "内容": "にじいろ薬局【5:薬局】静岡県静岡市駿河区富士見台３－１－２５－２" }, "geometry": { "type": "Point", "coordinates": [ 138.417406, 34.961735 ] } },
{ "type": "Feature", "properties": { "ID": "2257220806840", "正式名称": "ユニスマイル薬局大岩店", "機関区分": 5, "都道府県コード": 22, "市区町村コード": 101, "所在地": "静岡県静岡市葵区大岩町４－１４", "緯度": 34.99396, "経度": 138.378715, "url": "https://www.iryou.teikyouseido.mhlw.go.jp/znk-web/juminkanja/S2430/initialize?prefCd=22&kikanCd=7220806840&kikanKbn=5", "url2": "https://unismile.co.jp/ka", "内容": "ユニスマイル薬局大岩店【5:薬局】静岡県静岡市葵区大岩町４－１４" }, "geometry": { "type": "Point", "coordinates": [ 138.378715, 34.99396 ] } },
{ "type": "Feature", "properties": { "ID": "2257220806860", "正式名称": "日本調剤静岡県総薬局", "機関区分": 5, "都道府県コード": 22, "市区町村コード": 101, "所在地": "静岡県静岡市葵区北安東４－２２－５", "緯度": 35.004095, "経度": 138.387981, "url": "https://www.iryou.teikyouseido.mhlw.go.jp/znk-web/juminkanja/S2430/initialize?prefCd=22&kikanCd=7220806860&kikanKbn=5", "url2": "https://www.nicho.co.jp/", "内容": "日本調剤静岡県総薬局【5:薬局】静岡県静岡市葵区北安東４－２２－５" }, "geometry": { "type": "Point", "coordinates": [ 138.387981, 35.004095 ] } },
{ "type": "Feature", "properties": { "ID": "2257220806870", "正式名称": "ウエルシア薬局静岡水道町店", "機関区分": 5, "都道府県コード": 22, "市区町村コード": 101, "所在地": "静岡県静岡市葵区水道町１２１ー１", "緯度": 34.984449, "経度": 138.365917, "url": "https://www.iryou.teikyouseido.mhlw.go.jp/znk-web/juminkanja/S2430/initialize?prefCd=22&kikanCd=7220806870&kikanKbn=5", "url2": "https://stores.welcia.co.jp/7342D", "内容": "ウエルシア薬局静岡水道町店【5:薬局】静岡県静岡市葵区水道町１２１ー１" }, "geometry": { "type": "Point", "coordinates": [ 138.365917, 34.984449 ] } },
{ "type": "Feature", "properties": { "ID": "2257220806880", "正式名称": "ミネ薬局", "機関区分": 5, "都道府県コード": 22, "市区町村コード": 103, "所在地": "静岡県静岡市清水区袖師町４６１－３", "緯度": 35.035207, "経度": 138.490531, "url": "https://www.iryou.teikyouseido.mhlw.go.jp/znk-web/juminkanja/S2430/initialize?prefCd=22&kikanCd=7220806880&kikanKbn=5", "url2": null, "内容": "ミネ薬局【5:薬局】静岡県静岡市清水区袖師町４６１－３" }, "geometry": { "type": "Point", "coordinates": [ 138.490531, 35.035207 ] } },
{ "type": "Feature", "properties": { "ID": "2257220806890", "正式名称": "音羽薬局", "機関区分": 5, "都道府県コード": 22, "市区町村コード": 101, "所在地": "静岡県静岡市葵区音羽町７－１１", "緯度": 34.979778, "経度": 138.393328, "url": "https://www.iryou.teikyouseido.mhlw.go.jp/znk-web/juminkanja/S2430/initialize?prefCd=22&kikanCd=7220806890&kikanKbn=5", "url2": null, "内容": "音羽薬局【5:薬局】静岡県静岡市葵区音羽町７－１１" }, "geometry": { "type": "Point", "coordinates": [ 138.393328, 34.979778 ] } },
{ "type": "Feature", "properties": { "ID": "2257220806900", "正式名称": "クリエイト薬局清水辻店", "機関区分": 5, "都道府県コード": 22, "市区町村コード": 103, "所在地": "静岡県静岡市清水区辻１－７－１", "緯度": 35.027459, "経度": 138.488554, "url": "https://www.iryou.teikyouseido.mhlw.go.jp/znk-web/juminkanja/S2430/initialize?prefCd=22&kikanCd=7220806900&kikanKbn=5", "url2": "http://www.create-sd.co.jp/", "内容": "クリエイト薬局清水辻店【5:薬局】静岡県静岡市清水区辻１－７－１" }, "geometry": { "type": "Point", "coordinates": [ 138.488554, 35.027459 ] } },
{ "type": "Feature", "properties": { "ID": "2257220806910", "正式名称": "スギ薬局　手越店", "機関区分": 5, "都道府県コード": 22, "市区町村コード": 102, "所在地": "静岡県静岡市駿河区向手越１－１１－３", "緯度": 34.950324, "経度": 138.36026, "url": "https://www.iryou.teikyouseido.mhlw.go.jp/znk-web/juminkanja/S2430/initialize?prefCd=22&kikanCd=7220806910&kikanKbn=5", "url2": "https://www.sugi-net.jp/", "内容": "スギ薬局　手越店【5:薬局】静岡県静岡市駿河区向手越１－１１－３" }, "geometry": { "type": "Point", "coordinates": [ 138.36026, 34.950324 ] } },
{ "type": "Feature", "properties": { "ID": "2257220806920", "正式名称": "すんぷ薬局", "機関区分": 5, "都道府県コード": 22, "市区町村コード": 102, "所在地": "静岡県静岡市駿河区新川２－８－８", "緯度": 34.960871, "経度": 138.385951, "url": "https://www.iryou.teikyouseido.mhlw.go.jp/znk-web/juminkanja/S2430/initialize?prefCd=22&kikanCd=7220806920&kikanKbn=5", "url2": "https://minds.jp.net/", "内容": "すんぷ薬局【5:薬局】静岡県静岡市駿河区新川２－８－８" }, "geometry": { "type": "Point", "coordinates": [ 138.385951, 34.960871 ] } },
{ "type": "Feature", "properties": { "ID": "2257220806930", "正式名称": "マハロ薬局", "機関区分": 5, "都道府県コード": 22, "市区町村コード": 103, "所在地": "静岡県静岡市清水区木の下町４４－３", "緯度": 35.004089, "経度": 138.469883, "url": "https://www.iryou.teikyouseido.mhlw.go.jp/znk-web/juminkanja/S2430/initialize?prefCd=22&kikanCd=7220806930&kikanKbn=5", "url2": "https://stcmedi.com/hayai/", "内容": "マハロ薬局【5:薬局】静岡県静岡市清水区木の下町４４－３" }, "geometry": { "type": "Point", "coordinates": [ 138.469883, 35.004089 ] } },
{ "type": "Feature", "properties": { "ID": "2257220806940", "正式名称": "みつる薬局", "機関区分": 5, "都道府県コード": 22, "市区町村コード": 101, "所在地": "静岡県静岡市葵区岳美１７－２４", "緯度": 35.008081, "経度": 138.386583, "url": "https://www.iryou.teikyouseido.mhlw.go.jp/znk-web/juminkanja/S2430/initialize?prefCd=22&kikanCd=7220806940&kikanKbn=5", "url2": null, "内容": "みつる薬局【5:薬局】静岡県静岡市葵区岳美１７－２４" }, "geometry": { "type": "Point", "coordinates": [ 138.386583, 35.008081 ] } },
{ "type": "Feature", "properties": { "ID": "2257220806950", "正式名称": "かなで薬局", "機関区分": 5, "都道府県コード": 22, "市区町村コード": 101, "所在地": "静岡県静岡市葵区御幸町３－２１ペガサート地下１階", "緯度": 34.975053, "経度": 138.38611, "url": "https://www.iryou.teikyouseido.mhlw.go.jp/znk-web/juminkanja/S2430/initialize?prefCd=22&kikanCd=7220806950&kikanKbn=5", "url2": null, "内容": "かなで薬局【5:薬局】静岡県静岡市葵区御幸町３－２１ペガサート地下１階" }, "geometry": { "type": "Point", "coordinates": [ 138.38611, 34.975053 ] } },
{ "type": "Feature", "properties": { "ID": "2257220806960", "正式名称": "さつき薬局", "機関区分": 5, "都道府県コード": 22, "市区町村コード": 101, "所在地": "静岡県静岡市葵区岳美１５－４７", "緯度": 35.009666, "経度": 138.388343, "url": "https://www.iryou.teikyouseido.mhlw.go.jp/znk-web/juminkanja/S2430/initialize?prefCd=22&kikanCd=7220806960&kikanKbn=5", "url2": null, "内容": "さつき薬局【5:薬局】静岡県静岡市葵区岳美１５－４７" }, "geometry": { "type": "Point", "coordinates": [ 138.388343, 35.009666 ] } },
{ "type": "Feature", "properties": { "ID": "2257220806990", "正式名称": "もみの木薬局　桜が丘店", "機関区分": 5, "都道府県コード": 22, "市区町村コード": 103, "所在地": "静岡県静岡市清水区桜が丘町５－２５", "緯度": 35.011703, "経度": 138.476075, "url": "https://www.iryou.teikyouseido.mhlw.go.jp/znk-web/juminkanja/S2430/initialize?prefCd=22&kikanCd=7220806990&kikanKbn=5", "url2": "https://www.kampo-ishindo.com/mominokiyakkyoku.html", "内容": "もみの木薬局　桜が丘店【5:薬局】静岡県静岡市清水区桜が丘町５－２５" }, "geometry": { "type": "Point", "coordinates": [ 138.476075, 35.011703 ] } },
{ "type": "Feature", "properties": { "ID": "2257220807000", "正式名称": "アップル薬局　東新田店", "機関区分": 5, "都道府県コード": 22, "市区町村コード": 102, "所在地": "静岡県静岡市駿河区東新田１－１３－２９", "緯度": 34.949262, "経度": 138.370413, "url": "https://www.iryou.teikyouseido.mhlw.go.jp/znk-web/juminkanja/S2430/initialize?prefCd=22&kikanCd=7220807000&kikanKbn=5", "url2": "https://www.apple-nakaharadou.com/home", "内容": "アップル薬局　東新田店【5:薬局】静岡県静岡市駿河区東新田１－１３－２９" }, "geometry": { "type": "Point", "coordinates": [ 138.370413, 34.949262 ] } },
{ "type": "Feature", "properties": { "ID": "2257220807010", "正式名称": "辻本薬局鷹匠和店", "機関区分": 5, "都道府県コード": 22, "市区町村コード": 101, "所在地": "静岡県静岡市葵区鷹匠２丁目１４－１２ラティエーラ鷹匠１Ｆ", "緯度": 34.977116, "経度": 138.389453, "url": "https://www.iryou.teikyouseido.mhlw.go.jp/znk-web/juminkanja/S2430/initialize?prefCd=22&kikanCd=7220807010&kikanKbn=5", "url2": "https://www.tsujimoto-ph.com/", "内容": "辻本薬局鷹匠和店【5:薬局】静岡県静岡市葵区鷹匠２丁目１４－１２ラティエーラ鷹匠１Ｆ" }, "geometry": { "type": "Point", "coordinates": [ 138.389453, 34.977116 ] } },
{ "type": "Feature", "properties": { "ID": "2257220807020", "正式名称": "ふたば薬局", "機関区分": 5, "都道府県コード": 22, "市区町村コード": 102, "所在地": "静岡県静岡市駿河区南八幡町１７－５", "緯度": 34.964441, "経度": 138.401232, "url": "https://www.iryou.teikyouseido.mhlw.go.jp/znk-web/juminkanja/S2430/initialize?prefCd=22&kikanCd=7220807020&kikanKbn=5", "url2": null, "内容": "ふたば薬局【5:薬局】静岡県静岡市駿河区南八幡町１７－５" }, "geometry": { "type": "Point", "coordinates": [ 138.401232, 34.964441 ] } },
{ "type": "Feature", "properties": { "ID": "2257220807030", "正式名称": "きよみ薬局", "機関区分": 5, "都道府県コード": 22, "市区町村コード": 103, "所在地": "静岡県静岡市清水区興津中町１３６０ー１０", "緯度": 35.061118, "経度": 138.526636, "url": "https://www.iryou.teikyouseido.mhlw.go.jp/znk-web/juminkanja/S2430/initialize?prefCd=22&kikanCd=7220807030&kikanKbn=5", "url2": null, "内容": "きよみ薬局【5:薬局】静岡県静岡市清水区興津中町１３６０ー１０" }, "geometry": { "type": "Point", "coordinates": [ 138.526636, 35.061118 ] } },
{ "type": "Feature", "properties": { "ID": "2257220807060", "正式名称": "ＭＭ薬局りゅうなん在宅調剤センター", "機関区分": 5, "都道府県コード": 22, "市区町村コード": 101, "所在地": "静岡県静岡市葵区竜南１丁目４－１９", "緯度": 34.996999, "経度": 138.399114, "url": "https://www.iryou.teikyouseido.mhlw.go.jp/znk-web/juminkanja/S2430/initialize?prefCd=22&kikanCd=7220807060&kikanKbn=5", "url2": null, "内容": "ＭＭ薬局りゅうなん在宅調剤センター【5:薬局】静岡県静岡市葵区竜南１丁目４－１９" }, "geometry": { "type": "Point", "coordinates": [ 138.399114, 34.996999 ] } },
{ "type": "Feature", "properties": { "ID": "2257220807070", "正式名称": "たんぽぽ薬局　静岡厚生病院店", "機関区分": 5, "都道府県コード": 22, "市区町村コード": 101, "所在地": "静岡県静岡市葵区安西２丁目３５番地", "緯度": 34.979175, "経度": 138.371586, "url": "https://www.iryou.teikyouseido.mhlw.go.jp/znk-web/juminkanja/S2430/initialize?prefCd=22&kikanCd=7220807070&kikanKbn=5", "url2": null, "内容": "たんぽぽ薬局　静岡厚生病院店【5:薬局】静岡県静岡市葵区安西２丁目３５番地" }, "geometry": { "type": "Point", "coordinates": [ 138.371586, 34.979175 ] } },
{ "type": "Feature", "properties": { "ID": "2257220807200", "正式名称": "やまうち薬局　鷹匠店", "機関区分": 5, "都道府県コード": 22, "市区町村コード": 101, "所在地": "静岡県静岡市葵区鷹匠２－１－４", "緯度": 34.9777, "経度": 138.387347, "url": "https://www.iryou.teikyouseido.mhlw.go.jp/znk-web/juminkanja/S2430/initialize?prefCd=22&kikanCd=7220807200&kikanKbn=5", "url2": "https://yamauchi-pharmacy.com/store/takajyou.html", "内容": "やまうち薬局　鷹匠店【5:薬局】静岡県静岡市葵区鷹匠２－１－４" }, "geometry": { "type": "Point", "coordinates": [ 138.387347, 34.9777 ] } },
{ "type": "Feature", "properties": { "ID": "2257220807210", "正式名称": "薬局メディスンみずほ店", "機関区分": 5, "都道府県コード": 22, "市区町村コード": 102, "所在地": "静岡県静岡市駿河区みずほ１丁目７－３", "緯度": 34.941161, "経度": 138.369555, "url": "https://www.iryou.teikyouseido.mhlw.go.jp/znk-web/juminkanja/S2430/initialize?prefCd=22&kikanCd=7220807210&kikanKbn=5", "url2": "http://e-medicine.co.jp/", "内容": "薬局メディスンみずほ店【5:薬局】静岡県静岡市駿河区みずほ１丁目７－３" }, "geometry": { "type": "Point", "coordinates": [ 138.369555, 34.941161 ] } },
{ "type": "Feature", "properties": { "ID": "2257220807230", "正式名称": "よつば薬局瀬名店", "機関区分": 5, "都道府県コード": 22, "市区町村コード": 101, "所在地": "静岡県静岡市葵区瀬名２丁目３１－２２", "緯度": 35.016718, "経度": 138.423035, "url": "https://www.iryou.teikyouseido.mhlw.go.jp/znk-web/juminkanja/S2430/initialize?prefCd=22&kikanCd=7220807230&kikanKbn=5", "url2": null, "内容": "よつば薬局瀬名店【5:薬局】静岡県静岡市葵区瀬名２丁目３１－２２" }, "geometry": { "type": "Point", "coordinates": [ 138.423035, 35.016718 ] } },
{ "type": "Feature", "properties": { "ID": "2257220807240", "正式名称": "うさぎ薬局　みずほ店", "機関区分": 5, "都道府県コード": 22, "市区町村コード": 102, "所在地": "静岡県静岡市駿河区みずほ５丁目１４番４", "緯度": 34.939822, "経度": 138.365235, "url": "https://www.iryou.teikyouseido.mhlw.go.jp/znk-web/juminkanja/S2430/initialize?prefCd=22&kikanCd=7220807240&kikanKbn=5", "url2": "https://usagipharmacy.com/shop/mizuho/", "内容": "うさぎ薬局　みずほ店【5:薬局】静岡県静岡市駿河区みずほ５丁目１４番４" }, "geometry": { "type": "Point", "coordinates": [ 138.365235, 34.939822 ] } },
{ "type": "Feature", "properties": { "ID": "2257220807250", "正式名称": "ぱるす薬局　曲金店", "機関区分": 5, "都道府県コード": 22, "市区町村コード": 102, "所在地": "静岡県静岡市駿河区曲金４丁目９の１４", "緯度": 34.975923, "経度": 138.4117, "url": "https://www.iryou.teikyouseido.mhlw.go.jp/znk-web/juminkanja/S2430/initialize?prefCd=22&kikanCd=7220807250&kikanKbn=5", "url2": "https://pharmacy.toyamakaigo.net/", "内容": "ぱるす薬局　曲金店【5:薬局】静岡県静岡市駿河区曲金４丁目９の１４" }, "geometry": { "type": "Point", "coordinates": [ 138.4117, 34.975923 ] } },
{ "type": "Feature", "properties": { "ID": "2257220807270", "正式名称": "ウエルシア薬局株式会社　清水由比店", "機関区分": 5, "都道府県コード": 22, "市区町村コード": 103, "所在地": "静岡県静岡市清水区由比７４９－１", "緯度": 35.110667, "経度": 138.569818, "url": "https://www.iryou.teikyouseido.mhlw.go.jp/znk-web/juminkanja/S2430/initialize?prefCd=22&kikanCd=7220807270&kikanKbn=5", "url2": null, "内容": "ウエルシア薬局株式会社　清水由比店【5:薬局】静岡県静岡市清水区由比７４９－１" }, "geometry": { "type": "Point", "coordinates": [ 138.569818, 35.110667 ] } },
{ "type": "Feature", "properties": { "ID": "2257220807290", "正式名称": "ひかり薬局登呂店", "機関区分": 5, "都道府県コード": 22, "市区町村コード": 102, "所在地": "静岡県静岡市駿河区登呂６－１３－１１", "緯度": 34.952252, "経度": 138.403356, "url": "https://www.iryou.teikyouseido.mhlw.go.jp/znk-web/juminkanja/S2430/initialize?prefCd=22&kikanCd=7220807290&kikanKbn=5", "url2": null, "内容": "ひかり薬局登呂店【5:薬局】静岡県静岡市駿河区登呂６－１３－１１" }, "geometry": { "type": "Point", "coordinates": [ 138.403356, 34.952252 ] } },
{ "type": "Feature", "properties": { "ID": "2257220807310", "正式名称": "ウエルシア薬局静岡中原店", "機関区分": 5, "都道府県コード": 22, "市区町村コード": 102, "所在地": "静岡県静岡市駿河区中原１３１－３ウエルシア薬局静岡中原店", "緯度": 34.959116, "経度": 138.38605, "url": "https://www.iryou.teikyouseido.mhlw.go.jp/znk-web/juminkanja/S2430/initialize?prefCd=22&kikanCd=7220807310&kikanKbn=5", "url2": "https://store.welcia.co.jp/welcia/spot/detail?code=7146D", "内容": "ウエルシア薬局静岡中原店【5:薬局】静岡県静岡市駿河区中原１３１－３ウエルシア薬局静岡中原店" }, "geometry": { "type": "Point", "coordinates": [ 138.38605, 34.959116 ] } },
{ "type": "Feature", "properties": { "ID": "2257220807320", "正式名称": "すずらん薬局丸子店", "機関区分": 5, "都道府県コード": 22, "市区町村コード": 102, "所在地": "静岡県静岡市駿河区丸子芹が谷町３－１２", "緯度": 34.943066, "経度": 138.349373, "url": "https://www.iryou.teikyouseido.mhlw.go.jp/znk-web/juminkanja/S2430/initialize?prefCd=22&kikanCd=7220807320&kikanKbn=5", "url2": "aidrug.jp", "内容": "すずらん薬局丸子店【5:薬局】静岡県静岡市駿河区丸子芹が谷町３－１２" }, "geometry": { "type": "Point", "coordinates": [ 138.349373, 34.943066 ] } },
{ "type": "Feature", "properties": { "ID": "2257220807330", "正式名称": "さとう薬局", "機関区分": 5, "都道府県コード": 22, "市区町村コード": 101, "所在地": "静岡県静岡市葵区有永町２３ー２３", "緯度": 35.031565, "経度": 138.391904, "url": "https://www.iryou.teikyouseido.mhlw.go.jp/znk-web/juminkanja/S2430/initialize?prefCd=22&kikanCd=7220807330&kikanKbn=5", "url2": null, "内容": "さとう薬局【5:薬局】静岡県静岡市葵区有永町２３ー２３" }, "geometry": { "type": "Point", "coordinates": [ 138.391904, 35.031565 ] } },
{ "type": "Feature", "properties": { "ID": "2257220807340", "正式名称": "やまぶん薬局やじきた店", "機関区分": 5, "都道府県コード": 22, "市区町村コード": 101, "所在地": "静岡県静岡市葵区梅屋町５－１", "緯度": 34.972116, "経度": 138.377701, "url": "https://www.iryou.teikyouseido.mhlw.go.jp/znk-web/juminkanja/S2430/initialize?prefCd=22&kikanCd=7220807340&kikanKbn=5", "url2": "http://www.mediesta.co.jp/", "内容": "やまぶん薬局やじきた店【5:薬局】静岡県静岡市葵区梅屋町５－１" }, "geometry": { "type": "Point", "coordinates": [ 138.377701, 34.972116 ] } },
{ "type": "Feature", "properties": { "ID": "2257220807360", "正式名称": "株式会社石川屋薬局", "機関区分": 5, "都道府県コード": 22, "市区町村コード": 101, "所在地": "静岡県静岡市葵区常磐町二丁目５－２", "緯度": 34.970885, "経度": 138.381853, "url": "https://www.iryou.teikyouseido.mhlw.go.jp/znk-web/juminkanja/S2430/initialize?prefCd=22&kikanCd=7220807360&kikanKbn=5", "url2": null, "内容": "株式会社石川屋薬局【5:薬局】静岡県静岡市葵区常磐町二丁目５－２" }, "geometry": { "type": "Point", "coordinates": [ 138.381853, 34.970885 ] } },
{ "type": "Feature", "properties": { "ID": "2257220807370", "正式名称": "清水センター薬局　緑が丘店", "機関区分": 5, "都道府県コード": 22, "市区町村コード": 103, "所在地": "静岡県静岡市清水区緑が丘町１２－３５", "緯度": 34.993579, "経度": 138.485519, "url": "https://www.iryou.teikyouseido.mhlw.go.jp/znk-web/juminkanja/S2430/initialize?prefCd=22&kikanCd=7220807370&kikanKbn=5", "url2": "greenpalu.com", "内容": "清水センター薬局　緑が丘店【5:薬局】静岡県静岡市清水区緑が丘町１２－３５" }, "geometry": { "type": "Point", "coordinates": [ 138.485519, 34.993579 ] } },
{ "type": "Feature", "properties": { "ID": "2257220807380", "正式名称": "ふれあい薬局　堂林店", "機関区分": 5, "都道府県コード": 22, "市区町村コード": 103, "所在地": "静岡県静岡市清水区堂林２－１４－１０", "緯度": 35.005344, "経度": 138.475773, "url": "https://www.iryou.teikyouseido.mhlw.go.jp/znk-web/juminkanja/S2430/initialize?prefCd=22&kikanCd=7220807380&kikanKbn=5", "url2": null, "内容": "ふれあい薬局　堂林店【5:薬局】静岡県静岡市清水区堂林２－１４－１０" }, "geometry": { "type": "Point", "coordinates": [ 138.475773, 35.005344 ] } },
{ "type": "Feature", "properties": { "ID": "2257220807400", "正式名称": "ふれあい薬局　西脇店", "機関区分": 5, "都道府県コード": 22, "市区町村コード": 102, "所在地": "静岡県静岡市駿河区西脇３８－１", "緯度": 34.950233, "経度": 138.427206, "url": "https://www.iryou.teikyouseido.mhlw.go.jp/znk-web/juminkanja/S2430/initialize?prefCd=22&kikanCd=7220807400&kikanKbn=5", "url2": null, "内容": "ふれあい薬局　西脇店【5:薬局】静岡県静岡市駿河区西脇３８－１" }, "geometry": { "type": "Point", "coordinates": [ 138.427206, 34.950233 ] } },
{ "type": "Feature", "properties": { "ID": "2257220807410", "正式名称": "うさぎ薬局　宮本町店", "機関区分": 5, "都道府県コード": 22, "市区町村コード": 102, "所在地": "静岡県静岡市駿河区宮本町１０－１８ＴＨＥ　ＬＡＢＯ　１Ｆ", "緯度": 34.963283, "経度": 138.384553, "url": "https://www.iryou.teikyouseido.mhlw.go.jp/znk-web/juminkanja/S2430/initialize?prefCd=22&kikanCd=7220807410&kikanKbn=5", "url2": "http://usagipharmacy.com/info-pharmacy/8422/", "内容": "うさぎ薬局　宮本町店【5:薬局】静岡県静岡市駿河区宮本町１０－１８ＴＨＥ　ＬＡＢＯ　１Ｆ" }, "geometry": { "type": "Point", "coordinates": [ 138.384553, 34.963283 ] } },
{ "type": "Feature", "properties": { "ID": "2257220807420", "正式名称": "あおいのもり薬局", "機関区分": 5, "都道府県コード": 22, "市区町村コード": 101, "所在地": "静岡県静岡市葵区柳町１９３－１", "緯度": 34.979414, "経度": 138.363455, "url": "https://www.iryou.teikyouseido.mhlw.go.jp/znk-web/juminkanja/S2430/initialize?prefCd=22&kikanCd=7220807420&kikanKbn=5", "url2": "https://suzuchou1.web.fc2.com/tenpo.html", "内容": "あおいのもり薬局【5:薬局】静岡県静岡市葵区柳町１９３－１" }, "geometry": { "type": "Point", "coordinates": [ 138.363455, 34.979414 ] } },
{ "type": "Feature", "properties": { "ID": "2257220807430", "正式名称": "アイン薬局清水袖師店", "機関区分": 5, "都道府県コード": 22, "市区町村コード": 103, "所在地": "静岡県静岡市清水区袖師町１５７５－７５", "緯度": 35.023975, "経度": 138.490089, "url": "https://www.iryou.teikyouseido.mhlw.go.jp/znk-web/juminkanja/S2430/initialize?prefCd=22&kikanCd=7220807430&kikanKbn=5", "url2": "https://www.ainj.co.jp/", "内容": "アイン薬局清水袖師店【5:薬局】静岡県静岡市清水区袖師町１５７５－７５" }, "geometry": { "type": "Point", "coordinates": [ 138.490089, 35.023975 ] } },
{ "type": "Feature", "properties": { "ID": "2257220807440", "正式名称": "ウエルシア薬局静岡下川原西店", "機関区分": 5, "都道府県コード": 22, "市区町村コード": 102, "所在地": "静岡県静岡市駿河区下川原３－１４－６", "緯度": 34.937431, "経度": 138.373589, "url": "https://www.iryou.teikyouseido.mhlw.go.jp/znk-web/juminkanja/S2430/initialize?prefCd=22&kikanCd=7220807440&kikanKbn=5", "url2": "https://store.welcia.co.jp/welcia/spot/detail?code=7368D", "内容": "ウエルシア薬局静岡下川原西店【5:薬局】静岡県静岡市駿河区下川原３－１４－６" }, "geometry": { "type": "Point", "coordinates": [ 138.373589, 34.937431 ] } },
{ "type": "Feature", "properties": { "ID": "2257220807450", "正式名称": "有限会社メデオール木の下町薬局", "機関区分": 5, "都道府県コード": 22, "市区町村コード": 103, "所在地": "静岡県静岡市清水区船越東町２１３－４", "緯度": 35.004083, "経度": 138.472323, "url": "https://www.iryou.teikyouseido.mhlw.go.jp/znk-web/juminkanja/S2430/initialize?prefCd=22&kikanCd=7220807450&kikanKbn=5", "url2": null, "内容": "有限会社メデオール木の下町薬局【5:薬局】静岡県静岡市清水区船越東町２１３－４" }, "geometry": { "type": "Point", "coordinates": [ 138.472323, 35.004083 ] } },
{ "type": "Feature", "properties": { "ID": "2257220807460", "正式名称": "日本調剤株式会社　日本調剤清水薬局", "機関区分": 5, "都道府県コード": 22, "市区町村コード": 103, "所在地": "静岡県静岡市清水区袖師町１５７５番８２", "緯度": 35.026028, "経度": 138.489814, "url": "https://www.iryou.teikyouseido.mhlw.go.jp/znk-web/juminkanja/S2430/initialize?prefCd=22&kikanCd=7220807460&kikanKbn=5", "url2": null, "内容": "日本調剤株式会社　日本調剤清水薬局【5:薬局】静岡県静岡市清水区袖師町１５７５番８２" }, "geometry": { "type": "Point", "coordinates": [ 138.489814, 35.026028 ] } },
{ "type": "Feature", "properties": { "ID": "2257220807470", "正式名称": "クリエイト薬局清水緑が丘店", "機関区分": 5, "都道府県コード": 22, "市区町村コード": 103, "所在地": "静岡県静岡市清水区緑が丘町１９－１", "緯度": 34.992778, "経度": 138.484704, "url": "https://www.iryou.teikyouseido.mhlw.go.jp/znk-web/juminkanja/S2430/initialize?prefCd=22&kikanCd=7220807470&kikanKbn=5", "url2": "https://www.create-sd.co.jp/", "内容": "クリエイト薬局清水緑が丘店【5:薬局】静岡県静岡市清水区緑が丘町１９－１" }, "geometry": { "type": "Point", "coordinates": [ 138.484704, 34.992778 ] } },
{ "type": "Feature", "properties": { "ID": "2257220807480", "正式名称": "アイセイ薬局清水富士見店", "機関区分": 5, "都道府県コード": 22, "市区町村コード": 103, "所在地": "静岡県静岡市清水区富士見町８－１６", "緯度": 35.010857, "経度": 138.489583, "url": "https://www.iryou.teikyouseido.mhlw.go.jp/znk-web/juminkanja/S2430/initialize?prefCd=22&kikanCd=7220807480&kikanKbn=5", "url2": "https://www.aisei.co.jp/store/s-shizuoka/s-shizuoka-shizuoka/0063/", "内容": "アイセイ薬局清水富士見店【5:薬局】静岡県静岡市清水区富士見町８－１６" }, "geometry": { "type": "Point", "coordinates": [ 138.489583, 35.010857 ] } },
{ "type": "Feature", "properties": { "ID": "2257220807490", "正式名称": "つばさ薬局登呂店", "機関区分": 5, "都道府県コード": 22, "市区町村コード": 102, "所在地": "静岡県静岡市駿河区登呂２丁目１０－１３", "緯度": 34.95822, "経度": 138.41367, "url": "https://www.iryou.teikyouseido.mhlw.go.jp/znk-web/juminkanja/S2430/initialize?prefCd=22&kikanCd=7220807490&kikanKbn=5", "url2": "https://www.ars-group.jp/", "内容": "つばさ薬局登呂店【5:薬局】静岡県静岡市駿河区登呂２丁目１０－１３" }, "geometry": { "type": "Point", "coordinates": [ 138.41367, 34.95822 ] } },
{ "type": "Feature", "properties": { "ID": "2257220807500", "正式名称": "とまと薬局　瀬名店", "機関区分": 5, "都道府県コード": 22, "市区町村コード": 101, "所在地": "静岡県静岡市葵区瀬名１丁目５－４０", "緯度": 35.012714, "経度": 138.419064, "url": "https://www.iryou.teikyouseido.mhlw.go.jp/znk-web/juminkanja/S2430/initialize?prefCd=22&kikanCd=7220807500&kikanKbn=5", "url2": "http://www.tomato-ph.com", "内容": "とまと薬局　瀬名店【5:薬局】静岡県静岡市葵区瀬名１丁目５－４０" }, "geometry": { "type": "Point", "coordinates": [ 138.419064, 35.012714 ] } },
{ "type": "Feature", "properties": { "ID": "2257220807510", "正式名称": "たんぽぽ薬局　下川原店", "機関区分": 5, "都道府県コード": 22, "市区町村コード": 102, "所在地": "静岡県静岡市駿河区下川原南１５番２号", "緯度": 34.931797, "経度": 138.382925, "url": "https://www.iryou.teikyouseido.mhlw.go.jp/znk-web/juminkanja/S2430/initialize?prefCd=22&kikanCd=7220807510&kikanKbn=5", "url2": null, "内容": "たんぽぽ薬局　下川原店【5:薬局】静岡県静岡市駿河区下川原南１５番２号" }, "geometry": { "type": "Point", "coordinates": [ 138.382925, 34.931797 ] } },
{ "type": "Feature", "properties": { "ID": "2257220807530", "正式名称": "しみず日立調剤薬局", "機関区分": 5, "都道府県コード": 22, "市区町村コード": 103, "所在地": "静岡県静岡市清水区日立町４－３", "緯度": 34.994902, "経度": 138.486525, "url": "https://www.iryou.teikyouseido.mhlw.go.jp/znk-web/juminkanja/S2430/initialize?prefCd=22&kikanCd=7220807530&kikanKbn=5", "url2": null, "内容": "しみず日立調剤薬局【5:薬局】静岡県静岡市清水区日立町４－３" }, "geometry": { "type": "Point", "coordinates": [ 138.486525, 34.994902 ] } },
{ "type": "Feature", "properties": { "ID": "2257220807540", "正式名称": "Ｋ薬局", "機関区分": 5, "都道府県コード": 22, "市区町村コード": 103, "所在地": "静岡県静岡市清水区草薙", "緯度": 35.000241, "経度": 138.442852, "url": "https://www.iryou.teikyouseido.mhlw.go.jp/znk-web/juminkanja/S2430/initialize?prefCd=22&kikanCd=7220807540&kikanKbn=5", "url2": null, "内容": "Ｋ薬局【5:薬局】静岡県静岡市清水区草薙" }, "geometry": { "type": "Point", "coordinates": [ 138.442852, 35.000241 ] } },
{ "type": "Feature", "properties": { "ID": "2257220807550", "正式名称": "石川薬局中之郷店", "機関区分": 5, "都道府県コード": 22, "市区町村コード": 103, "所在地": "静岡県静岡市清水区中之郷１ー１２ー２９", "緯度": 34.999719, "経度": 138.441962, "url": "https://www.iryou.teikyouseido.mhlw.go.jp/znk-web/juminkanja/S2430/initialize?prefCd=22&kikanCd=7220807550&kikanKbn=5", "url2": "https://www.zefirusu.com/", "内容": "石川薬局中之郷店【5:薬局】静岡県静岡市清水区中之郷１ー１２ー２９" }, "geometry": { "type": "Point", "coordinates": [ 138.441962, 34.999719 ] } },
{ "type": "Feature", "properties": { "ID": "2257220807560", "正式名称": "漢方みず堂　杏林堂薬局　静岡小鹿店", "機関区分": 5, "都道府県コード": 22, "市区町村コード": 102, "所在地": "静岡県静岡市駿河区小鹿２２８－１", "緯度": 34.970415, "経度": 138.42206, "url": "https://www.iryou.teikyouseido.mhlw.go.jp/znk-web/juminkanja/S2430/initialize?prefCd=22&kikanCd=7220807560&kikanKbn=5", "url2": "https://www.mizdo.com/", "内容": "漢方みず堂　杏林堂薬局　静岡小鹿店【5:薬局】静岡県静岡市駿河区小鹿２２８－１" }, "geometry": { "type": "Point", "coordinates": [ 138.42206, 34.970415 ] } },
{ "type": "Feature", "properties": { "ID": "2257220807570", "正式名称": "杏林堂薬局静岡草薙店", "機関区分": 5, "都道府県コード": 22, "市区町村コード": 102, "所在地": "静岡県静岡市駿河区中吉田１５－６", "緯度": 35.000176, "経度": 138.435063, "url": "https://www.iryou.teikyouseido.mhlw.go.jp/znk-web/juminkanja/S2430/initialize?prefCd=22&kikanCd=7220807570&kikanKbn=5", "url2": null, "内容": "杏林堂薬局静岡草薙店【5:薬局】静岡県静岡市駿河区中吉田１５－６" }, "geometry": { "type": "Point", "coordinates": [ 138.435063, 35.000176 ] } },
{ "type": "Feature", "properties": { "ID": "2257220807580", "正式名称": "すずらん薬局川合店", "機関区分": 5, "都道府県コード": 22, "市区町村コード": 101, "所在地": "静岡県静岡市葵区川合２丁目８－１８", "緯度": 35.00264, "経度": 138.418765, "url": "https://www.iryou.teikyouseido.mhlw.go.jp/znk-web/juminkanja/S2430/initialize?prefCd=22&kikanCd=7220807580&kikanKbn=5", "url2": "https://www.aidrug.jp/", "内容": "すずらん薬局川合店【5:薬局】静岡県静岡市葵区川合２丁目８－１８" }, "geometry": { "type": "Point", "coordinates": [ 138.418765, 35.00264 ] } },
{ "type": "Feature", "properties": { "ID": "2257220807590", "正式名称": "株式会社リンクス　さくら薬局", "機関区分": 5, "都道府県コード": 22, "市区町村コード": 102, "所在地": "静岡県静岡市駿河区豊田１－７－２７", "緯度": 34.969575, "経度": 138.409522, "url": "https://www.iryou.teikyouseido.mhlw.go.jp/znk-web/juminkanja/S2430/initialize?prefCd=22&kikanCd=7220807590&kikanKbn=5", "url2": null, "内容": "株式会社リンクス　さくら薬局【5:薬局】静岡県静岡市駿河区豊田１－７－２７" }, "geometry": { "type": "Point", "coordinates": [ 138.409522, 34.969575 ] } },
{ "type": "Feature", "properties": { "ID": "2257220807600", "正式名称": "とうかい薬局二号店", "機関区分": 5, "都道府県コード": 22, "市区町村コード": 101, "所在地": "静岡県静岡市葵区上足洗４－１－５", "緯度": 34.991025, "経度": 138.396261, "url": "https://www.iryou.teikyouseido.mhlw.go.jp/znk-web/juminkanja/S2430/initialize?prefCd=22&kikanCd=7220807600&kikanKbn=5", "url2": null, "内容": "とうかい薬局二号店【5:薬局】静岡県静岡市葵区上足洗４－１－５" }, "geometry": { "type": "Point", "coordinates": [ 138.396261, 34.991025 ] } },
{ "type": "Feature", "properties": { "ID": "2257220807610", "正式名称": "ＯＡＫ薬局", "機関区分": 5, "都道府県コード": 22, "市区町村コード": 101, "所在地": "静岡県静岡市葵区本通９－２１－２", "緯度": 34.968221, "経度": 138.373366, "url": "https://www.iryou.teikyouseido.mhlw.go.jp/znk-web/juminkanja/S2430/initialize?prefCd=22&kikanCd=7220807610&kikanKbn=5", "url2": "https://oakpharmacy20.wixsite.com/7111/", "内容": "ＯＡＫ薬局【5:薬局】静岡県静岡市葵区本通９－２１－２" }, "geometry": { "type": "Point", "coordinates": [ 138.373366, 34.968221 ] } },
{ "type": "Feature", "properties": { "ID": "2257220807620", "正式名称": "エンゼル薬局", "機関区分": 5, "都道府県コード": 22, "市区町村コード": 101, "所在地": "静岡県静岡市葵区沓谷５－４－１３", "緯度": 34.995177, "経度": 138.407949, "url": "https://www.iryou.teikyouseido.mhlw.go.jp/znk-web/juminkanja/S2430/initialize?prefCd=22&kikanCd=7220807620&kikanKbn=5", "url2": null, "内容": "エンゼル薬局【5:薬局】静岡県静岡市葵区沓谷５－４－１３" }, "geometry": { "type": "Point", "coordinates": [ 138.407949, 34.995177 ] } },
{ "type": "Feature", "properties": { "ID": "2257220807630", "正式名称": "鷹匠薬局公園店", "機関区分": 5, "都道府県コード": 22, "市区町村コード": 101, "所在地": "静岡県静岡市葵区東鷹匠町５－１", "緯度": 34.980709, "経度": 138.391024, "url": "https://www.iryou.teikyouseido.mhlw.go.jp/znk-web/juminkanja/S2430/initialize?prefCd=22&kikanCd=7220807630&kikanKbn=5", "url2": null, "内容": "鷹匠薬局公園店【5:薬局】静岡県静岡市葵区東鷹匠町５－１" }, "geometry": { "type": "Point", "coordinates": [ 138.391024, 34.980709 ] } },
{ "type": "Feature", "properties": { "ID": "2257220807640", "正式名称": "フレンド薬局", "機関区分": 5, "都道府県コード": 22, "市区町村コード": 101, "所在地": "静岡県静岡市葵区安倍口新田２５７番地の７", "緯度": 35.016856, "経度": 138.358239, "url": "https://www.iryou.teikyouseido.mhlw.go.jp/znk-web/juminkanja/S2430/initialize?prefCd=22&kikanCd=7220807640&kikanKbn=5", "url2": "https://friend-ph.co.jp", "内容": "フレンド薬局【5:薬局】静岡県静岡市葵区安倍口新田２５７番地の７" }, "geometry": { "type": "Point", "coordinates": [ 138.358239, 35.016856 ] } },
{ "type": "Feature", "properties": { "ID": "2257220807650", "正式名称": "ふたば薬局", "機関区分": 5, "都道府県コード": 22, "市区町村コード": 103, "所在地": "静岡県静岡市清水区追分２－８－５", "緯度": 35.012842, "経度": 138.475341, "url": "https://www.iryou.teikyouseido.mhlw.go.jp/znk-web/juminkanja/S2430/initialize?prefCd=22&kikanCd=7220807650&kikanKbn=5", "url2": "https://kenko-dai1.jp", "内容": "ふたば薬局【5:薬局】静岡県静岡市清水区追分２－８－５" }, "geometry": { "type": "Point", "coordinates": [ 138.475341, 35.012842 ] } },
{ "type": "Feature", "properties": { "ID": "2257220807660", "正式名称": "見瀬薬局", "機関区分": 5, "都道府県コード": 22, "市区町村コード": 102, "所在地": "静岡県静岡市駿河区見瀬２１８", "緯度": 34.956978, "経度": 138.391053, "url": "https://www.iryou.teikyouseido.mhlw.go.jp/znk-web/juminkanja/S2430/initialize?prefCd=22&kikanCd=7220807660&kikanKbn=5", "url2": "https://www.kusanagipharmacy.co.jp/", "内容": "見瀬薬局【5:薬局】静岡県静岡市駿河区見瀬２１８" }, "geometry": { "type": "Point", "coordinates": [ 138.391053, 34.956978 ] } },
{ "type": "Feature", "properties": { "ID": "2257220807670", "正式名称": "つるカメ薬局　由比店", "機関区分": 5, "都道府県コード": 22, "市区町村コード": 103, "所在地": "静岡県静岡市清水区由比７５０", "緯度": 35.110514, "経度": 138.56931, "url": "https://www.iryou.teikyouseido.mhlw.go.jp/znk-web/juminkanja/S2430/initialize?prefCd=22&kikanCd=7220807670&kikanKbn=5", "url2": "https://tsurukamepharma.wixsite.com/mysite", "内容": "つるカメ薬局　由比店【5:薬局】静岡県静岡市清水区由比７５０" }, "geometry": { "type": "Point", "coordinates": [ 138.56931, 35.110514 ] } },
{ "type": "Feature", "properties": { "ID": "2257220807680", "正式名称": "イオン薬局静岡店", "機関区分": 5, "都道府県コード": 22, "市区町村コード": 102, "所在地": "静岡県静岡市駿河区石田一丁目５番地１", "緯度": 34.95947, "経度": 138.401625, "url": "https://www.iryou.teikyouseido.mhlw.go.jp/znk-web/juminkanja/S2430/initialize?prefCd=22&kikanCd=7220807680&kikanKbn=5", "url2": "https://www.aeonretail.jp/syohousen/", "内容": "イオン薬局静岡店【5:薬局】静岡県静岡市駿河区石田一丁目５番地１" }, "geometry": { "type": "Point", "coordinates": [ 138.401625, 34.95947 ] } },
{ "type": "Feature", "properties": { "ID": "2257220807690", "正式名称": "レイズ薬局清水店", "機関区分": 5, "都道府県コード": 22, "市区町村コード": 103, "所在地": "静岡県静岡市清水区大手３丁目３－２１－２", "緯度": 35.029119, "経度": 138.482382, "url": "https://www.iryou.teikyouseido.mhlw.go.jp/znk-web/juminkanja/S2430/initialize?prefCd=22&kikanCd=7220807690&kikanKbn=5", "url2": null, "内容": "レイズ薬局清水店【5:薬局】静岡県静岡市清水区大手３丁目３－２１－２" }, "geometry": { "type": "Point", "coordinates": [ 138.482382, 35.029119 ] } },
{ "type": "Feature", "properties": { "ID": "2257220900010", "正式名称": "あい薬局向宿店", "機関区分": 5, "都道府県コード": 22, "市区町村コード": 138, "所在地": "静岡県浜松市中央区向宿", "緯度": 34.705737, "経度": 137.754086, "url": "https://www.iryou.teikyouseido.mhlw.go.jp/znk-web/juminkanja/S2430/initialize?prefCd=22&kikanCd=7220900010&kikanKbn=5", "url2": null, "内容": "あい薬局向宿店【5:薬局】静岡県浜松市中央区向宿" }, "geometry": { "type": "Point", "coordinates": [ 137.754086, 34.705737 ] } },
{ "type": "Feature", "properties": { "ID": "2257220900030", "正式名称": "アイリス薬局", "機関区分": 5, "都道府県コード": 22, "市区町村コード": 138, "所在地": "静岡県浜松市中央区西伊場町", "緯度": 34.699209, "経度": 137.701396, "url": "https://www.iryou.teikyouseido.mhlw.go.jp/znk-web/juminkanja/S2430/initialize?prefCd=22&kikanCd=7220900030&kikanKbn=5", "url2": "http://www.aoigroup.jp/", "内容": "アイリス薬局【5:薬局】静岡県浜松市中央区西伊場町" }, "geometry": { "type": "Point", "coordinates": [ 137.701396, 34.699209 ] } },
{ "type": "Feature", "properties": { "ID": "2257220900100", "正式名称": "渥美薬局", "機関区分": 5, "都道府県コード": 22, "市区町村コード": 138, "所在地": "静岡県浜松市中央区池町２２２－２１", "緯度": 34.708872, "経度": 137.729052, "url": "https://www.iryou.teikyouseido.mhlw.go.jp/znk-web/juminkanja/S2430/initialize?prefCd=22&kikanCd=7220900100&kikanKbn=5", "url2": "https://atsumi-yakkyoku.jp", "内容": "渥美薬局【5:薬局】静岡県浜松市中央区池町２２２－２１" }, "geometry": { "type": "Point", "coordinates": [ 137.729052, 34.708872 ] } },
{ "type": "Feature", "properties": { "ID": "2257220900140", "正式名称": "いなば薬局", "機関区分": 5, "都道府県コード": 22, "市区町村コード": 138, "所在地": "静岡県浜松市中央区上島６－３０－７", "緯度": 34.745232, "経度": 137.73778, "url": "https://www.iryou.teikyouseido.mhlw.go.jp/znk-web/juminkanja/S2430/initialize?prefCd=22&kikanCd=7220900140&kikanKbn=5", "url2": "https://www.inaba-pharmacy.com/", "内容": "いなば薬局【5:薬局】静岡県浜松市中央区上島６－３０－７" }, "geometry": { "type": "Point", "coordinates": [ 137.73778, 34.745232 ] } },
{ "type": "Feature", "properties": { "ID": "2257220900150", "正式名称": "えびつか薬局", "機関区分": 5, "都道府県コード": 22, "市区町村コード": 138, "所在地": "静岡県浜松市中央区海老塚２－１７－１７", "緯度": 34.697713, "経度": 137.730915, "url": "https://www.iryou.teikyouseido.mhlw.go.jp/znk-web/juminkanja/S2430/initialize?prefCd=22&kikanCd=7220900150&kikanKbn=5", "url2": "http://www.pharumamate.com", "内容": "えびつか薬局【5:薬局】静岡県浜松市中央区海老塚２－１７－１７" }, "geometry": { "type": "Point", "coordinates": [ 137.730915, 34.697713 ] } },
{ "type": "Feature", "properties": { "ID": "2257220900180", "正式名称": "オレンジ薬局", "機関区分": 5, "都道府県コード": 22, "市区町村コード": 138, "所在地": "静岡県浜松市中央区茄子町３５４－２０", "緯度": 34.720191, "経度": 137.751535, "url": "https://www.iryou.teikyouseido.mhlw.go.jp/znk-web/juminkanja/S2430/initialize?prefCd=22&kikanCd=7220900180&kikanKbn=5", "url2": null, "内容": "オレンジ薬局【5:薬局】静岡県浜松市中央区茄子町３５４－２０" }, "geometry": { "type": "Point", "coordinates": [ 137.751535, 34.720191 ] } },
{ "type": "Feature", "properties": { "ID": "2257220900230", "正式名称": "きたてら薬局", "機関区分": 5, "都道府県コード": 22, "市区町村コード": 138, "所在地": "静岡県浜松市中央区北寺島町２０９－１０－１０１", "緯度": 34.703265, "経度": 137.742781, "url": "https://www.iryou.teikyouseido.mhlw.go.jp/znk-web/juminkanja/S2430/initialize?prefCd=22&kikanCd=7220900230&kikanKbn=5", "url2": "http://kitatera.pharmacy.sc", "内容": "きたてら薬局【5:薬局】静岡県浜松市中央区北寺島町２０９－１０－１０１" }, "geometry": { "type": "Point", "coordinates": [ 137.742781, 34.703265 ] } },
{ "type": "Feature", "properties": { "ID": "2257220900240", "正式名称": "杏林堂薬局エキマチ店", "機関区分": 5, "都道府県コード": 22, "市区町村コード": 138, "所在地": "静岡県浜松市中央区砂山町６－２", "緯度": 34.70382, "経度": 137.735088, "url": "https://www.iryou.teikyouseido.mhlw.go.jp/znk-web/juminkanja/S2430/initialize?prefCd=22&kikanCd=7220900240&kikanKbn=5", "url2": "https://www.kyorindo.co.jp", "内容": "杏林堂薬局エキマチ店【5:薬局】静岡県浜松市中央区砂山町６－２" }, "geometry": { "type": "Point", "coordinates": [ 137.735088, 34.70382 ] } },
{ "type": "Feature", "properties": { "ID": "2257220900260", "正式名称": "杏林堂薬局聖隷住吉病院前店", "機関区分": 5, "都道府県コード": 22, "市区町村コード": 138, "所在地": "静岡県浜松市中央区住吉１－２６－１１", "緯度": 34.730595, "経度": 137.724143, "url": "https://www.iryou.teikyouseido.mhlw.go.jp/znk-web/juminkanja/S2430/initialize?prefCd=22&kikanCd=7220900260&kikanKbn=5", "url2": "http://www.kyorindo.co.jp", "内容": "杏林堂薬局聖隷住吉病院前店【5:薬局】静岡県浜松市中央区住吉１－２６－１１" }, "geometry": { "type": "Point", "coordinates": [ 137.724143, 34.730595 ] } },
{ "type": "Feature", "properties": { "ID": "2257220900270", "正式名称": "杏林堂薬局富塚店", "機関区分": 5, "都道府県コード": 22, "市区町村コード": 138, "所在地": "静岡県浜松市中央区富塚町４５０－１", "緯度": 34.720568, "経度": 137.70159, "url": "https://www.iryou.teikyouseido.mhlw.go.jp/znk-web/juminkanja/S2430/initialize?prefCd=22&kikanCd=7220900270&kikanKbn=5", "url2": "http://www.kyorindo.co.jp", "内容": "杏林堂薬局富塚店【5:薬局】静岡県浜松市中央区富塚町４５０－１" }, "geometry": { "type": "Point", "coordinates": [ 137.70159, 34.720568 ] } },
{ "type": "Feature", "properties": { "ID": "2257220900280", "正式名称": "杏林堂薬局西伊場店", "機関区分": 5, "都道府県コード": 22, "市区町村コード": 138, "所在地": "静岡県浜松市中央区西伊場町", "緯度": 34.697487, "経度": 137.700369, "url": "https://www.iryou.teikyouseido.mhlw.go.jp/znk-web/juminkanja/S2430/initialize?prefCd=22&kikanCd=7220900280&kikanKbn=5", "url2": "http://www.kyorindo.co.jp", "内容": "杏林堂薬局西伊場店【5:薬局】静岡県浜松市中央区西伊場町" }, "geometry": { "type": "Point", "coordinates": [ 137.700369, 34.697487 ] } },
{ "type": "Feature", "properties": { "ID": "2257220900290", "正式名称": "くまがい薬局", "機関区分": 5, "都道府県コード": 22, "市区町村コード": 138, "所在地": "静岡県浜松市中央区高丘北１－９－８", "緯度": 34.760661, "経度": 137.704012, "url": "https://www.iryou.teikyouseido.mhlw.go.jp/znk-web/juminkanja/S2430/initialize?prefCd=22&kikanCd=7220900290&kikanKbn=5", "url2": "https://www.kumagai-ph.com", "内容": "くまがい薬局【5:薬局】静岡県浜松市中央区高丘北１－９－８" }, "geometry": { "type": "Point", "coordinates": [ 137.704012, 34.760661 ] } },
{ "type": "Feature", "properties": { "ID": "2257220900300", "正式名称": "くまさん薬局", "機関区分": 5, "都道府県コード": 22, "市区町村コード": 138, "所在地": "静岡県浜松市中央区高丘東４－５－３７", "緯度": 34.757675, "経度": 137.708921, "url": "https://www.iryou.teikyouseido.mhlw.go.jp/znk-web/juminkanja/S2430/initialize?prefCd=22&kikanCd=7220900300&kikanKbn=5", "url2": "http://www.e-classa.net/kumasann/", "内容": "くまさん薬局【5:薬局】静岡県浜松市中央区高丘東４－５－３７" }, "geometry": { "type": "Point", "coordinates": [ 137.708921, 34.757675 ] } },
{ "type": "Feature", "properties": { "ID": "2257220900340", "正式名称": "木の香薬局蜆塚店", "機関区分": 5, "都道府県コード": 22, "市区町村コード": 138, "所在地": "静岡県浜松市中央区蜆塚４－１８－１４", "緯度": 34.711208, "経度": 137.704868, "url": "https://www.iryou.teikyouseido.mhlw.go.jp/znk-web/juminkanja/S2430/initialize?prefCd=22&kikanCd=7220900340&kikanKbn=5", "url2": null, "内容": "木の香薬局蜆塚店【5:薬局】静岡県浜松市中央区蜆塚４－１８－１４" }, "geometry": { "type": "Point", "coordinates": [ 137.704868, 34.711208 ] } },
{ "type": "Feature", "properties": { "ID": "2257220900360", "正式名称": "笹田薬局", "機関区分": 5, "都道府県コード": 22, "市区町村コード": 138, "所在地": "静岡県浜松市中央区富塚町２２０７－１", "緯度": 34.724762, "経度": 137.695562, "url": "https://www.iryou.teikyouseido.mhlw.go.jp/znk-web/juminkanja/S2430/initialize?prefCd=22&kikanCd=7220900360&kikanKbn=5", "url2": "http://sasadayakkyoku.com/", "内容": "笹田薬局【5:薬局】静岡県浜松市中央区富塚町２２０７－１" }, "geometry": { "type": "Point", "coordinates": [ 137.695562, 34.724762 ] } },
{ "type": "Feature", "properties": { "ID": "2257220900380", "正式名称": "しかたに薬局", "機関区分": 5, "都道府県コード": 22, "市区町村コード": 138, "所在地": "静岡県浜松市中央区鹿谷町３４－３０", "緯度": 34.716513, "経度": 137.720505, "url": "https://www.iryou.teikyouseido.mhlw.go.jp/znk-web/juminkanja/S2430/initialize?prefCd=22&kikanCd=7220900380&kikanKbn=5", "url2": null, "内容": "しかたに薬局【5:薬局】静岡県浜松市中央区鹿谷町３４－３０" }, "geometry": { "type": "Point", "coordinates": [ 137.720505, 34.716513 ] } },
{ "type": "Feature", "properties": { "ID": "2257220900390", "正式名称": "蜆塚薬局", "機関区分": 5, "都道府県コード": 22, "市区町村コード": 138, "所在地": "静岡県浜松市中央区蜆塚３－２－５", "緯度": 34.712347, "経度": 137.705673, "url": "https://www.iryou.teikyouseido.mhlw.go.jp/znk-web/juminkanja/S2430/initialize?prefCd=22&kikanCd=7220900390&kikanKbn=5", "url2": null, "内容": "蜆塚薬局【5:薬局】静岡県浜松市中央区蜆塚３－２－５" }, "geometry": { "type": "Point", "coordinates": [ 137.705673, 34.712347 ] } },
{ "type": "Feature", "properties": { "ID": "2257220900410", "正式名称": "品川薬局萩丘店", "機関区分": 5, "都道府県コード": 22, "市区町村コード": 138, "所在地": "静岡県浜松市中央区萩丘四丁目７番１８号", "緯度": 34.74651, "経度": 137.736086, "url": "https://www.iryou.teikyouseido.mhlw.go.jp/znk-web/juminkanja/S2430/initialize?prefCd=22&kikanCd=7220900410&kikanKbn=5", "url2": null, "内容": "品川薬局萩丘店【5:薬局】静岡県浜松市中央区萩丘四丁目７番１８号" }, "geometry": { "type": "Point", "coordinates": [ 137.736086, 34.74651 ] } },
{ "type": "Feature", "properties": { "ID": "2257220900460", "正式名称": "住吉グリーン薬局", "機関区分": 5, "都道府県コード": 22, "市区町村コード": 138, "所在地": "静岡県浜松市中央区住吉２－１２－１１", "緯度": 34.730123, "経度": 137.725143, "url": "https://www.iryou.teikyouseido.mhlw.go.jp/znk-web/juminkanja/S2430/initialize?prefCd=22&kikanCd=7220900460&kikanKbn=5", "url2": "http://greenyakkyoku.com/sumiyoshi.html", "内容": "住吉グリーン薬局【5:薬局】静岡県浜松市中央区住吉２－１２－１１" }, "geometry": { "type": "Point", "coordinates": [ 137.725143, 34.730123 ] } },
{ "type": "Feature", "properties": { "ID": "2257220900470", "正式名称": "野の花薬局", "機関区分": 5, "都道府県コード": 22, "市区町村コード": 138, "所在地": "静岡県浜松市中央区小豆餅１－１７－１２", "緯度": 34.753648, "経度": 137.723892, "url": "https://www.iryou.teikyouseido.mhlw.go.jp/znk-web/juminkanja/S2430/initialize?prefCd=22&kikanCd=7220900470&kikanKbn=5", "url2": "http://ebituka.co.jp/nonohana.htm", "内容": "野の花薬局【5:薬局】静岡県浜松市中央区小豆餅１－１７－１２" }, "geometry": { "type": "Point", "coordinates": [ 137.723892, 34.753648 ] } },
{ "type": "Feature", "properties": { "ID": "2257220900480", "正式名称": "そうで薬局", "機関区分": 5, "都道府県コード": 22, "市区町村コード": 138, "所在地": "静岡県浜松市中央区早出町２２２－１２", "緯度": 34.738595, "経度": 137.752807, "url": "https://www.iryou.teikyouseido.mhlw.go.jp/znk-web/juminkanja/S2430/initialize?prefCd=22&kikanCd=7220900480&kikanKbn=5", "url2": "https://soudeyakkyoku.com", "内容": "そうで薬局【5:薬局】静岡県浜松市中央区早出町２２２－１２" }, "geometry": { "type": "Point", "coordinates": [ 137.752807, 34.738595 ] } },
{ "type": "Feature", "properties": { "ID": "2257220900490", "正式名称": "第一すずき薬局", "機関区分": 5, "都道府県コード": 22, "市区町村コード": 138, "所在地": "静岡県浜松市中央区板屋町１１０－５", "緯度": 34.70632, "経度": 137.735254, "url": "https://www.iryou.teikyouseido.mhlw.go.jp/znk-web/juminkanja/S2430/initialize?prefCd=22&kikanCd=7220900490&kikanKbn=5", "url2": "https://www.ars-group.jp/", "内容": "第一すずき薬局【5:薬局】静岡県浜松市中央区板屋町１１０－５" }, "geometry": { "type": "Point", "coordinates": [ 137.735254, 34.70632 ] } },
{ "type": "Feature", "properties": { "ID": "2257220900500", "正式名称": "たかはし薬局", "機関区分": 5, "都道府県コード": 22, "市区町村コード": 138, "所在地": "静岡県浜松市中央区住吉二丁目３６番８号", "緯度": 34.733067, "経度": 137.722865, "url": "https://www.iryou.teikyouseido.mhlw.go.jp/znk-web/juminkanja/S2430/initialize?prefCd=22&kikanCd=7220900500&kikanKbn=5", "url2": "http://takahashi-pharmacy.wixsite.com/2121", "内容": "たかはし薬局【5:薬局】静岡県浜松市中央区住吉二丁目３６番８号" }, "geometry": { "type": "Point", "coordinates": [ 137.722865, 34.733067 ] } },
{ "type": "Feature", "properties": { "ID": "2257220900530", "正式名称": "トクダ薬局", "機関区分": 5, "都道府県コード": 22, "市区町村コード": 138, "所在地": "静岡県浜松市中央区西伊場町", "緯度": 34.701596, "経度": 137.711758, "url": "https://www.iryou.teikyouseido.mhlw.go.jp/znk-web/juminkanja/S2430/initialize?prefCd=22&kikanCd=7220900530&kikanKbn=5", "url2": "https://tokuda-ph.mystrikingly.com/", "内容": "トクダ薬局【5:薬局】静岡県浜松市中央区西伊場町" }, "geometry": { "type": "Point", "coordinates": [ 137.711758, 34.701596 ] } },
{ "type": "Feature", "properties": { "ID": "2257220900540", "正式名称": "ドレミ薬局", "機関区分": 5, "都道府県コード": 22, "市区町村コード": 138, "所在地": "静岡県浜松市中央区領家２丁目１－５", "緯度": 34.698794, "経度": 137.751117, "url": "https://www.iryou.teikyouseido.mhlw.go.jp/znk-web/juminkanja/S2430/initialize?prefCd=22&kikanCd=7220900540&kikanKbn=5", "url2": null, "内容": "ドレミ薬局【5:薬局】静岡県浜松市中央区領家２丁目１－５" }, "geometry": { "type": "Point", "coordinates": [ 137.751117, 34.698794 ] } },
{ "type": "Feature", "properties": { "ID": "2257220900560", "正式名称": "中野薬局", "機関区分": 5, "都道府県コード": 22, "市区町村コード": 138, "所在地": "静岡県浜松市中央区鴨江１―２８―３９", "緯度": 34.703959, "経度": 137.720867, "url": "https://www.iryou.teikyouseido.mhlw.go.jp/znk-web/juminkanja/S2430/initialize?prefCd=22&kikanCd=7220900560&kikanKbn=5", "url2": null, "内容": "中野薬局【5:薬局】静岡県浜松市中央区鴨江１―２８―３９" }, "geometry": { "type": "Point", "coordinates": [ 137.720867, 34.703959 ] } },
{ "type": "Feature", "properties": { "ID": "2257220900570", "正式名称": "ニコニコ堂薬局", "機関区分": 5, "都道府県コード": 22, "市区町村コード": 138, "所在地": "静岡県浜松市中央区布橋３－９－８", "緯度": 34.722078, "経度": 137.711583, "url": "https://www.iryou.teikyouseido.mhlw.go.jp/znk-web/juminkanja/S2430/initialize?prefCd=22&kikanCd=7220900570&kikanKbn=5", "url2": null, "内容": "ニコニコ堂薬局【5:薬局】静岡県浜松市中央区布橋３－９－８" }, "geometry": { "type": "Point", "coordinates": [ 137.711583, 34.722078 ] } },
{ "type": "Feature", "properties": { "ID": "2257220900590", "正式名称": "日本調剤住吉薬局", "機関区分": 5, "都道府県コード": 22, "市区町村コード": 138, "所在地": "静岡県浜松市中央区住吉", "緯度": 34.730845, "経度": 137.724365, "url": "https://www.iryou.teikyouseido.mhlw.go.jp/znk-web/juminkanja/S2430/initialize?prefCd=22&kikanCd=7220900590&kikanKbn=5", "url2": "http://www.nicho.co.jp/", "内容": "日本調剤住吉薬局【5:薬局】静岡県浜松市中央区住吉" }, "geometry": { "type": "Point", "coordinates": [ 137.724365, 34.730845 ] } },
{ "type": "Feature", "properties": { "ID": "2257220900630", "正式名称": "浜松センター薬局", "機関区分": 5, "都道府県コード": 22, "市区町村コード": 138, "所在地": "静岡県浜松市中央区富塚町３５１－２", "緯度": 34.716096, "経度": 137.702895, "url": "https://www.iryou.teikyouseido.mhlw.go.jp/znk-web/juminkanja/S2430/initialize?prefCd=22&kikanCd=7220900630&kikanKbn=5", "url2": null, "内容": "浜松センター薬局【5:薬局】静岡県浜松市中央区富塚町３５１－２" }, "geometry": { "type": "Point", "coordinates": [ 137.702895, 34.716096 ] } },
{ "type": "Feature", "properties": { "ID": "2257220900650", "正式名称": "ハママツ薬局", "機関区分": 5, "都道府県コード": 22, "市区町村コード": 138, "所在地": "静岡県浜松市中央区相生町１６－８", "緯度": 34.707931, "経度": 137.745031, "url": "https://www.iryou.teikyouseido.mhlw.go.jp/znk-web/juminkanja/S2430/initialize?prefCd=22&kikanCd=7220900650&kikanKbn=5", "url2": null, "内容": "ハママツ薬局【5:薬局】静岡県浜松市中央区相生町１６－８" }, "geometry": { "type": "Point", "coordinates": [ 137.745031, 34.707931 ] } },
{ "type": "Feature", "properties": { "ID": "2257220900660", "正式名称": "ハママツ薬局高丘店", "機関区分": 5, "都道府県コード": 22, "市区町村コード": 138, "所在地": "静岡県浜松市中央区高丘北３ー５ー２３", "緯度": 34.762924, "経度": 137.699171, "url": "https://www.iryou.teikyouseido.mhlw.go.jp/znk-web/juminkanja/S2430/initialize?prefCd=22&kikanCd=7220900660&kikanKbn=5", "url2": "https://yakkyokuhamamatsu.wixsite.com/website", "内容": "ハママツ薬局高丘店【5:薬局】静岡県浜松市中央区高丘北３ー５ー２３" }, "geometry": { "type": "Point", "coordinates": [ 137.699171, 34.762924 ] } },
{ "type": "Feature", "properties": { "ID": "2257220900700", "正式名称": "ハロー薬局　東田町店", "機関区分": 5, "都道府県コード": 22, "市区町村コード": 138, "所在地": "静岡県浜松市中央区中央一丁目１５－１", "緯度": 34.709625, "経度": 137.735115, "url": "https://www.iryou.teikyouseido.mhlw.go.jp/znk-web/juminkanja/S2430/initialize?prefCd=22&kikanCd=7220900700&kikanKbn=5", "url2": "http://www.hello-pharmacy.com", "内容": "ハロー薬局　東田町店【5:薬局】静岡県浜松市中央区中央一丁目１５－１" }, "geometry": { "type": "Point", "coordinates": [ 137.735115, 34.709625 ] } },
{ "type": "Feature", "properties": { "ID": "2257220900710", "正式名称": "ひかる薬局", "機関区分": 5, "都道府県コード": 22, "市区町村コード": 138, "所在地": "静岡県浜松市中央区助信町１９番８号", "緯度": 34.721086, "経度": 137.737064, "url": "https://www.iryou.teikyouseido.mhlw.go.jp/znk-web/juminkanja/S2430/initialize?prefCd=22&kikanCd=7220900710&kikanKbn=5", "url2": "https://www.hikaru-pharmacy-k.com/", "内容": "ひかる薬局【5:薬局】静岡県浜松市中央区助信町１９番８号" }, "geometry": { "type": "Point", "coordinates": [ 137.737064, 34.721086 ] } },
{ "type": "Feature", "properties": { "ID": "2257220900720", "正式名称": "曳馬ドラゴン薬局", "機関区分": 5, "都道府県コード": 22, "市区町村コード": 138, "所在地": "静岡県浜松市中央区曳馬", "緯度": 34.730734, "経度": 137.739586, "url": "https://www.iryou.teikyouseido.mhlw.go.jp/znk-web/juminkanja/S2430/initialize?prefCd=22&kikanCd=7220900720&kikanKbn=5", "url2": null, "内容": "曳馬ドラゴン薬局【5:薬局】静岡県浜松市中央区曳馬" }, "geometry": { "type": "Point", "coordinates": [ 137.739586, 34.730734 ] } },
{ "type": "Feature", "properties": { "ID": "2257220900730", "正式名称": "ひくま薬局", "機関区分": 5, "都道府県コード": 22, "市区町村コード": 138, "所在地": "静岡県浜松市中央区曳馬５－１７－８", "緯度": 34.73298, "経度": 137.736598, "url": "https://www.iryou.teikyouseido.mhlw.go.jp/znk-web/juminkanja/S2430/initialize?prefCd=22&kikanCd=7220900730&kikanKbn=5", "url2": "http://www.ebituka.co.jp/hikuma.htm", "内容": "ひくま薬局【5:薬局】静岡県浜松市中央区曳馬５－１７－８" }, "geometry": { "type": "Point", "coordinates": [ 137.736598, 34.73298 ] } },
{ "type": "Feature", "properties": { "ID": "2257220900770", "正式名称": "フタバ薬局", "機関区分": 5, "都道府県コード": 22, "市区町村コード": 138, "所在地": "静岡県浜松市中央区鍛冶町１００番地の１", "緯度": 34.70532, "経度": 137.730116, "url": "https://www.iryou.teikyouseido.mhlw.go.jp/znk-web/juminkanja/S2430/initialize?prefCd=22&kikanCd=7220900770&kikanKbn=5", "url2": "https://futaba-ph.com", "内容": "フタバ薬局【5:薬局】静岡県浜松市中央区鍛冶町１００番地の１" }, "geometry": { "type": "Point", "coordinates": [ 137.730116, 34.70532 ] } },
{ "type": "Feature", "properties": { "ID": "2257220900780", "正式名称": "峯雲堂薬局", "機関区分": 5, "都道府県コード": 22, "市区町村コード": 138, "所在地": "静岡県浜松市中央区砂山町", "緯度": 34.702959, "経度": 137.736032, "url": "https://www.iryou.teikyouseido.mhlw.go.jp/znk-web/juminkanja/S2430/initialize?prefCd=22&kikanCd=7220900780&kikanKbn=5", "url2": null, "内容": "峯雲堂薬局【5:薬局】静岡県浜松市中央区砂山町" }, "geometry": { "type": "Point", "coordinates": [ 137.736032, 34.702959 ] } },
{ "type": "Feature", "properties": { "ID": "2257220900840", "正式名称": "みずは薬局", "機関区分": 5, "都道府県コード": 22, "市区町村コード": 138, "所在地": "静岡県浜松市中央区早出町１６６０番地の２", "緯度": 34.723242, "経度": 137.750371, "url": "https://www.iryou.teikyouseido.mhlw.go.jp/znk-web/juminkanja/S2430/initialize?prefCd=22&kikanCd=7220900840&kikanKbn=5", "url2": "https://mizuhayakkyoku.amebaownd.com/", "内容": "みずは薬局【5:薬局】静岡県浜松市中央区早出町１６６０番地の２" }, "geometry": { "type": "Point", "coordinates": [ 137.750371, 34.723242 ] } },
{ "type": "Feature", "properties": { "ID": "2257220900860", "正式名称": "薬局ファーマシーコスギ", "機関区分": 5, "都道府県コード": 22, "市区町村コード": 138, "所在地": "静岡県浜松市中央区佐鳴台", "緯度": 34.704375, "経度": 137.69748, "url": "https://www.iryou.teikyouseido.mhlw.go.jp/znk-web/juminkanja/S2430/initialize?prefCd=22&kikanCd=7220900860&kikanKbn=5", "url2": null, "内容": "薬局ファーマシーコスギ【5:薬局】静岡県浜松市中央区佐鳴台" }, "geometry": { "type": "Point", "coordinates": [ 137.69748, 34.704375 ] } },
{ "type": "Feature", "properties": { "ID": "2257220900870", "正式名称": "薬局フォーリア野口店", "機関区分": 5, "都道府県コード": 22, "市区町村コード": 138, "所在地": "静岡県浜松市中央区野口町３５２", "緯度": 34.719513, "経度": 137.737642, "url": "https://www.iryou.teikyouseido.mhlw.go.jp/znk-web/juminkanja/S2430/initialize?prefCd=22&kikanCd=7220900870&kikanKbn=5", "url2": "https://www.folia.jp/stores/stores-215/", "内容": "薬局フォーリア野口店【5:薬局】静岡県浜松市中央区野口町３５２" }, "geometry": { "type": "Point", "coordinates": [ 137.737642, 34.719513 ] } },
{ "type": "Feature", "properties": { "ID": "2257220900880", "正式名称": "薬局フォーリア和合店", "機関区分": 5, "都道府県コード": 22, "市区町村コード": 138, "所在地": "静岡県浜松市中央区和合北", "緯度": 34.735733, "経度": 137.722309, "url": "https://www.iryou.teikyouseido.mhlw.go.jp/znk-web/juminkanja/S2430/initialize?prefCd=22&kikanCd=7220900880&kikanKbn=5", "url2": "http://folia.jp/", "内容": "薬局フォーリア和合店【5:薬局】静岡県浜松市中央区和合北" }, "geometry": { "type": "Point", "coordinates": [ 137.722309, 34.735733 ] } },
{ "type": "Feature", "properties": { "ID": "2257220900890", "正式名称": "薬局マツモトキヨシ　浜松中央店", "機関区分": 5, "都道府県コード": 22, "市区町村コード": 138, "所在地": "静岡県浜松市中央区中央１－１－１", "緯度": 34.71293, "経度": 137.734754, "url": "https://www.iryou.teikyouseido.mhlw.go.jp/znk-web/juminkanja/S2430/initialize?prefCd=22&kikanCd=7220900890&kikanKbn=5", "url2": null, "内容": "薬局マツモトキヨシ　浜松中央店【5:薬局】静岡県浜松市中央区中央１－１－１" }, "geometry": { "type": "Point", "coordinates": [ 137.734754, 34.71293 ] } },
{ "type": "Feature", "properties": { "ID": "2257220900920", "正式名称": "やまざき薬局浜松上島店", "機関区分": 5, "都道府県コード": 22, "市区町村コード": 138, "所在地": "静岡県浜松市中央区上島２丁目１１－１０", "緯度": 34.742066, "経度": 137.740669, "url": "https://www.iryou.teikyouseido.mhlw.go.jp/znk-web/juminkanja/S2430/initialize?prefCd=22&kikanCd=7220900920&kikanKbn=5", "url2": "http://yamazaki-f.akibare.ne.jp", "内容": "やまざき薬局浜松上島店【5:薬局】静岡県浜松市中央区上島２丁目１１－１０" }, "geometry": { "type": "Point", "coordinates": [ 137.740669, 34.742066 ] } },
{ "type": "Feature", "properties": { "ID": "2257220900930", "正式名称": "山田漢方堂薬局", "機関区分": 5, "都道府県コード": 22, "市区町村コード": 138, "所在地": "静岡県浜松市中央区池町２２１番地の３", "緯度": 34.709486, "経度": 137.72906, "url": "https://www.iryou.teikyouseido.mhlw.go.jp/znk-web/juminkanja/S2430/initialize?prefCd=22&kikanCd=7220900930&kikanKbn=5", "url2": null, "内容": "山田漢方堂薬局【5:薬局】静岡県浜松市中央区池町２２１番地の３" }, "geometry": { "type": "Point", "coordinates": [ 137.72906, 34.709486 ] } },
{ "type": "Feature", "properties": { "ID": "2257220900940", "正式名称": "有限会社カドヤ薬局", "機関区分": 5, "都道府県コード": 22, "市区町村コード": 138, "所在地": "静岡県浜松市中央区布橋２－１２－４６", "緯度": 34.719124, "経度": 137.717922, "url": "https://www.iryou.teikyouseido.mhlw.go.jp/znk-web/juminkanja/S2430/initialize?prefCd=22&kikanCd=7220900940&kikanKbn=5", "url2": "http://www.e-classa.net/kadoya/", "内容": "有限会社カドヤ薬局【5:薬局】静岡県浜松市中央区布橋２－１２－４６" }, "geometry": { "type": "Point", "coordinates": [ 137.717922, 34.719124 ] } },
{ "type": "Feature", "properties": { "ID": "2257220900950", "正式名称": "有限会社坂谷朝日堂薬局", "機関区分": 5, "都道府県コード": 22, "市区町村コード": 138, "所在地": "静岡県浜松市中央区佐藤３－８－１９", "緯度": 34.712431, "経度": 137.750836, "url": "https://www.iryou.teikyouseido.mhlw.go.jp/znk-web/juminkanja/S2430/initialize?prefCd=22&kikanCd=7220900950&kikanKbn=5", "url2": "http://www.sakatani-asahido.com/", "内容": "有限会社坂谷朝日堂薬局【5:薬局】静岡県浜松市中央区佐藤３－８－１９" }, "geometry": { "type": "Point", "coordinates": [ 137.750836, 34.712431 ] } },
{ "type": "Feature", "properties": { "ID": "2257220900980", "正式名称": "レモン薬局和合店", "機関区分": 5, "都道府県コード": 22, "市区町村コード": 138, "所在地": "静岡県浜松市中央区和合町２７ー１３　和合メディカルルビル１階", "緯度": 34.732345, "経度": 137.721532, "url": "https://www.iryou.teikyouseido.mhlw.go.jp/znk-web/juminkanja/S2430/initialize?prefCd=22&kikanCd=7220900980&kikanKbn=5", "url2": "http://www.lemon-ph.jp/store/lemon-wagou/", "内容": "レモン薬局和合店【5:薬局】静岡県浜松市中央区和合町２７ー１３　和合メディカルルビル１階" }, "geometry": { "type": "Point", "coordinates": [ 137.721532, 34.732345 ] } },
{ "type": "Feature", "properties": { "ID": "2257220900990", "正式名称": "あい薬局", "機関区分": 5, "都道府県コード": 22, "市区町村コード": 138, "所在地": "静岡県浜松市中央区丸塚町２６８－１", "緯度": 34.729818, "経度": 137.760112, "url": "https://www.iryou.teikyouseido.mhlw.go.jp/znk-web/juminkanja/S2430/initialize?prefCd=22&kikanCd=7220900990&kikanKbn=5", "url2": null, "内容": "あい薬局【5:薬局】静岡県浜松市中央区丸塚町２６８－１" }, "geometry": { "type": "Point", "coordinates": [ 137.760112, 34.729818 ] } },
{ "type": "Feature", "properties": { "ID": "2257220901030", "正式名称": "あしたば薬局", "機関区分": 5, "都道府県コード": 22, "市区町村コード": 138, "所在地": "静岡県浜松市中央区笠井新田町", "緯度": 34.767842, "経度": 137.789886, "url": "https://www.iryou.teikyouseido.mhlw.go.jp/znk-web/juminkanja/S2430/initialize?prefCd=22&kikanCd=7220901030&kikanKbn=5", "url2": "http://www.yakuzaishi-net.com/", "内容": "あしたば薬局【5:薬局】静岡県浜松市中央区笠井新田町" }, "geometry": { "type": "Point", "coordinates": [ 137.789886, 34.767842 ] } },
{ "type": "Feature", "properties": { "ID": "2257220901060", "正式名称": "イルカ薬局", "機関区分": 5, "都道府県コード": 22, "市区町村コード": 138, "所在地": "静岡県浜松市中央区半田町１３０番地の１", "緯度": 34.777924, "経度": 137.752361, "url": "https://www.iryou.teikyouseido.mhlw.go.jp/znk-web/juminkanja/S2430/initialize?prefCd=22&kikanCd=7220901060&kikanKbn=5", "url2": null, "内容": "イルカ薬局【5:薬局】静岡県浜松市中央区半田町１３０番地の１" }, "geometry": { "type": "Point", "coordinates": [ 137.752361, 34.777924 ] } },
{ "type": "Feature", "properties": { "ID": "2257220901080", "正式名称": "エンゼル薬局", "機関区分": 5, "都道府県コード": 22, "市区町村コード": 138, "所在地": "静岡県浜松市中央区原島町", "緯度": 34.726179, "経度": 137.769, "url": "https://www.iryou.teikyouseido.mhlw.go.jp/znk-web/juminkanja/S2430/initialize?prefCd=22&kikanCd=7220901080&kikanKbn=5", "url2": "https://angel-8412.com/", "内容": "エンゼル薬局【5:薬局】静岡県浜松市中央区原島町" }, "geometry": { "type": "Point", "coordinates": [ 137.769, 34.726179 ] } },
{ "type": "Feature", "properties": { "ID": "2257220901110", "正式名称": "おおぞら薬局有玉店", "機関区分": 5, "都道府県コード": 22, "市区町村コード": 138, "所在地": "静岡県浜松市中央区有玉南町", "緯度": 34.74926, "経度": 137.750029, "url": "https://www.iryou.teikyouseido.mhlw.go.jp/znk-web/juminkanja/S2430/initialize?prefCd=22&kikanCd=7220901110&kikanKbn=5", "url2": "https://oozora-group.jp/", "内容": "おおぞら薬局有玉店【5:薬局】静岡県浜松市中央区有玉南町" }, "geometry": { "type": "Point", "coordinates": [ 137.750029, 34.74926 ] } },
{ "type": "Feature", "properties": { "ID": "2257220901120", "正式名称": "オオツボ薬局", "機関区分": 5, "都道府県コード": 22, "市区町村コード": 138, "所在地": "静岡県浜松市中央区笠井町１０７", "緯度": 34.768148, "経度": 137.79919, "url": "https://www.iryou.teikyouseido.mhlw.go.jp/znk-web/juminkanja/S2430/initialize?prefCd=22&kikanCd=7220901120&kikanKbn=5", "url2": null, "内容": "オオツボ薬局【5:薬局】静岡県浜松市中央区笠井町１０７" }, "geometry": { "type": "Point", "coordinates": [ 137.79919, 34.768148 ] } },
{ "type": "Feature", "properties": { "ID": "2257220901140", "正式名称": "杏林堂薬局　ピーワンプラザ天王店", "機関区分": 5, "都道府県コード": 22, "市区町村コード": 138, "所在地": "静岡県浜松市中央区天王町１９８２－３", "緯度": 34.735123, "経度": 137.765473, "url": "https://www.iryou.teikyouseido.mhlw.go.jp/znk-web/juminkanja/S2430/initialize?prefCd=22&kikanCd=7220901140&kikanKbn=5", "url2": "http://www.kyorindo.co.jp", "内容": "杏林堂薬局　ピーワンプラザ天王店【5:薬局】静岡県浜松市中央区天王町１９８２－３" }, "geometry": { "type": "Point", "coordinates": [ 137.765473, 34.735123 ] } },
{ "type": "Feature", "properties": { "ID": "2257220901150", "正式名称": "杏林堂薬局労災病院前店", "機関区分": 5, "都道府県コード": 22, "市区町村コード": 138, "所在地": "静岡県浜松市中央区将監町２４ー２２", "緯度": 34.715403, "経度": 137.756196, "url": "https://www.iryou.teikyouseido.mhlw.go.jp/znk-web/juminkanja/S2430/initialize?prefCd=22&kikanCd=7220901150&kikanKbn=5", "url2": "http://www.kyorindo.co.jp", "内容": "杏林堂薬局労災病院前店【5:薬局】静岡県浜松市中央区将監町２４ー２２" }, "geometry": { "type": "Point", "coordinates": [ 137.756196, 34.715403 ] } },
{ "type": "Feature", "properties": { "ID": "2257220901160", "正式名称": "クリエイトエス・ディー浜松半田山店薬局", "機関区分": 5, "都道府県コード": 22, "市区町村コード": 138, "所在地": "静岡県浜松市中央区半田山４－３０－６", "緯度": 34.775757, "経度": 137.742445, "url": "https://www.iryou.teikyouseido.mhlw.go.jp/znk-web/juminkanja/S2430/initialize?prefCd=22&kikanCd=7220901160&kikanKbn=5", "url2": "http://www.create-sd.co.jp/", "内容": "クリエイトエス・ディー浜松半田山店薬局【5:薬局】静岡県浜松市中央区半田山４－３０－６" }, "geometry": { "type": "Point", "coordinates": [ 137.742445, 34.775757 ] } },
{ "type": "Feature", "properties": { "ID": "2257220901180", "正式名称": "イオン薬局浜松市野店", "機関区分": 5, "都道府県コード": 22, "市区町村コード": 138, "所在地": "静岡県浜松市中央区天王町字諏訪１９８１－３", "緯度": 34.736484, "経度": 137.763167, "url": "https://www.iryou.teikyouseido.mhlw.go.jp/znk-web/juminkanja/S2430/initialize?prefCd=22&kikanCd=7220901180&kikanKbn=5", "url2": null, "内容": "イオン薬局浜松市野店【5:薬局】静岡県浜松市中央区天王町字諏訪１９８１－３" }, "geometry": { "type": "Point", "coordinates": [ 137.763167, 34.736484 ] } },
{ "type": "Feature", "properties": { "ID": "2257220901240", "正式名称": "高林クローバー薬局", "機関区分": 5, "都道府県コード": 22, "市区町村コード": 138, "所在地": "静岡県浜松市中央区豊町６７１―２", "緯度": 34.78068, "経度": 137.807283, "url": "https://www.iryou.teikyouseido.mhlw.go.jp/znk-web/juminkanja/S2430/initialize?prefCd=22&kikanCd=7220901240&kikanKbn=5", "url2": null, "内容": "高林クローバー薬局【5:薬局】静岡県浜松市中央区豊町６７１―２" }, "geometry": { "type": "Point", "coordinates": [ 137.807283, 34.78068 ] } },
{ "type": "Feature", "properties": { "ID": "2257220901260", "正式名称": "天王あきは薬局", "機関区分": 5, "都道府県コード": 22, "市区町村コード": 138, "所在地": "静岡県浜松市中央区天王町１９４５－２", "緯度": 34.739039, "経度": 137.766083, "url": "https://www.iryou.teikyouseido.mhlw.go.jp/znk-web/juminkanja/S2430/initialize?prefCd=22&kikanCd=7220901260&kikanKbn=5", "url2": null, "内容": "天王あきは薬局【5:薬局】静岡県浜松市中央区天王町１９４５－２" }, "geometry": { "type": "Point", "coordinates": [ 137.766083, 34.739039 ] } },
{ "type": "Feature", "properties": { "ID": "2257220901280", "正式名称": "西ヶ崎グリーン薬局", "機関区分": 5, "都道府県コード": 22, "市区町村コード": 138, "所在地": "静岡県浜松市中央区西ケ崎町１０５１－２", "緯度": 34.774647, "経度": 137.768443, "url": "https://www.iryou.teikyouseido.mhlw.go.jp/znk-web/juminkanja/S2430/initialize?prefCd=22&kikanCd=7220901280&kikanKbn=5", "url2": "http://www.myph.jp/animategreen/pc/index.htm/", "内容": "西ヶ崎グリーン薬局【5:薬局】静岡県浜松市中央区西ケ崎町１０５１－２" }, "geometry": { "type": "Point", "coordinates": [ 137.768443, 34.774647 ] } },
{ "type": "Feature", "properties": { "ID": "2257220901330", "正式名称": "はんど薬局", "機関区分": 5, "都道府県コード": 22, "市区町村コード": 138, "所在地": "静岡県浜松市中央区将監町１２－５", "緯度": 34.715831, "経度": 137.754346, "url": "https://www.iryou.teikyouseido.mhlw.go.jp/znk-web/juminkanja/S2430/initialize?prefCd=22&kikanCd=7220901330&kikanKbn=5", "url2": "http://hando-pharmacy.com/index.html", "内容": "はんど薬局【5:薬局】静岡県浜松市中央区将監町１２－５" }, "geometry": { "type": "Point", "coordinates": [ 137.754346, 34.715831 ] } },
{ "type": "Feature", "properties": { "ID": "2257220901390", "正式名称": "薬局フォーリア", "機関区分": 5, "都道府県コード": 22, "市区町村コード": 138, "所在地": "静岡県浜松市中央区天王町１７４２－２", "緯度": 34.735928, "経度": 137.767361, "url": "https://www.iryou.teikyouseido.mhlw.go.jp/znk-web/juminkanja/S2430/initialize?prefCd=22&kikanCd=7220901390&kikanKbn=5", "url2": "http://folia.jp/", "内容": "薬局フォーリア【5:薬局】静岡県浜松市中央区天王町１７４２－２" }, "geometry": { "type": "Point", "coordinates": [ 137.767361, 34.735928 ] } },
{ "type": "Feature", "properties": { "ID": "2257220901410", "正式名称": "薬局フォーリア将監店", "機関区分": 5, "都道府県コード": 22, "市区町村コード": 138, "所在地": "静岡県浜松市中央区将監町２４番地の６", "緯度": 34.715403, "経度": 137.756196, "url": "https://www.iryou.teikyouseido.mhlw.go.jp/znk-web/juminkanja/S2430/initialize?prefCd=22&kikanCd=7220901410&kikanKbn=5", "url2": "http://folia.jp/index.html", "内容": "薬局フォーリア将監店【5:薬局】静岡県浜松市中央区将監町２４番地の６" }, "geometry": { "type": "Point", "coordinates": [ 137.756196, 34.715403 ] } },
{ "type": "Feature", "properties": { "ID": "2257220901420", "正式名称": "薬局フォーリア中郡店", "機関区分": 5, "都道府県コード": 22, "市区町村コード": 138, "所在地": "静岡県浜松市中央区中郡町", "緯度": 34.777952, "経度": 137.778775, "url": "https://www.iryou.teikyouseido.mhlw.go.jp/znk-web/juminkanja/S2430/initialize?prefCd=22&kikanCd=7220901420&kikanKbn=5", "url2": "http://folia.jp/", "内容": "薬局フォーリア中郡店【5:薬局】静岡県浜松市中央区中郡町" }, "geometry": { "type": "Point", "coordinates": [ 137.778775, 34.777952 ] } },
{ "type": "Feature", "properties": { "ID": "2257220901450", "正式名称": "山内天昌堂薬局", "機関区分": 5, "都道府県コード": 22, "市区町村コード": 138, "所在地": "静岡県浜松市中央区中野町", "緯度": 34.728555, "経度": 137.794111, "url": "https://www.iryou.teikyouseido.mhlw.go.jp/znk-web/juminkanja/S2430/initialize?prefCd=22&kikanCd=7220901450&kikanKbn=5", "url2": "https://share.google/zwfZYuvyL6pt4jDLd", "内容": "山内天昌堂薬局【5:薬局】静岡県浜松市中央区中野町" }, "geometry": { "type": "Point", "coordinates": [ 137.794111, 34.728555 ] } },
{ "type": "Feature", "properties": { "ID": "2257220901460", "正式名称": "リード調剤薬局", "機関区分": 5, "都道府県コード": 22, "市区町村コード": 138, "所在地": "静岡県浜松市中央区市野町", "緯度": 34.742344, "経度": 137.768777, "url": "https://www.iryou.teikyouseido.mhlw.go.jp/znk-web/juminkanja/S2430/initialize?prefCd=22&kikanCd=7220901460&kikanKbn=5", "url2": "https://www.hirom-p.com/", "内容": "リード調剤薬局【5:薬局】静岡県浜松市中央区市野町" }, "geometry": { "type": "Point", "coordinates": [ 137.768777, 34.742344 ] } },
{ "type": "Feature", "properties": { "ID": "2257220901500", "正式名称": "あおい薬局入野店", "機関区分": 5, "都道府県コード": 22, "市区町村コード": 138, "所在地": "静岡県浜松市中央区入野町１６１０１－８　南平台マンション１０７", "緯度": 34.701375, "経度": 137.672704, "url": "https://www.iryou.teikyouseido.mhlw.go.jp/znk-web/juminkanja/S2430/initialize?prefCd=22&kikanCd=7220901500&kikanKbn=5", "url2": "http://www.aoigroup.jp/", "内容": "あおい薬局入野店【5:薬局】静岡県浜松市中央区入野町１６１０１－８　南平台マンション１０７" }, "geometry": { "type": "Point", "coordinates": [ 137.672704, 34.701375 ] } },
{ "type": "Feature", "properties": { "ID": "2257220901510", "正式名称": "入野めだか薬局", "機関区分": 5, "都道府県コード": 22, "市区町村コード": 138, "所在地": "静岡県浜松市中央区入野町６３９７－２", "緯度": 34.697903, "経度": 137.687397, "url": "https://www.iryou.teikyouseido.mhlw.go.jp/znk-web/juminkanja/S2430/initialize?prefCd=22&kikanCd=7220901510&kikanKbn=5", "url2": "https://e-bond.info/withs/store/chubu-area/shizuoka", "内容": "入野めだか薬局【5:薬局】静岡県浜松市中央区入野町６３９７－２" }, "geometry": { "type": "Point", "coordinates": [ 137.687397, 34.697903 ] } },
{ "type": "Feature", "properties": { "ID": "2257220901540", "正式名称": "薬局アザレア大平台店", "機関区分": 5, "都道府県コード": 22, "市区町村コード": 138, "所在地": "静岡県浜松市中央区大平台１－２２－３１", "緯度": 34.719706, "経度": 137.684313, "url": "https://www.iryou.teikyouseido.mhlw.go.jp/znk-web/juminkanja/S2430/initialize?prefCd=22&kikanCd=7220901540&kikanKbn=5", "url2": "https://lemon-ph.jp/store/azarea-oohiradai/", "内容": "薬局アザレア大平台店【5:薬局】静岡県浜松市中央区大平台１－２２－３１" }, "geometry": { "type": "Point", "coordinates": [ 137.684313, 34.719706 ] } },
{ "type": "Feature", "properties": { "ID": "2257220901600", "正式名称": "四季平安堂薬局", "機関区分": 5, "都道府県コード": 22, "市区町村コード": 138, "所在地": "静岡県浜松市中央区舞阪町弁天島", "緯度": 34.691206, "経度": 137.604563, "url": "https://www.iryou.teikyouseido.mhlw.go.jp/znk-web/juminkanja/S2430/initialize?prefCd=22&kikanCd=7220901600&kikanKbn=5", "url2": null, "内容": "四季平安堂薬局【5:薬局】静岡県浜松市中央区舞阪町弁天島" }, "geometry": { "type": "Point", "coordinates": [ 137.604563, 34.691206 ] } },
{ "type": "Feature", "properties": { "ID": "2257220901610", "正式名称": "しとろ調剤薬局", "機関区分": 5, "都道府県コード": 22, "市区町村コード": 138, "所在地": "静岡県浜松市中央区志都呂２－３９－９", "緯度": 34.697237, "経度": 137.653516, "url": "https://www.iryou.teikyouseido.mhlw.go.jp/znk-web/juminkanja/S2430/initialize?prefCd=22&kikanCd=7220901610&kikanKbn=5", "url2": null, "内容": "しとろ調剤薬局【5:薬局】静岡県浜松市中央区志都呂２－３９－９" }, "geometry": { "type": "Point", "coordinates": [ 137.653516, 34.697237 ] } },
{ "type": "Feature", "properties": { "ID": "2257220901620", "正式名称": "イオン薬局浜松西店", "機関区分": 5, "都道府県コード": 22, "市区町村コード": 138, "所在地": "静岡県浜松市中央区入野町６２４４－１", "緯度": 34.699264, "経度": 137.690008, "url": "https://www.iryou.teikyouseido.mhlw.go.jp/znk-web/juminkanja/S2430/initialize?prefCd=22&kikanCd=7220901620&kikanKbn=5", "url2": null, "内容": "イオン薬局浜松西店【5:薬局】静岡県浜松市中央区入野町６２４４－１" }, "geometry": { "type": "Point", "coordinates": [ 137.690008, 34.699264 ] } },
{ "type": "Feature", "properties": { "ID": "2257220901630", "正式名称": "イオン薬局浜松志都呂店", "機関区分": 5, "都道府県コード": 22, "市区町村コード": 138, "所在地": "静岡県浜松市中央区志都呂二丁目３７番１号", "緯度": 34.696819, "経度": 137.651012, "url": "https://www.iryou.teikyouseido.mhlw.go.jp/znk-web/juminkanja/S2430/initialize?prefCd=22&kikanCd=7220901630&kikanKbn=5", "url2": "http://www.aeon.jp/aeon/hamamatsushitoro/", "内容": "イオン薬局浜松志都呂店【5:薬局】静岡県浜松市中央区志都呂二丁目３７番１号" }, "geometry": { "type": "Point", "coordinates": [ 137.651012, 34.696819 ] } },
{ "type": "Feature", "properties": { "ID": "2257220901640", "正式名称": "つばさ薬局", "機関区分": 5, "都道府県コード": 22, "市区町村コード": 138, "所在地": "静岡県浜松市中央区大平台３－２９－７", "緯度": 34.712818, "経度": 137.677925, "url": "https://www.iryou.teikyouseido.mhlw.go.jp/znk-web/juminkanja/S2430/initialize?prefCd=22&kikanCd=7220901640&kikanKbn=5", "url2": "https//:tsubasa-pharmacy.net", "内容": "つばさ薬局【5:薬局】静岡県浜松市中央区大平台３－２９－７" }, "geometry": { "type": "Point", "coordinates": [ 137.677925, 34.712818 ] } },
{ "type": "Feature", "properties": { "ID": "2257220901650", "正式名称": "南山堂薬局雄踏店", "機関区分": 5, "都道府県コード": 22, "市区町村コード": 138, "所在地": "静岡県浜松市中央区雄踏町宇布見７９８１", "緯度": 34.700902, "経度": 137.632069, "url": "https://www.iryou.teikyouseido.mhlw.go.jp/znk-web/juminkanja/S2430/initialize?prefCd=22&kikanCd=7220901650&kikanKbn=5", "url2": "http://www.nanzando.co.jp", "内容": "南山堂薬局雄踏店【5:薬局】静岡県浜松市中央区雄踏町宇布見７９８１" }, "geometry": { "type": "Point", "coordinates": [ 137.632069, 34.700902 ] } },
{ "type": "Feature", "properties": { "ID": "2257220901680", "正式名称": "ハロー薬局　坪井店", "機関区分": 5, "都道府県コード": 22, "市区町村コード": 138, "所在地": "静岡県浜松市中央区坪井町４６９９", "緯度": 34.682738, "経度": 137.652595, "url": "https://www.iryou.teikyouseido.mhlw.go.jp/znk-web/juminkanja/S2430/initialize?prefCd=22&kikanCd=7220901680&kikanKbn=5", "url2": "http://www.hello-pharmacy.com", "内容": "ハロー薬局　坪井店【5:薬局】静岡県浜松市中央区坪井町４６９９" }, "geometry": { "type": "Point", "coordinates": [ 137.652595, 34.682738 ] } },
{ "type": "Feature", "properties": { "ID": "2257220901720", "正式名称": "馬郡薬局", "機関区分": 5, "都道府県コード": 22, "市区町村コード": 138, "所在地": "静岡県浜松市中央区馬郡町４０４２", "緯度": 34.681654, "経度": 137.628403, "url": "https://www.iryou.teikyouseido.mhlw.go.jp/znk-web/juminkanja/S2430/initialize?prefCd=22&kikanCd=7220901720&kikanKbn=5", "url2": "https://www.yakuzaishi-net.com/", "内容": "馬郡薬局【5:薬局】静岡県浜松市中央区馬郡町４０４２" }, "geometry": { "type": "Point", "coordinates": [ 137.628403, 34.681654 ] } },
{ "type": "Feature", "properties": { "ID": "2257220901760", "正式名称": "有限会社　鈴木薬局", "機関区分": 5, "都道府県コード": 22, "市区町村コード": 138, "所在地": "静岡県浜松市中央区入野町６３００－１", "緯度": 34.700125, "経度": 137.689342, "url": "https://www.iryou.teikyouseido.mhlw.go.jp/znk-web/juminkanja/S2430/initialize?prefCd=22&kikanCd=7220901760&kikanKbn=5", "url2": null, "内容": "有限会社　鈴木薬局【5:薬局】静岡県浜松市中央区入野町６３００－１" }, "geometry": { "type": "Point", "coordinates": [ 137.689342, 34.700125 ] } },
{ "type": "Feature", "properties": { "ID": "2257220901780", "正式名称": "有限会社マルトク薬局", "機関区分": 5, "都道府県コード": 22, "市区町村コード": 138, "所在地": "静岡県浜松市中央区舞阪町舞阪１８７７", "緯度": 34.684459, "経度": 137.612571, "url": "https://www.iryou.teikyouseido.mhlw.go.jp/znk-web/juminkanja/S2430/initialize?prefCd=22&kikanCd=7220901780&kikanKbn=5", "url2": "http://www.marutoku-ph.com/", "内容": "有限会社マルトク薬局【5:薬局】静岡県浜松市中央区舞阪町舞阪１８７７" }, "geometry": { "type": "Point", "coordinates": [ 137.612571, 34.684459 ] } },
{ "type": "Feature", "properties": { "ID": "2257220901840", "正式名称": "カトレア薬局", "機関区分": 5, "都道府県コード": 22, "市区町村コード": 138, "所在地": "静岡県浜松市中央区若林町", "緯度": 34.687954, "経度": 137.705406, "url": "https://www.iryou.teikyouseido.mhlw.go.jp/znk-web/juminkanja/S2430/initialize?prefCd=22&kikanCd=7220901840&kikanKbn=5", "url2": null, "内容": "カトレア薬局【5:薬局】静岡県浜松市中央区若林町" }, "geometry": { "type": "Point", "coordinates": [ 137.705406, 34.687954 ] } },
{ "type": "Feature", "properties": { "ID": "2257220901850", "正式名称": "杏林堂薬局芳川店", "機関区分": 5, "都道府県コード": 22, "市区町村コード": 138, "所在地": "静岡県浜松市中央区四本松町４６０－１", "緯度": 34.684628, "経度": 137.766141, "url": "https://www.iryou.teikyouseido.mhlw.go.jp/znk-web/juminkanja/S2430/initialize?prefCd=22&kikanCd=7220901850&kikanKbn=5", "url2": "http://www.kyorindo.co.jp", "内容": "杏林堂薬局芳川店【5:薬局】静岡県浜松市中央区四本松町４６０－１" }, "geometry": { "type": "Point", "coordinates": [ 137.766141, 34.684628 ] } },
{ "type": "Feature", "properties": { "ID": "2257220901880", "正式名称": "ことぶき薬局", "機関区分": 5, "都道府県コード": 22, "市区町村コード": 138, "所在地": "静岡県浜松市中央区四本松町１８７－２", "緯度": 34.686795, "経度": 137.768724, "url": "https://www.iryou.teikyouseido.mhlw.go.jp/znk-web/juminkanja/S2430/initialize?prefCd=22&kikanCd=7220901880&kikanKbn=5", "url2": null, "内容": "ことぶき薬局【5:薬局】静岡県浜松市中央区四本松町１８７－２" }, "geometry": { "type": "Point", "coordinates": [ 137.768724, 34.686795 ] } },
{ "type": "Feature", "properties": { "ID": "2257220901890", "正式名称": "こぶた薬局", "機関区分": 5, "都道府県コード": 22, "市区町村コード": 138, "所在地": "静岡県浜松市中央区恩地町", "緯度": 34.689628, "経度": 137.762697, "url": "https://www.iryou.teikyouseido.mhlw.go.jp/znk-web/juminkanja/S2430/initialize?prefCd=22&kikanCd=7220901890&kikanKbn=5", "url2": "http://www.myph.jp/ogasa_kobuta/pc/", "内容": "こぶた薬局【5:薬局】静岡県浜松市中央区恩地町" }, "geometry": { "type": "Point", "coordinates": [ 137.762697, 34.689628 ] } },
{ "type": "Feature", "properties": { "ID": "2257220901900", "正式名称": "さわい薬局", "機関区分": 5, "都道府県コード": 22, "市区町村コード": 138, "所在地": "静岡県浜松市中央区芳川町", "緯度": 34.690128, "経度": 137.766669, "url": "https://www.iryou.teikyouseido.mhlw.go.jp/znk-web/juminkanja/S2430/initialize?prefCd=22&kikanCd=7220901900&kikanKbn=5", "url2": null, "内容": "さわい薬局【5:薬局】静岡県浜松市中央区芳川町" }, "geometry": { "type": "Point", "coordinates": [ 137.766669, 34.690128 ] } },
{ "type": "Feature", "properties": { "ID": "2257220901910", "正式名称": "しましま薬局", "機関区分": 5, "都道府県コード": 22, "市区町村コード": 138, "所在地": "静岡県浜松市中央区三島町１７８４ー４", "緯度": 34.693655, "経度": 137.750253, "url": "https://www.iryou.teikyouseido.mhlw.go.jp/znk-web/juminkanja/S2430/initialize?prefCd=22&kikanCd=7220901910&kikanKbn=5", "url2": "https://www.msraise.com/", "内容": "しましま薬局【5:薬局】静岡県浜松市中央区三島町１７８４ー４" }, "geometry": { "type": "Point", "coordinates": [ 137.750253, 34.693655 ] } },
{ "type": "Feature", "properties": { "ID": "2257220901920", "正式名称": "ショーワ薬局", "機関区分": 5, "都道府県コード": 22, "市区町村コード": 138, "所在地": "静岡県浜松市中央区白羽町", "緯度": 34.683434, "経度": 137.739005, "url": "https://www.iryou.teikyouseido.mhlw.go.jp/znk-web/juminkanja/S2430/initialize?prefCd=22&kikanCd=7220901920&kikanKbn=5", "url2": null, "内容": "ショーワ薬局【5:薬局】静岡県浜松市中央区白羽町" }, "geometry": { "type": "Point", "coordinates": [ 137.739005, 34.683434 ] } },
{ "type": "Feature", "properties": { "ID": "2257220901930", "正式名称": "そうごう薬局浜松渡瀬店", "機関区分": 5, "都道府県コード": 22, "市区町村コード": 138, "所在地": "静岡県浜松市中央区渡瀬町３", "緯度": 34.705376, "経度": 137.764196, "url": "https://www.iryou.teikyouseido.mhlw.go.jp/znk-web/juminkanja/S2430/initialize?prefCd=22&kikanCd=7220901930&kikanKbn=5", "url2": "http://www.sogo-medical.co.jp/sogopharmacy/cgi-bin/area_detail.html?kencd=22&strid=194", "内容": "そうごう薬局浜松渡瀬店【5:薬局】静岡県浜松市中央区渡瀬町３" }, "geometry": { "type": "Point", "coordinates": [ 137.764196, 34.705376 ] } },
{ "type": "Feature", "properties": { "ID": "2257220901950", "正式名称": "トマト薬局", "機関区分": 5, "都道府県コード": 22, "市区町村コード": 138, "所在地": "静岡県浜松市中央区下江町", "緯度": 34.679546, "経度": 137.769836, "url": "https://www.iryou.teikyouseido.mhlw.go.jp/znk-web/juminkanja/S2430/initialize?prefCd=22&kikanCd=7220901950&kikanKbn=5", "url2": null, "内容": "トマト薬局【5:薬局】静岡県浜松市中央区下江町" }, "geometry": { "type": "Point", "coordinates": [ 137.769836, 34.679546 ] } },
{ "type": "Feature", "properties": { "ID": "2257220901990", "正式名称": "フレンド薬局", "機関区分": 5, "都道府県コード": 22, "市区町村コード": 138, "所在地": "静岡県浜松市中央区三和町６１５－３", "緯度": 34.699738, "経度": 137.770196, "url": "https://www.iryou.teikyouseido.mhlw.go.jp/znk-web/juminkanja/S2430/initialize?prefCd=22&kikanCd=7220901990&kikanKbn=5", "url2": "https://jyo-bu.co.jp/", "内容": "フレンド薬局【5:薬局】静岡県浜松市中央区三和町６１５－３" }, "geometry": { "type": "Point", "coordinates": [ 137.770196, 34.699738 ] } },
{ "type": "Feature", "properties": { "ID": "2257220902000", "正式名称": "ホワイト薬局", "機関区分": 5, "都道府県コード": 22, "市区町村コード": 138, "所在地": "静岡県浜松市中央区新橋町４９６－２", "緯度": 34.683322, "経度": 137.695481, "url": "https://www.iryou.teikyouseido.mhlw.go.jp/znk-web/juminkanja/S2430/initialize?prefCd=22&kikanCd=7220902000&kikanKbn=5", "url2": "https://www.msraise.com/pharmacy/755/", "内容": "ホワイト薬局【5:薬局】静岡県浜松市中央区新橋町４９６－２" }, "geometry": { "type": "Point", "coordinates": [ 137.695481, 34.683322 ] } },
{ "type": "Feature", "properties": { "ID": "2257220902060", "正式名称": "レモン薬局寺脇店", "機関区分": 5, "都道府県コード": 22, "市区町村コード": 138, "所在地": "静岡県浜松市中央区寺脇町８２８ー４", "緯度": 34.6836, "経度": 137.748226, "url": "https://www.iryou.teikyouseido.mhlw.go.jp/znk-web/juminkanja/S2430/initialize?prefCd=22&kikanCd=7220902060&kikanKbn=5", "url2": "http://lemon-ph.jp/", "内容": "レモン薬局寺脇店【5:薬局】静岡県浜松市中央区寺脇町８２８ー４" }, "geometry": { "type": "Point", "coordinates": [ 137.748226, 34.6836 ] } },
{ "type": "Feature", "properties": { "ID": "2257220902070", "正式名称": "若林たいが薬局", "機関区分": 5, "都道府県コード": 22, "市区町村コード": 138, "所在地": "静岡県浜松市中央区若林町２１１－１", "緯度": 34.687099, "経度": 137.706674, "url": "https://www.iryou.teikyouseido.mhlw.go.jp/znk-web/juminkanja/S2430/initialize?prefCd=22&kikanCd=7220902070&kikanKbn=5", "url2": null, "内容": "若林たいが薬局【5:薬局】静岡県浜松市中央区若林町２１１－１" }, "geometry": { "type": "Point", "coordinates": [ 137.706674, 34.687099 ] } },
{ "type": "Feature", "properties": { "ID": "2257220902090", "正式名称": "（有）回春堂薬局", "機関区分": 5, "都道府県コード": 22, "市区町村コード": 139, "所在地": "静岡県浜松市浜名区細江町気賀９６", "緯度": 34.808946, "経度": 137.655284, "url": "https://www.iryou.teikyouseido.mhlw.go.jp/znk-web/juminkanja/S2430/initialize?prefCd=22&kikanCd=7220902090&kikanKbn=5", "url2": null, "内容": "（有）回春堂薬局【5:薬局】静岡県浜松市浜名区細江町気賀９６" }, "geometry": { "type": "Point", "coordinates": [ 137.655284, 34.808946 ] } },
{ "type": "Feature", "properties": { "ID": "2257220902150", "正式名称": "杏林堂薬局引佐店", "機関区分": 5, "都道府県コード": 22, "市区町村コード": 139, "所在地": "静岡県浜松市浜名区引佐町金指", "緯度": 34.81639, "経度": 137.678865, "url": "https://www.iryou.teikyouseido.mhlw.go.jp/znk-web/juminkanja/S2430/initialize?prefCd=22&kikanCd=7220902150&kikanKbn=5", "url2": "https://www.kyorindo.co.jp", "内容": "杏林堂薬局引佐店【5:薬局】静岡県浜松市浜名区引佐町金指" }, "geometry": { "type": "Point", "coordinates": [ 137.678865, 34.81639 ] } },
{ "type": "Feature", "properties": { "ID": "2257220902160", "正式名称": "杏林堂薬局三方原聖隷前店", "機関区分": 5, "都道府県コード": 22, "市区町村コード": 138, "所在地": "静岡県浜松市中央区根洗町５７９－４", "緯度": 34.792113, "経度": 137.688908, "url": "https://www.iryou.teikyouseido.mhlw.go.jp/znk-web/juminkanja/S2430/initialize?prefCd=22&kikanCd=7220902160&kikanKbn=5", "url2": "http://www.kyorindo.co.jp", "内容": "杏林堂薬局三方原聖隷前店【5:薬局】静岡県浜松市中央区根洗町５７９－４" }, "geometry": { "type": "Point", "coordinates": [ 137.688908, 34.792113 ] } },
{ "type": "Feature", "properties": { "ID": "2257220902180", "正式名称": "このみ薬局", "機関区分": 5, "都道府県コード": 22, "市区町村コード": 139, "所在地": "静岡県浜松市浜名区引佐町金指１５７８－９", "緯度": 34.817585, "経度": 137.67431, "url": "https://www.iryou.teikyouseido.mhlw.go.jp/znk-web/juminkanja/S2430/initialize?prefCd=22&kikanCd=7220902180&kikanKbn=5", "url2": "https://jyo-bu.co.jp/", "内容": "このみ薬局【5:薬局】静岡県浜松市浜名区引佐町金指１５７８－９" }, "geometry": { "type": "Point", "coordinates": [ 137.67431, 34.817585 ] } },
{ "type": "Feature", "properties": { "ID": "2257220902200", "正式名称": "しろくま薬局", "機関区分": 5, "都道府県コード": 22, "市区町村コード": 138, "所在地": "静岡県浜松市中央区初生町", "緯度": 34.764296, "経度": 137.731973, "url": "https://www.iryou.teikyouseido.mhlw.go.jp/znk-web/juminkanja/S2430/initialize?prefCd=22&kikanCd=7220902200&kikanKbn=5", "url2": null, "内容": "しろくま薬局【5:薬局】静岡県浜松市中央区初生町" }, "geometry": { "type": "Point", "coordinates": [ 137.731973, 34.764296 ] } },
{ "type": "Feature", "properties": { "ID": "2257220902360", "正式名称": "緑薬局太田有限会社三方原店", "機関区分": 5, "都道府県コード": 22, "市区町村コード": 138, "所在地": "静岡県浜松市中央区根洗町５６６", "緯度": 34.79256, "経度": 137.689337, "url": "https://www.iryou.teikyouseido.mhlw.go.jp/znk-web/juminkanja/S2430/initialize?prefCd=22&kikanCd=7220902360&kikanKbn=5", "url2": "midori-yakkyoku.jp", "内容": "緑薬局太田有限会社三方原店【5:薬局】静岡県浜松市中央区根洗町５６６" }, "geometry": { "type": "Point", "coordinates": [ 137.689337, 34.79256 ] } },
{ "type": "Feature", "properties": { "ID": "2257220902370", "正式名称": "ミント薬局", "機関区分": 5, "都道府県コード": 22, "市区町村コード": 138, "所在地": "静岡県浜松市中央区三方原町１６５－５", "緯度": 34.775257, "経度": 137.718947, "url": "https://www.iryou.teikyouseido.mhlw.go.jp/znk-web/juminkanja/S2430/initialize?prefCd=22&kikanCd=7220902370&kikanKbn=5", "url2": "http://www.mint310.com/", "内容": "ミント薬局【5:薬局】静岡県浜松市中央区三方原町１６５－５" }, "geometry": { "type": "Point", "coordinates": [ 137.718947, 34.775257 ] } },
{ "type": "Feature", "properties": { "ID": "2257220902420", "正式名称": "有限会社袴田薬局", "機関区分": 5, "都道府県コード": 22, "市区町村コード": 138, "所在地": "静岡県浜松市中央区三幸町４７６－２", "緯度": 34.804775, "経度": 137.713574, "url": "https://www.iryou.teikyouseido.mhlw.go.jp/znk-web/juminkanja/S2430/initialize?prefCd=22&kikanCd=7220902420&kikanKbn=5", "url2": null, "内容": "有限会社袴田薬局【5:薬局】静岡県浜松市中央区三幸町４７６－２" }, "geometry": { "type": "Point", "coordinates": [ 137.713574, 34.804775 ] } },
{ "type": "Feature", "properties": { "ID": "2257220902440", "正式名称": "レモン薬局ハート店", "機関区分": 5, "都道府県コード": 22, "市区町村コード": 138, "所在地": "静岡県浜松市中央区根洗町５３５番地の２", "緯度": 34.794893, "経度": 137.691281, "url": "https://www.iryou.teikyouseido.mhlw.go.jp/znk-web/juminkanja/S2430/initialize?prefCd=22&kikanCd=7220902440&kikanKbn=5", "url2": "http://www.lemon-ph.jp/store/lemon-heart/", "内容": "レモン薬局ハート店【5:薬局】静岡県浜松市中央区根洗町５３５番地の２" }, "geometry": { "type": "Point", "coordinates": [ 137.691281, 34.794893 ] } },
{ "type": "Feature", "properties": { "ID": "2257220902450", "正式名称": "レモン薬局三方原店", "機関区分": 5, "都道府県コード": 22, "市区町村コード": 138, "所在地": "静岡県浜松市中央区根洗町５５０", "緯度": 34.79306, "経度": 137.690198, "url": "https://www.iryou.teikyouseido.mhlw.go.jp/znk-web/juminkanja/S2430/initialize?prefCd=22&kikanCd=7220902450&kikanKbn=5", "url2": "https://lemon-ph.jp/store/lemon-mikatabara/", "内容": "レモン薬局三方原店【5:薬局】静岡県浜松市中央区根洗町５５０" }, "geometry": { "type": "Point", "coordinates": [ 137.690198, 34.79306 ] } },
{ "type": "Feature", "properties": { "ID": "2257220902460", "正式名称": "青十字柿の木坂薬局", "機関区分": 5, "都道府県コード": 22, "市区町村コード": 139, "所在地": "静岡県浜松市浜名区根堅", "緯度": 34.851028, "経度": 137.799964, "url": "https://www.iryou.teikyouseido.mhlw.go.jp/znk-web/juminkanja/S2430/initialize?prefCd=22&kikanCd=7220902460&kikanKbn=5", "url2": "www.scchr.jp", "内容": "青十字柿の木坂薬局【5:薬局】静岡県浜松市浜名区根堅" }, "geometry": { "type": "Point", "coordinates": [ 137.799964, 34.851028 ] } },
{ "type": "Feature", "properties": { "ID": "2257220902480", "正式名称": "太田薬局", "機関区分": 5, "都道府県コード": 22, "市区町村コード": 139, "所在地": "静岡県浜松市浜名区沼７６－１", "緯度": 34.791812, "経度": 137.785996, "url": "https://www.iryou.teikyouseido.mhlw.go.jp/znk-web/juminkanja/S2430/initialize?prefCd=22&kikanCd=7220902480&kikanKbn=5", "url2": "http://www.e-classa.net/hamakitaoota/", "内容": "太田薬局【5:薬局】静岡県浜松市浜名区沼７６－１" }, "geometry": { "type": "Point", "coordinates": [ 137.785996, 34.791812 ] } },
{ "type": "Feature", "properties": { "ID": "2257220902490", "正式名称": "おろファミリー薬局", "機関区分": 5, "都道府県コード": 22, "市区町村コード": 139, "所在地": "静岡県浜松市浜名区於呂４４９", "緯度": 34.825227, "経度": 137.79605, "url": "https://www.iryou.teikyouseido.mhlw.go.jp/znk-web/juminkanja/S2430/initialize?prefCd=22&kikanCd=7220902490&kikanKbn=5", "url2": null, "内容": "おろファミリー薬局【5:薬局】静岡県浜松市浜名区於呂４４９" }, "geometry": { "type": "Point", "coordinates": [ 137.79605, 34.825227 ] } },
{ "type": "Feature", "properties": { "ID": "2257220902520", "正式名称": "杏林堂薬局西鹿島駅前店", "機関区分": 5, "都道府県コード": 22, "市区町村コード": 139, "所在地": "静岡県浜松市浜名区上島２３４５－５８５", "緯度": 34.846584, "経度": 137.810908, "url": "https://www.iryou.teikyouseido.mhlw.go.jp/znk-web/juminkanja/S2430/initialize?prefCd=22&kikanCd=7220902520&kikanKbn=5", "url2": "http://www.kyorindo.co.jp", "内容": "杏林堂薬局西鹿島駅前店【5:薬局】静岡県浜松市浜名区上島２３４５－５８５" }, "geometry": { "type": "Point", "coordinates": [ 137.810908, 34.846584 ] } },
{ "type": "Feature", "properties": { "ID": "2257220902530", "正式名称": "クスリのヨシダ本店", "機関区分": 5, "都道府県コード": 22, "市区町村コード": 139, "所在地": "静岡県浜松市浜名区貴布祢１０１ー２", "緯度": 34.793145, "経度": 137.784718, "url": "https://www.iryou.teikyouseido.mhlw.go.jp/znk-web/juminkanja/S2430/initialize?prefCd=22&kikanCd=7220902530&kikanKbn=5", "url2": null, "内容": "クスリのヨシダ本店【5:薬局】静岡県浜松市浜名区貴布祢１０１ー２" }, "geometry": { "type": "Point", "coordinates": [ 137.784718, 34.793145 ] } },
{ "type": "Feature", "properties": { "ID": "2257220902540", "正式名称": "グリーン薬局", "機関区分": 5, "都道府県コード": 22, "市区町村コード": 139, "所在地": "静岡県浜松市浜名区西美薗１９５４‐３０", "緯度": 34.804644, "経度": 137.8003, "url": "https://www.iryou.teikyouseido.mhlw.go.jp/znk-web/juminkanja/S2430/initialize?prefCd=22&kikanCd=7220902540&kikanKbn=5", "url2": "http://www.myph.jp/animategreen/", "内容": "グリーン薬局【5:薬局】静岡県浜松市浜名区西美薗１９５４‐３０" }, "geometry": { "type": "Point", "coordinates": [ 137.8003, 34.804644 ] } },
{ "type": "Feature", "properties": { "ID": "2257220902550", "正式名称": "クローバー薬局", "機関区分": 5, "都道府県コード": 22, "市区町村コード": 139, "所在地": "静岡県浜松市浜名区東美薗", "緯度": 34.804755, "経度": 137.8028, "url": "https://www.iryou.teikyouseido.mhlw.go.jp/znk-web/juminkanja/S2430/initialize?prefCd=22&kikanCd=7220902550&kikanKbn=5", "url2": null, "内容": "クローバー薬局【5:薬局】静岡県浜松市浜名区東美薗" }, "geometry": { "type": "Point", "coordinates": [ 137.8028, 34.804755 ] } },
{ "type": "Feature", "properties": { "ID": "2257220902560", "正式名称": "弘済堂薬局", "機関区分": 5, "都道府県コード": 22, "市区町村コード": 139, "所在地": "静岡県浜松市浜名区上島４５９番地の１", "緯度": 34.850195, "経度": 137.811797, "url": "https://www.iryou.teikyouseido.mhlw.go.jp/znk-web/juminkanja/S2430/initialize?prefCd=22&kikanCd=7220902560&kikanKbn=5", "url2": "http://www.kyorindo.co.jp", "内容": "弘済堂薬局【5:薬局】静岡県浜松市浜名区上島４５９番地の１" }, "geometry": { "type": "Point", "coordinates": [ 137.811797, 34.850195 ] } },
{ "type": "Feature", "properties": { "ID": "2257220902570", "正式名称": "小松薬局", "機関区分": 5, "都道府県コード": 22, "市区町村コード": 139, "所在地": "静岡県浜松市浜名区小松４６７０－１", "緯度": 34.787395, "経度": 137.777164, "url": "https://www.iryou.teikyouseido.mhlw.go.jp/znk-web/juminkanja/S2430/initialize?prefCd=22&kikanCd=7220902570&kikanKbn=5", "url2": null, "内容": "小松薬局【5:薬局】静岡県浜松市浜名区小松４６７０－１" }, "geometry": { "type": "Point", "coordinates": [ 137.777164, 34.787395 ] } },
{ "type": "Feature", "properties": { "ID": "2257220902600", "正式名称": "シバモト薬局", "機関区分": 5, "都道府県コード": 22, "市区町村コード": 139, "所在地": "静岡県浜松市浜名区豊保", "緯度": 34.824586, "経度": 137.802632, "url": "https://www.iryou.teikyouseido.mhlw.go.jp/znk-web/juminkanja/S2430/initialize?prefCd=22&kikanCd=7220902600&kikanKbn=5", "url2": null, "内容": "シバモト薬局【5:薬局】静岡県浜松市浜名区豊保" }, "geometry": { "type": "Point", "coordinates": [ 137.802632, 34.824586 ] } },
{ "type": "Feature", "properties": { "ID": "2257220902630", "正式名称": "中条つばめ薬局", "機関区分": 5, "都道府県コード": 22, "市区町村コード": 139, "所在地": "静岡県浜松市浜名区中条２６５－２", "緯度": 34.781479, "経度": 137.786052, "url": "https://www.iryou.teikyouseido.mhlw.go.jp/znk-web/juminkanja/S2430/initialize?prefCd=22&kikanCd=7220902630&kikanKbn=5", "url2": null, "内容": "中条つばめ薬局【5:薬局】静岡県浜松市浜名区中条２６５－２" }, "geometry": { "type": "Point", "coordinates": [ 137.786052, 34.781479 ] } },
{ "type": "Feature", "properties": { "ID": "2257220902650", "正式名称": "浜北薬局", "機関区分": 5, "都道府県コード": 22, "市区町村コード": 139, "所在地": "静岡県浜松市浜名区沼", "緯度": 34.791951, "経度": 137.787829, "url": "https://www.iryou.teikyouseido.mhlw.go.jp/znk-web/juminkanja/S2430/initialize?prefCd=22&kikanCd=7220902650&kikanKbn=5", "url2": null, "内容": "浜北薬局【5:薬局】静岡県浜松市浜名区沼" }, "geometry": { "type": "Point", "coordinates": [ 137.787829, 34.791951 ] } },
{ "type": "Feature", "properties": { "ID": "2257220902660", "正式名称": "ふれあい薬局", "機関区分": 5, "都道府県コード": 22, "市区町村コード": 139, "所在地": "静岡県浜松市浜名区道本２８－４", "緯度": 34.802505, "経度": 137.788579, "url": "https://www.iryou.teikyouseido.mhlw.go.jp/znk-web/juminkanja/S2430/initialize?prefCd=22&kikanCd=7220902660&kikanKbn=5", "url2": null, "内容": "ふれあい薬局【5:薬局】静岡県浜松市浜名区道本２８－４" }, "geometry": { "type": "Point", "coordinates": [ 137.788579, 34.802505 ] } },
{ "type": "Feature", "properties": { "ID": "2257220902680", "正式名称": "ポピー薬局", "機関区分": 5, "都道府県コード": 22, "市区町村コード": 139, "所在地": "静岡県浜松市浜名区中瀬３８２７－３", "緯度": 34.819976, "経度": 137.811854, "url": "https://www.iryou.teikyouseido.mhlw.go.jp/znk-web/juminkanja/S2430/initialize?prefCd=22&kikanCd=7220902680&kikanKbn=5", "url2": "http://892wv.hp.peraichi.com/popie/", "内容": "ポピー薬局【5:薬局】静岡県浜松市浜名区中瀬３８２７－３" }, "geometry": { "type": "Point", "coordinates": [ 137.811854, 34.819976 ] } },
{ "type": "Feature", "properties": { "ID": "2257220902690", "正式名称": "みかん薬局", "機関区分": 5, "都道府県コード": 22, "市区町村コード": 139, "所在地": "静岡県浜松市浜名区高畑１５－４", "緯度": 34.790479, "経度": 137.795301, "url": "https://www.iryou.teikyouseido.mhlw.go.jp/znk-web/juminkanja/S2430/initialize?prefCd=22&kikanCd=7220902690&kikanKbn=5", "url2": "https://shizuken.com", "内容": "みかん薬局【5:薬局】静岡県浜松市浜名区高畑１５－４" }, "geometry": { "type": "Point", "coordinates": [ 137.795301, 34.790479 ] } },
{ "type": "Feature", "properties": { "ID": "2257220902700", "正式名称": "宮口グリーン薬局", "機関区分": 5, "都道府県コード": 22, "市区町村コード": 139, "所在地": "静岡県浜松市浜名区宮口８３７－４", "緯度": 34.826252, "経度": 137.772662, "url": "https://www.iryou.teikyouseido.mhlw.go.jp/znk-web/juminkanja/S2430/initialize?prefCd=22&kikanCd=7220902700&kikanKbn=5", "url2": "http://www.myph.jp/animategreen/pc/index.html", "内容": "宮口グリーン薬局【5:薬局】静岡県浜松市浜名区宮口８３７－４" }, "geometry": { "type": "Point", "coordinates": [ 137.772662, 34.826252 ] } },
{ "type": "Feature", "properties": { "ID": "2257220902730", "正式名称": "有限会社いわま薬局", "機関区分": 5, "都道府県コード": 22, "市区町村コード": 139, "所在地": "静岡県浜松市浜名区小松３３４", "緯度": 34.789645, "経度": 137.779358, "url": "https://www.iryou.teikyouseido.mhlw.go.jp/znk-web/juminkanja/S2430/initialize?prefCd=22&kikanCd=7220902730&kikanKbn=5", "url2": null, "内容": "有限会社いわま薬局【5:薬局】静岡県浜松市浜名区小松３３４" }, "geometry": { "type": "Point", "coordinates": [ 137.779358, 34.789645 ] } },
{ "type": "Feature", "properties": { "ID": "2257220902750", "正式名称": "秋元薬局", "機関区分": 5, "都道府県コード": 22, "市区町村コード": 140, "所在地": "静岡県浜松市天竜区二俣町二俣", "緯度": 34.862943, "経度": 137.814768, "url": "https://www.iryou.teikyouseido.mhlw.go.jp/znk-web/juminkanja/S2430/initialize?prefCd=22&kikanCd=7220902750&kikanKbn=5", "url2": null, "内容": "秋元薬局【5:薬局】静岡県浜松市天竜区二俣町二俣" }, "geometry": { "type": "Point", "coordinates": [ 137.814768, 34.862943 ] } },
{ "type": "Feature", "properties": { "ID": "2257220902770", "正式名称": "くすり東海堂薬局", "機関区分": 5, "都道府県コード": 22, "市区町村コード": 140, "所在地": "静岡県浜松市天竜区二俣町二俣１２６０ー１", "緯度": 34.864888, "経度": 137.815351, "url": "https://www.iryou.teikyouseido.mhlw.go.jp/znk-web/juminkanja/S2430/initialize?prefCd=22&kikanCd=7220902770&kikanKbn=5", "url2": "https://pharmacy.papakatekyo.com/", "内容": "くすり東海堂薬局【5:薬局】静岡県浜松市天竜区二俣町二俣１２６０ー１" }, "geometry": { "type": "Point", "coordinates": [ 137.815351, 34.864888 ] } },
{ "type": "Feature", "properties": { "ID": "2257220902780", "正式名称": "天竜あきは薬局", "機関区分": 5, "都道府県コード": 22, "市区町村コード": 140, "所在地": "静岡県浜松市天竜区二俣町二俣９２－１", "緯度": 34.860916, "経度": 137.816129, "url": "https://www.iryou.teikyouseido.mhlw.go.jp/znk-web/juminkanja/S2430/initialize?prefCd=22&kikanCd=7220902780&kikanKbn=5", "url2": "http://masmedical.co.jp/", "内容": "天竜あきは薬局【5:薬局】静岡県浜松市天竜区二俣町二俣９２－１" }, "geometry": { "type": "Point", "coordinates": [ 137.816129, 34.860916 ] } },
{ "type": "Feature", "properties": { "ID": "2257220902790", "正式名称": "天竜グリーン薬局", "機関区分": 5, "都道府県コード": 22, "市区町村コード": 140, "所在地": "静岡県浜松市天竜区二俣町二俣２４０６－１１", "緯度": 34.870665, "経度": 137.814184, "url": "https://www.iryou.teikyouseido.mhlw.go.jp/znk-web/juminkanja/S2430/initialize?prefCd=22&kikanCd=7220902790&kikanKbn=5", "url2": "https://greenyakkyoku.com/tenryu.html", "内容": "天竜グリーン薬局【5:薬局】静岡県浜松市天竜区二俣町二俣２４０６－１１" }, "geometry": { "type": "Point", "coordinates": [ 137.814184, 34.870665 ] } },
{ "type": "Feature", "properties": { "ID": "2257220902840", "正式名称": "あおい薬局宮竹店", "機関区分": 5, "都道府県コード": 22, "市区町村コード": 138, "所在地": "静岡県浜松市中央区宮竹町９３番地の１", "緯度": 34.717499, "経度": 137.765112, "url": "https://www.iryou.teikyouseido.mhlw.go.jp/znk-web/juminkanja/S2430/initialize?prefCd=22&kikanCd=7220902840&kikanKbn=5", "url2": "http://aoigroup.jp/", "内容": "あおい薬局宮竹店【5:薬局】静岡県浜松市中央区宮竹町９３番地の１" }, "geometry": { "type": "Point", "coordinates": [ 137.765112, 34.717499 ] } },
{ "type": "Feature", "properties": { "ID": "2257220902880", "正式名称": "おおぞら薬局雄踏店", "機関区分": 5, "都道府県コード": 22, "市区町村コード": 138, "所在地": "静岡県浜松市中央区雄踏町宇布見４８９３－１", "緯度": 34.696222, "経度": 137.633864, "url": "https://www.iryou.teikyouseido.mhlw.go.jp/znk-web/juminkanja/S2430/initialize?prefCd=22&kikanCd=7220902880&kikanKbn=5", "url2": "https://oozora-group.jp/store/", "内容": "おおぞら薬局雄踏店【5:薬局】静岡県浜松市中央区雄踏町宇布見４８９３－１" }, "geometry": { "type": "Point", "coordinates": [ 137.633864, 34.696222 ] } },
{ "type": "Feature", "properties": { "ID": "2257220902910", "正式名称": "あるぷす薬局なめだ店", "機関区分": 5, "都道府県コード": 22, "市区町村コード": 138, "所在地": "静岡県浜松市中央区平田町４９－２", "緯度": 34.702621, "経度": 137.729876, "url": "https://www.iryou.teikyouseido.mhlw.go.jp/znk-web/juminkanja/S2430/initialize?prefCd=22&kikanCd=7220902910&kikanKbn=5", "url2": "http://www.yakuzaisi-net.com/", "内容": "あるぷす薬局なめだ店【5:薬局】静岡県浜松市中央区平田町４９－２" }, "geometry": { "type": "Point", "coordinates": [ 137.729876, 34.702621 ] } },
{ "type": "Feature", "properties": { "ID": "2257220902920", "正式名称": "牧沢薬局", "機関区分": 5, "都道府県コード": 22, "市区町村コード": 138, "所在地": "静岡県浜松市中央区高林３－７－２", "緯度": 34.726346, "経度": 137.736253, "url": "https://www.iryou.teikyouseido.mhlw.go.jp/znk-web/juminkanja/S2430/initialize?prefCd=22&kikanCd=7220902920&kikanKbn=5", "url2": null, "内容": "牧沢薬局【5:薬局】静岡県浜松市中央区高林３－７－２" }, "geometry": { "type": "Point", "coordinates": [ 137.736253, 34.726346 ] } },
{ "type": "Feature", "properties": { "ID": "2257220902930", "正式名称": "エス薬局ひくま店", "機関区分": 5, "都道府県コード": 22, "市区町村コード": 138, "所在地": "静岡県浜松市中央区曳馬６－８－１６", "緯度": 34.734766, "経度": 137.738413, "url": "https://www.iryou.teikyouseido.mhlw.go.jp/znk-web/juminkanja/S2430/initialize?prefCd=22&kikanCd=7220902930&kikanKbn=5", "url2": null, "内容": "エス薬局ひくま店【5:薬局】静岡県浜松市中央区曳馬６－８－１６" }, "geometry": { "type": "Point", "coordinates": [ 137.738413, 34.734766 ] } },
{ "type": "Feature", "properties": { "ID": "2257220902940", "正式名称": "株式会社レーベンプラン　薬局アザレア三方原店", "機関区分": 5, "都道府県コード": 22, "市区町村コード": 138, "所在地": "静岡県浜松市中央区根洗町５６０－２", "緯度": 34.793551, "経度": 137.689081, "url": "https://www.iryou.teikyouseido.mhlw.go.jp/znk-web/juminkanja/S2430/initialize?prefCd=22&kikanCd=7220902940&kikanKbn=5", "url2": "http://www.lemon-ph.jp/", "内容": "株式会社レーベンプラン　薬局アザレア三方原店【5:薬局】静岡県浜松市中央区根洗町５６０－２" }, "geometry": { "type": "Point", "coordinates": [ 137.689081, 34.793551 ] } },
{ "type": "Feature", "properties": { "ID": "2257220903000", "正式名称": "あるぷす薬局　富塚店", "機関区分": 5, "都道府県コード": 22, "市区町村コード": 138, "所在地": "静岡県浜松市中央区富塚町１０３８‐１", "緯度": 34.730105, "経度": 137.713987, "url": "https://www.iryou.teikyouseido.mhlw.go.jp/znk-web/juminkanja/S2430/initialize?prefCd=22&kikanCd=7220903000&kikanKbn=5", "url2": "http://www.yakuzaishi-net.com", "内容": "あるぷす薬局　富塚店【5:薬局】静岡県浜松市中央区富塚町１０３８‐１" }, "geometry": { "type": "Point", "coordinates": [ 137.713987, 34.730105 ] } },
{ "type": "Feature", "properties": { "ID": "2257220903020", "正式名称": "おおぞら薬局　都田店", "機関区分": 5, "都道府県コード": 22, "市区町村コード": 139, "所在地": "静岡県浜松市浜名区都田町９３０７－２５", "緯度": 34.815253, "経度": 137.745554, "url": "https://www.iryou.teikyouseido.mhlw.go.jp/znk-web/juminkanja/S2430/initialize?prefCd=22&kikanCd=7220903020&kikanKbn=5", "url2": "https://oozora-group.jp/", "内容": "おおぞら薬局　都田店【5:薬局】静岡県浜松市浜名区都田町９３０７－２５" }, "geometry": { "type": "Point", "coordinates": [ 137.745554, 34.815253 ] } },
{ "type": "Feature", "properties": { "ID": "2257220903070", "正式名称": "のどか薬局", "機関区分": 5, "都道府県コード": 22, "市区町村コード": 138, "所在地": "静岡県浜松市中央区富塚町５０６９－９", "緯度": 34.719401, "経度": 137.699756, "url": "https://www.iryou.teikyouseido.mhlw.go.jp/znk-web/juminkanja/S2430/initialize?prefCd=22&kikanCd=7220903070&kikanKbn=5", "url2": "http://www.nodoka-p.sakura.ne.jp/", "内容": "のどか薬局【5:薬局】静岡県浜松市中央区富塚町５０６９－９" }, "geometry": { "type": "Point", "coordinates": [ 137.699756, 34.719401 ] } },
{ "type": "Feature", "properties": { "ID": "2257220903090", "正式名称": "薬局　なかたじま", "機関区分": 5, "都道府県コード": 22, "市区町村コード": 138, "所在地": "静岡県浜松市中央区中田島町", "緯度": 34.672371, "経度": 137.74425, "url": "https://www.iryou.teikyouseido.mhlw.go.jp/znk-web/juminkanja/S2430/initialize?prefCd=22&kikanCd=7220903090&kikanKbn=5", "url2": null, "内容": "薬局　なかたじま【5:薬局】静岡県浜松市中央区中田島町" }, "geometry": { "type": "Point", "coordinates": [ 137.74425, 34.672371 ] } },
{ "type": "Feature", "properties": { "ID": "2257220903100", "正式名称": "和み薬局", "機関区分": 5, "都道府県コード": 22, "市区町村コード": 138, "所在地": "静岡県浜松市中央区和合町２２０－２４８８", "緯度": 34.741684, "経度": 137.70552, "url": "https://www.iryou.teikyouseido.mhlw.go.jp/znk-web/juminkanja/S2430/initialize?prefCd=22&kikanCd=7220903100&kikanKbn=5", "url2": null, "内容": "和み薬局【5:薬局】静岡県浜松市中央区和合町２２０－２４８８" }, "geometry": { "type": "Point", "coordinates": [ 137.70552, 34.741684 ] } },
{ "type": "Feature", "properties": { "ID": "2257220903110", "正式名称": "日本調剤　三方原薬局", "機関区分": 5, "都道府県コード": 22, "市区町村コード": 138, "所在地": "静岡県浜松市中央区根洗町５５０－４", "緯度": 34.793198, "経度": 137.690401, "url": "https://www.iryou.teikyouseido.mhlw.go.jp/znk-web/juminkanja/S2430/initialize?prefCd=22&kikanCd=7220903110&kikanKbn=5", "url2": "http://www.nicho.co.jp/", "内容": "日本調剤　三方原薬局【5:薬局】静岡県浜松市中央区根洗町５５０－４" }, "geometry": { "type": "Point", "coordinates": [ 137.690401, 34.793198 ] } },
{ "type": "Feature", "properties": { "ID": "2257220903120", "正式名称": "クリエイト薬局　浜松南浅田店", "機関区分": 5, "都道府県コード": 22, "市区町村コード": 138, "所在地": "静岡県浜松市中央区南浅田２－１８－３４", "緯度": 34.688471, "経度": 137.730773, "url": "https://www.iryou.teikyouseido.mhlw.go.jp/znk-web/juminkanja/S2430/initialize?prefCd=22&kikanCd=7220903120&kikanKbn=5", "url2": "http://www.create.sd.co.jp", "内容": "クリエイト薬局　浜松南浅田店【5:薬局】静岡県浜松市中央区南浅田２－１８－３４" }, "geometry": { "type": "Point", "coordinates": [ 137.730773, 34.688471 ] } },
{ "type": "Feature", "properties": { "ID": "2257220903150", "正式名称": "三ヶ日ドリーム薬局", "機関区分": 5, "都道府県コード": 22, "市区町村コード": 139, "所在地": "静岡県浜松市浜名区三ヶ日町岡本８２２－３", "緯度": 34.813194, "経度": 137.548716, "url": "https://www.iryou.teikyouseido.mhlw.go.jp/znk-web/juminkanja/S2430/initialize?prefCd=22&kikanCd=7220903150&kikanKbn=5", "url2": "https://www.camel-dream.com", "内容": "三ヶ日ドリーム薬局【5:薬局】静岡県浜松市浜名区三ヶ日町岡本８２２－３" }, "geometry": { "type": "Point", "coordinates": [ 137.548716, 34.813194 ] } },
{ "type": "Feature", "properties": { "ID": "2257220903160", "正式名称": "桜風堂薬局", "機関区分": 5, "都道府県コード": 22, "市区町村コード": 138, "所在地": "静岡県浜松市中央区鴨江１丁目２０番２５号", "緯度": 34.704002, "経度": 137.721485, "url": "https://www.iryou.teikyouseido.mhlw.go.jp/znk-web/juminkanja/S2430/initialize?prefCd=22&kikanCd=7220903160&kikanKbn=5", "url2": null, "内容": "桜風堂薬局【5:薬局】静岡県浜松市中央区鴨江１丁目２０番２５号" }, "geometry": { "type": "Point", "coordinates": [ 137.721485, 34.704002 ] } },
{ "type": "Feature", "properties": { "ID": "2257220903170", "正式名称": "あおい薬局　初生店", "機関区分": 5, "都道府県コード": 22, "市区町村コード": 138, "所在地": "静岡県浜松市中央区初生町３８１－８", "緯度": 34.763703, "経度": 137.727669, "url": "https://www.iryou.teikyouseido.mhlw.go.jp/znk-web/juminkanja/S2430/initialize?prefCd=22&kikanCd=7220903170&kikanKbn=5", "url2": "https://aoigroup.jp/", "内容": "あおい薬局　初生店【5:薬局】静岡県浜松市中央区初生町３８１－８" }, "geometry": { "type": "Point", "coordinates": [ 137.727669, 34.763703 ] } },
{ "type": "Feature", "properties": { "ID": "2257220903210", "正式名称": "おくやま薬局", "機関区分": 5, "都道府県コード": 22, "市区町村コード": 139, "所在地": "静岡県浜松市浜名区引佐町奥山３０５－７", "緯度": 34.839944, "経度": 137.635496, "url": "https://www.iryou.teikyouseido.mhlw.go.jp/znk-web/juminkanja/S2430/initialize?prefCd=22&kikanCd=7220903210&kikanKbn=5", "url2": "https://www.among.co.jp/", "内容": "おくやま薬局【5:薬局】静岡県浜松市浜名区引佐町奥山３０５－７" }, "geometry": { "type": "Point", "coordinates": [ 137.635496, 34.839944 ] } },
{ "type": "Feature", "properties": { "ID": "2257220903270", "正式名称": "のぞみ薬局", "機関区分": 5, "都道府県コード": 22, "市区町村コード": 138, "所在地": "静岡県浜松市中央区寺島町１０５４", "緯度": 34.698321, "経度": 137.734616, "url": "https://www.iryou.teikyouseido.mhlw.go.jp/znk-web/juminkanja/S2430/initialize?prefCd=22&kikanCd=7220903270&kikanKbn=5", "url2": null, "内容": "のぞみ薬局【5:薬局】静岡県浜松市中央区寺島町１０５４" }, "geometry": { "type": "Point", "coordinates": [ 137.734616, 34.698321 ] } },
{ "type": "Feature", "properties": { "ID": "2257220903280", "正式名称": "アツミ薬局", "機関区分": 5, "都道府県コード": 22, "市区町村コード": 138, "所在地": "静岡県浜松市中央区大工町", "緯度": 34.705127, "経度": 137.726921, "url": "https://www.iryou.teikyouseido.mhlw.go.jp/znk-web/juminkanja/S2430/initialize?prefCd=22&kikanCd=7220903280&kikanKbn=5", "url2": null, "内容": "アツミ薬局【5:薬局】静岡県浜松市中央区大工町" }, "geometry": { "type": "Point", "coordinates": [ 137.726921, 34.705127 ] } },
{ "type": "Feature", "properties": { "ID": "2257220903290", "正式名称": "半田町薬局", "機関区分": 5, "都道府県コード": 22, "市区町村コード": 138, "所在地": "静岡県浜松市中央区半田町１６２２－１", "緯度": 34.764896, "経度": 137.745072, "url": "https://www.iryou.teikyouseido.mhlw.go.jp/znk-web/juminkanja/S2430/initialize?prefCd=22&kikanCd=7220903290&kikanKbn=5", "url2": null, "内容": "半田町薬局【5:薬局】静岡県浜松市中央区半田町１６２２－１" }, "geometry": { "type": "Point", "coordinates": [ 137.745072, 34.764896 ] } },
{ "type": "Feature", "properties": { "ID": "2257220903330", "正式名称": "あい薬局内野店", "機関区分": 5, "都道府県コード": 22, "市区町村コード": 139, "所在地": "静岡県浜松市浜名区内野２６３９ー１", "緯度": 34.780785, "経度": 137.761665, "url": "https://www.iryou.teikyouseido.mhlw.go.jp/znk-web/juminkanja/S2430/initialize?prefCd=22&kikanCd=7220903330&kikanKbn=5", "url2": null, "内容": "あい薬局内野店【5:薬局】静岡県浜松市浜名区内野２６３９ー１" }, "geometry": { "type": "Point", "coordinates": [ 137.761665, 34.780785 ] } },
{ "type": "Feature", "properties": { "ID": "2257220903370", "正式名称": "あおい薬局天王店", "機関区分": 5, "都道府県コード": 22, "市区町村コード": 138, "所在地": "静岡県浜松市中央区天王町１６７６－２", "緯度": 34.734151, "経度": 137.766611, "url": "https://www.iryou.teikyouseido.mhlw.go.jp/znk-web/juminkanja/S2430/initialize?prefCd=22&kikanCd=7220903370&kikanKbn=5", "url2": "http://www.aoigroup.jp/", "内容": "あおい薬局天王店【5:薬局】静岡県浜松市中央区天王町１６７６－２" }, "geometry": { "type": "Point", "coordinates": [ 137.766611, 34.734151 ] } },
{ "type": "Feature", "properties": { "ID": "2257220903440", "正式名称": "かぐら薬局", "機関区分": 5, "都道府県コード": 22, "市区町村コード": 138, "所在地": "静岡県浜松市中央区和田町２００－３", "緯度": 34.717019, "経度": 137.777253, "url": "https://www.iryou.teikyouseido.mhlw.go.jp/znk-web/juminkanja/S2430/initialize?prefCd=22&kikanCd=7220903440&kikanKbn=5", "url2": "https://aoigroup.jp/", "内容": "かぐら薬局【5:薬局】静岡県浜松市中央区和田町２００－３" }, "geometry": { "type": "Point", "coordinates": [ 137.777253, 34.717019 ] } },
{ "type": "Feature", "properties": { "ID": "2257220903460", "正式名称": "杏林堂薬局姫街道店", "機関区分": 5, "都道府県コード": 22, "市区町村コード": 138, "所在地": "静岡県浜松市中央区葵西３丁目６番１号", "緯度": 34.772035, "経度": 137.708781, "url": "https://www.iryou.teikyouseido.mhlw.go.jp/znk-web/juminkanja/S2430/initialize?prefCd=22&kikanCd=7220903460&kikanKbn=5", "url2": "http://www.kyorindo.co.jp", "内容": "杏林堂薬局姫街道店【5:薬局】静岡県浜松市中央区葵西３丁目６番１号" }, "geometry": { "type": "Point", "coordinates": [ 137.708781, 34.772035 ] } },
{ "type": "Feature", "properties": { "ID": "2257220903470", "正式名称": "初生薬局", "機関区分": 5, "都道府県コード": 22, "市区町村コード": 138, "所在地": "静岡県浜松市中央区初生町７０６番１号", "緯度": 34.767396, "経度": 137.716447, "url": "https://www.iryou.teikyouseido.mhlw.go.jp/znk-web/juminkanja/S2430/initialize?prefCd=22&kikanCd=7220903470&kikanKbn=5", "url2": null, "内容": "初生薬局【5:薬局】静岡県浜松市中央区初生町７０６番１号" }, "geometry": { "type": "Point", "coordinates": [ 137.716447, 34.767396 ] } },
{ "type": "Feature", "properties": { "ID": "2257220903480", "正式名称": "かもめ薬局", "機関区分": 5, "都道府県コード": 22, "市区町村コード": 138, "所在地": "静岡県浜松市中央区中野町", "緯度": 34.727874, "経度": 137.796415, "url": "https://www.iryou.teikyouseido.mhlw.go.jp/znk-web/juminkanja/S2430/initialize?prefCd=22&kikanCd=7220903480&kikanKbn=5", "url2": null, "内容": "かもめ薬局【5:薬局】静岡県浜松市中央区中野町" }, "geometry": { "type": "Point", "coordinates": [ 137.796415, 34.727874 ] } },
{ "type": "Feature", "properties": { "ID": "2257220903490", "正式名称": "かおり薬局", "機関区分": 5, "都道府県コード": 22, "市区町村コード": 138, "所在地": "静岡県浜松市中央区増楽町１５１３番地の４", "緯度": 34.691849, "経度": 137.694342, "url": "https://www.iryou.teikyouseido.mhlw.go.jp/znk-web/juminkanja/S2430/initialize?prefCd=22&kikanCd=7220903490&kikanKbn=5", "url2": null, "内容": "かおり薬局【5:薬局】静岡県浜松市中央区増楽町１５１３番地の４" }, "geometry": { "type": "Point", "coordinates": [ 137.694342, 34.691849 ] } },
{ "type": "Feature", "properties": { "ID": "2257220903500", "正式名称": "薬局フォーリア元浜店", "機関区分": 5, "都道府県コード": 22, "市区町村コード": 138, "所在地": "静岡県浜松市中央区元浜町３０１－３", "緯度": 34.716847, "経度": 137.731893, "url": "https://www.iryou.teikyouseido.mhlw.go.jp/znk-web/juminkanja/S2430/initialize?prefCd=22&kikanCd=7220903500&kikanKbn=5", "url2": "https://www.folia.jp/", "内容": "薬局フォーリア元浜店【5:薬局】静岡県浜松市中央区元浜町３０１－３" }, "geometry": { "type": "Point", "coordinates": [ 137.731893, 34.716847 ] } },
{ "type": "Feature", "properties": { "ID": "2257220903510", "正式名称": "パール薬局", "機関区分": 5, "都道府県コード": 22, "市区町村コード": 139, "所在地": "静岡県浜松市浜名区小林", "緯度": 34.804949, "経度": 137.786634, "url": "https://www.iryou.teikyouseido.mhlw.go.jp/znk-web/juminkanja/S2430/initialize?prefCd=22&kikanCd=7220903510&kikanKbn=5", "url2": "https://www.midori-yakkyoku.jp/", "内容": "パール薬局【5:薬局】静岡県浜松市浜名区小林" }, "geometry": { "type": "Point", "coordinates": [ 137.786634, 34.804949 ] } },
{ "type": "Feature", "properties": { "ID": "2257220903540", "正式名称": "アンク薬局", "機関区分": 5, "都道府県コード": 22, "市区町村コード": 139, "所在地": "静岡県浜松市浜名区本沢合", "緯度": 34.812115, "経度": 137.799244, "url": "https://www.iryou.teikyouseido.mhlw.go.jp/znk-web/juminkanja/S2430/initialize?prefCd=22&kikanCd=7220903540&kikanKbn=5", "url2": "http://www12.plala.or.jp/medicalankh/", "内容": "アンク薬局【5:薬局】静岡県浜松市浜名区本沢合" }, "geometry": { "type": "Point", "coordinates": [ 137.799244, 34.812115 ] } },
{ "type": "Feature", "properties": { "ID": "2257220903560", "正式名称": "あおい薬局内野店", "機関区分": 5, "都道府県コード": 22, "市区町村コード": 139, "所在地": "静岡県浜松市浜名区内野２４０５－１", "緯度": 34.782808, "経度": 137.760131, "url": "https://www.iryou.teikyouseido.mhlw.go.jp/znk-web/juminkanja/S2430/initialize?prefCd=22&kikanCd=7220903560&kikanKbn=5", "url2": "http://www.aoigroup.jp/", "内容": "あおい薬局内野店【5:薬局】静岡県浜松市浜名区内野２４０５－１" }, "geometry": { "type": "Point", "coordinates": [ 137.760131, 34.782808 ] } },
{ "type": "Feature", "properties": { "ID": "2257220903600", "正式名称": "恩地薬局", "機関区分": 5, "都道府県コード": 22, "市区町村コード": 138, "所在地": "静岡県浜松市中央区恩地町３５４－２", "緯度": 34.689294, "経度": 137.761808, "url": "https://www.iryou.teikyouseido.mhlw.go.jp/znk-web/juminkanja/S2430/initialize?prefCd=22&kikanCd=7220903600&kikanKbn=5", "url2": null, "内容": "恩地薬局【5:薬局】静岡県浜松市中央区恩地町３５４－２" }, "geometry": { "type": "Point", "coordinates": [ 137.761808, 34.689294 ] } },
{ "type": "Feature", "properties": { "ID": "2257220903620", "正式名称": "どんぐり薬局", "機関区分": 5, "都道府県コード": 22, "市区町村コード": 138, "所在地": "静岡県浜松市中央区小豆餅", "緯度": 34.750482, "経度": 137.733141, "url": "https://www.iryou.teikyouseido.mhlw.go.jp/znk-web/juminkanja/S2430/initialize?prefCd=22&kikanCd=7220903620&kikanKbn=5", "url2": "https://www.donguriyakkyoku.co.jp/", "内容": "どんぐり薬局【5:薬局】静岡県浜松市中央区小豆餅" }, "geometry": { "type": "Point", "coordinates": [ 137.733141, 34.750482 ] } },
{ "type": "Feature", "properties": { "ID": "2257220903630", "正式名称": "高丘ガイド薬局", "機関区分": 5, "都道府県コード": 22, "市区町村コード": 138, "所在地": "静岡県浜松市中央区高丘東４－６－３６", "緯度": 34.757008, "経度": 137.708282, "url": "https://www.iryou.teikyouseido.mhlw.go.jp/znk-web/juminkanja/S2430/initialize?prefCd=22&kikanCd=7220903630&kikanKbn=5", "url2": null, "内容": "高丘ガイド薬局【5:薬局】静岡県浜松市中央区高丘東４－６－３６" }, "geometry": { "type": "Point", "coordinates": [ 137.708282, 34.757008 ] } },
{ "type": "Feature", "properties": { "ID": "2257220903650", "正式名称": "にんにん薬局", "機関区分": 5, "都道府県コード": 22, "市区町村コード": 138, "所在地": "静岡県浜松市中央区初生町", "緯度": 34.76573, "経度": 137.726141, "url": "https://www.iryou.teikyouseido.mhlw.go.jp/znk-web/juminkanja/S2430/initialize?prefCd=22&kikanCd=7220903650&kikanKbn=5", "url2": "http://www.e-classa.net/ninnin/", "内容": "にんにん薬局【5:薬局】静岡県浜松市中央区初生町" }, "geometry": { "type": "Point", "coordinates": [ 137.726141, 34.76573 ] } },
{ "type": "Feature", "properties": { "ID": "2257220903710", "正式名称": "アリス薬局　上浅田店", "機関区分": 5, "都道府県コード": 22, "市区町村コード": 138, "所在地": "静岡県浜松市中央区上浅田一丁目１３番４号", "緯度": 34.6941, "経度": 137.727029, "url": "https://www.iryou.teikyouseido.mhlw.go.jp/znk-web/juminkanja/S2430/initialize?prefCd=22&kikanCd=7220903710&kikanKbn=5", "url2": "https://www.ars-group.jp", "内容": "アリス薬局　上浅田店【5:薬局】静岡県浜松市中央区上浅田一丁目１３番４号" }, "geometry": { "type": "Point", "coordinates": [ 137.727029, 34.6941 ] } },
{ "type": "Feature", "properties": { "ID": "2257220903730", "正式名称": "杏林堂薬局メイワンエキチカ調剤センター", "機関区分": 5, "都道府県コード": 22, "市区町村コード": 138, "所在地": "静岡県浜松市中央区砂山町６－１", "緯度": 34.704183, "経度": 137.734453, "url": "https://www.iryou.teikyouseido.mhlw.go.jp/znk-web/juminkanja/S2430/initialize?prefCd=22&kikanCd=7220903730&kikanKbn=5", "url2": "https://www.kyorindo.co.jp", "内容": "杏林堂薬局メイワンエキチカ調剤センター【5:薬局】静岡県浜松市中央区砂山町６－１" }, "geometry": { "type": "Point", "coordinates": [ 137.734453, 34.704183 ] } },
{ "type": "Feature", "properties": { "ID": "2257220903750", "正式名称": "たんぽぽ薬局", "機関区分": 5, "都道府県コード": 22, "市区町村コード": 138, "所在地": "静岡県浜松市中央区志都呂２丁目２２－１３", "緯度": 34.699407, "経度": 137.649855, "url": "https://www.iryou.teikyouseido.mhlw.go.jp/znk-web/juminkanja/S2430/initialize?prefCd=22&kikanCd=7220903750&kikanKbn=5", "url2": null, "内容": "たんぽぽ薬局【5:薬局】静岡県浜松市中央区志都呂２丁目２２－１３" }, "geometry": { "type": "Point", "coordinates": [ 137.649855, 34.699407 ] } },
{ "type": "Feature", "properties": { "ID": "2257220903770", "正式名称": "薬局アザレア浅田店", "機関区分": 5, "都道府県コード": 22, "市区町村コード": 138, "所在地": "静岡県浜松市中央区西浅田", "緯度": 34.696472, "経度": 137.724724, "url": "https://www.iryou.teikyouseido.mhlw.go.jp/znk-web/juminkanja/S2430/initialize?prefCd=22&kikanCd=7220903770&kikanKbn=5", "url2": null, "内容": "薬局アザレア浅田店【5:薬局】静岡県浜松市中央区西浅田" }, "geometry": { "type": "Point", "coordinates": [ 137.724724, 34.696472 ] } },
{ "type": "Feature", "properties": { "ID": "2257220903790", "正式名称": "はまはま薬局", "機関区分": 5, "都道府県コード": 22, "市区町村コード": 138, "所在地": "静岡県浜松市中央区遠州浜２－１５－２６", "緯度": 34.657005, "経度": 137.765188, "url": "https://www.iryou.teikyouseido.mhlw.go.jp/znk-web/juminkanja/S2430/initialize?prefCd=22&kikanCd=7220903790&kikanKbn=5", "url2": "http:www.msraise.com", "内容": "はまはま薬局【5:薬局】静岡県浜松市中央区遠州浜２－１５－２６" }, "geometry": { "type": "Point", "coordinates": [ 137.765188, 34.657005 ] } },
{ "type": "Feature", "properties": { "ID": "2257220903810", "正式名称": "杏林堂薬局　新浜松駅前調剤センター", "機関区分": 5, "都道府県コード": 22, "市区町村コード": 138, "所在地": "静岡県浜松市中央区鍛冶町１４０－４", "緯度": 34.704294, "経度": 137.732015, "url": "https://www.iryou.teikyouseido.mhlw.go.jp/znk-web/juminkanja/S2430/initialize?prefCd=22&kikanCd=7220903810&kikanKbn=5", "url2": "http://www.kyorindo.co.jp", "内容": "杏林堂薬局　新浜松駅前調剤センター【5:薬局】静岡県浜松市中央区鍛冶町１４０－４" }, "geometry": { "type": "Point", "coordinates": [ 137.732015, 34.704294 ] } },
{ "type": "Feature", "properties": { "ID": "2257220903820", "正式名称": "スギ薬局　浜松飯田店", "機関区分": 5, "都道府県コード": 22, "市区町村コード": 138, "所在地": "静岡県浜松市中央区飯田町６８番地の１", "緯度": 34.706848, "経度": 137.772557, "url": "https://www.iryou.teikyouseido.mhlw.go.jp/znk-web/juminkanja/S2430/initialize?prefCd=22&kikanCd=7220903820&kikanKbn=5", "url2": "http://www.sugi-net.jp/", "内容": "スギ薬局　浜松飯田店【5:薬局】静岡県浜松市中央区飯田町６８番地の１" }, "geometry": { "type": "Point", "coordinates": [ 137.772557, 34.706848 ] } },
{ "type": "Feature", "properties": { "ID": "2257220903850", "正式名称": "入野薬局", "機関区分": 5, "都道府県コード": 22, "市区町村コード": 138, "所在地": "静岡県浜松市中央区入野町９４３５－３", "緯度": 34.698322, "経度": 137.685483, "url": "https://www.iryou.teikyouseido.mhlw.go.jp/znk-web/juminkanja/S2430/initialize?prefCd=22&kikanCd=7220903850&kikanKbn=5", "url2": null, "内容": "入野薬局【5:薬局】静岡県浜松市中央区入野町９４３５－３" }, "geometry": { "type": "Point", "coordinates": [ 137.685483, 34.698322 ] } },
{ "type": "Feature", "properties": { "ID": "2257220903870", "正式名称": "助信駅前薬局", "機関区分": 5, "都道府県コード": 22, "市区町村コード": 138, "所在地": "静岡県浜松市中央区新津町４０－１サンポートビル１階", "緯度": 34.723556, "経度": 137.738713, "url": "https://www.iryou.teikyouseido.mhlw.go.jp/znk-web/juminkanja/S2430/initialize?prefCd=22&kikanCd=7220903870&kikanKbn=5", "url2": "http://sukenobup.wixsite.com/website", "内容": "助信駅前薬局【5:薬局】静岡県浜松市中央区新津町４０－１サンポートビル１階" }, "geometry": { "type": "Point", "coordinates": [ 137.738713, 34.723556 ] } },
{ "type": "Feature", "properties": { "ID": "2257220903940", "正式名称": "あおい薬局中央店", "機関区分": 5, "都道府県コード": 22, "市区町村コード": 138, "所在地": "静岡県浜松市中央区寺島町３００－９", "緯度": 34.700488, "経度": 137.741867, "url": "https://www.iryou.teikyouseido.mhlw.go.jp/znk-web/juminkanja/S2430/initialize?prefCd=22&kikanCd=7220903940&kikanKbn=5", "url2": "http://www.aoigroup.jp/", "内容": "あおい薬局中央店【5:薬局】静岡県浜松市中央区寺島町３００－９" }, "geometry": { "type": "Point", "coordinates": [ 137.741867, 34.700488 ] } },
{ "type": "Feature", "properties": { "ID": "2257220903950", "正式名称": "くるみ薬局", "機関区分": 5, "都道府県コード": 22, "市区町村コード": 139, "所在地": "静岡県浜松市浜名区都田町", "緯度": 34.811653, "経度": 137.730171, "url": "https://www.iryou.teikyouseido.mhlw.go.jp/znk-web/juminkanja/S2430/initialize?prefCd=22&kikanCd=7220903950&kikanKbn=5", "url2": null, "内容": "くるみ薬局【5:薬局】静岡県浜松市浜名区都田町" }, "geometry": { "type": "Point", "coordinates": [ 137.730171, 34.811653 ] } },
{ "type": "Feature", "properties": { "ID": "2257220903960", "正式名称": "杏林堂薬局　遠州病院前店", "機関区分": 5, "都道府県コード": 22, "市区町村コード": 138, "所在地": "静岡県浜松市中央区中央１－５－１", "緯度": 34.713062, "経度": 137.735272, "url": "https://www.iryou.teikyouseido.mhlw.go.jp/znk-web/juminkanja/S2430/initialize?prefCd=22&kikanCd=7220903960&kikanKbn=5", "url2": "http://www.kyorindo.co.jp", "内容": "杏林堂薬局　遠州病院前店【5:薬局】静岡県浜松市中央区中央１－５－１" }, "geometry": { "type": "Point", "coordinates": [ 137.735272, 34.713062 ] } },
{ "type": "Feature", "properties": { "ID": "2257220903990", "正式名称": "はんど薬局浜北わかば店", "機関区分": 5, "都道府県コード": 22, "市区町村コード": 139, "所在地": "静岡県浜松市浜名区小松１３１－１", "緯度": 34.793385, "経度": 137.778149, "url": "https://www.iryou.teikyouseido.mhlw.go.jp/znk-web/juminkanja/S2430/initialize?prefCd=22&kikanCd=7220903990&kikanKbn=5", "url2": "http://hando-pharmacy.com/index.html", "内容": "はんど薬局浜北わかば店【5:薬局】静岡県浜松市浜名区小松１３１－１" }, "geometry": { "type": "Point", "coordinates": [ 137.778149, 34.793385 ] } },
{ "type": "Feature", "properties": { "ID": "2257220904000", "正式名称": "あおい薬局幸店", "機関区分": 5, "都道府県コード": 22, "市区町村コード": 138, "所在地": "静岡県浜松市中央区幸", "緯度": 34.742177, "経度": 137.726059, "url": "https://www.iryou.teikyouseido.mhlw.go.jp/znk-web/juminkanja/S2430/initialize?prefCd=22&kikanCd=7220904000&kikanKbn=5", "url2": "http://www.aoigroup.jp/", "内容": "あおい薬局幸店【5:薬局】静岡県浜松市中央区幸" }, "geometry": { "type": "Point", "coordinates": [ 137.726059, 34.742177 ] } },
{ "type": "Feature", "properties": { "ID": "2257220904030", "正式名称": "杏林堂薬局　新津店", "機関区分": 5, "都道府県コード": 22, "市区町村コード": 138, "所在地": "静岡県浜松市中央区新津町５８３", "緯度": 34.72151, "経度": 137.741981, "url": "https://www.iryou.teikyouseido.mhlw.go.jp/znk-web/juminkanja/S2430/initialize?prefCd=22&kikanCd=7220904030&kikanKbn=5", "url2": "http://www.kyorindo.co.jp", "内容": "杏林堂薬局　新津店【5:薬局】静岡県浜松市中央区新津町５８３" }, "geometry": { "type": "Point", "coordinates": [ 137.741981, 34.72151 ] } },
{ "type": "Feature", "properties": { "ID": "2257220904050", "正式名称": "薬局フォーリア　細江店", "機関区分": 5, "都道府県コード": 22, "市区町村コード": 139, "所在地": "静岡県浜松市浜名区細江町中川７１７２番地の２６２０", "緯度": 34.792365, "経度": 137.682671, "url": "https://www.iryou.teikyouseido.mhlw.go.jp/znk-web/juminkanja/S2430/initialize?prefCd=22&kikanCd=7220904050&kikanKbn=5", "url2": "http://www.folia.jp/", "内容": "薬局フォーリア　細江店【5:薬局】静岡県浜松市浜名区細江町中川７１７２番地の２６２０" }, "geometry": { "type": "Point", "coordinates": [ 137.682671, 34.792365 ] } },
{ "type": "Feature", "properties": { "ID": "2257220904060", "正式名称": "東三方グリーン薬局", "機関区分": 5, "都道府県コード": 22, "市区町村コード": 138, "所在地": "静岡県浜松市中央区三方原町", "緯度": 34.782062, "経度": 137.718096, "url": "https://www.iryou.teikyouseido.mhlw.go.jp/znk-web/juminkanja/S2430/initialize?prefCd=22&kikanCd=7220904060&kikanKbn=5", "url2": "http://greenyakkyoku.com/", "内容": "東三方グリーン薬局【5:薬局】静岡県浜松市中央区三方原町" }, "geometry": { "type": "Point", "coordinates": [ 137.718096, 34.782062 ] } },
{ "type": "Feature", "properties": { "ID": "2257220904070", "正式名称": "プライマリープラス薬局", "機関区分": 5, "都道府県コード": 22, "市区町村コード": 138, "所在地": "静岡県浜松市中央区砂山町３２９－１", "緯度": 34.703302, "経度": 137.737142, "url": "https://www.iryou.teikyouseido.mhlw.go.jp/znk-web/juminkanja/S2430/initialize?prefCd=22&kikanCd=7220904070&kikanKbn=5", "url2": "http://www.hirom-p.com/pharmacy/view/26", "内容": "プライマリープラス薬局【5:薬局】静岡県浜松市中央区砂山町３２９－１" }, "geometry": { "type": "Point", "coordinates": [ 137.737142, 34.703302 ] } },
{ "type": "Feature", "properties": { "ID": "2257220904080", "正式名称": "杏林堂薬局　於呂店", "機関区分": 5, "都道府県コード": 22, "市区町村コード": 139, "所在地": "静岡県浜松市浜名区於呂３９６０", "緯度": 34.84786, "経度": 137.80525, "url": "https://www.iryou.teikyouseido.mhlw.go.jp/znk-web/juminkanja/S2430/initialize?prefCd=22&kikanCd=7220904080&kikanKbn=5", "url2": "https://www.kyorindo.co.jp", "内容": "杏林堂薬局　於呂店【5:薬局】静岡県浜松市浜名区於呂３９６０" }, "geometry": { "type": "Point", "coordinates": [ 137.80525, 34.84786 ] } },
{ "type": "Feature", "properties": { "ID": "2257220904110", "正式名称": "笠井薬局", "機関区分": 5, "都道府県コード": 22, "市区町村コード": 138, "所在地": "静岡県浜松市中央区笠井新田町", "緯度": 34.767172, "経度": 137.789402, "url": "https://www.iryou.teikyouseido.mhlw.go.jp/znk-web/juminkanja/S2430/initialize?prefCd=22&kikanCd=7220904110&kikanKbn=5", "url2": null, "内容": "笠井薬局【5:薬局】静岡県浜松市中央区笠井新田町" }, "geometry": { "type": "Point", "coordinates": [ 137.789402, 34.767172 ] } },
{ "type": "Feature", "properties": { "ID": "2257220904120", "正式名称": "杏林堂薬局　佐鳴湖南調剤センター", "機関区分": 5, "都道府県コード": 22, "市区町村コード": 138, "所在地": "静岡県浜松市中央区入野町", "緯度": 34.702257, "経度": 137.681622, "url": "https://www.iryou.teikyouseido.mhlw.go.jp/znk-web/juminkanja/S2430/initialize?prefCd=22&kikanCd=7220904120&kikanKbn=5", "url2": "http://www.kyorindo.co.jp", "内容": "杏林堂薬局　佐鳴湖南調剤センター【5:薬局】静岡県浜松市中央区入野町" }, "geometry": { "type": "Point", "coordinates": [ 137.681622, 34.702257 ] } },
{ "type": "Feature", "properties": { "ID": "2257220904130", "正式名称": "杏林堂薬局　高塚調剤センター", "機関区分": 5, "都道府県コード": 22, "市区町村コード": 138, "所在地": "静岡県浜松市中央区高塚町１６０９ー１", "緯度": 34.693675, "経度": 137.678442, "url": "https://www.iryou.teikyouseido.mhlw.go.jp/znk-web/juminkanja/S2430/initialize?prefCd=22&kikanCd=7220904130&kikanKbn=5", "url2": "http://www.kyorindo.co.jp", "内容": "杏林堂薬局　高塚調剤センター【5:薬局】静岡県浜松市中央区高塚町１６０９ー１" }, "geometry": { "type": "Point", "coordinates": [ 137.678442, 34.693675 ] } },
{ "type": "Feature", "properties": { "ID": "2257220904140", "正式名称": "ハーバル薬局", "機関区分": 5, "都道府県コード": 22, "市区町村コード": 138, "所在地": "静岡県浜松市中央区半田山４ー３１ー５", "緯度": 34.776967, "経度": 137.741646, "url": "https://www.iryou.teikyouseido.mhlw.go.jp/znk-web/juminkanja/S2430/initialize?prefCd=22&kikanCd=7220904140&kikanKbn=5", "url2": "https://www.kyorindo.co.jp", "内容": "ハーバル薬局【5:薬局】静岡県浜松市中央区半田山４ー３１ー５" }, "geometry": { "type": "Point", "coordinates": [ 137.741646, 34.776967 ] } },
{ "type": "Feature", "properties": { "ID": "2257220904180", "正式名称": "クリエイト薬局　浜松浜北店", "機関区分": 5, "都道府県コード": 22, "市区町村コード": 139, "所在地": "静岡県浜松市浜名区貴布祢８３１ー３", "緯度": 34.79688, "経度": 137.786903, "url": "https://www.iryou.teikyouseido.mhlw.go.jp/znk-web/juminkanja/S2430/initialize?prefCd=22&kikanCd=7220904180&kikanKbn=5", "url2": "https://www.create-sd.co.jp/store/tabid/78/pdid/274/Default.aspx", "内容": "クリエイト薬局　浜松浜北店【5:薬局】静岡県浜松市浜名区貴布祢８３１ー３" }, "geometry": { "type": "Point", "coordinates": [ 137.786903, 34.79688 ] } },
{ "type": "Feature", "properties": { "ID": "2257220904190", "正式名称": "薬局フォーリア　入野店", "機関区分": 5, "都道府県コード": 22, "市区町村コード": 138, "所在地": "静岡県浜松市中央区入野町", "緯度": 34.701945, "経度": 137.684958, "url": "https://www.iryou.teikyouseido.mhlw.go.jp/znk-web/juminkanja/S2430/initialize?prefCd=22&kikanCd=7220904190&kikanKbn=5", "url2": "https://www.folia.jp/stores/stores-240/", "内容": "薬局フォーリア　入野店【5:薬局】静岡県浜松市中央区入野町" }, "geometry": { "type": "Point", "coordinates": [ 137.684958, 34.701945 ] } },
{ "type": "Feature", "properties": { "ID": "2257220904210", "正式名称": "佐藤グリーン薬局", "機関区分": 5, "都道府県コード": 22, "市区町村コード": 138, "所在地": "静岡県浜松市中央区佐藤", "緯度": 34.71209, "経度": 137.749325, "url": "https://www.iryou.teikyouseido.mhlw.go.jp/znk-web/juminkanja/S2430/initialize?prefCd=22&kikanCd=7220904210&kikanKbn=5", "url2": null, "内容": "佐藤グリーン薬局【5:薬局】静岡県浜松市中央区佐藤" }, "geometry": { "type": "Point", "coordinates": [ 137.749325, 34.71209 ] } },
{ "type": "Feature", "properties": { "ID": "2257220904230", "正式名称": "新都田グリーン薬局", "機関区分": 5, "都道府県コード": 22, "市区町村コード": 139, "所在地": "静岡県浜松市浜名区新都田３－１５－１５", "緯度": 34.819392, "経度": 137.739454, "url": "https://www.iryou.teikyouseido.mhlw.go.jp/znk-web/juminkanja/S2430/initialize?prefCd=22&kikanCd=7220904230&kikanKbn=5", "url2": "https://greenyakkyoku.com/index.html", "内容": "新都田グリーン薬局【5:薬局】静岡県浜松市浜名区新都田３－１５－１５" }, "geometry": { "type": "Point", "coordinates": [ 137.739454, 34.819392 ] } },
{ "type": "Feature", "properties": { "ID": "2257220904240", "正式名称": "ひがしみかた薬局", "機関区分": 5, "都道府県コード": 22, "市区町村コード": 138, "所在地": "静岡県浜松市中央区東三方町４７６－２０", "緯度": 34.784273, "経度": 137.727964, "url": "https://www.iryou.teikyouseido.mhlw.go.jp/znk-web/juminkanja/S2430/initialize?prefCd=22&kikanCd=7220904240&kikanKbn=5", "url2": null, "内容": "ひがしみかた薬局【5:薬局】静岡県浜松市中央区東三方町４７６－２０" }, "geometry": { "type": "Point", "coordinates": [ 137.727964, 34.784273 ] } },
{ "type": "Feature", "properties": { "ID": "2257220904270", "正式名称": "長谷川薬局", "機関区分": 5, "都道府県コード": 22, "市区町村コード": 139, "所在地": "静岡県浜松市浜名区細江町中川７２１６－６", "緯度": 34.790646, "経度": 137.689354, "url": "https://www.iryou.teikyouseido.mhlw.go.jp/znk-web/juminkanja/S2430/initialize?prefCd=22&kikanCd=7220904270&kikanKbn=5", "url2": null, "内容": "長谷川薬局【5:薬局】静岡県浜松市浜名区細江町中川７２１６－６" }, "geometry": { "type": "Point", "coordinates": [ 137.689354, 34.790646 ] } },
{ "type": "Feature", "properties": { "ID": "2257220904290", "正式名称": "有限会社静岡健康企画　ひまわり薬局", "機関区分": 5, "都道府県コード": 22, "市区町村コード": 138, "所在地": "静岡県浜松市中央区佐藤１丁目２３－３", "緯度": 34.711976, "経度": 137.744897, "url": "https://www.iryou.teikyouseido.mhlw.go.jp/znk-web/juminkanja/S2430/initialize?prefCd=22&kikanCd=7220904290&kikanKbn=5", "url2": "http://shizuken.com/", "内容": "有限会社静岡健康企画　ひまわり薬局【5:薬局】静岡県浜松市中央区佐藤１丁目２３－３" }, "geometry": { "type": "Point", "coordinates": [ 137.744897, 34.711976 ] } },
{ "type": "Feature", "properties": { "ID": "2257220904300", "正式名称": "あおい薬局住吉店", "機関区分": 5, "都道府県コード": 22, "市区町村コード": 138, "所在地": "静岡県浜松市中央区住吉１－４１－２０", "緯度": 34.731002, "経度": 137.721961, "url": "https://www.iryou.teikyouseido.mhlw.go.jp/znk-web/juminkanja/S2430/initialize?prefCd=22&kikanCd=7220904300&kikanKbn=5", "url2": "http://www.aoigroup.jp/", "内容": "あおい薬局住吉店【5:薬局】静岡県浜松市中央区住吉１－４１－２０" }, "geometry": { "type": "Point", "coordinates": [ 137.721961, 34.731002 ] } },
{ "type": "Feature", "properties": { "ID": "2257220904310", "正式名称": "アリス薬局　とよおか店", "機関区分": 5, "都道府県コード": 22, "市区町村コード": 138, "所在地": "静岡県浜松市中央区豊岡町３９７ー４", "緯度": 34.791415, "経度": 137.731389, "url": "https://www.iryou.teikyouseido.mhlw.go.jp/znk-web/juminkanja/S2430/initialize?prefCd=22&kikanCd=7220904310&kikanKbn=5", "url2": "http://www.ars-group.jp", "内容": "アリス薬局　とよおか店【5:薬局】静岡県浜松市中央区豊岡町３９７ー４" }, "geometry": { "type": "Point", "coordinates": [ 137.731389, 34.791415 ] } },
{ "type": "Feature", "properties": { "ID": "2257220904320", "正式名称": "杏林堂薬局　浜北店", "機関区分": 5, "都道府県コード": 22, "市区町村コード": 139, "所在地": "静岡県浜松市浜名区本沢合１２７ー１", "緯度": 34.809169, "経度": 137.801465, "url": "https://www.iryou.teikyouseido.mhlw.go.jp/znk-web/juminkanja/S2430/initialize?prefCd=22&kikanCd=7220904320&kikanKbn=5", "url2": "http://www.kyorindo.co.jp", "内容": "杏林堂薬局　浜北店【5:薬局】静岡県浜松市浜名区本沢合１２７ー１" }, "geometry": { "type": "Point", "coordinates": [ 137.801465, 34.809169 ] } },
{ "type": "Feature", "properties": { "ID": "2257220904350", "正式名称": "あい薬局　ひくま店", "機関区分": 5, "都道府県コード": 22, "市区町村コード": 138, "所在地": "静岡県浜松市中央区曳馬１－２１－１１－３", "緯度": 34.729377, "経度": 137.736336, "url": "https://www.iryou.teikyouseido.mhlw.go.jp/znk-web/juminkanja/S2430/initialize?prefCd=22&kikanCd=7220904350&kikanKbn=5", "url2": null, "内容": "あい薬局　ひくま店【5:薬局】静岡県浜松市中央区曳馬１－２１－１１－３" }, "geometry": { "type": "Point", "coordinates": [ 137.736336, 34.729377 ] } },
{ "type": "Feature", "properties": { "ID": "2257220904360", "正式名称": "杏林堂薬局　高丘東店", "機関区分": 5, "都道府県コード": 22, "市区町村コード": 138, "所在地": "静岡県浜松市中央区高丘東３－１５－８", "緯度": 34.759354, "経度": 137.71563, "url": "https://www.iryou.teikyouseido.mhlw.go.jp/znk-web/juminkanja/S2430/initialize?prefCd=22&kikanCd=7220904360&kikanKbn=5", "url2": "https://www.kyorindo.co.jp", "内容": "杏林堂薬局　高丘東店【5:薬局】静岡県浜松市中央区高丘東３－１５－８" }, "geometry": { "type": "Point", "coordinates": [ 137.71563, 34.759354 ] } },
{ "type": "Feature", "properties": { "ID": "2257220904370", "正式名称": "あずきもち薬局", "機関区分": 5, "都道府県コード": 22, "市区町村コード": 138, "所在地": "静岡県浜松市中央区小豆餅３－２２－３１", "緯度": 34.75526, "経度": 137.728176, "url": "https://www.iryou.teikyouseido.mhlw.go.jp/znk-web/juminkanja/S2430/initialize?prefCd=22&kikanCd=7220904370&kikanKbn=5", "url2": "https://www.msraise.com/", "内容": "あずきもち薬局【5:薬局】静岡県浜松市中央区小豆餅３－２２－３１" }, "geometry": { "type": "Point", "coordinates": [ 137.728176, 34.75526 ] } },
{ "type": "Feature", "properties": { "ID": "2257220904380", "正式名称": "おおぞら薬局芳川店", "機関区分": 5, "都道府県コード": 22, "市区町村コード": 138, "所在地": "静岡県浜松市中央区鼡野町１７４－５", "緯度": 34.679026, "経度": 137.762896, "url": "https://www.iryou.teikyouseido.mhlw.go.jp/znk-web/juminkanja/S2430/initialize?prefCd=22&kikanCd=7220904380&kikanKbn=5", "url2": null, "内容": "おおぞら薬局芳川店【5:薬局】静岡県浜松市中央区鼡野町１７４－５" }, "geometry": { "type": "Point", "coordinates": [ 137.762896, 34.679026 ] } },
{ "type": "Feature", "properties": { "ID": "2257220904390", "正式名称": "ドリーム薬局　こまつ店", "機関区分": 5, "都道府県コード": 22, "市区町村コード": 139, "所在地": "静岡県浜松市浜名区小松", "緯度": 34.785448, "経度": 137.77819, "url": "https://www.iryou.teikyouseido.mhlw.go.jp/znk-web/juminkanja/S2430/initialize?prefCd=22&kikanCd=7220904390&kikanKbn=5", "url2": "camel-dream.com", "内容": "ドリーム薬局　こまつ店【5:薬局】静岡県浜松市浜名区小松" }, "geometry": { "type": "Point", "coordinates": [ 137.77819, 34.785448 ] } },
{ "type": "Feature", "properties": { "ID": "2257220904400", "正式名称": "ドリーム薬局　きが店", "機関区分": 5, "都道府県コード": 22, "市区町村コード": 139, "所在地": "静岡県浜松市浜名区細江町気賀", "緯度": 34.808848, "経度": 137.647689, "url": "https://www.iryou.teikyouseido.mhlw.go.jp/znk-web/juminkanja/S2430/initialize?prefCd=22&kikanCd=7220904400&kikanKbn=5", "url2": null, "内容": "ドリーム薬局　きが店【5:薬局】静岡県浜松市浜名区細江町気賀" }, "geometry": { "type": "Point", "coordinates": [ 137.647689, 34.808848 ] } },
{ "type": "Feature", "properties": { "ID": "2257220904410", "正式名称": "あい薬局　小池店", "機関区分": 5, "都道府県コード": 22, "市区町村コード": 138, "所在地": "静岡県浜松市中央区小池町", "緯度": 34.746706, "経度": 137.752295, "url": "https://www.iryou.teikyouseido.mhlw.go.jp/znk-web/juminkanja/S2430/initialize?prefCd=22&kikanCd=7220904410&kikanKbn=5", "url2": "http://ai-pharmacy.jp", "内容": "あい薬局　小池店【5:薬局】静岡県浜松市中央区小池町" }, "geometry": { "type": "Point", "coordinates": [ 137.752295, 34.746706 ] } },
{ "type": "Feature", "properties": { "ID": "2257220904420", "正式名称": "ウエルシア薬局浜松船越店", "機関区分": 5, "都道府県コード": 22, "市区町村コード": 138, "所在地": "静岡県浜松市中央区船越町２６－１０", "緯度": 34.716268, "経度": 137.744164, "url": "https://www.iryou.teikyouseido.mhlw.go.jp/znk-web/juminkanja/S2430/initialize?prefCd=22&kikanCd=7220904420&kikanKbn=5", "url2": "http://as.chizumaru.com/welcia/detailMap?pageLimitCtrl=1&account=welcia&accmd=1&adr=22131&x=495824.778&y=124946.891&c1=1&bid=7099&pgret=1&lscl=9994&lrot=0", "内容": "ウエルシア薬局浜松船越店【5:薬局】静岡県浜松市中央区船越町２６－１０" }, "geometry": { "type": "Point", "coordinates": [ 137.744164, 34.716268 ] } },
{ "type": "Feature", "properties": { "ID": "2257220904430", "正式名称": "ウエルシア薬局浜松浜北店", "機関区分": 5, "都道府県コード": 22, "市区町村コード": 139, "所在地": "静岡県浜松市浜名区西美薗３６９－１", "緯度": 34.795409, "経度": 137.794416, "url": "https://www.iryou.teikyouseido.mhlw.go.jp/znk-web/juminkanja/S2430/initialize?prefCd=22&kikanCd=7220904430&kikanKbn=5", "url2": "http://www.welcia-yakkyoku.co.jp/index.html", "内容": "ウエルシア薬局浜松浜北店【5:薬局】静岡県浜松市浜名区西美薗３６９－１" }, "geometry": { "type": "Point", "coordinates": [ 137.794416, 34.795409 ] } },
{ "type": "Feature", "properties": { "ID": "2257220904450", "正式名称": "ウエルシア薬局浜松医大前店", "機関区分": 5, "都道府県コード": 22, "市区町村コード": 138, "所在地": "静岡県浜松市中央区半田山４－４－１０", "緯度": 34.771717, "経度": 137.744916, "url": "https://www.iryou.teikyouseido.mhlw.go.jp/znk-web/juminkanja/S2430/initialize?prefCd=22&kikanCd=7220904450&kikanKbn=5", "url2": "http://www.welcia-yakkyoku.co.jp/", "内容": "ウエルシア薬局浜松医大前店【5:薬局】静岡県浜松市中央区半田山４－４－１０" }, "geometry": { "type": "Point", "coordinates": [ 137.744916, 34.771717 ] } },
{ "type": "Feature", "properties": { "ID": "2257220904460", "正式名称": "レイズ薬局　天王店", "機関区分": 5, "都道府県コード": 22, "市区町村コード": 138, "所在地": "静岡県浜松市中央区天王町１９５６－２", "緯度": 34.739845, "経度": 137.766108, "url": "https://www.iryou.teikyouseido.mhlw.go.jp/znk-web/juminkanja/S2430/initialize?prefCd=22&kikanCd=7220904460&kikanKbn=5", "url2": "msraise.com/", "内容": "レイズ薬局　天王店【5:薬局】静岡県浜松市中央区天王町１９５６－２" }, "geometry": { "type": "Point", "coordinates": [ 137.766108, 34.739845 ] } },
{ "type": "Feature", "properties": { "ID": "2257220904470", "正式名称": "スギ薬局浜松住吉店", "機関区分": 5, "都道府県コード": 22, "市区町村コード": 138, "所在地": "静岡県浜松市中央区住吉４－１５－１", "緯度": 34.731767, "経度": 137.727279, "url": "https://www.iryou.teikyouseido.mhlw.go.jp/znk-web/juminkanja/S2430/initialize?prefCd=22&kikanCd=7220904470&kikanKbn=5", "url2": "http://www.drug-sugi.co.jp/", "内容": "スギ薬局浜松住吉店【5:薬局】静岡県浜松市中央区住吉４－１５－１" }, "geometry": { "type": "Point", "coordinates": [ 137.727279, 34.731767 ] } },
{ "type": "Feature", "properties": { "ID": "2257220904490", "正式名称": "やまと薬局三和店", "機関区分": 5, "都道府県コード": 22, "市区町村コード": 138, "所在地": "静岡県浜松市中央区三和町３３２－２", "緯度": 34.705734, "経度": 137.765151, "url": "https://www.iryou.teikyouseido.mhlw.go.jp/znk-web/juminkanja/S2430/initialize?prefCd=22&kikanCd=7220904490&kikanKbn=5", "url2": null, "内容": "やまと薬局三和店【5:薬局】静岡県浜松市中央区三和町３３２－２" }, "geometry": { "type": "Point", "coordinates": [ 137.765151, 34.705734 ] } },
{ "type": "Feature", "properties": { "ID": "2257220904500", "正式名称": "南山堂薬局浜北平口店", "機関区分": 5, "都道府県コード": 22, "市区町村コード": 139, "所在地": "静岡県浜松市浜名区小松１６９６", "緯度": 34.785448, "経度": 137.77819, "url": "https://www.iryou.teikyouseido.mhlw.go.jp/znk-web/juminkanja/S2430/initialize?prefCd=22&kikanCd=7220904500&kikanKbn=5", "url2": "http://www.nanzando.co.jp", "内容": "南山堂薬局浜北平口店【5:薬局】静岡県浜松市浜名区小松１６９６" }, "geometry": { "type": "Point", "coordinates": [ 137.77819, 34.785448 ] } },
{ "type": "Feature", "properties": { "ID": "2257220904520", "正式名称": "ガイド薬局", "機関区分": 5, "都道府県コード": 22, "市区町村コード": 138, "所在地": "静岡県浜松市中央区小沢渡町", "緯度": 34.676533, "経度": 137.678822, "url": "https://www.iryou.teikyouseido.mhlw.go.jp/znk-web/juminkanja/S2430/initialize?prefCd=22&kikanCd=7220904520&kikanKbn=5", "url2": null, "内容": "ガイド薬局【5:薬局】静岡県浜松市中央区小沢渡町" }, "geometry": { "type": "Point", "coordinates": [ 137.678822, 34.676533 ] } },
{ "type": "Feature", "properties": { "ID": "2257220904550", "正式名称": "アイン薬局　浜松住吉店", "機関区分": 5, "都道府県コード": 22, "市区町村コード": 138, "所在地": "静岡県浜松市中央区住吉１丁目２４－１ＮＴＴ住吉ビル１階", "緯度": 34.729704, "経度": 137.724853, "url": "https://www.iryou.teikyouseido.mhlw.go.jp/znk-web/juminkanja/S2430/initialize?prefCd=22&kikanCd=7220904550&kikanKbn=5", "url2": "http://www.ainj.co.jp/", "内容": "アイン薬局　浜松住吉店【5:薬局】静岡県浜松市中央区住吉１丁目２４－１ＮＴＴ住吉ビル１階" }, "geometry": { "type": "Point", "coordinates": [ 137.724853, 34.729704 ] } },
{ "type": "Feature", "properties": { "ID": "2257220904570", "正式名称": "大阪堂薬局　和合店", "機関区分": 5, "都道府県コード": 22, "市区町村コード": 138, "所在地": "静岡県浜松市中央区和合町２４３ー１", "緯度": 34.737459, "経度": 137.713176, "url": "https://www.iryou.teikyouseido.mhlw.go.jp/znk-web/juminkanja/S2430/initialize?prefCd=22&kikanCd=7220904570&kikanKbn=5", "url2": "https://www.kusurinomadoguchi.com/shizuoka/s1000003738", "内容": "大阪堂薬局　和合店【5:薬局】静岡県浜松市中央区和合町２４３ー１" }, "geometry": { "type": "Point", "coordinates": [ 137.713176, 34.737459 ] } },
{ "type": "Feature", "properties": { "ID": "2257220904580", "正式名称": "万葉薬局", "機関区分": 5, "都道府県コード": 22, "市区町村コード": 139, "所在地": "静岡県浜松市浜名区横須賀", "緯度": 34.785759, "経度": 137.790964, "url": "https://www.iryou.teikyouseido.mhlw.go.jp/znk-web/juminkanja/S2430/initialize?prefCd=22&kikanCd=7220904580&kikanKbn=5", "url2": null, "内容": "万葉薬局【5:薬局】静岡県浜松市浜名区横須賀" }, "geometry": { "type": "Point", "coordinates": [ 137.790964, 34.785759 ] } },
{ "type": "Feature", "properties": { "ID": "2257220904590", "正式名称": "パル薬局", "機関区分": 5, "都道府県コード": 22, "市区町村コード": 138, "所在地": "静岡県浜松市中央区高丘北１ー３３ー１６", "緯度": 34.761984, "経度": 137.708847, "url": "https://www.iryou.teikyouseido.mhlw.go.jp/znk-web/juminkanja/S2430/initialize?prefCd=22&kikanCd=7220904590&kikanKbn=5", "url2": null, "内容": "パル薬局【5:薬局】静岡県浜松市中央区高丘北１ー３３ー１６" }, "geometry": { "type": "Point", "coordinates": [ 137.708847, 34.761984 ] } },
{ "type": "Feature", "properties": { "ID": "2257220904610", "正式名称": "あるぷす薬局高畑店", "機関区分": 5, "都道府県コード": 22, "市区町村コード": 139, "所在地": "静岡県浜松市浜名区高畑８２４－３", "緯度": 34.793201, "経度": 137.794391, "url": "https://www.iryou.teikyouseido.mhlw.go.jp/znk-web/juminkanja/S2430/initialize?prefCd=22&kikanCd=7220904610&kikanKbn=5", "url2": "http://www.yakuzaishi-net.com/", "内容": "あるぷす薬局高畑店【5:薬局】静岡県浜松市浜名区高畑８２４－３" }, "geometry": { "type": "Point", "coordinates": [ 137.794391, 34.793201 ] } },
{ "type": "Feature", "properties": { "ID": "2257220904620", "正式名称": "グランツ薬局", "機関区分": 5, "都道府県コード": 22, "市区町村コード": 138, "所在地": "静岡県浜松市中央区大山町", "緯度": 34.772509, "経度": 137.679228, "url": "https://www.iryou.teikyouseido.mhlw.go.jp/znk-web/juminkanja/S2430/initialize?prefCd=22&kikanCd=7220904620&kikanKbn=5", "url2": "http://www.hirom-p.com/business/honshu.html#Main", "内容": "グランツ薬局【5:薬局】静岡県浜松市中央区大山町" }, "geometry": { "type": "Point", "coordinates": [ 137.679228, 34.772509 ] } },
{ "type": "Feature", "properties": { "ID": "2257220904640", "正式名称": "四ッ池ファーマシー", "機関区分": 5, "都道府県コード": 22, "市区町村コード": 138, "所在地": "静岡県浜松市中央区幸", "緯度": 34.742176, "経度": 137.729207, "url": "https://www.iryou.teikyouseido.mhlw.go.jp/znk-web/juminkanja/S2430/initialize?prefCd=22&kikanCd=7220904640&kikanKbn=5", "url2": "yotsuike-pharmacy.com", "内容": "四ッ池ファーマシー【5:薬局】静岡県浜松市中央区幸" }, "geometry": { "type": "Point", "coordinates": [ 137.729207, 34.742176 ] } },
{ "type": "Feature", "properties": { "ID": "2257220904700", "正式名称": "杏林堂薬局和田店", "機関区分": 5, "都道府県コード": 22, "市区町村コード": 138, "所在地": "静岡県浜松市中央区和田町２２０－１", "緯度": 34.718843, "経度": 137.76832, "url": "https://www.iryou.teikyouseido.mhlw.go.jp/znk-web/juminkanja/S2430/initialize?prefCd=22&kikanCd=7220904700&kikanKbn=5", "url2": "https://www.kyorindo.co.jp", "内容": "杏林堂薬局和田店【5:薬局】静岡県浜松市中央区和田町２２０－１" }, "geometry": { "type": "Point", "coordinates": [ 137.76832, 34.718843 ] } },
{ "type": "Feature", "properties": { "ID": "2257220904710", "正式名称": "薬局マツモトキヨシ　遠州病院前店", "機関区分": 5, "都道府県コード": 22, "市区町村コード": 138, "所在地": "静岡県浜松市中央区中央１－１－１遠州共同ビル１階", "緯度": 34.710896, "経度": 137.72594, "url": "https://www.iryou.teikyouseido.mhlw.go.jp/znk-web/juminkanja/S2430/initialize?prefCd=22&kikanCd=7220904710&kikanKbn=5", "url2": null, "内容": "薬局マツモトキヨシ　遠州病院前店【5:薬局】静岡県浜松市中央区中央１－１－１遠州共同ビル１階" }, "geometry": { "type": "Point", "coordinates": [ 137.72594, 34.710896 ] } },
{ "type": "Feature", "properties": { "ID": "2257220904720", "正式名称": "おあしす薬局", "機関区分": 5, "都道府県コード": 22, "市区町村コード": 138, "所在地": "静岡県浜松市中央区有玉南町", "緯度": 34.757802, "経度": 137.756602, "url": "https://www.iryou.teikyouseido.mhlw.go.jp/znk-web/juminkanja/S2430/initialize?prefCd=22&kikanCd=7220904720&kikanKbn=5", "url2": "https://kenko-dai1.jp/", "内容": "おあしす薬局【5:薬局】静岡県浜松市中央区有玉南町" }, "geometry": { "type": "Point", "coordinates": [ 137.756602, 34.757802 ] } },
{ "type": "Feature", "properties": { "ID": "2257220904730", "正式名称": "アイセイ薬局三方原店", "機関区分": 5, "都道府県コード": 22, "市区町村コード": 138, "所在地": "静岡県浜松市中央区三方原町５６６ー３", "緯度": 34.774149, "経度": 137.709472, "url": "https://www.iryou.teikyouseido.mhlw.go.jp/znk-web/juminkanja/S2430/initialize?prefCd=22&kikanCd=7220904730&kikanKbn=5", "url2": "https://www.aisei.co.jp/", "内容": "アイセイ薬局三方原店【5:薬局】静岡県浜松市中央区三方原町５６６ー３" }, "geometry": { "type": "Point", "coordinates": [ 137.709472, 34.774149 ] } },
{ "type": "Feature", "properties": { "ID": "2257220904740", "正式名称": "アイセイ薬局高丘店", "機関区分": 5, "都道府県コード": 22, "市区町村コード": 138, "所在地": "静岡県浜松市中央区高丘東２－８－２７", "緯度": 34.755363, "経度": 137.712716, "url": "https://www.iryou.teikyouseido.mhlw.go.jp/znk-web/juminkanja/S2430/initialize?prefCd=22&kikanCd=7220904740&kikanKbn=5", "url2": "https://store.aisei.co.jp/detail/0024", "内容": "アイセイ薬局高丘店【5:薬局】静岡県浜松市中央区高丘東２－８－２７" }, "geometry": { "type": "Point", "coordinates": [ 137.712716, 34.755363 ] } },
{ "type": "Feature", "properties": { "ID": "2257220904750", "正式名称": "アイセイ薬局和田店", "機関区分": 5, "都道府県コード": 22, "市区町村コード": 138, "所在地": "静岡県浜松市中央区和田町５１０－２", "緯度": 34.718213, "経度": 137.769664, "url": "https://www.iryou.teikyouseido.mhlw.go.jp/znk-web/juminkanja/S2430/initialize?prefCd=22&kikanCd=7220904750&kikanKbn=5", "url2": "http://www.aisei.co.jp", "内容": "アイセイ薬局和田店【5:薬局】静岡県浜松市中央区和田町５１０－２" }, "geometry": { "type": "Point", "coordinates": [ 137.769664, 34.718213 ] } },
{ "type": "Feature", "properties": { "ID": "2257220904760", "正式名称": "アイセイ薬局大瀬店", "機関区分": 5, "都道府県コード": 22, "市区町村コード": 138, "所在地": "静岡県浜松市中央区大瀬町", "緯度": 34.755673, "経度": 137.770429, "url": "https://www.iryou.teikyouseido.mhlw.go.jp/znk-web/juminkanja/S2430/initialize?prefCd=22&kikanCd=7220904760&kikanKbn=5", "url2": "https://store.aisei.co.jp/detail/176", "内容": "アイセイ薬局大瀬店【5:薬局】静岡県浜松市中央区大瀬町" }, "geometry": { "type": "Point", "coordinates": [ 137.770429, 34.755673 ] } },
{ "type": "Feature", "properties": { "ID": "2257220904770", "正式名称": "アイセイ薬局湖東店", "機関区分": 5, "都道府県コード": 22, "市区町村コード": 138, "所在地": "静岡県浜松市中央区湖東町１４８７－３９", "緯度": 34.759516, "経度": 137.665538, "url": "https://www.iryou.teikyouseido.mhlw.go.jp/znk-web/juminkanja/S2430/initialize?prefCd=22&kikanCd=7220904770&kikanKbn=5", "url2": "https://store.aisei.co.jp/detail/0360", "内容": "アイセイ薬局湖東店【5:薬局】静岡県浜松市中央区湖東町１４８７－３９" }, "geometry": { "type": "Point", "coordinates": [ 137.665538, 34.759516 ] } },
{ "type": "Feature", "properties": { "ID": "2257220904780", "正式名称": "ウエルシア薬局浜松初生店", "機関区分": 5, "都道府県コード": 22, "市区町村コード": 138, "所在地": "静岡県浜松市中央区初生町１２５５－２", "緯度": 34.77145, "経度": 137.717866, "url": "https://www.iryou.teikyouseido.mhlw.go.jp/znk-web/juminkanja/S2430/initialize?prefCd=22&kikanCd=7220904780&kikanKbn=5", "url2": "http://as.chizumaru.com/welcia/detailMap?account=welcia&accmd=1&bid=2318", "内容": "ウエルシア薬局浜松初生店【5:薬局】静岡県浜松市中央区初生町１２５５－２" }, "geometry": { "type": "Point", "coordinates": [ 137.717866, 34.77145 ] } },
{ "type": "Feature", "properties": { "ID": "2257220904790", "正式名称": "あおい薬局富塚店", "機関区分": 5, "都道府県コード": 22, "市区町村コード": 138, "所在地": "静岡県浜松市中央区富塚町", "緯度": 34.729329, "経度": 137.691253, "url": "https://www.iryou.teikyouseido.mhlw.go.jp/znk-web/juminkanja/S2430/initialize?prefCd=22&kikanCd=7220904790&kikanKbn=5", "url2": "https://aoigroup.jp", "内容": "あおい薬局富塚店【5:薬局】静岡県浜松市中央区富塚町" }, "geometry": { "type": "Point", "coordinates": [ 137.691253, 34.729329 ] } },
{ "type": "Feature", "properties": { "ID": "2257220904800", "正式名称": "アリア薬局遠州岩水寺店", "機関区分": 5, "都道府県コード": 22, "市区町村コード": 139, "所在地": "静岡県浜松市浜名区於呂２８４３－６", "緯度": 34.833379, "経度": 137.800456, "url": "https://www.iryou.teikyouseido.mhlw.go.jp/znk-web/juminkanja/S2430/initialize?prefCd=22&kikanCd=7220904800&kikanKbn=5", "url2": "https://page.line.me/ebz2802f", "内容": "アリア薬局遠州岩水寺店【5:薬局】静岡県浜松市浜名区於呂２８４３－６" }, "geometry": { "type": "Point", "coordinates": [ 137.800456, 34.833379 ] } },
{ "type": "Feature", "properties": { "ID": "2257220904810", "正式名称": "ウエスト薬局", "機関区分": 5, "都道府県コード": 22, "市区町村コード": 138, "所在地": "静岡県浜松市中央区西山町２２１１ー７", "緯度": 34.739525, "経度": 137.681723, "url": "https://www.iryou.teikyouseido.mhlw.go.jp/znk-web/juminkanja/S2430/initialize?prefCd=22&kikanCd=7220904810&kikanKbn=5", "url2": "https://sites.google.com/view/west-pharmacy-hamamatsu", "内容": "ウエスト薬局【5:薬局】静岡県浜松市中央区西山町２２１１ー７" }, "geometry": { "type": "Point", "coordinates": [ 137.681723, 34.739525 ] } },
{ "type": "Feature", "properties": { "ID": "2257220904850", "正式名称": "アイン薬局浜松中央店", "機関区分": 5, "都道府県コード": 22, "市区町村コード": 138, "所在地": "静岡県浜松市中央区中央一丁目１５番５号浜松メディカルパークビル１Ｆ", "緯度": 34.709617, "経度": 137.735366, "url": "https://www.iryou.teikyouseido.mhlw.go.jp/znk-web/juminkanja/S2430/initialize?prefCd=22&kikanCd=7220904850&kikanKbn=5", "url2": "http://www/ainj.co.jp/", "内容": "アイン薬局浜松中央店【5:薬局】静岡県浜松市中央区中央一丁目１５番５号浜松メディカルパークビル１Ｆ" }, "geometry": { "type": "Point", "coordinates": [ 137.735366, 34.709617 ] } },
{ "type": "Feature", "properties": { "ID": "2257220904870", "正式名称": "あおい薬局神田店", "機関区分": 5, "都道府県コード": 22, "市区町村コード": 138, "所在地": "静岡県浜松市中央区神田町", "緯度": 34.691637, "経度": 137.720824, "url": "https://www.iryou.teikyouseido.mhlw.go.jp/znk-web/juminkanja/S2430/initialize?prefCd=22&kikanCd=7220904870&kikanKbn=5", "url2": "http://aoigroup.jp/", "内容": "あおい薬局神田店【5:薬局】静岡県浜松市中央区神田町" }, "geometry": { "type": "Point", "coordinates": [ 137.720824, 34.691637 ] } },
{ "type": "Feature", "properties": { "ID": "2257220904890", "正式名称": "いきいき薬局", "機関区分": 5, "都道府県コード": 22, "市区町村コード": 138, "所在地": "静岡県浜松市中央区三島町６３６－５", "緯度": 34.690251, "経度": 137.74107, "url": "https://www.iryou.teikyouseido.mhlw.go.jp/znk-web/juminkanja/S2430/initialize?prefCd=22&kikanCd=7220904890&kikanKbn=5", "url2": "http://www.msraise.com/pharmacies/ikiiki/", "内容": "いきいき薬局【5:薬局】静岡県浜松市中央区三島町６３６－５" }, "geometry": { "type": "Point", "coordinates": [ 137.74107, 34.690251 ] } },
{ "type": "Feature", "properties": { "ID": "2257220904900", "正式名称": "さくら薬局浜松幸店", "機関区分": 5, "都道府県コード": 22, "市区町村コード": 138, "所在地": "静岡県浜松市中央区幸１ー１３ー５", "緯度": 34.740354, "経度": 137.723816, "url": "https://www.iryou.teikyouseido.mhlw.go.jp/znk-web/juminkanja/S2430/initialize?prefCd=22&kikanCd=7220904900&kikanKbn=5", "url2": "http://www.kraft-net.co.jp/search/3854/", "内容": "さくら薬局浜松幸店【5:薬局】静岡県浜松市中央区幸１ー１３ー５" }, "geometry": { "type": "Point", "coordinates": [ 137.723816, 34.740354 ] } },
{ "type": "Feature", "properties": { "ID": "2257220904930", "正式名称": "スギ薬局浜松西ケ崎店", "機関区分": 5, "都道府県コード": 22, "市区町村コード": 138, "所在地": "静岡県浜松市中央区西ケ崎町１０７２－１", "緯度": 34.774434, "経度": 137.767908, "url": "https://www.iryou.teikyouseido.mhlw.go.jp/znk-web/juminkanja/S2430/initialize?prefCd=22&kikanCd=7220904930&kikanKbn=5", "url2": "http://www.drug-sugi.co.jp/", "内容": "スギ薬局浜松西ケ崎店【5:薬局】静岡県浜松市中央区西ケ崎町１０７２－１" }, "geometry": { "type": "Point", "coordinates": [ 137.767908, 34.774434 ] } },
{ "type": "Feature", "properties": { "ID": "2257220904940", "正式名称": "コストコホールセール浜松倉庫店薬局", "機関区分": 5, "都道府県コード": 22, "市区町村コード": 138, "所在地": "静岡県浜松市中央区上西町", "緯度": 34.726284, "経度": 137.764973, "url": "https://www.iryou.teikyouseido.mhlw.go.jp/znk-web/juminkanja/S2430/initialize?prefCd=22&kikanCd=7220904940&kikanKbn=5", "url2": null, "内容": "コストコホールセール浜松倉庫店薬局【5:薬局】静岡県浜松市中央区上西町" }, "geometry": { "type": "Point", "coordinates": [ 137.764973, 34.726284 ] } },
{ "type": "Feature", "properties": { "ID": "2257220904950", "正式名称": "ほんごう薬局", "機関区分": 5, "都道府県コード": 22, "市区町村コード": 138, "所在地": "静岡県浜松市中央区本郷町１３１４番地の２２", "緯度": 34.699715, "経度": 137.763557, "url": "https://www.iryou.teikyouseido.mhlw.go.jp/znk-web/juminkanja/S2430/initialize?prefCd=22&kikanCd=7220904950&kikanKbn=5", "url2": null, "内容": "ほんごう薬局【5:薬局】静岡県浜松市中央区本郷町１３１４番地の２２" }, "geometry": { "type": "Point", "coordinates": [ 137.763557, 34.699715 ] } },
{ "type": "Feature", "properties": { "ID": "2257220904960", "正式名称": "ハート薬局", "機関区分": 5, "都道府県コード": 22, "市区町村コード": 138, "所在地": "静岡県浜松市中央区下石田町１５６６", "緯度": 34.735628, "経度": 137.782029, "url": "https://www.iryou.teikyouseido.mhlw.go.jp/znk-web/juminkanja/S2430/initialize?prefCd=22&kikanCd=7220904960&kikanKbn=5", "url2": "https://heart-pharmacy.net/", "内容": "ハート薬局【5:薬局】静岡県浜松市中央区下石田町１５６６" }, "geometry": { "type": "Point", "coordinates": [ 137.782029, 34.735628 ] } },
{ "type": "Feature", "properties": { "ID": "2257220904980", "正式名称": "アイセイ薬局コスモス店", "機関区分": 5, "都道府県コード": 22, "市区町村コード": 138, "所在地": "静岡県浜松市中央区三方原町１００－１３", "緯度": 34.772905, "経度": 137.72121, "url": "https://www.iryou.teikyouseido.mhlw.go.jp/znk-web/juminkanja/S2430/initialize?prefCd=22&kikanCd=7220904980&kikanKbn=5", "url2": "https://www.aisei.co.jp/", "内容": "アイセイ薬局コスモス店【5:薬局】静岡県浜松市中央区三方原町１００－１３" }, "geometry": { "type": "Point", "coordinates": [ 137.72121, 34.772905 ] } },
{ "type": "Feature", "properties": { "ID": "2257220905000", "正式名称": "なづか薬局", "機関区分": 5, "都道府県コード": 22, "市区町村コード": 138, "所在地": "静岡県浜松市中央区名塚町１４８－１", "緯度": 34.705777, "経度": 137.755044, "url": "https://www.iryou.teikyouseido.mhlw.go.jp/znk-web/juminkanja/S2430/initialize?prefCd=22&kikanCd=7220905000&kikanKbn=5", "url2": null, "内容": "なづか薬局【5:薬局】静岡県浜松市中央区名塚町１４８－１" }, "geometry": { "type": "Point", "coordinates": [ 137.755044, 34.705777 ] } },
{ "type": "Feature", "properties": { "ID": "2257220905020", "正式名称": "杏林堂薬局上島駅前店", "機関区分": 5, "都道府県コード": 22, "市区町村コード": 138, "所在地": "静岡県浜松市中央区上島３－２８－１０", "緯度": 34.741459, "経度": 137.74669, "url": "https://www.iryou.teikyouseido.mhlw.go.jp/znk-web/juminkanja/S2430/initialize?prefCd=22&kikanCd=7220905020&kikanKbn=5", "url2": "https://www.kyorindo.co.jp/", "内容": "杏林堂薬局上島駅前店【5:薬局】静岡県浜松市中央区上島３－２８－１０" }, "geometry": { "type": "Point", "coordinates": [ 137.74669, 34.741459 ] } },
{ "type": "Feature", "properties": { "ID": "2257220905030", "正式名称": "漢方みず堂杏林堂薬局ピーワンプラザ天王店", "機関区分": 5, "都道府県コード": 22, "市区町村コード": 138, "所在地": "静岡県浜松市中央区天王町１９８２－３", "緯度": 34.735355, "経度": 137.765633, "url": "https://www.iryou.teikyouseido.mhlw.go.jp/znk-web/juminkanja/S2430/initialize?prefCd=22&kikanCd=7220905030&kikanKbn=5", "url2": "http://www.mizdo.com", "内容": "漢方みず堂杏林堂薬局ピーワンプラザ天王店【5:薬局】静岡県浜松市中央区天王町１９８２－３" }, "geometry": { "type": "Point", "coordinates": [ 137.765633, 34.735355 ] } },
{ "type": "Feature", "properties": { "ID": "2257220905050", "正式名称": "すみれ薬局", "機関区分": 5, "都道府県コード": 22, "市区町村コード": 138, "所在地": "静岡県浜松市中央区丸塚町５２５－１", "緯度": 34.726217, "経度": 137.756404, "url": "https://www.iryou.teikyouseido.mhlw.go.jp/znk-web/juminkanja/S2430/initialize?prefCd=22&kikanCd=7220905050&kikanKbn=5", "url2": null, "内容": "すみれ薬局【5:薬局】静岡県浜松市中央区丸塚町５２５－１" }, "geometry": { "type": "Point", "coordinates": [ 137.756404, 34.726217 ] } },
{ "type": "Feature", "properties": { "ID": "2257220905070", "正式名称": "杏林堂薬局和合店", "機関区分": 5, "都道府県コード": 22, "市区町村コード": 138, "所在地": "静岡県浜松市中央区和合町２２０－１０１", "緯度": 34.739845, "経度": 137.703598, "url": "https://www.iryou.teikyouseido.mhlw.go.jp/znk-web/juminkanja/S2430/initialize?prefCd=22&kikanCd=7220905070&kikanKbn=5", "url2": "https://www.kyorindo.co.jp", "内容": "杏林堂薬局和合店【5:薬局】静岡県浜松市中央区和合町２２０－１０１" }, "geometry": { "type": "Point", "coordinates": [ 137.703598, 34.739845 ] } },
{ "type": "Feature", "properties": { "ID": "2257220905080", "正式名称": "浜松ひよこ薬局", "機関区分": 5, "都道府県コード": 22, "市区町村コード": 138, "所在地": "静岡県浜松市中央区和田町９１９－３", "緯度": 34.718428, "経度": 137.767779, "url": "https://www.iryou.teikyouseido.mhlw.go.jp/znk-web/juminkanja/S2430/initialize?prefCd=22&kikanCd=7220905080&kikanKbn=5", "url2": "https://www.commu.phm.co.jp/notifications", "内容": "浜松ひよこ薬局【5:薬局】静岡県浜松市中央区和田町９１９－３" }, "geometry": { "type": "Point", "coordinates": [ 137.767779, 34.718428 ] } },
{ "type": "Feature", "properties": { "ID": "2257220905090", "正式名称": "浜松スマイル薬局", "機関区分": 5, "都道府県コード": 22, "市区町村コード": 138, "所在地": "静岡県浜松市中央区城北二丁目１５番６号", "緯度": 34.722717, "経度": 137.719484, "url": "https://www.iryou.teikyouseido.mhlw.go.jp/znk-web/juminkanja/S2430/initialize?prefCd=22&kikanCd=7220905090&kikanKbn=5", "url2": null, "内容": "浜松スマイル薬局【5:薬局】静岡県浜松市中央区城北二丁目１５番６号" }, "geometry": { "type": "Point", "coordinates": [ 137.719484, 34.722717 ] } },
{ "type": "Feature", "properties": { "ID": "2257220905100", "正式名称": "おおぞら薬局　上島店", "機関区分": 5, "都道府県コード": 22, "市区町村コード": 138, "所在地": "静岡県浜松市中央区上島６－３－４５", "緯度": 34.741637, "経度": 137.738546, "url": "https://www.iryou.teikyouseido.mhlw.go.jp/znk-web/juminkanja/S2430/initialize?prefCd=22&kikanCd=7220905100&kikanKbn=5", "url2": "http://oozora-group.jp/", "内容": "おおぞら薬局　上島店【5:薬局】静岡県浜松市中央区上島６－３－４５" }, "geometry": { "type": "Point", "coordinates": [ 137.738546, 34.741637 ] } },
{ "type": "Feature", "properties": { "ID": "2257220905120", "正式名称": "わかくさ薬局", "機関区分": 5, "都道府県コード": 22, "市区町村コード": 138, "所在地": "静岡県浜松市中央区笠井新田町１８０－２", "緯度": 34.769397, "経度": 137.79006, "url": "https://www.iryou.teikyouseido.mhlw.go.jp/znk-web/juminkanja/S2430/initialize?prefCd=22&kikanCd=7220905120&kikanKbn=5", "url2": null, "内容": "わかくさ薬局【5:薬局】静岡県浜松市中央区笠井新田町１８０－２" }, "geometry": { "type": "Point", "coordinates": [ 137.79006, 34.769397 ] } },
{ "type": "Feature", "properties": { "ID": "2257220905130", "正式名称": "杏林堂薬局　有玉南町店", "機関区分": 5, "都道府県コード": 22, "市区町村コード": 138, "所在地": "静岡県浜松市中央区有玉南町５１９", "緯度": 34.756625, "経度": 137.755183, "url": "https://www.iryou.teikyouseido.mhlw.go.jp/znk-web/juminkanja/S2430/initialize?prefCd=22&kikanCd=7220905130&kikanKbn=5", "url2": "http://www.kyorindo.co.jp", "内容": "杏林堂薬局　有玉南町店【5:薬局】静岡県浜松市中央区有玉南町５１９" }, "geometry": { "type": "Point", "coordinates": [ 137.755183, 34.756625 ] } },
{ "type": "Feature", "properties": { "ID": "2257220905140", "正式名称": "このみ薬局　高林店", "機関区分": 5, "都道府県コード": 22, "市区町村コード": 138, "所在地": "静岡県浜松市中央区高林", "緯度": 34.729097, "経度": 137.734483, "url": "https://www.iryou.teikyouseido.mhlw.go.jp/znk-web/juminkanja/S2430/initialize?prefCd=22&kikanCd=7220905140&kikanKbn=5", "url2": "https://www.sublue-medical.co.jp/", "内容": "このみ薬局　高林店【5:薬局】静岡県浜松市中央区高林" }, "geometry": { "type": "Point", "coordinates": [ 137.734483, 34.729097 ] } },
{ "type": "Feature", "properties": { "ID": "2257220905150", "正式名称": "おいわけ薬局", "機関区分": 5, "都道府県コード": 22, "市区町村コード": 138, "所在地": "静岡県浜松市中央区初生町９０５ー５", "緯度": 34.764046, "経度": 137.722028, "url": "https://www.iryou.teikyouseido.mhlw.go.jp/znk-web/juminkanja/S2430/initialize?prefCd=22&kikanCd=7220905150&kikanKbn=5", "url2": "http://msraise.com/", "内容": "おいわけ薬局【5:薬局】静岡県浜松市中央区初生町９０５ー５" }, "geometry": { "type": "Point", "coordinates": [ 137.722028, 34.764046 ] } },
{ "type": "Feature", "properties": { "ID": "2257220905160", "正式名称": "健康第一薬局　高塚店", "機関区分": 5, "都道府県コード": 22, "市区町村コード": 138, "所在地": "静岡県浜松市中央区高塚町１２１－１", "緯度": 34.689612, "経度": 137.686422, "url": "https://www.iryou.teikyouseido.mhlw.go.jp/znk-web/juminkanja/S2430/initialize?prefCd=22&kikanCd=7220905160&kikanKbn=5", "url2": "https://kenko-dai1.jp/", "内容": "健康第一薬局　高塚店【5:薬局】静岡県浜松市中央区高塚町１２１－１" }, "geometry": { "type": "Point", "coordinates": [ 137.686422, 34.689612 ] } },
{ "type": "Feature", "properties": { "ID": "2257220905170", "正式名称": "あるぷす薬局上島本店", "機関区分": 5, "都道府県コード": 22, "市区町村コード": 138, "所在地": "静岡県浜松市中央区上島５丁目１１－２２", "緯度": 34.74327, "経度": 137.744572, "url": "https://www.iryou.teikyouseido.mhlw.go.jp/znk-web/juminkanja/S2430/initialize?prefCd=22&kikanCd=7220905170&kikanKbn=5", "url2": "http://www.yakuzaishi-net.com/", "内容": "あるぷす薬局上島本店【5:薬局】静岡県浜松市中央区上島５丁目１１－２２" }, "geometry": { "type": "Point", "coordinates": [ 137.744572, 34.74327 ] } },
{ "type": "Feature", "properties": { "ID": "2257220905210", "正式名称": "スギ薬局　浜松海老塚店", "機関区分": 5, "都道府県コード": 22, "市区町村コード": 138, "所在地": "静岡県浜松市中央区海老塚１ー２０ー１５", "緯度": 34.697058, "経度": 137.729818, "url": "https://www.iryou.teikyouseido.mhlw.go.jp/znk-web/juminkanja/S2430/initialize?prefCd=22&kikanCd=7220905210&kikanKbn=5", "url2": "https://www.drug-sugi.co.jp/", "内容": "スギ薬局　浜松海老塚店【5:薬局】静岡県浜松市中央区海老塚１ー２０ー１５" }, "geometry": { "type": "Point", "coordinates": [ 137.729818, 34.697058 ] } },
{ "type": "Feature", "properties": { "ID": "2257220905220", "正式名称": "なないろ薬局　鴨江店", "機関区分": 5, "都道府県コード": 22, "市区町村コード": 138, "所在地": "静岡県浜松市中央区鴨江", "緯度": 34.703321, "経度": 137.722901, "url": "https://www.iryou.teikyouseido.mhlw.go.jp/znk-web/juminkanja/S2430/initialize?prefCd=22&kikanCd=7220905220&kikanKbn=5", "url2": null, "内容": "なないろ薬局　鴨江店【5:薬局】静岡県浜松市中央区鴨江" }, "geometry": { "type": "Point", "coordinates": [ 137.722901, 34.703321 ] } },
{ "type": "Feature", "properties": { "ID": "2257220905240", "正式名称": "ウエルシア薬局　浜松参野町店", "機関区分": 5, "都道府県コード": 22, "市区町村コード": 138, "所在地": "静岡県浜松市中央区参野町１５－１", "緯度": 34.691324, "経度": 137.754716, "url": "https://www.iryou.teikyouseido.mhlw.go.jp/znk-web/juminkanja/S2430/initialize?prefCd=22&kikanCd=7220905240&kikanKbn=5", "url2": "http://as.chizumaru.com/welcia/detailMap?account=welcia&accmd=3&kkw002=1%2c2&adr=22134&bid=2075&pgret=2", "内容": "ウエルシア薬局　浜松参野町店【5:薬局】静岡県浜松市中央区参野町１５－１" }, "geometry": { "type": "Point", "coordinates": [ 137.754716, 34.691324 ] } },
{ "type": "Feature", "properties": { "ID": "2257220905260", "正式名称": "クリエイト薬局　浜松三島店", "機関区分": 5, "都道府県コード": 22, "市区町村コード": 138, "所在地": "静岡県浜松市中央区三島町７８０", "緯度": 34.685077, "経度": 137.743742, "url": "https://www.iryou.teikyouseido.mhlw.go.jp/znk-web/juminkanja/S2430/initialize?prefCd=22&kikanCd=7220905260&kikanKbn=5", "url2": "http://www.create-sd.co.jp/", "内容": "クリエイト薬局　浜松三島店【5:薬局】静岡県浜松市中央区三島町７８０" }, "geometry": { "type": "Point", "coordinates": [ 137.743742, 34.685077 ] } },
{ "type": "Feature", "properties": { "ID": "2257220905270", "正式名称": "高台グリーン薬局", "機関区分": 5, "都道府県コード": 22, "市区町村コード": 138, "所在地": "静岡県浜松市中央区住吉２－９－２３", "緯度": 34.729859, "経度": 137.726994, "url": "https://www.iryou.teikyouseido.mhlw.go.jp/znk-web/juminkanja/S2430/initialize?prefCd=22&kikanCd=7220905270&kikanKbn=5", "url2": "https://greenyakkyoku.com", "内容": "高台グリーン薬局【5:薬局】静岡県浜松市中央区住吉２－９－２３" }, "geometry": { "type": "Point", "coordinates": [ 137.726994, 34.729859 ] } },
{ "type": "Feature", "properties": { "ID": "2257220905290", "正式名称": "アイン薬局　きらりタウン店", "機関区分": 5, "都道府県コード": 22, "市区町村コード": 139, "所在地": "静岡県浜松市浜名区染地台１－２５－６", "緯度": 34.782988, "経度": 137.745187, "url": "https://www.iryou.teikyouseido.mhlw.go.jp/znk-web/juminkanja/S2430/initialize?prefCd=22&kikanCd=7220905290&kikanKbn=5", "url2": "https://www.ainj.co.jp/", "内容": "アイン薬局　きらりタウン店【5:薬局】静岡県浜松市浜名区染地台１－２５－６" }, "geometry": { "type": "Point", "coordinates": [ 137.745187, 34.782988 ] } },
{ "type": "Feature", "properties": { "ID": "2257220905300", "正式名称": "ファーマライズ薬局　浜松中央店", "機関区分": 5, "都道府県コード": 22, "市区町村コード": 138, "所在地": "静岡県浜松市中央区中央一丁目５番６号", "緯度": 34.712902, "経度": 137.735192, "url": "https://www.iryou.teikyouseido.mhlw.go.jp/znk-web/juminkanja/S2430/initialize?prefCd=22&kikanCd=7220905300&kikanKbn=5", "url2": "http://www.pharmarise.com/", "内容": "ファーマライズ薬局　浜松中央店【5:薬局】静岡県浜松市中央区中央一丁目５番６号" }, "geometry": { "type": "Point", "coordinates": [ 137.735192, 34.712902 ] } },
{ "type": "Feature", "properties": { "ID": "2257220905310", "正式名称": "ファーマライズ薬局　浜松店", "機関区分": 5, "都道府県コード": 22, "市区町村コード": 138, "所在地": "静岡県浜松市中央区住吉２－１２－２３", "緯度": 34.730878, "経度": 137.724564, "url": "https://www.iryou.teikyouseido.mhlw.go.jp/znk-web/juminkanja/S2430/initialize?prefCd=22&kikanCd=7220905310&kikanKbn=5", "url2": "http://www.pharmarise.com/", "内容": "ファーマライズ薬局　浜松店【5:薬局】静岡県浜松市中央区住吉２－１２－２３" }, "geometry": { "type": "Point", "coordinates": [ 137.724564, 34.730878 ] } },
{ "type": "Feature", "properties": { "ID": "2257220905350", "正式名称": "有玉あきは薬局", "機関区分": 5, "都道府県コード": 22, "市区町村コード": 138, "所在地": "静岡県浜松市中央区有玉北町１９９２－２", "緯度": 34.762463, "経度": 137.750099, "url": "https://www.iryou.teikyouseido.mhlw.go.jp/znk-web/juminkanja/S2430/initialize?prefCd=22&kikanCd=7220905350&kikanKbn=5", "url2": null, "内容": "有玉あきは薬局【5:薬局】静岡県浜松市中央区有玉北町１９９２－２" }, "geometry": { "type": "Point", "coordinates": [ 137.750099, 34.762463 ] } },
{ "type": "Feature", "properties": { "ID": "2257220905360", "正式名称": "葵町あきは薬局", "機関区分": 5, "都道府県コード": 22, "市区町村コード": 138, "所在地": "静岡県浜松市中央区葵西４－２０－２０", "緯度": 34.772619, "経度": 137.703365, "url": "https://www.iryou.teikyouseido.mhlw.go.jp/znk-web/juminkanja/S2430/initialize?prefCd=22&kikanCd=7220905360&kikanKbn=5", "url2": null, "内容": "葵町あきは薬局【5:薬局】静岡県浜松市中央区葵西４－２０－２０" }, "geometry": { "type": "Point", "coordinates": [ 137.703365, 34.772619 ] } },
{ "type": "Feature", "properties": { "ID": "2257220905370", "正式名称": "杏林堂薬局　白羽店", "機関区分": 5, "都道府県コード": 22, "市区町村コード": 138, "所在地": "静岡県浜松市中央区白羽町７３７", "緯度": 34.678632, "経度": 137.736247, "url": "https://www.iryou.teikyouseido.mhlw.go.jp/znk-web/juminkanja/S2430/initialize?prefCd=22&kikanCd=7220905370&kikanKbn=5", "url2": "https://www.kyorindo.co.jp/", "内容": "杏林堂薬局　白羽店【5:薬局】静岡県浜松市中央区白羽町７３７" }, "geometry": { "type": "Point", "coordinates": [ 137.736247, 34.678632 ] } },
{ "type": "Feature", "properties": { "ID": "2257220905380", "正式名称": "杏林堂薬局　内野店", "機関区分": 5, "都道府県コード": 22, "市区町村コード": 139, "所在地": "静岡県浜松市浜名区内野７９０－１", "緯度": 34.78235, "経度": 137.75488, "url": "https://www.iryou.teikyouseido.mhlw.go.jp/znk-web/juminkanja/S2430/initialize?prefCd=22&kikanCd=7220905380&kikanKbn=5", "url2": "https://www.kyorindo.co.jp/", "内容": "杏林堂薬局　内野店【5:薬局】静岡県浜松市浜名区内野７９０－１" }, "geometry": { "type": "Point", "coordinates": [ 137.75488, 34.78235 ] } },
{ "type": "Feature", "properties": { "ID": "2257220905390", "正式名称": "あるぷす薬局みその店", "機関区分": 5, "都道府県コード": 22, "市区町村コード": 139, "所在地": "静岡県浜松市浜名区西美薗４２－４", "緯度": 34.793157, "経度": 137.790877, "url": "https://www.iryou.teikyouseido.mhlw.go.jp/znk-web/juminkanja/S2430/initialize?prefCd=22&kikanCd=7220905390&kikanKbn=5", "url2": "http://www.yakuzaishi-net.com/", "内容": "あるぷす薬局みその店【5:薬局】静岡県浜松市浜名区西美薗４２－４" }, "geometry": { "type": "Point", "coordinates": [ 137.790877, 34.793157 ] } },
{ "type": "Feature", "properties": { "ID": "2257220905400", "正式名称": "クスリのアオキ浜松北島薬局", "機関区分": 5, "都道府県コード": 22, "市区町村コード": 138, "所在地": "静岡県浜松市中央区北島町５２６番地の２", "緯度": 34.7307, "経度": 137.781255, "url": "https://www.iryou.teikyouseido.mhlw.go.jp/znk-web/juminkanja/S2430/initialize?prefCd=22&kikanCd=7220905400&kikanKbn=5", "url2": "https://www.kusuri-aoki.co.jp/", "内容": "クスリのアオキ浜松北島薬局【5:薬局】静岡県浜松市中央区北島町５２６番地の２" }, "geometry": { "type": "Point", "coordinates": [ 137.781255, 34.7307 ] } },
{ "type": "Feature", "properties": { "ID": "2257220905410", "正式名称": "ウエルシア薬局　浜松西町店", "機関区分": 5, "都道府県コード": 22, "市区町村コード": 138, "所在地": "静岡県浜松市中央区西町６７３番地", "緯度": 34.678544, "経度": 137.778458, "url": "https://www.iryou.teikyouseido.mhlw.go.jp/znk-web/juminkanja/S2430/initialize?prefCd=22&kikanCd=7220905410&kikanKbn=5", "url2": "https://stores.welcia.co.jp/7274D", "内容": "ウエルシア薬局　浜松西町店【5:薬局】静岡県浜松市中央区西町６７３番地" }, "geometry": { "type": "Point", "coordinates": [ 137.778458, 34.678544 ] } },
{ "type": "Feature", "properties": { "ID": "2257220905420", "正式名称": "てらだ薬局　三方原店", "機関区分": 5, "都道府県コード": 22, "市区町村コード": 138, "所在地": "静岡県浜松市中央区三方原町２３６ー４", "緯度": 34.77146, "経度": 137.710824, "url": "https://www.iryou.teikyouseido.mhlw.go.jp/znk-web/juminkanja/S2430/initialize?prefCd=22&kikanCd=7220905420&kikanKbn=5", "url2": "http://www.terada-ph.jp", "内容": "てらだ薬局　三方原店【5:薬局】静岡県浜松市中央区三方原町２３６ー４" }, "geometry": { "type": "Point", "coordinates": [ 137.710824, 34.77146 ] } },
{ "type": "Feature", "properties": { "ID": "2257220905430", "正式名称": "ひまわり薬局　気賀店", "機関区分": 5, "都道府県コード": 22, "市区町村コード": 139, "所在地": "静岡県浜松市浜名区細江町気賀１４６－４", "緯度": 34.806164, "経度": 137.650944, "url": "https://www.iryou.teikyouseido.mhlw.go.jp/znk-web/juminkanja/S2430/initialize?prefCd=22&kikanCd=7220905430&kikanKbn=5", "url2": null, "内容": "ひまわり薬局　気賀店【5:薬局】静岡県浜松市浜名区細江町気賀１４６－４" }, "geometry": { "type": "Point", "coordinates": [ 137.650944, 34.806164 ] } },
{ "type": "Feature", "properties": { "ID": "2257220905450", "正式名称": "杏林堂薬局中郡店", "機関区分": 5, "都道府県コード": 22, "市区町村コード": 138, "所在地": "静岡県浜松市中央区中郡町１８２２", "緯度": 34.769985, "経度": 137.782997, "url": "https://www.iryou.teikyouseido.mhlw.go.jp/znk-web/juminkanja/S2430/initialize?prefCd=22&kikanCd=7220905450&kikanKbn=5", "url2": "https://www.kyorindo.co.jp", "内容": "杏林堂薬局中郡店【5:薬局】静岡県浜松市中央区中郡町１８２２" }, "geometry": { "type": "Point", "coordinates": [ 137.782997, 34.769985 ] } },
{ "type": "Feature", "properties": { "ID": "2257220905460", "正式名称": "中瀬グリーン薬局", "機関区分": 5, "都道府県コード": 22, "市区町村コード": 139, "所在地": "静岡県浜松市浜名区中瀬１１００－１０", "緯度": 34.818662, "経度": 137.807206, "url": "https://www.iryou.teikyouseido.mhlw.go.jp/znk-web/juminkanja/S2430/initialize?prefCd=22&kikanCd=7220905460&kikanKbn=5", "url2": "http;//greenyakkyoku.com/", "内容": "中瀬グリーン薬局【5:薬局】静岡県浜松市浜名区中瀬１１００－１０" }, "geometry": { "type": "Point", "coordinates": [ 137.807206, 34.818662 ] } },
{ "type": "Feature", "properties": { "ID": "2257220905470", "正式名称": "あるぷす薬局　原島店", "機関区分": 5, "都道府県コード": 22, "市区町村コード": 138, "所在地": "静岡県浜松市中央区原島町３５４－３", "緯度": 34.732965, "経度": 137.771622, "url": "https://www.iryou.teikyouseido.mhlw.go.jp/znk-web/juminkanja/S2430/initialize?prefCd=22&kikanCd=7220905470&kikanKbn=5", "url2": "http://www.yakuzaishi-net.com/", "内容": "あるぷす薬局　原島店【5:薬局】静岡県浜松市中央区原島町３５４－３" }, "geometry": { "type": "Point", "coordinates": [ 137.771622, 34.732965 ] } },
{ "type": "Feature", "properties": { "ID": "2257220905480", "正式名称": "中郡グリーン薬局", "機関区分": 5, "都道府県コード": 22, "市区町村コード": 138, "所在地": "静岡県浜松市中央区積志町３２－１", "緯度": 34.773561, "経度": 137.771748, "url": "https://www.iryou.teikyouseido.mhlw.go.jp/znk-web/juminkanja/S2430/initialize?prefCd=22&kikanCd=7220905480&kikanKbn=5", "url2": "https://greenyakkyoku.com/nakagori.html", "内容": "中郡グリーン薬局【5:薬局】静岡県浜松市中央区積志町３２－１" }, "geometry": { "type": "Point", "coordinates": [ 137.771748, 34.773561 ] } },
{ "type": "Feature", "properties": { "ID": "2257220905490", "正式名称": "杏林堂薬局　小松店", "機関区分": 5, "都道府県コード": 22, "市区町村コード": 139, "所在地": "静岡県浜松市浜名区小松４６５ー３", "緯度": 34.786575, "経度": 137.771155, "url": "https://www.iryou.teikyouseido.mhlw.go.jp/znk-web/juminkanja/S2430/initialize?prefCd=22&kikanCd=7220905490&kikanKbn=5", "url2": "https://www.kyorindo.co.jp/", "内容": "杏林堂薬局　小松店【5:薬局】静岡県浜松市浜名区小松４６５ー３" }, "geometry": { "type": "Point", "coordinates": [ 137.771155, 34.786575 ] } },
{ "type": "Feature", "properties": { "ID": "2257220905510", "正式名称": "レイズ薬局　初生店", "機関区分": 5, "都道府県コード": 22, "市区町村コード": 138, "所在地": "静岡県浜松市中央区初生町１１３７－７", "緯度": 34.771332, "経度": 137.729637, "url": "https://www.iryou.teikyouseido.mhlw.go.jp/znk-web/juminkanja/S2430/initialize?prefCd=22&kikanCd=7220905510&kikanKbn=5", "url2": "http://msraise.com", "内容": "レイズ薬局　初生店【5:薬局】静岡県浜松市中央区初生町１１３７－７" }, "geometry": { "type": "Point", "coordinates": [ 137.729637, 34.771332 ] } },
{ "type": "Feature", "properties": { "ID": "2257220905520", "正式名称": "ファーマライズ薬局　Ｐステーション", "機関区分": 5, "都道府県コード": 22, "市区町村コード": 138, "所在地": "静岡県浜松市中央区根洗町４７２－３", "緯度": 34.798391, "経度": 137.695694, "url": "https://www.iryou.teikyouseido.mhlw.go.jp/znk-web/juminkanja/S2430/initialize?prefCd=22&kikanCd=7220905520&kikanKbn=5", "url2": "https://www.pharmarise.com/company/store/store.php?store_id=526", "内容": "ファーマライズ薬局　Ｐステーション【5:薬局】静岡県浜松市中央区根洗町４７２－３" }, "geometry": { "type": "Point", "coordinates": [ 137.695694, 34.798391 ] } },
{ "type": "Feature", "properties": { "ID": "2257220905530", "正式名称": "ふうき堂薬局", "機関区分": 5, "都道府県コード": 22, "市区町村コード": 138, "所在地": "静岡県浜松市中央区入野町", "緯度": 34.698873, "経度": 137.674479, "url": "https://www.iryou.teikyouseido.mhlw.go.jp/znk-web/juminkanja/S2430/initialize?prefCd=22&kikanCd=7220905530&kikanKbn=5", "url2": "https://yakkyoku.kampofuuki.com/", "内容": "ふうき堂薬局【5:薬局】静岡県浜松市中央区入野町" }, "geometry": { "type": "Point", "coordinates": [ 137.674479, 34.698873 ] } },
{ "type": "Feature", "properties": { "ID": "2257220905540", "正式名称": "薬局フォーリア　松城店", "機関区分": 5, "都道府県コード": 22, "市区町村コード": 138, "所在地": "静岡県浜松市中央区松城町２００－１０", "緯度": 34.711727, "経度": 137.722552, "url": "https://www.iryou.teikyouseido.mhlw.go.jp/znk-web/juminkanja/S2430/initialize?prefCd=22&kikanCd=7220905540&kikanKbn=5", "url2": "https://www.folia.jp/", "内容": "薬局フォーリア　松城店【5:薬局】静岡県浜松市中央区松城町２００－１０" }, "geometry": { "type": "Point", "coordinates": [ 137.722552, 34.711727 ] } },
{ "type": "Feature", "properties": { "ID": "2257220905550", "正式名称": "杏林堂薬局　志都呂調剤センター", "機関区分": 5, "都道府県コード": 22, "市区町村コード": 138, "所在地": "静岡県浜松市中央区志都呂１－２―１１", "緯度": 34.699252, "経度": 137.664051, "url": "https://www.iryou.teikyouseido.mhlw.go.jp/znk-web/juminkanja/S2430/initialize?prefCd=22&kikanCd=7220905550&kikanKbn=5", "url2": "http://www.kyorindo.co.jp", "内容": "杏林堂薬局　志都呂調剤センター【5:薬局】静岡県浜松市中央区志都呂１－２―１１" }, "geometry": { "type": "Point", "coordinates": [ 137.664051, 34.699252 ] } },
{ "type": "Feature", "properties": { "ID": "2257220905560", "正式名称": "ほほえみ薬局　西ヶ崎店", "機関区分": 5, "都道府県コード": 22, "市区町村コード": 138, "所在地": "静岡県浜松市中央区西ケ崎町５４２－１", "緯度": 34.77908, "経度": 137.774507, "url": "https://www.iryou.teikyouseido.mhlw.go.jp/znk-web/juminkanja/S2430/initialize?prefCd=22&kikanCd=7220905560&kikanKbn=5", "url2": null, "内容": "ほほえみ薬局　西ヶ崎店【5:薬局】静岡県浜松市中央区西ケ崎町５４２－１" }, "geometry": { "type": "Point", "coordinates": [ 137.774507, 34.77908 ] } },
{ "type": "Feature", "properties": { "ID": "2257220905570", "正式名称": "杏林堂薬局　上西店", "機関区分": 5, "都道府県コード": 22, "市区町村コード": 138, "所在地": "静岡県浜松市中央区上西町３－１２", "緯度": 34.725136, "経度": 137.752254, "url": "https://www.iryou.teikyouseido.mhlw.go.jp/znk-web/juminkanja/S2430/initialize?prefCd=22&kikanCd=7220905570&kikanKbn=5", "url2": "https://www.kyorindo.co.jp/", "内容": "杏林堂薬局　上西店【5:薬局】静岡県浜松市中央区上西町３－１２" }, "geometry": { "type": "Point", "coordinates": [ 137.752254, 34.725136 ] } },
{ "type": "Feature", "properties": { "ID": "2257220905590", "正式名称": "レイズ佐久間薬局", "機関区分": 5, "都道府県コード": 22, "市区町村コード": 140, "所在地": "静岡県浜松市天竜区佐久間町中部", "緯度": 35.081326, "経度": 137.799697, "url": "https://www.iryou.teikyouseido.mhlw.go.jp/znk-web/juminkanja/S2430/initialize?prefCd=22&kikanCd=7220905590&kikanKbn=5", "url2": "http://cykt.jp/index.html", "内容": "レイズ佐久間薬局【5:薬局】静岡県浜松市天竜区佐久間町中部" }, "geometry": { "type": "Point", "coordinates": [ 137.799697, 35.081326 ] } },
{ "type": "Feature", "properties": { "ID": "2257220905600", "正式名称": "さんさん薬局三ヶ日店", "機関区分": 5, "都道府県コード": 22, "市区町村コード": 139, "所在地": "静岡県浜松市浜名区三ヶ日町三ヶ日６５２－６", "緯度": 34.80469, "経度": 137.553402, "url": "https://www.iryou.teikyouseido.mhlw.go.jp/znk-web/juminkanja/S2430/initialize?prefCd=22&kikanCd=7220905600&kikanKbn=5", "url2": "https://sunsun-pharmacy.jp/", "内容": "さんさん薬局三ヶ日店【5:薬局】静岡県浜松市浜名区三ヶ日町三ヶ日６５２－６" }, "geometry": { "type": "Point", "coordinates": [ 137.553402, 34.80469 ] } },
{ "type": "Feature", "properties": { "ID": "2257220905610", "正式名称": "日本調剤しょうげん薬局", "機関区分": 5, "都道府県コード": 22, "市区町村コード": 138, "所在地": "静岡県浜松市中央区将監町２２－７", "緯度": 34.715441, "経度": 137.755173, "url": "https://www.iryou.teikyouseido.mhlw.go.jp/znk-web/juminkanja/S2430/initialize?prefCd=22&kikanCd=7220905610&kikanKbn=5", "url2": "https://www.nicho.co.jp/", "内容": "日本調剤しょうげん薬局【5:薬局】静岡県浜松市中央区将監町２２－７" }, "geometry": { "type": "Point", "coordinates": [ 137.755173, 34.715441 ] } },
{ "type": "Feature", "properties": { "ID": "2257220905620", "正式名称": "ユタカ薬局", "機関区分": 5, "都道府県コード": 22, "市区町村コード": 138, "所在地": "静岡県浜松市中央区三島町１３０－２", "緯度": 34.685983, "経度": 137.738209, "url": "https://www.iryou.teikyouseido.mhlw.go.jp/znk-web/juminkanja/S2430/initialize?prefCd=22&kikanCd=7220905620&kikanKbn=5", "url2": "http://www.ogasa-chozai-center.com/", "内容": "ユタカ薬局【5:薬局】静岡県浜松市中央区三島町１３０－２" }, "geometry": { "type": "Point", "coordinates": [ 137.738209, 34.685983 ] } },
{ "type": "Feature", "properties": { "ID": "2257220905690", "正式名称": "ファーマライズ薬局三方原店", "機関区分": 5, "都道府県コード": 22, "市区町村コード": 138, "所在地": "静岡県浜松市中央区根洗町５６６", "緯度": 34.792554, "経度": 137.689319, "url": "https://www.iryou.teikyouseido.mhlw.go.jp/znk-web/juminkanja/S2430/initialize?prefCd=22&kikanCd=7220905690&kikanKbn=5", "url2": "https://www.pharmarise.com/", "内容": "ファーマライズ薬局三方原店【5:薬局】静岡県浜松市中央区根洗町５６６" }, "geometry": { "type": "Point", "coordinates": [ 137.689319, 34.792554 ] } },
{ "type": "Feature", "properties": { "ID": "2257220905720", "正式名称": "ウエルシア薬局　浜松天竜船明店", "機関区分": 5, "都道府県コード": 22, "市区町村コード": 140, "所在地": "静岡県浜松市天竜区船明３０６４－５", "緯度": 34.886376, "経度": 137.815726, "url": "https://www.iryou.teikyouseido.mhlw.go.jp/znk-web/juminkanja/S2430/initialize?prefCd=22&kikanCd=7220905720&kikanKbn=5", "url2": null, "内容": "ウエルシア薬局　浜松天竜船明店【5:薬局】静岡県浜松市天竜区船明３０６４－５" }, "geometry": { "type": "Point", "coordinates": [ 137.815726, 34.886376 ] } },
{ "type": "Feature", "properties": { "ID": "2257220905730", "正式名称": "杏林堂薬局浜松医大調剤センター", "機関区分": 5, "都道府県コード": 22, "市区町村コード": 138, "所在地": "静岡県浜松市中央区半田山", "緯度": 34.768985, "経度": 137.742329, "url": "https://www.iryou.teikyouseido.mhlw.go.jp/znk-web/juminkanja/S2430/initialize?prefCd=22&kikanCd=7220905730&kikanKbn=5", "url2": "https://www.kyorindo.co.jp", "内容": "杏林堂薬局浜松医大調剤センター【5:薬局】静岡県浜松市中央区半田山" }, "geometry": { "type": "Point", "coordinates": [ 137.742329, 34.768985 ] } },
{ "type": "Feature", "properties": { "ID": "2257220905740", "正式名称": "安心薬局", "機関区分": 5, "都道府県コード": 22, "市区町村コード": 139, "所在地": "静岡県浜松市浜名区細江町中川７１７２－２６９５", "緯度": 34.792152, "経度": 137.682223, "url": "https://www.iryou.teikyouseido.mhlw.go.jp/znk-web/juminkanja/S2430/initialize?prefCd=22&kikanCd=7220905740&kikanKbn=5", "url2": "https://anshin-ph.com/index.html", "内容": "安心薬局【5:薬局】静岡県浜松市浜名区細江町中川７１７２－２６９５" }, "geometry": { "type": "Point", "coordinates": [ 137.682223, 34.792152 ] } },
{ "type": "Feature", "properties": { "ID": "2257220905750", "正式名称": "トピア薬局横須賀本店", "機関区分": 5, "都道府県コード": 22, "市区町村コード": 139, "所在地": "静岡県浜松市浜名区横須賀５４８番１", "緯度": 34.789472, "経度": 137.792945, "url": "https://www.iryou.teikyouseido.mhlw.go.jp/znk-web/juminkanja/S2430/initialize?prefCd=22&kikanCd=7220905750&kikanKbn=5", "url2": null, "内容": "トピア薬局横須賀本店【5:薬局】静岡県浜松市浜名区横須賀５４８番１" }, "geometry": { "type": "Point", "coordinates": [ 137.792945, 34.789472 ] } },
{ "type": "Feature", "properties": { "ID": "2257220905760", "正式名称": "まごころ薬局入野店", "機関区分": 5, "都道府県コード": 22, "市区町村コード": 138, "所在地": "静岡県浜松市中央区入野町９８６３－３", "緯度": 34.698105, "経度": 137.677488, "url": "https://www.iryou.teikyouseido.mhlw.go.jp/znk-web/juminkanja/S2430/initialize?prefCd=22&kikanCd=7220905760&kikanKbn=5", "url2": "http://www.longlife-ph.com/", "内容": "まごころ薬局入野店【5:薬局】静岡県浜松市中央区入野町９８６３－３" }, "geometry": { "type": "Point", "coordinates": [ 137.677488, 34.698105 ] } },
{ "type": "Feature", "properties": { "ID": "2257220905770", "正式名称": "はなはな薬局", "機関区分": 5, "都道府県コード": 22, "市区町村コード": 138, "所在地": "静岡県浜松市中央区天王町", "緯度": 34.736023, "経度": 137.773358, "url": "https://www.iryou.teikyouseido.mhlw.go.jp/znk-web/juminkanja/S2430/initialize?prefCd=22&kikanCd=7220905770&kikanKbn=5", "url2": "https://www.msraise.com/", "内容": "はなはな薬局【5:薬局】静岡県浜松市中央区天王町" }, "geometry": { "type": "Point", "coordinates": [ 137.773358, 34.736023 ] } },
{ "type": "Feature", "properties": { "ID": "2257220905780", "正式名称": "まごころ薬局下江町店", "機関区分": 5, "都道府県コード": 22, "市区町村コード": 138, "所在地": "静岡県浜松市中央区下江町４５６－１", "緯度": 34.679788, "経度": 137.771128, "url": "https://www.iryou.teikyouseido.mhlw.go.jp/znk-web/juminkanja/S2430/initialize?prefCd=22&kikanCd=7220905780&kikanKbn=5", "url2": "http://www.longlife-ph.com/", "内容": "まごころ薬局下江町店【5:薬局】静岡県浜松市中央区下江町４５６－１" }, "geometry": { "type": "Point", "coordinates": [ 137.771128, 34.679788 ] } },
{ "type": "Feature", "properties": { "ID": "2257220905790", "正式名称": "あい薬局浜北上島店", "機関区分": 5, "都道府県コード": 22, "市区町村コード": 139, "所在地": "静岡県浜松市浜名区上島１８５－１", "緯度": 34.84661, "経度": 137.815528, "url": "https://www.iryou.teikyouseido.mhlw.go.jp/znk-web/juminkanja/S2430/initialize?prefCd=22&kikanCd=7220905790&kikanKbn=5", "url2": "https://www.marinegroup.jp/detail/%e3%81%82%e3%81%84%e8%96%ac%e5%b1%80%e6%b5%9c%e5%8c%97%e4%b8%8a%e5%b3%b6%e5%ba%97/", "内容": "あい薬局浜北上島店【5:薬局】静岡県浜松市浜名区上島１８５－１" }, "geometry": { "type": "Point", "coordinates": [ 137.815528, 34.84661 ] } },
{ "type": "Feature", "properties": { "ID": "2257220905800", "正式名称": "ねあらい薬局", "機関区分": 5, "都道府県コード": 22, "市区町村コード": 138, "所在地": "静岡県浜松市中央区根洗町１１６７－７", "緯度": 34.798104, "経度": 137.70214, "url": "https://www.iryou.teikyouseido.mhlw.go.jp/znk-web/juminkanja/S2430/initialize?prefCd=22&kikanCd=7220905800&kikanKbn=5", "url2": null, "内容": "ねあらい薬局【5:薬局】静岡県浜松市中央区根洗町１１６７－７" }, "geometry": { "type": "Point", "coordinates": [ 137.70214, 34.798104 ] } },
{ "type": "Feature", "properties": { "ID": "2257220905810", "正式名称": "薬局フォーリア子安店", "機関区分": 5, "都道府県コード": 22, "市区町村コード": 138, "所在地": "静岡県浜松市中央区子安町３０１－７", "緯度": 34.712083, "経度": 137.758991, "url": "https://www.iryou.teikyouseido.mhlw.go.jp/znk-web/juminkanja/S2430/initialize?prefCd=22&kikanCd=7220905810&kikanKbn=5", "url2": "https://www.folia.jp/", "内容": "薬局フォーリア子安店【5:薬局】静岡県浜松市中央区子安町３０１－７" }, "geometry": { "type": "Point", "coordinates": [ 137.758991, 34.712083 ] } },
{ "type": "Feature", "properties": { "ID": "2257220905820", "正式名称": "つづき薬局", "機関区分": 5, "都道府県コード": 22, "市区町村コード": 139, "所在地": "静岡県浜松市浜名区三ヶ日町都筑", "緯度": 34.790616, "経度": 137.580971, "url": "https://www.iryou.teikyouseido.mhlw.go.jp/znk-web/juminkanja/S2430/initialize?prefCd=22&kikanCd=7220905820&kikanKbn=5", "url2": null, "内容": "つづき薬局【5:薬局】静岡県浜松市浜名区三ヶ日町都筑" }, "geometry": { "type": "Point", "coordinates": [ 137.580971, 34.790616 ] } },
{ "type": "Feature", "properties": { "ID": "2257220905830", "正式名称": "さくら薬局浜松和合店", "機関区分": 5, "都道府県コード": 22, "市区町村コード": 138, "所在地": "静岡県浜松市中央区和合町", "緯度": 34.738419, "経度": 137.71118, "url": "https://www.iryou.teikyouseido.mhlw.go.jp/znk-web/juminkanja/S2430/initialize?prefCd=22&kikanCd=7220905830&kikanKbn=5", "url2": "https://www.kraft-net.co.jp/sakura/store/4301/", "内容": "さくら薬局浜松和合店【5:薬局】静岡県浜松市中央区和合町" }, "geometry": { "type": "Point", "coordinates": [ 137.71118, 34.738419 ] } },
{ "type": "Feature", "properties": { "ID": "2257220905840", "正式名称": "さくら薬局浜松下石田店", "機関区分": 5, "都道府県コード": 22, "市区町村コード": 138, "所在地": "静岡県浜松市中央区下石田町２７３番地の１", "緯度": 34.741255, "経度": 137.781812, "url": "https://www.iryou.teikyouseido.mhlw.go.jp/znk-web/juminkanja/S2430/initialize?prefCd=22&kikanCd=7220905840&kikanKbn=5", "url2": "https://www.kraft-net.co.jp/sakura/store/4305/", "内容": "さくら薬局浜松下石田店【5:薬局】静岡県浜松市中央区下石田町２７３番地の１" }, "geometry": { "type": "Point", "coordinates": [ 137.781812, 34.741255 ] } },
{ "type": "Feature", "properties": { "ID": "2257220905850", "正式名称": "さくら薬局浜松蜆塚店", "機関区分": 5, "都道府県コード": 22, "市区町村コード": 138, "所在地": "静岡県浜松市中央区蜆塚３ー１ー９", "緯度": 34.711795, "経度": 137.706849, "url": "https://www.iryou.teikyouseido.mhlw.go.jp/znk-web/juminkanja/S2430/initialize?prefCd=22&kikanCd=7220905850&kikanKbn=5", "url2": "https://www.kraft-net.co.jp/sakura/store/4303/", "内容": "さくら薬局浜松蜆塚店【5:薬局】静岡県浜松市中央区蜆塚３ー１ー９" }, "geometry": { "type": "Point", "coordinates": [ 137.706849, 34.711795 ] } },
{ "type": "Feature", "properties": { "ID": "2257220905860", "正式名称": "さんた薬局", "機関区分": 5, "都道府県コード": 22, "市区町村コード": 139, "所在地": "静岡県浜松市浜名区於呂", "緯度": 34.835471, "経度": 137.801628, "url": "https://www.iryou.teikyouseido.mhlw.go.jp/znk-web/juminkanja/S2430/initialize?prefCd=22&kikanCd=7220905860&kikanKbn=5", "url2": null, "内容": "さんた薬局【5:薬局】静岡県浜松市浜名区於呂" }, "geometry": { "type": "Point", "coordinates": [ 137.801628, 34.835471 ] } },
{ "type": "Feature", "properties": { "ID": "2257220905880", "正式名称": "あおい薬局雄踏店", "機関区分": 5, "都道府県コード": 22, "市区町村コード": 138, "所在地": "静岡県浜松市中央区雄踏町宇布見４０６７－６", "緯度": 34.698311, "経度": 137.645083, "url": "https://www.iryou.teikyouseido.mhlw.go.jp/znk-web/juminkanja/S2430/initialize?prefCd=22&kikanCd=7220905880&kikanKbn=5", "url2": "http://www.aoigroup.jp/", "内容": "あおい薬局雄踏店【5:薬局】静岡県浜松市中央区雄踏町宇布見４０６７－６" }, "geometry": { "type": "Point", "coordinates": [ 137.645083, 34.698311 ] } },
{ "type": "Feature", "properties": { "ID": "2257220905890", "正式名称": "杏林堂薬局伊左地店", "機関区分": 5, "都道府県コード": 22, "市区町村コード": 138, "所在地": "静岡県浜松市中央区伊左地町４８０－１", "緯度": 34.744264, "経度": 137.659244, "url": "https://www.iryou.teikyouseido.mhlw.go.jp/znk-web/juminkanja/S2430/initialize?prefCd=22&kikanCd=7220905890&kikanKbn=5", "url2": "https://www.kyorindo.co.jp", "内容": "杏林堂薬局伊左地店【5:薬局】静岡県浜松市中央区伊左地町４８０－１" }, "geometry": { "type": "Point", "coordinates": [ 137.659244, 34.744264 ] } },
{ "type": "Feature", "properties": { "ID": "2257220905900", "正式名称": "セイムス浜松雄踏薬局", "機関区分": 5, "都道府県コード": 22, "市区町村コード": 138, "所在地": "静岡県浜松市中央区雄踏１－１６－１３", "緯度": 34.694361, "経度": 137.644919, "url": "https://www.iryou.teikyouseido.mhlw.go.jp/znk-web/juminkanja/S2430/initialize?prefCd=22&kikanCd=7220905900&kikanKbn=5", "url2": null, "内容": "セイムス浜松雄踏薬局【5:薬局】静岡県浜松市中央区雄踏１－１６－１３" }, "geometry": { "type": "Point", "coordinates": [ 137.644919, 34.694361 ] } },
{ "type": "Feature", "properties": { "ID": "2257220905910", "正式名称": "おおぞら薬局", "機関区分": 5, "都道府県コード": 22, "市区町村コード": 138, "所在地": "静岡県浜松市中央区半田山１－２２－１", "緯度": 34.773279, "経度": 137.743208, "url": "https://www.iryou.teikyouseido.mhlw.go.jp/znk-web/juminkanja/S2430/initialize?prefCd=22&kikanCd=7220905910&kikanKbn=5", "url2": "https://oozora-group.jp/", "内容": "おおぞら薬局【5:薬局】静岡県浜松市中央区半田山１－２２－１" }, "geometry": { "type": "Point", "coordinates": [ 137.743208, 34.773279 ] } },
{ "type": "Feature", "properties": { "ID": "2257220905920", "正式名称": "おおぞら薬局助信店", "機関区分": 5, "都道府県コード": 22, "市区町村コード": 138, "所在地": "静岡県浜松市中央区新津町１６", "緯度": 34.723672, "経度": 137.737678, "url": "https://www.iryou.teikyouseido.mhlw.go.jp/znk-web/juminkanja/S2430/initialize?prefCd=22&kikanCd=7220905920&kikanKbn=5", "url2": "https://oozora-group.jp/", "内容": "おおぞら薬局助信店【5:薬局】静岡県浜松市中央区新津町１６" }, "geometry": { "type": "Point", "coordinates": [ 137.737678, 34.723672 ] } },
{ "type": "Feature", "properties": { "ID": "2257220905930", "正式名称": "ウエルシア薬局浜松新橋町店", "機関区分": 5, "都道府県コード": 22, "市区町村コード": 138, "所在地": "静岡県浜松市中央区新橋町１１０２番地の１", "緯度": 34.680157, "経度": 137.710618, "url": "https://www.iryou.teikyouseido.mhlw.go.jp/znk-web/juminkanja/S2430/initialize?prefCd=22&kikanCd=7220905930&kikanKbn=5", "url2": "https://stores.welcia.co.jp/7319D", "内容": "ウエルシア薬局浜松新橋町店【5:薬局】静岡県浜松市中央区新橋町１１０２番地の１" }, "geometry": { "type": "Point", "coordinates": [ 137.710618, 34.680157 ] } },
{ "type": "Feature", "properties": { "ID": "2257220905940", "正式名称": "くるみ薬局大人見店", "機関区分": 5, "都道府県コード": 22, "市区町村コード": 138, "所在地": "静岡県浜松市中央区大人見町３３７３－３", "緯度": 34.733673, "経度": 137.658761, "url": "https://www.iryou.teikyouseido.mhlw.go.jp/znk-web/juminkanja/S2430/initialize?prefCd=22&kikanCd=7220905940&kikanKbn=5", "url2": null, "内容": "くるみ薬局大人見店【5:薬局】静岡県浜松市中央区大人見町３３７３－３" }, "geometry": { "type": "Point", "coordinates": [ 137.658761, 34.733673 ] } },
{ "type": "Feature", "properties": { "ID": "2257220905950", "正式名称": "やくろう薬局", "機関区分": 5, "都道府県コード": 22, "市区町村コード": 138, "所在地": "静岡県浜松市中央区村櫛町３９５３－３", "緯度": 34.723865, "経度": 137.600804, "url": "https://www.iryou.teikyouseido.mhlw.go.jp/znk-web/juminkanja/S2430/initialize?prefCd=22&kikanCd=7220905950&kikanKbn=5", "url2": "https://www.kusurinomadoguchi.com/shizuoka/s1000003984", "内容": "やくろう薬局【5:薬局】静岡県浜松市中央区村櫛町３９５３－３" }, "geometry": { "type": "Point", "coordinates": [ 137.600804, 34.723865 ] } },
{ "type": "Feature", "properties": { "ID": "2257220905960", "正式名称": "Ｖ・ｄｒｕｇ　浜松入野薬局", "機関区分": 5, "都道府県コード": 22, "市区町村コード": 138, "所在地": "静岡県浜松市中央区入野町", "緯度": 34.700331, "経度": 137.679314, "url": "https://www.iryou.teikyouseido.mhlw.go.jp/znk-web/juminkanja/S2430/initialize?prefCd=22&kikanCd=7220905960&kikanKbn=5", "url2": "https://www.vdrug.co.jp/", "内容": "Ｖ・ｄｒｕｇ　浜松入野薬局【5:薬局】静岡県浜松市中央区入野町" }, "geometry": { "type": "Point", "coordinates": [ 137.679314, 34.700331 ] } },
{ "type": "Feature", "properties": { "ID": "2257220905970", "正式名称": "このみ薬局浜北店", "機関区分": 5, "都道府県コード": 22, "市区町村コード": 139, "所在地": "静岡県浜松市浜名区小林１２５６－１", "緯度": 34.808612, "経度": 137.79089, "url": "https://www.iryou.teikyouseido.mhlw.go.jp/znk-web/juminkanja/S2430/initialize?prefCd=22&kikanCd=7220905970&kikanKbn=5", "url2": "https://www.sublue-medical.co.jp/", "内容": "このみ薬局浜北店【5:薬局】静岡県浜松市浜名区小林１２５６－１" }, "geometry": { "type": "Point", "coordinates": [ 137.79089, 34.808612 ] } },
{ "type": "Feature", "properties": { "ID": "2257220905980", "正式名称": "このみ薬局小池店", "機関区分": 5, "都道府県コード": 22, "市区町村コード": 138, "所在地": "静岡県浜松市中央区小池町５３５－１", "緯度": 34.74844, "経度": 137.756359, "url": "https://www.iryou.teikyouseido.mhlw.go.jp/znk-web/juminkanja/S2430/initialize?prefCd=22&kikanCd=7220905980&kikanKbn=5", "url2": "https://www.sublue-medical.co.jp/", "内容": "このみ薬局小池店【5:薬局】静岡県浜松市中央区小池町５３５－１" }, "geometry": { "type": "Point", "coordinates": [ 137.756359, 34.74844 ] } },
{ "type": "Feature", "properties": { "ID": "2257220905990", "正式名称": "ウエルシア薬局浜松三方原店", "機関区分": 5, "都道府県コード": 22, "市区町村コード": 138, "所在地": "静岡県浜松市中央区三方原町", "緯度": 34.776181, "経度": 137.718592, "url": "https://www.iryou.teikyouseido.mhlw.go.jp/znk-web/juminkanja/S2430/initialize?prefCd=22&kikanCd=7220905990&kikanKbn=5", "url2": "https://store.welcia.co.jp/welcia/spot/detail?code=7023D", "内容": "ウエルシア薬局浜松三方原店【5:薬局】静岡県浜松市中央区三方原町" }, "geometry": { "type": "Point", "coordinates": [ 137.718592, 34.776181 ] } },
{ "type": "Feature", "properties": { "ID": "2257220906010", "正式名称": "スギ薬局浜松北店", "機関区分": 5, "都道府県コード": 22, "市区町村コード": 138, "所在地": "静岡県浜松市中央区有玉北町１１５４－１", "緯度": 34.764529, "経度": 137.754759, "url": "https://www.iryou.teikyouseido.mhlw.go.jp/znk-web/juminkanja/S2430/initialize?prefCd=22&kikanCd=7220906010&kikanKbn=5", "url2": "https://www.drug-sugi.co.jp/", "内容": "スギ薬局浜松北店【5:薬局】静岡県浜松市中央区有玉北町１１５４－１" }, "geometry": { "type": "Point", "coordinates": [ 137.754759, 34.764529 ] } },
{ "type": "Feature", "properties": { "ID": "2257220906020", "正式名称": "杏林堂薬局名塚調剤センター", "機関区分": 5, "都道府県コード": 22, "市区町村コード": 138, "所在地": "静岡県浜松市中央区名塚町３０３－１", "緯度": 34.702801, "経度": 137.75764, "url": "https://www.iryou.teikyouseido.mhlw.go.jp/znk-web/juminkanja/S2430/initialize?prefCd=22&kikanCd=7220906020&kikanKbn=5", "url2": "http://www.kyorindo.co.jp", "内容": "杏林堂薬局名塚調剤センター【5:薬局】静岡県浜松市中央区名塚町３０３－１" }, "geometry": { "type": "Point", "coordinates": [ 137.75764, 34.702801 ] } },
{ "type": "Feature", "properties": { "ID": "2257220906030", "正式名称": "ウエルシア薬局浜松三ヶ日岡本店", "機関区分": 5, "都道府県コード": 22, "市区町村コード": 139, "所在地": "静岡県浜松市浜名区三ヶ日町岡本８１７番地の１", "緯度": 34.808131, "経度": 137.548635, "url": "https://www.iryou.teikyouseido.mhlw.go.jp/znk-web/juminkanja/S2430/initialize?prefCd=22&kikanCd=7220906030&kikanKbn=5", "url2": "https://store.welcia.co.jp/welcia/spot/detail?code=7335D", "内容": "ウエルシア薬局浜松三ヶ日岡本店【5:薬局】静岡県浜松市浜名区三ヶ日町岡本８１７番地の１" }, "geometry": { "type": "Point", "coordinates": [ 137.548635, 34.808131 ] } },
{ "type": "Feature", "properties": { "ID": "2257220906040", "正式名称": "杏林堂薬局根洗店", "機関区分": 5, "都道府県コード": 22, "市区町村コード": 138, "所在地": "静岡県浜松市中央区根洗町１３０－１", "緯度": 34.800538, "経度": 137.713363, "url": "https://www.iryou.teikyouseido.mhlw.go.jp/znk-web/juminkanja/S2430/initialize?prefCd=22&kikanCd=7220906040&kikanKbn=5", "url2": "http://www.kyorindo.co.jp", "内容": "杏林堂薬局根洗店【5:薬局】静岡県浜松市中央区根洗町１３０－１" }, "geometry": { "type": "Point", "coordinates": [ 137.713363, 34.800538 ] } },
{ "type": "Feature", "properties": { "ID": "2257220906050", "正式名称": "ハロー薬局蜆塚店", "機関区分": 5, "都道府県コード": 22, "市区町村コード": 138, "所在地": "静岡県浜松市中央区蜆塚四丁目１５－２", "緯度": 34.711662, "経度": 137.705681, "url": "https://www.iryou.teikyouseido.mhlw.go.jp/znk-web/juminkanja/S2430/initialize?prefCd=22&kikanCd=7220906050&kikanKbn=5", "url2": "http://www.hello-pharmacy.com", "内容": "ハロー薬局蜆塚店【5:薬局】静岡県浜松市中央区蜆塚四丁目１５－２" }, "geometry": { "type": "Point", "coordinates": [ 137.705681, 34.711662 ] } },
{ "type": "Feature", "properties": { "ID": "2257220906060", "正式名称": "スギ薬局高林店", "機関区分": 5, "都道府県コード": 22, "市区町村コード": 138, "所在地": "静岡県浜松市中央区高林５丁目１番１８号", "緯度": 34.731187, "経度": 137.735019, "url": "https://www.iryou.teikyouseido.mhlw.go.jp/znk-web/juminkanja/S2430/initialize?prefCd=22&kikanCd=7220906060&kikanKbn=5", "url2": "http://www.drug-sugi.co.jp/", "内容": "スギ薬局高林店【5:薬局】静岡県浜松市中央区高林５丁目１番１８号" }, "geometry": { "type": "Point", "coordinates": [ 137.735019, 34.731187 ] } },
{ "type": "Feature", "properties": { "ID": "2257220906070", "正式名称": "ユニスマイル薬局たまち店", "機関区分": 5, "都道府県コード": 22, "市区町村コード": 138, "所在地": "静岡県浜松市中央区田町３１５－３４ウィンズ笠井屋ビルディング１階", "緯度": 34.707658, "経度": 137.729608, "url": "https://www.iryou.teikyouseido.mhlw.go.jp/znk-web/juminkanja/S2430/initialize?prefCd=22&kikanCd=7220906070&kikanKbn=5", "url2": "https://unismile.co.jp/", "内容": "ユニスマイル薬局たまち店【5:薬局】静岡県浜松市中央区田町３１５－３４ウィンズ笠井屋ビルディング１階" }, "geometry": { "type": "Point", "coordinates": [ 137.729608, 34.707658 ] } },
{ "type": "Feature", "properties": { "ID": "2257220906100", "正式名称": "ユニスマイル薬局三方原店", "機関区分": 5, "都道府県コード": 22, "市区町村コード": 138, "所在地": "静岡県浜松市中央区三方原町１２９３－３", "緯度": 34.784143, "経度": 137.716643, "url": "https://www.iryou.teikyouseido.mhlw.go.jp/znk-web/juminkanja/S2430/initialize?prefCd=22&kikanCd=7220906100&kikanKbn=5", "url2": "https://unismile.co.jp", "内容": "ユニスマイル薬局三方原店【5:薬局】静岡県浜松市中央区三方原町１２９３－３" }, "geometry": { "type": "Point", "coordinates": [ 137.716643, 34.784143 ] } },
{ "type": "Feature", "properties": { "ID": "2257220906110", "正式名称": "杏林堂薬局新原店", "機関区分": 5, "都道府県コード": 22, "市区町村コード": 139, "所在地": "静岡県浜松市浜名区新原２２３０ー１", "緯度": 34.814043, "経度": 137.783189, "url": "https://www.iryou.teikyouseido.mhlw.go.jp/znk-web/juminkanja/S2430/initialize?prefCd=22&kikanCd=7220906110&kikanKbn=5", "url2": "https://www.kyorindo.co.jp/shop/?cm=v&id=11655", "内容": "杏林堂薬局新原店【5:薬局】静岡県浜松市浜名区新原２２３０ー１" }, "geometry": { "type": "Point", "coordinates": [ 137.783189, 34.814043 ] } },
{ "type": "Feature", "properties": { "ID": "2257220906120", "正式名称": "杏林堂薬局二俣店", "機関区分": 5, "都道府県コード": 22, "市区町村コード": 140, "所在地": "静岡県浜松市天竜区二俣町二俣８１ー１", "緯度": 34.860394, "経度": 137.815576, "url": "https://www.iryou.teikyouseido.mhlw.go.jp/znk-web/juminkanja/S2430/initialize?prefCd=22&kikanCd=7220906120&kikanKbn=5", "url2": "https://www.kyorindo.co.jp/", "内容": "杏林堂薬局二俣店【5:薬局】静岡県浜松市天竜区二俣町二俣８１ー１" }, "geometry": { "type": "Point", "coordinates": [ 137.815576, 34.860394 ] } },
{ "type": "Feature", "properties": { "ID": "2257220906130", "正式名称": "Ｖ・ｄｒｕｇ浜松有玉薬局", "機関区分": 5, "都道府県コード": 22, "市区町村コード": 138, "所在地": "静岡県浜松市中央区有玉南町７２０ー１", "緯度": 34.753343, "経度": 137.746497, "url": "https://www.iryou.teikyouseido.mhlw.go.jp/znk-web/juminkanja/S2430/initialize?prefCd=22&kikanCd=7220906130&kikanKbn=5", "url2": "http://vdrug.co.jp/pharmacy/", "内容": "Ｖ・ｄｒｕｇ浜松有玉薬局【5:薬局】静岡県浜松市中央区有玉南町７２０ー１" }, "geometry": { "type": "Point", "coordinates": [ 137.746497, 34.753343 ] } },
{ "type": "Feature", "properties": { "ID": "2257220906140", "正式名称": "みかん薬局", "機関区分": 5, "都道府県コード": 22, "市区町村コード": 139, "所在地": "静岡県浜松市浜名区三ヶ日町宇志１２－２", "緯度": 34.799978, "経度": 137.560629, "url": "https://www.iryou.teikyouseido.mhlw.go.jp/znk-web/juminkanja/S2430/initialize?prefCd=22&kikanCd=7220906140&kikanKbn=5", "url2": null, "内容": "みかん薬局【5:薬局】静岡県浜松市浜名区三ヶ日町宇志１２－２" }, "geometry": { "type": "Point", "coordinates": [ 137.560629, 34.799978 ] } },
{ "type": "Feature", "properties": { "ID": "2257220906150", "正式名称": "コナン薬局", "機関区分": 5, "都道府県コード": 22, "市区町村コード": 138, "所在地": "静岡県浜松市中央区馬郡町６０５２", "緯度": 34.686154, "経度": 137.627934, "url": "https://www.iryou.teikyouseido.mhlw.go.jp/znk-web/juminkanja/S2430/initialize?prefCd=22&kikanCd=7220906150&kikanKbn=5", "url2": null, "内容": "コナン薬局【5:薬局】静岡県浜松市中央区馬郡町６０５２" }, "geometry": { "type": "Point", "coordinates": [ 137.627934, 34.686154 ] } },
{ "type": "Feature", "properties": { "ID": "2257220906160", "正式名称": "薬局マツモトキヨシ笠井店", "機関区分": 5, "都道府県コード": 22, "市区町村コード": 138, "所在地": "静岡県浜松市中央区笠井町１１９７―２", "緯度": 34.768662, "経度": 137.791159, "url": "https://www.iryou.teikyouseido.mhlw.go.jp/znk-web/juminkanja/S2430/initialize?prefCd=22&kikanCd=7220906160&kikanKbn=5", "url2": null, "内容": "薬局マツモトキヨシ笠井店【5:薬局】静岡県浜松市中央区笠井町１１９７―２" }, "geometry": { "type": "Point", "coordinates": [ 137.791159, 34.768662 ] } },
{ "type": "Feature", "properties": { "ID": "2257220906170", "正式名称": "あさひ薬局", "機関区分": 5, "都道府県コード": 22, "市区町村コード": 138, "所在地": "静岡県浜松市中央区三方原町２１６２ー１０", "緯度": 34.787701, "経度": 137.705375, "url": "https://www.iryou.teikyouseido.mhlw.go.jp/znk-web/juminkanja/S2430/initialize?prefCd=22&kikanCd=7220906170&kikanKbn=5", "url2": "https://lemon-ph.jp", "内容": "あさひ薬局【5:薬局】静岡県浜松市中央区三方原町２１６２ー１０" }, "geometry": { "type": "Point", "coordinates": [ 137.705375, 34.787701 ] } },
{ "type": "Feature", "properties": { "ID": "2257220906190", "正式名称": "ごとう薬局", "機関区分": 5, "都道府県コード": 22, "市区町村コード": 138, "所在地": "静岡県浜松市中央区福島町２３５－１", "緯度": 34.663406, "経度": 137.769517, "url": "https://www.iryou.teikyouseido.mhlw.go.jp/znk-web/juminkanja/S2430/initialize?prefCd=22&kikanCd=7220906190&kikanKbn=5", "url2": null, "内容": "ごとう薬局【5:薬局】静岡県浜松市中央区福島町２３５－１" }, "geometry": { "type": "Point", "coordinates": [ 137.769517, 34.663406 ] } },
{ "type": "Feature", "properties": { "ID": "2257220906200", "正式名称": "ことり薬局", "機関区分": 5, "都道府県コード": 22, "市区町村コード": 138, "所在地": "静岡県浜松市中央区富塚町", "緯度": 34.731976, "経度": 137.710195, "url": "https://www.iryou.teikyouseido.mhlw.go.jp/znk-web/juminkanja/S2430/initialize?prefCd=22&kikanCd=7220906200&kikanKbn=5", "url2": "http://www.leben-ph.jp", "内容": "ことり薬局【5:薬局】静岡県浜松市中央区富塚町" }, "geometry": { "type": "Point", "coordinates": [ 137.710195, 34.731976 ] } },
{ "type": "Feature", "properties": { "ID": "2257220906210", "正式名称": "ひらの薬局", "機関区分": 5, "都道府県コード": 22, "市区町村コード": 138, "所在地": "静岡県浜松市中央区曳馬４丁目１－１８", "緯度": 34.730304, "経度": 137.740796, "url": "https://www.iryou.teikyouseido.mhlw.go.jp/znk-web/juminkanja/S2430/initialize?prefCd=22&kikanCd=7220906210&kikanKbn=5", "url2": "https://www.kusurinomadoguchi.com/shizuoka/s1000117737", "内容": "ひらの薬局【5:薬局】静岡県浜松市中央区曳馬４丁目１－１８" }, "geometry": { "type": "Point", "coordinates": [ 137.740796, 34.730304 ] } },
{ "type": "Feature", "properties": { "ID": "2257220906230", "正式名称": "みかさ薬局", "機関区分": 5, "都道府県コード": 22, "市区町村コード": 138, "所在地": "静岡県浜松市中央区鴨江１－３３－１", "緯度": 34.70299, "経度": 137.719581, "url": "https://www.iryou.teikyouseido.mhlw.go.jp/znk-web/juminkanja/S2430/initialize?prefCd=22&kikanCd=7220906230&kikanKbn=5", "url2": null, "内容": "みかさ薬局【5:薬局】静岡県浜松市中央区鴨江１－３３－１" }, "geometry": { "type": "Point", "coordinates": [ 137.719581, 34.70299 ] } },
{ "type": "Feature", "properties": { "ID": "2257220906240", "正式名称": "おおぞら薬局佐鳴台店", "機関区分": 5, "都道府県コード": 22, "市区町村コード": 138, "所在地": "静岡県浜松市中央区佐鳴台３ー５２ー２２", "緯度": 34.709037, "経度": 137.696013, "url": "https://www.iryou.teikyouseido.mhlw.go.jp/znk-web/juminkanja/S2430/initialize?prefCd=22&kikanCd=7220906240&kikanKbn=5", "url2": "https://oozora-group.jp/", "内容": "おおぞら薬局佐鳴台店【5:薬局】静岡県浜松市中央区佐鳴台３ー５２ー２２" }, "geometry": { "type": "Point", "coordinates": [ 137.696013, 34.709037 ] } },
{ "type": "Feature", "properties": { "ID": "2257220906250", "正式名称": "あらたま薬局", "機関区分": 5, "都道府県コード": 22, "市区町村コード": 139, "所在地": "静岡県浜松市浜名区宮口３２８８", "緯度": 34.822336, "経度": 137.77684, "url": "https://www.iryou.teikyouseido.mhlw.go.jp/znk-web/juminkanja/S2430/initialize?prefCd=22&kikanCd=7220906250&kikanKbn=5", "url2": null, "内容": "あらたま薬局【5:薬局】静岡県浜松市浜名区宮口３２８８" }, "geometry": { "type": "Point", "coordinates": [ 137.77684, 34.822336 ] } },
{ "type": "Feature", "properties": { "ID": "2257220906270", "正式名称": "のりえだ薬局", "機関区分": 5, "都道府県コード": 22, "市区町村コード": 138, "所在地": "静岡県浜松市中央区法枝町７５ー３", "緯度": 34.68632, "経度": 137.728822, "url": "https://www.iryou.teikyouseido.mhlw.go.jp/znk-web/juminkanja/S2430/initialize?prefCd=22&kikanCd=7220906270&kikanKbn=5", "url2": null, "内容": "のりえだ薬局【5:薬局】静岡県浜松市中央区法枝町７５ー３" }, "geometry": { "type": "Point", "coordinates": [ 137.728822, 34.68632 ] } },
{ "type": "Feature", "properties": { "ID": "2257220906280", "正式名称": "アイン薬局　浜松赤十字店", "機関区分": 5, "都道府県コード": 22, "市区町村コード": 139, "所在地": "静岡県浜松市浜名区小林１０４０－５", "緯度": 34.808612, "経度": 137.79089, "url": "https://www.iryou.teikyouseido.mhlw.go.jp/znk-web/juminkanja/S2430/initialize?prefCd=22&kikanCd=7220906280&kikanKbn=5", "url2": "https://www.ainj.co.jp/", "内容": "アイン薬局　浜松赤十字店【5:薬局】静岡県浜松市浜名区小林１０４０－５" }, "geometry": { "type": "Point", "coordinates": [ 137.79089, 34.808612 ] } },
{ "type": "Feature", "properties": { "ID": "2257220906300", "正式名称": "きらり薬局高丘東", "機関区分": 5, "都道府県コード": 22, "市区町村コード": 138, "所在地": "静岡県浜松市中央区高丘東１丁目２－３２", "緯度": 34.754702, "経度": 137.710589, "url": "https://www.iryou.teikyouseido.mhlw.go.jp/znk-web/juminkanja/S2430/initialize?prefCd=22&kikanCd=7220906300&kikanKbn=5", "url2": "https://greenyakkyoku.com/index.html", "内容": "きらり薬局高丘東【5:薬局】静岡県浜松市中央区高丘東１丁目２－３２" }, "geometry": { "type": "Point", "coordinates": [ 137.710589, 34.754702 ] } },
{ "type": "Feature", "properties": { "ID": "2257220906320", "正式名称": "杏林堂薬局　天王店", "機関区分": 5, "都道府県コード": 22, "市区町村コード": 138, "所在地": "静岡県浜松市中央区天王町１５１７ー１", "緯度": 34.7362, "経度": 137.77136, "url": "https://www.iryou.teikyouseido.mhlw.go.jp/znk-web/juminkanja/S2430/initialize?prefCd=22&kikanCd=7220906320&kikanKbn=5", "url2": "https://www.kyorindo.co.jp/", "内容": "杏林堂薬局　天王店【5:薬局】静岡県浜松市中央区天王町１５１７ー１" }, "geometry": { "type": "Point", "coordinates": [ 137.77136, 34.7362 ] } },
{ "type": "Feature", "properties": { "ID": "2257220906330", "正式名称": "ことのは薬局", "機関区分": 5, "都道府県コード": 22, "市区町村コード": 138, "所在地": "静岡県浜松市中央区大島町３４６", "緯度": 34.762623, "経度": 137.780753, "url": "https://www.iryou.teikyouseido.mhlw.go.jp/znk-web/juminkanja/S2430/initialize?prefCd=22&kikanCd=7220906330&kikanKbn=5", "url2": "https://kotonoha-ph.com/", "内容": "ことのは薬局【5:薬局】静岡県浜松市中央区大島町３４６" }, "geometry": { "type": "Point", "coordinates": [ 137.780753, 34.762623 ] } },
{ "type": "Feature", "properties": { "ID": "2257220906350", "正式名称": "漢方のムラタ", "機関区分": 5, "都道府県コード": 22, "市区町村コード": 138, "所在地": "静岡県浜松市中央区鹿谷町５－１０－１階", "緯度": 34.714434, "経度": 137.72122, "url": "https://www.iryou.teikyouseido.mhlw.go.jp/znk-web/juminkanja/S2430/initialize?prefCd=22&kikanCd=7220906350&kikanKbn=5", "url2": "https://kampo-murata.com", "内容": "漢方のムラタ【5:薬局】静岡県浜松市中央区鹿谷町５－１０－１階" }, "geometry": { "type": "Point", "coordinates": [ 137.72122, 34.714434 ] } },
{ "type": "Feature", "properties": { "ID": "2257220906370", "正式名称": "スノー訪問薬局　浜松中央店", "機関区分": 5, "都道府県コード": 22, "市区町村コード": 138, "所在地": "静岡県浜松市中央区龍禅寺町３４３Ｏｐｕｓ４　２０２号室", "緯度": 34.696285, "経度": 137.73726, "url": "https://www.iryou.teikyouseido.mhlw.go.jp/znk-web/juminkanja/S2430/initialize?prefCd=22&kikanCd=7220906370&kikanKbn=5", "url2": "https://medical-snowdrop.com/pharmcy-hamamatsutyuuou/", "内容": "スノー訪問薬局　浜松中央店【5:薬局】静岡県浜松市中央区龍禅寺町３４３Ｏｐｕｓ４　２０２号室" }, "geometry": { "type": "Point", "coordinates": [ 137.73726, 34.696285 ] } },
{ "type": "Feature", "properties": { "ID": "2257220906400", "正式名称": "こもれび薬局", "機関区分": 5, "都道府県コード": 22, "市区町村コード": 138, "所在地": "静岡県浜松市中央区子安町３０６－８", "緯度": 34.712574, "経度": 137.761521, "url": "https://www.iryou.teikyouseido.mhlw.go.jp/znk-web/juminkanja/S2430/initialize?prefCd=22&kikanCd=7220906400&kikanKbn=5", "url2": "http://my-komorebi.com", "内容": "こもれび薬局【5:薬局】静岡県浜松市中央区子安町３０６－８" }, "geometry": { "type": "Point", "coordinates": [ 137.761521, 34.712574 ] } },
{ "type": "Feature", "properties": { "ID": "2257220906430", "正式名称": "たんぽぽ薬局　浜松医療センター店", "機関区分": 5, "都道府県コード": 22, "市区町村コード": 138, "所在地": "静岡県浜松市中央区富塚町３９０番地の３", "緯度": 34.715384, "経度": 137.700338, "url": "https://www.iryou.teikyouseido.mhlw.go.jp/znk-web/juminkanja/S2430/initialize?prefCd=22&kikanCd=7220906430&kikanKbn=5", "url2": "http://www.tanpopo-ph.co.jp", "内容": "たんぽぽ薬局　浜松医療センター店【5:薬局】静岡県浜松市中央区富塚町３９０番地の３" }, "geometry": { "type": "Point", "coordinates": [ 137.700338, 34.715384 ] } },
{ "type": "Feature", "properties": { "ID": "2257220906470", "正式名称": "あるぷす薬局於呂店", "機関区分": 5, "都道府県コード": 22, "市区町村コード": 139, "所在地": "静岡県浜松市浜名区於呂２９２１番地の１", "緯度": 34.829231, "経度": 137.801242, "url": "https://www.iryou.teikyouseido.mhlw.go.jp/znk-web/juminkanja/S2430/initialize?prefCd=22&kikanCd=7220906470&kikanKbn=5", "url2": "https://eticoparaiso.com", "内容": "あるぷす薬局於呂店【5:薬局】静岡県浜松市浜名区於呂２９２１番地の１" }, "geometry": { "type": "Point", "coordinates": [ 137.801242, 34.829231 ] } },
{ "type": "Feature", "properties": { "ID": "2257220906480", "正式名称": "ウエルシア薬局浜松寺島町店", "機関区分": 5, "都道府県コード": 22, "市区町村コード": 138, "所在地": "静岡県浜松市中央区寺島町２８５－２６", "緯度": 34.699649, "経度": 137.742522, "url": "https://www.iryou.teikyouseido.mhlw.go.jp/znk-web/juminkanja/S2430/initialize?prefCd=22&kikanCd=7220906480&kikanKbn=5", "url2": "https://store.welcia.co.jp/welcia/spot/detail?code=7356D", "内容": "ウエルシア薬局浜松寺島町店【5:薬局】静岡県浜松市中央区寺島町２８５－２６" }, "geometry": { "type": "Point", "coordinates": [ 137.742522, 34.699649 ] } },
{ "type": "Feature", "properties": { "ID": "2257220906490", "正式名称": "杏林堂薬局入野店", "機関区分": 5, "都道府県コード": 22, "市区町村コード": 138, "所在地": "静岡県浜松市中央区入野町９５６２番地の１", "緯度": 34.697356, "経度": 137.684199, "url": "https://www.iryou.teikyouseido.mhlw.go.jp/znk-web/juminkanja/S2430/initialize?prefCd=22&kikanCd=7220906490&kikanKbn=5", "url2": "https://shop.tsuruha-g.com/2144", "内容": "杏林堂薬局入野店【5:薬局】静岡県浜松市中央区入野町９５６２番地の１" }, "geometry": { "type": "Point", "coordinates": [ 137.684199, 34.697356 ] } },
{ "type": "Feature", "properties": { "ID": "2257220906630", "正式名称": "杏林堂薬局高町店", "機関区分": 5, "都道府県コード": 22, "市区町村コード": 138, "所在地": "静岡県浜松市中央区高町１５０番地の２２", "緯度": 34.708686, "経度": 137.723308, "url": "https://www.iryou.teikyouseido.mhlw.go.jp/znk-web/juminkanja/S2430/initialize?prefCd=22&kikanCd=7220906630&kikanKbn=5", "url2": "https://www.kyorindo.co.jp/", "内容": "杏林堂薬局高町店【5:薬局】静岡県浜松市中央区高町１５０番地の２２" }, "geometry": { "type": "Point", "coordinates": [ 137.723308, 34.708686 ] } },
{ "type": "Feature", "properties": { "ID": "2257220906670", "正式名称": "こすもす薬局", "機関区分": 5, "都道府県コード": 22, "市区町村コード": 138, "所在地": "静岡県浜松市中央区富塚町１９３３－１佐鳴湖パークタウンサウス１階", "緯度": 34.7269, "経度": 137.7009, "url": "https://www.iryou.teikyouseido.mhlw.go.jp/znk-web/juminkanja/S2430/initialize?prefCd=22&kikanCd=7220906670&kikanKbn=5", "url2": null, "内容": "こすもす薬局【5:薬局】静岡県浜松市中央区富塚町１９３３－１佐鳴湖パークタウンサウス１階" }, "geometry": { "type": "Point", "coordinates": [ 137.7009, 34.7269 ] } },
{ "type": "Feature", "properties": { "ID": "2257220906680", "正式名称": "トピア薬局新原店", "機関区分": 5, "都道府県コード": 22, "市区町村コード": 139, "所在地": "静岡県浜松市浜名区新原２９０９－１", "緯度": 34.806386, "経度": 137.78023, "url": "https://www.iryou.teikyouseido.mhlw.go.jp/znk-web/juminkanja/S2430/initialize?prefCd=22&kikanCd=7220906680&kikanKbn=5", "url2": null, "内容": "トピア薬局新原店【5:薬局】静岡県浜松市浜名区新原２９０９－１" }, "geometry": { "type": "Point", "coordinates": [ 137.78023, 34.806386 ] } },
{ "type": "Feature", "properties": { "ID": "2257220906690", "正式名称": "うぶみ薬局", "機関区分": 5, "都道府県コード": 22, "市区町村コード": 138, "所在地": "静岡県浜松市中央区雄踏町宇布見８９１０－９", "緯度": 34.700325, "経度": 137.628858, "url": "https://www.iryou.teikyouseido.mhlw.go.jp/znk-web/juminkanja/S2430/initialize?prefCd=22&kikanCd=7220906690&kikanKbn=5", "url2": null, "内容": "うぶみ薬局【5:薬局】静岡県浜松市中央区雄踏町宇布見８９１０－９" }, "geometry": { "type": "Point", "coordinates": [ 137.628858, 34.700325 ] } },
{ "type": "Feature", "properties": { "ID": "2257220906700", "正式名称": "イオン薬局浜松西伊場店", "機関区分": 5, "都道府県コード": 22, "市区町村コード": 138, "所在地": "静岡県浜松市中央区西伊場町７９番２", "緯度": 34.698892, "経度": 137.703778, "url": "https://www.iryou.teikyouseido.mhlw.go.jp/znk-web/juminkanja/S2430/initialize?prefCd=22&kikanCd=7220906700&kikanKbn=5", "url2": null, "内容": "イオン薬局浜松西伊場店【5:薬局】静岡県浜松市中央区西伊場町７９番２" }, "geometry": { "type": "Point", "coordinates": [ 137.703778, 34.698892 ] } },
{ "type": "Feature", "properties": { "ID": "2257220906720", "正式名称": "あおい薬局高台店", "機関区分": 5, "都道府県コード": 22, "市区町村コード": 138, "所在地": "静岡県浜松市中央区住吉２－８－１１", "緯度": 34.730045, "経度": 137.72719, "url": "https://www.iryou.teikyouseido.mhlw.go.jp/znk-web/juminkanja/S2430/initialize?prefCd=22&kikanCd=7220906720&kikanKbn=5", "url2": "https://www.aoigroup.jp/", "内容": "あおい薬局高台店【5:薬局】静岡県浜松市中央区住吉２－８－１１" }, "geometry": { "type": "Point", "coordinates": [ 137.72719, 34.730045 ] } },
{ "type": "Feature", "properties": { "ID": "2257220906730", "正式名称": "ささがせ薬局原島調剤センター", "機関区分": 5, "都道府県コード": 22, "市区町村コード": 138, "所在地": "静岡県浜松市中央区原島町３６５番地１", "緯度": 34.731791, "経度": 137.771521, "url": "https://www.iryou.teikyouseido.mhlw.go.jp/znk-web/juminkanja/S2430/initialize?prefCd=22&kikanCd=7220906730&kikanKbn=5", "url2": "https://www.hirom-p.com", "内容": "ささがせ薬局原島調剤センター【5:薬局】静岡県浜松市中央区原島町３６５番地１" }, "geometry": { "type": "Point", "coordinates": [ 137.771521, 34.731791 ] } },
{ "type": "Feature", "properties": { "ID": "2257220906740", "正式名称": "ミキ薬局", "機関区分": 5, "都道府県コード": 22, "市区町村コード": 138, "所在地": "静岡県浜松市中央区鴨江", "緯度": 34.709417, "経度": 137.712979, "url": "https://www.iryou.teikyouseido.mhlw.go.jp/znk-web/juminkanja/S2430/initialize?prefCd=22&kikanCd=7220906740&kikanKbn=5", "url2": null, "内容": "ミキ薬局【5:薬局】静岡県浜松市中央区鴨江" }, "geometry": { "type": "Point", "coordinates": [ 137.712979, 34.709417 ] } },
{ "type": "Feature", "properties": { "ID": "2257220906750", "正式名称": "佐鳴台グリーン薬局", "機関区分": 5, "都道府県コード": 22, "市区町村コード": 138, "所在地": "静岡県浜松市中央区佐鳴台２－２２－８", "緯度": 34.702567, "経度": 137.693673, "url": "https://www.iryou.teikyouseido.mhlw.go.jp/znk-web/juminkanja/S2430/initialize?prefCd=22&kikanCd=7220906750&kikanKbn=5", "url2": "http://www.myph.jp/animategreen/", "内容": "佐鳴台グリーン薬局【5:薬局】静岡県浜松市中央区佐鳴台２－２２－８" }, "geometry": { "type": "Point", "coordinates": [ 137.693673, 34.702567 ] } },
{ "type": "Feature", "properties": { "ID": "2257220906760", "正式名称": "杏林堂薬局城北店", "機関区分": 5, "都道府県コード": 22, "市区町村コード": 138, "所在地": "静岡県浜松市中央区城北３－２－１", "緯度": 34.722363, "経度": 137.717255, "url": "https://www.iryou.teikyouseido.mhlw.go.jp/znk-web/juminkanja/S2430/initialize?prefCd=22&kikanCd=7220906760&kikanKbn=5", "url2": "https://shop.tsuruha-g.com/2087", "内容": "杏林堂薬局城北店【5:薬局】静岡県浜松市中央区城北３－２－１" }, "geometry": { "type": "Point", "coordinates": [ 137.717255, 34.722363 ] } },
{ "type": "Feature", "properties": { "ID": "2257220906770", "正式名称": "杏林堂薬局新初生店", "機関区分": 5, "都道府県コード": 22, "市区町村コード": 138, "所在地": "静岡県浜松市中央区初生町１１６４－２", "緯度": 34.772947, "経度": 137.724553, "url": "https://www.iryou.teikyouseido.mhlw.go.jp/znk-web/juminkanja/S2430/initialize?prefCd=22&kikanCd=7220906770&kikanKbn=5", "url2": null, "内容": "杏林堂薬局新初生店【5:薬局】静岡県浜松市中央区初生町１１６４－２" }, "geometry": { "type": "Point", "coordinates": [ 137.724553, 34.772947 ] } },
{ "type": "Feature", "properties": { "ID": "2257220906780", "正式名称": "船越あひる薬局", "機関区分": 5, "都道府県コード": 22, "市区町村コード": 138, "所在地": "静岡県浜松市中央区船越町６－２３", "緯度": 34.713278, "経度": 137.742014, "url": "https://www.iryou.teikyouseido.mhlw.go.jp/znk-web/juminkanja/S2430/initialize?prefCd=22&kikanCd=7220906780&kikanKbn=5", "url2": null, "内容": "船越あひる薬局【5:薬局】静岡県浜松市中央区船越町６－２３" }, "geometry": { "type": "Point", "coordinates": [ 137.742014, 34.713278 ] } },
{ "type": "Feature", "properties": { "ID": "2257220906800", "正式名称": "日本調剤佐鳴台薬局", "機関区分": 5, "都道府県コード": 22, "市区町村コード": 138, "所在地": "静岡県浜松市中央区佐鳴台五丁目１０番１８号", "緯度": 34.71383, "経度": 137.698023, "url": "https://www.iryou.teikyouseido.mhlw.go.jp/znk-web/juminkanja/S2430/initialize?prefCd=22&kikanCd=7220906800&kikanKbn=5", "url2": "https://www.nicho.co.jp/tenpo/sanarudai/", "内容": "日本調剤佐鳴台薬局【5:薬局】静岡県浜松市中央区佐鳴台五丁目１０番１８号" }, "geometry": { "type": "Point", "coordinates": [ 137.698023, 34.71383 ] } },
{ "type": "Feature", "properties": { "ID": "2257220906810", "正式名称": "薬局フォーリア瓜内店", "機関区分": 5, "都道府県コード": 22, "市区町村コード": 138, "所在地": "静岡県浜松市中央区瓜内町８３２", "緯度": 34.688533, "経度": 137.735581, "url": "https://www.iryou.teikyouseido.mhlw.go.jp/znk-web/juminkanja/S2430/initialize?prefCd=22&kikanCd=7220906810&kikanKbn=5", "url2": "https://www.folia.jp/", "内容": "薬局フォーリア瓜内店【5:薬局】静岡県浜松市中央区瓜内町８３２" }, "geometry": { "type": "Point", "coordinates": [ 137.735581, 34.688533 ] } },
{ "type": "Feature", "properties": { "ID": "2257220906830", "正式名称": "恩地薬局", "機関区分": 5, "都道府県コード": 22, "市区町村コード": 138, "所在地": "静岡県浜松市中央区恩地町３５４－２", "緯度": 34.687436, "経度": 137.760057, "url": "https://www.iryou.teikyouseido.mhlw.go.jp/znk-web/juminkanja/S2430/initialize?prefCd=22&kikanCd=7220906830&kikanKbn=5", "url2": null, "内容": "恩地薬局【5:薬局】静岡県浜松市中央区恩地町３５４－２" }, "geometry": { "type": "Point", "coordinates": [ 137.760057, 34.687436 ] } },
{ "type": "Feature", "properties": { "ID": "2257220906850", "正式名称": "アクト薬局舞阪店", "機関区分": 5, "都道府県コード": 22, "市区町村コード": 138, "所在地": "静岡県浜松市中央区舞阪町舞阪２１２１－５７", "緯度": 34.686247, "経度": 137.607786, "url": "https://www.iryou.teikyouseido.mhlw.go.jp/znk-web/juminkanja/S2430/initialize?prefCd=22&kikanCd=7220906850&kikanKbn=5", "url2": "https://www.act-pha.com/", "内容": "アクト薬局舞阪店【5:薬局】静岡県浜松市中央区舞阪町舞阪２１２１－５７" }, "geometry": { "type": "Point", "coordinates": [ 137.607786, 34.686247 ] } },
{ "type": "Feature", "properties": { "ID": "2257220906860", "正式名称": "べるーが薬局", "機関区分": 5, "都道府県コード": 22, "市区町村コード": 138, "所在地": "静岡県浜松市中央区新橋町１４４６", "緯度": 34.679883, "経度": 137.709981, "url": "https://www.iryou.teikyouseido.mhlw.go.jp/znk-web/juminkanja/S2430/initialize?prefCd=22&kikanCd=7220906860&kikanKbn=5", "url2": null, "内容": "べるーが薬局【5:薬局】静岡県浜松市中央区新橋町１４４６" }, "geometry": { "type": "Point", "coordinates": [ 137.709981, 34.679883 ] } },
{ "type": "Feature", "properties": { "ID": "2257220906880", "正式名称": "訪問パートナーときわ薬局", "機関区分": 5, "都道府県コード": 22, "市区町村コード": 138, "所在地": "静岡県浜松市中央区常盤町１３３－６－１０１", "緯度": 34.710501, "経度": 137.731441, "url": "https://www.iryou.teikyouseido.mhlw.go.jp/znk-web/juminkanja/S2430/initialize?prefCd=22&kikanCd=7220906880&kikanKbn=5", "url2": "https://tokiwa.carestone.jp/", "内容": "訪問パートナーときわ薬局【5:薬局】静岡県浜松市中央区常盤町１３３－６－１０１" }, "geometry": { "type": "Point", "coordinates": [ 137.731441, 34.710501 ] } },
{ "type": "Feature", "properties": { "ID": "2257220906910", "正式名称": "かんざんじ薬局", "機関区分": 5, "都道府県コード": 22, "市区町村コード": 138, "所在地": "静岡県浜松市中央区舘山寺町２６８６－２", "緯度": 34.756874, "経度": 137.611319, "url": "https://www.iryou.teikyouseido.mhlw.go.jp/znk-web/juminkanja/S2430/initialize?prefCd=22&kikanCd=7220906910&kikanKbn=5", "url2": "https://lemon-ph.jp/store/kanzanji/", "内容": "かんざんじ薬局【5:薬局】静岡県浜松市中央区舘山寺町２６８６－２" }, "geometry": { "type": "Point", "coordinates": [ 137.611319, 34.756874 ] } },
{ "type": "Feature", "properties": { "ID": "2257220906920", "正式名称": "あおい薬局城北店", "機関区分": 5, "都道府県コード": 22, "市区町村コード": 138, "所在地": "静岡県浜松市中央区住吉３丁目１２番１８号", "緯度": 34.735096, "経度": 137.725053, "url": "https://www.iryou.teikyouseido.mhlw.go.jp/znk-web/juminkanja/S2430/initialize?prefCd=22&kikanCd=7220906920&kikanKbn=5", "url2": "https://www.aoigroup.jp/shop/jyohoku/index.html", "内容": "あおい薬局城北店【5:薬局】静岡県浜松市中央区住吉３丁目１２番１８号" }, "geometry": { "type": "Point", "coordinates": [ 137.725053, 34.735096 ] } },
{ "type": "Feature", "properties": { "ID": "2257220906930", "正式名称": "たかだい薬局", "機関区分": 5, "都道府県コード": 22, "市区町村コード": 138, "所在地": "静岡県浜松市中央区小豆餅２－１７－４－３", "緯度": 34.753399, "経度": 137.727029, "url": "https://www.iryou.teikyouseido.mhlw.go.jp/znk-web/juminkanja/S2430/initialize?prefCd=22&kikanCd=7220906930&kikanKbn=5", "url2": "https://lemon-ph.jp/", "内容": "たかだい薬局【5:薬局】静岡県浜松市中央区小豆餅２－１７－４－３" }, "geometry": { "type": "Point", "coordinates": [ 137.727029, 34.753399 ] } },
{ "type": "Feature", "properties": { "ID": "2257220906950", "正式名称": "平口グリーン薬局", "機関区分": 5, "都道府県コード": 22, "市区町村コード": 139, "所在地": "静岡県浜松市浜名区平口２１２－１", "緯度": 34.80005, "経度": 137.76643, "url": "https://www.iryou.teikyouseido.mhlw.go.jp/znk-web/juminkanja/S2430/initialize?prefCd=22&kikanCd=7220906950&kikanKbn=5", "url2": "https://greenyakkyoku.com/hirakuchi.html", "内容": "平口グリーン薬局【5:薬局】静岡県浜松市浜名区平口２１２－１" }, "geometry": { "type": "Point", "coordinates": [ 137.76643, 34.80005 ] } },
{ "type": "Feature", "properties": { "ID": "2257220906960", "正式名称": "ゆい薬局上島店", "機関区分": 5, "都道府県コード": 22, "市区町村コード": 138, "所在地": "静岡県浜松市中央区上島５－２１－２６", "緯度": 34.743776, "経度": 137.745992, "url": "https://www.iryou.teikyouseido.mhlw.go.jp/znk-web/juminkanja/S2430/initialize?prefCd=22&kikanCd=7220906960&kikanKbn=5", "url2": "https://lemon-ph.jp/", "内容": "ゆい薬局上島店【5:薬局】静岡県浜松市中央区上島５－２１－２６" }, "geometry": { "type": "Point", "coordinates": [ 137.745992, 34.743776 ] } },
{ "type": "Feature", "properties": { "ID": "2257220906970", "正式名称": "ファーマライズ薬局　湖東店", "機関区分": 5, "都道府県コード": 22, "市区町村コード": 138, "所在地": "静岡県浜松市中央区湖東町１４８７－７", "緯度": 34.759507, "経度": 137.668341, "url": "https://www.iryou.teikyouseido.mhlw.go.jp/znk-web/juminkanja/S2430/initialize?prefCd=22&kikanCd=7220906970&kikanKbn=5", "url2": "https://www.pharmarise.com/company/store/store.php?store_id=525", "内容": "ファーマライズ薬局　湖東店【5:薬局】静岡県浜松市中央区湖東町１４８７－７" }, "geometry": { "type": "Point", "coordinates": [ 137.668341, 34.759507 ] } },
{ "type": "Feature", "properties": { "ID": "2257220906980", "正式名称": "あひる薬局", "機関区分": 5, "都道府県コード": 22, "市区町村コード": 138, "所在地": "静岡県浜松市中央区小豆餅４丁目１３－１９", "緯度": 34.751694, "経度": 137.730597, "url": "https://www.iryou.teikyouseido.mhlw.go.jp/znk-web/juminkanja/S2430/initialize?prefCd=22&kikanCd=7220906980&kikanKbn=5", "url2": null, "内容": "あひる薬局【5:薬局】静岡県浜松市中央区小豆餅４丁目１３－１９" }, "geometry": { "type": "Point", "coordinates": [ 137.730597, 34.751694 ] } },
{ "type": "Feature", "properties": { "ID": "2257220906990", "正式名称": "アクト薬局　三島町店", "機関区分": 5, "都道府県コード": 22, "市区町村コード": 138, "所在地": "静岡県浜松市中央区三島町７０２番地の１", "緯度": 34.688958, "経度": 137.74321, "url": "https://www.iryou.teikyouseido.mhlw.go.jp/znk-web/juminkanja/S2430/initialize?prefCd=22&kikanCd=7220906990&kikanKbn=5", "url2": "https://www.act-pha.com/", "内容": "アクト薬局　三島町店【5:薬局】静岡県浜松市中央区三島町７０２番地の１" }, "geometry": { "type": "Point", "coordinates": [ 137.74321, 34.688958 ] } },
{ "type": "Feature", "properties": { "ID": "2257220907000", "正式名称": "杏林堂薬局　小豆餅調剤センター", "機関区分": 5, "都道府県コード": 22, "市区町村コード": 138, "所在地": "静岡県浜松市中央区小豆餅４－１７－２５", "緯度": 34.754584, "経度": 137.731546, "url": "https://www.iryou.teikyouseido.mhlw.go.jp/znk-web/juminkanja/S2430/initialize?prefCd=22&kikanCd=7220907000&kikanKbn=5", "url2": "http://www.kyorindo.co.jp/", "内容": "杏林堂薬局　小豆餅調剤センター【5:薬局】静岡県浜松市中央区小豆餅４－１７－２５" }, "geometry": { "type": "Point", "coordinates": [ 137.731546, 34.754584 ] } },
{ "type": "Feature", "properties": { "ID": "2257220907020", "正式名称": "ふなこし薬局", "機関区分": 5, "都道府県コード": 22, "市区町村コード": 138, "所在地": "静岡県浜松市中央区船越町", "緯度": 34.717907, "経度": 137.749602, "url": "https://www.iryou.teikyouseido.mhlw.go.jp/znk-web/juminkanja/S2430/initialize?prefCd=22&kikanCd=7220907020&kikanKbn=5", "url2": "https://www.funakoshi-ph.net/", "内容": "ふなこし薬局【5:薬局】静岡県浜松市中央区船越町" }, "geometry": { "type": "Point", "coordinates": [ 137.749602, 34.717907 ] } },
{ "type": "Feature", "properties": { "ID": "2257220907030", "正式名称": "アトム薬局", "機関区分": 5, "都道府県コード": 22, "市区町村コード": 138, "所在地": "静岡県浜松市中央区有玉北町１７６０－１０", "緯度": 34.760351, "経度": 137.754686, "url": "https://www.iryou.teikyouseido.mhlw.go.jp/znk-web/juminkanja/S2430/initialize?prefCd=22&kikanCd=7220907030&kikanKbn=5", "url2": "https://atomp.hamamatsu.life/", "内容": "アトム薬局【5:薬局】静岡県浜松市中央区有玉北町１７６０－１０" }, "geometry": { "type": "Point", "coordinates": [ 137.754686, 34.760351 ] } },
{ "type": "Feature", "properties": { "ID": "2257220907040", "正式名称": "株式会社杏林堂薬局新大平台店", "機関区分": 5, "都道府県コード": 22, "市区町村コード": 138, "所在地": "静岡県浜松市中央区富塚町３７７７ー４", "緯度": 34.7269, "経度": 137.7009, "url": "https://www.iryou.teikyouseido.mhlw.go.jp/znk-web/juminkanja/S2430/initialize?prefCd=22&kikanCd=7220907040&kikanKbn=5", "url2": "https://www.kyorindo.co.jp", "内容": "株式会社杏林堂薬局新大平台店【5:薬局】静岡県浜松市中央区富塚町３７７７ー４" }, "geometry": { "type": "Point", "coordinates": [ 137.7009, 34.7269 ] } },
{ "type": "Feature", "properties": { "ID": "2257220907050", "正式名称": "あすなろ薬局", "機関区分": 5, "都道府県コード": 22, "市区町村コード": 138, "所在地": "静岡県浜松市中央区中野町２２８０", "緯度": 34.733013, "経度": 137.794396, "url": "https://www.iryou.teikyouseido.mhlw.go.jp/znk-web/juminkanja/S2430/initialize?prefCd=22&kikanCd=7220907050&kikanKbn=5", "url2": "https://atenapharmacy.jp", "内容": "あすなろ薬局【5:薬局】静岡県浜松市中央区中野町２２８０" }, "geometry": { "type": "Point", "coordinates": [ 137.794396, 34.733013 ] } },
{ "type": "Feature", "properties": { "ID": "2257220907060", "正式名称": "ドリーム薬局いいのや店", "機関区分": 5, "都道府県コード": 22, "市区町村コード": 139, "所在地": "静岡県浜松市浜名区引佐町井伊谷６５１番地の１", "緯度": 34.833045, "経度": 137.674587, "url": "https://www.iryou.teikyouseido.mhlw.go.jp/znk-web/juminkanja/S2430/initialize?prefCd=22&kikanCd=7220907060&kikanKbn=5", "url2": null, "内容": "ドリーム薬局いいのや店【5:薬局】静岡県浜松市浜名区引佐町井伊谷６５１番地の１" }, "geometry": { "type": "Point", "coordinates": [ 137.674587, 34.833045 ] } },
{ "type": "Feature", "properties": { "ID": "2257220907070", "正式名称": "よしだ薬局", "機関区分": 5, "都道府県コード": 22, "市区町村コード": 138, "所在地": "静岡県浜松市中央区神ケ谷町８８６８－３", "緯度": 34.724946, "経度": 137.686141, "url": "https://www.iryou.teikyouseido.mhlw.go.jp/znk-web/juminkanja/S2430/initialize?prefCd=22&kikanCd=7220907070&kikanKbn=5", "url2": null, "内容": "よしだ薬局【5:薬局】静岡県浜松市中央区神ケ谷町８８６８－３" }, "geometry": { "type": "Point", "coordinates": [ 137.686141, 34.724946 ] } },
{ "type": "Feature", "properties": { "ID": "2257220907080", "正式名称": "たんぽぽ薬局　住吉店", "機関区分": 5, "都道府県コード": 22, "市区町村コード": 138, "所在地": "静岡県浜松市中央区住吉二丁目１２番２１号", "緯度": 34.730795, "経度": 137.724516, "url": "https://www.iryou.teikyouseido.mhlw.go.jp/znk-web/juminkanja/S2430/initialize?prefCd=22&kikanCd=7220907080&kikanKbn=5", "url2": "https://www.tanpopo-ph.co.jp/company/about/", "内容": "たんぽぽ薬局　住吉店【5:薬局】静岡県浜松市中央区住吉二丁目１２番２１号" }, "geometry": { "type": "Point", "coordinates": [ 137.724516, 34.730795 ] } },
{ "type": "Feature", "properties": { "ID": "225sc108301", "正式名称": "けやき薬局", "機関区分": 5, "都道府県コード": 22, "市区町村コード": 215, "所在地": "静岡県御殿場市東田中１４４６－１８", "緯度": 35.291077, "経度": 138.953164, "url": "https://www.iryou.teikyouseido.mhlw.go.jp/znk-web/juminkanja/S2430/initialize?prefCd=22&kikanCd=sc108301&kikanKbn=5", "url2": "https://www.pharmarise.com/company/store/store.php?store_id=299", "内容": "けやき薬局【5:薬局】静岡県御殿場市東田中１４４６－１８" }, "geometry": { "type": "Point", "coordinates": [ 138.953164, 35.291077 ] } }
]
}
