{
"type": "FeatureCollection",
"name": "geo_22_居宅介護支援",
"crs": { "type": "name", "properties": { "name": "urn:ogc:def:crs:OGC:1.3:CRS84" } },
"features": [
{ "type": "Feature", "properties": { "内容": "ケアプランセンター　つぐみ【居宅介護支援】静岡県静岡市葵区川合１－７－６６－２", "url": "https://www.kaigokensaku.mhlw.go.jp/22/index.php?action_kouhyou_detail_004_kani=true&JigyosyoCd=2274205943-00&ServiceCd=430&Type=search", "url2": "http://careplan293.wix.com/famiyu" }, "geometry": { "type": "Point", "coordinates": [ 138.419857181465545, 35.001026638815546 ] } },
{ "type": "Feature", "properties": { "内容": "千代田薬局居宅介護支援事業所【居宅介護支援】静岡市葵区東千代田一丁目19番14号", "url": "https://www.kaigokensaku.mhlw.go.jp/22/index.php?action_kouhyou_detail_004_kani=true&JigyosyoCd=2274202700-00&ServiceCd=430&Type=search", "url2": null }, "geometry": { "type": "Point", "coordinates": [ 138.412525599999981, 34.999982 ] } },
{ "type": "Feature", "properties": { "内容": "ニチイケアセンター静岡千代田【居宅介護支援】静岡市葵区東千代田二丁目２６－９", "url": "https://www.kaigokensaku.mhlw.go.jp/22/index.php?action_kouhyou_detail_004_kani=true&JigyosyoCd=2274100227-00&ServiceCd=430&Type=search", "url2": "http://www.nichiigakkan.co.jp" }, "geometry": { "type": "Point", "coordinates": [ 138.409123099999988, 35.0018817 ] } },
{ "type": "Feature", "properties": { "内容": "プラム居宅介護支援事業所【居宅介護支援】静岡市葵区沓谷４丁目１５番４号", "url": "https://www.kaigokensaku.mhlw.go.jp/22/index.php?action_kouhyou_detail_004_kani=true&JigyosyoCd=2274100904-00&ServiceCd=430&Type=search", "url2": null }, "geometry": { "type": "Point", "coordinates": [ 138.405298600000037, 34.9939519 ] } },
{ "type": "Feature", "properties": { "内容": "ケアマネジメント　ペリデ新通【居宅介護支援】静岡市葵区新通1丁目9番15号", "url": "https://www.kaigokensaku.mhlw.go.jp/22/index.php?action_kouhyou_detail_004_kani=true&JigyosyoCd=2274207055-00&ServiceCd=430&Type=search", "url2": "http://www.pelide.jp/" }, "geometry": { "type": "Point", "coordinates": [ 138.37508941349185, 34.968254108044263 ] } },
{ "type": "Feature", "properties": { "内容": "丸光ケアマネジメント訪友【居宅介護支援】静岡県静岡市葵区千代田2-2-13", "url": "https://www.kaigokensaku.mhlw.go.jp/22/index.php?action_kouhyou_detail_004_kani=true&JigyosyoCd=2274100789-00&ServiceCd=430&Type=search", "url2": null }, "geometry": { "type": "Point", "coordinates": [ 138.399013200000013, 34.9919298 ] } },
{ "type": "Feature", "properties": { "内容": "たまちケアプランセンター【居宅介護支援】静岡県静岡市葵区田町5-21", "url": "https://www.kaigokensaku.mhlw.go.jp/22/index.php?action_kouhyou_detail_004_kani=true&JigyosyoCd=2274207253-00&ServiceCd=430&Type=search", "url2": "http://shizuken.com/gaiyou.html" }, "geometry": { "type": "Point", "coordinates": [ 138.368949596958942, 34.968169827726605 ] } },
{ "type": "Feature", "properties": { "内容": "ニチイケアセンター静岡羽鳥【居宅介護支援】静岡県静岡市葵区羽鳥2丁目6-9", "url": "https://www.kaigokensaku.mhlw.go.jp/22/index.php?action_kouhyou_detail_004_kani=true&JigyosyoCd=2274205380-00&ServiceCd=430&Type=search", "url2": "http://www.nichiigakkan.co.jp" }, "geometry": { "type": "Point", "coordinates": [ 138.346313, 34.9781586 ] } },
{ "type": "Feature", "properties": { "内容": "株式会社　ケイアイ【居宅介護支援】静岡市葵区柳町９５番地１ソレアード安西２０７号", "url": "https://www.kaigokensaku.mhlw.go.jp/22/index.php?action_kouhyou_detail_004_kani=true&JigyosyoCd=2274202932-00&ServiceCd=430&Type=search", "url2": null }, "geometry": { "type": "Point", "coordinates": [ 138.3644306, 34.9776478 ] } },
{ "type": "Feature", "properties": { "内容": "竜爪園居宅介護支援センター上土【居宅介護支援】静岡県静岡市葵区上土1-14-16", "url": "https://www.kaigokensaku.mhlw.go.jp/22/index.php?action_kouhyou_detail_004_kani=true&JigyosyoCd=2274209135-00&ServiceCd=430&Type=search", "url2": "http://www.love.or.jp" }, "geometry": { "type": "Point", "coordinates": [ 138.413178199999948, 35.0022234 ] } },
{ "type": "Feature", "properties": { "内容": "ケアサポート　花音【居宅介護支援】相生町10-3アネックスプラザ２Ｆ", "url": "https://www.kaigokensaku.mhlw.go.jp/22/index.php?action_kouhyou_detail_004_kani=true&JigyosyoCd=2274206644-00&ServiceCd=430&Type=search", "url2": null }, "geometry": { "type": "Point", "coordinates": [ 138.393029100000035, 34.978492300000021 ] } },
{ "type": "Feature", "properties": { "内容": "ケアプランセンター　うらら【居宅介護支援】静岡県静岡市葵区羽鳥４－２２－２３", "url": "https://www.kaigokensaku.mhlw.go.jp/22/index.php?action_kouhyou_detail_004_kani=true&JigyosyoCd=2274210067-00&ServiceCd=430&Type=search", "url2": null }, "geometry": { "type": "Point", "coordinates": [ 138.3432, 34.9834508 ] } },
{ "type": "Feature", "properties": { "内容": "居宅介護支援事業所コスモス【居宅介護支援】静岡市葵区水見色３６０番地", "url": "https://www.kaigokensaku.mhlw.go.jp/22/index.php?action_kouhyou_detail_004_kani=true&JigyosyoCd=2274201959-00&ServiceCd=430&Type=search", "url2": "http://www.warashinafukushikai.or.jp" }, "geometry": { "type": "Point", "coordinates": [ 138.288623799999982, 35.0366165 ] } },
{ "type": "Feature", "properties": { "内容": "居宅介護支援事業所りんどう羽鳥【居宅介護支援】静岡県静岡市葵区千代１丁目１３－７６ベル千代A１０１", "url": "https://www.kaigokensaku.mhlw.go.jp/22/index.php?action_kouhyou_detail_004_kani=true&JigyosyoCd=2274209010-00&ServiceCd=430&Type=search", "url2": null }, "geometry": { "type": "Point", "coordinates": [ 138.3502439, 34.9800883 ] } },
{ "type": "Feature", "properties": { "内容": "寿ケアプラン【居宅介護支援】静岡市葵区山崎一丁目20-5", "url": "https://www.kaigokensaku.mhlw.go.jp/22/index.php?action_kouhyou_detail_004_kani=true&JigyosyoCd=2274204573-00&ServiceCd=430&Type=search", "url2": "https://www.kotobuki-day.com" }, "geometry": { "type": "Point", "coordinates": [ 138.353156225506581, 34.976482704180604 ] } },
{ "type": "Feature", "properties": { "内容": "ママうさぎ駒形ケアプランセンター【居宅介護支援】駒形通１丁目３－１１", "url": "https://www.kaigokensaku.mhlw.go.jp/22/index.php?action_kouhyou_detail_004_kani=true&JigyosyoCd=2274206164-00&ServiceCd=430&Type=search", "url2": null }, "geometry": { "type": "Point", "coordinates": [ 138.378099, 34.9704626 ] } },
{ "type": "Feature", "properties": { "内容": "居宅介護支援事業所　ウイズ【居宅介護支援】千代田7-5-36", "url": "https://www.kaigokensaku.mhlw.go.jp/22/index.php?action_kouhyou_detail_004_kani=true&JigyosyoCd=2274206396-00&ServiceCd=430&Type=search", "url2": "www.with-offical.com" }, "geometry": { "type": "Point", "coordinates": [ 138.405687299999954, 35.0011178 ] } },
{ "type": "Feature", "properties": { "内容": "厚生苑新緑の郷【居宅介護支援】静岡県静岡市葵区北番町66-2", "url": "https://www.kaigokensaku.mhlw.go.jp/22/index.php?action_kouhyou_detail_004_kani=true&JigyosyoCd=2274204748-00&ServiceCd=430&Type=search", "url2": "https://www.shizuoka-kosei.or.jp/" }, "geometry": { "type": "Point", "coordinates": [ 138.368545888638323, 34.979706593339898 ] } },
{ "type": "Feature", "properties": { "内容": "居宅介護支援事業所たすく【居宅介護支援】静岡県静岡市葵区一番町67", "url": "https://www.kaigokensaku.mhlw.go.jp/22/index.php?action_kouhyou_detail_004_kani=true&JigyosyoCd=2274208418-00&ServiceCd=430&Type=search", "url2": "http://hp.kaipoke.biz/ddz/" }, "geometry": { "type": "Point", "coordinates": [ 138.370931181614623, 34.976403829416384 ] } },
{ "type": "Feature", "properties": { "内容": "居宅介護支援事業所　ひよりプラン【居宅介護支援】静岡県静岡市葵区瀬名6丁目44-10-2", "url": "https://www.kaigokensaku.mhlw.go.jp/22/index.php?action_kouhyou_detail_004_kani=true&JigyosyoCd=2274205638-00&ServiceCd=430&Type=search", "url2": null }, "geometry": { "type": "Point", "coordinates": [ 138.428860100000065, 35.0352838 ] } },
{ "type": "Feature", "properties": { "内容": "居宅介護支援事業所　亀寿庵葵【居宅介護支援】籠上19-8ファミール篭上102号", "url": "https://www.kaigokensaku.mhlw.go.jp/22/index.php?action_kouhyou_detail_004_kani=true&JigyosyoCd=2274210331-00&ServiceCd=430&Type=search", "url2": null }, "geometry": { "type": "Point", "coordinates": [ 138.3707626, 34.9910019 ] } },
{ "type": "Feature", "properties": { "内容": "支援センター　ふくみみ【居宅介護支援】静岡市葵区片羽町５５－１０", "url": "https://www.kaigokensaku.mhlw.go.jp/22/index.php?action_kouhyou_detail_004_kani=true&JigyosyoCd=2274203930-00&ServiceCd=430&Type=search", "url2": null }, "geometry": { "type": "Point", "coordinates": [ 138.373104600000033, 34.9830861 ] } },
{ "type": "Feature", "properties": { "内容": "きゃんでぃー居宅介護支援事業所【居宅介護支援】静岡市葵区横内町32番地イナバビル1階", "url": "https://www.kaigokensaku.mhlw.go.jp/22/index.php?action_kouhyou_detail_004_kani=true&JigyosyoCd=2274205885-00&ServiceCd=430&Type=search", "url2": null }, "geometry": { "type": "Point", "coordinates": [ 138.390742236390736, 34.982415550451393 ] } },
{ "type": "Feature", "properties": { "内容": "ケアプランセンター竜南【居宅介護支援】竜南2丁目１－３８", "url": "https://www.kaigokensaku.mhlw.go.jp/22/index.php?action_kouhyou_detail_004_kani=true&JigyosyoCd=2274206685-00&ServiceCd=430&Type=search", "url2": null }, "geometry": { "type": "Point", "coordinates": [ 138.400437799999963, 35.000701 ] } },
{ "type": "Feature", "properties": { "内容": "ケアマネジメント　たんぽぽ【居宅介護支援】静岡市葵区紺屋町　11-6チサンマンション　２０１", "url": "https://www.kaigokensaku.mhlw.go.jp/22/index.php?action_kouhyou_detail_004_kani=true&JigyosyoCd=2274200878-00&ServiceCd=430&Type=search", "url2": null }, "geometry": { "type": "Point", "coordinates": [ 138.3853206, 34.9716375 ] } },
{ "type": "Feature", "properties": { "内容": "エスケア居宅介護支援事業所【居宅介護支援】静岡県静岡市葵区北安東4-22-5", "url": "https://www.kaigokensaku.mhlw.go.jp/22/index.php?action_kouhyou_detail_004_kani=true&JigyosyoCd=2274205844-00&ServiceCd=430&Type=search", "url2": null }, "geometry": { "type": "Point", "coordinates": [ 138.387850372092913, 35.004196357922325 ] } },
{ "type": "Feature", "properties": { "内容": "ザオーケアプラン静岡【居宅介護支援】静岡県静岡市葵区瀬名川2-3-44", "url": "https://www.kaigokensaku.mhlw.go.jp/22/index.php?action_kouhyou_detail_004_kani=true&JigyosyoCd=2274210984-00&ServiceCd=430&Type=search", "url2": null }, "geometry": { "type": "Point", "coordinates": [ 138.427252399999986, 35.0052869 ] } },
{ "type": "Feature", "properties": { "内容": "まごころ介護サービス静岡西【居宅介護支援】静岡市葵区一番町651F", "url": "https://www.kaigokensaku.mhlw.go.jp/22/index.php?action_kouhyou_detail_004_kani=true&JigyosyoCd=2274200332-00&ServiceCd=430&Type=search", "url2": "http://www.magokorokaigo.com" }, "geometry": { "type": "Point", "coordinates": [ 138.371233861971291, 34.976324950347525 ] } },
{ "type": "Feature", "properties": { "内容": "ケアマネジメントやまぶき【居宅介護支援】上土二丁目9-50-205", "url": "https://www.kaigokensaku.mhlw.go.jp/22/index.php?action_kouhyou_detail_004_kani=true&JigyosyoCd=2274206800-00&ServiceCd=430&Type=search", "url2": null }, "geometry": { "type": "Point", "coordinates": [ 138.412218150275407, 35.003326644116399 ] } },
{ "type": "Feature", "properties": { "内容": "居宅介護支援事業所　りんどう【居宅介護支援】静岡県静岡市葵区安西2丁目28ワタナベハイツ１階B", "url": "https://www.kaigokensaku.mhlw.go.jp/22/index.php?action_kouhyou_detail_004_kani=true&JigyosyoCd=2274207360-00&ServiceCd=430&Type=search", "url2": null }, "geometry": { "type": "Point", "coordinates": [ 138.371802099999968, 34.9794087 ] } },
{ "type": "Feature", "properties": { "内容": "JA静岡厚生連静岡厚生病院【居宅介護支援】静岡県静岡市葵区北番町66-1", "url": "https://www.kaigokensaku.mhlw.go.jp/22/index.php?action_kouhyou_detail_004_kani=true&JigyosyoCd=2214110039-00&ServiceCd=430&Type=search", "url2": "https://ja-shizuokakosei.jp/" }, "geometry": { "type": "Point", "coordinates": [ 138.368821799999978, 34.9797476 ] } },
{ "type": "Feature", "properties": { "内容": "アサヒサンクリーン在宅介護センター葵・指定居宅介護支援事業所【居宅介護支援】静岡県静岡市葵区新通２－２－１８", "url": "https://www.kaigokensaku.mhlw.go.jp/22/index.php?action_kouhyou_detail_004_kani=true&JigyosyoCd=2274206982-00&ServiceCd=430&Type=search", "url2": null }, "geometry": { "type": "Point", "coordinates": [ 138.373428006691796, 34.96681530707216 ] } },
{ "type": "Feature", "properties": { "内容": "大石内科循環器科居宅介護支援センター【居宅介護支援】静岡市葵区鷹匠２丁目６番１号", "url": "https://www.kaigokensaku.mhlw.go.jp/22/index.php?action_kouhyou_detail_004_kani=true&JigyosyoCd=2214111136-00&ServiceCd=430&Type=search", "url2": "http://oishi-shunkei.com/naika/" }, "geometry": { "type": "Point", "coordinates": [ 138.3874813, 34.9773479 ] } },
{ "type": "Feature", "properties": { "内容": "有限会社岩本薬局居宅介護支援事業所【居宅介護支援】静岡市葵区巴町60", "url": "https://www.kaigokensaku.mhlw.go.jp/22/index.php?action_kouhyou_detail_004_kani=true&JigyosyoCd=2244110165-00&ServiceCd=430&Type=search", "url2": "https://iwamotoyakkyoku.jp/" }, "geometry": { "type": "Point", "coordinates": [ 138.394300911639448, 34.985123080293221 ] } },
{ "type": "Feature", "properties": { "内容": "こみに居宅介護支援センター【居宅介護支援】静岡市葵区赤松8-16", "url": "https://www.kaigokensaku.mhlw.go.jp/22/index.php?action_kouhyou_detail_004_kani=true&JigyosyoCd=2254180041-00&ServiceCd=430&Type=search", "url2": "http://www.communi.or.jp" }, "geometry": { "type": "Point", "coordinates": [ 138.3964019, 35.0248563 ] } },
{ "type": "Feature", "properties": { "内容": "星のしずく　居宅介護支援事業所【居宅介護支援】静岡県静岡市葵区城北87番地", "url": "https://www.kaigokensaku.mhlw.go.jp/22/index.php?action_kouhyou_detail_004_kani=true&JigyosyoCd=2254280148-00&ServiceCd=430&Type=search", "url2": "http://www.hoshino-shizuku.jp" }, "geometry": { "type": "Point", "coordinates": [ 138.393985499999985, 35.0015868 ] } },
{ "type": "Feature", "properties": { "内容": "吉津園指定居宅介護支援事業所【居宅介護支援】静岡市葵区吉津199番地", "url": "https://www.kaigokensaku.mhlw.go.jp/22/index.php?action_kouhyou_detail_004_kani=true&JigyosyoCd=2274100011-00&ServiceCd=430&Type=search", "url2": "http://www.yoshizuen.or.jp" }, "geometry": { "type": "Point", "coordinates": [ 138.309686599999964, 34.979565699999981 ] } },
{ "type": "Feature", "properties": { "内容": "静岡市社会福祉協議会　ケアマネジメントセンターしずおか【居宅介護支援】静岡県静岡市葵区城内町1番1号静岡市中央福祉センター3階", "url": "https://www.kaigokensaku.mhlw.go.jp/22/index.php?action_kouhyou_detail_004_kani=true&JigyosyoCd=2274100029-00&ServiceCd=430&Type=search", "url2": "https://www.shizuoka-shakyo.or.jp/" }, "geometry": { "type": "Point", "coordinates": [ 138.381204, 34.981889 ] } },
{ "type": "Feature", "properties": { "内容": "麻機園ケアプランサービス【居宅介護支援】静岡県静岡市葵区東532-4", "url": "https://www.kaigokensaku.mhlw.go.jp/22/index.php?action_kouhyou_detail_004_kani=true&JigyosyoCd=2274100045-00&ServiceCd=430&Type=search", "url2": "https://www.sakura.or.jp" }, "geometry": { "type": "Point", "coordinates": [ 138.396926900000039, 35.024403600000035 ] } },
{ "type": "Feature", "properties": { "内容": "楽寿の園福祉エリア居宅介護支援センター【居宅介護支援】静岡市葵区与左衛門新田７４－６", "url": "https://www.kaigokensaku.mhlw.go.jp/22/index.php?action_kouhyou_detail_004_kani=true&JigyosyoCd=2274100102-00&ServiceCd=430&Type=search", "url2": "http://www.rakuju.or.jp" }, "geometry": { "type": "Point", "coordinates": [ 138.368957200000068, 35.027303 ] } },
{ "type": "Feature", "properties": { "内容": "在宅センター瀬名【居宅介護支援】静岡市葵区瀬名4701番9", "url": "https://www.kaigokensaku.mhlw.go.jp/22/index.php?action_kouhyou_detail_004_kani=true&JigyosyoCd=2274100128-00&ServiceCd=430&Type=search", "url2": "http://www.kojinkai-fukushi.com/rainbowsena" }, "geometry": { "type": "Point", "coordinates": [ 138.429135099999939, 35.0356116 ] } },
{ "type": "Feature", "properties": { "内容": "居宅介護支援センター竜爪園【居宅介護支援】静岡県静岡市葵区長尾89-1", "url": "https://www.kaigokensaku.mhlw.go.jp/22/index.php?action_kouhyou_detail_004_kani=true&JigyosyoCd=2274100169-00&ServiceCd=430&Type=search", "url2": "https://www.love.or.jp" }, "geometry": { "type": "Point", "coordinates": [ 138.4275824, 35.0381501 ] } },
{ "type": "Feature", "properties": { "内容": "カリタス21居宅介護支援事業所【居宅介護支援】静岡市葵区桂山723-6", "url": "https://www.kaigokensaku.mhlw.go.jp/22/index.php?action_kouhyou_detail_004_kani=true&JigyosyoCd=2274100201-00&ServiceCd=430&Type=search", "url2": "https://www.c-katura.com" }, "geometry": { "type": "Point", "coordinates": [ 138.344051600000057, 35.1116913 ] } },
{ "type": "Feature", "properties": { "内容": "あしたば居宅介護支援センター【居宅介護支援】静岡市葵区五番町2-36シニアあしたば", "url": "https://www.kaigokensaku.mhlw.go.jp/22/index.php?action_kouhyou_detail_004_kani=true&JigyosyoCd=2274100482-00&ServiceCd=430&Type=search", "url2": "http://www.nh-ashitaba.co.jp" }, "geometry": { "type": "Point", "coordinates": [ 138.372351208258465, 34.97278062187484 ] } },
{ "type": "Feature", "properties": { "内容": "居宅介護支援事業所あみ【居宅介護支援】静岡市葵区福田ヶ谷73-2介護老人保健施設あみ", "url": "https://www.kaigokensaku.mhlw.go.jp/22/index.php?action_kouhyou_detail_004_kani=true&JigyosyoCd=2274101118-00&ServiceCd=430&Type=search", "url2": "http://www.shouei-kai.com" }, "geometry": { "type": "Point", "coordinates": [ 138.379736800000046, 35.026219800000035 ] } },
{ "type": "Feature", "properties": { "内容": "ケアマネジメント　しずはた【居宅介護支援】平和1丁目18番18号", "url": "https://www.kaigokensaku.mhlw.go.jp/22/index.php?action_kouhyou_detail_004_kani=true&JigyosyoCd=2274101498-00&ServiceCd=430&Type=search", "url2": "http://www.kintokien.com/" }, "geometry": { "type": "Point", "coordinates": [ 138.365277399999968, 34.9901797 ] } },
{ "type": "Feature", "properties": { "内容": "有限会社　山秀　マミー・ケア・サポート　居宅介護支援事業所【居宅介護支援】静岡市葵区新伝馬1丁目10-50", "url": "https://www.kaigokensaku.mhlw.go.jp/22/index.php?action_kouhyou_detail_004_kani=true&JigyosyoCd=2274200647-00&ServiceCd=430&Type=search", "url2": null }, "geometry": { "type": "Point", "coordinates": [ 138.3634217, 34.9976871 ] } },
{ "type": "Feature", "properties": { "内容": "しずてつケアステーション北安東　居宅介護支援事業所【居宅介護支援】静岡市葵区北安東二丁目28-10", "url": "https://www.kaigokensaku.mhlw.go.jp/22/index.php?action_kouhyou_detail_004_kani=true&JigyosyoCd=2274200985-00&ServiceCd=430&Type=search", "url2": "http://www.shizutetsu.co.jp/care/" }, "geometry": { "type": "Point", "coordinates": [ 138.385747317907743, 34.998583724139863 ] } },
{ "type": "Feature", "properties": { "内容": "アルファケアプラン【居宅介護支援】静岡市葵区緑町１番５号", "url": "https://www.kaigokensaku.mhlw.go.jp/22/index.php?action_kouhyou_detail_004_kani=true&JigyosyoCd=2274201041-00&ServiceCd=430&Type=search", "url2": null }, "geometry": { "type": "Point", "coordinates": [ 138.391883399999983, 34.9861719 ] } },
{ "type": "Feature", "properties": { "内容": "指定居宅介護支援事業所　幸【居宅介護支援】静岡市葵区研屋町２６", "url": "https://www.kaigokensaku.mhlw.go.jp/22/index.php?action_kouhyou_detail_004_kani=true&JigyosyoCd=2274201082-00&ServiceCd=430&Type=search", "url2": null }, "geometry": { "type": "Point", "coordinates": [ 138.37517189695896, 34.966153451622979 ] } },
{ "type": "Feature", "properties": { "内容": "ケアマネジメント　かがやき【居宅介護支援】静岡市葵区千代田2丁目16－28", "url": "https://www.kaigokensaku.mhlw.go.jp/22/index.php?action_kouhyou_detail_004_kani=true&JigyosyoCd=2274201355-00&ServiceCd=430&Type=search", "url2": null }, "geometry": { "type": "Point", "coordinates": [ 138.402432976721258, 34.99380010790955 ] } },
{ "type": "Feature", "properties": { "内容": "静岡市井川高齢者生活福祉センター【居宅介護支援】静岡市葵区井川1133－2井川地区複合施設", "url": "https://www.kaigokensaku.mhlw.go.jp/22/index.php?action_kouhyou_detail_004_kani=true&JigyosyoCd=2274201389-00&ServiceCd=430&Type=search", "url2": "http://www.shizuoka-shakyo.or.jp/" }, "geometry": { "type": "Point", "coordinates": [ 138.2442866, 35.2221031 ] } },
{ "type": "Feature", "properties": { "内容": "ひかり介護サービス【居宅介護支援】静岡市葵区城東町３５－１", "url": "https://www.kaigokensaku.mhlw.go.jp/22/index.php?action_kouhyou_detail_004_kani=true&JigyosyoCd=2274201851-00&ServiceCd=430&Type=search", "url2": "hikari05.wixsite.com/my-site" }, "geometry": { "type": "Point", "coordinates": [ 138.390494699999977, 34.9846054 ] } },
{ "type": "Feature", "properties": { "内容": "セントケア葵【居宅介護支援】静岡市葵区本通9-11", "url": "https://www.kaigokensaku.mhlw.go.jp/22/index.php?action_kouhyou_detail_004_kani=true&JigyosyoCd=2274203260-00&ServiceCd=430&Type=search", "url2": "http:www.saint-care.com" }, "geometry": { "type": "Point", "coordinates": [ 138.3736662, 34.967729599999977 ] } },
{ "type": "Feature", "properties": { "内容": "ケアマネステーション葵【居宅介護支援】静岡市葵区柚木90－9ＭＳビル１F", "url": "https://www.kaigokensaku.mhlw.go.jp/22/index.php?action_kouhyou_detail_004_kani=true&JigyosyoCd=2274203401-00&ServiceCd=430&Type=search", "url2": "https://www.r-and-o.jp/shizuoka-hmcc/aoi/" }, "geometry": { "type": "Point", "coordinates": [ 138.405551291472563, 34.980336217586519 ] } },
{ "type": "Feature", "properties": { "内容": "まいケアプランサービス【居宅介護支援】静岡市葵区大岩10－17　マンションITO102", "url": "https://www.kaigokensaku.mhlw.go.jp/22/index.php?action_kouhyou_detail_004_kani=true&JigyosyoCd=2274203765-00&ServiceCd=430&Type=search", "url2": null }, "geometry": { "type": "Point", "coordinates": [ 138.377529, 34.9916823 ] } },
{ "type": "Feature", "properties": { "内容": "ステッププラン居宅介護支援センター【居宅介護支援】静岡市葵区昭府2丁目5-21サンライズ昭府1階事務所", "url": "https://www.kaigokensaku.mhlw.go.jp/22/index.php?action_kouhyou_detail_004_kani=true&JigyosyoCd=2274204458-00&ServiceCd=430&Type=search", "url2": "https://step-plan.com/" }, "geometry": { "type": "Point", "coordinates": [ 138.369765499999971, 35.0007923 ] } },
{ "type": "Feature", "properties": { "内容": "そらまめ介護居宅介護支援【居宅介護支援】静岡市葵区松富２丁目２番77号スタシオン203号", "url": "https://www.kaigokensaku.mhlw.go.jp/22/index.php?action_kouhyou_detail_004_kani=true&JigyosyoCd=2274204821-00&ServiceCd=430&Type=search", "url2": "https://kaitekis.com/" }, "geometry": { "type": "Point", "coordinates": [ 138.374066299999981, 35.0122943 ] } },
{ "type": "Feature", "properties": { "内容": "厚生苑ケアマネジメントサービス【居宅介護支援】静岡市葵区柳町185番地５", "url": "https://www.kaigokensaku.mhlw.go.jp/22/index.php?action_kouhyou_detail_004_kani=true&JigyosyoCd=2274204896-00&ServiceCd=430&Type=search", "url2": "http://www.shizuoka-kosei.or.jp" }, "geometry": { "type": "Point", "coordinates": [ 138.362793761840862, 34.979513120153285 ] } },
{ "type": "Feature", "properties": { "内容": "居宅介護支援事業所まはえ山崎【居宅介護支援】山崎2丁目2-8", "url": "https://www.kaigokensaku.mhlw.go.jp/22/index.php?action_kouhyou_detail_004_kani=true&JigyosyoCd=2274205059-00&ServiceCd=430&Type=search", "url2": "http://www.mahae-shizuoka.jp/" }, "geometry": { "type": "Point", "coordinates": [ 138.355253700000048, 34.9771479 ] } },
{ "type": "Feature", "properties": { "内容": "居宅介護支援事業所　陽だまりの家【居宅介護支援】上伝馬32番9号", "url": "https://www.kaigokensaku.mhlw.go.jp/22/index.php?action_kouhyou_detail_004_kani=true&JigyosyoCd=2274205257-00&ServiceCd=430&Type=search", "url2": "http://www.foryou-s.jp/" }, "geometry": { "type": "Point", "coordinates": [ 138.373604, 35.0151656 ] } },
{ "type": "Feature", "properties": { "内容": "居宅介護支援事業所　羽鳥の森【居宅介護支援】羽鳥7丁目６番３８号", "url": "https://www.kaigokensaku.mhlw.go.jp/22/index.php?action_kouhyou_detail_004_kani=true&JigyosyoCd=2274205430-00&ServiceCd=430&Type=search", "url2": "http://necro0013.wix.com/hakuju" }, "geometry": { "type": "Point", "coordinates": [ 138.334553, 34.9906151 ] } },
{ "type": "Feature", "properties": { "内容": "居宅介護支援クローバー【居宅介護支援】静岡県静岡市葵区北3-23-9", "url": "https://www.kaigokensaku.mhlw.go.jp/22/index.php?action_kouhyou_detail_004_kani=true&JigyosyoCd=2274205448-00&ServiceCd=430&Type=search", "url2": "http://hp.kaipoke.biz/5u4/" }, "geometry": { "type": "Point", "coordinates": [ 138.394723727647431, 35.04059846398701 ] } },
{ "type": "Feature", "properties": { "内容": "ケアプラン　おうち【居宅介護支援】静岡県静岡市葵区内牧20-5　1階", "url": "https://www.kaigokensaku.mhlw.go.jp/22/index.php?action_kouhyou_detail_004_kani=true&JigyosyoCd=2274205703-00&ServiceCd=430&Type=search", "url2": null }, "geometry": { "type": "Point", "coordinates": [ 138.3556944, 35.0194345 ] } },
{ "type": "Feature", "properties": { "内容": "ステッププランわらび野【居宅介護支援】静岡市葵区内牧1733-1", "url": "https://www.kaigokensaku.mhlw.go.jp/22/index.php?action_kouhyou_detail_004_kani=true&JigyosyoCd=2274205760-00&ServiceCd=430&Type=search", "url2": "https://step-plan.com/" }, "geometry": { "type": "Point", "coordinates": [ 138.348075429782881, 35.022334328286398 ] } },
{ "type": "Feature", "properties": { "内容": "居宅介護支援事業所　亀寿庵【居宅介護支援】瀬名川２丁目２７－４１", "url": "https://www.kaigokensaku.mhlw.go.jp/22/index.php?action_kouhyou_detail_004_kani=true&JigyosyoCd=2274206073-00&ServiceCd=430&Type=search", "url2": "https://kijuansena.com" }, "geometry": { "type": "Point", "coordinates": [ 138.427309371263874, 35.006499961589753 ] } },
{ "type": "Feature", "properties": { "内容": "ｹｱﾌﾟﾗﾝｻｰﾋﾞｽきはら【居宅介護支援】葵区与一二丁目7－14", "url": "https://www.kaigokensaku.mhlw.go.jp/22/index.php?action_kouhyou_detail_004_kani=true&JigyosyoCd=2274206255-00&ServiceCd=430&Type=search", "url2": "http://careplan-kihara.com" }, "geometry": { "type": "Point", "coordinates": [ 138.367006829499843, 35.007553213723327 ] } },
{ "type": "Feature", "properties": { "内容": "古庄からきや薬局ヘルシーパーク【居宅介護支援】静岡県静岡市葵区古庄三丁目2番58号", "url": "https://www.kaigokensaku.mhlw.go.jp/22/index.php?action_kouhyou_detail_004_kani=true&JigyosyoCd=2274206354-00&ServiceCd=430&Type=search", "url2": "info@karakiya.co.jp" }, "geometry": { "type": "Point", "coordinates": [ 138.418111400000043, 34.9947883 ] } },
{ "type": "Feature", "properties": { "内容": "社会福祉法人静和会　城東ケアプランセンター【居宅介護支援】静岡市葵区城東町23－6", "url": "https://www.kaigokensaku.mhlw.go.jp/22/index.php?action_kouhyou_detail_004_kani=true&JigyosyoCd=2274206479-00&ServiceCd=430&Type=search", "url2": "http://www.marikonosato.org/" }, "geometry": { "type": "Point", "coordinates": [ 138.38891430000001, 34.9857274 ] } },
{ "type": "Feature", "properties": { "内容": "ケアプランセンター　華ごよみ【居宅介護支援】静岡県静岡市葵区新伝馬三丁目８－２０ｸﾞﾗﾝﾄﾞﾊｲﾂ飛鳥　1B", "url": "https://www.kaigokensaku.mhlw.go.jp/22/index.php?action_kouhyou_detail_004_kani=true&JigyosyoCd=2274207584-00&ServiceCd=430&Type=search", "url2": null }, "geometry": { "type": "Point", "coordinates": [ 138.365582600000039, 35.0005618 ] } },
{ "type": "Feature", "properties": { "内容": "活き生きネットワーク介護事業部【居宅介護支援】静岡市葵区安東一丁目23番12号", "url": "https://www.kaigokensaku.mhlw.go.jp/22/index.php?action_kouhyou_detail_004_kani=true&JigyosyoCd=2274207626-00&ServiceCd=430&Type=search", "url2": "http://npo-ikiiki.net/" }, "geometry": { "type": "Point", "coordinates": [ 138.382151, 34.9847553 ] } },
{ "type": "Feature", "properties": { "内容": "つどいのおか介護支援センター【居宅介護支援】静岡市葵区本通西町39", "url": "https://www.kaigokensaku.mhlw.go.jp/22/index.php?action_kouhyou_detail_004_kani=true&JigyosyoCd=2274207741-00&ServiceCd=430&Type=search", "url2": "http://tsudoinooka.hp.gogo.jp/pc/" }, "geometry": { "type": "Point", "coordinates": [ 138.3716696, 34.964656300000016 ] } },
{ "type": "Feature", "properties": { "内容": "ママうさぎ与一ケアプランセンター【居宅介護支援】静岡市葵区与一１丁目８－８", "url": "https://www.kaigokensaku.mhlw.go.jp/22/index.php?action_kouhyou_detail_004_kani=true&JigyosyoCd=2274207923-00&ServiceCd=430&Type=search", "url2": "http://www.mamausagi.jp" }, "geometry": { "type": "Point", "coordinates": [ 138.365688, 35.005189 ] } },
{ "type": "Feature", "properties": { "内容": "ラポーレ駿河居宅介護支援事業所【居宅介護支援】静岡県静岡市葵区羽鳥6丁目4‐18", "url": "https://www.kaigokensaku.mhlw.go.jp/22/index.php?action_kouhyou_detail_004_kani=true&JigyosyoCd=2274208194-00&ServiceCd=430&Type=search", "url2": "http://www.surugakai.net/" }, "geometry": { "type": "Point", "coordinates": [ 138.3343698, 34.9838409 ] } },
{ "type": "Feature", "properties": { "内容": "ワールドケアサポート静岡【居宅介護支援】静岡県静岡市葵区伝馬町１-２ホテルシティオ　３Ｆ-８号室", "url": "https://www.kaigokensaku.mhlw.go.jp/22/index.php?action_kouhyou_detail_004_kani=true&JigyosyoCd=2274208202-00&ServiceCd=430&Type=search", "url2": "https://wcs-japan.com/" }, "geometry": { "type": "Point", "coordinates": [ 138.386704202488744, 34.974902912356619 ] } },
{ "type": "Feature", "properties": { "内容": "サンケア梅屋町【居宅介護支援】静岡県静岡市葵区梅屋町5-1", "url": "https://www.kaigokensaku.mhlw.go.jp/22/index.php?action_kouhyou_detail_004_kani=true&JigyosyoCd=2274208301-00&ServiceCd=430&Type=search", "url2": "http://www.mediesta.co.jp" }, "geometry": { "type": "Point", "coordinates": [ 138.377729600000066, 34.9720596 ] } },
{ "type": "Feature", "properties": { "内容": "サンケア瀬名【居宅介護支援】静岡県静岡市葵区瀬名中央3丁目28-86", "url": "https://www.kaigokensaku.mhlw.go.jp/22/index.php?action_kouhyou_detail_004_kani=true&JigyosyoCd=2274208319-00&ServiceCd=430&Type=search", "url2": null }, "geometry": { "type": "Point", "coordinates": [ 138.42213019999997, 35.0103505 ] } },
{ "type": "Feature", "properties": { "内容": "ケアプランおもて【居宅介護支援】静岡県静岡市葵区馬場町１４", "url": "https://www.kaigokensaku.mhlw.go.jp/22/index.php?action_kouhyou_detail_004_kani=true&JigyosyoCd=2274208707-00&ServiceCd=430&Type=search", "url2": null }, "geometry": { "type": "Point", "coordinates": [ 138.377657099999965, 34.9792865 ] } },
{ "type": "Feature", "properties": { "内容": "すずらん薬局居宅介護支援事業所【居宅介護支援】西瀬名町21-16", "url": "https://www.kaigokensaku.mhlw.go.jp/22/index.php?action_kouhyou_detail_004_kani=true&JigyosyoCd=2274208772-00&ServiceCd=430&Type=search", "url2": "http://www.aidrug.jp/" }, "geometry": { "type": "Point", "coordinates": [ 138.418810233516723, 35.002655674725929 ] } },
{ "type": "Feature", "properties": { "内容": "介護プラン虹【居宅介護支援】瀬名川2丁目1-8", "url": "https://www.kaigokensaku.mhlw.go.jp/22/index.php?action_kouhyou_detail_004_kani=true&JigyosyoCd=2274208970-00&ServiceCd=430&Type=search", "url2": "http://www.toyamaclinic.net/" }, "geometry": { "type": "Point", "coordinates": [ 138.428228273492692, 35.003073579313273 ] } },
{ "type": "Feature", "properties": { "内容": "オネスト居宅介護支援事業所【居宅介護支援】静岡県静岡市葵区羽鳥1丁目2-13", "url": "https://www.kaigokensaku.mhlw.go.jp/22/index.php?action_kouhyou_detail_004_kani=true&JigyosyoCd=2274209093-00&ServiceCd=430&Type=search", "url2": null }, "geometry": { "type": "Point", "coordinates": [ 138.347579565146532, 34.978750331947985 ] } },
{ "type": "Feature", "properties": { "内容": "長谷通りクリニック居宅介護支援事業所【居宅介護支援】静岡市葵区安東1丁目21番17号", "url": "https://www.kaigokensaku.mhlw.go.jp/22/index.php?action_kouhyou_detail_004_kani=true&JigyosyoCd=2274209150-00&ServiceCd=430&Type=search", "url2": null }, "geometry": { "type": "Point", "coordinates": [ 138.3836037, 34.98438040000002 ] } },
{ "type": "Feature", "properties": { "内容": "ステッププラン井宮【居宅介護支援】静岡県静岡市葵区水道町35-1ユーコープ水道店内", "url": "https://www.kaigokensaku.mhlw.go.jp/22/index.php?action_kouhyou_detail_004_kani=true&JigyosyoCd=2274209283-00&ServiceCd=430&Type=search", "url2": "https://step-plan.com/" }, "geometry": { "type": "Point", "coordinates": [ 138.367270493098033, 34.986632419538367 ] } },
{ "type": "Feature", "properties": { "内容": "ケアプランセンター大樹【居宅介護支援】長沼2-11-15", "url": "https://www.kaigokensaku.mhlw.go.jp/22/index.php?action_kouhyou_detail_004_kani=true&JigyosyoCd=2274209408-00&ServiceCd=430&Type=search", "url2": null }, "geometry": { "type": "Point", "coordinates": [ 138.414192624802808, 34.991525167912584 ] } },
{ "type": "Feature", "properties": { "内容": "しずてつケアステーション鷹匠　居宅介護支援事業所【居宅介護支援】静岡県静岡市葵区鷹匠三丁目16-5", "url": "https://www.kaigokensaku.mhlw.go.jp/22/index.php?action_kouhyou_detail_004_kani=true&JigyosyoCd=2274209432-00&ServiceCd=430&Type=search", "url2": "http://www.shizutetsu.co.jp/care/index.php" }, "geometry": { "type": "Point", "coordinates": [ 138.391922766244733, 34.979638857468125 ] } },
{ "type": "Feature", "properties": { "内容": "居宅介護支援事業所　亀松亭【居宅介護支援】静岡県静岡市葵区西草深町21-7", "url": "https://www.kaigokensaku.mhlw.go.jp/22/index.php?action_kouhyou_detail_004_kani=true&JigyosyoCd=2274209523-00&ServiceCd=430&Type=search", "url2": "https://www.basutabi.com/kaigo-kishotei/" }, "geometry": { "type": "Point", "coordinates": [ 138.377487845368961, 34.980688453119974 ] } },
{ "type": "Feature", "properties": { "内容": "なつい居宅介護支援事業所【居宅介護支援】静岡県静岡市葵区瀬名三丁目9番14号", "url": "https://www.kaigokensaku.mhlw.go.jp/22/index.php?action_kouhyou_detail_004_kani=true&JigyosyoCd=2274209762-00&ServiceCd=430&Type=search", "url2": null }, "geometry": { "type": "Point", "coordinates": [ 138.4206557, 35.0220044 ] } },
{ "type": "Feature", "properties": { "内容": "こみにケアプラザ【居宅介護支援】静岡県静岡市葵区瀬名中央四丁目７番91号1階B号室", "url": "https://www.kaigokensaku.mhlw.go.jp/22/index.php?action_kouhyou_detail_004_kani=true&JigyosyoCd=2274210182-00&ServiceCd=430&Type=search", "url2": "https://www.communi.or.jp/caremana.html" }, "geometry": { "type": "Point", "coordinates": [ 138.422609120237723, 35.01115618102547 ] } },
{ "type": "Feature", "properties": { "内容": "わかばケアサポートセンター【居宅介護支援】竜南1丁目３－１３", "url": "https://www.kaigokensaku.mhlw.go.jp/22/index.php?action_kouhyou_detail_004_kani=true&JigyosyoCd=2274210588-00&ServiceCd=430&Type=search", "url2": null }, "geometry": { "type": "Point", "coordinates": [ 138.4004324, 34.9976329 ] } },
{ "type": "Feature", "properties": { "内容": "わかばケアサポートセンター２【居宅介護支援】静岡県静岡市葵区古庄４丁目３－１１", "url": "https://www.kaigokensaku.mhlw.go.jp/22/index.php?action_kouhyou_detail_004_kani=true&JigyosyoCd=2274210596-00&ServiceCd=430&Type=search", "url2": null }, "geometry": { "type": "Point", "coordinates": [ 138.416658899999987, 34.9981585 ] } },
{ "type": "Feature", "properties": { "内容": "わかばケアサポートセンター３【居宅介護支援】静岡県静岡市葵区古庄5丁目3ｰ1", "url": "https://www.kaigokensaku.mhlw.go.jp/22/index.php?action_kouhyou_detail_004_kani=true&JigyosyoCd=2274210604-00&ServiceCd=430&Type=search", "url2": null }, "geometry": { "type": "Point", "coordinates": [ 138.41723, 34.99829 ] } },
{ "type": "Feature", "properties": { "内容": "居宅介護支援事業所　ウィル葵【居宅介護支援】静岡県静岡市葵区平和３丁目14-11-2ドルフ平和Ⅱ103号", "url": "https://www.kaigokensaku.mhlw.go.jp/22/index.php?action_kouhyou_detail_004_kani=true&JigyosyoCd=2274210885-00&ServiceCd=430&Type=search", "url2": null }, "geometry": { "type": "Point", "coordinates": [ 138.3671358, 34.9948485 ] } },
{ "type": "Feature", "properties": { "内容": "ケアプランみなづき【居宅介護支援】静岡県静岡市葵区西千代田町17-7", "url": "https://www.kaigokensaku.mhlw.go.jp/22/index.php?action_kouhyou_detail_004_kani=true&JigyosyoCd=2274211263-00&ServiceCd=430&Type=search", "url2": null }, "geometry": { "type": "Point", "coordinates": [ 138.3888287, 34.9898602 ] } },
{ "type": "Feature", "properties": { "内容": "城西クリニック居宅介護支援事業所【居宅介護支援】静岡県静岡市葵区新富町5-7-6", "url": "https://www.kaigokensaku.mhlw.go.jp/22/index.php?action_kouhyou_detail_004_kani=true&JigyosyoCd=2274211297-00&ServiceCd=430&Type=search", "url2": "http://johsai-clinic.jp" }, "geometry": { "type": "Point", "coordinates": [ 138.369608, 34.969791 ] } },
{ "type": "Feature", "properties": { "内容": "ケアプランセンターはとり【居宅介護支援】静岡県静岡市葵区千代2丁目24-59メイプルA102", "url": "https://www.kaigokensaku.mhlw.go.jp/22/index.php?action_kouhyou_detail_004_kani=true&JigyosyoCd=2274211321-00&ServiceCd=430&Type=search", "url2": "www.care-free.co.jp" }, "geometry": { "type": "Point", "coordinates": [ 138.3500847, 34.9849992 ] } },
{ "type": "Feature", "properties": { "内容": "居宅介護支援事業所まはえ【居宅介護支援】静岡市葵区幸町25-3", "url": "https://www.kaigokensaku.mhlw.go.jp/22/index.php?action_kouhyou_detail_004_kani=true&JigyosyoCd=2274100185-00&ServiceCd=430&Type=search", "url2": "www.s-com.jp/^mahae/" }, "geometry": { "type": "Point", "coordinates": [ 138.370794199999978, 34.9666325 ] } },
{ "type": "Feature", "properties": { "内容": "ゆうあい居宅介護支援事業所【居宅介護支援】静岡県静岡市葵区田町5丁目69番地ケアタウン静和", "url": "https://www.kaigokensaku.mhlw.go.jp/22/index.php?action_kouhyou_detail_004_kani=true&JigyosyoCd=2274100821-00&ServiceCd=430&Type=search", "url2": "https://create-shizuoka.or.jp/" }, "geometry": { "type": "Point", "coordinates": [ 138.368783300000018, 34.9680907 ] } },
{ "type": "Feature", "properties": { "内容": "こみにケアプラザ【居宅介護支援】静岡県静岡市葵区瀬名中央四丁目7番91号1階B号室", "url": "https://www.kaigokensaku.mhlw.go.jp/22/index.php?action_kouhyou_detail_004_kani=true&JigyosyoCd=2274211446-00&ServiceCd=430&Type=search", "url2": "https://www.communi.or.jp/caremana.html" }, "geometry": { "type": "Point", "coordinates": [ 138.422641784655781, 35.011145712649721 ] } },
{ "type": "Feature", "properties": { "内容": "まつもとケアマネージメントセンター【居宅介護支援】静岡市葵区東千代田2-10-18", "url": "https://www.kaigokensaku.mhlw.go.jp/22/index.php?action_kouhyou_detail_004_kani=true&JigyosyoCd=2274101316-00&ServiceCd=430&Type=search", "url2": "http://www.life-review.co.jp" }, "geometry": { "type": "Point", "coordinates": [ 138.4073287, 35.0032342 ] } },
{ "type": "Feature", "properties": { "内容": "こみに居宅介護支援センター【居宅介護支援】静岡県静岡市葵区赤松8-16", "url": "https://www.kaigokensaku.mhlw.go.jp/22/index.php?action_kouhyou_detail_004_kani=true&JigyosyoCd=2254280247-00&ServiceCd=430&Type=search", "url2": "https://www.communi.or.jp/" }, "geometry": { "type": "Point", "coordinates": [ 138.3962953, 35.0248663 ] } },
{ "type": "Feature", "properties": { "内容": "ケアプランセンター千代田【居宅介護支援】静岡県静岡市葵区沓谷五丁目　3－１", "url": "https://www.kaigokensaku.mhlw.go.jp/22/index.php?action_kouhyou_detail_004_kani=true&JigyosyoCd=2274101001-00&ServiceCd=430&Type=search", "url2": "http://www.care-free.co.jp/" }, "geometry": { "type": "Point", "coordinates": [ 138.408674, 34.9955517 ] } },
{ "type": "Feature", "properties": { "内容": "社会福祉法人静和会　カーム安西ケアサポートセンター【居宅介護支援】静岡県静岡市葵区安西２丁目３９", "url": "https://www.kaigokensaku.mhlw.go.jp/22/index.php?action_kouhyou_detail_004_kani=true&JigyosyoCd=2274201678-00&ServiceCd=430&Type=search", "url2": "anzai2@road.ocn.ne.jp" }, "geometry": { "type": "Point", "coordinates": [ 138.371338893176272, 34.979144280113495 ] } },
{ "type": "Feature", "properties": { "内容": "合同会社ケアプランねすれ【居宅介護支援】静岡県静岡市葵区有永町２２番１４号", "url": "https://www.kaigokensaku.mhlw.go.jp/22/index.php?action_kouhyou_detail_004_kani=true&JigyosyoCd=2274210794-00&ServiceCd=430&Type=search", "url2": null }, "geometry": { "type": "Point", "coordinates": [ 138.390727, 35.0323326 ] } },
{ "type": "Feature", "properties": { "内容": "アクタガワ　ハートライフ千代田【居宅介護支援】静岡市葵区千代田6-14-4", "url": "https://www.kaigokensaku.mhlw.go.jp/22/index.php?action_kouhyou_detail_004_kani=true&JigyosyoCd=2274201652-00&ServiceCd=430&Type=search", "url2": "https://www.akutagawa-heartlife.jp" }, "geometry": { "type": "Point", "coordinates": [ 138.407350058904996, 34.998189503207207 ] } },
{ "type": "Feature", "properties": { "内容": "アクタガワ　ハートフルホーム静岡中央【居宅介護支援】静岡県静岡市駿河区馬渕一丁目８番１号", "url": "https://www.kaigokensaku.mhlw.go.jp/22/index.php?action_kouhyou_detail_004_kani=true&JigyosyoCd=2274204375-00&ServiceCd=430&Type=search", "url2": "https://www.akutagawa-heartlife.jp" }, "geometry": { "type": "Point", "coordinates": [ 138.384248029479807, 34.968560473768903 ] } },
{ "type": "Feature", "properties": { "内容": "居宅介護支援事業所ケアネット【居宅介護支援】静岡市葵区末広町111", "url": "https://www.kaigokensaku.mhlw.go.jp/22/index.php?action_kouhyou_detail_004_kani=true&JigyosyoCd=2274206776-00&ServiceCd=430&Type=search", "url2": "care-net@ai.tnc.ne.jp" }, "geometry": { "type": "Point", "coordinates": [ 138.370796499999983, 34.9830083 ] } },
{ "type": "Feature", "properties": { "内容": "とやまクリニック居宅介護支援事業所【居宅介護支援】東新田2丁目16-30サンコーポ池ヶ谷102", "url": "https://www.kaigokensaku.mhlw.go.jp/22/index.php?action_kouhyou_detail_004_kani=true&JigyosyoCd=2274208335-00&ServiceCd=430&Type=search", "url2": "www.toyamaclinic.net" }, "geometry": { "type": "Point", "coordinates": [ 138.374352899999963, 34.94541 ] } },
{ "type": "Feature", "properties": { "内容": "ケアプランもも【居宅介護支援】石田3丁目16-39ふるーら石田内", "url": "https://www.kaigokensaku.mhlw.go.jp/22/index.php?action_kouhyou_detail_004_kani=true&JigyosyoCd=2274205968-00&ServiceCd=430&Type=search", "url2": null }, "geometry": { "type": "Point", "coordinates": [ 138.401577913725333, 34.955191650912937 ] } },
{ "type": "Feature", "properties": { "内容": "居宅介護支援事業所エコ【居宅介護支援】静岡県静岡市駿河区大谷３－３０－４", "url": "https://www.kaigokensaku.mhlw.go.jp/22/index.php?action_kouhyou_detail_004_kani=true&JigyosyoCd=2274204110-00&ServiceCd=430&Type=search", "url2": null }, "geometry": { "type": "Point", "coordinates": [ 138.404055699999958, 34.946721100000026 ] } },
{ "type": "Feature", "properties": { "内容": "ケアプランそらいろ【居宅介護支援】静岡市駿河区高松1972-12", "url": "https://www.kaigokensaku.mhlw.go.jp/22/index.php?action_kouhyou_detail_004_kani=true&JigyosyoCd=2274208426-00&ServiceCd=430&Type=search", "url2": "www.ao-sora-iro.co.jp" }, "geometry": { "type": "Point", "coordinates": [ 138.423123880985599, 34.94728960072603 ] } },
{ "type": "Feature", "properties": { "内容": "アクト居宅介護支援事業所【居宅介護支援】寿町20-3", "url": "https://www.kaigokensaku.mhlw.go.jp/22/index.php?action_kouhyou_detail_004_kani=true&JigyosyoCd=2274204128-00&ServiceCd=430&Type=search", "url2": null }, "geometry": { "type": "Point", "coordinates": [ 138.378732600000035, 34.9603166 ] } },
{ "type": "Feature", "properties": { "内容": "居宅介護支援事業所　ゆずりは【居宅介護支援】静岡市駿河区青木５１５－２", "url": "https://www.kaigokensaku.mhlw.go.jp/22/index.php?action_kouhyou_detail_004_kani=true&JigyosyoCd=2274204870-00&ServiceCd=430&Type=search", "url2": null }, "geometry": { "type": "Point", "coordinates": [ 138.36103, 34.9334938 ] } },
{ "type": "Feature", "properties": { "内容": "花みずきライフサポートセンター【居宅介護支援】静岡県静岡市駿河区曲金4丁目2-22パレスK&Q107", "url": "https://www.kaigokensaku.mhlw.go.jp/22/index.php?action_kouhyou_detail_004_kani=true&JigyosyoCd=2274204235-00&ServiceCd=430&Type=search", "url2": null }, "geometry": { "type": "Point", "coordinates": [ 138.409589399999959, 34.9776281 ] } },
{ "type": "Feature", "properties": { "内容": "するが居宅介護支援事業所【居宅介護支援】静岡県静岡市駿河区宮竹1丁目７－１９", "url": "https://www.kaigokensaku.mhlw.go.jp/22/index.php?action_kouhyou_detail_004_kani=true&JigyosyoCd=2274203856-00&ServiceCd=430&Type=search", "url2": null }, "geometry": { "type": "Point", "coordinates": [ 138.415240600000061, 34.9544344 ] } },
{ "type": "Feature", "properties": { "内容": "株式会社四音ケアサポート【居宅介護支援】静岡県静岡市駿河区西脇324番地の1", "url": "https://www.kaigokensaku.mhlw.go.jp/22/index.php?action_kouhyou_detail_004_kani=true&JigyosyoCd=2274204474-00&ServiceCd=430&Type=search", "url2": null }, "geometry": { "type": "Point", "coordinates": [ 138.396453599999973, 34.9490597 ] } },
{ "type": "Feature", "properties": { "内容": "ケアポート八幡【居宅介護支援】静岡市駿河区大坪町12-32", "url": "https://www.kaigokensaku.mhlw.go.jp/22/index.php?action_kouhyou_detail_004_kani=true&JigyosyoCd=2274200753-00&ServiceCd=430&Type=search", "url2": "http://www.telwel-west.co.jp" }, "geometry": { "type": "Point", "coordinates": [ 138.3972364, 34.9648635 ] } },
{ "type": "Feature", "properties": { "内容": "ケアマネジメント長寿【居宅介護支援】静岡県静岡市駿河区敷地２丁目27-1グランシャリオ210", "url": "https://www.kaigokensaku.mhlw.go.jp/22/index.php?action_kouhyou_detail_004_kani=true&JigyosyoCd=2274208632-00&ServiceCd=430&Type=search", "url2": "choju-gr.com" }, "geometry": { "type": "Point", "coordinates": [ 138.416112569450434, 34.950148541728602 ] } },
{ "type": "Feature", "properties": { "内容": "ケアプラン　エコ【居宅介護支援】静岡県静岡市駿河区大谷3丁目30-4", "url": "https://www.kaigokensaku.mhlw.go.jp/22/index.php?action_kouhyou_detail_004_kani=true&JigyosyoCd=2274208251-00&ServiceCd=430&Type=search", "url2": null }, "geometry": { "type": "Point", "coordinates": [ 138.436642498522019, 34.9502648335205 ] } },
{ "type": "Feature", "properties": { "内容": "合同会社居宅支援事業所あおしま【居宅介護支援】静岡市駿河区小鹿一丁目57-28", "url": "https://www.kaigokensaku.mhlw.go.jp/22/index.php?action_kouhyou_detail_004_kani=true&JigyosyoCd=2274203054-00&ServiceCd=430&Type=search", "url2": null }, "geometry": { "type": "Point", "coordinates": [ 138.419803399999978, 34.9780682 ] } },
{ "type": "Feature", "properties": { "内容": "ケアプランセンターシズイ【居宅介護支援】静岡県静岡市駿河区石部46-30-503", "url": "https://www.kaigokensaku.mhlw.go.jp/22/index.php?action_kouhyou_detail_004_kani=true&JigyosyoCd=2274209176-00&ServiceCd=430&Type=search", "url2": null }, "geometry": { "type": "Point", "coordinates": [ 138.3545337, 34.9118352 ] } },
{ "type": "Feature", "properties": { "内容": "恵裕プランニングCo.【居宅介護支援】静岡県静岡市駿河区小鹿205番地サングリーン静鹿102", "url": "https://www.kaigokensaku.mhlw.go.jp/22/index.php?action_kouhyou_detail_004_kani=true&JigyosyoCd=2274208020-00&ServiceCd=430&Type=search", "url2": "http://ku-planning.com/" }, "geometry": { "type": "Point", "coordinates": [ 138.423264499999959, 34.9683499 ] } },
{ "type": "Feature", "properties": { "内容": "みおつくしサポート【居宅介護支援】静岡県静岡市駿河区中野新田252-1グリーンフィールド107", "url": "https://www.kaigokensaku.mhlw.go.jp/22/index.php?action_kouhyou_detail_004_kani=true&JigyosyoCd=2274210547-00&ServiceCd=430&Type=search", "url2": null }, "geometry": { "type": "Point", "coordinates": [ 138.385659542327915, 34.95093794436638 ] } },
{ "type": "Feature", "properties": { "内容": "萩原医院居宅介護支援事業所【居宅介護支援】静岡市駿河区西脇２９番地の１", "url": "https://www.kaigokensaku.mhlw.go.jp/22/index.php?action_kouhyou_detail_004_kani=true&JigyosyoCd=2274203724-00&ServiceCd=430&Type=search", "url2": "http://www.shujikai.jp" }, "geometry": { "type": "Point", "coordinates": [ 138.396398, 34.9511789 ] } },
{ "type": "Feature", "properties": { "内容": "小鹿苑ケアプラン部【居宅介護支援】静岡県静岡市駿河区小鹿一丁目１番２４号", "url": "https://www.kaigokensaku.mhlw.go.jp/22/index.php?action_kouhyou_detail_004_kani=true&JigyosyoCd=2274100094-00&ServiceCd=430&Type=search", "url2": "https://www.oshikaen.jp" }, "geometry": { "type": "Point", "coordinates": [ 138.414159499999982, 34.975640500000011 ] } },
{ "type": "Feature", "properties": { "内容": "かりん指定介護支援センター【居宅介護支援】静岡県静岡市駿河区宇津ノ谷１－１", "url": "https://www.kaigokensaku.mhlw.go.jp/22/index.php?action_kouhyou_detail_004_kani=true&JigyosyoCd=2274201488-00&ServiceCd=430&Type=search", "url2": "URLhttp://seiyukai6666.com/" }, "geometry": { "type": "Point", "coordinates": [ 138.313756099999978, 34.9391957 ] } },
{ "type": "Feature", "properties": { "内容": "登呂の家ケアサポートセンター【居宅介護支援】静岡市駿河区登呂3丁目4－1", "url": "https://www.kaigokensaku.mhlw.go.jp/22/index.php?action_kouhyou_detail_004_kani=true&JigyosyoCd=2274201892-00&ServiceCd=430&Type=search", "url2": "http://www.tenryu-kohseikai.or.jp/senior/toro/" }, "geometry": { "type": "Point", "coordinates": [ 138.406413499999985, 34.958956 ] } },
{ "type": "Feature", "properties": { "内容": "ケアマネジメントかわはら【居宅介護支援】静岡県静岡市駿河区下川原二丁目１３番５－１号", "url": "https://www.kaigokensaku.mhlw.go.jp/22/index.php?action_kouhyou_detail_004_kani=true&JigyosyoCd=2274209119-00&ServiceCd=430&Type=search", "url2": "http://hp.kaipoke.biz/5wu/" }, "geometry": { "type": "Point", "coordinates": [ 138.3748058, 34.939283 ] } },
{ "type": "Feature", "properties": { "内容": "ケアプラんぽん太【居宅介護支援】静岡県静岡市駿河区みずほ５丁目８－４５", "url": "https://www.kaigokensaku.mhlw.go.jp/22/index.php?action_kouhyou_detail_004_kani=true&JigyosyoCd=2274209713-00&ServiceCd=430&Type=search", "url2": null }, "geometry": { "type": "Point", "coordinates": [ 138.3657101, 34.9368302 ] } },
{ "type": "Feature", "properties": { "内容": "ケアオフィスこむぎ【居宅介護支援】静岡県静岡市駿河区石田3丁目16-40ホンケマンション301", "url": "https://www.kaigokensaku.mhlw.go.jp/22/index.php?action_kouhyou_detail_004_kani=true&JigyosyoCd=2274209804-00&ServiceCd=430&Type=search", "url2": null }, "geometry": { "type": "Point", "coordinates": [ 138.4014963, 34.9553196 ] } },
{ "type": "Feature", "properties": { "内容": "あいりすケアプラン【居宅介護支援】静岡県静岡市駿河区西中原一丁目5番32号オフィスシャロー　201", "url": "https://www.kaigokensaku.mhlw.go.jp/22/index.php?action_kouhyou_detail_004_kani=true&JigyosyoCd=2274210414-00&ServiceCd=430&Type=search", "url2": null }, "geometry": { "type": "Point", "coordinates": [ 138.381054799999987, 34.9577093 ] } },
{ "type": "Feature", "properties": { "内容": "まごころケアプランセンター＊草薙【居宅介護支援】静岡県静岡市駿河区弥生町4-26", "url": "https://www.kaigokensaku.mhlw.go.jp/22/index.php?action_kouhyou_detail_004_kani=true&JigyosyoCd=2274207758-00&ServiceCd=430&Type=search", "url2": "http://www.magokoro-w.com/" }, "geometry": { "type": "Point", "coordinates": [ 138.436590399999972, 35.004146100000014 ] } },
{ "type": "Feature", "properties": { "内容": "昭和堂薬局居宅介護支援事業所【居宅介護支援】静岡市駿河区向敷地４丁目１５－１５", "url": "https://www.kaigokensaku.mhlw.go.jp/22/index.php?action_kouhyou_detail_004_kani=true&JigyosyoCd=2274202585-00&ServiceCd=430&Type=search", "url2": null }, "geometry": { "type": "Point", "coordinates": [ 138.361064899999974, 34.955245 ] } },
{ "type": "Feature", "properties": { "内容": "豊原町居宅介護支援事業所【居宅介護支援】静岡県静岡市駿河区豊原町4-9２F", "url": "https://www.kaigokensaku.mhlw.go.jp/22/index.php?action_kouhyou_detail_004_kani=true&JigyosyoCd=2274209861-00&ServiceCd=430&Type=search", "url2": null }, "geometry": { "type": "Point", "coordinates": [ 138.4009046, 34.9754613 ] } },
{ "type": "Feature", "properties": { "内容": "ハートピアの森介護支援センター【居宅介護支援】静岡市駿河区手越４２０－３", "url": "https://www.kaigokensaku.mhlw.go.jp/22/index.php?action_kouhyou_detail_004_kani=true&JigyosyoCd=2274201231-00&ServiceCd=430&Type=search", "url2": "https://heart-pia.co.jp/" }, "geometry": { "type": "Point", "coordinates": [ 138.365284, 34.9554644 ] } },
{ "type": "Feature", "properties": { "内容": "ケアマネジメント　ペリデ【居宅介護支援】静岡市駿河区下川原　5丁目　33-17", "url": "https://www.kaigokensaku.mhlw.go.jp/22/index.php?action_kouhyou_detail_004_kani=true&JigyosyoCd=2274202171-00&ServiceCd=430&Type=search", "url2": "http://www.pelide.jp/" }, "geometry": { "type": "Point", "coordinates": [ 138.380059585224899, 34.933023200894858 ] } },
{ "type": "Feature", "properties": { "内容": "小坂の郷居宅介護支援センター【居宅介護支援】静岡市駿河区小坂1106-1", "url": "https://www.kaigokensaku.mhlw.go.jp/22/index.php?action_kouhyou_detail_004_kani=true&JigyosyoCd=2274201249-00&ServiceCd=430&Type=search", "url2": "http://osakasnosato.com" }, "geometry": { "type": "Point", "coordinates": [ 138.349977599999988, 34.925187 ] } },
{ "type": "Feature", "properties": { "内容": "居宅介護支援センター久能の里【居宅介護支援】静岡市駿河区根古屋289-1", "url": "https://www.kaigokensaku.mhlw.go.jp/22/index.php?action_kouhyou_detail_004_kani=true&JigyosyoCd=2274101217-00&ServiceCd=430&Type=search", "url2": "https://sunpuaoikai.or.jp/" }, "geometry": { "type": "Point", "coordinates": [ 138.470435599999973, 34.9623648 ] } },
{ "type": "Feature", "properties": { "内容": "静岡ホームクリニック付属居宅介護支援事業所【居宅介護支援】中田4丁目３－１３サンパレス中田４　106号", "url": "https://www.kaigokensaku.mhlw.go.jp/22/index.php?action_kouhyou_detail_004_kani=true&JigyosyoCd=2274211123-00&ServiceCd=430&Type=search", "url2": null }, "geometry": { "type": "Point", "coordinates": [ 138.4001231, 34.9581185 ] } },
{ "type": "Feature", "properties": { "内容": "㈱スズキ薬局居宅介護支援事業所【居宅介護支援】静岡市駿河区用宗4丁目３－８", "url": "https://www.kaigokensaku.mhlw.go.jp/22/index.php?action_kouhyou_detail_004_kani=true&JigyosyoCd=2244110256-00&ServiceCd=430&Type=search", "url2": null }, "geometry": { "type": "Point", "coordinates": [ 138.362198799999987, 34.9232206 ] } },
{ "type": "Feature", "properties": { "内容": "居宅介護支援事業所　葵の里【居宅介護支援】静岡市駿河区小坂３７６－１", "url": "https://www.kaigokensaku.mhlw.go.jp/22/index.php?action_kouhyou_detail_004_kani=true&JigyosyoCd=2254180066-00&ServiceCd=430&Type=search", "url2": null }, "geometry": { "type": "Point", "coordinates": [ 138.352299600000038, 34.9289617 ] } },
{ "type": "Feature", "properties": { "内容": "池田の街指定居宅介護支援事業所【居宅介護支援】静岡市駿河区池田185番地1ケアセンター池田の街", "url": "https://www.kaigokensaku.mhlw.go.jp/22/index.php?action_kouhyou_detail_004_kani=true&JigyosyoCd=2254280090-00&ServiceCd=430&Type=search", "url2": "http://www.houtoku-kai.or.jp" }, "geometry": { "type": "Point", "coordinates": [ 138.4218919, 34.9852507 ] } },
{ "type": "Feature", "properties": { "内容": "静岡市社会福祉協議会ケアマネジメントセンターエン・フレンテ【居宅介護支援】静岡市駿河区中野新田３４９番地の１", "url": "https://www.kaigokensaku.mhlw.go.jp/22/index.php?action_kouhyou_detail_004_kani=true&JigyosyoCd=2274100037-00&ServiceCd=430&Type=search", "url2": "http://www.shizuoka-shakyo.or.jp/" }, "geometry": { "type": "Point", "coordinates": [ 138.387584899999979, 34.9499762 ] } },
{ "type": "Feature", "properties": { "内容": "丸子の里居宅介護支援事業所【居宅介護支援】静岡市駿河区丸子２丁目４－１６", "url": "https://www.kaigokensaku.mhlw.go.jp/22/index.php?action_kouhyou_detail_004_kani=true&JigyosyoCd=2274100136-00&ServiceCd=430&Type=search", "url2": "http://www.marikonosato.org" }, "geometry": { "type": "Point", "coordinates": [ 138.355592508395347, 34.945291266634115 ] } },
{ "type": "Feature", "properties": { "内容": "聖ヨゼフの園居宅介護支援事業所【居宅介護支援】静岡市駿河区八幡４丁目６番９号", "url": "https://www.kaigokensaku.mhlw.go.jp/22/index.php?action_kouhyou_detail_004_kani=true&JigyosyoCd=2274100193-00&ServiceCd=430&Type=search", "url2": "http://www.joseph-seibofukushikai.jp/" }, "geometry": { "type": "Point", "coordinates": [ 138.397402899999946, 34.9680298 ] } },
{ "type": "Feature", "properties": { "内容": "夢コープ静岡事業所【居宅介護支援】静岡市駿河区馬渕２丁目１４－３６", "url": "https://www.kaigokensaku.mhlw.go.jp/22/index.php?action_kouhyou_detail_004_kani=true&JigyosyoCd=2274100342-00&ServiceCd=430&Type=search", "url2": "http://www.yumecoop.jp/" }, "geometry": { "type": "Point", "coordinates": [ 138.3863427, 34.9646555 ] } },
{ "type": "Feature", "properties": { "内容": "福祉サービスセンターなごみ【居宅介護支援】静岡市駿河区中島２５８０－１", "url": "https://www.kaigokensaku.mhlw.go.jp/22/index.php?action_kouhyou_detail_004_kani=true&JigyosyoCd=2274100391-00&ServiceCd=430&Type=search", "url2": "http://www.wayou-fukushikai.jp/" }, "geometry": { "type": "Point", "coordinates": [ 138.4002898, 34.9338975 ] } },
{ "type": "Feature", "properties": { "内容": "ケアマネジメントステーション　丸子の里【居宅介護支援】静岡市駿河区みずほ２丁目１２－７", "url": "https://www.kaigokensaku.mhlw.go.jp/22/index.php?action_kouhyou_detail_004_kani=true&JigyosyoCd=2274100854-00&ServiceCd=430&Type=search", "url2": "http:www.marikonosato.org/" }, "geometry": { "type": "Point", "coordinates": [ 138.382538559576005, 34.935001691904219 ] } },
{ "type": "Feature", "properties": { "内容": "鈴与ケアサービス株式会社　静岡営業所【居宅介護支援】小黒二丁目5-27", "url": "https://www.kaigokensaku.mhlw.go.jp/22/index.php?action_kouhyou_detail_004_kani=true&JigyosyoCd=2274101027-00&ServiceCd=430&Type=search", "url2": "http://www.suzuyocare.com" }, "geometry": { "type": "Point", "coordinates": [ 138.40219106441802, 34.971784116847054 ] } },
{ "type": "Feature", "properties": { "内容": "居宅介護支援事業所　フォレストさくら【居宅介護支援】静岡市駿河区中原４９８－１フォレスト中原", "url": "https://www.kaigokensaku.mhlw.go.jp/22/index.php?action_kouhyou_detail_004_kani=true&JigyosyoCd=2274101308-00&ServiceCd=430&Type=search", "url2": "http://msc-care.co.jp/" }, "geometry": { "type": "Point", "coordinates": [ 138.387954035935422, 34.955924646404128 ] } },
{ "type": "Feature", "properties": { "内容": "ケアプランセンターアイケア高松【居宅介護支援】静岡市駿河区高松1丁目17番1号", "url": "https://www.kaigokensaku.mhlw.go.jp/22/index.php?action_kouhyou_detail_004_kani=true&JigyosyoCd=2274101423-00&ServiceCd=430&Type=search", "url2": null }, "geometry": { "type": "Point", "coordinates": [ 138.417492122090152, 34.957932269408431 ] } },
{ "type": "Feature", "properties": { "内容": "陽だまり会居宅介護支援事業所【居宅介護支援】静岡市駿河区新川1-9-6", "url": "https://www.kaigokensaku.mhlw.go.jp/22/index.php?action_kouhyou_detail_004_kani=true&JigyosyoCd=2274200035-00&ServiceCd=430&Type=search", "url2": null }, "geometry": { "type": "Point", "coordinates": [ 138.383853998811333, 34.963189883807168 ] } },
{ "type": "Feature", "properties": { "内容": "曲金ケアサポート【居宅介護支援】静岡市駿河区曲金6丁目１３－１４", "url": "https://www.kaigokensaku.mhlw.go.jp/22/index.php?action_kouhyou_detail_004_kani=true&JigyosyoCd=2274200092-00&ServiceCd=430&Type=search", "url2": "http://magarikane.net/" }, "geometry": { "type": "Point", "coordinates": [ 138.41232624564671, 34.981918342251589 ] } },
{ "type": "Feature", "properties": { "内容": "おさだ居宅介護支援センター【居宅介護支援】静岡市駿河区下川原４丁目３番１７号", "url": "https://www.kaigokensaku.mhlw.go.jp/22/index.php?action_kouhyou_detail_004_kani=true&JigyosyoCd=2274200779-00&ServiceCd=430&Type=search", "url2": null }, "geometry": { "type": "Point", "coordinates": [ 138.380513699999938, 34.9383998 ] } },
{ "type": "Feature", "properties": { "内容": "ケアプランいなほ【居宅介護支援】静岡市駿河区高松1丁目12番10号", "url": "https://www.kaigokensaku.mhlw.go.jp/22/index.php?action_kouhyou_detail_004_kani=true&JigyosyoCd=2274200969-00&ServiceCd=430&Type=search", "url2": "http://rrr-shizuoka.org" }, "geometry": { "type": "Point", "coordinates": [ 138.418434700000034, 34.9550511 ] } },
{ "type": "Feature", "properties": { "内容": "ニチイケアセンター駿河【居宅介護支援】静岡市駿河区宮竹２丁目16-8", "url": "https://www.kaigokensaku.mhlw.go.jp/22/index.php?action_kouhyou_detail_004_kani=true&JigyosyoCd=2274200977-00&ServiceCd=430&Type=search", "url2": "http://www.nichiigakkan.co.jp" }, "geometry": { "type": "Point", "coordinates": [ 138.41877640000007, 34.9529151 ] } },
{ "type": "Feature", "properties": { "内容": "近藤医院　居宅介護支援事業所【居宅介護支援】静岡市駿河区手越４５６", "url": "https://www.kaigokensaku.mhlw.go.jp/22/index.php?action_kouhyou_detail_004_kani=true&JigyosyoCd=2274202817-00&ServiceCd=430&Type=search", "url2": null }, "geometry": { "type": "Point", "coordinates": [ 138.36388409999995, 34.9540701 ] } },
{ "type": "Feature", "properties": { "内容": "居宅介護支援センター・白寿【居宅介護支援】静岡市駿河区小鹿二丁目２５番８号", "url": "https://www.kaigokensaku.mhlw.go.jp/22/index.php?action_kouhyou_detail_004_kani=true&JigyosyoCd=2274203237-00&ServiceCd=430&Type=search", "url2": "http://skjk.jp/kyotaku/" }, "geometry": { "type": "Point", "coordinates": [ 138.420581199999987, 34.9737715 ] } },
{ "type": "Feature", "properties": { "内容": "ケアプランセンターふるさとの家みずほ【居宅介護支援】静岡県静岡市駿河区みずほ5丁目3-1", "url": "https://www.kaigokensaku.mhlw.go.jp/22/index.php?action_kouhyou_detail_004_kani=true&JigyosyoCd=2274204383-00&ServiceCd=430&Type=search", "url2": null }, "geometry": { "type": "Point", "coordinates": [ 138.3666121, 34.9388442 ] } },
{ "type": "Feature", "properties": { "内容": "生陽かいごプラン【居宅介護支援】静岡県静岡市駿河区丸子3-12-56", "url": "https://www.kaigokensaku.mhlw.go.jp/22/index.php?action_kouhyou_detail_004_kani=true&JigyosyoCd=2274205224-00&ServiceCd=430&Type=search", "url2": "https://www.ikiyo.co.jp" }, "geometry": { "type": "Point", "coordinates": [ 138.351202055800968, 34.946427500338004 ] } },
{ "type": "Feature", "properties": { "内容": "株式会社　クォーツ池田【居宅介護支援】西島480-1スターチス103号", "url": "https://www.kaigokensaku.mhlw.go.jp/22/index.php?action_kouhyou_detail_004_kani=true&JigyosyoCd=2274205836-00&ServiceCd=430&Type=search", "url2": null }, "geometry": { "type": "Point", "coordinates": [ 138.406130937434426, 34.943095856170629 ] } },
{ "type": "Feature", "properties": { "内容": "こころ　介護サービス【居宅介護支援】静岡県静岡市駿河区馬渕３丁目１２番３－１号", "url": "https://www.kaigokensaku.mhlw.go.jp/22/index.php?action_kouhyou_detail_004_kani=true&JigyosyoCd=2274205901-00&ServiceCd=430&Type=search", "url2": "https://www.cocoro-care.net" }, "geometry": { "type": "Point", "coordinates": [ 138.389241242572695, 34.962821793793829 ] } },
{ "type": "Feature", "properties": { "内容": "居宅介護支援事業所しんあい【居宅介護支援】静岡県静岡市駿河区池田767-1", "url": "https://www.kaigokensaku.mhlw.go.jp/22/index.php?action_kouhyou_detail_004_kani=true&JigyosyoCd=2274206057-00&ServiceCd=430&Type=search", "url2": "http://www.shinaiwel.com/" }, "geometry": { "type": "Point", "coordinates": [ 138.424600100000021, 34.9803097 ] } },
{ "type": "Feature", "properties": { "内容": "ベストプランサービス【居宅介護支援】中田本町46-4", "url": "https://www.kaigokensaku.mhlw.go.jp/22/index.php?action_kouhyou_detail_004_kani=true&JigyosyoCd=2274206339-00&ServiceCd=430&Type=search", "url2": "http://www.keito-fukusuke.jp" }, "geometry": { "type": "Point", "coordinates": [ 138.395986794507365, 34.954552336437239 ] } },
{ "type": "Feature", "properties": { "内容": "ケアプラン　はるな【居宅介護支援】静岡県静岡市駿河区登呂3丁目28-17", "url": "https://www.kaigokensaku.mhlw.go.jp/22/index.php?action_kouhyou_detail_004_kani=true&JigyosyoCd=2274206768-00&ServiceCd=430&Type=search", "url2": null }, "geometry": { "type": "Point", "coordinates": [ 138.408476377700936, 34.959185596586885 ] } },
{ "type": "Feature", "properties": { "内容": "居宅介護支援事業所　フォレスト高松【居宅介護支援】静岡県静岡市駿河区敷地一丁目10-9", "url": "https://www.kaigokensaku.mhlw.go.jp/22/index.php?action_kouhyou_detail_004_kani=true&JigyosyoCd=2274206842-00&ServiceCd=430&Type=search", "url2": null }, "geometry": { "type": "Point", "coordinates": [ 138.4093066600756, 34.952334613049352 ] } },
{ "type": "Feature", "properties": { "内容": "みずほ　居宅介護支援事業所【居宅介護支援】静岡県静岡市駿河区みずほ３丁目２－２", "url": "https://www.kaigokensaku.mhlw.go.jp/22/index.php?action_kouhyou_detail_004_kani=true&JigyosyoCd=2274207014-00&ServiceCd=430&Type=search", "url2": "http://www.aiflex.co.jp/" }, "geometry": { "type": "Point", "coordinates": [ 138.370117400000026, 34.9375721 ] } },
{ "type": "Feature", "properties": { "内容": "医療法人福恵会東新田福地診療院居宅介護支援事業所【居宅介護支援】東新田五丁目16-10", "url": "https://www.kaigokensaku.mhlw.go.jp/22/index.php?action_kouhyou_detail_004_kani=true&JigyosyoCd=2274207477-00&ServiceCd=430&Type=search", "url2": null }, "geometry": { "type": "Point", "coordinates": [ 138.37274130000003, 34.9417493 ] } },
{ "type": "Feature", "properties": { "内容": "ケアプランセンター　リフレア駿河【居宅介護支援】静岡県静岡市駿河区みずほ5丁目6番6号", "url": "https://www.kaigokensaku.mhlw.go.jp/22/index.php?action_kouhyou_detail_004_kani=true&JigyosyoCd=2274208269-00&ServiceCd=430&Type=search", "url2": "https://www.refrea.net/careplan/suruga/" }, "geometry": { "type": "Point", "coordinates": [ 138.366578900000036, 34.9364222 ] } },
{ "type": "Feature", "properties": { "内容": "居宅介護支援事業所ドルフィン鞠子【居宅介護支援】静岡県静岡市駿河区丸子3146-1", "url": "https://www.kaigokensaku.mhlw.go.jp/22/index.php?action_kouhyou_detail_004_kani=true&JigyosyoCd=2274208277-00&ServiceCd=430&Type=search", "url2": null }, "geometry": { "type": "Point", "coordinates": [ 138.33165721191699, 34.948248743322203 ] } },
{ "type": "Feature", "properties": { "内容": "スマイル介護相談所駿河【居宅介護支援】静岡県静岡市駿河区西脇56-1", "url": "https://www.kaigokensaku.mhlw.go.jp/22/index.php?action_kouhyou_detail_004_kani=true&JigyosyoCd=2274208343-00&ServiceCd=430&Type=search", "url2": "smile-kaigo.net" }, "geometry": { "type": "Point", "coordinates": [ 138.39610360000006, 34.9501096 ] } },
{ "type": "Feature", "properties": { "内容": "ケアプランセンターえんじゅ桃園【居宅介護支援】静岡県静岡市駿河区桃園町11-22オサムール・サンク203号", "url": "https://www.kaigokensaku.mhlw.go.jp/22/index.php?action_kouhyou_detail_004_kani=true&JigyosyoCd=2274208749-00&ServiceCd=430&Type=search", "url2": null }, "geometry": { "type": "Point", "coordinates": [ 138.377641499999982, 34.943379700000051 ] } },
{ "type": "Feature", "properties": { "内容": "シンシアケアプランセンター駿河【居宅介護支援】静岡県静岡市駿河区西脇16-4", "url": "https://www.kaigokensaku.mhlw.go.jp/22/index.php?action_kouhyou_detail_004_kani=true&JigyosyoCd=2274209101-00&ServiceCd=430&Type=search", "url2": "https://www.sincere-gri.com/" }, "geometry": { "type": "Point", "coordinates": [ 138.393859300000031, 34.9503317 ] } },
{ "type": "Feature", "properties": { "内容": "まんまるケアプランセンター【居宅介護支援】静岡県静岡市駿河区小鹿1382番地の2サンシティるぼん201号室", "url": "https://www.kaigokensaku.mhlw.go.jp/22/index.php?action_kouhyou_detail_004_kani=true&JigyosyoCd=2274209374-00&ServiceCd=430&Type=search", "url2": null }, "geometry": { "type": "Point", "coordinates": [ 138.431308100000024, 34.9713135 ] } },
{ "type": "Feature", "properties": { "内容": "ケアマネジメント　縁【居宅介護支援】静岡県静岡市駿河区大谷785-1", "url": "https://www.kaigokensaku.mhlw.go.jp/22/index.php?action_kouhyou_detail_004_kani=true&JigyosyoCd=2274209556-00&ServiceCd=430&Type=search", "url2": null }, "geometry": { "type": "Point", "coordinates": [ 138.426476197329976, 34.965369672384085 ] } },
{ "type": "Feature", "properties": { "内容": "ステッププランするが【居宅介護支援】登呂4-7-14", "url": "https://www.kaigokensaku.mhlw.go.jp/22/index.php?action_kouhyou_detail_004_kani=true&JigyosyoCd=2274209887-00&ServiceCd=430&Type=search", "url2": "https://step-plan.com/" }, "geometry": { "type": "Point", "coordinates": [ 138.409427751239747, 34.958022763108254 ] } },
{ "type": "Feature", "properties": { "内容": "ツクイ静岡駿河下川原【居宅介護支援】静岡県静岡市駿河区下川原4-16-32ツクイ静岡駿河下川原", "url": "https://www.kaigokensaku.mhlw.go.jp/22/index.php?action_kouhyou_detail_004_kani=true&JigyosyoCd=2274209960-00&ServiceCd=430&Type=search", "url2": null }, "geometry": { "type": "Point", "coordinates": [ 138.3822509, 34.9359373 ] } },
{ "type": "Feature", "properties": { "内容": "合同会社ケアサポート駿河【居宅介護支援】静岡市駿河区高松3040-6", "url": "https://www.kaigokensaku.mhlw.go.jp/22/index.php?action_kouhyou_detail_004_kani=true&JigyosyoCd=2274210018-00&ServiceCd=430&Type=search", "url2": null }, "geometry": { "type": "Point", "coordinates": [ 138.424333, 34.9466673 ] } },
{ "type": "Feature", "properties": { "内容": "ケアプランあいトレ新川【居宅介護支援】静岡県静岡市駿河区新川2丁目6-6-2あいネットビル2階", "url": "https://www.kaigokensaku.mhlw.go.jp/22/index.php?action_kouhyou_detail_004_kani=true&JigyosyoCd=2274210141-00&ServiceCd=430&Type=search", "url2": "http://aitore.life/" }, "geometry": { "type": "Point", "coordinates": [ 138.384365800000012, 34.9619292 ] } },
{ "type": "Feature", "properties": { "内容": "ケアプラン　IITOKO【居宅介護支援】丸子7-12-5", "url": "https://www.kaigokensaku.mhlw.go.jp/22/index.php?action_kouhyou_detail_004_kani=true&JigyosyoCd=2274210497-00&ServiceCd=430&Type=search", "url2": "https://www.akari-shizuoka.jp/" }, "geometry": { "type": "Point", "coordinates": [ 138.354256, 34.942925 ] } },
{ "type": "Feature", "properties": { "内容": "ほっと居宅介護支援事業所【居宅介護支援】静岡県静岡市駿河区東新田4丁目10-23サービス付き高齢者向け住宅　ほっと東新田", "url": "https://www.kaigokensaku.mhlw.go.jp/22/index.php?action_kouhyou_detail_004_kani=true&JigyosyoCd=2274210695-00&ServiceCd=430&Type=search", "url2": null }, "geometry": { "type": "Point", "coordinates": [ 138.375753824467438, 34.943637695377923 ] } },
{ "type": "Feature", "properties": { "内容": "ケアプランセンター元気広場新川【居宅介護支援】静岡県静岡市駿河区新川１丁目６－３オラシオン新川１０１", "url": "https://www.kaigokensaku.mhlw.go.jp/22/index.php?action_kouhyou_detail_004_kani=true&JigyosyoCd=2274210851-00&ServiceCd=430&Type=search", "url2": "http://www.genkihiroba.jp/facility/" }, "geometry": { "type": "Point", "coordinates": [ 138.382300068122873, 34.964800873149798 ] } },
{ "type": "Feature", "properties": { "内容": "ステッププランやはた【居宅介護支援】静岡県静岡市駿河区八幡3丁目3－8オラシオン八幡105", "url": "https://www.kaigokensaku.mhlw.go.jp/22/index.php?action_kouhyou_detail_004_kani=true&JigyosyoCd=2274210950-00&ServiceCd=430&Type=search", "url2": "https://step-plan.com/" }, "geometry": { "type": "Point", "coordinates": [ 138.3968138, 34.9682438 ] } },
{ "type": "Feature", "properties": { "内容": "あんど・ケアプラン【居宅介護支援】静岡県静岡市駿河区下川原2-28-32-2", "url": "https://www.kaigokensaku.mhlw.go.jp/22/index.php?action_kouhyou_detail_004_kani=true&JigyosyoCd=2274210992-00&ServiceCd=430&Type=search", "url2": null }, "geometry": { "type": "Point", "coordinates": [ 138.376958800000011, 34.9386271 ] } },
{ "type": "Feature", "properties": { "内容": "カインドプラン【居宅介護支援】静岡県静岡市駿河区大谷3丁目30番37号", "url": "https://www.kaigokensaku.mhlw.go.jp/22/index.php?action_kouhyou_detail_004_kani=true&JigyosyoCd=2274210471-00&ServiceCd=430&Type=search", "url2": null }, "geometry": { "type": "Point", "coordinates": [ 138.436400552761256, 34.950136245044249 ] } },
{ "type": "Feature", "properties": { "内容": "ケアラボカイゴシエンセンター【居宅介護支援】静岡県静岡市駿河区稲川3丁目5-8サンハイツ稲川101号", "url": "https://www.kaigokensaku.mhlw.go.jp/22/index.php?action_kouhyou_detail_004_kani=true&JigyosyoCd=2274211420-00&ServiceCd=430&Type=search", "url2": "https://www.care-lab1001.com" }, "geometry": { "type": "Point", "coordinates": [ 138.3937194, 34.9679548 ] } },
{ "type": "Feature", "properties": { "内容": "ケアプランセンター長田南【居宅介護支援】静岡県静岡市駿河区用宗四丁目3番27号大三ビル101号", "url": "https://www.kaigokensaku.mhlw.go.jp/22/index.php?action_kouhyou_detail_004_kani=true&JigyosyoCd=2274209929-00&ServiceCd=430&Type=search", "url2": null }, "geometry": { "type": "Point", "coordinates": [ 138.360738719817419, 34.922270346418038 ] } },
{ "type": "Feature", "properties": { "内容": "ケアプランセンター日新【居宅介護支援】静岡市駿河区西大谷13-1", "url": "https://www.kaigokensaku.mhlw.go.jp/22/index.php?action_kouhyou_detail_004_kani=true&JigyosyoCd=2274206149-00&ServiceCd=430&Type=search", "url2": "http://www.shujikai.jp" }, "geometry": { "type": "Point", "coordinates": [ 138.42591755152057, 34.952674035857434 ] } },
{ "type": "Feature", "properties": { "内容": "ケアプラン藍【居宅介護支援】静岡県静岡市駿河区宮竹２丁目２－１グランピエール宮竹A102", "url": "https://www.kaigokensaku.mhlw.go.jp/22/index.php?action_kouhyou_detail_004_kani=true&JigyosyoCd=2274209515-00&ServiceCd=430&Type=search", "url2": "https://careplan-ai.com" }, "geometry": { "type": "Point", "coordinates": [ 138.416426600000023, 34.9520013 ] } },
{ "type": "Feature", "properties": { "内容": "アクタガワ　ハートフルホーム八幡【居宅介護支援】静岡市駿河区有東2-10-10", "url": "https://www.kaigokensaku.mhlw.go.jp/22/index.php?action_kouhyou_detail_004_kani=true&JigyosyoCd=2274202601-00&ServiceCd=430&Type=search", "url2": "https://www.akutagawa-heartlife.jp" }, "geometry": { "type": "Point", "coordinates": [ 138.408061282942214, 34.963282140965198 ] } },
{ "type": "Feature", "properties": { "内容": "ウィズユー介護支援事業所【居宅介護支援】静岡県静岡市清水区北矢部町一丁目2番29号", "url": "https://www.kaigokensaku.mhlw.go.jp/22/index.php?action_kouhyou_detail_004_kani=true&JigyosyoCd=2274207063-00&ServiceCd=430&Type=search", "url2": null }, "geometry": { "type": "Point", "coordinates": [ 138.484753299999966, 35.0039365 ] } },
{ "type": "Feature", "properties": { "内容": "ケアプランほっとライフ【居宅介護支援】静岡市清水区駒越東町10番26号", "url": "https://www.kaigokensaku.mhlw.go.jp/22/index.php?action_kouhyou_detail_004_kani=true&JigyosyoCd=2274205828-00&ServiceCd=430&Type=search", "url2": null }, "geometry": { "type": "Point", "coordinates": [ 138.5018996, 34.9798082 ] } },
{ "type": "Feature", "properties": { "内容": "ふじみかいご支援センター【居宅介護支援】静岡市清水区淡島町5－3", "url": "https://www.kaigokensaku.mhlw.go.jp/22/index.php?action_kouhyou_detail_004_kani=true&JigyosyoCd=2273200366-00&ServiceCd=430&Type=search", "url2": null }, "geometry": { "type": "Point", "coordinates": [ 138.4869787, 34.984705 ] } },
{ "type": "Feature", "properties": { "内容": "みかん介護サービス【居宅介護支援】静岡市清水区北矢部町2丁目5-29", "url": "https://www.kaigokensaku.mhlw.go.jp/22/index.php?action_kouhyou_detail_004_kani=true&JigyosyoCd=2274201793-00&ServiceCd=430&Type=search", "url2": null }, "geometry": { "type": "Point", "coordinates": [ 138.485353300000043, 35.001695 ] } },
{ "type": "Feature", "properties": { "内容": "日本堂【居宅介護支援】静岡県静岡市清水区八木間町845-5", "url": "https://www.kaigokensaku.mhlw.go.jp/22/index.php?action_kouhyou_detail_004_kani=true&JigyosyoCd=2274208731-00&ServiceCd=430&Type=search", "url2": null }, "geometry": { "type": "Point", "coordinates": [ 138.523968800000034, 35.0684089 ] } },
{ "type": "Feature", "properties": { "内容": "ニチイケアセンター清水【居宅介護支援】静岡市清水区月見町11-27", "url": "https://www.kaigokensaku.mhlw.go.jp/22/index.php?action_kouhyou_detail_004_kani=true&JigyosyoCd=2273200192-00&ServiceCd=430&Type=search", "url2": "http://www.nichiigakkan.co.jp" }, "geometry": { "type": "Point", "coordinates": [ 138.479528800000026, 35.0039446 ] } },
{ "type": "Feature", "properties": { "内容": "セイシン・ケアセンター【居宅介護支援】静岡市清水区宝町4-22", "url": "https://www.kaigokensaku.mhlw.go.jp/22/index.php?action_kouhyou_detail_004_kani=true&JigyosyoCd=2273200226-00&ServiceCd=430&Type=search", "url2": null }, "geometry": { "type": "Point", "coordinates": [ 138.48254739999993, 35.0217926 ] } },
{ "type": "Feature", "properties": { "内容": "あすとも【居宅介護支援】静岡県静岡市清水区村松1丁目3-65", "url": "https://www.kaigokensaku.mhlw.go.jp/22/index.php?action_kouhyou_detail_004_kani=true&JigyosyoCd=2274209614-00&ServiceCd=430&Type=search", "url2": null }, "geometry": { "type": "Point", "coordinates": [ 138.49151470000001, 34.9935575 ] } },
{ "type": "Feature", "properties": { "内容": "指定居宅介護支援事業所はっぴい【居宅介護支援】静岡市清水区草薙１１３１－１", "url": "https://www.kaigokensaku.mhlw.go.jp/22/index.php?action_kouhyou_detail_004_kani=true&JigyosyoCd=2274203120-00&ServiceCd=430&Type=search", "url2": "http://www.happy-kaigo.jp" }, "geometry": { "type": "Point", "coordinates": [ 138.451600699999972, 34.9995331 ] } },
{ "type": "Feature", "properties": { "内容": "居宅介護支援事業所　高部陽光園【居宅介護支援】静岡市清水区押切997-1", "url": "https://www.kaigokensaku.mhlw.go.jp/22/index.php?action_kouhyou_detail_004_kani=true&JigyosyoCd=2274207212-00&ServiceCd=430&Type=search", "url2": "http://necro0013.wix.com/hakuju" }, "geometry": { "type": "Point", "coordinates": [ 138.335870300000011, 34.951106 ] } },
{ "type": "Feature", "properties": { "内容": "ケアサポートてつなぎ居宅介護支援事業所【居宅介護支援】静岡市清水区西久保３１８", "url": "https://www.kaigokensaku.mhlw.go.jp/22/index.php?action_kouhyou_detail_004_kani=true&JigyosyoCd=2274203112-00&ServiceCd=430&Type=search", "url2": "http://sasaya1203.wix.com/tetsunagi" }, "geometry": { "type": "Point", "coordinates": [ 138.48673, 35.0334996 ] } },
{ "type": "Feature", "properties": { "内容": "あかつきの園指定居宅介護支援センター【居宅介護支援】静岡市清水区駒越2883-1", "url": "https://www.kaigokensaku.mhlw.go.jp/22/index.php?action_kouhyou_detail_004_kani=true&JigyosyoCd=2253280016-00&ServiceCd=430&Type=search", "url2": null }, "geometry": { "type": "Point", "coordinates": [ 138.4776157, 34.9746306 ] } },
{ "type": "Feature", "properties": { "内容": "アースケアプランはっぴい【居宅介護支援】銀座1-18", "url": "https://www.kaigokensaku.mhlw.go.jp/22/index.php?action_kouhyou_detail_004_kani=true&JigyosyoCd=2274210513-00&ServiceCd=430&Type=search", "url2": "https://earth-group.co.jp/" }, "geometry": { "type": "Point", "coordinates": [ 139.7715777, 35.6739272 ] } },
{ "type": "Feature", "properties": { "内容": "居宅介護支援事業所ノエル【居宅介護支援】静岡県静岡市清水区辻2丁目6-5", "url": "https://www.kaigokensaku.mhlw.go.jp/22/index.php?action_kouhyou_detail_004_kani=true&JigyosyoCd=2274210703-00&ServiceCd=430&Type=search", "url2": null }, "geometry": { "type": "Point", "coordinates": [ 138.487098800000012, 35.026632 ] } },
{ "type": "Feature", "properties": { "内容": "株式会社グリーンライフ　居宅介護支援事業所　癒庵【居宅介護支援】静岡県静岡市清水区伊佐布80-5", "url": "https://www.kaigokensaku.mhlw.go.jp/22/index.php?action_kouhyou_detail_004_kani=true&JigyosyoCd=2274205406-00&ServiceCd=430&Type=search", "url2": null }, "geometry": { "type": "Point", "coordinates": [ 138.465853299999907, 35.0713417 ] } },
{ "type": "Feature", "properties": { "内容": "特定非営利活動法人　不二見の会　指定居宅介護支援事業所　ここあん【居宅介護支援】静岡県静岡市清水区村松１－３－７", "url": "https://www.kaigokensaku.mhlw.go.jp/22/index.php?action_kouhyou_detail_004_kani=true&JigyosyoCd=2274205281-00&ServiceCd=430&Type=search", "url2": "http://kokoan.jp/" }, "geometry": { "type": "Point", "coordinates": [ 138.490899600000034, 34.995596 ] } },
{ "type": "Feature", "properties": { "内容": "ふじみ介護支援センター【居宅介護支援】静岡市清水区万世町二丁目５－１５－４０３", "url": "https://www.kaigokensaku.mhlw.go.jp/22/index.php?action_kouhyou_detail_004_kani=true&JigyosyoCd=2274206008-00&ServiceCd=430&Type=search", "url2": null }, "geometry": { "type": "Point", "coordinates": [ 138.489317607691305, 35.012119855944789 ] } },
{ "type": "Feature", "properties": { "内容": "ケアかんばら居宅介護支援事業所【居宅介護支援】静岡県静岡市清水区蒲原堰沢476番地の1", "url": "https://www.kaigokensaku.mhlw.go.jp/22/index.php?action_kouhyou_detail_004_kani=true&JigyosyoCd=2274207337-00&ServiceCd=430&Type=search", "url2": "http://www.jisyoukai.com" }, "geometry": { "type": "Point", "coordinates": [ 138.5794555, 35.1150104 ] } },
{ "type": "Feature", "properties": { "内容": "居宅介護　たまちゃんちの手【居宅介護支援】下野緑町1-50", "url": "https://www.kaigokensaku.mhlw.go.jp/22/index.php?action_kouhyou_detail_004_kani=true&JigyosyoCd=2274210380-00&ServiceCd=430&Type=search", "url2": null }, "geometry": { "type": "Point", "coordinates": [ 138.468321199999963, 35.032170399999984 ] } },
{ "type": "Feature", "properties": { "内容": "居宅介護支援事業所　灯り【居宅介護支援】静岡県静岡市清水区高橋南町15-28　2号室小田巻事務所2号室", "url": "https://www.kaigokensaku.mhlw.go.jp/22/index.php?action_kouhyou_detail_004_kani=true&JigyosyoCd=2274208905-00&ServiceCd=430&Type=search", "url2": null }, "geometry": { "type": "Point", "coordinates": [ 138.474738214580924, 35.026553029752982 ] } },
{ "type": "Feature", "properties": { "内容": "笑和居宅介護支援事業所【居宅介護支援】静岡市清水区渋川一丁目3番10号", "url": "https://www.kaigokensaku.mhlw.go.jp/22/index.php?action_kouhyou_detail_004_kani=true&JigyosyoCd=2274204482-00&ServiceCd=430&Type=search", "url2": "http://www.geocities.jp/syouwa_1021/" }, "geometry": { "type": "Point", "coordinates": [ 138.471158479823288, 35.023023033065357 ] } },
{ "type": "Feature", "properties": { "内容": "あすとも【居宅介護支援】静岡県静岡市清水区村松１丁目3-65", "url": "https://www.kaigokensaku.mhlw.go.jp/22/index.php?action_kouhyou_detail_004_kani=true&JigyosyoCd=2274209630-00&ServiceCd=430&Type=search", "url2": "https://asutomo-shimizu.com/" }, "geometry": { "type": "Point", "coordinates": [ 138.4915225, 34.9935462 ] } },
{ "type": "Feature", "properties": { "内容": "デイサービス天母指定居宅介護支援事業所【居宅介護支援】静岡県静岡市清水区三保1698-3ヴィラユーロ", "url": "https://www.kaigokensaku.mhlw.go.jp/22/index.php?action_kouhyou_detail_004_kani=true&JigyosyoCd=2274202122-00&ServiceCd=430&Type=search", "url2": null }, "geometry": { "type": "Point", "coordinates": [ 138.522699099999954, 35.0001203 ] } },
{ "type": "Feature", "properties": { "内容": "ケアプランセンターオリーブ【居宅介護支援】楠５１０－１マノワールA１０２号", "url": "https://www.kaigokensaku.mhlw.go.jp/22/index.php?action_kouhyou_detail_004_kani=true&JigyosyoCd=2274207295-00&ServiceCd=430&Type=search", "url2": null }, "geometry": { "type": "Point", "coordinates": [ 138.440572100000082, 35.009444500000015 ] } },
{ "type": "Feature", "properties": { "内容": "浜石の郷居宅介護支援事業所【居宅介護支援】静岡市清水区由比阿僧189番地の1", "url": "https://www.kaigokensaku.mhlw.go.jp/22/index.php?action_kouhyou_detail_004_kani=true&JigyosyoCd=2273100046-00&ServiceCd=430&Type=search", "url2": "http://www.jishoukai.com" }, "geometry": { "type": "Point", "coordinates": [ 138.5568214, 35.11523 ] } },
{ "type": "Feature", "properties": { "内容": "ケアプランPotential【居宅介護支援】静岡県静岡市清水区横砂南町７－２２－２", "url": "https://www.kaigokensaku.mhlw.go.jp/22/index.php?action_kouhyou_detail_004_kani=true&JigyosyoCd=2274210562-00&ServiceCd=430&Type=search", "url2": null }, "geometry": { "type": "Point", "coordinates": [ 138.5012222, 35.0401509 ] } },
{ "type": "Feature", "properties": { "内容": "ケアマネ　やまみち【居宅介護支援】静岡県静岡市清水区相生町６番17号静岡市清水産業・情報プラザ603", "url": "https://www.kaigokensaku.mhlw.go.jp/22/index.php?action_kouhyou_detail_004_kani=true&JigyosyoCd=2274211099-00&ServiceCd=430&Type=search", "url2": null }, "geometry": { "type": "Point", "coordinates": [ 138.4890739, 35.0141971 ] } },
{ "type": "Feature", "properties": { "内容": "JA静岡厚生連　清水厚生病院【居宅介護支援】静岡市清水区庵原町578-1", "url": "https://www.kaigokensaku.mhlw.go.jp/22/index.php?action_kouhyou_detail_004_kani=true&JigyosyoCd=2213210137-00&ServiceCd=430&Type=search", "url2": "http://www.ja-sizuoka.or.jp/k-shimizu/top/" }, "geometry": { "type": "Point", "coordinates": [ 138.474397599999946, 35.0455451 ] } },
{ "type": "Feature", "properties": { "内容": "指定居宅介護支援事業所訪問看護S/T清水【居宅介護支援】静岡市清水区春日一丁目2番12号　春日マンション1階", "url": "https://www.kaigokensaku.mhlw.go.jp/22/index.php?action_kouhyou_detail_004_kani=true&JigyosyoCd=2263290013-00&ServiceCd=430&Type=search", "url2": "http://www.shizuoka-na.jp/" }, "geometry": { "type": "Point", "coordinates": [ 138.4760513, 35.0122244 ] } },
{ "type": "Feature", "properties": { "内容": "眞内科居宅介護支援事業所【居宅介護支援】静岡市清水区入江２丁目2-23-2", "url": "https://www.kaigokensaku.mhlw.go.jp/22/index.php?action_kouhyou_detail_004_kani=true&JigyosyoCd=2263290039-00&ServiceCd=430&Type=search", "url2": "http://shinnaika.jp/" }, "geometry": { "type": "Point", "coordinates": [ 138.478756200000021, 35.0170153 ] } },
{ "type": "Feature", "properties": { "内容": "静岡市社会福祉協議会　ケアマネジメントセンターかんばら【居宅介護支援】静岡市清水区蒲原721－4静岡市蒲原保健福祉センター（白銀すこやかセンター）内", "url": "https://www.kaigokensaku.mhlw.go.jp/22/index.php?action_kouhyou_detail_004_kani=true&JigyosyoCd=2273100012-00&ServiceCd=430&Type=search", "url2": "http://www.shizuoka-shakyo.or.jp" }, "geometry": { "type": "Point", "coordinates": [ 138.608675100000028, 35.1180464 ] } },
{ "type": "Feature", "properties": { "内容": "好日の園　居宅介護支援事業所【居宅介護支援】静岡市清水区蒲原神沢１３５９－１", "url": "https://www.kaigokensaku.mhlw.go.jp/22/index.php?action_kouhyou_detail_004_kani=true&JigyosyoCd=2273100038-00&ServiceCd=430&Type=search", "url2": "https://www.koujitsu6500.jp" }, "geometry": { "type": "Point", "coordinates": [ 138.571625600000061, 35.1157909 ] } },
{ "type": "Feature", "properties": { "内容": "巴の園居宅介護支援事業所【居宅介護支援】静岡市清水区万世町１丁目１番３０号", "url": "https://www.kaigokensaku.mhlw.go.jp/22/index.php?action_kouhyou_detail_004_kani=true&JigyosyoCd=2273200010-00&ServiceCd=430&Type=search", "url2": "http://seiunkai-t.or.jp" }, "geometry": { "type": "Point", "coordinates": [ 138.486988900000028, 35.0131271 ] } },
{ "type": "Feature", "properties": { "内容": "あすなろの家指定居宅介護支援事業所【居宅介護支援】静岡市清水区山原８７１－２", "url": "https://www.kaigokensaku.mhlw.go.jp/22/index.php?action_kouhyou_detail_004_kani=true&JigyosyoCd=2273200028-00&ServiceCd=430&Type=search", "url2": "http://www.s-asunaro.net/asunaro_home/index.html" }, "geometry": { "type": "Point", "coordinates": [ 138.46189030000005, 35.0448892 ] } },
{ "type": "Feature", "properties": { "内容": "指定居宅介護支援事業所羽衣の園【居宅介護支援】静岡市清水区折戸5丁目18号36号", "url": "https://www.kaigokensaku.mhlw.go.jp/22/index.php?action_kouhyou_detail_004_kani=true&JigyosyoCd=2273200044-00&ServiceCd=430&Type=search", "url2": "https://sei-sei-kai.jp/" }, "geometry": { "type": "Point", "coordinates": [ 138.518561200000022, 34.9900601 ] } },
{ "type": "Feature", "properties": { "内容": "有限会社サンセール・ケア・サービス【居宅介護支援】静岡県静岡市清水区江尻町8番14号", "url": "https://www.kaigokensaku.mhlw.go.jp/22/index.php?action_kouhyou_detail_004_kani=true&JigyosyoCd=2273200069-00&ServiceCd=430&Type=search", "url2": "http://www.sincerecare.co.jp/" }, "geometry": { "type": "Point", "coordinates": [ 138.482916899999964, 35.0203428 ] } },
{ "type": "Feature", "properties": { "内容": "静岡市社会福祉協議会ケアマネジメントセンターはーとぴあ清水【居宅介護支援】静岡市清水区宮代町1番1号静岡市清水社会福祉会館（はーとぴあ清水）2階", "url": "https://www.kaigokensaku.mhlw.go.jp/22/index.php?action_kouhyou_detail_004_kani=true&JigyosyoCd=2273200077-00&ServiceCd=430&Type=search", "url2": "https://www.shizuoka-shakyo.or.jp/" }, "geometry": { "type": "Point", "coordinates": [ 138.483827799999972, 35.0240396 ] } },
{ "type": "Feature", "properties": { "内容": "特別養護老人ホーム　白扇閣【居宅介護支援】静岡市清水区承元寺町１３４１番地", "url": "https://www.kaigokensaku.mhlw.go.jp/22/index.php?action_kouhyou_detail_004_kani=true&JigyosyoCd=2273200085-00&ServiceCd=430&Type=search", "url2": "http://hakusenkaku.jp" }, "geometry": { "type": "Point", "coordinates": [ 138.519269799999961, 35.082291 ] } },
{ "type": "Feature", "properties": { "内容": "居宅介護事業所　柏尾の里【居宅介護支援】静岡市清水区柏尾387番地の2", "url": "https://www.kaigokensaku.mhlw.go.jp/22/index.php?action_kouhyou_detail_004_kani=true&JigyosyoCd=2273200093-00&ServiceCd=430&Type=search", "url2": "http://www.shimizufukushikai.com" }, "geometry": { "type": "Point", "coordinates": [ 138.440853400000037, 35.0385143 ] } },
{ "type": "Feature", "properties": { "内容": "株式会社日本ケアサービス【居宅介護支援】静岡市清水区南矢部565番地の3", "url": "https://www.kaigokensaku.mhlw.go.jp/22/index.php?action_kouhyou_detail_004_kani=true&JigyosyoCd=2273200119-00&ServiceCd=430&Type=search", "url2": null }, "geometry": { "type": "Point", "coordinates": [ 138.475040400000012, 34.9985284 ] } },
{ "type": "Feature", "properties": { "内容": "鈴与ケアサービス株式会社　清水営業所【居宅介護支援】相生町３－３鈴与新清水ビル１Ｆ", "url": "https://www.kaigokensaku.mhlw.go.jp/22/index.php?action_kouhyou_detail_004_kani=true&JigyosyoCd=2273200168-00&ServiceCd=430&Type=search", "url2": "http://www.suzuyocare.com" }, "geometry": { "type": "Point", "coordinates": [ 138.487928062837227, 35.016379925832084 ] } },
{ "type": "Feature", "properties": { "内容": "有限会社ハート・ケア・エンドー指定居宅介護支援事業所【居宅介護支援】静岡市清水区堂林2-7-18", "url": "https://www.kaigokensaku.mhlw.go.jp/22/index.php?action_kouhyou_detail_004_kani=true&JigyosyoCd=2273200184-00&ServiceCd=430&Type=search", "url2": null }, "geometry": { "type": "Point", "coordinates": [ 138.477826099999987, 35.0048167 ] } },
{ "type": "Feature", "properties": { "内容": "WAC清水さわやかサービス　さわやか清水【居宅介護支援】静岡市清水区日立町24番17号", "url": "https://www.kaigokensaku.mhlw.go.jp/22/index.php?action_kouhyou_detail_004_kani=true&JigyosyoCd=2273200333-00&ServiceCd=430&Type=search", "url2": "wac-shimizu.com" }, "geometry": { "type": "Point", "coordinates": [ 138.482366708539473, 34.995214082162342 ] } },
{ "type": "Feature", "properties": { "内容": "ホットハート居宅介護支援事業所【居宅介護支援】静岡市清水区庵原町219-18", "url": "https://www.kaigokensaku.mhlw.go.jp/22/index.php?action_kouhyou_detail_004_kani=true&JigyosyoCd=2273200358-00&ServiceCd=430&Type=search", "url2": "http://n-sora.org/" }, "geometry": { "type": "Point", "coordinates": [ 138.47458525004572, 35.044032788405637 ] } },
{ "type": "Feature", "properties": { "内容": "エムズケアセンター【居宅介護支援】静岡市清水区天王東7-20", "url": "https://www.kaigokensaku.mhlw.go.jp/22/index.php?action_kouhyou_detail_004_kani=true&JigyosyoCd=2273200424-00&ServiceCd=430&Type=search", "url2": "https://www.emuzu2002.com" }, "geometry": { "type": "Point", "coordinates": [ 138.461685100000068, 35.0305187 ] } },
{ "type": "Feature", "properties": { "内容": "指定居宅介護支援事業　有度の里【居宅介護支援】静岡市清水区長崎新田３１１", "url": "https://www.kaigokensaku.mhlw.go.jp/22/index.php?action_kouhyou_detail_004_kani=true&JigyosyoCd=2274200183-00&ServiceCd=430&Type=search", "url2": "http://www.udonosato.com/" }, "geometry": { "type": "Point", "coordinates": [ 138.44835050000006, 35.0166922 ] } },
{ "type": "Feature", "properties": { "内容": "夢コープ清水事業所【居宅介護支援】静岡市清水区春日２丁目6－29", "url": "https://www.kaigokensaku.mhlw.go.jp/22/index.php?action_kouhyou_detail_004_kani=true&JigyosyoCd=2274200531-00&ServiceCd=430&Type=search", "url2": "http;//www.yumecoop.jp/" }, "geometry": { "type": "Point", "coordinates": [ 138.4721376, 35.0098382 ] } },
{ "type": "Feature", "properties": { "内容": "レジデンス花居宅介護支援センター【居宅介護支援】静岡市清水区和田島688", "url": "https://www.kaigokensaku.mhlw.go.jp/22/index.php?action_kouhyou_detail_004_kani=true&JigyosyoCd=2274200696-00&ServiceCd=430&Type=search", "url2": "http://hanazonokai.com" }, "geometry": { "type": "Point", "coordinates": [ 138.478953140922613, 35.109512034641284 ] } },
{ "type": "Feature", "properties": { "内容": "居宅介護支援センターひだまり【居宅介護支援】静岡市清水区吉原1731", "url": "https://www.kaigokensaku.mhlw.go.jp/22/index.php?action_kouhyou_detail_004_kani=true&JigyosyoCd=2274202668-00&ServiceCd=430&Type=search", "url2": "http://www.t-komorebi.com/" }, "geometry": { "type": "Point", "coordinates": [ 138.464406100000019, 35.0832623 ] } },
{ "type": "Feature", "properties": { "内容": "居宅介護支援事業所　　ソナタ【居宅介護支援】静岡県静岡市清水区草薙399-153", "url": "https://www.kaigokensaku.mhlw.go.jp/22/index.php?action_kouhyou_detail_004_kani=true&JigyosyoCd=2274203369-00&ServiceCd=430&Type=search", "url2": null }, "geometry": { "type": "Point", "coordinates": [ 138.447537, 35.0048047 ] } },
{ "type": "Feature", "properties": { "内容": "静鉄ケアステーション清水　居宅介護支援事業所【居宅介護支援】静岡市清水区平川地21-10静鉄狐ヶ崎第二マンション109", "url": "https://www.kaigokensaku.mhlw.go.jp/22/index.php?action_kouhyou_detail_004_kani=true&JigyosyoCd=2274203484-00&ServiceCd=430&Type=search", "url2": "http://www.shizutetsu.co.jp/care/index.php" }, "geometry": { "type": "Point", "coordinates": [ 138.46124702486722, 35.011464469985981 ] } },
{ "type": "Feature", "properties": { "内容": "静岡市社会福祉協議会　ケアマネジメントセンターゆい【居宅介護支援】静岡市清水区由比北田450清水保健センター由比分館", "url": "https://www.kaigokensaku.mhlw.go.jp/22/index.php?action_kouhyou_detail_004_kani=true&JigyosyoCd=2274203948-00&ServiceCd=430&Type=search", "url2": "http://www.shizuoka-shakyo.or.jp/" }, "geometry": { "type": "Point", "coordinates": [ 138.562637499999937, 35.1062037 ] } },
{ "type": "Feature", "properties": { "内容": "鈴与ケアサービス株式会社庵原営業所【居宅介護支援】庵原町５９４－２０", "url": "https://www.kaigokensaku.mhlw.go.jp/22/index.php?action_kouhyou_detail_004_kani=true&JigyosyoCd=2274204367-00&ServiceCd=430&Type=search", "url2": "http://www.suzuyocare.com" }, "geometry": { "type": "Point", "coordinates": [ 138.476644699999952, 35.0436009 ] } },
{ "type": "Feature", "properties": { "内容": "ケアプラン　Ｙｏｕ　＆　Ｉ【居宅介護支援】静岡市清水区梅ヶ谷276番地の10", "url": "https://www.kaigokensaku.mhlw.go.jp/22/index.php?action_kouhyou_detail_004_kani=true&JigyosyoCd=2274204581-00&ServiceCd=430&Type=search", "url2": null }, "geometry": { "type": "Point", "coordinates": [ 138.450858, 35.0407783 ] } },
{ "type": "Feature", "properties": { "内容": "まごころ介護サービス清水【居宅介護支援】静岡県静岡市清水区川原町10-20", "url": "https://www.kaigokensaku.mhlw.go.jp/22/index.php?action_kouhyou_detail_004_kani=true&JigyosyoCd=2274204599-00&ServiceCd=430&Type=search", "url2": "http://www.magokorokaigo.com" }, "geometry": { "type": "Point", "coordinates": [ 138.4764374, 35.0020253 ] } },
{ "type": "Feature", "properties": { "内容": "くらしサポートセンター【居宅介護支援】静岡市清水区駒越中１丁目１７－１８", "url": "https://www.kaigokensaku.mhlw.go.jp/22/index.php?action_kouhyou_detail_004_kani=true&JigyosyoCd=2274204615-00&ServiceCd=430&Type=search", "url2": null }, "geometry": { "type": "Point", "coordinates": [ 138.50052116085206, 34.97737200658014 ] } },
{ "type": "Feature", "properties": { "内容": "浦島メディカルクリニック居宅介護支援事業所【居宅介護支援】静岡県静岡市清水区押切1456番地", "url": "https://www.kaigokensaku.mhlw.go.jp/22/index.php?action_kouhyou_detail_004_kani=true&JigyosyoCd=2274206230-00&ServiceCd=430&Type=search", "url2": "https://urashima-ryugu.com" }, "geometry": { "type": "Point", "coordinates": [ 138.456109131268875, 35.028589503212153 ] } },
{ "type": "Feature", "properties": { "内容": "居宅介護支援事業所グラウンド【居宅介護支援】原39-24　2F", "url": "https://www.kaigokensaku.mhlw.go.jp/22/index.php?action_kouhyou_detail_004_kani=true&JigyosyoCd=2274206701-00&ServiceCd=430&Type=search", "url2": "http://wfb.co.jp/" }, "geometry": { "type": "Point", "coordinates": [ 138.482902165428868, 35.0477331007299 ] } },
{ "type": "Feature", "properties": { "内容": "シンシア・ケアプランセンター清水【居宅介護支援】静岡県静岡市清水区押切1885", "url": "https://www.kaigokensaku.mhlw.go.jp/22/index.php?action_kouhyou_detail_004_kani=true&JigyosyoCd=2274207006-00&ServiceCd=430&Type=search", "url2": null }, "geometry": { "type": "Point", "coordinates": [ 138.4545551, 35.0357456 ] } },
{ "type": "Feature", "properties": { "内容": "けあぷらん詩音【居宅介護支援】静岡県静岡市清水区高橋六丁目6番48号", "url": "https://www.kaigokensaku.mhlw.go.jp/22/index.php?action_kouhyou_detail_004_kani=true&JigyosyoCd=2274207261-00&ServiceCd=430&Type=search", "url2": null }, "geometry": { "type": "Point", "coordinates": [ 138.466396, 35.0264166 ] } },
{ "type": "Feature", "properties": { "内容": "ケアプラン和温【居宅介護支援】静岡県静岡市清水区三光町5-2", "url": "https://www.kaigokensaku.mhlw.go.jp/22/index.php?action_kouhyou_detail_004_kani=true&JigyosyoCd=2274207329-00&ServiceCd=430&Type=search", "url2": null }, "geometry": { "type": "Point", "coordinates": [ 138.486867, 35.003195 ] } },
{ "type": "Feature", "properties": { "内容": "つつじ堂薬局二番館【居宅介護支援】草薙1-14-6", "url": "https://www.kaigokensaku.mhlw.go.jp/22/index.php?action_kouhyou_detail_004_kani=true&JigyosyoCd=2274207451-00&ServiceCd=430&Type=search", "url2": null }, "geometry": { "type": "Point", "coordinates": [ 138.443812639286762, 35.001502169697524 ] } },
{ "type": "Feature", "properties": { "内容": "巴の園有度居宅介護支援事業所【居宅介護支援】静岡県静岡市清水区草薙杉道３丁目１０番７号", "url": "https://www.kaigokensaku.mhlw.go.jp/22/index.php?action_kouhyou_detail_004_kani=true&JigyosyoCd=2274208087-00&ServiceCd=430&Type=search", "url2": "www.seiunkai-t.or.jp/" }, "geometry": { "type": "Point", "coordinates": [ 138.44924519999995, 35.0026328 ] } },
{ "type": "Feature", "properties": { "内容": "ケアプランセンター元気広場草薙【居宅介護支援】中之郷2-25-5ﾄﾞﾘｰﾏｰｽﾞｱｰｸ21　107号", "url": "https://www.kaigokensaku.mhlw.go.jp/22/index.php?action_kouhyou_detail_004_kani=true&JigyosyoCd=2274208111-00&ServiceCd=430&Type=search", "url2": "http://www.genkihiroba.jp" }, "geometry": { "type": "Point", "coordinates": [ 138.438534793504346, 34.998234420648863 ] } },
{ "type": "Feature", "properties": { "内容": "ケアプラン　　なお【居宅介護支援】静岡県静岡市清水区船原2-6-3", "url": "https://www.kaigokensaku.mhlw.go.jp/22/index.php?action_kouhyou_detail_004_kani=true&JigyosyoCd=2274208699-00&ServiceCd=430&Type=search", "url2": null }, "geometry": { "type": "Point", "coordinates": [ 138.472176600000012, 35.0056303 ] } },
{ "type": "Feature", "properties": { "内容": "居宅介護支援事業所　ケアプランくすの樹【居宅介護支援】静岡県静岡市清水区村松原1丁目8-25", "url": "https://www.kaigokensaku.mhlw.go.jp/22/index.php?action_kouhyou_detail_004_kani=true&JigyosyoCd=2274208814-00&ServiceCd=430&Type=search", "url2": null }, "geometry": { "type": "Point", "coordinates": [ 138.487769800000024, 34.999762 ] } },
{ "type": "Feature", "properties": { "内容": "居宅介護支援事業所　平和【居宅介護支援】静岡県静岡市清水区西久保一丁目12番16号", "url": "https://www.kaigokensaku.mhlw.go.jp/22/index.php?action_kouhyou_detail_004_kani=true&JigyosyoCd=2274208863-00&ServiceCd=430&Type=search", "url2": null }, "geometry": { "type": "Point", "coordinates": [ 138.484672900664094, 35.034028647396646 ] } },
{ "type": "Feature", "properties": { "内容": "フォーシーズン　ケアプランセンター【居宅介護支援】静岡県静岡市清水区西久保1丁目１-１４", "url": "https://www.kaigokensaku.mhlw.go.jp/22/index.php?action_kouhyou_detail_004_kani=true&JigyosyoCd=2274209234-00&ServiceCd=430&Type=search", "url2": null }, "geometry": { "type": "Point", "coordinates": [ 138.480580739544621, 35.031452271081086 ] } },
{ "type": "Feature", "properties": { "内容": "おきつ介護支援センター【居宅介護支援】興津中町275-3", "url": "https://www.kaigokensaku.mhlw.go.jp/22/index.php?action_kouhyou_detail_004_kani=true&JigyosyoCd=2274209242-00&ServiceCd=430&Type=search", "url2": "medical-tokai.com" }, "geometry": { "type": "Point", "coordinates": [ 138.52552860000003, 35.0533002 ] } },
{ "type": "Feature", "properties": { "内容": "ケアプランあいトレ追分【居宅介護支援】静岡県静岡市清水区追分二丁目1番11号", "url": "https://www.kaigokensaku.mhlw.go.jp/22/index.php?action_kouhyou_detail_004_kani=true&JigyosyoCd=2274209465-00&ServiceCd=430&Type=search", "url2": "URL:https://aitore.life" }, "geometry": { "type": "Point", "coordinates": [ 138.474416641139243, 35.01499945428418 ] } },
{ "type": "Feature", "properties": { "内容": "居宅介護支援事業所　つじ【居宅介護支援】静岡市清水区辻二丁目10番2号", "url": "https://www.kaigokensaku.mhlw.go.jp/22/index.php?action_kouhyou_detail_004_kani=true&JigyosyoCd=2274209689-00&ServiceCd=430&Type=search", "url2": null }, "geometry": { "type": "Point", "coordinates": [ 138.4865941, 35.0278904 ] } },
{ "type": "Feature", "properties": { "内容": "ケアプラン瑠璃【居宅介護支援】日立町25番5号サニーコート日立201号", "url": "https://www.kaigokensaku.mhlw.go.jp/22/index.php?action_kouhyou_detail_004_kani=true&JigyosyoCd=2274209796-00&ServiceCd=430&Type=search", "url2": null }, "geometry": { "type": "Point", "coordinates": [ 138.4836458, 34.9948379 ] } },
{ "type": "Feature", "properties": { "内容": "さくらケアサポート【居宅介護支援】静岡県静岡市清水区北矢部1331番地の5", "url": "https://www.kaigokensaku.mhlw.go.jp/22/index.php?action_kouhyou_detail_004_kani=true&JigyosyoCd=2274209812-00&ServiceCd=430&Type=search", "url2": null }, "geometry": { "type": "Point", "coordinates": [ 138.4709758, 34.9946551 ] } },
{ "type": "Feature", "properties": { "内容": "ケアプランセンターミモザのHana【居宅介護支援】静岡県静岡市清水区船越東町301-3", "url": "https://www.kaigokensaku.mhlw.go.jp/22/index.php?action_kouhyou_detail_004_kani=true&JigyosyoCd=2274209945-00&ServiceCd=430&Type=search", "url2": "https://mimozanohana.jimdosite.com/" }, "geometry": { "type": "Point", "coordinates": [ 138.473103599999973, 35.0026625 ] } },
{ "type": "Feature", "properties": { "内容": "居宅介護支援事業所てんのう【居宅介護支援】静岡県静岡市清水区天王東10-13", "url": "https://www.kaigokensaku.mhlw.go.jp/22/index.php?action_kouhyou_detail_004_kani=true&JigyosyoCd=2274210000-00&ServiceCd=430&Type=search", "url2": null }, "geometry": { "type": "Point", "coordinates": [ 138.462326, 35.0307812 ] } },
{ "type": "Feature", "properties": { "内容": "居宅介護支援事業所　花実【居宅介護支援】静岡県静岡市清水区袖師町49-1神明エコルム　210号", "url": "https://www.kaigokensaku.mhlw.go.jp/22/index.php?action_kouhyou_detail_004_kani=true&JigyosyoCd=2274210554-00&ServiceCd=430&Type=search", "url2": null }, "geometry": { "type": "Point", "coordinates": [ 138.4858515, 35.0400667 ] } },
{ "type": "Feature", "properties": { "内容": "合同会社ケアプランマリアージュ【居宅介護支援】静岡県静岡市清水区殿沢一丁目15番17号", "url": "https://www.kaigokensaku.mhlw.go.jp/22/index.php?action_kouhyou_detail_004_kani=true&JigyosyoCd=2274210679-00&ServiceCd=430&Type=search", "url2": null }, "geometry": { "type": "Point", "coordinates": [ 138.4906124, 34.9809026 ] } },
{ "type": "Feature", "properties": { "内容": "居宅支援事業所そな～れ【居宅介護支援】静岡県静岡市清水区三保1598-14", "url": "https://www.kaigokensaku.mhlw.go.jp/22/index.php?action_kouhyou_detail_004_kani=true&JigyosyoCd=2274210760-00&ServiceCd=430&Type=search", "url2": "https://sona-re.net" }, "geometry": { "type": "Point", "coordinates": [ 138.52227, 34.9997183 ] } },
{ "type": "Feature", "properties": { "内容": "ケアプランティフォン【居宅介護支援】巴町５番１号川島パーキングビル２F", "url": "https://www.kaigokensaku.mhlw.go.jp/22/index.php?action_kouhyou_detail_004_kani=true&JigyosyoCd=2274210786-00&ServiceCd=430&Type=search", "url2": null }, "geometry": { "type": "Point", "coordinates": [ 138.4868674, 35.0169741 ] } },
{ "type": "Feature", "properties": { "内容": "ケアプランHAKU【居宅介護支援】草薙1丁目1-5草薙白邸", "url": "https://www.kaigokensaku.mhlw.go.jp/22/index.php?action_kouhyou_detail_004_kani=true&JigyosyoCd=2274210927-00&ServiceCd=430&Type=search", "url2": "https://sei-sei-kai.jp/" }, "geometry": { "type": "Point", "coordinates": [ 138.4434278, 35.0033072 ] } },
{ "type": "Feature", "properties": { "内容": "ケアプラン　ハーネット【居宅介護支援】静岡県静岡市清水区高橋１丁目１４番２５号コーポ高橋Ⅱ　２０２号", "url": "https://www.kaigokensaku.mhlw.go.jp/22/index.php?action_kouhyou_detail_004_kani=true&JigyosyoCd=2274211347-00&ServiceCd=430&Type=search", "url2": null }, "geometry": { "type": "Point", "coordinates": [ 138.473383733729548, 35.033607609259057 ] } },
{ "type": "Feature", "properties": { "内容": "居宅介護支援センター蜂ヶ谷園【居宅介護支援】静岡県静岡市清水区蜂ヶ谷460-7", "url": "https://www.kaigokensaku.mhlw.go.jp/22/index.php?action_kouhyou_detail_004_kani=true&JigyosyoCd=2274208541-00&ServiceCd=430&Type=search", "url2": "https://www.sunpuaoikai.or.jp/hachigaya/index.html" }, "geometry": { "type": "Point", "coordinates": [ 138.457504491262853, 35.040688068610471 ] } },
{ "type": "Feature", "properties": { "内容": "医療法人　社団　博仁会　宮地医院居宅介護支援事業所【居宅介護支援】静岡市清水区下野西７番２５号", "url": "https://www.kaigokensaku.mhlw.go.jp/22/index.php?action_kouhyou_detail_004_kani=true&JigyosyoCd=2213210368-00&ServiceCd=430&Type=search", "url2": null }, "geometry": { "type": "Point", "coordinates": [ 138.46642339999994, 35.0364848 ] } },
{ "type": "Feature", "properties": { "内容": "アクタガワ　ハートフルホーム御門台【居宅介護支援】静岡市清水区七ツ新屋　2-1-28", "url": "https://www.kaigokensaku.mhlw.go.jp/22/index.php?action_kouhyou_detail_004_kani=true&JigyosyoCd=2274200217-00&ServiceCd=430&Type=search", "url2": "https://www.akutagawa-heartlife.jp" }, "geometry": { "type": "Point", "coordinates": [ 138.452047599999986, 35.0111596 ] } },
{ "type": "Feature", "properties": { "内容": "アンドリングケアサポート【居宅介護支援】蒲原４丁目９−１０", "url": "https://www.kaigokensaku.mhlw.go.jp/22/index.php?action_kouhyou_detail_004_kani=true&JigyosyoCd=2274211412-00&ServiceCd=430&Type=search", "url2": "https://and-ring.studio.site/" }, "geometry": { "type": "Point", "coordinates": [ 138.6052654, 35.1169217 ] } },
{ "type": "Feature", "properties": { "内容": "HELIOSケアセンター【居宅介護支援】静岡県浜松市西区篠原町1144－18", "url": "https://www.kaigokensaku.mhlw.go.jp/22/index.php?action_kouhyou_detail_004_kani=true&JigyosyoCd=2277203234-00&ServiceCd=430&Type=search", "url2": "http://helios-care.co.jp" }, "geometry": { "type": "Point", "coordinates": [ 137.671406400000023, 34.6881307 ] } },
{ "type": "Feature", "properties": { "内容": "若葉ケアプランセンター【居宅介護支援】静岡県浜松市中区茄子町131", "url": "https://www.kaigokensaku.mhlw.go.jp/22/index.php?action_kouhyou_detail_004_kani=true&JigyosyoCd=2277201865-00&ServiceCd=430&Type=search", "url2": "http://www.wakaba-ds.jp/" }, "geometry": { "type": "Point", "coordinates": [ 137.746215900000038, 34.7221225 ] } },
{ "type": "Feature", "properties": { "内容": "ケアプランセンター湖東【居宅介護支援】浜松市西区伊左地町8156", "url": "https://www.kaigokensaku.mhlw.go.jp/22/index.php?action_kouhyou_detail_004_kani=true&JigyosyoCd=2267190060-00&ServiceCd=430&Type=search", "url2": null }, "geometry": { "type": "Point", "coordinates": [ 137.654745100000014, 34.746859 ] } },
{ "type": "Feature", "properties": { "内容": "花の丘居宅介護支援室【居宅介護支援】静岡県浜松市中区高丘東4-31-18", "url": "https://www.kaigokensaku.mhlw.go.jp/22/index.php?action_kouhyou_detail_004_kani=true&JigyosyoCd=2277102311-00&ServiceCd=430&Type=search", "url2": null }, "geometry": { "type": "Point", "coordinates": [ 137.712716399999977, 34.7595038 ] } },
{ "type": "Feature", "properties": { "内容": "ケアサポートみどり【居宅介護支援】静岡県浜松市中区上島２丁目１６－１９　ハーベスト上島２０３号室", "url": "https://www.kaigokensaku.mhlw.go.jp/22/index.php?action_kouhyou_detail_004_kani=true&JigyosyoCd=2277203382-00&ServiceCd=430&Type=search", "url2": null }, "geometry": { "type": "Point", "coordinates": [ 137.742817890335118, 34.742263340070195 ] } },
{ "type": "Feature", "properties": { "内容": "NPO在宅連携支援センター【居宅介護支援】静岡県浜松市中区富塚町1933-1佐鳴湖パークタウンサウス1A", "url": "https://www.kaigokensaku.mhlw.go.jp/22/index.php?action_kouhyou_detail_004_kani=true&JigyosyoCd=2277204513-00&ServiceCd=430&Type=search", "url2": "http://wellnesssupport.jp/" }, "geometry": { "type": "Point", "coordinates": [ 137.699600199999963, 34.72221960000001 ] } },
{ "type": "Feature", "properties": { "内容": "居宅介護支援事業所あおば【居宅介護支援】静岡県浜松市北区三方原町70番地10", "url": "https://www.kaigokensaku.mhlw.go.jp/22/index.php?action_kouhyou_detail_004_kani=true&JigyosyoCd=2277102402-00&ServiceCd=430&Type=search", "url2": "http://wch.co.jp" }, "geometry": { "type": "Point", "coordinates": [ 137.717904399999952, 34.7727523 ] } },
{ "type": "Feature", "properties": { "内容": "平安の森ケアプランセンター元浜【居宅介護支援】浜松市中区元浜町356地域包括支援センター元浜２階", "url": "https://www.kaigokensaku.mhlw.go.jp/22/index.php?action_kouhyou_detail_004_kani=true&JigyosyoCd=2277202418-00&ServiceCd=430&Type=search", "url2": "http://www.azumakai.or.jp/" }, "geometry": { "type": "Point", "coordinates": [ 137.734727799999973, 34.7170229 ] } },
{ "type": "Feature", "properties": { "内容": "ケアプランセンターききょう【居宅介護支援】静岡県浜松市中区八幡町116-2ハピネスエル102号", "url": "https://www.kaigokensaku.mhlw.go.jp/22/index.php?action_kouhyou_detail_004_kani=true&JigyosyoCd=2277205064-00&ServiceCd=430&Type=search", "url2": null }, "geometry": { "type": "Point", "coordinates": [ 137.736088900000027, 34.7151786 ] } },
{ "type": "Feature", "properties": { "内容": "介護の相談所さおり【居宅介護支援】浜松市北区三方原町　566-1", "url": "https://www.kaigokensaku.mhlw.go.jp/22/index.php?action_kouhyou_detail_004_kani=true&JigyosyoCd=2277103079-00&ServiceCd=430&Type=search", "url2": null }, "geometry": { "type": "Point", "coordinates": [ 137.709162350926249, 34.774226776389142 ] } },
{ "type": "Feature", "properties": { "内容": "居宅介護支援事業所　あいてらす浜松南【居宅介護支援】静岡県浜松市南区小渡町1334-1", "url": "https://www.kaigokensaku.mhlw.go.jp/22/index.php?action_kouhyou_detail_004_kani=true&JigyosyoCd=2277205015-00&ServiceCd=430&Type=search", "url2": "https://www.iterrace.net/" }, "geometry": { "type": "Point", "coordinates": [ 137.676115230640448, 34.684895429657523 ] } },
{ "type": "Feature", "properties": { "内容": "フォーユー【居宅介護支援】静岡県浜松市北区初生町1218-6ル・リオンひくまの1F", "url": "https://www.kaigokensaku.mhlw.go.jp/22/index.php?action_kouhyou_detail_004_kani=true&JigyosyoCd=2277204265-00&ServiceCd=430&Type=search", "url2": null }, "geometry": { "type": "Point", "coordinates": [ 137.719718100000023, 34.7709083 ] } },
{ "type": "Feature", "properties": { "内容": "西区ケアプランセンター【居宅介護支援】浜松市西区雄踏２丁目１９－２９", "url": "https://www.kaigokensaku.mhlw.go.jp/22/index.php?action_kouhyou_detail_004_kani=true&JigyosyoCd=2277201584-00&ServiceCd=430&Type=search", "url2": "https://medicalsanjinkai.jp/" }, "geometry": { "type": "Point", "coordinates": [ 137.641956400000026, 34.6934041 ] } },
{ "type": "Feature", "properties": { "内容": "サポートネット　樹【居宅介護支援】静岡県浜松市中区和合町220-262プレアデス和合", "url": "https://www.kaigokensaku.mhlw.go.jp/22/index.php?action_kouhyou_detail_004_kani=true&JigyosyoCd=2277205205-00&ServiceCd=430&Type=search", "url2": "http://pleiades-wagou@gmail.com" }, "geometry": { "type": "Point", "coordinates": [ 137.706050799999957, 34.742355699999983 ] } },
{ "type": "Feature", "properties": { "内容": "一空園居宅介護支援事業所【居宅介護支援】浜松市東区安間町55-8", "url": "https://www.kaigokensaku.mhlw.go.jp/22/index.php?action_kouhyou_detail_004_kani=true&JigyosyoCd=2277100083-00&ServiceCd=430&Type=search", "url2": "http://www.hashoukai.or.jp" }, "geometry": { "type": "Point", "coordinates": [ 137.789678860683125, 34.727166507299302 ] } },
{ "type": "Feature", "properties": { "内容": "ケアプラン　ほのぼの【居宅介護支援】静岡県浜松市中区北寺島町２０６－２３", "url": "https://www.kaigokensaku.mhlw.go.jp/22/index.php?action_kouhyou_detail_004_kani=true&JigyosyoCd=2277200495-00&ServiceCd=430&Type=search", "url2": null }, "geometry": { "type": "Point", "coordinates": [ 137.744127899999967, 34.7036412 ] } },
{ "type": "Feature", "properties": { "内容": "ケアサポートしんせつ【居宅介護支援】有玉北町2020番地の2フローラC", "url": "https://www.kaigokensaku.mhlw.go.jp/22/index.php?action_kouhyou_detail_004_kani=true&JigyosyoCd=2277206534-00&ServiceCd=430&Type=search", "url2": null }, "geometry": { "type": "Point", "coordinates": [ 137.7498382, 34.7636979 ] } },
{ "type": "Feature", "properties": { "内容": "居宅介護支援事業所ありたま【居宅介護支援】静岡県浜松市中央区有玉南町1436番地", "url": "https://www.kaigokensaku.mhlw.go.jp/22/index.php?action_kouhyou_detail_004_kani=true&JigyosyoCd=2277206674-00&ServiceCd=430&Type=search", "url2": "http://www.okazakikai.or.jp/" }, "geometry": { "type": "Point", "coordinates": [ 137.7535626, 34.7524622 ] } },
{ "type": "Feature", "properties": { "内容": "介護相談室さわやか【居宅介護支援】早出町1200番地の12", "url": "https://www.kaigokensaku.mhlw.go.jp/22/index.php?action_kouhyou_detail_004_kani=true&JigyosyoCd=2277201774-00&ServiceCd=430&Type=search", "url2": null }, "geometry": { "type": "Point", "coordinates": [ 137.74997929999995, 34.7333407 ] } },
{ "type": "Feature", "properties": { "内容": "Katzケアプランセンター【居宅介護支援】浜松市中央区舞阪町舞阪5180番地の3", "url": "https://www.kaigokensaku.mhlw.go.jp/22/index.php?action_kouhyou_detail_004_kani=true&JigyosyoCd=2277103574-00&ServiceCd=430&Type=search", "url2": "https://www.katz2024.com" }, "geometry": { "type": "Point", "coordinates": [ 137.618638126147204, 34.684442470033197 ] } },
{ "type": "Feature", "properties": { "内容": "ケアプランニング　カム【居宅介護支援】静岡県浜松市中区広沢一丁目１９番１２号", "url": "https://www.kaigokensaku.mhlw.go.jp/22/index.php?action_kouhyou_detail_004_kani=true&JigyosyoCd=2277202012-00&ServiceCd=430&Type=search", "url2": null }, "geometry": { "type": "Point", "coordinates": [ 137.719598099999985, 34.7152478 ] } },
{ "type": "Feature", "properties": { "内容": "山崎園居宅介護支援事業所【居宅介護支援】静岡県浜松市中央区雄踏町山崎２８２９番地", "url": "https://www.kaigokensaku.mhlw.go.jp/22/index.php?action_kouhyou_detail_004_kani=true&JigyosyoCd=2278200106-00&ServiceCd=430&Type=search", "url2": "https://www.sankoukai.or.jp/" }, "geometry": { "type": "Point", "coordinates": [ 137.627193700000021, 34.7172096 ] } },
{ "type": "Feature", "properties": { "内容": "オープン　あい　ケアプランセンター【居宅介護支援】静岡県浜松市中央区茄子町104番地1クレードⅠ　2階　A号室", "url": "https://www.kaigokensaku.mhlw.go.jp/22/index.php?action_kouhyou_detail_004_kani=true&JigyosyoCd=2277206740-00&ServiceCd=430&Type=search", "url2": null }, "geometry": { "type": "Point", "coordinates": [ 137.746935393254091, 34.720685322115884 ] } },
{ "type": "Feature", "properties": { "内容": "ケアサポート夢茶房【居宅介護支援】有玉西町2411－11二美ビル２F-101", "url": "https://www.kaigokensaku.mhlw.go.jp/22/index.php?action_kouhyou_detail_004_kani=true&JigyosyoCd=2277202103-00&ServiceCd=430&Type=search", "url2": "http://www.yumesabou.net/" }, "geometry": { "type": "Point", "coordinates": [ 137.737584140319768, 34.748506952738083 ] } },
{ "type": "Feature", "properties": { "内容": "ｹｱﾌﾟﾗﾝｾﾝﾀｰ　つくし・原島【居宅介護支援】静岡県浜松市中央区原島町523番1デイサービスセンターつくし・原島", "url": "https://www.kaigokensaku.mhlw.go.jp/22/index.php?action_kouhyou_detail_004_kani=true&JigyosyoCd=2277204257-00&ServiceCd=430&Type=search", "url2": null }, "geometry": { "type": "Point", "coordinates": [ 137.766908431182827, 34.72758710907155 ] } },
{ "type": "Feature", "properties": { "内容": "なぐら医院介護相談室【居宅介護支援】静岡県浜松市中央区三方原町57番地5", "url": "https://www.kaigokensaku.mhlw.go.jp/22/index.php?action_kouhyou_detail_004_kani=true&JigyosyoCd=2277204844-00&ServiceCd=430&Type=search", "url2": null }, "geometry": { "type": "Point", "coordinates": [ 137.717848799999956, 34.7736467 ] } },
{ "type": "Feature", "properties": { "内容": "介護の相談所さおり【居宅介護支援】静岡県浜松市中央区三方原町566-1", "url": "https://www.kaigokensaku.mhlw.go.jp/22/index.php?action_kouhyou_detail_004_kani=true&JigyosyoCd=2277206070-00&ServiceCd=430&Type=search", "url2": "https://www.prosperlife.jp//あかい実" }, "geometry": { "type": "Point", "coordinates": [ 137.70919, 34.7741879 ] } },
{ "type": "Feature", "properties": { "内容": "ケアプランセンター　光【居宅介護支援】静岡県浜松市中央区大原町288番地の1", "url": "https://www.kaigokensaku.mhlw.go.jp/22/index.php?action_kouhyou_detail_004_kani=true&JigyosyoCd=2277201154-00&ServiceCd=430&Type=search", "url2": null }, "geometry": { "type": "Point", "coordinates": [ 137.735140799999954, 34.7999548 ] } },
{ "type": "Feature", "properties": { "内容": "ケアプラン高林【居宅介護支援】静岡県浜松市中央区高林５丁目１番23号", "url": "https://www.kaigokensaku.mhlw.go.jp/22/index.php?action_kouhyou_detail_004_kani=true&JigyosyoCd=2277206823-00&ServiceCd=430&Type=search", "url2": "plaisir-japan.jp" }, "geometry": { "type": "Point", "coordinates": [ 137.7353079, 34.7310793 ] } },
{ "type": "Feature", "properties": { "内容": "中島内科消化器科医院居宅介護支援センター【居宅介護支援】浜松市中央区区海老塚2-17-23", "url": "https://www.kaigokensaku.mhlw.go.jp/22/index.php?action_kouhyou_detail_004_kani=true&JigyosyoCd=2217110630-00&ServiceCd=430&Type=search", "url2": "http://www7b.biglobe.ne.jp/~nakajimanaikashoukakika/" }, "geometry": { "type": "Point", "coordinates": [ 137.7310288, 34.6980694 ] } },
{ "type": "Feature", "properties": { "内容": "ひくまケアプランセンター【居宅介護支援】静岡県浜松市中央区曳馬3-39-22", "url": "https://www.kaigokensaku.mhlw.go.jp/22/index.php?action_kouhyou_detail_004_kani=true&JigyosyoCd=2277101776-00&ServiceCd=430&Type=search", "url2": "http://kanan053.com/" }, "geometry": { "type": "Point", "coordinates": [ 137.74583789999997, 34.728071800000016 ] } },
{ "type": "Feature", "properties": { "内容": "りらねっとケアプランセンター【居宅介護支援】静岡県浜松市中央区笠井新田町９７０", "url": "https://www.kaigokensaku.mhlw.go.jp/22/index.php?action_kouhyou_detail_004_kani=true&JigyosyoCd=2277201436-00&ServiceCd=430&Type=search", "url2": "http://www.liras970link.onamae.jp/" }, "geometry": { "type": "Point", "coordinates": [ 137.790399100000059, 34.7641391 ] } },
{ "type": "Feature", "properties": { "内容": "安松鍼院合資会社【居宅介護支援】静岡県浜松市中央区寺島町404番地2", "url": "https://www.kaigokensaku.mhlw.go.jp/22/index.php?action_kouhyou_detail_004_kani=true&JigyosyoCd=2277100729-00&ServiceCd=430&Type=search", "url2": null }, "geometry": { "type": "Point", "coordinates": [ 137.7393136, 34.7004328 ] } },
{ "type": "Feature", "properties": { "内容": "居宅介護支援事業所　じりおん【居宅介護支援】静岡県浜松市中央区根洗町１４３１番地", "url": "https://www.kaigokensaku.mhlw.go.jp/22/index.php?action_kouhyou_detail_004_kani=true&JigyosyoCd=2277204935-00&ServiceCd=430&Type=search", "url2": "http://www.zillion.co.jp/" }, "geometry": { "type": "Point", "coordinates": [ 137.70873450000002, 34.792104800000011 ] } },
{ "type": "Feature", "properties": { "内容": "敬愛会介護支援センター【居宅介護支援】浜松市中央区篠原町3967-1", "url": "https://www.kaigokensaku.mhlw.go.jp/22/index.php?action_kouhyou_detail_004_kani=true&JigyosyoCd=2277100034-00&ServiceCd=430&Type=search", "url2": null }, "geometry": { "type": "Point", "coordinates": [ 137.661921265606679, 34.685867688092905 ] } },
{ "type": "Feature", "properties": { "内容": "エムズ　ココケア浜松【居宅介護支援】静岡県浜松市中央区和合町936-54", "url": "https://www.kaigokensaku.mhlw.go.jp/22/index.php?action_kouhyou_detail_004_kani=true&JigyosyoCd=2277206765-00&ServiceCd=430&Type=search", "url2": "https://www.coco-care.net" }, "geometry": { "type": "Point", "coordinates": [ 137.707150500000012, 34.7386802 ] } },
{ "type": "Feature", "properties": { "内容": "居宅介護支援事業所　伍縁【居宅介護支援】静岡県浜松市中央区舞阪町弁天島3806弁天　伍縁荘", "url": "https://www.kaigokensaku.mhlw.go.jp/22/index.php?action_kouhyou_detail_004_kani=true&JigyosyoCd=2277205163-00&ServiceCd=430&Type=search", "url2": "http://goensou.com" }, "geometry": { "type": "Point", "coordinates": [ 137.60604950000004, 34.6920942 ] } },
{ "type": "Feature", "properties": { "内容": "中央居宅介護支援事業所【居宅介護支援】浜松市中央区中央１－５－２１", "url": "https://www.kaigokensaku.mhlw.go.jp/22/index.php?action_kouhyou_detail_004_kani=true&JigyosyoCd=2277201089-00&ServiceCd=430&Type=search", "url2": null }, "geometry": { "type": "Point", "coordinates": [ 137.735691800000012, 34.7129483 ] } },
{ "type": "Feature", "properties": { "内容": "あづきもち居宅介護支援事業所【居宅介護支援】浜松市中央区小豆餅3丁目20番22号", "url": "https://www.kaigokensaku.mhlw.go.jp/22/index.php?action_kouhyou_detail_004_kani=true&JigyosyoCd=2277202616-00&ServiceCd=430&Type=search", "url2": "http://www.jikeikai.info/" }, "geometry": { "type": "Point", "coordinates": [ 137.729106699999988, 34.7541139 ] } },
{ "type": "Feature", "properties": { "内容": "芳川の里居宅介護支援事業所【居宅介護支援】浜松市南区石原町７４９", "url": "https://www.kaigokensaku.mhlw.go.jp/22/index.php?action_kouhyou_detail_004_kani=true&JigyosyoCd=2277100067-00&ServiceCd=430&Type=search", "url2": "http://www.hougawanosato.jp/" }, "geometry": { "type": "Point", "coordinates": [ 137.768584199999964, 34.6883335 ] } },
{ "type": "Feature", "properties": { "内容": "ケアプランセンターしらはぎ【居宅介護支援】浜松市中区鴨江3-70-27", "url": "https://www.kaigokensaku.mhlw.go.jp/22/index.php?action_kouhyou_detail_004_kani=true&JigyosyoCd=2277100133-00&ServiceCd=430&Type=search", "url2": "http://jihian.or.jp" }, "geometry": { "type": "Point", "coordinates": [ 137.708194099999986, 34.7071874 ] } },
{ "type": "Feature", "properties": { "内容": "ニチイケアセンター浜松【居宅介護支援】浜松市中央半田山4-23-21", "url": "https://www.kaigokensaku.mhlw.go.jp/22/index.php?action_kouhyou_detail_004_kani=true&JigyosyoCd=2277100951-00&ServiceCd=430&Type=search", "url2": null }, "geometry": { "type": "Point", "coordinates": [ 137.7435404, 34.773925689574178 ] } },
{ "type": "Feature", "properties": { "内容": "居宅介護支援センター美雄【居宅介護支援】浜松市中区富塚町690-22", "url": "https://www.kaigokensaku.mhlw.go.jp/22/index.php?action_kouhyou_detail_004_kani=true&JigyosyoCd=2277103475-00&ServiceCd=430&Type=search", "url2": "https://www.Kaigo-myu-20061201.com" }, "geometry": { "type": "Point", "coordinates": [ 137.709629, 34.725555 ] } },
{ "type": "Feature", "properties": { "内容": "サニーライフ浜松居宅介護支援事業所【居宅介護支援】浜松市中央区入野町9908-1", "url": "https://www.kaigokensaku.mhlw.go.jp/22/index.php?action_kouhyou_detail_004_kani=true&JigyosyoCd=2277202079-00&ServiceCd=430&Type=search", "url2": "https://www.sunnylife-group.co.jp" }, "geometry": { "type": "Point", "coordinates": [ 137.6767688, 34.6998557 ] } },
{ "type": "Feature", "properties": { "内容": "居宅介護支援事業所あいてらす【居宅介護支援】浜松市中央区曳馬5-4-45", "url": "https://www.kaigokensaku.mhlw.go.jp/22/index.php?action_kouhyou_detail_004_kani=true&JigyosyoCd=2277202194-00&ServiceCd=430&Type=search", "url2": "http://www.iterrace.net/" }, "geometry": { "type": "Point", "coordinates": [ 137.739579700000036, 34.7305854 ] } },
{ "type": "Feature", "properties": { "内容": "ひまわりケアプランセンター【居宅介護支援】静岡県浜松市中区佐藤1-21-20レインボープラザ106号", "url": "https://www.kaigokensaku.mhlw.go.jp/22/index.php?action_kouhyou_detail_004_kani=true&JigyosyoCd=2277203390-00&ServiceCd=430&Type=search", "url2": null }, "geometry": { "type": "Point", "coordinates": [ 137.74417, 34.712403100000017 ] } },
{ "type": "Feature", "properties": { "内容": "ケアプランうつくし【居宅介護支援】静岡県浜松市中央区初生町1017-3", "url": "https://www.kaigokensaku.mhlw.go.jp/22/index.php?action_kouhyou_detail_004_kani=true&JigyosyoCd=2277204422-00&ServiceCd=430&Type=search", "url2": null }, "geometry": { "type": "Point", "coordinates": [ 137.728145199999972, 34.767684 ] } },
{ "type": "Feature", "properties": { "内容": "居宅支援ケアオリジン【居宅介護支援】静岡県浜松市南区三島町1372-2Aビル3-B", "url": "https://www.kaigokensaku.mhlw.go.jp/22/index.php?action_kouhyou_detail_004_kani=true&JigyosyoCd=2277206153-00&ServiceCd=430&Type=search", "url2": "https://care-origin.net/" }, "geometry": { "type": "Point", "coordinates": [ 137.750407, 34.6900228 ] } },
{ "type": "Feature", "properties": { "内容": "四ツ池ケアプランセンター【居宅介護支援】浜松市中区上島6丁目25-22　三国ビル2D", "url": "https://www.kaigokensaku.mhlw.go.jp/22/index.php?action_kouhyou_detail_004_kani=true&JigyosyoCd=2277206450-00&ServiceCd=430&Type=search", "url2": null }, "geometry": { "type": "Point", "coordinates": [ 137.7376399, 34.7436107 ] } },
{ "type": "Feature", "properties": { "内容": "温故療院上島介護支援室【居宅介護支援】浜松市中央区上島7-13-18", "url": "https://www.kaigokensaku.mhlw.go.jp/22/index.php?action_kouhyou_detail_004_kani=true&JigyosyoCd=2277103012-00&ServiceCd=430&Type=search", "url2": "http://onkoryouin.jp/" }, "geometry": { "type": "Point", "coordinates": [ 137.739520399999947, 34.7485308 ] } },
{ "type": "Feature", "properties": { "内容": "ｱﾛﾊｹｱｻﾎﾟｰﾄｾﾝﾀｰ佐藤【居宅介護支援】静岡県浜松市中央区細島町6-1", "url": "https://www.kaigokensaku.mhlw.go.jp/22/index.php?action_kouhyou_detail_004_kani=true&JigyosyoCd=2277205247-00&ServiceCd=430&Type=search", "url2": "https://www.kmaruei.co.jp" }, "geometry": { "type": "Point", "coordinates": [ 137.751455362179513, 34.7223977218827 ] } },
{ "type": "Feature", "properties": { "内容": "JA静岡厚生連遠州病院【居宅介護支援】浜松市中央区中央１－１－１", "url": "https://www.kaigokensaku.mhlw.go.jp/22/index.php?action_kouhyou_detail_004_kani=true&JigyosyoCd=2217110069-00&ServiceCd=430&Type=search", "url2": "http://enbyo-k.ken@shizuokakouseiren.jp" }, "geometry": { "type": "Point", "coordinates": [ 137.734641900000042, 34.7126344 ] } },
{ "type": "Feature", "properties": { "内容": "西山病院グループ介護保険センター【居宅介護支援】静岡県浜松市中央区西山町500番地西山病院", "url": "https://www.kaigokensaku.mhlw.go.jp/22/index.php?action_kouhyou_detail_004_kani=true&JigyosyoCd=2277102196-00&ServiceCd=430&Type=search", "url2": "http://www.nishiyama.or.jp" }, "geometry": { "type": "Point", "coordinates": [ 137.688669088082889, 34.737080709229581 ] } },
{ "type": "Feature", "properties": { "内容": "天竜厚生会城北の家ケアサポートセンター【居宅介護支援】浜松市中央区城北1丁目24番5号天竜厚生会城北の家", "url": "https://www.kaigokensaku.mhlw.go.jp/22/index.php?action_kouhyou_detail_004_kani=true&JigyosyoCd=2277103756-00&ServiceCd=430&Type=search", "url2": "https://www.tenryu-kohseikai.or.jp/" }, "geometry": { "type": "Point", "coordinates": [ 137.723612322276239, 34.721837484957561 ] } },
{ "type": "Feature", "properties": { "内容": "ケアプランセンター花笑【居宅介護支援】静岡県浜松市中央区龍禅寺町110-1", "url": "https://www.kaigokensaku.mhlw.go.jp/22/index.php?action_kouhyou_detail_004_kani=true&JigyosyoCd=2277205544-00&ServiceCd=430&Type=search", "url2": null }, "geometry": { "type": "Point", "coordinates": [ 137.741741499999989, 34.6971882 ] } },
{ "type": "Feature", "properties": { "内容": "浜松ケアステーション株式会社【居宅介護支援】浜松市中央区佐鳴台４丁目３７番３５号", "url": "https://www.kaigokensaku.mhlw.go.jp/22/index.php?action_kouhyou_detail_004_kani=true&JigyosyoCd=2277100026-00&ServiceCd=430&Type=search", "url2": null }, "geometry": { "type": "Point", "coordinates": [ 137.700172299999963, 34.7116396 ] } },
{ "type": "Feature", "properties": { "内容": "居宅介護支援センター　長上苑【居宅介護支援】浜松市中央区中田町584", "url": "https://www.kaigokensaku.mhlw.go.jp/22/index.php?action_kouhyou_detail_004_kani=true&JigyosyoCd=2277100208-00&ServiceCd=430&Type=search", "url2": "http://www.nanakeikai.jp" }, "geometry": { "type": "Point", "coordinates": [ 137.75912029999995, 34.7362656 ] } },
{ "type": "Feature", "properties": { "内容": "セントケア浜松中央【居宅介護支援】浜松市中央区鴨江3-73-23", "url": "https://www.kaigokensaku.mhlw.go.jp/22/index.php?action_kouhyou_detail_004_kani=true&JigyosyoCd=2277200164-00&ServiceCd=430&Type=search", "url2": null }, "geometry": { "type": "Point", "coordinates": [ 137.7087158, 34.7075231 ] } },
{ "type": "Feature", "properties": { "内容": "ケアプランセンター卸本町【居宅介護支援】西浅田1丁目9番31号浜西産業ビル2階", "url": "https://www.kaigokensaku.mhlw.go.jp/22/index.php?action_kouhyou_detail_004_kani=true&JigyosyoCd=2277202442-00&ServiceCd=430&Type=search", "url2": null }, "geometry": { "type": "Point", "coordinates": [ 137.72329740662434, 34.692730412319357 ] } },
{ "type": "Feature", "properties": { "内容": "アスモ介護サービス和合【居宅介護支援】静岡県浜松市中央区和合町１７８－２０　１階西側", "url": "https://www.kaigokensaku.mhlw.go.jp/22/index.php?action_kouhyou_detail_004_kani=true&JigyosyoCd=2277203036-00&ServiceCd=430&Type=search", "url2": null }, "geometry": { "type": "Point", "coordinates": [ 137.71486622729185, 34.736148287777567 ] } },
{ "type": "Feature", "properties": { "内容": "居宅介護支援センターアカラ【居宅介護支援】浜松市中央区新橋町1180番地デイサービスセンターアカラ", "url": "https://www.kaigokensaku.mhlw.go.jp/22/index.php?action_kouhyou_detail_004_kani=true&JigyosyoCd=2277204711-00&ServiceCd=430&Type=search", "url2": "links-fukushi.com" }, "geometry": { "type": "Point", "coordinates": [ 137.716440502993805, 34.680973858700469 ] } },
{ "type": "Feature", "properties": { "内容": "高丘介護支援センターほほえみ【居宅介護支援】静岡県浜松市中区高丘東二丁目16番16号", "url": "https://www.kaigokensaku.mhlw.go.jp/22/index.php?action_kouhyou_detail_004_kani=true&JigyosyoCd=2277205973-00&ServiceCd=430&Type=search", "url2": "https://www.hohoemi0705mtojcar.com" }, "geometry": { "type": "Point", "coordinates": [ 137.7119748, 34.7581695 ] } },
{ "type": "Feature", "properties": { "内容": "聖隷ケアプランセンター和【居宅介護支援】浜松市中区和合町555番地", "url": "https://www.kaigokensaku.mhlw.go.jp/22/index.php?action_kouhyou_detail_004_kani=true&JigyosyoCd=2277103558-00&ServiceCd=430&Type=search", "url2": "http://www.seirei.or.jp/hq/facility/home/kaigo/wa/index.html" }, "geometry": { "type": "Point", "coordinates": [ 137.701492899999948, 34.7422639 ] } },
{ "type": "Feature", "properties": { "内容": "居宅介護支援事業所　風鈴草【居宅介護支援】静岡県浜松市東区北島町182グリーンハイツ北島A102", "url": "https://www.kaigokensaku.mhlw.go.jp/22/index.php?action_kouhyou_detail_004_kani=true&JigyosyoCd=2277205916-00&ServiceCd=430&Type=search", "url2": null }, "geometry": { "type": "Point", "coordinates": [ 137.781939, 34.7339897 ] } },
{ "type": "Feature", "properties": { "内容": "指定居宅介護支援事業所第二砂丘寮【居宅介護支援】浜松市中央区田尻町１１７２番地", "url": "https://www.kaigokensaku.mhlw.go.jp/22/index.php?action_kouhyou_detail_004_kani=true&JigyosyoCd=2277100349-00&ServiceCd=430&Type=search", "url2": "https://mitsuwakai-sunaoka.jp/" }, "geometry": { "type": "Point", "coordinates": [ 137.723083438622979, 34.666773449357045 ] } },
{ "type": "Feature", "properties": { "内容": "平安の森ケアプランセンター八幡【居宅介護支援】浜松市中央区元浜町356地域包括支援センター元浜　2F", "url": "https://www.kaigokensaku.mhlw.go.jp/22/index.php?action_kouhyou_detail_004_kani=true&JigyosyoCd=2257280053-00&ServiceCd=430&Type=search", "url2": "http://www.azumakai.or.jp/" }, "geometry": { "type": "Point", "coordinates": [ 137.73453070000005, 34.7152647 ] } },
{ "type": "Feature", "properties": { "内容": "大瀬介護保険センター【居宅介護支援】静岡県浜松市中央区大瀬町1558番地", "url": "https://www.kaigokensaku.mhlw.go.jp/22/index.php?action_kouhyou_detail_004_kani=true&JigyosyoCd=2267290282-00&ServiceCd=430&Type=search", "url2": "http://www.hamamatsu-kb.or.jp" }, "geometry": { "type": "Point", "coordinates": [ 137.771347900000023, 34.7637353 ] } },
{ "type": "Feature", "properties": { "内容": "さぎの宮寮居宅介護支援事業所【居宅介護支援】浜松市中央区小池町３８－１", "url": "https://www.kaigokensaku.mhlw.go.jp/22/index.php?action_kouhyou_detail_004_kani=true&JigyosyoCd=2277100265-00&ServiceCd=430&Type=search", "url2": "http://houeikai5710.jp" }, "geometry": { "type": "Point", "coordinates": [ 137.76400179999996, 34.754028 ] } },
{ "type": "Feature", "properties": { "内容": "西島寮居宅介護支援事業所【居宅介護支援】浜松市中央区西島町101番地", "url": "https://www.kaigokensaku.mhlw.go.jp/22/index.php?action_kouhyou_detail_004_kani=true&JigyosyoCd=2277100299-00&ServiceCd=430&Type=search", "url2": "http://www.jikeikai.info/14388473330430" }, "geometry": { "type": "Point", "coordinates": [ 137.764134499999983, 34.672094 ] } },
{ "type": "Feature", "properties": { "内容": "ケアプランセンター　舘山寺の里【居宅介護支援】浜松市中央区舘山寺町463-1", "url": "https://www.kaigokensaku.mhlw.go.jp/22/index.php?action_kouhyou_detail_004_kani=true&JigyosyoCd=2277102097-00&ServiceCd=430&Type=search", "url2": "http://kanzanji-no-sato.shoeikai.or.jp/" }, "geometry": { "type": "Point", "coordinates": [ 137.619502349073827, 34.760795360791604 ] } },
{ "type": "Feature", "properties": { "内容": "セントケア浜松【居宅介護支援】浜松市中央区佐鳴台4-3-3", "url": "https://www.kaigokensaku.mhlw.go.jp/22/index.php?action_kouhyou_detail_004_kani=true&JigyosyoCd=2277103632-00&ServiceCd=430&Type=search", "url2": "http://www.saint-care.com/" }, "geometry": { "type": "Point", "coordinates": [ 137.7024357, 34.7060227 ] } },
{ "type": "Feature", "properties": { "内容": "白梅県居指定居宅介護支援事業所【居宅介護支援】静岡県浜松市中央区東伊場二丁目14番35号", "url": "https://www.kaigokensaku.mhlw.go.jp/22/index.php?action_kouhyou_detail_004_kani=true&JigyosyoCd=2277202004-00&ServiceCd=430&Type=search", "url2": "https://www.shiraume.or.jp" }, "geometry": { "type": "Point", "coordinates": [ 137.717688100000032, 34.6975108 ] } },
{ "type": "Feature", "properties": { "内容": "ケアプランセンター芳川【居宅介護支援】浜松市中央区鼡野町24番地", "url": "https://www.kaigokensaku.mhlw.go.jp/22/index.php?action_kouhyou_detail_004_kani=true&JigyosyoCd=2277202970-00&ServiceCd=430&Type=search", "url2": "http://www.yamakawakai.net" }, "geometry": { "type": "Point", "coordinates": [ 137.763443, 34.6786013 ] } },
{ "type": "Feature", "properties": { "内容": "居宅介護支援事業所　ふるさと庵【居宅介護支援】静岡県浜松市中央区小豆餅2丁目26番22号ロイヤルメゾン小豆餅112号", "url": "https://www.kaigokensaku.mhlw.go.jp/22/index.php?action_kouhyou_detail_004_kani=true&JigyosyoCd=2277203952-00&ServiceCd=430&Type=search", "url2": "https://www.yuutainosato.com" }, "geometry": { "type": "Point", "coordinates": [ 137.726335400000039, 34.755795 ] } },
{ "type": "Feature", "properties": { "内容": "ケアプランセンターしあわせ三方原【居宅介護支援】静岡県浜松市中央区東三方町239ケアホーム三方原", "url": "https://www.kaigokensaku.mhlw.go.jp/22/index.php?action_kouhyou_detail_004_kani=true&JigyosyoCd=2277204281-00&ServiceCd=430&Type=search", "url2": "www.siawase-k.com/wp/" }, "geometry": { "type": "Point", "coordinates": [ 137.723359, 34.7828067 ] } },
{ "type": "Feature", "properties": { "内容": "chouchou【居宅介護支援】静岡県浜松市中央区原島町333番地", "url": "https://www.kaigokensaku.mhlw.go.jp/22/index.php?action_kouhyou_detail_004_kani=true&JigyosyoCd=2277204414-00&ServiceCd=430&Type=search", "url2": null }, "geometry": { "type": "Point", "coordinates": [ 137.772269771282936, 34.73232510144372 ] } },
{ "type": "Feature", "properties": { "内容": "ケアプランセンターえんじゅ浜松中沢【居宅介護支援】静岡県浜松市中央区中沢町13-23", "url": "https://www.kaigokensaku.mhlw.go.jp/22/index.php?action_kouhyou_detail_004_kani=true&JigyosyoCd=2277204521-00&ServiceCd=430&Type=search", "url2": "http://www.t-s-i.jp/anges/hamamatsunakazawa/index.html" }, "geometry": { "type": "Point", "coordinates": [ 137.731866599999989, 34.7200836 ] } },
{ "type": "Feature", "properties": { "内容": "サポートネットなないろ指定居宅介護支援事業所【居宅介護支援】静岡県浜松市中央区湖東町1815番地の38", "url": "https://www.kaigokensaku.mhlw.go.jp/22/index.php?action_kouhyou_detail_004_kani=true&JigyosyoCd=2277204638-00&ServiceCd=430&Type=search", "url2": "http://nanairocaremane:webnede.jp/" }, "geometry": { "type": "Point", "coordinates": [ 137.673431700000037, 34.761088 ] } },
{ "type": "Feature", "properties": { "内容": "湖東の杜居宅介護支援事業所ことう【居宅介護支援】静岡県浜松市中央区湖東町1074湖東の杜", "url": "https://www.kaigokensaku.mhlw.go.jp/22/index.php?action_kouhyou_detail_004_kani=true&JigyosyoCd=2277204752-00&ServiceCd=430&Type=search", "url2": "https://www.kotou-no-mori.jp" }, "geometry": { "type": "Point", "coordinates": [ 137.660955100000052, 34.761082 ] } },
{ "type": "Feature", "properties": { "内容": "居宅介護支援事業所　神田ふるさと庵【居宅介護支援】静岡県浜松市中央区神田町510-1", "url": "https://www.kaigokensaku.mhlw.go.jp/22/index.php?action_kouhyou_detail_004_kani=true&JigyosyoCd=2277205098-00&ServiceCd=430&Type=search", "url2": "https：//www．yuutainosato.com" }, "geometry": { "type": "Point", "coordinates": [ 137.718771599999968, 34.690048 ] } },
{ "type": "Feature", "properties": { "内容": "なごやかケアプラン浜松【居宅介護支援】静岡県浜松市中央区蜆塚二丁目１２－９なごやかレジデンス浜松蜆塚内", "url": "https://www.kaigokensaku.mhlw.go.jp/22/index.php?action_kouhyou_detail_004_kani=true&JigyosyoCd=2277205635-00&ServiceCd=430&Type=search", "url2": null }, "geometry": { "type": "Point", "coordinates": [ 137.708291, 34.7119258 ] } },
{ "type": "Feature", "properties": { "内容": "ツクイ浜松曳馬【居宅介護支援】曳馬2-14-16", "url": "https://www.kaigokensaku.mhlw.go.jp/22/index.php?action_kouhyou_detail_004_kani=true&JigyosyoCd=2277205643-00&ServiceCd=430&Type=search", "url2": "hamamatsu-hikuma@tsukui.net" }, "geometry": { "type": "Point", "coordinates": [ 137.7414123, 34.7285761 ] } },
{ "type": "Feature", "properties": { "内容": "ケアプラン杜の風【居宅介護支援】静岡県浜松市中央区富塚町1675-1ルグランとみつか107", "url": "https://www.kaigokensaku.mhlw.go.jp/22/index.php?action_kouhyou_detail_004_kani=true&JigyosyoCd=2277205932-00&ServiceCd=430&Type=search", "url2": "https://www.morinokaze.biz/cont8/main.html" }, "geometry": { "type": "Point", "coordinates": [ 137.7033562, 34.7289977 ] } },
{ "type": "Feature", "properties": { "内容": "ココケアプランセンター【居宅介護支援】静岡県浜松市中央区三和町375-7", "url": "https://www.kaigokensaku.mhlw.go.jp/22/index.php?action_kouhyou_detail_004_kani=true&JigyosyoCd=2277206195-00&ServiceCd=430&Type=search", "url2": "https://www.goodcells.jp" }, "geometry": { "type": "Point", "coordinates": [ 137.765933600000011, 34.7042838 ] } },
{ "type": "Feature", "properties": { "内容": "なごやかケアプラン浜松中央【居宅介護支援】静岡県浜松市中央区東伊場一丁目12番16号", "url": "https://www.kaigokensaku.mhlw.go.jp/22/index.php?action_kouhyou_detail_004_kani=true&JigyosyoCd=2277206625-00&ServiceCd=430&Type=search", "url2": null }, "geometry": { "type": "Point", "coordinates": [ 137.7230045, 34.6994773 ] } },
{ "type": "Feature", "properties": { "内容": "ケアプランセンターアイケア浜松【居宅介護支援】静岡県浜松市中央区高丘北四丁目1番46号", "url": "https://www.kaigokensaku.mhlw.go.jp/22/index.php?action_kouhyou_detail_004_kani=true&JigyosyoCd=2277100224-00&ServiceCd=430&Type=search", "url2": "http://www.aicare.co.jp" }, "geometry": { "type": "Point", "coordinates": [ 137.69658759999993, 34.764410600000019 ] } },
{ "type": "Feature", "properties": { "内容": "静光園介護の相談センター【居宅介護支援】浜松市南区小沢渡町１３００－１", "url": "https://www.kaigokensaku.mhlw.go.jp/22/index.php?action_kouhyou_detail_004_kani=true&JigyosyoCd=2277100331-00&ServiceCd=430&Type=search", "url2": "http://www.hikarinosono.or.jp" }, "geometry": { "type": "Point", "coordinates": [ 137.678128099999981, 34.6854813 ] } },
{ "type": "Feature", "properties": { "内容": "きちっと居宅介護支援事業所【居宅介護支援】静岡県浜松市中央区高丘北三丁目１１－１７", "url": "https://www.kaigokensaku.mhlw.go.jp/22/index.php?action_kouhyou_detail_004_kani=true&JigyosyoCd=2277101991-00&ServiceCd=430&Type=search", "url2": "http://www.hamamatsu-kichitto.com" }, "geometry": { "type": "Point", "coordinates": [ 137.698754, 34.76393580000002 ] } },
{ "type": "Feature", "properties": { "内容": "ケアプランセンター　鴨江白萩【居宅介護支援】静岡県浜松市中央区鴨江3-6-10", "url": "https://www.kaigokensaku.mhlw.go.jp/22/index.php?action_kouhyou_detail_004_kani=true&JigyosyoCd=2277102295-00&ServiceCd=430&Type=search", "url2": "http://jihian.or.jp" }, "geometry": { "type": "Point", "coordinates": [ 137.714865274560196, 34.706331680526162 ] } },
{ "type": "Feature", "properties": { "内容": "三方原クリニック居宅介護支援室【居宅介護支援】浜松市中央区三方原町１２５８番地の６", "url": "https://www.kaigokensaku.mhlw.go.jp/22/index.php?action_kouhyou_detail_004_kani=true&JigyosyoCd=2277103038-00&ServiceCd=430&Type=search", "url2": null }, "geometry": { "type": "Point", "coordinates": [ 137.717929, 34.7848811 ] } },
{ "type": "Feature", "properties": { "内容": "介護計画相談センターこすもす【居宅介護支援】静岡県浜松市中央区大山町2847-1", "url": "https://www.kaigokensaku.mhlw.go.jp/22/index.php?action_kouhyou_detail_004_kani=true&JigyosyoCd=2277200263-00&ServiceCd=430&Type=search", "url2": "https://www.keiseikai6001.or.jp" }, "geometry": { "type": "Point", "coordinates": [ 137.679168700000019, 34.7737164 ] } },
{ "type": "Feature", "properties": { "内容": "居宅介護支援事業所恵【居宅介護支援】静岡県浜松市中央区富塚町４００2F", "url": "https://www.kaigokensaku.mhlw.go.jp/22/index.php?action_kouhyou_detail_004_kani=true&JigyosyoCd=2277200768-00&ServiceCd=430&Type=search", "url2": "https://hhsl.hamazo.tv/" }, "geometry": { "type": "Point", "coordinates": [ 137.699015600234389, 34.714587150568271 ] } },
{ "type": "Feature", "properties": { "内容": "ケアプランセンターアモーレ【居宅介護支援】静岡県浜松市中央区三島町８４番地の２アモーレ駅南１階", "url": "https://www.kaigokensaku.mhlw.go.jp/22/index.php?action_kouhyou_detail_004_kani=true&JigyosyoCd=2277204547-00&ServiceCd=430&Type=search", "url2": null }, "geometry": { "type": "Point", "coordinates": [ 137.737922600000019, 34.6887764 ] } },
{ "type": "Feature", "properties": { "内容": "居宅介護支援事業所　宇布見の里【居宅介護支援】静岡県浜松市中央区雄踏町宇布見9481-1社会福祉施設　宇布見の里", "url": "https://www.kaigokensaku.mhlw.go.jp/22/index.php?action_kouhyou_detail_004_kani=true&JigyosyoCd=2277204745-00&ServiceCd=430&Type=search", "url2": "www.ubuminosato.jp" }, "geometry": { "type": "Point", "coordinates": [ 137.628676994937109, 34.706745967747487 ] } },
{ "type": "Feature", "properties": { "内容": "ふくまめ【居宅介護支援】静岡県浜松市中央区都盛町29-3", "url": "https://www.kaigokensaku.mhlw.go.jp/22/index.php?action_kouhyou_detail_004_kani=true&JigyosyoCd=2277204810-00&ServiceCd=430&Type=search", "url2": "https://www.peerhama.com/" }, "geometry": { "type": "Point", "coordinates": [ 137.756943699999965, 34.6885022 ] } },
{ "type": "Feature", "properties": { "内容": "アースケアプラン篠ケ瀬【居宅介護支援】静岡県浜松市中央区篠ケ瀬町1205番地ふるーら篠ケ瀬", "url": "https://www.kaigokensaku.mhlw.go.jp/22/index.php?action_kouhyou_detail_004_kani=true&JigyosyoCd=2277207003-00&ServiceCd=430&Type=search", "url2": null }, "geometry": { "type": "Point", "coordinates": [ 137.7778248, 34.7238521 ] } },
{ "type": "Feature", "properties": { "内容": "居宅介護支援事業所となり【居宅介護支援】静岡県浜松市中央区笠井新田町1625-1", "url": "https://www.kaigokensaku.mhlw.go.jp/22/index.php?action_kouhyou_detail_004_kani=true&JigyosyoCd=2277206930-00&ServiceCd=430&Type=search", "url2": null }, "geometry": { "type": "Point", "coordinates": [ 137.78454880000001, 34.7606557 ] } },
{ "type": "Feature", "properties": { "内容": "居宅介護支援事業所ブルースカイライフ【居宅介護支援】浜松市中央区大蒲町74-6", "url": "https://www.kaigokensaku.mhlw.go.jp/22/index.php?action_kouhyou_detail_004_kani=true&JigyosyoCd=2277101561-00&ServiceCd=430&Type=search", "url2": "http://www.ishigakinaika.jp/" }, "geometry": { "type": "Point", "coordinates": [ 137.763265, 34.7150795 ] } },
{ "type": "Feature", "properties": { "内容": "指定居宅介護支援事業所南風【居宅介護支援】浜松市南区倉松町593", "url": "https://www.kaigokensaku.mhlw.go.jp/22/index.php?action_kouhyou_detail_004_kani=true&JigyosyoCd=2277101636-00&ServiceCd=430&Type=search", "url2": "http://www.h-minamikaze.com/" }, "geometry": { "type": "Point", "coordinates": [ 137.696948900000052, 34.6758996 ] } },
{ "type": "Feature", "properties": { "内容": "松城指定居宅介護支援事業所【居宅介護支援】松城町211番8号", "url": "https://www.kaigokensaku.mhlw.go.jp/22/index.php?action_kouhyou_detail_004_kani=true&JigyosyoCd=2277103533-00&ServiceCd=430&Type=search", "url2": "https://www.sankoukai.or.jp/" }, "geometry": { "type": "Point", "coordinates": [ 137.724337, 34.7096095 ] } },
{ "type": "Feature", "properties": { "内容": "ラクラス浜松ケアプランセンター【居宅介護支援】静岡県浜松市中央区元城町109-18ホテルコンコルド浜松内3階", "url": "https://www.kaigokensaku.mhlw.go.jp/22/index.php?action_kouhyou_detail_004_kani=true&JigyosyoCd=2277206831-00&ServiceCd=430&Type=search", "url2": "https://www.la-class.jp/" }, "geometry": { "type": "Point", "coordinates": [ 137.7268062, 34.713987 ] } },
{ "type": "Feature", "properties": { "内容": "舞阪指定居宅介護支援事業所【居宅介護支援】浜松市西区舞阪町長十新田98-1", "url": "https://www.kaigokensaku.mhlw.go.jp/22/index.php?action_kouhyou_detail_004_kani=true&JigyosyoCd=2218210066-00&ServiceCd=430&Type=search", "url2": "https://medicalsanjinkai.jp/" }, "geometry": { "type": "Point", "coordinates": [ 137.613176399999929, 34.6822483 ] } },
{ "type": "Feature", "properties": { "内容": "老人介護センター朝霧の園【居宅介護支援】浜松市中央区庄和町2476の1", "url": "https://www.kaigokensaku.mhlw.go.jp/22/index.php?action_kouhyou_detail_004_kani=true&JigyosyoCd=2277100018-00&ServiceCd=430&Type=search", "url2": "http://www.wakoukai-net.com/" }, "geometry": { "type": "Point", "coordinates": [ 137.604540400000019, 34.7315706 ] } },
{ "type": "Feature", "properties": { "内容": "ケアプランセンター白脇【居宅介護支援】浜松市中央区法枝町248-3", "url": "https://www.kaigokensaku.mhlw.go.jp/22/index.php?action_kouhyou_detail_004_kani=true&JigyosyoCd=2277101222-00&ServiceCd=430&Type=search", "url2": "http://www.kotou-wakeikai.com/" }, "geometry": { "type": "Point", "coordinates": [ 137.727101193254128, 34.678440368842992 ] } },
{ "type": "Feature", "properties": { "内容": "藤野整形外科医院居宅介護支援相談室【居宅介護支援】静岡県浜松市中央区城北二丁目15-12", "url": "https://www.kaigokensaku.mhlw.go.jp/22/index.php?action_kouhyou_detail_004_kani=true&JigyosyoCd=2277101859-00&ServiceCd=430&Type=search", "url2": "http://www.fujino-seikeigeka.jp/" }, "geometry": { "type": "Point", "coordinates": [ 137.719417099999987, 34.7229665 ] } },
{ "type": "Feature", "properties": { "内容": "居宅介護支援事業所　ねんりんはうす【居宅介護支援】志都呂1丁目５番１２号", "url": "https://www.kaigokensaku.mhlw.go.jp/22/index.php?action_kouhyou_detail_004_kani=true&JigyosyoCd=2277102824-00&ServiceCd=430&Type=search", "url2": "http://www.nourihajp/" }, "geometry": { "type": "Point", "coordinates": [ 137.66391509999994, 34.7002207 ] } },
{ "type": "Feature", "properties": { "内容": "ケアプランセンター半田山九重【居宅介護支援】浜松市中央区半田山5-16-13", "url": "https://www.kaigokensaku.mhlw.go.jp/22/index.php?action_kouhyou_detail_004_kani=true&JigyosyoCd=2277103129-00&ServiceCd=430&Type=search", "url2": "http：//jihian.or.jp" }, "geometry": { "type": "Point", "coordinates": [ 137.741778900000014, 34.7755963 ] } },
{ "type": "Feature", "properties": { "内容": "居宅介護支援事業所おおしま【居宅介護支援】浜松市中央区大島町891番地", "url": "https://www.kaigokensaku.mhlw.go.jp/22/index.php?action_kouhyou_detail_004_kani=true&JigyosyoCd=2277103368-00&ServiceCd=430&Type=search", "url2": "http://www.youshoukai.or.jp" }, "geometry": { "type": "Point", "coordinates": [ 137.779077700000016, 34.7649914 ] } },
{ "type": "Feature", "properties": { "内容": "長鶴の郷　指定居宅介護支援事業所【居宅介護支援】浜松市中央区長鶴町290", "url": "https://www.kaigokensaku.mhlw.go.jp/22/index.php?action_kouhyou_detail_004_kani=true&JigyosyoCd=2257180139-00&ServiceCd=430&Type=search", "url2": "http://www.nagatsuru.com" }, "geometry": { "type": "Point", "coordinates": [ 137.782813300000072, 34.714666799999989 ] } },
{ "type": "Feature", "properties": { "内容": "神久呂の園指定居宅介護支援事業所【居宅介護支援】静岡県浜松市中央区神ケ谷町6611番地", "url": "https://www.kaigokensaku.mhlw.go.jp/22/index.php?action_kouhyou_detail_004_kani=true&JigyosyoCd=2277100141-00&ServiceCd=430&Type=search", "url2": "http://tootsu.jp/" }, "geometry": { "type": "Point", "coordinates": [ 137.678345700000023, 34.730231500000016 ] } },
{ "type": "Feature", "properties": { "内容": "ジョアン【居宅介護支援】浜松市中央区湖東町1487-9", "url": "https://www.kaigokensaku.mhlw.go.jp/22/index.php?action_kouhyou_detail_004_kani=true&JigyosyoCd=2277102337-00&ServiceCd=430&Type=search", "url2": "http://gioan-awk.com/john-ifncm.htm" }, "geometry": { "type": "Point", "coordinates": [ 137.66835036353848, 34.759671008579843 ] } },
{ "type": "Feature", "properties": { "内容": "ケアプラン　ファイン【居宅介護支援】静岡県浜松市中央区葵西　5-22-5", "url": "https://www.kaigokensaku.mhlw.go.jp/22/index.php?action_kouhyou_detail_004_kani=true&JigyosyoCd=2277201253-00&ServiceCd=430&Type=search", "url2": null }, "geometry": { "type": "Point", "coordinates": [ 137.704463077148517, 34.777815499905472 ] } },
{ "type": "Feature", "properties": { "内容": "ケアプランセンターマリン【居宅介護支援】浜松市中央区区芳川町576-3ミッキーⅡ101号室", "url": "https://www.kaigokensaku.mhlw.go.jp/22/index.php?action_kouhyou_detail_004_kani=true&JigyosyoCd=2277201691-00&ServiceCd=430&Type=search", "url2": null }, "geometry": { "type": "Point", "coordinates": [ 137.764902799999987, 34.6864632 ] } },
{ "type": "Feature", "properties": { "内容": "ケアプランセンターみずほ【居宅介護支援】静岡県浜松市中央区高丘西2-32-36", "url": "https://www.kaigokensaku.mhlw.go.jp/22/index.php?action_kouhyou_detail_004_kani=true&JigyosyoCd=2277202566-00&ServiceCd=430&Type=search", "url2": "http://www.kotou-wakeikai.com" }, "geometry": { "type": "Point", "coordinates": [ 137.70008729999995, 34.760450200000044 ] } },
{ "type": "Feature", "properties": { "内容": "スマイルケアプランセンター【居宅介護支援】貴平町543貴平ABCビル203", "url": "https://www.kaigokensaku.mhlw.go.jp/22/index.php?action_kouhyou_detail_004_kani=true&JigyosyoCd=2277202855-00&ServiceCd=430&Type=search", "url2": null }, "geometry": { "type": "Point", "coordinates": [ 137.791746871396896, 34.753471768010535 ] } },
{ "type": "Feature", "properties": { "内容": "坂の上暮らしの相談所【居宅介護支援】静岡県浜松市中央区幸4-6-8坂の上暮らしの相談所", "url": "https://www.kaigokensaku.mhlw.go.jp/22/index.php?action_kouhyou_detail_004_kani=true&JigyosyoCd=2277203242-00&ServiceCd=430&Type=search", "url2": "http://www.sakanoue-fc.jp" }, "geometry": { "type": "Point", "coordinates": [ 137.727130737126117, 34.746504887150202 ] } },
{ "type": "Feature", "properties": { "内容": "居宅介護支援事業所いずみ【居宅介護支援】静岡県浜松市泉四丁目20番地の1", "url": "https://www.kaigokensaku.mhlw.go.jp/22/index.php?action_kouhyou_detail_004_kani=true&JigyosyoCd=2277203754-00&ServiceCd=430&Type=search", "url2": "http://www.youshoukai.or.jp/" }, "geometry": { "type": "Point", "coordinates": [ 137.719272894670695, 34.74801929740039 ] } },
{ "type": "Feature", "properties": { "内容": "やすらぎ指定居宅介護支援センター【居宅介護支援】向宿1－21－16やすらぎメディカルセンター　２F", "url": "https://www.kaigokensaku.mhlw.go.jp/22/index.php?action_kouhyou_detail_004_kani=true&JigyosyoCd=2277204018-00&ServiceCd=430&Type=search", "url2": "yasuragi-k2@yamamoto-2009.co.jp" }, "geometry": { "type": "Point", "coordinates": [ 137.754077199999983, 34.7057218 ] } },
{ "type": "Feature", "properties": { "内容": "藤乃花居宅介護支援事業所【居宅介護支援】静岡県浜松市中央区幸4丁目21番1号特別養護老人ホーム藤乃花", "url": "https://www.kaigokensaku.mhlw.go.jp/22/index.php?action_kouhyou_detail_004_kani=true&JigyosyoCd=2277204224-00&ServiceCd=430&Type=search", "url2": "https://www.fujihanakai.com/tokuyou/" }, "geometry": { "type": "Point", "coordinates": [ 137.729897754631082, 34.744133835537063 ] } },
{ "type": "Feature", "properties": { "内容": "聖隷ケアプランセンター浅田【居宅介護支援】静岡県浜松市中央区都盛町193-1", "url": "https://www.kaigokensaku.mhlw.go.jp/22/index.php?action_kouhyou_detail_004_kani=true&JigyosyoCd=2277204570-00&ServiceCd=430&Type=search", "url2": null }, "geometry": { "type": "Point", "coordinates": [ 137.754492047764757, 34.685130913573964 ] } },
{ "type": "Feature", "properties": { "内容": "聖隷ケアプランセンター浜松【居宅介護支援】静岡県浜松市中央区高丘東4丁目43-11", "url": "https://www.kaigokensaku.mhlw.go.jp/22/index.php?action_kouhyou_detail_004_kani=true&JigyosyoCd=2277205304-00&ServiceCd=430&Type=search", "url2": "https://www.seirei.or.jp/hq/facility/care/hamamatsu/" }, "geometry": { "type": "Point", "coordinates": [ 137.709406899999976, 34.7606454 ] } },
{ "type": "Feature", "properties": { "内容": "ケアプランセンター湖東【居宅介護支援】静岡県浜松市中央区伊左地町8151", "url": "https://www.kaigokensaku.mhlw.go.jp/22/index.php?action_kouhyou_detail_004_kani=true&JigyosyoCd=22B7200074-00&ServiceCd=430&Type=search", "url2": "http://www.kotou-wakeikai.com" }, "geometry": { "type": "Point", "coordinates": [ 137.654796, 34.746478300000014 ] } },
{ "type": "Feature", "properties": { "内容": "三幸の園指定居宅介護支援事業所【居宅介護支援】浜松市中央区大平台1丁目34番30号", "url": "https://www.kaigokensaku.mhlw.go.jp/22/index.php?action_kouhyou_detail_004_kani=true&JigyosyoCd=2277100174-00&ServiceCd=430&Type=search", "url2": "https://www.sankoukai.or.jp/" }, "geometry": { "type": "Point", "coordinates": [ 137.682941752778532, 34.718837326345884 ] } },
{ "type": "Feature", "properties": { "内容": "白梅指定居宅介護支援事業所【居宅介護支援】浜松市中央区大人見町３０１１－１", "url": "https://www.kaigokensaku.mhlw.go.jp/22/index.php?action_kouhyou_detail_004_kani=true&JigyosyoCd=2277100232-00&ServiceCd=430&Type=search", "url2": "http://www.shiraume.or.jp" }, "geometry": { "type": "Point", "coordinates": [ 137.658486499999981, 34.7403351 ] } },
{ "type": "Feature", "properties": { "内容": "ハートライフケアプランセンター【居宅介護支援】静岡県浜松市中央区豊町2472－2", "url": "https://www.kaigokensaku.mhlw.go.jp/22/index.php?action_kouhyou_detail_004_kani=true&JigyosyoCd=2277202061-00&ServiceCd=430&Type=search", "url2": "http://dowelfare.jp/" }, "geometry": { "type": "Point", "coordinates": [ 137.805340800000039, 34.7719419 ] } },
{ "type": "Feature", "properties": { "内容": "指定居宅介護支援事業所頭陀寺【居宅介護支援】静岡県浜松市中央区頭陀寺町332-8", "url": "https://www.kaigokensaku.mhlw.go.jp/22/index.php?action_kouhyou_detail_004_kani=true&JigyosyoCd=2277204091-00&ServiceCd=430&Type=search", "url2": "http:tanakaya-s.com/company/index.html" }, "geometry": { "type": "Point", "coordinates": [ 137.757059757008363, 34.696740950431789 ] } },
{ "type": "Feature", "properties": { "内容": "空豆ケアプランセンター【居宅介護支援】静岡県浜松市中央区曳馬６丁目５－２３－１", "url": "https://www.kaigokensaku.mhlw.go.jp/22/index.php?action_kouhyou_detail_004_kani=true&JigyosyoCd=2277204471-00&ServiceCd=430&Type=search", "url2": "http://soramame0801.webnode.jp/" }, "geometry": { "type": "Point", "coordinates": [ 137.740530986460072, 34.734431258517326 ] } },
{ "type": "Feature", "properties": { "内容": "ケアプランセンター浜松中央長上苑【居宅介護支援】静岡県浜松市中央区中島２丁目７番１号", "url": "https://www.kaigokensaku.mhlw.go.jp/22/index.php?action_kouhyou_detail_004_kani=true&JigyosyoCd=2277205056-00&ServiceCd=430&Type=search", "url2": "https://www.nanakeikai.jp" }, "geometry": { "type": "Point", "coordinates": [ 137.745874053967356, 34.701653217435137 ] } },
{ "type": "Feature", "properties": { "内容": "makeahappiness【居宅介護支援】静岡県浜松市中央区初生町1408-8", "url": "https://www.kaigokensaku.mhlw.go.jp/22/index.php?action_kouhyou_detail_004_kani=true&JigyosyoCd=2277206138-00&ServiceCd=430&Type=search", "url2": null }, "geometry": { "type": "Point", "coordinates": [ 137.7162864, 34.772119099999976 ] } },
{ "type": "Feature", "properties": { "内容": "ケアプランAnge【居宅介護支援】静岡県浜松市中央区葵東２丁目24番39号201", "url": "https://www.kaigokensaku.mhlw.go.jp/22/index.php?action_kouhyou_detail_004_kani=true&JigyosyoCd=2277206260-00&ServiceCd=430&Type=search", "url2": null }, "geometry": { "type": "Point", "coordinates": [ 137.7213629, 34.758459 ] } },
{ "type": "Feature", "properties": { "内容": "あまいろ【居宅介護支援】静岡県浜松市中央区佐藤3-12-21", "url": "https://www.kaigokensaku.mhlw.go.jp/22/index.php?action_kouhyou_detail_004_kani=true&JigyosyoCd=2277206583-00&ServiceCd=430&Type=search", "url2": null }, "geometry": { "type": "Point", "coordinates": [ 137.7524822, 34.712838 ] } },
{ "type": "Feature", "properties": { "内容": "指定居宅介護支援事業所　ブルースカイ【居宅介護支援】浜松市中央区中野町1217番地", "url": "https://www.kaigokensaku.mhlw.go.jp/22/index.php?action_kouhyou_detail_004_kani=true&JigyosyoCd=2217111695-00&ServiceCd=430&Type=search", "url2": "https://www.ishigakinaika.jp/" }, "geometry": { "type": "Point", "coordinates": [ 137.796508065081781, 34.728208056744776 ] } },
{ "type": "Feature", "properties": { "内容": "浜名湖園支援センター【居宅介護支援】浜松市中央区古人見町1212番地", "url": "https://www.kaigokensaku.mhlw.go.jp/22/index.php?action_kouhyou_detail_004_kani=true&JigyosyoCd=2277100240-00&ServiceCd=430&Type=search", "url2": null }, "geometry": { "type": "Point", "coordinates": [ 137.637503199999969, 34.7300085 ] } },
{ "type": "Feature", "properties": { "内容": "東海介護福祉株式会社【居宅介護支援】静岡県浜松市中央区新橋町648-4マンション紫雲B103", "url": "https://www.kaigokensaku.mhlw.go.jp/22/index.php?action_kouhyou_detail_004_kani=true&JigyosyoCd=2277100364-00&ServiceCd=430&Type=search", "url2": null }, "geometry": { "type": "Point", "coordinates": [ 137.698548499999987, 34.6844096 ] } },
{ "type": "Feature", "properties": { "内容": "佐鳴湖デイケア居宅介護支援事業所【居宅介護支援】浜松市中央区入野町16101－16", "url": "https://www.kaigokensaku.mhlw.go.jp/22/index.php?action_kouhyou_detail_004_kani=true&JigyosyoCd=2277100992-00&ServiceCd=430&Type=search", "url2": null }, "geometry": { "type": "Point", "coordinates": [ 137.672299657672028, 34.70123016665616 ] } },
{ "type": "Feature", "properties": { "内容": "株式会社　ホームサポート　居宅介護支援事業所【居宅介護支援】浜松市中区細島町２番地の１６", "url": "https://www.kaigokensaku.mhlw.go.jp/22/index.php?action_kouhyou_detail_004_kani=true&JigyosyoCd=2277200446-00&ServiceCd=430&Type=search", "url2": null }, "geometry": { "type": "Point", "coordinates": [ 137.751232399999907, 34.7219309 ] } },
{ "type": "Feature", "properties": { "内容": "浜松十字の園支援センター指定居宅介護支援事業所【居宅介護支援】静岡県浜松市中央区根洗町486-3", "url": "https://www.kaigokensaku.mhlw.go.jp/22/index.php?action_kouhyou_detail_004_kani=true&JigyosyoCd=2277201782-00&ServiceCd=430&Type=search", "url2": "https://www.jyuji.or.jp/hamamatsu_city/adonai2/service" }, "geometry": { "type": "Point", "coordinates": [ 137.695814, 34.796725799999983 ] } },
{ "type": "Feature", "properties": { "内容": "ケアプランセンターあおいの里【居宅介護支援】浜松市中央区葵西6丁目10番62号", "url": "https://www.kaigokensaku.mhlw.go.jp/22/index.php?action_kouhyou_detail_004_kani=true&JigyosyoCd=2277201980-00&ServiceCd=430&Type=search", "url2": "https://www.kouwakai-swc.com" }, "geometry": { "type": "Point", "coordinates": [ 137.701198200000022, 34.7682242 ] } },
{ "type": "Feature", "properties": { "内容": "居宅介護支援事業所ウイル【居宅介護支援】名塚町１７－１", "url": "https://www.kaigokensaku.mhlw.go.jp/22/index.php?action_kouhyou_detail_004_kani=true&JigyosyoCd=2277203135-00&ServiceCd=430&Type=search", "url2": null }, "geometry": { "type": "Point", "coordinates": [ 136.88886350000007, 35.2056117 ] } },
{ "type": "Feature", "properties": { "内容": "西山病院グループ介護保険センターいなほ【居宅介護支援】静岡県浜松市中央区雄踏町宇布見4080-4", "url": "https://www.kaigokensaku.mhlw.go.jp/22/index.php?action_kouhyou_detail_004_kani=true&JigyosyoCd=2277205692-00&ServiceCd=430&Type=search", "url2": "https://www.nishiyama.or.jp/" }, "geometry": { "type": "Point", "coordinates": [ 137.6446518, 34.698455 ] } },
{ "type": "Feature", "properties": { "内容": "ケアマネラボ　keeek【居宅介護支援】静岡県浜松市中央区上島7-3-25　渡瀬第一ビル101", "url": "https://www.kaigokensaku.mhlw.go.jp/22/index.php?action_kouhyou_detail_004_kani=true&JigyosyoCd=2277205726-00&ServiceCd=430&Type=search", "url2": null }, "geometry": { "type": "Point", "coordinates": [ 137.742098077909844, 34.745193305047131 ] } },
{ "type": "Feature", "properties": { "内容": "あんしんの里ケアプランセンター【居宅介護支援】静岡県浜松市東区安新町33-1", "url": "https://www.kaigokensaku.mhlw.go.jp/22/index.php?action_kouhyou_detail_004_kani=true&JigyosyoCd=2277206492-00&ServiceCd=430&Type=search", "url2": "https://www.hashoukai.or.jp/" }, "geometry": { "type": "Point", "coordinates": [ 137.7902349, 34.7254001 ] } },
{ "type": "Feature", "properties": { "内容": "ケアプランみらい【居宅介護支援】浜松市中央区西塚町３１４番地の４南東棟", "url": "https://www.kaigokensaku.mhlw.go.jp/22/index.php?action_kouhyou_detail_004_kani=true&JigyosyoCd=2277207011-00&ServiceCd=430&Type=search", "url2": null }, "geometry": { "type": "Point", "coordinates": [ 137.753669381002993, 34.719191500079262 ] } },
{ "type": "Feature", "properties": { "内容": "白梅下石田指定居宅介護支援事業所【居宅介護支援】下石田町1588-1", "url": "https://www.kaigokensaku.mhlw.go.jp/22/index.php?action_kouhyou_detail_004_kani=true&JigyosyoCd=2277202608-00&ServiceCd=430&Type=search", "url2": "https://www.shiraume.or.jp/" }, "geometry": { "type": "Point", "coordinates": [ 137.78302292737385, 34.734608074581566 ] } },
{ "type": "Feature", "properties": { "内容": "志都呂クリニック居宅介護支援センター【居宅介護支援】静岡県浜松市中央区西鴨江町621", "url": "https://www.kaigokensaku.mhlw.go.jp/22/index.php?action_kouhyou_detail_004_kani=true&JigyosyoCd=2277206310-00&ServiceCd=430&Type=search", "url2": null }, "geometry": { "type": "Point", "coordinates": [ 137.6650128, 34.7000527 ] } },
{ "type": "Feature", "properties": { "内容": "HELIOSケアセンター【居宅介護支援】篠原町1144-18", "url": "https://www.kaigokensaku.mhlw.go.jp/22/index.php?action_kouhyou_detail_004_kani=true&JigyosyoCd=2277206526-00&ServiceCd=430&Type=search", "url2": null }, "geometry": { "type": "Point", "coordinates": [ 139.6167557, 35.4973321 ] } },
{ "type": "Feature", "properties": { "内容": "ケアプランセンターハピネス【居宅介護支援】静岡県浜松市中央区葵西6-11-35", "url": "https://www.kaigokensaku.mhlw.go.jp/22/index.php?action_kouhyou_detail_004_kani=true&JigyosyoCd=2277205460-00&ServiceCd=430&Type=search", "url2": "https://www.happiness-care-service.com/" }, "geometry": { "type": "Point", "coordinates": [ 137.7003994, 34.7694035 ] } },
{ "type": "Feature", "properties": { "内容": "ケアプランセンター入野【居宅介護支援】浜松市中央区入野町6417番地", "url": "https://www.kaigokensaku.mhlw.go.jp/22/index.php?action_kouhyou_detail_004_kani=true&JigyosyoCd=2257180055-00&ServiceCd=430&Type=search", "url2": "http://www.kotou-wakeikai.com" }, "geometry": { "type": "Point", "coordinates": [ 137.686744071163957, 34.697719228478626 ] } },
{ "type": "Feature", "properties": { "内容": "リリーズケアプランセンター【居宅介護支援】浜松市中央区有玉南町２４２１－３", "url": "https://www.kaigokensaku.mhlw.go.jp/22/index.php?action_kouhyou_detail_004_kani=true&JigyosyoCd=2277101461-00&ServiceCd=430&Type=search", "url2": "http://www.lily-s.co.jp/care.html" }, "geometry": { "type": "Point", "coordinates": [ 137.746192, 34.7478246 ] } },
{ "type": "Feature", "properties": { "内容": "聖隷ケアプランセンター三方原【居宅介護支援】浜松市中央区三方原町509番1", "url": "https://www.kaigokensaku.mhlw.go.jp/22/index.php?action_kouhyou_detail_004_kani=true&JigyosyoCd=2277201386-00&ServiceCd=430&Type=search", "url2": null }, "geometry": { "type": "Point", "coordinates": [ 137.7124696, 34.776750799999981 ] } },
{ "type": "Feature", "properties": { "内容": "ケアプランフォーリア【居宅介護支援】静岡県浜松市中央区小池町2661-3", "url": "https://www.kaigokensaku.mhlw.go.jp/22/index.php?action_kouhyou_detail_004_kani=true&JigyosyoCd=2277206575-00&ServiceCd=430&Type=search", "url2": "https://folia-care.jp/careplan" }, "geometry": { "type": "Point", "coordinates": [ 137.757629294097853, 34.74336878371988 ] } },
{ "type": "Feature", "properties": { "内容": "居宅介護支援事業所あおば【居宅介護支援】浜松市中央区三方原町70番地10", "url": "https://www.kaigokensaku.mhlw.go.jp/22/index.php?action_kouhyou_detail_004_kani=true&JigyosyoCd=2277205817-00&ServiceCd=430&Type=search", "url2": "http://wch.co.jp" }, "geometry": { "type": "Point", "coordinates": [ 137.7179342, 34.7727635 ] } },
{ "type": "Feature", "properties": { "内容": "櫻乃苑　浜松富塚【居宅介護支援】静岡県浜松市中央区富塚町1040-3", "url": "https://www.kaigokensaku.mhlw.go.jp/22/index.php?action_kouhyou_detail_004_kani=true&JigyosyoCd=2277203226-00&ServiceCd=430&Type=search", "url2": "http://www.sakuranosono.jp" }, "geometry": { "type": "Point", "coordinates": [ 137.714597700000013, 34.730974 ] } },
{ "type": "Feature", "properties": { "内容": "櫻乃苑　浜松鍛冶町【居宅介護支援】静岡県浜松市中央区鍛冶町503番地櫻乃苑　浜松鍛冶町", "url": "https://www.kaigokensaku.mhlw.go.jp/22/index.php?action_kouhyou_detail_004_kani=true&JigyosyoCd=2277203747-00&ServiceCd=430&Type=search", "url2": "http://www.sakuranosono.jp" }, "geometry": { "type": "Point", "coordinates": [ 137.731539699999985, 34.7050518 ] } },
{ "type": "Feature", "properties": { "内容": "わたせ介護支援センター【居宅介護支援】静岡県浜松市中央区渡瀬町256ロジスティックコンビニエンス渡瀬２F-16", "url": "https://www.kaigokensaku.mhlw.go.jp/22/index.php?action_kouhyou_detail_004_kani=true&JigyosyoCd=2277204901-00&ServiceCd=430&Type=search", "url2": null }, "geometry": { "type": "Point", "coordinates": [ 137.7614682, 34.7082274 ] } },
{ "type": "Feature", "properties": { "内容": "居宅介護支援事業所　新清【居宅介護支援】静岡県浜松市中区佐鳴台四丁目３２－１８ラフォーレ佐鳴台１０１号室", "url": "https://www.kaigokensaku.mhlw.go.jp/22/index.php?action_kouhyou_detail_004_kani=true&JigyosyoCd=2277200305-00&ServiceCd=430&Type=search", "url2": "win0501sinsei@orion.ocn.ne.jp" }, "geometry": { "type": "Point", "coordinates": [ 137.698510170935378, 34.709743975122016 ] } },
{ "type": "Feature", "properties": { "内容": "かんわ堂居宅介護支援室【居宅介護支援】静岡県浜松市中区鹿谷町34-28一越ビル1Ｆ", "url": "https://www.kaigokensaku.mhlw.go.jp/22/index.php?action_kouhyou_detail_004_kani=true&JigyosyoCd=2277204372-00&ServiceCd=430&Type=search", "url2": null }, "geometry": { "type": "Point", "coordinates": [ 137.7204147, 34.7166977 ] } },
{ "type": "Feature", "properties": { "内容": "ニチイケアセンター入野【居宅介護支援】浜松市中央区入野町9712-1", "url": "https://www.kaigokensaku.mhlw.go.jp/22/index.php?action_kouhyou_detail_004_kani=true&JigyosyoCd=2277201212-00&ServiceCd=430&Type=search", "url2": "http://www.nichiigakkan.co.jp" }, "geometry": { "type": "Point", "coordinates": [ 137.6808129, 34.698299700000035 ] } },
{ "type": "Feature", "properties": { "内容": "ケアプランみやび【居宅介護支援】静岡県浜松市中央区西山町2042-15エステート西山103号", "url": "https://www.kaigokensaku.mhlw.go.jp/22/index.php?action_kouhyou_detail_004_kani=true&JigyosyoCd=2277207060-00&ServiceCd=430&Type=search", "url2": null }, "geometry": { "type": "Point", "coordinates": [ 137.686631, 34.7410892 ] } },
{ "type": "Feature", "properties": { "内容": "アロハケアサポートセンター【居宅介護支援】静岡県浜松市東区安新町85-1", "url": "https://www.kaigokensaku.mhlw.go.jp/22/index.php?action_kouhyou_detail_004_kani=true&JigyosyoCd=2277205189-00&ServiceCd=430&Type=search", "url2": "http://www.kmaruei.co.jp" }, "geometry": { "type": "Point", "coordinates": [ 137.789786779167912, 34.727591754963193 ] } },
{ "type": "Feature", "properties": { "内容": "介護支援グリーンサンガ【居宅介護支援】浜松市中央区積志町108", "url": "https://www.kaigokensaku.mhlw.go.jp/22/index.php?action_kouhyou_detail_004_kani=true&JigyosyoCd=2277101594-00&ServiceCd=430&Type=search", "url2": null }, "geometry": { "type": "Point", "coordinates": [ 137.769255599999951, 34.772628764508539 ] } },
{ "type": "Feature", "properties": { "内容": "ケアプラン三島【居宅介護支援】静岡県浜松市中央区三島町１５２９", "url": "https://www.kaigokensaku.mhlw.go.jp/22/index.php?action_kouhyou_detail_004_kani=true&JigyosyoCd=2277204398-00&ServiceCd=430&Type=search", "url2": "https://plaisir-japan.jp/careplan/" }, "geometry": { "type": "Point", "coordinates": [ 137.752149700000018, 34.6906461 ] } },
{ "type": "Feature", "properties": { "内容": "居宅介護支援小春日和【居宅介護支援】静岡県浜松市中央区中野町２４０７番地", "url": "https://www.kaigokensaku.mhlw.go.jp/22/index.php?action_kouhyou_detail_004_kani=true&JigyosyoCd=2277200412-00&ServiceCd=430&Type=search", "url2": null }, "geometry": { "type": "Point", "coordinates": [ 137.797821900000031, 34.7332849 ] } },
{ "type": "Feature", "properties": { "内容": "ケアサポート　フジケン【居宅介護支援】元浜町78-4", "url": "https://www.kaigokensaku.mhlw.go.jp/22/index.php?action_kouhyou_detail_004_kani=true&JigyosyoCd=2277205494-00&ServiceCd=430&Type=search", "url2": "https://caresupportfujiken.my.canva.site/" }, "geometry": { "type": "Point", "coordinates": [ 137.731874097535325, 34.714147984491731 ] } },
{ "type": "Feature", "properties": { "内容": "在宅介護相談窓口もくれん【居宅介護支援】静岡県浜松市中央区舘山寺町2573-3", "url": "https://www.kaigokensaku.mhlw.go.jp/22/index.php?action_kouhyou_detail_004_kani=true&JigyosyoCd=2277206385-00&ServiceCd=430&Type=search", "url2": "https://mokuren-o.com" }, "geometry": { "type": "Point", "coordinates": [ 137.611061, 34.7587731 ] } },
{ "type": "Feature", "properties": { "内容": "第三静光園介護の相談センター【居宅介護支援】浜松市中央区根洗町681番地の4", "url": "https://www.kaigokensaku.mhlw.go.jp/22/index.php?action_kouhyou_detail_004_kani=true&JigyosyoCd=2277100109-00&ServiceCd=430&Type=search", "url2": "http://www.hikarinosono.or.jp" }, "geometry": { "type": "Point", "coordinates": [ 137.697998815869141, 34.79613366503019 ] } },
{ "type": "Feature", "properties": { "内容": "美薗ケアプランセンター【居宅介護支援】静岡県浜松市浜北区東美薗６６２－１", "url": "https://www.kaigokensaku.mhlw.go.jp/22/index.php?action_kouhyou_detail_004_kani=true&JigyosyoCd=2277203929-00&ServiceCd=430&Type=search", "url2": "http://www.dowelfare.jp/" }, "geometry": { "type": "Point", "coordinates": [ 137.804064899999958, 34.7964397 ] } },
{ "type": "Feature", "properties": { "内容": "引佐赤十字病院【居宅介護支援】浜松市北区引佐町金指1020", "url": "https://www.kaigokensaku.mhlw.go.jp/22/index.php?action_kouhyou_detail_004_kani=true&JigyosyoCd=2218110043-00&ServiceCd=430&Type=search", "url2": "http://www.inasa.jrc.or.jp/" }, "geometry": { "type": "Point", "coordinates": [ 137.681806100000017, 34.8202531 ] } },
{ "type": "Feature", "properties": { "内容": "ケアプランセンタートト【居宅介護支援】静岡県浜松市浜名区三ヶ日町都筑3277-4A302", "url": "https://www.kaigokensaku.mhlw.go.jp/22/index.php?action_kouhyou_detail_004_kani=true&JigyosyoCd=2277206658-00&ServiceCd=430&Type=search", "url2": null }, "geometry": { "type": "Point", "coordinates": [ 137.5689298, 34.7876406 ] } },
{ "type": "Feature", "properties": { "内容": "ケアプランセンター九重【居宅介護支援】浜松市浜名区都田町16-5", "url": "https://www.kaigokensaku.mhlw.go.jp/22/index.php?action_kouhyou_detail_004_kani=true&JigyosyoCd=2277100125-00&ServiceCd=430&Type=search", "url2": "http://jihian.or.jp/" }, "geometry": { "type": "Point", "coordinates": [ 137.713901910975693, 34.809695821409434 ] } },
{ "type": "Feature", "properties": { "内容": "ワンデイケアプランセンター【居宅介護支援】静岡県浜松市浜北区中瀬6569-1", "url": "https://www.kaigokensaku.mhlw.go.jp/22/index.php?action_kouhyou_detail_004_kani=true&JigyosyoCd=2277205346-00&ServiceCd=430&Type=search", "url2": "http://dowelfare.jp/" }, "geometry": { "type": "Point", "coordinates": [ 137.8145859, 34.8373543 ] } },
{ "type": "Feature", "properties": { "内容": "日赤訪問看護ステーション【居宅介護支援】浜松市浜名区小林1088-1", "url": "https://www.kaigokensaku.mhlw.go.jp/22/index.php?action_kouhyou_detail_004_kani=true&JigyosyoCd=2268390032-00&ServiceCd=430&Type=search", "url2": "http://www.hamamatsu.jrc.or.jp/outline/related-facility/nisseki-visit/index.html" }, "geometry": { "type": "Point", "coordinates": [ 137.789717308090161, 34.806169817183566 ] } },
{ "type": "Feature", "properties": { "内容": "奥山老人ホーム居宅介護支援事業所【居宅介護支援】浜松市浜名区引佐町奥山1576-81", "url": "https://www.kaigokensaku.mhlw.go.jp/22/index.php?action_kouhyou_detail_004_kani=true&JigyosyoCd=2278100116-00&ServiceCd=430&Type=search", "url2": "http://www.inasa-okuro.jp/" }, "geometry": { "type": "Point", "coordinates": [ 137.619694218893812, 34.846503538460844 ] } },
{ "type": "Feature", "properties": { "内容": "居宅介護支援事業所もも【居宅介護支援】貴布祢１８３８番地1Ｆ", "url": "https://www.kaigokensaku.mhlw.go.jp/22/index.php?action_kouhyou_detail_004_kani=true&JigyosyoCd=2277201444-00&ServiceCd=430&Type=search", "url2": null }, "geometry": { "type": "Point", "coordinates": [ 137.782878699999969, 34.7907528 ] } },
{ "type": "Feature", "properties": { "内容": "ケアプランセンターしあわせ【居宅介護支援】浜松市浜名区都田町9220-1ケアホームしあわせ", "url": "https://www.kaigokensaku.mhlw.go.jp/22/index.php?action_kouhyou_detail_004_kani=true&JigyosyoCd=2277102221-00&ServiceCd=430&Type=search", "url2": "http//www.siawase-k.com" }, "geometry": { "type": "Point", "coordinates": [ 137.7433145, 34.8171726 ] } },
{ "type": "Feature", "properties": { "内容": "ケアプランセンター　すみれ【居宅介護支援】静岡県浜松市浜名区貴布祢319-2フローラルいとう101", "url": "https://www.kaigokensaku.mhlw.go.jp/22/index.php?action_kouhyou_detail_004_kani=true&JigyosyoCd=2277203630-00&ServiceCd=430&Type=search", "url2": null }, "geometry": { "type": "Point", "coordinates": [ 137.784459, 34.7939221 ] } },
{ "type": "Feature", "properties": { "内容": "介護の窓口　まほろば　ほそえ【居宅介護支援】静岡県浜松市浜名区細江町気賀２５５１－２６４", "url": "https://www.kaigokensaku.mhlw.go.jp/22/index.php?action_kouhyou_detail_004_kani=true&JigyosyoCd=2277204273-00&ServiceCd=430&Type=search", "url2": null }, "geometry": { "type": "Point", "coordinates": [ 137.672607341850238, 34.787726309458137 ] } },
{ "type": "Feature", "properties": { "内容": "しんぱらの家ケアサポートセンター【居宅介護支援】静岡県浜松市浜名区新原4092‐2", "url": "https://www.kaigokensaku.mhlw.go.jp/22/index.php?action_kouhyou_detail_004_kani=true&JigyosyoCd=2277206120-00&ServiceCd=430&Type=search", "url2": "cs-shinpara@tenryu-kohseikai.or.jp/" }, "geometry": { "type": "Point", "coordinates": [ 137.77211159999996, 34.812775800000011 ] } },
{ "type": "Feature", "properties": { "内容": "Myケアプランセンター浜松【居宅介護支援】静岡県浜松市浜名区宮口362-1", "url": "https://www.kaigokensaku.mhlw.go.jp/22/index.php?action_kouhyou_detail_004_kani=true&JigyosyoCd=2277206559-00&ServiceCd=430&Type=search", "url2": null }, "geometry": { "type": "Point", "coordinates": [ 137.7662226, 34.8254021 ] } },
{ "type": "Feature", "properties": { "内容": "居宅介護支援事業所あらたま【居宅介護支援】静岡県浜松市浜北区宮口3152", "url": "https://www.kaigokensaku.mhlw.go.jp/22/index.php?action_kouhyou_detail_004_kani=true&JigyosyoCd=2257280103-00&ServiceCd=430&Type=search", "url2": "http://www.daizen-f.com" }, "geometry": { "type": "Point", "coordinates": [ 137.772559, 34.82289 ] } },
{ "type": "Feature", "properties": { "内容": "居宅介護支援事業所　ろくじゅ【居宅介護支援】浜松市北区三ヶ日町平山678-25", "url": "https://www.kaigokensaku.mhlw.go.jp/22/index.php?action_kouhyou_detail_004_kani=true&JigyosyoCd=2277102923-00&ServiceCd=430&Type=search", "url2": "http://www.rokujyu.co.jp" }, "geometry": { "type": "Point", "coordinates": [ 137.53047289999995, 34.8248313 ] } },
{ "type": "Feature", "properties": { "内容": "居宅介護支援事業所　ウェルネス浜名湖【居宅介護支援】静岡県浜松市浜名区三ヶ日町都筑５４１－１", "url": "https://www.kaigokensaku.mhlw.go.jp/22/index.php?action_kouhyou_detail_004_kani=true&JigyosyoCd=2277103731-00&ServiceCd=430&Type=search", "url2": null }, "geometry": { "type": "Point", "coordinates": [ 137.580093, 34.7826662 ] } },
{ "type": "Feature", "properties": { "内容": "長月ケアプランセンター【居宅介護支援】静岡県浜松市浜北区小松4456-1", "url": "https://www.kaigokensaku.mhlw.go.jp/22/index.php?action_kouhyou_detail_004_kani=true&JigyosyoCd=2277206484-00&ServiceCd=430&Type=search", "url2": null }, "geometry": { "type": "Point", "coordinates": [ 137.77749510000001, 34.784243 ] } },
{ "type": "Feature", "properties": { "内容": "サポートネット虹指定居宅介護支援事業所【居宅介護支援】浜松市浜名区中瀬１９７", "url": "https://www.kaigokensaku.mhlw.go.jp/22/index.php?action_kouhyou_detail_004_kani=true&JigyosyoCd=2277202038-00&ServiceCd=430&Type=search", "url2": null }, "geometry": { "type": "Point", "coordinates": [ 137.805399911111891, 34.815210947657086 ] } },
{ "type": "Feature", "properties": { "内容": "ケアプランセンターさくら【居宅介護支援】浜松市浜名区引佐町花平947", "url": "https://www.kaigokensaku.mhlw.go.jp/22/index.php?action_kouhyou_detail_004_kani=true&JigyosyoCd=2277201881-00&ServiceCd=430&Type=search", "url2": null }, "geometry": { "type": "Point", "coordinates": [ 137.6709361, 34.8483495 ] } },
{ "type": "Feature", "properties": { "内容": "居宅介護支援事業所みずうみ【居宅介護支援】浜松市浜名区三ヶ日町三ヶ日1148番地の2", "url": "https://www.kaigokensaku.mhlw.go.jp/22/index.php?action_kouhyou_detail_004_kani=true&JigyosyoCd=2278100231-00&ServiceCd=430&Type=search", "url2": "http://matsukaze.uh-oh.jp/" }, "geometry": { "type": "Point", "coordinates": [ 137.552363799999966, 34.8022402 ] } },
{ "type": "Feature", "properties": { "内容": "聖隷ケアプランセンターいなさ【居宅介護支援】静岡県浜松市浜名区引佐町東黒田37-2", "url": "https://www.kaigokensaku.mhlw.go.jp/22/index.php?action_kouhyou_detail_004_kani=true&JigyosyoCd=2278100066-00&ServiceCd=430&Type=search", "url2": "http://www.seirei.or.jp/elderlyhome/inasa" }, "geometry": { "type": "Point", "coordinates": [ 137.663395200000025, 34.885663699999981 ] } },
{ "type": "Feature", "properties": { "内容": "聖隷ケアプランセンター三ヶ日【居宅介護支援】静岡県浜松市浜名区三ヶ日町鵺代58-20", "url": "https://www.kaigokensaku.mhlw.go.jp/22/index.php?action_kouhyou_detail_004_kani=true&JigyosyoCd=2277204117-00&ServiceCd=430&Type=search", "url2": "http://www.seirei.or.jp/hq/facility/home/kaigo/hosoe_560b77b555003/index.html" }, "geometry": { "type": "Point", "coordinates": [ 137.550084094917054, 34.801864264274158 ] } },
{ "type": "Feature", "properties": { "内容": "多喜の園居宅介護支援事業所【居宅介護支援】浜松市浜名区中瀬3829-1", "url": "https://www.kaigokensaku.mhlw.go.jp/22/index.php?action_kouhyou_detail_004_kani=true&JigyosyoCd=2278300062-00&ServiceCd=430&Type=search", "url2": "http:www.daizen-f.com" }, "geometry": { "type": "Point", "coordinates": [ 137.811612015344281, 34.82035212984087 ] } },
{ "type": "Feature", "properties": { "内容": "はまなこ居宅介護支援事業所【居宅介護支援】浜松市浜名区三ヶ日町都筑３６６４－１０", "url": "https://www.kaigokensaku.mhlw.go.jp/22/index.php?action_kouhyou_detail_004_kani=true&JigyosyoCd=2258180013-00&ServiceCd=430&Type=search", "url2": "http://www.toyookakai.or.jp" }, "geometry": { "type": "Point", "coordinates": [ 137.585784941139195, 34.79450949825393 ] } },
{ "type": "Feature", "properties": { "内容": "居宅介護支援事業所おひさま【居宅介護支援】静岡県浜松市浜名区新原4141番地の1", "url": "https://www.kaigokensaku.mhlw.go.jp/22/index.php?action_kouhyou_detail_004_kani=true&JigyosyoCd=2277205361-00&ServiceCd=430&Type=search", "url2": null }, "geometry": { "type": "Point", "coordinates": [ 137.772212200000013, 34.8092482 ] } },
{ "type": "Feature", "properties": { "内容": "ケアプランセンターまきの木【居宅介護支援】静岡県浜松市浜名区小林548-1", "url": "https://www.kaigokensaku.mhlw.go.jp/22/index.php?action_kouhyou_detail_004_kani=true&JigyosyoCd=2277204646-00&ServiceCd=430&Type=search", "url2": null }, "geometry": { "type": "Point", "coordinates": [ -8.24389, 53.41291 ] } },
{ "type": "Feature", "properties": { "内容": "みっかび東指定居宅介護支援センター【居宅介護支援】浜松市浜名区三ヶ日町宇志３４－１", "url": "https://www.kaigokensaku.mhlw.go.jp/22/index.php?action_kouhyou_detail_004_kani=true&JigyosyoCd=2258180039-00&ServiceCd=430&Type=search", "url2": null }, "geometry": { "type": "Point", "coordinates": [ 137.561218899999943, 34.800368400000018 ] } },
{ "type": "Feature", "properties": { "内容": "リリーケアプランセンター【居宅介護支援】静岡県浜松市浜名区中瀬４６３", "url": "https://www.kaigokensaku.mhlw.go.jp/22/index.php?action_kouhyou_detail_004_kani=true&JigyosyoCd=2277206989-00&ServiceCd=430&Type=search", "url2": "https://first-lilly1201.amebaownd.com/" }, "geometry": { "type": "Point", "coordinates": [ 137.8060434, 34.8123724 ] } },
{ "type": "Feature", "properties": { "内容": "居宅介護支援事業所さくら台【居宅介護支援】静岡県浜松市浜北区四大地9-68", "url": "https://www.kaigokensaku.mhlw.go.jp/22/index.php?action_kouhyou_detail_004_kani=true&JigyosyoCd=2218310262-00&ServiceCd=430&Type=search", "url2": "http://www.sakuradai.or.jp/" }, "geometry": { "type": "Point", "coordinates": [ 137.759351400000014, 34.8379876 ] } },
{ "type": "Feature", "properties": { "内容": "北斗わかば居宅介護支援事業所【居宅介護支援】浜松市浜名区豊保２４５－６", "url": "https://www.kaigokensaku.mhlw.go.jp/22/index.php?action_kouhyou_detail_004_kani=true&JigyosyoCd=2277200578-00&ServiceCd=430&Type=search", "url2": "http://kaigo.hokuto-wakaba.jp" }, "geometry": { "type": "Point", "coordinates": [ 137.802296479623465, 34.829100161705995 ] } },
{ "type": "Feature", "properties": { "内容": "居宅介護支援事業所　ゆかり【居宅介護支援】静岡県浜松市浜名区内野台二丁目2番6号", "url": "https://www.kaigokensaku.mhlw.go.jp/22/index.php?action_kouhyou_detail_004_kani=true&JigyosyoCd=2277204497-00&ServiceCd=430&Type=search", "url2": null }, "geometry": { "type": "Point", "coordinates": [ 138.3830845, 34.9771201 ] } },
{ "type": "Feature", "properties": { "内容": "エーデルワイス在宅介護支援センター【居宅介護支援】浜松市浜名区平口2405", "url": "https://www.kaigokensaku.mhlw.go.jp/22/index.php?action_kouhyou_detail_004_kani=true&JigyosyoCd=2278300104-00&ServiceCd=430&Type=search", "url2": "http://www.e-del.jp" }, "geometry": { "type": "Point", "coordinates": [ 137.767212119573969, 34.796634576049158 ] } },
{ "type": "Feature", "properties": { "内容": "生協ケアプランセンター【居宅介護支援】静岡県浜松市浜北区高畑１９３", "url": "https://www.kaigokensaku.mhlw.go.jp/22/index.php?action_kouhyou_detail_004_kani=true&JigyosyoCd=2278300245-00&ServiceCd=430&Type=search", "url2": "http://www.mcp-hamakita.jp/" }, "geometry": { "type": "Point", "coordinates": [ 137.79604809035186, 34.790938423008754 ] } },
{ "type": "Feature", "properties": { "内容": "聖隷ケアプランセンター浜北【居宅介護支援】浜松市浜名区高薗２０８－２", "url": "https://www.kaigokensaku.mhlw.go.jp/22/index.php?action_kouhyou_detail_004_kani=true&JigyosyoCd=2268390016-00&ServiceCd=430&Type=search", "url2": null }, "geometry": { "type": "Point", "coordinates": [ 137.811758630024741, 34.785867364238406 ] } },
{ "type": "Feature", "properties": { "内容": "西遠クリニック　介護支援室【居宅介護支援】浜松市浜名区西美薗2056-17", "url": "https://www.kaigokensaku.mhlw.go.jp/22/index.php?action_kouhyou_detail_004_kani=true&JigyosyoCd=2277103590-00&ServiceCd=430&Type=search", "url2": null }, "geometry": { "type": "Point", "coordinates": [ 137.800063353491026, 34.805007435886701 ] } },
{ "type": "Feature", "properties": { "内容": "ケアサポートセンターふじのはな【居宅介護支援】浜松市浜名区神宮寺町8番15号", "url": "https://www.kaigokensaku.mhlw.go.jp/22/index.php?action_kouhyou_detail_004_kani=true&JigyosyoCd=2277200503-00&ServiceCd=430&Type=search", "url2": "https://www.fujihanakai.com" }, "geometry": { "type": "Point", "coordinates": [ 137.67036580203677, 34.830776456678102 ] } },
{ "type": "Feature", "properties": { "内容": "介護支援室　はなもも【居宅介護支援】染地台4-6-8ユーリエA1", "url": "https://www.kaigokensaku.mhlw.go.jp/22/index.php?action_kouhyou_detail_004_kani=true&JigyosyoCd=2277204885-00&ServiceCd=430&Type=search", "url2": "e93i3p@bma.biglobe.ne.jp" }, "geometry": { "type": "Point", "coordinates": [ 137.745271543571306, 34.788469819176029 ] } },
{ "type": "Feature", "properties": { "内容": "聖隷ケアプランセンター細江【居宅介護支援】浜松市浜名区細江町中川7220-1", "url": "https://www.kaigokensaku.mhlw.go.jp/22/index.php?action_kouhyou_detail_004_kani=true&JigyosyoCd=2277100976-00&ServiceCd=430&Type=search", "url2": "https://www.seirei.or.jp/hq/" }, "geometry": { "type": "Point", "coordinates": [ 137.692856448049014, 34.793810125514177 ] } },
{ "type": "Feature", "properties": { "内容": "秋葉の苑【居宅介護支援】浜松市天竜区春野町堀之内７１", "url": "https://www.kaigokensaku.mhlw.go.jp/22/index.php?action_kouhyou_detail_004_kani=true&JigyosyoCd=2276300031-00&ServiceCd=430&Type=search", "url2": null }, "geometry": { "type": "Point", "coordinates": [ 137.890875899999969, 34.9550664 ] } },
{ "type": "Feature", "properties": { "内容": "在宅介護支援センターさくまの里【居宅介護支援】浜松市天竜区佐久間町中部18-15", "url": "https://www.kaigokensaku.mhlw.go.jp/22/index.php?action_kouhyou_detail_004_kani=true&JigyosyoCd=2276600083-00&ServiceCd=430&Type=search", "url2": "http://www.seirei.or.jp/rel/sakuma/" }, "geometry": { "type": "Point", "coordinates": [ 137.799884099999986, 35.0835611 ] } },
{ "type": "Feature", "properties": { "内容": "居宅介護支援ふれあい【居宅介護支援】浜松市天竜区佐久間町浦川２９９０－１", "url": "https://www.kaigokensaku.mhlw.go.jp/22/index.php?action_kouhyou_detail_004_kani=true&JigyosyoCd=2277103145-00&ServiceCd=430&Type=search", "url2": null }, "geometry": { "type": "Point", "coordinates": [ 137.760502299999985, 35.055462899999981 ] } },
{ "type": "Feature", "properties": { "内容": "居宅介護支援事業所　いろは【居宅介護支援】浜松市天竜区二俣町鹿島５２８－３１", "url": "https://www.kaigokensaku.mhlw.go.jp/22/index.php?action_kouhyou_detail_004_kani=true&JigyosyoCd=2277200636-00&ServiceCd=430&Type=search", "url2": null }, "geometry": { "type": "Point", "coordinates": [ 137.808643800000027, 34.8478605 ] } },
{ "type": "Feature", "properties": { "内容": "やまびこケアサポートセンター【居宅介護支援】浜松市天竜区山東3382-2", "url": "https://www.kaigokensaku.mhlw.go.jp/22/index.php?action_kouhyou_detail_004_kani=true&JigyosyoCd=2277206849-00&ServiceCd=430&Type=search", "url2": "https://www.tenryu-kohseikai.or.jp/" }, "geometry": { "type": "Point", "coordinates": [ 137.826100100000019, 34.8706499 ] } },
{ "type": "Feature", "properties": { "内容": "天竜厚生会ケアサポートセンター【居宅介護支援】浜松市天竜区渡ケ島２２１", "url": "https://www.kaigokensaku.mhlw.go.jp/22/index.php?action_kouhyou_detail_004_kani=true&JigyosyoCd=2277204174-00&ServiceCd=430&Type=search", "url2": "https://www.tenryu-kohseikai.or.jp/" }, "geometry": { "type": "Point", "coordinates": [ 137.7933061, 34.8573086 ] } },
{ "type": "Feature", "properties": { "内容": "龍山ケアサポートセンター【居宅介護支援】浜松市天竜区龍山町戸倉711-2", "url": "https://www.kaigokensaku.mhlw.go.jp/22/index.php?action_kouhyou_detail_004_kani=true&JigyosyoCd=2276600109-00&ServiceCd=430&Type=search", "url2": "http://www.tenryu-kohseikai.or.jp" }, "geometry": { "type": "Point", "coordinates": [ 137.830611200000021, 34.9787695 ] } },
{ "type": "Feature", "properties": { "内容": "浜松市社協在宅サービスセンターやまゆり【居宅介護支援】浜松市天竜区山東2182-1", "url": "https://www.kaigokensaku.mhlw.go.jp/22/index.php?action_kouhyou_detail_004_kani=true&JigyosyoCd=2276500028-00&ServiceCd=430&Type=search", "url2": "https://www..hamamatsu-syakyou.jp" }, "geometry": { "type": "Point", "coordinates": [ 137.828755300000012, 34.8770209 ] } },
{ "type": "Feature", "properties": { "内容": "居宅介護支援事業所　鹿島の郷【居宅介護支援】静岡県浜松市天竜区二俣町南鹿島36－1－2", "url": "https://www.kaigokensaku.mhlw.go.jp/22/index.php?action_kouhyou_detail_004_kani=true&JigyosyoCd=2257280020-00&ServiceCd=430&Type=search", "url2": "http://seijukai-gp.jp/" }, "geometry": { "type": "Point", "coordinates": [ 137.808291199999985, 34.844211 ] } },
{ "type": "Feature", "properties": { "内容": "川合ケアマネジメント事務所【居宅介護支援】静岡県浜松市天竜区春野町宮川1467-3春野森林組合1階", "url": "https://www.kaigokensaku.mhlw.go.jp/22/index.php?action_kouhyou_detail_004_kani=true&JigyosyoCd=2277200925-00&ServiceCd=430&Type=search", "url2": "kawai-care.com" }, "geometry": { "type": "Point", "coordinates": [ 137.896500377470772, 34.981517829467343 ] } },
{ "type": "Feature", "properties": { "内容": "天竜すずかけケアプランセンター【居宅介護支援】静岡県浜松市天竜区二俣町二俣2396-56", "url": "https://www.kaigokensaku.mhlw.go.jp/22/index.php?action_kouhyou_detail_004_kani=true&JigyosyoCd=2277203473-00&ServiceCd=430&Type=search", "url2": "http://www.suzukake.or.jp/" }, "geometry": { "type": "Point", "coordinates": [ 137.813801399999988, 34.8570984 ] } },
{ "type": "Feature", "properties": { "内容": "居宅介護てんまるっと【居宅介護支援】二俣町鹿島107", "url": "https://www.kaigokensaku.mhlw.go.jp/22/index.php?action_kouhyou_detail_004_kani=true&JigyosyoCd=2277205759-00&ServiceCd=430&Type=search", "url2": null }, "geometry": { "type": "Point", "coordinates": [ 137.8075282, 34.848814 ] } },
{ "type": "Feature", "properties": { "内容": "はるのケアセンター居宅介護支援事業所【居宅介護支援】静岡県浜松市天竜区春野町気田776-5", "url": "https://www.kaigokensaku.mhlw.go.jp/22/index.php?action_kouhyou_detail_004_kani=true&JigyosyoCd=2257280046-00&ServiceCd=430&Type=search", "url2": "info@koukyukai.jp" }, "geometry": { "type": "Point", "coordinates": [ 137.907222800663703, 35.006390087840643 ] } },
{ "type": "Feature", "properties": { "内容": "すみれ【居宅介護支援】浜松市天竜区船明436", "url": "https://www.kaigokensaku.mhlw.go.jp/22/index.php?action_kouhyou_detail_004_kani=true&JigyosyoCd=2277205577-00&ServiceCd=430&Type=search", "url2": "https://www.koukyukai.jp/" }, "geometry": { "type": "Point", "coordinates": [ 137.81916513345422, 34.888534233788498 ] } },
{ "type": "Feature", "properties": { "内容": "櫻乃苑　浜松天竜【居宅介護支援】二俣町二俣56番1", "url": "https://www.kaigokensaku.mhlw.go.jp/22/index.php?action_kouhyou_detail_004_kani=true&JigyosyoCd=2277202475-00&ServiceCd=430&Type=search", "url2": "http://www.sakuranosono.jp/" }, "geometry": { "type": "Point", "coordinates": [ 137.81679280000003, 34.8595592 ] } },
{ "type": "Feature", "properties": { "内容": "居宅介護支援事業所　ふくろう【居宅介護支援】静岡県沼津市西沢田６８４番地の９", "url": "https://www.kaigokensaku.mhlw.go.jp/22/index.php?action_kouhyou_detail_004_kani=true&JigyosyoCd=2261190314-00&ServiceCd=430&Type=search", "url2": null }, "geometry": { "type": "Point", "coordinates": [ 138.8484359, 35.1233752 ] } },
{ "type": "Feature", "properties": { "内容": "聖隷訪問看護ステーション千本【居宅介護支援】沼津市本字下一丁田898-1", "url": "https://www.kaigokensaku.mhlw.go.jp/22/index.php?action_kouhyou_detail_004_kani=true&JigyosyoCd=2261190041-00&ServiceCd=430&Type=search", "url2": "http://www.seirei.or.jp/numazu-hp/" }, "geometry": { "type": "Point", "coordinates": [ 138.851584300000013, 35.094709 ] } },
{ "type": "Feature", "properties": { "内容": "居宅介護支援センター・エスコート【居宅介護支援】静岡県沼津市下香貫楊原764-1", "url": "https://www.kaigokensaku.mhlw.go.jp/22/index.php?action_kouhyou_detail_004_kani=true&JigyosyoCd=2271102937-00&ServiceCd=430&Type=search", "url2": null }, "geometry": { "type": "Point", "coordinates": [ 138.878676504785176, 35.084177556506603 ] } },
{ "type": "Feature", "properties": { "内容": "居宅介護支援事業所アリスガーデン【居宅介護支援】静岡県沼津市豊町12-3", "url": "https://www.kaigokensaku.mhlw.go.jp/22/index.php?action_kouhyou_detail_004_kani=true&JigyosyoCd=2271103075-00&ServiceCd=430&Type=search", "url2": null }, "geometry": { "type": "Point", "coordinates": [ 138.8605115, 35.1301626 ] } },
{ "type": "Feature", "properties": { "内容": "居宅介護支援事業所ケアセンターまちなか【居宅介護支援】静岡県沼津市下香貫山宮前３０７８番地の45", "url": "https://www.kaigokensaku.mhlw.go.jp/22/index.php?action_kouhyou_detail_004_kani=true&JigyosyoCd=2271101822-00&ServiceCd=430&Type=search", "url2": "http://cs-machinaka.com" }, "geometry": { "type": "Point", "coordinates": [ 138.863980614680457, 35.07667544334911 ] } },
{ "type": "Feature", "properties": { "内容": "はら居宅介護支援事業所【居宅介護支援】原町中2丁目7-11", "url": "https://www.kaigokensaku.mhlw.go.jp/22/index.php?action_kouhyou_detail_004_kani=true&JigyosyoCd=2271103000-00&ServiceCd=430&Type=search", "url2": "www.shunpuukai.com" }, "geometry": { "type": "Point", "coordinates": [ 138.800247200000058, 35.1307598 ] } },
{ "type": "Feature", "properties": { "内容": "ケアプランセンター元気広場沼津【居宅介護支援】静岡県沼津市共栄町7-8ベラビスタコシヤマ407号", "url": "https://www.kaigokensaku.mhlw.go.jp/22/index.php?action_kouhyou_detail_004_kani=true&JigyosyoCd=2271103679-00&ServiceCd=430&Type=search", "url2": "https://genkihiroba.jp/" }, "geometry": { "type": "Point", "coordinates": [ 138.869262099999986, 35.1196596 ] } },
{ "type": "Feature", "properties": { "内容": "千本居宅介護支援事業所【居宅介護支援】静岡県沼津市常盤町1丁目19-1", "url": "https://www.kaigokensaku.mhlw.go.jp/22/index.php?action_kouhyou_detail_004_kani=true&JigyosyoCd=2271100329-00&ServiceCd=430&Type=search", "url2": "http://numazu-shakyo.jp/" }, "geometry": { "type": "Point", "coordinates": [ 138.8537043, 35.0911036 ] } },
{ "type": "Feature", "properties": { "内容": "えがわ医院居宅介護支援事業所【居宅介護支援】高島本町12-20", "url": "https://www.kaigokensaku.mhlw.go.jp/22/index.php?action_kouhyou_detail_004_kani=true&JigyosyoCd=2271102507-00&ServiceCd=430&Type=search", "url2": "https://www.egawa-iin.com/" }, "geometry": { "type": "Point", "coordinates": [ 138.8612573, 35.109944700000021 ] } },
{ "type": "Feature", "properties": { "内容": "シークケアサービス【居宅介護支援】静岡県沼津市小諏訪４３－１", "url": "https://www.kaigokensaku.mhlw.go.jp/22/index.php?action_kouhyou_detail_004_kani=true&JigyosyoCd=2271100659-00&ServiceCd=430&Type=search", "url2": null }, "geometry": { "type": "Point", "coordinates": [ 138.8435571, 35.1148434 ] } },
{ "type": "Feature", "properties": { "内容": "居宅介護支援事業所　炉暖の郷【居宅介護支援】沼津市足高字尾上24-24", "url": "https://www.kaigokensaku.mhlw.go.jp/22/index.php?action_kouhyou_detail_004_kani=true&JigyosyoCd=2271100808-00&ServiceCd=430&Type=search", "url2": "http://www.rodankai.com" }, "geometry": { "type": "Point", "coordinates": [ 138.845780980774862, 35.14781536912038 ] } },
{ "type": "Feature", "properties": { "内容": "ケアプランセンター豆の木【居宅介護支援】静岡県沼津市東椎路　708-1", "url": "https://www.kaigokensaku.mhlw.go.jp/22/index.php?action_kouhyou_detail_004_kani=true&JigyosyoCd=2271103620-00&ServiceCd=430&Type=search", "url2": null }, "geometry": { "type": "Point", "coordinates": [ 138.830987686508166, 35.124003865406031 ] } },
{ "type": "Feature", "properties": { "内容": "かぬき居宅介護支援事業所【居宅介護支援】沼津市下香貫猪沼981-2", "url": "https://www.kaigokensaku.mhlw.go.jp/22/index.php?action_kouhyou_detail_004_kani=true&JigyosyoCd=2271100097-00&ServiceCd=430&Type=search", "url2": "http://www.shinai-kai.jp/numazhome/" }, "geometry": { "type": "Point", "coordinates": [ 138.882872300000031, 35.0814889 ] } },
{ "type": "Feature", "properties": { "内容": "夢コープ沼津事業所【居宅介護支援】沼津市大岡2137-14", "url": "https://www.kaigokensaku.mhlw.go.jp/22/index.php?action_kouhyou_detail_004_kani=true&JigyosyoCd=2271100667-00&ServiceCd=430&Type=search", "url2": "http://www.yumecoop.jp" }, "geometry": { "type": "Point", "coordinates": [ 138.8736384, 35.1186911 ] } },
{ "type": "Feature", "properties": { "内容": "あおい居宅介護支援事業所【居宅介護支援】沼津市高島本町16-16高島本町ビル2F", "url": "https://www.kaigokensaku.mhlw.go.jp/22/index.php?action_kouhyou_detail_004_kani=true&JigyosyoCd=2271101475-00&ServiceCd=430&Type=search", "url2": "http://www.e-care.co.jp" }, "geometry": { "type": "Point", "coordinates": [ 138.859629300000051, 35.1108266 ] } },
{ "type": "Feature", "properties": { "内容": "ロータスケア居宅介護支援事業所【居宅介護支援】静岡県沼津市岡宮443城北ハイツ2号館", "url": "https://www.kaigokensaku.mhlw.go.jp/22/index.php?action_kouhyou_detail_004_kani=true&JigyosyoCd=2271102036-00&ServiceCd=430&Type=search", "url2": null }, "geometry": { "type": "Point", "coordinates": [ 138.875291400000037, 35.1073865 ] } },
{ "type": "Feature", "properties": { "内容": "セントケア平町【居宅介護支援】静岡県沼津市大岡1551-2第8平成ビル101号", "url": "https://www.kaigokensaku.mhlw.go.jp/22/index.php?action_kouhyou_detail_004_kani=true&JigyosyoCd=2271101541-00&ServiceCd=430&Type=search", "url2": "http://www.saint-care.com/" }, "geometry": { "type": "Point", "coordinates": [ 138.871381580213551, 35.100629742639313 ] } },
{ "type": "Feature", "properties": { "内容": "居宅介護支援センター　ふれあい【居宅介護支援】静岡県沼津市大岡2284-1プレステージハイム１号室プレステージハイム１号室", "url": "https://www.kaigokensaku.mhlw.go.jp/22/index.php?action_kouhyou_detail_004_kani=true&JigyosyoCd=2271101152-00&ServiceCd=430&Type=search", "url2": "hppt://w-being.jp" }, "geometry": { "type": "Point", "coordinates": [ 138.878378848521805, 35.114263965899511 ] } },
{ "type": "Feature", "properties": { "内容": "ホームケアサービスこころ【居宅介護支援】静岡県沼津市大岡186-8", "url": "https://www.kaigokensaku.mhlw.go.jp/22/index.php?action_kouhyou_detail_004_kani=true&JigyosyoCd=2271102572-00&ServiceCd=430&Type=search", "url2": "http://www.ktskk.co.jp" }, "geometry": { "type": "Point", "coordinates": [ 138.88738923816183, 35.104706135640164 ] } },
{ "type": "Feature", "properties": { "内容": "アスモ介護サービス沼津【居宅介護支援】静岡県沼津市西間門470", "url": "https://www.kaigokensaku.mhlw.go.jp/22/index.php?action_kouhyou_detail_004_kani=true&JigyosyoCd=2271103562-00&ServiceCd=430&Type=search", "url2": null }, "geometry": { "type": "Point", "coordinates": [ 138.840388439217406, 35.103078550711352 ] } },
{ "type": "Feature", "properties": { "内容": "居宅介護支援事業所ヒルズかどいけ【居宅介護支援】沼津市岡一色672番地の2", "url": "https://www.kaigokensaku.mhlw.go.jp/22/index.php?action_kouhyou_detail_004_kani=true&JigyosyoCd=2251180051-00&ServiceCd=430&Type=search", "url2": "http://seijukai-gp.jp/" }, "geometry": { "type": "Point", "coordinates": [ 138.87747939999997, 35.1345399 ] } },
{ "type": "Feature", "properties": { "内容": "きせがわ居宅介護支援事業所【居宅介護支援】静岡県沼津市大岡1155", "url": "https://www.kaigokensaku.mhlw.go.jp/22/index.php?action_kouhyou_detail_004_kani=true&JigyosyoCd=2271100089-00&ServiceCd=430&Type=search", "url2": "http://shinyoukai.or.jp/kisegawa/supportcenter/kyotaku.php" }, "geometry": { "type": "Point", "coordinates": [ 138.881035600000018, 35.1041564 ] } },
{ "type": "Feature", "properties": { "内容": "サニーライフ沼津　居宅介護支援事業所【居宅介護支援】白銀町2-1", "url": "https://www.kaigokensaku.mhlw.go.jp/22/index.php?action_kouhyou_detail_004_kani=true&JigyosyoCd=2271102259-00&ServiceCd=430&Type=search", "url2": "https://www.sunnylife-group.co.jp" }, "geometry": { "type": "Point", "coordinates": [ 138.853579, 35.1014585 ] } },
{ "type": "Feature", "properties": { "内容": "椎路の里指定居宅介護支援センター【居宅介護支援】静岡県沼津市東椎路32-1", "url": "https://www.kaigokensaku.mhlw.go.jp/22/index.php?action_kouhyou_detail_004_kani=true&JigyosyoCd=2251180044-00&ServiceCd=430&Type=search", "url2": "http://www.geocities.jp/asitakahp/index3.html" }, "geometry": { "type": "Point", "coordinates": [ 138.841743299999962, 35.1185708 ] } },
{ "type": "Feature", "properties": { "内容": "ケアプランセンターみはるの丘【居宅介護支援】沼津市平沼929-1", "url": "https://www.kaigokensaku.mhlw.go.jp/22/index.php?action_kouhyou_detail_004_kani=true&JigyosyoCd=2271100972-00&ServiceCd=430&Type=search", "url2": "http://shunpuukai.com" }, "geometry": { "type": "Point", "coordinates": [ 138.781246600000031, 35.149157 ] } },
{ "type": "Feature", "properties": { "内容": "コスモス沼津【居宅介護支援】沼津市東間門１－３－３", "url": "https://www.kaigokensaku.mhlw.go.jp/22/index.php?action_kouhyou_detail_004_kani=true&JigyosyoCd=2271101582-00&ServiceCd=430&Type=search", "url2": "http://www.cosmos-group.co.jp/care/" }, "geometry": { "type": "Point", "coordinates": [ 138.844932299999982, 35.1013833 ] } },
{ "type": "Feature", "properties": { "内容": "大岡居宅介護支援事業所【居宅介護支援】沼津市岡宮1147-8", "url": "https://www.kaigokensaku.mhlw.go.jp/22/index.php?action_kouhyou_detail_004_kani=true&JigyosyoCd=2271103042-00&ServiceCd=430&Type=search", "url2": "http://care-net.biz/22/suruga/index.php" }, "geometry": { "type": "Point", "coordinates": [ 138.872362479397793, 35.13004209439125 ] } },
{ "type": "Feature", "properties": { "内容": "ケアプランセンター小枝【居宅介護支援】筒井町15ー6", "url": "https://www.kaigokensaku.mhlw.go.jp/22/index.php?action_kouhyou_detail_004_kani=true&JigyosyoCd=2271103596-00&ServiceCd=430&Type=search", "url2": null }, "geometry": { "type": "Point", "coordinates": [ 135.7804566, 34.628195 ] } },
{ "type": "Feature", "properties": { "内容": "居宅介護支援事業所　咲【居宅介護支援】静岡県沼津市大岡1862-3", "url": "https://www.kaigokensaku.mhlw.go.jp/22/index.php?action_kouhyou_detail_004_kani=true&JigyosyoCd=2261190249-00&ServiceCd=430&Type=search", "url2": "mauntfield.jp" }, "geometry": { "type": "Point", "coordinates": [ 138.870115185863483, 35.108329420717709 ] } },
{ "type": "Feature", "properties": { "内容": "ル・グランケアプランセンター【居宅介護支援】静岡県沼津市大岡1043-28", "url": "https://www.kaigokensaku.mhlw.go.jp/22/index.php?action_kouhyou_detail_004_kani=true&JigyosyoCd=2271102671-00&ServiceCd=430&Type=search", "url2": "https://www.le-grand-gp.jp/" }, "geometry": { "type": "Point", "coordinates": [ 138.879293055819772, 35.10988000736544 ] } },
{ "type": "Feature", "properties": { "内容": "かなおか在宅介護支援センター【居宅介護支援】静岡県沼津市西沢田431-11", "url": "https://www.kaigokensaku.mhlw.go.jp/22/index.php?action_kouhyou_detail_004_kani=true&JigyosyoCd=2271103257-00&ServiceCd=430&Type=search", "url2": "http://ｗｗｗ.kslife-service.com" }, "geometry": { "type": "Point", "coordinates": [ 138.845240200000035, 35.1213152 ] } },
{ "type": "Feature", "properties": { "内容": "こずわ居宅介護支援事業所【居宅介護支援】沼津市小諏訪４６７－４", "url": "https://www.kaigokensaku.mhlw.go.jp/22/index.php?action_kouhyou_detail_004_kani=true&JigyosyoCd=2271101376-00&ServiceCd=430&Type=search", "url2": null }, "geometry": { "type": "Point", "coordinates": [ 138.839127, 35.1043912 ] } },
{ "type": "Feature", "properties": { "内容": "白鳥ケアプランセンター【居宅介護支援】沼津市新沢田町7-33", "url": "https://www.kaigokensaku.mhlw.go.jp/22/index.php?action_kouhyou_detail_004_kani=true&JigyosyoCd=2271101731-00&ServiceCd=430&Type=search", "url2": "https://www.kaigo-shiratori.com" }, "geometry": { "type": "Point", "coordinates": [ 138.851584224973124, 35.117968266541943 ] } },
{ "type": "Feature", "properties": { "内容": "居宅介護支援センターさくら【居宅介護支援】大岡3228番地の7", "url": "https://www.kaigokensaku.mhlw.go.jp/22/index.php?action_kouhyou_detail_004_kani=true&JigyosyoCd=2271102002-00&ServiceCd=430&Type=search", "url2": null }, "geometry": { "type": "Point", "coordinates": [ 138.88810669999998, 35.1285544 ] } },
{ "type": "Feature", "properties": { "内容": "あしたかホーム居宅介護支援事業所【居宅介護支援】沼津市東椎路1742-1", "url": "https://www.kaigokensaku.mhlw.go.jp/22/index.php?action_kouhyou_detail_004_kani=true&JigyosyoCd=2271100147-00&ServiceCd=430&Type=search", "url2": "http://www.shunpuukai.com" }, "geometry": { "type": "Point", "coordinates": [ 138.8313829, 35.1273474 ] } },
{ "type": "Feature", "properties": { "内容": "アクタガワ　カフェ＆リハ沼津開北　居宅介護支援【居宅介護支援】沼津市沼北町1-1-7", "url": "https://www.kaigokensaku.mhlw.go.jp/22/index.php?action_kouhyou_detail_004_kani=true&JigyosyoCd=2271103687-00&ServiceCd=430&Type=search", "url2": "https://akutagawa-dayservice.com/cafe-reha/" }, "geometry": { "type": "Point", "coordinates": [ 138.854934899999989, 35.1118385 ] } },
{ "type": "Feature", "properties": { "内容": "風の杜居宅介護支援事業所【居宅介護支援】静岡県沼津市東原560-1", "url": "https://www.kaigokensaku.mhlw.go.jp/22/index.php?action_kouhyou_detail_004_kani=true&JigyosyoCd=2271103232-00&ServiceCd=430&Type=search", "url2": "yuaikai.group" }, "geometry": { "type": "Point", "coordinates": [ 138.788742899999988, 35.1267596 ] } },
{ "type": "Feature", "properties": { "内容": "居宅介護支援事業所「まえむきの花」【居宅介護支援】静岡県沼津市大岡3428-5", "url": "https://www.kaigokensaku.mhlw.go.jp/22/index.php?action_kouhyou_detail_004_kani=true&JigyosyoCd=2271103240-00&ServiceCd=430&Type=search", "url2": "https://www.maemuki-kaigo.com" }, "geometry": { "type": "Point", "coordinates": [ 138.8887621, 35.132954 ] } },
{ "type": "Feature", "properties": { "内容": "ゆいまる居宅介護支援事業所【居宅介護支援】静岡県沼津市本錦町655-1コーポ錦102号", "url": "https://www.kaigokensaku.mhlw.go.jp/22/index.php?action_kouhyou_detail_004_kani=true&JigyosyoCd=2261190272-00&ServiceCd=430&Type=search", "url2": null }, "geometry": { "type": "Point", "coordinates": [ 138.85148449999997, 35.1012994 ] } },
{ "type": "Feature", "properties": { "内容": "陽光園　居宅介護支援事業所【居宅介護支援】沼津市岡宮字下松沢1417-1", "url": "https://www.kaigokensaku.mhlw.go.jp/22/index.php?action_kouhyou_detail_004_kani=true&JigyosyoCd=2271101509-00&ServiceCd=430&Type=search", "url2": "http://hakujukai-gp.jp/" }, "geometry": { "type": "Point", "coordinates": [ 138.863240739534035, 35.131788353638775 ] } },
{ "type": "Feature", "properties": { "内容": "ケアプランセンターびしん【居宅介護支援】静岡県沼津市岡宮1378-19", "url": "https://www.kaigokensaku.mhlw.go.jp/22/index.php?action_kouhyou_detail_004_kani=true&JigyosyoCd=2271101814-00&ServiceCd=430&Type=search", "url2": null }, "geometry": { "type": "Point", "coordinates": [ 138.865222844180295, 35.13759622625625 ] } },
{ "type": "Feature", "properties": { "内容": "ケアプランセンターえんじぇるず【居宅介護支援】静岡県沼津市本白銀町489-5", "url": "https://www.kaigokensaku.mhlw.go.jp/22/index.php?action_kouhyou_detail_004_kani=true&JigyosyoCd=2261190330-00&ServiceCd=430&Type=search", "url2": null }, "geometry": { "type": "Point", "coordinates": [ 138.8526516, 35.1031802 ] } },
{ "type": "Feature", "properties": { "内容": "ひだまりの郷　居宅介護支援事業所【居宅介護支援】沼津市内浦重須624", "url": "https://www.kaigokensaku.mhlw.go.jp/22/index.php?action_kouhyou_detail_004_kani=true&JigyosyoCd=2271100113-00&ServiceCd=430&Type=search", "url2": null }, "geometry": { "type": "Point", "coordinates": [ 138.883811799999989, 35.0174992 ] } },
{ "type": "Feature", "properties": { "内容": "居宅介護支援事業所まぁる【居宅介護支援】静岡県沼津市下香貫宮脇151-1サンライフセラM102", "url": "https://www.kaigokensaku.mhlw.go.jp/22/index.php?action_kouhyou_detail_004_kani=true&JigyosyoCd=2271102663-00&ServiceCd=430&Type=search", "url2": "https://positive-careworks.jimdo.com" }, "geometry": { "type": "Point", "coordinates": [ 138.876160200867787, 35.087006783797165 ] } },
{ "type": "Feature", "properties": { "内容": "友愛居宅介護支援事業所【居宅介護支援】西島町19-1", "url": "https://www.kaigokensaku.mhlw.go.jp/22/index.php?action_kouhyou_detail_004_kani=true&JigyosyoCd=2271102564-00&ServiceCd=430&Type=search", "url2": "http:yuai01.webcrow.jp/" }, "geometry": { "type": "Point", "coordinates": [ 138.857515517790944, 35.085733491495851 ] } },
{ "type": "Feature", "properties": { "内容": "萩野クリニック居宅介護支援事業所【居宅介護支援】沼津市根古屋３０７－１", "url": "https://www.kaigokensaku.mhlw.go.jp/22/index.php?action_kouhyou_detail_004_kani=true&JigyosyoCd=2211110495-00&ServiceCd=430&Type=search", "url2": "http://www.hagino-clinic.com" }, "geometry": { "type": "Point", "coordinates": [ 138.808027, 35.1392592 ] } },
{ "type": "Feature", "properties": { "内容": "ひばり居宅介護支援事業所【居宅介護支援】静岡県沼津市新沢田町４番１０号", "url": "https://www.kaigokensaku.mhlw.go.jp/22/index.php?action_kouhyou_detail_004_kani=true&JigyosyoCd=2271101434-00&ServiceCd=430&Type=search", "url2": null }, "geometry": { "type": "Point", "coordinates": [ 138.851601, 35.1166492 ] } },
{ "type": "Feature", "properties": { "内容": "そらな居宅サービス【居宅介護支援】静岡県沼津市若葉町14-20土屋コーポ102", "url": "https://www.kaigokensaku.mhlw.go.jp/22/index.php?action_kouhyou_detail_004_kani=true&JigyosyoCd=2271103588-00&ServiceCd=430&Type=search", "url2": null }, "geometry": { "type": "Point", "coordinates": [ 138.8550099, 35.1199909 ] } },
{ "type": "Feature", "properties": { "内容": "片浜在宅介護支援センター【居宅介護支援】沼津市今沢372番5", "url": "https://www.kaigokensaku.mhlw.go.jp/22/index.php?action_kouhyou_detail_004_kani=true&JigyosyoCd=2271100543-00&ServiceCd=430&Type=search", "url2": null }, "geometry": { "type": "Point", "coordinates": [ 138.813556699999907, 35.1201556 ] } },
{ "type": "Feature", "properties": { "内容": "オーチャード沼津【居宅介護支援】静岡県沼津市新宿町9-5", "url": "https://www.kaigokensaku.mhlw.go.jp/22/index.php?action_kouhyou_detail_004_kani=true&JigyosyoCd=2271102747-00&ServiceCd=430&Type=search", "url2": "https://numazu.orchard-care.co.jp/" }, "geometry": { "type": "Point", "coordinates": [ 138.86054230000002, 35.1072111 ] } },
{ "type": "Feature", "properties": { "内容": "ケアプランセンターひまわり【居宅介護支援】静岡県沼津市原1535-1", "url": "https://www.kaigokensaku.mhlw.go.jp/22/index.php?action_kouhyou_detail_004_kani=true&JigyosyoCd=2271102697-00&ServiceCd=430&Type=search", "url2": null }, "geometry": { "type": "Point", "coordinates": [ 138.801797099999931, 35.129996 ] } },
{ "type": "Feature", "properties": { "内容": "サニーウォークケアプランセンター【居宅介護支援】静岡県沼津市新沢田町7-43シティパル新沢田103", "url": "https://www.kaigokensaku.mhlw.go.jp/22/index.php?action_kouhyou_detail_004_kani=true&JigyosyoCd=2271102283-00&ServiceCd=430&Type=search", "url2": "http://www.sunny-walk.co.jp/" }, "geometry": { "type": "Point", "coordinates": [ 138.851098900000011, 35.1170183 ] } },
{ "type": "Feature", "properties": { "内容": "ツクイ西沢田【居宅介護支援】静岡県沼津市西沢田498-2", "url": "https://www.kaigokensaku.mhlw.go.jp/22/index.php?action_kouhyou_detail_004_kani=true&JigyosyoCd=2271103380-00&ServiceCd=430&Type=search", "url2": null }, "geometry": { "type": "Point", "coordinates": [ 138.849546299999986, 35.1206919 ] } },
{ "type": "Feature", "properties": { "内容": "姫の沢荘居宅介護支援事業所【居宅介護支援】熱海市西熱海町二丁目２４－８", "url": "https://www.kaigokensaku.mhlw.go.jp/22/index.php?action_kouhyou_detail_004_kani=true&JigyosyoCd=2270500057-00&ServiceCd=430&Type=search", "url2": "http://www.ideyunosono.or.jp/" }, "geometry": { "type": "Point", "coordinates": [ 139.04990650000002, 35.1142629 ] } },
{ "type": "Feature", "properties": { "内容": "まりん居宅介護支援事業所【居宅介護支援】熱海市網代462-7", "url": "https://www.kaigokensaku.mhlw.go.jp/22/index.php?action_kouhyou_detail_004_kani=true&JigyosyoCd=2270500461-00&ServiceCd=430&Type=search", "url2": "http://httr.jp" }, "geometry": { "type": "Point", "coordinates": [ 139.09296930000005, 35.0492999 ] } },
{ "type": "Feature", "properties": { "内容": "居宅介護支援事業所熱海伊豆海の郷【居宅介護支援】静岡県熱海市伊豆山717－1", "url": "https://www.kaigokensaku.mhlw.go.jp/22/index.php?action_kouhyou_detail_004_kani=true&JigyosyoCd=2270500313-00&ServiceCd=430&Type=search", "url2": "http://www.s-koseikai.jp" }, "geometry": { "type": "Point", "coordinates": [ 139.084751399999959, 35.1165422 ] } },
{ "type": "Feature", "properties": { "内容": "居宅介護支援事業所つなぐケア【居宅介護支援】静岡県熱海市清水町17-11　2階", "url": "https://www.kaigokensaku.mhlw.go.jp/22/index.php?action_kouhyou_detail_004_kani=true&JigyosyoCd=2270500917-00&ServiceCd=430&Type=search", "url2": null }, "geometry": { "type": "Point", "coordinates": [ 139.069376967459135, 35.094260622356749 ] } },
{ "type": "Feature", "properties": { "内容": "あいらいふ在宅支援センター【居宅介護支援】静岡県熱海市下多賀3番地の1", "url": "https://www.kaigokensaku.mhlw.go.jp/22/index.php?action_kouhyou_detail_004_kani=true&JigyosyoCd=2270500784-00&ServiceCd=430&Type=search", "url2": null }, "geometry": { "type": "Point", "coordinates": [ 139.085984899999971, 35.0442887 ] } },
{ "type": "Feature", "properties": { "内容": "居宅介護支援事業所ゆり【居宅介護支援】静岡県熱海市伊豆山1173-175熱海温泉すみれ", "url": "https://www.kaigokensaku.mhlw.go.jp/22/index.php?action_kouhyou_detail_004_kani=true&JigyosyoCd=2270500958-00&ServiceCd=430&Type=search", "url2": null }, "geometry": { "type": "Point", "coordinates": [ 139.0804479, 35.1218439 ] } },
{ "type": "Feature", "properties": { "内容": "居宅介護支援事業　熱海・あおいホームケアサービス【居宅介護支援】泉59番地の11", "url": "https://www.kaigokensaku.mhlw.go.jp/22/index.php?action_kouhyou_detail_004_kani=true&JigyosyoCd=2270501048-00&ServiceCd=430&Type=search", "url2": "http://www.aoikai.jp/" }, "geometry": { "type": "Point", "coordinates": [ 136.9137531, 35.1758236 ] } },
{ "type": "Feature", "properties": { "内容": "ライブリーケア中銀熱海【居宅介護支援】静岡県熱海市田原本町9-1第一ビル5階", "url": "https://www.kaigokensaku.mhlw.go.jp/22/index.php?action_kouhyou_detail_004_kani=true&JigyosyoCd=2270500404-00&ServiceCd=430&Type=search", "url2": "http://www.lively-nakagin.com" }, "geometry": { "type": "Point", "coordinates": [ 139.079207781614684, 35.103520559774346 ] } },
{ "type": "Feature", "properties": { "内容": "伊豆介護センター熱海【居宅介護支援】熱海市緑ガ丘町9-7", "url": "https://www.kaigokensaku.mhlw.go.jp/22/index.php?action_kouhyou_detail_004_kani=true&JigyosyoCd=2270500610-00&ServiceCd=430&Type=search", "url2": "http://www.izukaigo.com/" }, "geometry": { "type": "Point", "coordinates": [ 139.064530399999967, 35.1069335 ] } },
{ "type": "Feature", "properties": { "内容": "ぽっかぽか・ハートケア熱海【居宅介護支援】熱海市西熱海町一丁目２０番1号", "url": "https://www.kaigokensaku.mhlw.go.jp/22/index.php?action_kouhyou_detail_004_kani=true&JigyosyoCd=2270500594-00&ServiceCd=430&Type=search", "url2": "https://poka2.net" }, "geometry": { "type": "Point", "coordinates": [ 139.060189369311473, 35.105388627305544 ] } },
{ "type": "Feature", "properties": { "内容": "中島介護サービスセンター【居宅介護支援】熱海市福道町３－３", "url": "https://www.kaigokensaku.mhlw.go.jp/22/index.php?action_kouhyou_detail_004_kani=true&JigyosyoCd=2270500024-00&ServiceCd=430&Type=search", "url2": "https://nakajima-kaigo-atami.localinfo.jp/" }, "geometry": { "type": "Point", "coordinates": [ 139.067249400000037, 35.098481900000031 ] } },
{ "type": "Feature", "properties": { "内容": "居宅介護支援事業所　悠々の庵　栄【居宅介護支援】静岡県熱海市桜木町６-５", "url": "https://www.kaigokensaku.mhlw.go.jp/22/index.php?action_kouhyou_detail_004_kani=true&JigyosyoCd=2270500727-00&ServiceCd=430&Type=search", "url2": null }, "geometry": { "type": "Point", "coordinates": [ 139.0698076, 35.0883523 ] } },
{ "type": "Feature", "properties": { "内容": "株式会社　スルガケアサービス　熱海事業所【居宅介護支援】熱海市上多賀967-24", "url": "https://www.kaigokensaku.mhlw.go.jp/22/index.php?action_kouhyou_detail_004_kani=true&JigyosyoCd=2270500016-00&ServiceCd=430&Type=search", "url2": "http://www.surugacare.com" }, "geometry": { "type": "Point", "coordinates": [ 139.075162299999988, 35.0666441 ] } },
{ "type": "Feature", "properties": { "内容": "社会福祉法人熱海市社会福祉協議会指定居宅介護支援事業所【居宅介護支援】静岡県熱海市中央町18番6号久松ビル2階", "url": "https://www.kaigokensaku.mhlw.go.jp/22/index.php?action_kouhyou_detail_004_kani=true&JigyosyoCd=2270500040-00&ServiceCd=430&Type=search", "url2": "http://www.atami-shakyo.com/index.php" }, "geometry": { "type": "Point", "coordinates": [ 139.071392177511882, 35.095070493202456 ] } },
{ "type": "Feature", "properties": { "内容": "合同会社MIRAI　指定居宅介護支援事業所みらい【居宅介護支援】静岡県熱海市咲見町7-31　ユニオンビル601ユニオンビル", "url": "https://www.kaigokensaku.mhlw.go.jp/22/index.php?action_kouhyou_detail_004_kani=true&JigyosyoCd=2270500891-00&ServiceCd=430&Type=search", "url2": null }, "geometry": { "type": "Point", "coordinates": [ 139.0746481, 35.1002985 ] } },
{ "type": "Feature", "properties": { "内容": "アイルケア熱海営業所【居宅介護支援】静岡県熱海市桜木町18-123", "url": "https://www.kaigokensaku.mhlw.go.jp/22/index.php?action_kouhyou_detail_004_kani=true&JigyosyoCd=2270500636-00&ServiceCd=430&Type=search", "url2": "http://www.richfield.co.jp" }, "geometry": { "type": "Point", "coordinates": [ 139.066624100759952, 35.085888744867439 ] } },
{ "type": "Feature", "properties": { "内容": "ケアサポートこころ三島【居宅介護支援】御園513-1", "url": "https://www.kaigokensaku.mhlw.go.jp/22/index.php?action_kouhyou_detail_004_kani=true&JigyosyoCd=2270601384-00&ServiceCd=430&Type=search", "url2": "http://www.ktskk.net" }, "geometry": { "type": "Point", "coordinates": [ 138.920497, 35.076778 ] } },
{ "type": "Feature", "properties": { "内容": "三島中央病院居宅介護支援事業所【居宅介護支援】静岡県三島市緑町1-3", "url": "https://www.kaigokensaku.mhlw.go.jp/22/index.php?action_kouhyou_detail_004_kani=true&JigyosyoCd=2270601442-00&ServiceCd=430&Type=search", "url2": "https://mchp.or.jp" }, "geometry": { "type": "Point", "coordinates": [ 138.91305575714722, 35.116111150496437 ] } },
{ "type": "Feature", "properties": { "内容": "居宅介護支援事業所いぶき【居宅介護支援】静岡県三島市谷田1601番地の20", "url": "https://www.kaigokensaku.mhlw.go.jp/22/index.php?action_kouhyou_detail_004_kani=true&JigyosyoCd=2270600659-00&ServiceCd=430&Type=search", "url2": "https://www.com-work.jp/ibuki/" }, "geometry": { "type": "Point", "coordinates": [ 138.936453437298269, 35.123756267635784 ] } },
{ "type": "Feature", "properties": { "内容": "居宅介護支援事業所ホスピタルケア三島【居宅介護支援】静岡県三島市加茂36-8", "url": "https://www.kaigokensaku.mhlw.go.jp/22/index.php?action_kouhyou_detail_004_kani=true&JigyosyoCd=2270601533-00&ServiceCd=430&Type=search", "url2": "https://shoyuukai.jp/" }, "geometry": { "type": "Point", "coordinates": [ 138.932400800000011, 35.135275100000044 ] } },
{ "type": "Feature", "properties": { "内容": "ふれあい富士居宅介護支援事業所【居宅介護支援】静岡県三島市大宮町1-9-39", "url": "https://www.kaigokensaku.mhlw.go.jp/22/index.php?action_kouhyou_detail_004_kani=true&JigyosyoCd=2270600709-00&ServiceCd=430&Type=search", "url2": "http;//fureaifuji.com" }, "geometry": { "type": "Point", "coordinates": [ 138.916573800000037, 35.1220133 ] } },
{ "type": "Feature", "properties": { "内容": "居宅介護支援事業所はおと【居宅介護支援】静岡県三島市徳倉1丁目20-4須原ハイツ105", "url": "https://www.kaigokensaku.mhlw.go.jp/22/index.php?action_kouhyou_detail_004_kani=true&JigyosyoCd=2270601467-00&ServiceCd=430&Type=search", "url2": "https://oto-kaigo.com/" }, "geometry": { "type": "Point", "coordinates": [ 138.9116438, 35.1411143 ] } },
{ "type": "Feature", "properties": { "内容": "共立福祉ケアプランセンター【居宅介護支援】三島市八反畑１２７ー１ベルメゾン２１　１－A", "url": "https://www.kaigokensaku.mhlw.go.jp/22/index.php?action_kouhyou_detail_004_kani=true&JigyosyoCd=2210610552-00&ServiceCd=430&Type=search", "url2": "http://www.mishima-kyouritsu.com/8iryou.html" }, "geometry": { "type": "Point", "coordinates": [ 138.922434048934946, 35.098849798192674 ] } },
{ "type": "Feature", "properties": { "内容": "芹沢病院居宅介護支援事業所【居宅介護支援】静岡県三島市幸原町2丁目3番1号", "url": "https://www.kaigokensaku.mhlw.go.jp/22/index.php?action_kouhyou_detail_004_kani=true&JigyosyoCd=2270600279-00&ServiceCd=430&Type=search", "url2": "http://serizawa-hp.com/wp/" }, "geometry": { "type": "Point", "coordinates": [ 138.912254299999972, 35.138009 ] } },
{ "type": "Feature", "properties": { "内容": "梅名の里指定居宅介護支援事業所【居宅介護支援】三島市梅名578番地", "url": "https://www.kaigokensaku.mhlw.go.jp/22/index.php?action_kouhyou_detail_004_kani=true&JigyosyoCd=2250680010-00&ServiceCd=430&Type=search", "url2": "http://www.umenanosato.com" }, "geometry": { "type": "Point", "coordinates": [ 138.923246, 35.0977851 ] } },
{ "type": "Feature", "properties": { "内容": "ここにこ居宅介護支援事業所【居宅介護支援】静岡県三島市大宮町3-11-18セゾンT101", "url": "https://www.kaigokensaku.mhlw.go.jp/22/index.php?action_kouhyou_detail_004_kani=true&JigyosyoCd=2270601566-00&ServiceCd=430&Type=search", "url2": null }, "geometry": { "type": "Point", "coordinates": [ 138.918042962565579, 35.126889375310256 ] } },
{ "type": "Feature", "properties": { "内容": "マ・メゾン花水木ケアプランセンター【居宅介護支援】静岡県三島市南本町16-5小川コーポ102", "url": "https://www.kaigokensaku.mhlw.go.jp/22/index.php?action_kouhyou_detail_004_kani=true&JigyosyoCd=2270601327-00&ServiceCd=430&Type=search", "url2": null }, "geometry": { "type": "Point", "coordinates": [ 138.915168499999936, 35.1171526 ] } },
{ "type": "Feature", "properties": { "内容": "玉澤の里介護支援ふれ愛【居宅介護支援】三島市玉沢９５番地１", "url": "https://www.kaigokensaku.mhlw.go.jp/22/index.php?action_kouhyou_detail_004_kani=true&JigyosyoCd=2270600014-00&ServiceCd=430&Type=search", "url2": "http://www.syafuku-izu.jp/" }, "geometry": { "type": "Point", "coordinates": [ 138.961128300000041, 35.1222002 ] } },
{ "type": "Feature", "properties": { "内容": "社会福祉法人三島市社会福祉協議会【居宅介護支援】静岡県三島市南本町20番30号三島市立社会福祉会館", "url": "https://www.kaigokensaku.mhlw.go.jp/22/index.php?action_kouhyou_detail_004_kani=true&JigyosyoCd=2270600055-00&ServiceCd=430&Type=search", "url2": "http://mishimashakyo.jp" }, "geometry": { "type": "Point", "coordinates": [ 138.915190700000039, 35.1183275 ] } },
{ "type": "Feature", "properties": { "内容": "ケアセンターきたうえ【居宅介護支援】三島市徳倉1148番地2", "url": "https://www.kaigokensaku.mhlw.go.jp/22/index.php?action_kouhyou_detail_004_kani=true&JigyosyoCd=2270600337-00&ServiceCd=430&Type=search", "url2": "http://www.kitauenosato.or.jp/" }, "geometry": { "type": "Point", "coordinates": [ 138.918753700000025, 35.1496854 ] } },
{ "type": "Feature", "properties": { "内容": "フェニックス居宅介護支援事業所【居宅介護支援】静岡県三島市徳倉1-11-3サンハイム徳倉103", "url": "https://www.kaigokensaku.mhlw.go.jp/22/index.php?action_kouhyou_detail_004_kani=true&JigyosyoCd=2270601483-00&ServiceCd=430&Type=search", "url2": null }, "geometry": { "type": "Point", "coordinates": [ 138.915149500000012, 35.140449799999978 ] } },
{ "type": "Feature", "properties": { "内容": "居宅介護支援事業所　いづテラス【居宅介護支援】静岡県三島市松本39-3", "url": "https://www.kaigokensaku.mhlw.go.jp/22/index.php?action_kouhyou_detail_004_kani=true&JigyosyoCd=2270601368-00&ServiceCd=430&Type=search", "url2": "http://www.wellnesscare.or.jp/homecare/izuterrace/" }, "geometry": { "type": "Point", "coordinates": [ 138.917749, 35.093438 ] } },
{ "type": "Feature", "properties": { "内容": "富士伊豆農業協同組合ささえ愛【居宅介護支援】静岡県三島市谷田141-1", "url": "https://www.kaigokensaku.mhlw.go.jp/22/index.php?action_kouhyou_detail_004_kani=true&JigyosyoCd=2270601434-00&ServiceCd=430&Type=search", "url2": "https://www.ja-fujiizu.or.jp/" }, "geometry": { "type": "Point", "coordinates": [ 138.929847, 35.114341100000019 ] } },
{ "type": "Feature", "properties": { "内容": "居宅介護支援事業所　ラ・サンテふよう【居宅介護支援】三島市佐野1205－3", "url": "https://www.kaigokensaku.mhlw.go.jp/22/index.php?action_kouhyou_detail_004_kani=true&JigyosyoCd=2250680028-00&ServiceCd=430&Type=search", "url2": "lasante.cm@mchp.or.jp" }, "geometry": { "type": "Point", "coordinates": [ 138.916337200000044, 35.15779 ] } },
{ "type": "Feature", "properties": { "内容": "居宅介護支援事業所　マハナテラス【居宅介護支援】静岡県三島市芝本町　１２－6MishimaTrustBuilding　201", "url": "https://www.kaigokensaku.mhlw.go.jp/22/index.php?action_kouhyou_detail_004_kani=true&JigyosyoCd=2270601251-00&ServiceCd=430&Type=search", "url2": "https://www.wellnesscare.or.jp/" }, "geometry": { "type": "Point", "coordinates": [ 138.914321942991592, 35.121152675346877 ] } },
{ "type": "Feature", "properties": { "内容": "三島市医師会指定居宅介護支援事業所【居宅介護支援】三島市南本町４－３１", "url": "https://www.kaigokensaku.mhlw.go.jp/22/index.php?action_kouhyou_detail_004_kani=true&JigyosyoCd=2270600030-00&ServiceCd=430&Type=search", "url2": "http://website2.infomity.net/8120000094/hhc.html" }, "geometry": { "type": "Point", "coordinates": [ 138.913443700000016, 35.1164166 ] } },
{ "type": "Feature", "properties": { "内容": "あかなすの里居宅介護支援事業所【居宅介護支援】三島市玉川４５１", "url": "https://www.kaigokensaku.mhlw.go.jp/22/index.php?action_kouhyou_detail_004_kani=true&JigyosyoCd=2270600063-00&ServiceCd=430&Type=search", "url2": "http://akanasuno55.wix.com/akanasunosato" }, "geometry": { "type": "Point", "coordinates": [ 138.914096699999959, 35.1049454 ] } },
{ "type": "Feature", "properties": { "内容": "三島総合病院附属居宅介護支援センター【居宅介護支援】三島市谷田字藤久保２２７６", "url": "https://www.kaigokensaku.mhlw.go.jp/22/index.php?action_kouhyou_detail_004_kani=true&JigyosyoCd=2250680036-00&ServiceCd=430&Type=search", "url2": "http://mishima.jcho.go.jp/rouken/" }, "geometry": { "type": "Point", "coordinates": [ 138.951995885472115, 35.124071492380139 ] } },
{ "type": "Feature", "properties": { "内容": "居宅介護支援事業所南二日町【居宅介護支援】静岡県三島市二日町5番41号", "url": "https://www.kaigokensaku.mhlw.go.jp/22/index.php?action_kouhyou_detail_004_kani=true&JigyosyoCd=2270601210-00&ServiceCd=430&Type=search", "url2": "http://kashokai.or.jp" }, "geometry": { "type": "Point", "coordinates": [ 138.923080621565305, 35.109097601730838 ] } },
{ "type": "Feature", "properties": { "内容": "居宅介護支援事業所「ふるさとの丘」【居宅介護支援】三島市徳倉208-1", "url": "https://www.kaigokensaku.mhlw.go.jp/22/index.php?action_kouhyou_detail_004_kani=true&JigyosyoCd=2270600345-00&ServiceCd=430&Type=search", "url2": "http://www.furusatonooka.or.jp/" }, "geometry": { "type": "Point", "coordinates": [ 138.923295, 35.1425974 ] } },
{ "type": "Feature", "properties": { "内容": "みのり居宅介護支援事業所【居宅介護支援】三島市中田町５５１", "url": "https://www.kaigokensaku.mhlw.go.jp/22/index.php?action_kouhyou_detail_004_kani=true&JigyosyoCd=2270600840-00&ServiceCd=430&Type=search", "url2": "http://harvest-life.net/" }, "geometry": { "type": "Point", "coordinates": [ 138.9189738, 35.1147973 ] } },
{ "type": "Feature", "properties": { "内容": "コスモス三島【居宅介護支援】萩259-5", "url": "https://www.kaigokensaku.mhlw.go.jp/22/index.php?action_kouhyou_detail_004_kani=true&JigyosyoCd=2270600972-00&ServiceCd=430&Type=search", "url2": "http://www.cosmos-group.co.jp/care/" }, "geometry": { "type": "Point", "coordinates": [ 138.90939475092614, 35.148874092322835 ] } },
{ "type": "Feature", "properties": { "内容": "居宅介護支援事業所　やすひさ【居宅介護支援】静岡県三島市安久302番地", "url": "https://www.kaigokensaku.mhlw.go.jp/22/index.php?action_kouhyou_detail_004_kani=true&JigyosyoCd=2270600691-00&ServiceCd=430&Type=search", "url2": "kk-yasuhisa1@funan.co.jp" }, "geometry": { "type": "Point", "coordinates": [ 138.934051427400163, 35.086724682587274 ] } },
{ "type": "Feature", "properties": { "内容": "ケアプランセンター　きらら【居宅介護支援】静岡県三島市清住町13-14", "url": "https://www.kaigokensaku.mhlw.go.jp/22/index.php?action_kouhyou_detail_004_kani=true&JigyosyoCd=2270600188-00&ServiceCd=430&Type=search", "url2": null }, "geometry": { "type": "Point", "coordinates": [ 138.9079693, 35.113375200000014 ] } },
{ "type": "Feature", "properties": { "内容": "ニチイケアセンター三島【居宅介護支援】三島市徳倉2丁目13-11", "url": "https://www.kaigokensaku.mhlw.go.jp/22/index.php?action_kouhyou_detail_004_kani=true&JigyosyoCd=2270600139-00&ServiceCd=430&Type=search", "url2": "http://www.nichiigakkan.co.jp" }, "geometry": { "type": "Point", "coordinates": [ 138.9173135802871, 35.137045784063439 ] } },
{ "type": "Feature", "properties": { "内容": "居宅介護支援事業所　ヴィターレ【居宅介護支援】三島市佐野1150-1", "url": "https://www.kaigokensaku.mhlw.go.jp/22/index.php?action_kouhyou_detail_004_kani=true&JigyosyoCd=2270600600-00&ServiceCd=430&Type=search", "url2": "http://www.vitale-dsv.com/" }, "geometry": { "type": "Point", "coordinates": [ 138.921542300000027, 35.1555736 ] } },
{ "type": "Feature", "properties": { "内容": "ハピネスケアセンター【居宅介護支援】三島市初音台5-2", "url": "https://www.kaigokensaku.mhlw.go.jp/22/index.php?action_kouhyou_detail_004_kani=true&JigyosyoCd=2270600212-00&ServiceCd=430&Type=search", "url2": "happiness_care4141id@yahoo.co.jp" }, "geometry": { "type": "Point", "coordinates": [ 138.933594399999947, 35.1253966 ] } },
{ "type": "Feature", "properties": { "内容": "ケアプランセンター　コラボ【居宅介護支援】静岡県三島市徳倉3丁目23－16", "url": "https://www.kaigokensaku.mhlw.go.jp/22/index.php?action_kouhyou_detail_004_kani=true&JigyosyoCd=2270601046-00&ServiceCd=430&Type=search", "url2": null }, "geometry": { "type": "Point", "coordinates": [ 138.916498300000057, 35.1414697 ] } },
{ "type": "Feature", "properties": { "内容": "居宅介護支援事業所　のぞみ【居宅介護支援】静岡県富士宮市上井出２０２９－１", "url": "https://www.kaigokensaku.mhlw.go.jp/22/index.php?action_kouhyou_detail_004_kani=true&JigyosyoCd=2272100013-00&ServiceCd=430&Type=search", "url2": "http://www.fujikoseikai.or.jp" }, "geometry": { "type": "Point", "coordinates": [ 138.607156499999974, 35.3092847 ] } },
{ "type": "Feature", "properties": { "内容": "居宅介護支援事業所こなつ【居宅介護支援】静岡県富士宮市北山2782番地の1", "url": "https://www.kaigokensaku.mhlw.go.jp/22/index.php?action_kouhyou_detail_004_kani=true&JigyosyoCd=2272101961-00&ServiceCd=430&Type=search", "url2": null }, "geometry": { "type": "Point", "coordinates": [ 138.5935239, 35.2982179 ] } },
{ "type": "Feature", "properties": { "内容": "在宅介護支援センター百恵【居宅介護支援】富士宮市大鹿窪１４３－１", "url": "https://www.kaigokensaku.mhlw.go.jp/22/index.php?action_kouhyou_detail_004_kani=true&JigyosyoCd=2272200011-00&ServiceCd=430&Type=search", "url2": "http://s-koseikai.jp" }, "geometry": { "type": "Point", "coordinates": [ 138.556695399999967, 35.2533794 ] } },
{ "type": "Feature", "properties": { "内容": "れんげサポート居宅介護支援事業所【居宅介護支援】静岡県富士宮市小泉１９６１－２", "url": "https://www.kaigokensaku.mhlw.go.jp/22/index.php?action_kouhyou_detail_004_kani=true&JigyosyoCd=2272101060-00&ServiceCd=430&Type=search", "url2": null }, "geometry": { "type": "Point", "coordinates": [ 138.637989, 35.2237932 ] } },
{ "type": "Feature", "properties": { "内容": "アースケアプラン富士宮【居宅介護支援】静岡県富士宮市泉町626-3ふるーら泉", "url": "https://www.kaigokensaku.mhlw.go.jp/22/index.php?action_kouhyou_detail_004_kani=true&JigyosyoCd=2272101912-00&ServiceCd=430&Type=search", "url2": null }, "geometry": { "type": "Point", "coordinates": [ 138.6007214, 35.2225857 ] } },
{ "type": "Feature", "properties": { "内容": "居宅介護支援事業所　星の郷【居宅介護支援】静岡県富士宮市星山字向原１０５８番地", "url": "https://www.kaigokensaku.mhlw.go.jp/22/index.php?action_kouhyou_detail_004_kani=true&JigyosyoCd=2272100195-00&ServiceCd=430&Type=search", "url2": "http://www.hoshi-no-sato.co.jp/" }, "geometry": { "type": "Point", "coordinates": [ 138.618088100000023, 35.20432 ] } },
{ "type": "Feature", "properties": { "内容": "ケアプラン白尾台【居宅介護支援】静岡県富士宮市泉町723番地泉パレス１０５号室", "url": "https://www.kaigokensaku.mhlw.go.jp/22/index.php?action_kouhyou_detail_004_kani=true&JigyosyoCd=2272101805-00&ServiceCd=430&Type=search", "url2": null }, "geometry": { "type": "Point", "coordinates": [ 138.600936600000011, 35.2228355 ] } },
{ "type": "Feature", "properties": { "内容": "東静居宅介護支援事業所【居宅介護支援】富士宮市西小泉町14-9", "url": "https://www.kaigokensaku.mhlw.go.jp/22/index.php?action_kouhyou_detail_004_kani=true&JigyosyoCd=2212110270-00&ServiceCd=430&Type=search", "url2": "https://www.tohsei-cl.jp" }, "geometry": { "type": "Point", "coordinates": [ 138.628039700000045, 35.2177187 ] } },
{ "type": "Feature", "properties": { "内容": "居宅介護支援事業所　フジヤマ【居宅介護支援】静岡県富士宮市原709番地介護老人保健施設　いかる野", "url": "https://www.kaigokensaku.mhlw.go.jp/22/index.php?action_kouhyou_detail_004_kani=true&JigyosyoCd=2252180068-00&ServiceCd=430&Type=search", "url2": "https://www.fujiyama.hosp.com/いかる野/" }, "geometry": { "type": "Point", "coordinates": [ 138.583861399999932, 35.312864300000015 ] } },
{ "type": "Feature", "properties": { "内容": "のどか居宅介護支援事業所【居宅介護支援】静岡県富士宮市小泉1351-1アービアエンドウA　201号室", "url": "https://www.kaigokensaku.mhlw.go.jp/22/index.php?action_kouhyou_detail_004_kani=true&JigyosyoCd=2272101581-00&ServiceCd=430&Type=search", "url2": "http://www.nodoca.or.jp/" }, "geometry": { "type": "Point", "coordinates": [ 138.630403335581917, 35.228555472142915 ] } },
{ "type": "Feature", "properties": { "内容": "居宅介護支援事業所　月虹【居宅介護支援】淀川町8－1", "url": "https://www.kaigokensaku.mhlw.go.jp/22/index.php?action_kouhyou_detail_004_kani=true&JigyosyoCd=2272101847-00&ServiceCd=430&Type=search", "url2": null }, "geometry": { "type": "Point", "coordinates": [ 138.603675692659749, 35.232257636179654 ] } },
{ "type": "Feature", "properties": { "内容": "在宅介護支援センター　高原荘【居宅介護支援】静岡県富士宮市貫戸１０３番地の２", "url": "https://www.kaigokensaku.mhlw.go.jp/22/index.php?action_kouhyou_detail_004_kani=true&JigyosyoCd=2272100021-00&ServiceCd=430&Type=search", "url2": "http://www.takaharasou.jp/" }, "geometry": { "type": "Point", "coordinates": [ 138.623248800000027, 35.203782582640805 ] } },
{ "type": "Feature", "properties": { "内容": "居宅介護支援事業所　サンセイ【居宅介護支援】静岡県富士宮市万野原新田4138-4", "url": "https://www.kaigokensaku.mhlw.go.jp/22/index.php?action_kouhyou_detail_004_kani=true&JigyosyoCd=2272100088-00&ServiceCd=430&Type=search", "url2": "sansei-kaigo.net" }, "geometry": { "type": "Point", "coordinates": [ 138.616259600000035, 35.2541441 ] } },
{ "type": "Feature", "properties": { "内容": "しらいとケアサポートセンター【居宅介護支援】富士宮市上井出1285-1", "url": "https://www.kaigokensaku.mhlw.go.jp/22/index.php?action_kouhyou_detail_004_kani=true&JigyosyoCd=2272100062-00&ServiceCd=430&Type=search", "url2": "https://www.tenryu-kohseikai.or.jp/senior/shiraito" }, "geometry": { "type": "Point", "coordinates": [ 138.596279699999968, 35.310226 ] } },
{ "type": "Feature", "properties": { "内容": "ケアマネサービスかやの里【居宅介護支援】富士宮市ひばりが丘526番地2", "url": "https://www.kaigokensaku.mhlw.go.jp/22/index.php?action_kouhyou_detail_004_kani=true&JigyosyoCd=2272100070-00&ServiceCd=430&Type=search", "url2": "http://care-net.biz/22/kayanosato" }, "geometry": { "type": "Point", "coordinates": [ 138.618295499999931, 35.2355357 ] } },
{ "type": "Feature", "properties": { "内容": "有限会社フリーウェイ【居宅介護支援】静岡県富士宮市田中町762", "url": "https://www.kaigokensaku.mhlw.go.jp/22/index.php?action_kouhyou_detail_004_kani=true&JigyosyoCd=2272101300-00&ServiceCd=430&Type=search", "url2": "https://free-way.jp/" }, "geometry": { "type": "Point", "coordinates": [ 138.633357458345046, 35.212571863875255 ] } },
{ "type": "Feature", "properties": { "内容": "富士宮市社会福祉協議会　居宅介護支援事業所【居宅介護支援】静岡県富士宮市宮原7番地の1", "url": "https://www.kaigokensaku.mhlw.go.jp/22/index.php?action_kouhyou_detail_004_kani=true&JigyosyoCd=2272100054-00&ServiceCd=430&Type=search", "url2": "http://www.f-syakyo.or.jp" }, "geometry": { "type": "Point", "coordinates": [ 138.608785871163974, 35.245291468273578 ] } },
{ "type": "Feature", "properties": { "内容": "居宅介護支援小春【居宅介護支援】富士宮市安居山710-46", "url": "https://www.kaigokensaku.mhlw.go.jp/22/index.php?action_kouhyou_detail_004_kani=true&JigyosyoCd=2272100385-00&ServiceCd=430&Type=search", "url2": null }, "geometry": { "type": "Point", "coordinates": [ 138.591476599999964, 35.2132625 ] } },
{ "type": "Feature", "properties": { "内容": "介護プランセンターのどかな家【居宅介護支援】静岡県富士宮市小泉1608番地の6", "url": "https://www.kaigokensaku.mhlw.go.jp/22/index.php?action_kouhyou_detail_004_kani=true&JigyosyoCd=2272101334-00&ServiceCd=430&Type=search", "url2": "https://rfc-standoff.com/" }, "geometry": { "type": "Point", "coordinates": [ 138.637333200000057, 35.2312118 ] } },
{ "type": "Feature", "properties": { "内容": "居宅介護支援事業所ひより【居宅介護支援】富士宮市山宮2052-1介護センターひより", "url": "https://www.kaigokensaku.mhlw.go.jp/22/index.php?action_kouhyou_detail_004_kani=true&JigyosyoCd=2272100252-00&ServiceCd=430&Type=search", "url2": "http://sukoyakahiyori.jimdofree.com" }, "geometry": { "type": "Point", "coordinates": [ 138.619217599999956, 35.2658951 ] } },
{ "type": "Feature", "properties": { "内容": "ケアサポートせせらぎ【居宅介護支援】富士宮市村山76-74", "url": "https://www.kaigokensaku.mhlw.go.jp/22/index.php?action_kouhyou_detail_004_kani=true&JigyosyoCd=2272101516-00&ServiceCd=430&Type=search", "url2": null }, "geometry": { "type": "Point", "coordinates": [ 138.6568883, 35.243096 ] } },
{ "type": "Feature", "properties": { "内容": "ライフサポート倶楽部【居宅介護支援】静岡県富士宮市外神8-26", "url": "https://www.kaigokensaku.mhlw.go.jp/22/index.php?action_kouhyou_detail_004_kani=true&JigyosyoCd=2272101789-00&ServiceCd=430&Type=search", "url2": null }, "geometry": { "type": "Point", "coordinates": [ 138.606545986096336, 35.257562763459681 ] } },
{ "type": "Feature", "properties": { "内容": "みゆきの苑居宅介護支援事業所【居宅介護支援】富士宮市宮原３３７－４", "url": "https://www.kaigokensaku.mhlw.go.jp/22/index.php?action_kouhyou_detail_004_kani=true&JigyosyoCd=2252180035-00&ServiceCd=430&Type=search", "url2": "http://miyuki.iryou-jinshinkai.jp/" }, "geometry": { "type": "Point", "coordinates": [ 138.611460099999931, 35.251336 ] } },
{ "type": "Feature", "properties": { "内容": "ケアサポート舞【居宅介護支援】静岡県富士宮市舞々木町727", "url": "https://www.kaigokensaku.mhlw.go.jp/22/index.php?action_kouhyou_detail_004_kani=true&JigyosyoCd=2272100278-00&ServiceCd=430&Type=search", "url2": null }, "geometry": { "type": "Point", "coordinates": [ 138.625195799999972, 35.24241 ] } },
{ "type": "Feature", "properties": { "内容": "居宅介護支援事業所　そら【居宅介護支援】静岡県富士宮市野中1063番地の1", "url": "https://www.kaigokensaku.mhlw.go.jp/22/index.php?action_kouhyou_detail_004_kani=true&JigyosyoCd=2272101037-00&ServiceCd=430&Type=search", "url2": null }, "geometry": { "type": "Point", "coordinates": [ 138.605850464279229, 35.211774356242444 ] } },
{ "type": "Feature", "properties": { "内容": "富士ケアセンター居宅介護支援事業所【居宅介護支援】静岡県富士宮市星山１１２９", "url": "https://www.kaigokensaku.mhlw.go.jp/22/index.php?action_kouhyou_detail_004_kani=true&JigyosyoCd=2252180027-00&ServiceCd=430&Type=search", "url2": "http:/www.fujireha.org" }, "geometry": { "type": "Point", "coordinates": [ 138.6133969, 35.1942571 ] } },
{ "type": "Feature", "properties": { "内容": "居宅介護支援事業所　ふじもと【居宅介護支援】静岡県富士宮市山宮７１５－１", "url": "https://www.kaigokensaku.mhlw.go.jp/22/index.php?action_kouhyou_detail_004_kani=true&JigyosyoCd=2272100633-00&ServiceCd=430&Type=search", "url2": null }, "geometry": { "type": "Point", "coordinates": [ 138.636891, 35.2697922 ] } },
{ "type": "Feature", "properties": { "内容": "ＳＯＵケアプランセンターわかみや【居宅介護支援】静岡県富士宮市小泉129－4　4号", "url": "https://www.kaigokensaku.mhlw.go.jp/22/index.php?action_kouhyou_detail_004_kani=true&JigyosyoCd=2272100914-00&ServiceCd=430&Type=search", "url2": "miho.kashiwagi@sou-seniorcare.co.jp" }, "geometry": { "type": "Point", "coordinates": [ 138.639263091187928, 35.209319764527869 ] } },
{ "type": "Feature", "properties": { "内容": "居宅介護支援事業所げんき堂【居宅介護支援】富士宮市小泉336-17", "url": "https://www.kaigokensaku.mhlw.go.jp/22/index.php?action_kouhyou_detail_004_kani=true&JigyosyoCd=2272101748-00&ServiceCd=430&Type=search", "url2": null }, "geometry": { "type": "Point", "coordinates": [ 138.632698, 35.207378 ] } },
{ "type": "Feature", "properties": { "内容": "ケアーよろこ日　富士宮　居宅介護支援事業所【居宅介護支援】静岡県富士宮市小泉２２１番地の１", "url": "https://www.kaigokensaku.mhlw.go.jp/22/index.php?action_kouhyou_detail_004_kani=true&JigyosyoCd=2272101623-00&ServiceCd=430&Type=search", "url2": null }, "geometry": { "type": "Point", "coordinates": [ 138.634939230688474, 35.211159146149974 ] } },
{ "type": "Feature", "properties": { "内容": "ももは居宅介護支援事業所富士宮【居宅介護支援】静岡県富士宮市小泉258番地の1", "url": "https://www.kaigokensaku.mhlw.go.jp/22/index.php?action_kouhyou_detail_004_kani=true&JigyosyoCd=2272101565-00&ServiceCd=430&Type=search", "url2": "http://www.momohanokai.jp/" }, "geometry": { "type": "Point", "coordinates": [ 138.634860605399638, 35.209290089878721 ] } },
{ "type": "Feature", "properties": { "内容": "コスモス介護支援センター【居宅介護支援】富士宮市北山３４１５", "url": "https://www.kaigokensaku.mhlw.go.jp/22/index.php?action_kouhyou_detail_004_kani=true&JigyosyoCd=2272100815-00&ServiceCd=430&Type=search", "url2": null }, "geometry": { "type": "Point", "coordinates": [ 138.600796299999956, 35.2934864 ] } },
{ "type": "Feature", "properties": { "内容": "つくも居宅介護支援事業所【居宅介護支援】大岩507-12", "url": "https://www.kaigokensaku.mhlw.go.jp/22/index.php?action_kouhyou_detail_004_kani=true&JigyosyoCd=2272101920-00&ServiceCd=430&Type=search", "url2": null }, "geometry": { "type": "Point", "coordinates": [ 138.6315753, 35.248503 ] } },
{ "type": "Feature", "properties": { "内容": "わたい居宅介護支援事業所【居宅介護支援】静岡県富士宮市馬見塚５８４", "url": "https://www.kaigokensaku.mhlw.go.jp/22/index.php?action_kouhyou_detail_004_kani=true&JigyosyoCd=2272101953-00&ServiceCd=430&Type=search", "url2": null }, "geometry": { "type": "Point", "coordinates": [ 138.589785099999972, 35.2636881 ] } },
{ "type": "Feature", "properties": { "内容": "居宅介護支援事業所　外神陽光園【居宅介護支援】静岡県富士宮市外神1638番地の1", "url": "https://www.kaigokensaku.mhlw.go.jp/22/index.php?action_kouhyou_detail_004_kani=true&JigyosyoCd=2272100971-00&ServiceCd=430&Type=search", "url2": "http://hakujukai-gp.jp/" }, "geometry": { "type": "Point", "coordinates": [ 138.594609, 35.257685 ] } },
{ "type": "Feature", "properties": { "内容": "つぐみ居宅介護支援事業所【居宅介護支援】静岡県富士宮小泉2177Tomoeya106", "url": "https://www.kaigokensaku.mhlw.go.jp/22/index.php?action_kouhyou_detail_004_kani=true&JigyosyoCd=2272101615-00&ServiceCd=430&Type=search", "url2": null }, "geometry": { "type": "Point", "coordinates": [ 138.63904119999998, 35.2172693 ] } },
{ "type": "Feature", "properties": { "内容": "居宅介護支援事業所旭ヶ丘【居宅介護支援】静岡県富士宮市山宮1027-2", "url": "https://www.kaigokensaku.mhlw.go.jp/22/index.php?action_kouhyou_detail_004_kani=true&JigyosyoCd=2252180050-00&ServiceCd=430&Type=search", "url2": "http://seijukai-gp.jp/" }, "geometry": { "type": "Point", "coordinates": [ 138.622892566795372, 35.259461133226615 ] } },
{ "type": "Feature", "properties": { "内容": "スマイル居宅介護支援事業所【居宅介護支援】静岡県伊東市宇佐美1048-1", "url": "https://www.kaigokensaku.mhlw.go.jp/22/index.php?action_kouhyou_detail_004_kani=true&JigyosyoCd=2270401124-00&ServiceCd=430&Type=search", "url2": null }, "geometry": { "type": "Point", "coordinates": [ 139.071591812880456, 35.013729495157044 ] } },
{ "type": "Feature", "properties": { "内容": "ケアプランセンター大山の里【居宅介護支援】静岡県伊東市岡1307番地5", "url": "https://www.kaigokensaku.mhlw.go.jp/22/index.php?action_kouhyou_detail_004_kani=true&JigyosyoCd=2270400761-00&ServiceCd=430&Type=search", "url2": "https://www.lifecare-izu.com" }, "geometry": { "type": "Point", "coordinates": [ 139.104392800000028, 34.9474473 ] } },
{ "type": "Feature", "properties": { "内容": "大池居宅介護支援事業所【居宅介護支援】吉田825-1", "url": "https://www.kaigokensaku.mhlw.go.jp/22/index.php?action_kouhyou_detail_004_kani=true&JigyosyoCd=2270400308-00&ServiceCd=430&Type=search", "url2": "http://www.jyuji.or.jp/ito_city/heiwa/" }, "geometry": { "type": "Point", "coordinates": [ 139.104610200000025, 34.9331066 ] } },
{ "type": "Feature", "properties": { "内容": "うさみの園居宅介護支援事業所【居宅介護支援】伊東市宇佐美２４０３－１", "url": "https://www.kaigokensaku.mhlw.go.jp/22/index.php?action_kouhyou_detail_004_kani=true&JigyosyoCd=2270400316-00&ServiceCd=430&Type=search", "url2": "http://www.kansekien.com" }, "geometry": { "type": "Point", "coordinates": [ 139.065860199999946, 35.0010242 ] } },
{ "type": "Feature", "properties": { "内容": "ケアプランはな【居宅介護支援】静岡県伊東市玖須美元和田727-1001サンミナミC", "url": "https://www.kaigokensaku.mhlw.go.jp/22/index.php?action_kouhyou_detail_004_kani=true&JigyosyoCd=2270401306-00&ServiceCd=430&Type=search", "url2": null }, "geometry": { "type": "Point", "coordinates": [ 139.1118932, 34.9515451 ] } },
{ "type": "Feature", "properties": { "内容": "株式会社メディカル・スターツ　居宅介護支援事業所ユーライフ伊豆高原【居宅介護支援】静岡県伊東市八幡野1417-1", "url": "https://www.kaigokensaku.mhlw.go.jp/22/index.php?action_kouhyou_detail_004_kani=true&JigyosyoCd=2270400654-00&ServiceCd=430&Type=search", "url2": "http://medicalstarts.com/" }, "geometry": { "type": "Point", "coordinates": [ 139.094222497947698, 34.885229777473114 ] } },
{ "type": "Feature", "properties": { "内容": "伊豆高原ファミリー介護センター指定居宅介護支援事業所【居宅介護支援】伊東市八幡野１２４８－１３グランドマンション1F－S", "url": "https://www.kaigokensaku.mhlw.go.jp/22/index.php?action_kouhyou_detail_004_kani=true&JigyosyoCd=2270400225-00&ServiceCd=430&Type=search", "url2": null }, "geometry": { "type": "Point", "coordinates": [ 139.11055060000001, 34.8937307 ] } },
{ "type": "Feature", "properties": { "内容": "ブエロ居宅介護支援事業部【居宅介護支援】静岡県伊東市荻207-1", "url": "https://www.kaigokensaku.mhlw.go.jp/22/index.php?action_kouhyou_detail_004_kani=true&JigyosyoCd=2270400456-00&ServiceCd=430&Type=search", "url2": null }, "geometry": { "type": "Point", "coordinates": [ 139.090570461238087, 34.937768916113399 ] } },
{ "type": "Feature", "properties": { "内容": "奥野苑指定居宅介護支援事業所【居宅介護支援】伊東市荻７７２－１", "url": "https://www.kaigokensaku.mhlw.go.jp/22/index.php?action_kouhyou_detail_004_kani=true&JigyosyoCd=2270400050-00&ServiceCd=430&Type=search", "url2": "http://www.ikoinosato.jp/" }, "geometry": { "type": "Point", "coordinates": [ 139.074248, 34.9371691 ] } },
{ "type": "Feature", "properties": { "内容": "医療法人啓仁会　居宅介護支援事業所　いとうの杜【居宅介護支援】静岡県伊東市湯川２８８番地９", "url": "https://www.kaigokensaku.mhlw.go.jp/22/index.php?action_kouhyou_detail_004_kani=true&JigyosyoCd=2270400365-00&ServiceCd=430&Type=search", "url2": "http://itou-mori.jp/" }, "geometry": { "type": "Point", "coordinates": [ 139.090858799999978, 34.9746746 ] } },
{ "type": "Feature", "properties": { "内容": "うさぎ薬局ケアプランセンター【居宅介護支援】伊東市広野１丁目３番２６号広野ｍｃビル２Ｆ", "url": "https://www.kaigokensaku.mhlw.go.jp/22/index.php?action_kouhyou_detail_004_kani=true&JigyosyoCd=2270400472-00&ServiceCd=430&Type=search", "url2": null }, "geometry": { "type": "Point", "coordinates": [ 139.091237833563355, 34.962959067991342 ] } },
{ "type": "Feature", "properties": { "内容": "医療法人社団　いずみ会　メディカルはば伊豆高原【居宅介護支援】伊東市富戸1317番地4117", "url": "https://www.kaigokensaku.mhlw.go.jp/22/index.php?action_kouhyou_detail_004_kani=true&JigyosyoCd=2210410243-00&ServiceCd=430&Type=search", "url2": "http://www.medical-haba.org/" }, "geometry": { "type": "Point", "coordinates": [ 139.108083299999947, 34.8999403 ] } },
{ "type": "Feature", "properties": { "内容": "のぞみケアサービスセンター【居宅介護支援】静岡県伊東市宇佐美2405-2介護老人保健施設　のぞみ", "url": "https://www.kaigokensaku.mhlw.go.jp/22/index.php?action_kouhyou_detail_004_kani=true&JigyosyoCd=2270401314-00&ServiceCd=430&Type=search", "url2": "https://www.e-nozomi.com" }, "geometry": { "type": "Point", "coordinates": [ 139.064586, 35.0001278 ] } },
{ "type": "Feature", "properties": { "内容": "ナースの森ケアプランセンター【居宅介護支援】静岡県伊東市宇佐美1936-2", "url": "https://www.kaigokensaku.mhlw.go.jp/22/index.php?action_kouhyou_detail_004_kani=true&JigyosyoCd=2260490079-00&ServiceCd=430&Type=search", "url2": "https://na-sunomori.jp" }, "geometry": { "type": "Point", "coordinates": [ 139.081058699999971, 35.0040327 ] } },
{ "type": "Feature", "properties": { "内容": "伊東中央居宅介護支援事業所【居宅介護支援】静岡県伊東市松原湯端町3-10有料老人ホーム「はな道」内", "url": "https://www.kaigokensaku.mhlw.go.jp/22/index.php?action_kouhyou_detail_004_kani=true&JigyosyoCd=2270401207-00&ServiceCd=430&Type=search", "url2": "https://www.hanamichi-ito.com" }, "geometry": { "type": "Point", "coordinates": [ 139.091461699999968, 34.9727521 ] } },
{ "type": "Feature", "properties": { "内容": "伊豆介護センター【居宅介護支援】伊東市音無町５－６", "url": "https://www.kaigokensaku.mhlw.go.jp/22/index.php?action_kouhyou_detail_004_kani=true&JigyosyoCd=2270400019-00&ServiceCd=430&Type=search", "url2": "http://www.izukaigo.com/" }, "geometry": { "type": "Point", "coordinates": [ 139.095639500000061, 34.9654868 ] } },
{ "type": "Feature", "properties": { "内容": "伊豆介護センター伊豆高原【居宅介護支援】富戸908-110フルーズ伊豆高原", "url": "https://www.kaigokensaku.mhlw.go.jp/22/index.php?action_kouhyou_detail_004_kani=true&JigyosyoCd=2270400944-00&ServiceCd=430&Type=search", "url2": "http://www.izukaigo.com/" }, "geometry": { "type": "Point", "coordinates": [ 139.121574499999952, 34.8866387 ] } },
{ "type": "Feature", "properties": { "内容": "伊豆高原十字の園居宅介護支援事業所【居宅介護支援】伊東市八幡野1028番地の4", "url": "https://www.kaigokensaku.mhlw.go.jp/22/index.php?action_kouhyou_detail_004_kani=true&JigyosyoCd=2270400068-00&ServiceCd=430&Type=search", "url2": "http://www.jyuji.or.jp/ito_city/izukougen/" }, "geometry": { "type": "Point", "coordinates": [ 139.11648260000004, 34.8752683 ] } },
{ "type": "Feature", "properties": { "内容": "わかば居宅介護支援事業所【居宅介護支援】静岡県伊東市岡1293-3", "url": "https://www.kaigokensaku.mhlw.go.jp/22/index.php?action_kouhyou_detail_004_kani=true&JigyosyoCd=2270401397-00&ServiceCd=430&Type=search", "url2": "https://www.wakaba-kaigo.co.jp/" }, "geometry": { "type": "Point", "coordinates": [ 139.1037402, 34.954509 ] } },
{ "type": "Feature", "properties": { "内容": "安心ポラリス・ホットラインサービス指定居宅介護支援事業所【居宅介護支援】静岡県伊東市南町１丁目１番３３号", "url": "https://www.kaigokensaku.mhlw.go.jp/22/index.php?action_kouhyou_detail_004_kani=true&JigyosyoCd=2270400415-00&ServiceCd=430&Type=search", "url2": "https://www.anshin-polaris.jp" }, "geometry": { "type": "Point", "coordinates": [ 139.090298668122841, 34.958629475965672 ] } },
{ "type": "Feature", "properties": { "内容": "伊豆高原メディカル居宅介護支援センター【居宅介護支援】伊東市八幡野1197-7", "url": "https://www.kaigokensaku.mhlw.go.jp/22/index.php?action_kouhyou_detail_004_kani=true&JigyosyoCd=2270400449-00&ServiceCd=430&Type=search", "url2": "https://www.takayanagiseikei.com" }, "geometry": { "type": "Point", "coordinates": [ 139.104880200000025, 34.8791031 ] } },
{ "type": "Feature", "properties": { "内容": "居宅介護支援介護プランシリセス【居宅介護支援】静岡県伊東市松原657-19住宅型有料老人ホーム帆来村内", "url": "https://www.kaigokensaku.mhlw.go.jp/22/index.php?action_kouhyou_detail_004_kani=true&JigyosyoCd=2270401108-00&ServiceCd=430&Type=search", "url2": "shlisece-ito@outlook.jp" }, "geometry": { "type": "Point", "coordinates": [ 139.0878894, 34.972322 ] } },
{ "type": "Feature", "properties": { "内容": "農協共済中伊豆リハビリテーションセンター訪問看護ステーションそよかぜ【居宅介護支援】伊東市岡1349-3", "url": "https://www.kaigokensaku.mhlw.go.jp/22/index.php?action_kouhyou_detail_004_kani=true&JigyosyoCd=2260490012-00&ServiceCd=430&Type=search", "url2": "http://www.janrc.or.jp" }, "geometry": { "type": "Point", "coordinates": [ 139.0950431, 34.9519658 ] } },
{ "type": "Feature", "properties": { "内容": "ヴィンカ【居宅介護支援】静岡県伊東市荻536-10", "url": "https://www.kaigokensaku.mhlw.go.jp/22/index.php?action_kouhyou_detail_004_kani=true&JigyosyoCd=2270401298-00&ServiceCd=430&Type=search", "url2": "http://www.richfield.co.jp/" }, "geometry": { "type": "Point", "coordinates": [ 139.101312799999988, 34.9348721 ] } },
{ "type": "Feature", "properties": { "内容": "ケアプランセンター仁【居宅介護支援】静岡県伊東市和田一丁目12番29号デイサービスセンター仁グレイス内", "url": "https://www.kaigokensaku.mhlw.go.jp/22/index.php?action_kouhyou_detail_004_kani=true&JigyosyoCd=2270400985-00&ServiceCd=430&Type=search", "url2": null }, "geometry": { "type": "Point", "coordinates": [ 139.102158300000042, 34.970109 ] } },
{ "type": "Feature", "properties": { "内容": "社会福祉法人　伊東市社会福祉協議会在宅ケアサービスセンター【居宅介護支援】静岡県伊東市大原一丁目７番１２号", "url": "https://www.kaigokensaku.mhlw.go.jp/22/index.php?action_kouhyou_detail_004_kani=true&JigyosyoCd=2270400035-00&ServiceCd=430&Type=search", "url2": "http://itosyakyo.sakura.ne.jp/" }, "geometry": { "type": "Point", "coordinates": [ 139.101583799999958, 34.9619986 ] } },
{ "type": "Feature", "properties": { "内容": "ケアプランセンター　おれんじ【居宅介護支援】静岡県伊東市八幡野1306-137", "url": "https://www.kaigokensaku.mhlw.go.jp/22/index.php?action_kouhyou_detail_004_kani=true&JigyosyoCd=2270401413-00&ServiceCd=430&Type=search", "url2": "https://www.orangewelfare.net" }, "geometry": { "type": "Point", "coordinates": [ 139.1041801, 34.887822 ] } },
{ "type": "Feature", "properties": { "内容": "オフィスこがねむし【居宅介護支援】静岡県伊東市鎌田1086番地の466", "url": "https://www.kaigokensaku.mhlw.go.jp/22/index.php?action_kouhyou_detail_004_kani=true&JigyosyoCd=2270401330-00&ServiceCd=430&Type=search", "url2": null }, "geometry": { "type": "Point", "coordinates": [ 139.072541099999967, 34.959133500000014 ] } },
{ "type": "Feature", "properties": { "内容": "居宅介護支援事業所はばたき【居宅介護支援】島田市川根町家山318", "url": "https://www.kaigokensaku.mhlw.go.jp/22/index.php?action_kouhyou_detail_004_kani=true&JigyosyoCd=2275700025-00&ServiceCd=430&Type=search", "url2": null }, "geometry": { "type": "Point", "coordinates": [ 138.078476, 34.9419545 ] } },
{ "type": "Feature", "properties": { "内容": "川根力ケアプランさくら【居宅介護支援】静岡県島田市川根町家山１３１３番地の３５ふれあい健康プラザ", "url": "https://www.kaigokensaku.mhlw.go.jp/22/index.php?action_kouhyou_detail_004_kani=true&JigyosyoCd=2275700033-00&ServiceCd=430&Type=search", "url2": null }, "geometry": { "type": "Point", "coordinates": [ 138.073318199999989, 34.937518 ] } },
{ "type": "Feature", "properties": { "内容": "ケアポート・結び【居宅介護支援】静岡県島田市船木245-7", "url": "https://www.kaigokensaku.mhlw.go.jp/22/index.php?action_kouhyou_detail_004_kani=true&JigyosyoCd=2275400956-00&ServiceCd=430&Type=search", "url2": null }, "geometry": { "type": "Point", "coordinates": [ 138.223625299999981, 34.8044258 ] } },
{ "type": "Feature", "properties": { "内容": "居宅介護支援事業所　エコトープ【居宅介護支援】島田市島534-1", "url": "https://www.kaigokensaku.mhlw.go.jp/22/index.php?action_kouhyou_detail_004_kani=true&JigyosyoCd=2255580017-00&ServiceCd=430&Type=search", "url2": "http://www.ecotope.jp" }, "geometry": { "type": "Point", "coordinates": [ 138.126009899999985, 34.8421675 ] } },
{ "type": "Feature", "properties": { "内容": "さくら指定介護支援センター【居宅介護支援】島田市東町１３３１番地", "url": "https://www.kaigokensaku.mhlw.go.jp/22/index.php?action_kouhyou_detail_004_kani=true&JigyosyoCd=2275400162-00&ServiceCd=430&Type=search", "url2": "http://seiyukai6666.com/" }, "geometry": { "type": "Point", "coordinates": [ 138.22754180000004, 34.8346028 ] } },
{ "type": "Feature", "properties": { "内容": "アサヒサンクリーン在宅介護センター島田【居宅介護支援】島田市落合15-7", "url": "https://www.kaigokensaku.mhlw.go.jp/22/index.php?action_kouhyou_detail_004_kani=true&JigyosyoCd=2275400691-00&ServiceCd=430&Type=search", "url2": "http://www.asahi-sun-clean.co.jp" }, "geometry": { "type": "Point", "coordinates": [ 138.182304599999952, 34.8534253 ] } },
{ "type": "Feature", "properties": { "内容": "ニチイケアセンター金谷【居宅介護支援】島田市金谷清水1752-29", "url": "https://www.kaigokensaku.mhlw.go.jp/22/index.php?action_kouhyou_detail_004_kani=true&JigyosyoCd=2275400600-00&ServiceCd=430&Type=search", "url2": "http:www.nichiigakkan.co.jp" }, "geometry": { "type": "Point", "coordinates": [ 138.133112500000038, 34.8235645 ] } },
{ "type": "Feature", "properties": { "内容": "島田市社会福祉協議会指定居宅介護支援事業所かわね【居宅介護支援】島田市川根町身成3100番地", "url": "https://www.kaigokensaku.mhlw.go.jp/22/index.php?action_kouhyou_detail_004_kani=true&JigyosyoCd=2275400402-00&ServiceCd=430&Type=search", "url2": "http://www.shimada-shakyo.jp" }, "geometry": { "type": "Point", "coordinates": [ 138.086652400000048, 34.938716 ] } },
{ "type": "Feature", "properties": { "内容": "あすか【居宅介護支援】島田市中河町326番地の１", "url": "https://www.kaigokensaku.mhlw.go.jp/22/index.php?action_kouhyou_detail_004_kani=true&JigyosyoCd=2275400196-00&ServiceCd=430&Type=search", "url2": "http://care-net.biz/22/asuka/" }, "geometry": { "type": "Point", "coordinates": [ 138.17735760000005, 34.8395576 ] } },
{ "type": "Feature", "properties": { "内容": "みどりの園居宅介護支援事業所【居宅介護支援】島田市中河375番地の1", "url": "https://www.kaigokensaku.mhlw.go.jp/22/index.php?action_kouhyou_detail_004_kani=true&JigyosyoCd=2275400022-00&ServiceCd=430&Type=search", "url2": "http://care-net.biz/22/midori/" }, "geometry": { "type": "Point", "coordinates": [ 138.2356218, 34.8073841 ] } },
{ "type": "Feature", "properties": { "内容": "夢コープ中部事業所【居宅介護支援】島田市宮川町2482-1", "url": "https://www.kaigokensaku.mhlw.go.jp/22/index.php?action_kouhyou_detail_004_kani=true&JigyosyoCd=2275400113-00&ServiceCd=430&Type=search", "url2": "http://www.yumecoop.jp/" }, "geometry": { "type": "Point", "coordinates": [ 138.166797699999961, 34.8360914 ] } },
{ "type": "Feature", "properties": { "内容": "ツクイ島田【居宅介護支援】静岡県島田市祇園町8696－3", "url": "https://www.kaigokensaku.mhlw.go.jp/22/index.php?action_kouhyou_detail_004_kani=true&JigyosyoCd=2275401053-00&ServiceCd=430&Type=search", "url2": null }, "geometry": { "type": "Point", "coordinates": [ 138.1826907, 34.8342568 ] } },
{ "type": "Feature", "properties": { "内容": "島田市居宅介護支援センター「はなみずき」【居宅介護支援】島田市中河町283番地の1島田市保健福祉センター　２階", "url": "https://www.kaigokensaku.mhlw.go.jp/22/index.php?action_kouhyou_detail_004_kani=true&JigyosyoCd=2265490017-00&ServiceCd=430&Type=search", "url2": "http://www.city.shimada.shizuoka.jp/houmon/kyotakushien.html" }, "geometry": { "type": "Point", "coordinates": [ 138.179051328544972, 34.840737593836408 ] } },
{ "type": "Feature", "properties": { "内容": "ケアプランしまだ南居宅介護支援事業所【居宅介護支援】静岡県島田市南一丁目4-30シャインミナミ１階B", "url": "https://www.kaigokensaku.mhlw.go.jp/22/index.php?action_kouhyou_detail_004_kani=true&JigyosyoCd=2275400717-00&ServiceCd=430&Type=search", "url2": "simadaminami＠cy.tnc.ne.jp" }, "geometry": { "type": "Point", "coordinates": [ 138.178604811057994, 34.828934689373327 ] } },
{ "type": "Feature", "properties": { "内容": "アポロン居宅介護支援事業所【居宅介護支援】静岡県島田市中溝町１７１４－１", "url": "https://www.kaigokensaku.mhlw.go.jp/22/index.php?action_kouhyou_detail_004_kani=true&JigyosyoCd=2255480010-00&ServiceCd=430&Type=search", "url2": "https://www.apolon-shizuoka.com/" }, "geometry": { "type": "Point", "coordinates": [ 138.170983400000068, 34.8404352 ] } },
{ "type": "Feature", "properties": { "内容": "島田市社会福祉協議会　指定居宅介護支援事業所しまだ【居宅介護支援】島田市大津通２番の１", "url": "https://www.kaigokensaku.mhlw.go.jp/22/index.php?action_kouhyou_detail_004_kani=true&JigyosyoCd=2275400055-00&ServiceCd=430&Type=search", "url2": "https://shimada-shakyo.jp/" }, "geometry": { "type": "Point", "coordinates": [ 138.177647948336443, 34.835521215865562 ] } },
{ "type": "Feature", "properties": { "内容": "一期一会ケアプランセンター島田【居宅介護支援】静岡県島田市横井四丁目7-3", "url": "https://www.kaigokensaku.mhlw.go.jp/22/index.php?action_kouhyou_detail_004_kani=true&JigyosyoCd=2275400618-00&ServiceCd=430&Type=search", "url2": "http://ichigoichie-care.com" }, "geometry": { "type": "Point", "coordinates": [ 138.176722, 34.8284535 ] } },
{ "type": "Feature", "properties": { "内容": "本田山荘居宅介護支援事業所【居宅介護支援】島田市牛尾1102番地の1", "url": "https://www.kaigokensaku.mhlw.go.jp/22/index.php?action_kouhyou_detail_004_kani=true&JigyosyoCd=2275500151-00&ServiceCd=430&Type=search", "url2": "http://hondenyamaso.jp/" }, "geometry": { "type": "Point", "coordinates": [ 138.128395599999976, 34.850786 ] } },
{ "type": "Feature", "properties": { "内容": "居宅介護支援事業所とこは【居宅介護支援】島田市川根町家山4168番地の1", "url": "https://www.kaigokensaku.mhlw.go.jp/22/index.php?action_kouhyou_detail_004_kani=true&JigyosyoCd=2275500623-00&ServiceCd=430&Type=search", "url2": "www.tokohafukushikai.or.jp" }, "geometry": { "type": "Point", "coordinates": [ 138.082594400000062, 34.919951 ] } },
{ "type": "Feature", "properties": { "内容": "居宅介護支援事業所　アイアシスト【居宅介護支援】静岡県島田市阿知ヶ谷268番地の3", "url": "https://www.kaigokensaku.mhlw.go.jp/22/index.php?action_kouhyou_detail_004_kani=true&JigyosyoCd=2275400493-00&ServiceCd=430&Type=search", "url2": null }, "geometry": { "type": "Point", "coordinates": [ 138.201455099999947, 34.8409186 ] } },
{ "type": "Feature", "properties": { "内容": "ねむの家ケアプランセンター【居宅介護支援】元島田２８８番地の１", "url": "https://www.kaigokensaku.mhlw.go.jp/22/index.php?action_kouhyou_detail_004_kani=true&JigyosyoCd=2275400626-00&ServiceCd=430&Type=search", "url2": "http://nemunoie.blog.fc2.com/" }, "geometry": { "type": "Point", "coordinates": [ 138.179890699999987, 34.8417296 ] } },
{ "type": "Feature", "properties": { "内容": "ケアプランセンターグラシア島田【居宅介護支援】静岡県島田市中河837-3デイサービスセンターグラシア島田", "url": "https://www.kaigokensaku.mhlw.go.jp/22/index.php?action_kouhyou_detail_004_kani=true&JigyosyoCd=2275400923-00&ServiceCd=430&Type=search", "url2": null }, "geometry": { "type": "Point", "coordinates": [ 138.228894500000024, 34.813161 ] } },
{ "type": "Feature", "properties": { "内容": "ケア　アシスト居宅介護支援事業所【居宅介護支援】静岡県島田市阪本１４４４　あけぼの館５階", "url": "https://www.kaigokensaku.mhlw.go.jp/22/index.php?action_kouhyou_detail_004_kani=true&JigyosyoCd=2275401046-00&ServiceCd=430&Type=search", "url2": "http://k-infobridge.com" }, "geometry": { "type": "Point", "coordinates": [ 138.2199431, 34.8062496 ] } },
{ "type": "Feature", "properties": { "内容": "シンシアケアプランセンター島田【居宅介護支援】静岡県島田市中河町358番地の1シンシア島田ショートステイ内", "url": "https://www.kaigokensaku.mhlw.go.jp/22/index.php?action_kouhyou_detail_004_kani=true&JigyosyoCd=2275400808-00&ServiceCd=430&Type=search", "url2": "http://www.sincere-gri.com" }, "geometry": { "type": "Point", "coordinates": [ 138.1764078, 34.8421489 ] } },
{ "type": "Feature", "properties": { "内容": "ケアプランメルシー【居宅介護支援】元島田243-3", "url": "https://www.kaigokensaku.mhlw.go.jp/22/index.php?action_kouhyou_detail_004_kani=true&JigyosyoCd=2275700058-00&ServiceCd=430&Type=search", "url2": null }, "geometry": { "type": "Point", "coordinates": [ 138.1808577, 34.8416368 ] } },
{ "type": "Feature", "properties": { "内容": "私の青空指定居宅介護支援事業所【居宅介護支援】静岡県島田市岸町４６２番地の２", "url": "https://www.kaigokensaku.mhlw.go.jp/22/index.php?action_kouhyou_detail_004_kani=true&JigyosyoCd=2275401178-00&ServiceCd=430&Type=search", "url2": null }, "geometry": { "type": "Point", "coordinates": [ 138.2146928, 34.8466651 ] } },
{ "type": "Feature", "properties": { "内容": "居宅介護支援事業所水のさんち【居宅介護支援】静岡県島田市大柳南９５", "url": "https://www.kaigokensaku.mhlw.go.jp/22/index.php?action_kouhyou_detail_004_kani=true&JigyosyoCd=2275400642-00&ServiceCd=430&Type=search", "url2": null }, "geometry": { "type": "Point", "coordinates": [ 138.2246308, 34.8076699 ] } },
{ "type": "Feature", "properties": { "内容": "ライフサポートマネジメントセンター【居宅介護支援】静岡県島田市旗指546番地の4", "url": "https://www.kaigokensaku.mhlw.go.jp/22/index.php?action_kouhyou_detail_004_kani=true&JigyosyoCd=2275700090-00&ServiceCd=430&Type=search", "url2": null }, "geometry": { "type": "Point", "coordinates": [ 138.1647022, 34.843701 ] } },
{ "type": "Feature", "properties": { "内容": "居宅介護支援事業所　向日葵【居宅介護支援】富士市厚原５１０－１", "url": "https://www.kaigokensaku.mhlw.go.jp/22/index.php?action_kouhyou_detail_004_kani=true&JigyosyoCd=2272301686-00&ServiceCd=430&Type=search", "url2": null }, "geometry": { "type": "Point", "coordinates": [ 138.6441948, 35.20075307380533 ] } },
{ "type": "Feature", "properties": { "内容": "Kラインケア・ケアプランセンター富士【居宅介護支援】今泉3169-1", "url": "https://www.kaigokensaku.mhlw.go.jp/22/index.php?action_kouhyou_detail_004_kani=true&JigyosyoCd=2272302007-00&ServiceCd=430&Type=search", "url2": "http://www.ｋlinecre.com/" }, "geometry": { "type": "Point", "coordinates": [ 130.3987718, 33.5854232 ] } },
{ "type": "Feature", "properties": { "内容": "するが台居宅介護支援事業所【居宅介護支援】富士市今泉2022-13", "url": "https://www.kaigokensaku.mhlw.go.jp/22/index.php?action_kouhyou_detail_004_kani=true&JigyosyoCd=2272301231-00&ServiceCd=430&Type=search", "url2": null }, "geometry": { "type": "Point", "coordinates": [ 138.690274199999976, 35.1717556 ] } },
{ "type": "Feature", "properties": { "内容": "でんでん居宅介護支援事業所【居宅介護支援】静岡県富士市今泉1丁目17番12号", "url": "https://www.kaigokensaku.mhlw.go.jp/22/index.php?action_kouhyou_detail_004_kani=true&JigyosyoCd=2272303146-00&ServiceCd=430&Type=search", "url2": null }, "geometry": { "type": "Point", "coordinates": [ 138.691736359524498, 35.162090562462872 ] } },
{ "type": "Feature", "properties": { "内容": "居宅介護支援事業所ひばり【居宅介護支援】富士市国久保２丁目３－１２", "url": "https://www.kaigokensaku.mhlw.go.jp/22/index.php?action_kouhyou_detail_004_kani=true&JigyosyoCd=2272301141-00&ServiceCd=430&Type=search", "url2": null }, "geometry": { "type": "Point", "coordinates": [ 138.681230599999907, 35.1694086 ] } },
{ "type": "Feature", "properties": { "内容": "ふよう居宅介護支援事業所【居宅介護支援】富士市今泉2196-2", "url": "https://www.kaigokensaku.mhlw.go.jp/22/index.php?action_kouhyou_detail_004_kani=true&JigyosyoCd=2272300522-00&ServiceCd=430&Type=search", "url2": "http://www.fuyoukai.org" }, "geometry": { "type": "Point", "coordinates": [ 138.685894873541173, 35.172066447788637 ] } },
{ "type": "Feature", "properties": { "内容": "きらら富士ケアプランセンター【居宅介護支援】静岡県富士市一色258-47", "url": "https://www.kaigokensaku.mhlw.go.jp/22/index.php?action_kouhyou_detail_004_kani=true&JigyosyoCd=2272301504-00&ServiceCd=430&Type=search", "url2": "http://www.kenminkouseikai.net/" }, "geometry": { "type": "Point", "coordinates": [ 138.695098, 35.1904757 ] } },
{ "type": "Feature", "properties": { "内容": "ヒューマンライフ富士在宅介護支援センター【居宅介護支援】富士市大淵3901-1", "url": "https://www.kaigokensaku.mhlw.go.jp/22/index.php?action_kouhyou_detail_004_kani=true&JigyosyoCd=2252380015-00&ServiceCd=430&Type=search", "url2": "http://www.shinfuji.or.jp/human/ansin/index.html" }, "geometry": { "type": "Point", "coordinates": [ 138.668844900000067, 35.215856 ] } },
{ "type": "Feature", "properties": { "内容": "居宅介護支援事業所　シャローム富士川【居宅介護支援】富士市北松野１０７１", "url": "https://www.kaigokensaku.mhlw.go.jp/22/index.php?action_kouhyou_detail_004_kani=true&JigyosyoCd=2273100178-00&ServiceCd=430&Type=search", "url2": "http://www.fujikouseikai.or.jp/syarom/daycare.html" }, "geometry": { "type": "Point", "coordinates": [ 138.587757499999952, 35.1892038 ] } },
{ "type": "Feature", "properties": { "内容": "サン・ライフ福祉サービスセンター　富士事業所【居宅介護支援】静岡県富士市久沢247-1クローバーライフ富士", "url": "https://www.kaigokensaku.mhlw.go.jp/22/index.php?action_kouhyou_detail_004_kani=true&JigyosyoCd=2272303179-00&ServiceCd=430&Type=search", "url2": "www.sunlife.jp" }, "geometry": { "type": "Point", "coordinates": [ 138.649815977417319, 35.18662688139429 ] } },
{ "type": "Feature", "properties": { "内容": "てんま居宅介護支援事業所【居宅介護支援】富士市天間1602番地", "url": "https://www.kaigokensaku.mhlw.go.jp/22/index.php?action_kouhyou_detail_004_kani=true&JigyosyoCd=2272300027-00&ServiceCd=430&Type=search", "url2": "http://www.shinai-kai.jp/tenmaso/" }, "geometry": { "type": "Point", "coordinates": [ 138.648091600000072, 35.2066206 ] } },
{ "type": "Feature", "properties": { "内容": "居宅介護支援事業所　ふじ【居宅介護支援】富士市天間1640-1富士いきいき病院", "url": "https://www.kaigokensaku.mhlw.go.jp/22/index.php?action_kouhyou_detail_004_kani=true&JigyosyoCd=2212310805-00&ServiceCd=430&Type=search", "url2": "http://www.iki-iki-hp.com" }, "geometry": { "type": "Point", "coordinates": [ 138.65125829682006, 35.208770151968423 ] } },
{ "type": "Feature", "properties": { "内容": "さんしょ居宅介護支援事業所【居宅介護支援】静岡県富士市前田51‐3", "url": "https://www.kaigokensaku.mhlw.go.jp/22/index.php?action_kouhyou_detail_004_kani=true&JigyosyoCd=2272303278-00&ServiceCd=430&Type=search", "url2": "https://solife2156.com/" }, "geometry": { "type": "Point", "coordinates": [ 138.681634962558746, 35.145160976344663 ] } },
{ "type": "Feature", "properties": { "内容": "居宅介護支援事業所けいあい【居宅介護支援】静岡県富士市南町3番1号　聖隷富士病院　管理棟3階", "url": "https://www.kaigokensaku.mhlw.go.jp/22/index.php?action_kouhyou_detail_004_kani=true&JigyosyoCd=2262390061-00&ServiceCd=430&Type=search", "url2": "http://www.seirei-fuji.com/" }, "geometry": { "type": "Point", "coordinates": [ 138.687577904229755, 35.161949245512005 ] } },
{ "type": "Feature", "properties": { "内容": "立石薬品株式会社　居宅介護支援事業所【居宅介護支援】富士市本市場町９３８番地", "url": "https://www.kaigokensaku.mhlw.go.jp/22/index.php?action_kouhyou_detail_004_kani=true&JigyosyoCd=2272300266-00&ServiceCd=430&Type=search", "url2": "http://www.manten-boshi.jp" }, "geometry": { "type": "Point", "coordinates": [ 138.6585771, 35.1571434 ] } },
{ "type": "Feature", "properties": { "内容": "株式会社ミルト居宅介護支援事業所【居宅介護支援】静岡県富士市鈴川中町４－２７", "url": "https://www.kaigokensaku.mhlw.go.jp/22/index.php?action_kouhyou_detail_004_kani=true&JigyosyoCd=2272301447-00&ServiceCd=430&Type=search", "url2": "http://milto.jp/" }, "geometry": { "type": "Point", "coordinates": [ 138.7057029, 35.1431008 ] } },
{ "type": "Feature", "properties": { "内容": "あおい居宅介護支援事業所富士【居宅介護支援】中丸519-2コスモビレッジⅢ　１０３", "url": "https://www.kaigokensaku.mhlw.go.jp/22/index.php?action_kouhyou_detail_004_kani=true&JigyosyoCd=2272302759-00&ServiceCd=430&Type=search", "url2": null }, "geometry": { "type": "Point", "coordinates": [ 138.671736934393266, 35.133554983785395 ] } },
{ "type": "Feature", "properties": { "内容": "居宅介護支援事業所　なごやか【居宅介護支援】富士市松岡３９９－１", "url": "https://www.kaigokensaku.mhlw.go.jp/22/index.php?action_kouhyou_detail_004_kani=true&JigyosyoCd=2272301199-00&ServiceCd=430&Type=search", "url2": "nagoyaka-2@uv.tnc.ne.jp" }, "geometry": { "type": "Point", "coordinates": [ 138.641664399999968, 35.1665585 ] } },
{ "type": "Feature", "properties": { "内容": "ケアーよろこ日【居宅介護支援】静岡県富士市久沢８６番地の18", "url": "https://www.kaigokensaku.mhlw.go.jp/22/index.php?action_kouhyou_detail_004_kani=true&JigyosyoCd=2272301629-00&ServiceCd=430&Type=search", "url2": null }, "geometry": { "type": "Point", "coordinates": [ 138.64945560000001, 35.1803793 ] } },
{ "type": "Feature", "properties": { "内容": "居宅介護支援事業所　幸【居宅介護支援】静岡県富士市松本357-1", "url": "https://www.kaigokensaku.mhlw.go.jp/22/index.php?action_kouhyou_detail_004_kani=true&JigyosyoCd=2262390053-00&ServiceCd=430&Type=search", "url2": "http://kawamura-jp.jp/index.html" }, "geometry": { "type": "Point", "coordinates": [ 138.649673845230183, 35.162651292689731 ] } },
{ "type": "Feature", "properties": { "内容": "ケアプランセンターえん。【居宅介護支援】静岡県富士市鷹岡本町6-25", "url": "https://www.kaigokensaku.mhlw.go.jp/22/index.php?action_kouhyou_detail_004_kani=true&JigyosyoCd=2272302593-00&ServiceCd=430&Type=search", "url2": null }, "geometry": { "type": "Point", "coordinates": [ 138.646616799999947, 35.1862536 ] } },
{ "type": "Feature", "properties": { "内容": "岡本居宅介護支援事業所【居宅介護支援】富士市中里1290番地", "url": "https://www.kaigokensaku.mhlw.go.jp/22/index.php?action_kouhyou_detail_004_kani=true&JigyosyoCd=2272300126-00&ServiceCd=430&Type=search", "url2": "http://web.thn.jp/tom/" }, "geometry": { "type": "Point", "coordinates": [ 138.736191500000018, 35.1630297 ] } },
{ "type": "Feature", "properties": { "内容": "ニチイケアセンター富士【居宅介護支援】富士市厚原字八笠1976番地の4", "url": "https://www.kaigokensaku.mhlw.go.jp/22/index.php?action_kouhyou_detail_004_kani=true&JigyosyoCd=2272300308-00&ServiceCd=430&Type=search", "url2": "http://www.nichiigakkan.co.jp" }, "geometry": { "type": "Point", "coordinates": [ 138.662427100000059, 35.1921038 ] } },
{ "type": "Feature", "properties": { "内容": "居宅介護支援事業所　こはる【居宅介護支援】静岡県富士市長通１０１—１", "url": "https://www.kaigokensaku.mhlw.go.jp/22/index.php?action_kouhyou_detail_004_kani=true&JigyosyoCd=2272303294-00&ServiceCd=430&Type=search", "url2": null }, "geometry": { "type": "Point", "coordinates": [ 138.655043976577019, 35.170817485826902 ] } },
{ "type": "Feature", "properties": { "内容": "居宅介護支援センターつばめ【居宅介護支援】富士市川成新町250番地池辺クリニック内　４階", "url": "https://www.kaigokensaku.mhlw.go.jp/22/index.php?action_kouhyou_detail_004_kani=true&JigyosyoCd=2272301439-00&ServiceCd=430&Type=search", "url2": "http://web.thn.jp/ikebeclinic/cas/index.html" }, "geometry": { "type": "Point", "coordinates": [ 138.664837600000055, 35.1333517 ] } },
{ "type": "Feature", "properties": { "内容": "北原介護オフィス【居宅介護支援】静岡県富士市水戸島本町8-22キャッスルベリー１A", "url": "https://www.kaigokensaku.mhlw.go.jp/22/index.php?action_kouhyou_detail_004_kani=true&JigyosyoCd=2272302809-00&ServiceCd=430&Type=search", "url2": "http://www.kaigo-office.com" }, "geometry": { "type": "Point", "coordinates": [ 138.648060064032052, 35.14786431851833 ] } },
{ "type": "Feature", "properties": { "内容": "ケアプランセンターはーとらいふ富士【居宅介護支援】静岡県富士市本市場町801", "url": "https://www.kaigokensaku.mhlw.go.jp/22/index.php?action_kouhyou_detail_004_kani=true&JigyosyoCd=2272303039-00&ServiceCd=430&Type=search", "url2": "http://recruit.re-serve.net/" }, "geometry": { "type": "Point", "coordinates": [ 138.6612695, 35.1576067 ] } },
{ "type": "Feature", "properties": { "内容": "メイプル薬局居宅介護支援事業所【居宅介護支援】静岡県富士市中野483　１Fリオン・ツインズⅡ101号", "url": "https://www.kaigokensaku.mhlw.go.jp/22/index.php?action_kouhyou_detail_004_kani=true&JigyosyoCd=2272303351-00&ServiceCd=430&Type=search", "url2": null }, "geometry": { "type": "Point", "coordinates": [ 138.677454399999988, 35.1905702 ] } },
{ "type": "Feature", "properties": { "内容": "アクタガワ　ハートフルホーム厚原【居宅介護支援】富士市厚原１７９－１", "url": "https://www.kaigokensaku.mhlw.go.jp/22/index.php?action_kouhyou_detail_004_kani=true&JigyosyoCd=2272303005-00&ServiceCd=430&Type=search", "url2": "https://www.akutagawa-heartlife.jp" }, "geometry": { "type": "Point", "coordinates": [ 138.65161379999995, 35.1817038 ] } },
{ "type": "Feature", "properties": { "内容": "居宅介護支援事業所あい【居宅介護支援】中丸882番地の1", "url": "https://www.kaigokensaku.mhlw.go.jp/22/index.php?action_kouhyou_detail_004_kani=true&JigyosyoCd=2262390202-00&ServiceCd=430&Type=search", "url2": "https://houkyo-ai.jp" }, "geometry": { "type": "Point", "coordinates": [ 138.679811299999983, 35.13436 ] } },
{ "type": "Feature", "properties": { "内容": "社会福祉法人　富士市社会福祉協議会【居宅介護支援】富士市本市場４３２－１ﾌｨﾗﾝｾ　東館　２Ｆ", "url": "https://www.kaigokensaku.mhlw.go.jp/22/index.php?action_kouhyou_detail_004_kani=true&JigyosyoCd=2272300068-00&ServiceCd=430&Type=search", "url2": "http://www.fujishishakyo.com/" }, "geometry": { "type": "Point", "coordinates": [ 138.6603159, 35.156674 ] } },
{ "type": "Feature", "properties": { "内容": "ケアプラザふじの花【居宅介護支援】富士市一色４９５－１", "url": "https://www.kaigokensaku.mhlw.go.jp/22/index.php?action_kouhyou_detail_004_kani=true&JigyosyoCd=2272301157-00&ServiceCd=430&Type=search", "url2": "https://nakane-clinic.jp/" }, "geometry": { "type": "Point", "coordinates": [ 138.705244099999959, 35.187618 ] } },
{ "type": "Feature", "properties": { "内容": "居宅介護支援事業所　岩本園【居宅介護支援】静岡県富士市本市場新田２４－５２階", "url": "https://www.kaigokensaku.mhlw.go.jp/22/index.php?action_kouhyou_detail_004_kani=true&JigyosyoCd=2272302973-00&ServiceCd=430&Type=search", "url2": "kyotaku-iwamoto@gakuyoukai.or.jp" }, "geometry": { "type": "Point", "coordinates": [ 138.653876490889246, 35.169336849817086 ] } },
{ "type": "Feature", "properties": { "内容": "吉原の丘ケアサービス【居宅介護支援】富士市伝法６５７－１", "url": "https://www.kaigokensaku.mhlw.go.jp/22/index.php?action_kouhyou_detail_004_kani=true&JigyosyoCd=2272300043-00&ServiceCd=430&Type=search", "url2": "http://yoshiwara-kaigo.jp/" }, "geometry": { "type": "Point", "coordinates": [ 138.670278599999961, 35.1858677 ] } },
{ "type": "Feature", "properties": { "内容": "合同会社こながや居宅介護支援事業所【居宅介護支援】静岡県富士市大淵2982番地４５", "url": "https://www.kaigokensaku.mhlw.go.jp/22/index.php?action_kouhyou_detail_004_kani=true&JigyosyoCd=2272302486-00&ServiceCd=430&Type=search", "url2": null }, "geometry": { "type": "Point", "coordinates": [ 138.687512100000049, 35.2154368 ] } },
{ "type": "Feature", "properties": { "内容": "鑑石園在宅介護支援センター【居宅介護支援】富士市原田1350-16", "url": "https://www.kaigokensaku.mhlw.go.jp/22/index.php?action_kouhyou_detail_004_kani=true&JigyosyoCd=2272300076-00&ServiceCd=430&Type=search", "url2": "https://kansekien.com" }, "geometry": { "type": "Point", "coordinates": [ 138.713585299999977, 35.1717869 ] } },
{ "type": "Feature", "properties": { "内容": "富士整形外科病院居宅介護支援事業所【居宅介護支援】富士市錦町1丁目4番23号", "url": "https://www.kaigokensaku.mhlw.go.jp/22/index.php?action_kouhyou_detail_004_kani=true&JigyosyoCd=2272300589-00&ServiceCd=430&Type=search", "url2": "http://fujiseikei.com/" }, "geometry": { "type": "Point", "coordinates": [ 138.679482046032717, 35.1595727842979 ] } },
{ "type": "Feature", "properties": { "内容": "居宅介護支援事業所　かじま【居宅介護支援】富士市水戸島本町7番8号", "url": "https://www.kaigokensaku.mhlw.go.jp/22/index.php?action_kouhyou_detail_004_kani=true&JigyosyoCd=2272300639-00&ServiceCd=430&Type=search", "url2": "http://www.kajimanosato.com" }, "geometry": { "type": "Point", "coordinates": [ 138.648552800000061, 35.1473694 ] } },
{ "type": "Feature", "properties": { "内容": "居宅介護支援事業所ヒューマンヒルズ新富士【居宅介護支援】静岡県富士市柳島198番地3", "url": "https://www.kaigokensaku.mhlw.go.jp/22/index.php?action_kouhyou_detail_004_kani=true&JigyosyoCd=2272302775-00&ServiceCd=430&Type=search", "url2": "http://fmc-hh.co.jp/" }, "geometry": { "type": "Point", "coordinates": [ 138.666570900000011, 35.143209 ] } },
{ "type": "Feature", "properties": { "内容": "居宅介護支援事業所ヒューマンヒルズ吉原【居宅介護支援】静岡県富士市吉原4丁目7番15号", "url": "https://www.kaigokensaku.mhlw.go.jp/22/index.php?action_kouhyou_detail_004_kani=true&JigyosyoCd=2272303013-00&ServiceCd=430&Type=search", "url2": "http://fmc-hh.co.jp" }, "geometry": { "type": "Point", "coordinates": [ 138.682016299999987, 35.1642113 ] } },
{ "type": "Feature", "properties": { "内容": "居宅介護支援事業所　かぐや富士【居宅介護支援】富士市中里２５４６－７", "url": "https://www.kaigokensaku.mhlw.go.jp/22/index.php?action_kouhyou_detail_004_kani=true&JigyosyoCd=2252380049-00&ServiceCd=430&Type=search", "url2": "http://seijukai-gp.jp/" }, "geometry": { "type": "Point", "coordinates": [ 138.748763199999985, 35.1376132 ] } },
{ "type": "Feature", "properties": { "内容": "みずほ在宅介護支援センター【居宅介護支援】富士市瓜島町173番地の１", "url": "https://www.kaigokensaku.mhlw.go.jp/22/index.php?action_kouhyou_detail_004_kani=true&JigyosyoCd=2272300548-00&ServiceCd=430&Type=search", "url2": "http://mizuhocareorjpinfo-mizuho@po3.across.or.jp" }, "geometry": { "type": "Point", "coordinates": [ 138.675072900000032, 35.1640981 ] } },
{ "type": "Feature", "properties": { "内容": "居宅介護支援事業所　朋優天間【居宅介護支援】静岡県富士市天間1461-1タウニイニシムラ101", "url": "https://www.kaigokensaku.mhlw.go.jp/22/index.php?action_kouhyou_detail_004_kani=true&JigyosyoCd=2272303401-00&ServiceCd=430&Type=search", "url2": "https://bonanza2018.top/hoyu/info-tenma.html" }, "geometry": { "type": "Point", "coordinates": [ 138.644291900000013, 35.2008862 ] } },
{ "type": "Feature", "properties": { "内容": "在宅介護支援センター　ふじみ台【居宅介護支援】富士市三ツ沢２１７－２", "url": "https://www.kaigokensaku.mhlw.go.jp/22/index.php?action_kouhyou_detail_004_kani=true&JigyosyoCd=2272300217-00&ServiceCd=430&Type=search", "url2": "http://www.seishinkai.info/" }, "geometry": { "type": "Point", "coordinates": [ 138.702833400000031, 35.1828658 ] } },
{ "type": "Feature", "properties": { "内容": "セントラル富士介護センター【居宅介護支援】静岡県富士市伝法2561-10", "url": "https://www.kaigokensaku.mhlw.go.jp/22/index.php?action_kouhyou_detail_004_kani=true&JigyosyoCd=2272300886-00&ServiceCd=430&Type=search", "url2": "https://sentoraru.wixsite.com/sentoraru" }, "geometry": { "type": "Point", "coordinates": [ 138.670248925227412, 35.174632348259642 ] } },
{ "type": "Feature", "properties": { "内容": "夢コープ富士事業所【居宅介護支援】宮島441-1ラムール1Ｆ", "url": "https://www.kaigokensaku.mhlw.go.jp/22/index.php?action_kouhyou_detail_004_kani=true&JigyosyoCd=2272300449-00&ServiceCd=430&Type=search", "url2": "ｈｔｔｐ：//ｗｗｗ.yumeｃoop.ｊｐ/" }, "geometry": { "type": "Point", "coordinates": [ 138.658249399999931, 35.1417564 ] } },
{ "type": "Feature", "properties": { "内容": "水戸島居宅介護支援事業所【居宅介護支援】静岡県富士市川成新町５３番地", "url": "https://www.kaigokensaku.mhlw.go.jp/22/index.php?action_kouhyou_detail_004_kani=true&JigyosyoCd=2272303484-00&ServiceCd=430&Type=search", "url2": "https://kien-fuji-recruit.jimdofree.com" }, "geometry": { "type": "Point", "coordinates": [ 138.663675286993424, 35.137134050291515 ] } },
{ "type": "Feature", "properties": { "内容": "ヴィラージュ富士居宅介護支援事業所【居宅介護支援】富士市厚原359-8", "url": "https://www.kaigokensaku.mhlw.go.jp/22/index.php?action_kouhyou_detail_004_kani=true&JigyosyoCd=2272300977-00&ServiceCd=430&Type=search", "url2": "http://www.syuuseikai.or.jp" }, "geometry": { "type": "Point", "coordinates": [ 138.657185600000048, 35.180249 ] } },
{ "type": "Feature", "properties": { "内容": "SOUケアプランセンター松本【居宅介護支援】富士市長通12-1", "url": "https://www.kaigokensaku.mhlw.go.jp/22/index.php?action_kouhyou_detail_004_kani=true&JigyosyoCd=2272301777-00&ServiceCd=430&Type=search", "url2": "http://www.sou-seniorcare.com/" }, "geometry": { "type": "Point", "coordinates": [ 138.647855700000036, 35.1727774 ] } },
{ "type": "Feature", "properties": { "内容": "共立蒲原総合病院組合介護老人保健施設芙蓉の丘居宅介護支援事業所【居宅介護支援】富士市中之郷2500－1", "url": "https://www.kaigokensaku.mhlw.go.jp/22/index.php?action_kouhyou_detail_004_kani=true&JigyosyoCd=2253180018-00&ServiceCd=430&Type=search", "url2": "http://www.kanbarahp.com/" }, "geometry": { "type": "Point", "coordinates": [ 138.615405, 35.13327 ] } },
{ "type": "Feature", "properties": { "内容": "オアシス在宅介護支援センター【居宅介護支援】富士市比奈字一町六反１５９番２１", "url": "https://www.kaigokensaku.mhlw.go.jp/22/index.php?action_kouhyou_detail_004_kani=true&JigyosyoCd=2272300035-00&ServiceCd=430&Type=search", "url2": "http://care-net.biz/22/wakaba/" }, "geometry": { "type": "Point", "coordinates": [ 138.721599397544878, 35.16424774908505 ] } },
{ "type": "Feature", "properties": { "内容": "居宅介護支援事業所きゃろっと【居宅介護支援】富士市吉原５丁目９－１０", "url": "https://www.kaigokensaku.mhlw.go.jp/22/index.php?action_kouhyou_detail_004_kani=true&JigyosyoCd=2272301892-00&ServiceCd=430&Type=search", "url2": "www.day-komichi.com" }, "geometry": { "type": "Point", "coordinates": [ 138.6805779, 35.1671117 ] } },
{ "type": "Feature", "properties": { "内容": "美原居宅介護支援事業所【居宅介護支援】富士市伝法３２７－１", "url": "https://www.kaigokensaku.mhlw.go.jp/22/index.php?action_kouhyou_detail_004_kani=true&JigyosyoCd=2272300100-00&ServiceCd=430&Type=search", "url2": "https://www.syuuseikai.or.jp/" }, "geometry": { "type": "Point", "coordinates": [ 138.676764100000014, 35.1826681 ] } },
{ "type": "Feature", "properties": { "内容": "在宅介護支援センター　ききょう【居宅介護支援】富士市五貫島１７５番地", "url": "https://www.kaigokensaku.mhlw.go.jp/22/index.php?action_kouhyou_detail_004_kani=true&JigyosyoCd=2252380023-00&ServiceCd=430&Type=search", "url2": "http://www.kikyounosato.com" }, "geometry": { "type": "Point", "coordinates": [ 138.652244200000041, 35.1333599 ] } },
{ "type": "Feature", "properties": { "内容": "ふじやま薬局居宅介護支援事業所【居宅介護支援】静岡県富士市本市場77-5ﾚｼﾞﾃﾞﾝｽ寿102レジデンス寿102号室", "url": "https://www.kaigokensaku.mhlw.go.jp/22/index.php?action_kouhyou_detail_004_kani=true&JigyosyoCd=2242311575-00&ServiceCd=430&Type=search", "url2": "https://www.kens443.co.jp/" }, "geometry": { "type": "Point", "coordinates": [ 138.657745619187921, 35.158961742839502 ] } },
{ "type": "Feature", "properties": { "内容": "エスケア富士居宅介護支援事業所【居宅介護支援】静岡県富士市中央町1-10-12", "url": "https://www.kaigokensaku.mhlw.go.jp/22/index.php?action_kouhyou_detail_004_kani=true&JigyosyoCd=2272303377-00&ServiceCd=430&Type=search", "url2": null }, "geometry": { "type": "Point", "coordinates": [ 138.6838161, 35.1599032 ] } },
{ "type": "Feature", "properties": { "内容": "さくらの苑居宅介護支援事業所【居宅介護支援】磐田市二之宮字仙水1162", "url": "https://www.kaigokensaku.mhlw.go.jp/22/index.php?action_kouhyou_detail_004_kani=true&JigyosyoCd=2256780020-00&ServiceCd=430&Type=search", "url2": "https://www.sakura-sono.info/" }, "geometry": { "type": "Point", "coordinates": [ 137.852874476057423, 34.70341773985038 ] } },
{ "type": "Feature", "properties": { "内容": "ケアプランセンター富士見【居宅介護支援】静岡県磐田市富士見台4-9", "url": "https://www.kaigokensaku.mhlw.go.jp/22/index.php?action_kouhyou_detail_004_kani=true&JigyosyoCd=2276901341-00&ServiceCd=430&Type=search", "url2": null }, "geometry": { "type": "Point", "coordinates": [ 137.869450300000011, 34.7271618 ] } },
{ "type": "Feature", "properties": { "内容": "於保老健センター居宅介護支援事業所【居宅介護支援】静岡県磐田市一色26番地", "url": "https://www.kaigokensaku.mhlw.go.jp/22/index.php?action_kouhyou_detail_004_kani=true&JigyosyoCd=2276901275-00&ServiceCd=430&Type=search", "url2": "http://kinokinenkai.com" }, "geometry": { "type": "Point", "coordinates": [ 137.8571938, 34.6780104 ] } },
{ "type": "Feature", "properties": { "内容": "コムレイド奏【居宅介護支援】静岡県磐田市前野2532-1", "url": "https://www.kaigokensaku.mhlw.go.jp/22/index.php?action_kouhyou_detail_004_kani=true&JigyosyoCd=2276901366-00&ServiceCd=430&Type=search", "url2": null }, "geometry": { "type": "Point", "coordinates": [ 137.830645800000013, 34.6984998 ] } },
{ "type": "Feature", "properties": { "内容": "ハッピーサポート百音【居宅介護支援】磐田市福田329-1", "url": "https://www.kaigokensaku.mhlw.go.jp/22/index.php?action_kouhyou_detail_004_kani=true&JigyosyoCd=2276900038-00&ServiceCd=430&Type=search", "url2": "https://www.fkdhappyhands.com" }, "geometry": { "type": "Point", "coordinates": [ 137.883222894635082, 34.682092387774198 ] } },
{ "type": "Feature", "properties": { "内容": "あおぞら居宅介護支援事業所【居宅介護支援】静岡県磐田市見付542-2", "url": "https://www.kaigokensaku.mhlw.go.jp/22/index.php?action_kouhyou_detail_004_kani=true&JigyosyoCd=2276900251-00&ServiceCd=430&Type=search", "url2": null }, "geometry": { "type": "Point", "coordinates": [ 137.867439399999967, 34.7207173 ] } },
{ "type": "Feature", "properties": { "内容": "ケアプランセンター二之宮【居宅介護支援】静岡県磐田市二之宮東２１－４多機能ホーム二之宮", "url": "https://www.kaigokensaku.mhlw.go.jp/22/index.php?action_kouhyou_detail_004_kani=true&JigyosyoCd=2276900913-00&ServiceCd=430&Type=search", "url2": "http://takinou-ninomiya.jp" }, "geometry": { "type": "Point", "coordinates": [ 137.8578324, 34.7116408 ] } },
{ "type": "Feature", "properties": { "内容": "セントケア富士見【居宅介護支援】静岡県磐田市見付富士見町439-1", "url": "https://www.kaigokensaku.mhlw.go.jp/22/index.php?action_kouhyou_detail_004_kani=true&JigyosyoCd=2277200149-00&ServiceCd=430&Type=search", "url2": null }, "geometry": { "type": "Point", "coordinates": [ 137.865417100000059, 34.7283829 ] } },
{ "type": "Feature", "properties": { "内容": "ケアプランセンターアイケア磐田【居宅介護支援】静岡県磐田市新貝二丁目1-3おおるり新貝", "url": "https://www.kaigokensaku.mhlw.go.jp/22/index.php?action_kouhyou_detail_004_kani=true&JigyosyoCd=2276901259-00&ServiceCd=430&Type=search", "url2": "http://www.aicare.co.jp" }, "geometry": { "type": "Point", "coordinates": [ 137.8860838, 34.7231251 ] } },
{ "type": "Feature", "properties": { "内容": "有限会社　齋藤居宅介護支援事業所【居宅介護支援】静岡県磐田市高木180番地5", "url": "https://www.kaigokensaku.mhlw.go.jp/22/index.php?action_kouhyou_detail_004_kani=true&JigyosyoCd=2276900103-00&ServiceCd=430&Type=search", "url2": null }, "geometry": { "type": "Point", "coordinates": [ 137.8088573, 34.6963819 ] } },
{ "type": "Feature", "properties": { "内容": "豊田一空園居宅介護支援事業所【居宅介護支援】静岡県磐田市東原207番地１", "url": "https://www.kaigokensaku.mhlw.go.jp/22/index.php?action_kouhyou_detail_004_kani=true&JigyosyoCd=2276600018-00&ServiceCd=430&Type=search", "url2": "http://www.hashoukai.or.jp" }, "geometry": { "type": "Point", "coordinates": [ 137.84438810000006, 34.743222 ] } },
{ "type": "Feature", "properties": { "内容": "居宅介護支援事業所さわらび【居宅介護支援】磐田市西貝塚557-5", "url": "https://www.kaigokensaku.mhlw.go.jp/22/index.php?action_kouhyou_detail_004_kani=true&JigyosyoCd=2276700149-00&ServiceCd=430&Type=search", "url2": null }, "geometry": { "type": "Point", "coordinates": [ 137.86516789999996, 34.7088912 ] } },
{ "type": "Feature", "properties": { "内容": "ふじがおかケアプランセンター【居宅介護支援】静岡県磐田市東原167-4", "url": "https://www.kaigokensaku.mhlw.go.jp/22/index.php?action_kouhyou_detail_004_kani=true&JigyosyoCd=2276900939-00&ServiceCd=430&Type=search", "url2": "http://www.fujigaoka-service.co.jp" }, "geometry": { "type": "Point", "coordinates": [ 137.843912164418924, 34.739441074897918 ] } },
{ "type": "Feature", "properties": { "内容": "西之島の郷居宅介護支援事業所【居宅介護支援】磐田市西之島26番地1", "url": "https://www.kaigokensaku.mhlw.go.jp/22/index.php?action_kouhyou_detail_004_kani=true&JigyosyoCd=2276900228-00&ServiceCd=430&Type=search", "url2": "http://www.saishinkai.or.jp" }, "geometry": { "type": "Point", "coordinates": [ 137.879803199999969, 34.6984537 ] } },
{ "type": "Feature", "properties": { "内容": "五洋の里　居宅介護支援事業所【居宅介護支援】磐田市掛塚３１９０－１", "url": "https://www.kaigokensaku.mhlw.go.jp/22/index.php?action_kouhyou_detail_004_kani=true&JigyosyoCd=2256980026-00&ServiceCd=430&Type=search", "url2": "http://toyugokokai.com/" }, "geometry": { "type": "Point", "coordinates": [ 137.803002699999979, 34.6654387 ] } },
{ "type": "Feature", "properties": { "内容": "社会福祉法人丹穂会　福寿荘居宅介護支援事業所【居宅介護支援】磐田市宇兵衛新田１８７", "url": "https://www.kaigokensaku.mhlw.go.jp/22/index.php?action_kouhyou_detail_004_kani=true&JigyosyoCd=2276600059-00&ServiceCd=430&Type=search", "url2": null }, "geometry": { "type": "Point", "coordinates": [ 137.860792400000037, 34.6752565 ] } },
{ "type": "Feature", "properties": { "内容": "ラクラス見付ケアプランセンター【居宅介護支援】静岡県磐田市見付235-10", "url": "https://www.kaigokensaku.mhlw.go.jp/22/index.php?action_kouhyou_detail_004_kani=true&JigyosyoCd=2276901002-00&ServiceCd=430&Type=search", "url2": "http://www.entetsu.co.jp/la-class" }, "geometry": { "type": "Point", "coordinates": [ 137.863489699999946, 34.7246334 ] } },
{ "type": "Feature", "properties": { "内容": "e-ケア居宅介護支援事業所【居宅介護支援】磐田市見付508-34", "url": "https://www.kaigokensaku.mhlw.go.jp/22/index.php?action_kouhyou_detail_004_kani=true&JigyosyoCd=2276901093-00&ServiceCd=430&Type=search", "url2": "https://www.brocade-iwata.com/" }, "geometry": { "type": "Point", "coordinates": [ 137.868733499999934, 34.725947200000029 ] } },
{ "type": "Feature", "properties": { "内容": "豊田えいせい病院居宅介護支援事業所【居宅介護支援】静岡県磐田市小立野135番地3", "url": "https://www.kaigokensaku.mhlw.go.jp/22/index.php?action_kouhyou_detail_004_kani=true&JigyosyoCd=2276901069-00&ServiceCd=430&Type=search", "url2": "http://www.keiseikai.org/" }, "geometry": { "type": "Point", "coordinates": [ 137.819363299999964, 34.7271509 ] } },
{ "type": "Feature", "properties": { "内容": "りんご居宅介護支援事業所【居宅介護支援】静岡県磐田市気子島496-1", "url": "https://www.kaigokensaku.mhlw.go.jp/22/index.php?action_kouhyou_detail_004_kani=true&JigyosyoCd=2276900236-00&ServiceCd=430&Type=search", "url2": "http://www4.tokai.or.jp/day-ringo/" }, "geometry": { "type": "Point", "coordinates": [ 137.829668399999946, 34.7087203 ] } },
{ "type": "Feature", "properties": { "内容": "ゆやの里居宅介護支援事業所【居宅介護支援】静岡県磐田市加茂395番地", "url": "https://www.kaigokensaku.mhlw.go.jp/22/index.php?action_kouhyou_detail_004_kani=true&JigyosyoCd=2276901218-00&ServiceCd=430&Type=search", "url2": "http://www.hashoukai.or.jp" }, "geometry": { "type": "Point", "coordinates": [ 137.8335076, 34.7385714 ] } },
{ "type": "Feature", "properties": { "内容": "なかよしサービス指定居宅介護支援事業所【居宅介護支援】静岡県磐田市見付1766番地1えいせい脳外科クリニック棟内", "url": "https://www.kaigokensaku.mhlw.go.jp/22/index.php?action_kouhyou_detail_004_kani=true&JigyosyoCd=2276901044-00&ServiceCd=430&Type=search", "url2": "http://www.keiseikai.org/" }, "geometry": { "type": "Point", "coordinates": [ 137.858379667529107, 34.742639239190055 ] } },
{ "type": "Feature", "properties": { "内容": "白梅豊岡病院指定居宅介護支援事業所【居宅介護支援】磐田市下神増185-19", "url": "https://www.kaigokensaku.mhlw.go.jp/22/index.php?action_kouhyou_detail_004_kani=true&JigyosyoCd=2276900012-00&ServiceCd=430&Type=search", "url2": "https://www.shiraume.or.jp/" }, "geometry": { "type": "Point", "coordinates": [ 137.837297499999977, 34.8071816 ] } },
{ "type": "Feature", "properties": { "内容": "ケアプランステーション　フリーデいわた【居宅介護支援】静岡県磐田市国府台62-2", "url": "https://www.kaigokensaku.mhlw.go.jp/22/index.php?action_kouhyou_detail_004_kani=true&JigyosyoCd=2276901317-00&ServiceCd=430&Type=search", "url2": null }, "geometry": { "type": "Point", "coordinates": [ 137.846704686943013, 34.723267563846591 ] } },
{ "type": "Feature", "properties": { "内容": "梅香の里居宅介護支援事業所【居宅介護支援】静岡県磐田市下野部363-1", "url": "https://www.kaigokensaku.mhlw.go.jp/22/index.php?action_kouhyou_detail_004_kani=true&JigyosyoCd=2276900186-00&ServiceCd=430&Type=search", "url2": "http://www.hashoukai.or.jp" }, "geometry": { "type": "Point", "coordinates": [ 137.8464401, 34.8350333 ] } },
{ "type": "Feature", "properties": { "内容": "豊田ゆうあいの里居宅介護支援事業所福田事業所【居宅介護支援】磐田市南島529", "url": "https://www.kaigokensaku.mhlw.go.jp/22/index.php?action_kouhyou_detail_004_kani=true&JigyosyoCd=2276900368-00&ServiceCd=430&Type=search", "url2": "http://www.enchu-fukushikai.or.jp/" }, "geometry": { "type": "Point", "coordinates": [ 137.879778900000019, 34.6861635 ] } },
{ "type": "Feature", "properties": { "内容": "白寿園第二居宅介護支援事業所【居宅介護支援】磐田市新島376番地", "url": "https://www.kaigokensaku.mhlw.go.jp/22/index.php?action_kouhyou_detail_004_kani=true&JigyosyoCd=2276900723-00&ServiceCd=430&Type=search", "url2": "http://www.hakuju.jp" }, "geometry": { "type": "Point", "coordinates": [ 137.835794494542739, 34.698967914924786 ] } },
{ "type": "Feature", "properties": { "内容": "豊仙苑居宅介護支援事業所【居宅介護支援】磐田市敷地83番地9", "url": "https://www.kaigokensaku.mhlw.go.jp/22/index.php?action_kouhyou_detail_004_kani=true&JigyosyoCd=2276600075-00&ServiceCd=430&Type=search", "url2": "http://www.housenen.or.jp" }, "geometry": { "type": "Point", "coordinates": [ 137.861657989549286, 34.821824745870359 ] } },
{ "type": "Feature", "properties": { "内容": "遠州の園居宅介護支援事業所【居宅介護支援】磐田市大久保522-1", "url": "https://www.kaigokensaku.mhlw.go.jp/22/index.php?action_kouhyou_detail_004_kani=true&JigyosyoCd=2276700032-00&ServiceCd=430&Type=search", "url2": "https://www.tohtoumi-kouseien.or.jp" }, "geometry": { "type": "Point", "coordinates": [ 137.853311599999984, 34.7676777 ] } },
{ "type": "Feature", "properties": { "内容": "豊田ゆうあいの里居宅介護支援事業所【居宅介護支援】磐田市下万能700番地", "url": "https://www.kaigokensaku.mhlw.go.jp/22/index.php?action_kouhyou_detail_004_kani=true&JigyosyoCd=2276900095-00&ServiceCd=430&Type=search", "url2": "http://www.enchu-fukushikai.or.jp/" }, "geometry": { "type": "Point", "coordinates": [ 137.83107080000002, 34.7150751 ] } },
{ "type": "Feature", "properties": { "内容": "結　居宅介護支援事業所【居宅介護支援】静岡県磐田市社山189", "url": "https://www.kaigokensaku.mhlw.go.jp/22/index.php?action_kouhyou_detail_004_kani=true&JigyosyoCd=2276901077-00&ServiceCd=430&Type=search", "url2": null }, "geometry": { "type": "Point", "coordinates": [ 137.8600521, 34.8161421 ] } },
{ "type": "Feature", "properties": { "内容": "第二遠州の園居宅介護支援事業所【居宅介護支援】磐田市鮫島１８０４－１", "url": "https://www.kaigokensaku.mhlw.go.jp/22/index.php?action_kouhyou_detail_004_kani=true&JigyosyoCd=2276700024-00&ServiceCd=430&Type=search", "url2": "http://www.tohtoumi-kouseien.or.jp/" }, "geometry": { "type": "Point", "coordinates": [ 137.8478854, 34.6678015 ] } },
{ "type": "Feature", "properties": { "内容": "白寿園居宅介護支援事業所【居宅介護支援】静岡県磐田市掛塚３１７２番地", "url": "https://www.kaigokensaku.mhlw.go.jp/22/index.php?action_kouhyou_detail_004_kani=true&JigyosyoCd=2276600034-00&ServiceCd=430&Type=search", "url2": "https://www.hakuju.jp" }, "geometry": { "type": "Point", "coordinates": [ 137.8039387, 34.6642444 ] } },
{ "type": "Feature", "properties": { "内容": "磐田市社協ケアサービス【居宅介護支援】磐田市見付３０７０番地１", "url": "https://www.kaigokensaku.mhlw.go.jp/22/index.php?action_kouhyou_detail_004_kani=true&JigyosyoCd=2276700016-00&ServiceCd=430&Type=search", "url2": "http://www.iwatashakyo.or.jp/" }, "geometry": { "type": "Point", "coordinates": [ 137.852588100000048, 34.7226917 ] } },
{ "type": "Feature", "properties": { "内容": "ケアプラン・そら【居宅介護支援】静岡県焼津市中里５５６‐１", "url": "https://www.kaigokensaku.mhlw.go.jp/22/index.php?action_kouhyou_detail_004_kani=true&JigyosyoCd=2275101653-00&ServiceCd=430&Type=search", "url2": "https://vastsky.jp/sora/" }, "geometry": { "type": "Point", "coordinates": [ 138.3153097, 34.880388 ] } },
{ "type": "Feature", "properties": { "内容": "介護よろず相談所　絆【居宅介護支援】焼津市駅北４丁目10番25号イムーブル・アン102", "url": "https://www.kaigokensaku.mhlw.go.jp/22/index.php?action_kouhyou_detail_004_kani=true&JigyosyoCd=2275100812-00&ServiceCd=430&Type=search", "url2": null }, "geometry": { "type": "Point", "coordinates": [ 138.318650837573273, 34.874486762686622 ] } },
{ "type": "Feature", "properties": { "内容": "居宅介護支援事業所　つばさ【居宅介護支援】焼津市田尻北７９２－１", "url": "https://www.kaigokensaku.mhlw.go.jp/22/index.php?action_kouhyou_detail_004_kani=true&JigyosyoCd=2275100242-00&ServiceCd=430&Type=search", "url2": "http://www.tubasa.or.jp" }, "geometry": { "type": "Point", "coordinates": [ 138.330058300000019, 34.8343994 ] } },
{ "type": "Feature", "properties": { "内容": "わんず【居宅介護支援】静岡県焼津市五ヶ堀之内834-3ビルトータス1階Ａ号", "url": "https://www.kaigokensaku.mhlw.go.jp/22/index.php?action_kouhyou_detail_004_kani=true&JigyosyoCd=2275101596-00&ServiceCd=430&Type=search", "url2": "http://www.ops2016.com" }, "geometry": { "type": "Point", "coordinates": [ 138.2973662, 34.8628972 ] } },
{ "type": "Feature", "properties": { "内容": "甲賀病院指定居宅介護支援事業所【居宅介護支援】焼津市大覚寺２丁目３０－１", "url": "https://www.kaigokensaku.mhlw.go.jp/22/index.php?action_kouhyou_detail_004_kani=true&JigyosyoCd=2215110376-00&ServiceCd=430&Type=search", "url2": "http://www.sunkohkai.or.jp/" }, "geometry": { "type": "Point", "coordinates": [ 138.299739899999963, 34.8757442 ] } },
{ "type": "Feature", "properties": { "内容": "焼津福祉サービスセンター【居宅介護支援】焼津市大覚寺3-2-2", "url": "https://www.kaigokensaku.mhlw.go.jp/22/index.php?action_kouhyou_detail_004_kani=true&JigyosyoCd=2275100028-00&ServiceCd=430&Type=search", "url2": "http://www.yaizu-shakyo.or.jp" }, "geometry": { "type": "Point", "coordinates": [ 138.3043864, 34.8757832 ] } },
{ "type": "Feature", "properties": { "内容": "居宅介護支援事業所　ケアセンターゆうゆう【居宅介護支援】焼津市田尻４番地", "url": "https://www.kaigokensaku.mhlw.go.jp/22/index.php?action_kouhyou_detail_004_kani=true&JigyosyoCd=2255180032-00&ServiceCd=430&Type=search", "url2": "http://yuuyuu-kaigo.com/" }, "geometry": { "type": "Point", "coordinates": [ 138.314938, 34.8302944 ] } },
{ "type": "Feature", "properties": { "内容": "ひよこ居宅介護支援事業所【居宅介護支援】焼津市西小川2丁目1-3J´プレイス201号", "url": "https://www.kaigokensaku.mhlw.go.jp/22/index.php?action_kouhyou_detail_004_kani=true&JigyosyoCd=2275101430-00&ServiceCd=430&Type=search", "url2": null }, "geometry": { "type": "Point", "coordinates": [ 138.3118187, 34.8590018 ] } },
{ "type": "Feature", "properties": { "内容": "大井川福祉サービスセンター【居宅介護支援】静岡県焼津市宗高５７２－１大井川福祉センターほほえみ", "url": "https://www.kaigokensaku.mhlw.go.jp/22/index.php?action_kouhyou_detail_004_kani=true&JigyosyoCd=2275100754-00&ServiceCd=430&Type=search", "url2": "http://www.yaizu-shakyo.or.jp" }, "geometry": { "type": "Point", "coordinates": [ 138.290650699999986, 34.803181699999989 ] } },
{ "type": "Feature", "properties": { "内容": "ケアプランセンターアイケア焼津【居宅介護支援】焼津市石津1丁目10-11", "url": "https://www.kaigokensaku.mhlw.go.jp/22/index.php?action_kouhyou_detail_004_kani=true&JigyosyoCd=2275100630-00&ServiceCd=430&Type=search", "url2": "http://www.aicare.co.jp" }, "geometry": { "type": "Point", "coordinates": [ 138.312168801852408, 34.841991098681831 ] } },
{ "type": "Feature", "properties": { "内容": "ゆみと居宅介護支援事業所【居宅介護支援】三ケ名1057-1フィレンツェ101", "url": "https://www.kaigokensaku.mhlw.go.jp/22/index.php?action_kouhyou_detail_004_kani=true&JigyosyoCd=2275101422-00&ServiceCd=430&Type=search", "url2": null }, "geometry": { "type": "Point", "coordinates": [ 138.304964199999972, 34.860237900000023 ] } },
{ "type": "Feature", "properties": { "内容": "福聚荘居宅介護支援事業所【居宅介護支援】焼津市大島649", "url": "https://www.kaigokensaku.mhlw.go.jp/22/index.php?action_kouhyou_detail_004_kani=true&JigyosyoCd=2275100077-00&ServiceCd=430&Type=search", "url2": "http://www.eiikukai.jp/" }, "geometry": { "type": "Point", "coordinates": [ 138.2822261, 34.8214597 ] } },
{ "type": "Feature", "properties": { "内容": "居宅介護支援事業所かがやき【居宅介護支援】焼津市駅北１丁目９番１２号", "url": "https://www.kaigokensaku.mhlw.go.jp/22/index.php?action_kouhyou_detail_004_kani=true&JigyosyoCd=2275100515-00&ServiceCd=430&Type=search", "url2": "http://care-net.biz/22/kagayaki/" }, "geometry": { "type": "Point", "coordinates": [ 138.319884199999933, 34.8745528 ] } },
{ "type": "Feature", "properties": { "内容": "コミュニティーケア高草　指定居宅介護支援事業所【居宅介護支援】焼津市方ノ上358-1", "url": "https://www.kaigokensaku.mhlw.go.jp/22/index.php?action_kouhyou_detail_004_kani=true&JigyosyoCd=2255180024-00&ServiceCd=430&Type=search", "url2": null }, "geometry": { "type": "Point", "coordinates": [ 138.3053582, 34.8927314 ] } },
{ "type": "Feature", "properties": { "内容": "とまと　居宅介護支援事業所【居宅介護支援】焼津市宗高848-1M’ｓビル　202", "url": "https://www.kaigokensaku.mhlw.go.jp/22/index.php?action_kouhyou_detail_004_kani=true&JigyosyoCd=2275100770-00&ServiceCd=430&Type=search", "url2": null }, "geometry": { "type": "Point", "coordinates": [ 138.288311381506333, 34.801243652405816 ] } },
{ "type": "Feature", "properties": { "内容": "わかくさ焼津ケアサポート【居宅介護支援】焼津市焼津６丁目７－３８", "url": "https://www.kaigokensaku.mhlw.go.jp/22/index.php?action_kouhyou_detail_004_kani=true&JigyosyoCd=2275100358-00&ServiceCd=430&Type=search", "url2": null }, "geometry": { "type": "Point", "coordinates": [ 138.3188427, 34.8658898 ] } },
{ "type": "Feature", "properties": { "内容": "セントケアやいづ【居宅介護支援】静岡県焼津市与惣次一丁目14番地1", "url": "https://www.kaigokensaku.mhlw.go.jp/22/index.php?action_kouhyou_detail_004_kani=true&JigyosyoCd=2275100713-00&ServiceCd=430&Type=search", "url2": null }, "geometry": { "type": "Point", "coordinates": [ 138.312115752461978, 34.845442483301859 ] } },
{ "type": "Feature", "properties": { "内容": "居宅介護支援事業所岡本石井病院【居宅介護支援】焼津市小川新町5丁目2-3", "url": "https://www.kaigokensaku.mhlw.go.jp/22/index.php?action_kouhyou_detail_004_kani=true&JigyosyoCd=2215110400-00&ServiceCd=430&Type=search", "url2": "www16.ocn.ne.jp/~seishin/" }, "geometry": { "type": "Point", "coordinates": [ 138.31799, 34.8534664 ] } },
{ "type": "Feature", "properties": { "内容": "するが西居宅介護支援事業所【居宅介護支援】焼津市中根新田1315駿河西病院", "url": "https://www.kaigokensaku.mhlw.go.jp/22/index.php?action_kouhyou_detail_004_kani=true&JigyosyoCd=2275100143-00&ServiceCd=430&Type=search", "url2": "http://www.ryouwa-kai.com/" }, "geometry": { "type": "Point", "coordinates": [ 138.286914300000035, 34.8291035 ] } },
{ "type": "Feature", "properties": { "内容": "焼津市医師会居宅介護支援事業所【居宅介護支援】焼津市西小川5丁目6番地の3", "url": "https://www.kaigokensaku.mhlw.go.jp/22/index.php?action_kouhyou_detail_004_kani=true&JigyosyoCd=2275100051-00&ServiceCd=430&Type=search", "url2": "http://www.yaizu.shizuoka.med.or.jp" }, "geometry": { "type": "Point", "coordinates": [ 138.306327900000042, 34.8574382 ] } },
{ "type": "Feature", "properties": { "内容": "ひまわり居宅介護支援事業所【居宅介護支援】焼津市中根１８１", "url": "https://www.kaigokensaku.mhlw.go.jp/22/index.php?action_kouhyou_detail_004_kani=true&JigyosyoCd=2275100606-00&ServiceCd=430&Type=search", "url2": null }, "geometry": { "type": "Point", "coordinates": [ 138.2976625, 34.8450484 ] } },
{ "type": "Feature", "properties": { "内容": "あおい荘ケアマネジメントセンター【居宅介護支援】焼津市一色４３５番地", "url": "https://www.kaigokensaku.mhlw.go.jp/22/index.php?action_kouhyou_detail_004_kani=true&JigyosyoCd=2275100069-00&ServiceCd=430&Type=search", "url2": "https://www.aoiso.net" }, "geometry": { "type": "Point", "coordinates": [ 138.31477730000006, 34.8239092 ] } },
{ "type": "Feature", "properties": { "内容": "コミュニティーケア大井川指定居宅介護支援事業所【居宅介護支援】相川577-1", "url": "https://www.kaigokensaku.mhlw.go.jp/22/index.php?action_kouhyou_detail_004_kani=true&JigyosyoCd=2255180057-00&ServiceCd=430&Type=search", "url2": null }, "geometry": { "type": "Point", "coordinates": [ 138.267111500000027, 34.8061312 ] } },
{ "type": "Feature", "properties": { "内容": "大井川睦園指定居宅介護支援事業所【居宅介護支援】静岡県焼津市高新田２３２６番５８", "url": "https://www.kaigokensaku.mhlw.go.jp/22/index.php?action_kouhyou_detail_004_kani=true&JigyosyoCd=2275200018-00&ServiceCd=430&Type=search", "url2": "http://www.mutumien.jp" }, "geometry": { "type": "Point", "coordinates": [ 138.31272869999998, 34.8021234 ] } },
{ "type": "Feature", "properties": { "内容": "ぺちか居宅介護支援事業所【居宅介護支援】与惣次2-9-5", "url": "https://www.kaigokensaku.mhlw.go.jp/22/index.php?action_kouhyou_detail_004_kani=true&JigyosyoCd=2275101646-00&ServiceCd=430&Type=search", "url2": "https://www.wille-mc.net/" }, "geometry": { "type": "Point", "coordinates": [ 138.311241700000011, 34.8452237 ] } },
{ "type": "Feature", "properties": { "内容": "ケアプラン　長者の森【居宅介護支援】焼津市三ヶ名558-4", "url": "https://www.kaigokensaku.mhlw.go.jp/22/index.php?action_kouhyou_detail_004_kani=true&JigyosyoCd=2275100499-00&ServiceCd=430&Type=search", "url2": "http://choujanomori.com" }, "geometry": { "type": "Point", "coordinates": [ 138.301426998994714, 34.856752766959183 ] } },
{ "type": "Feature", "properties": { "内容": "居宅介護支援事業所LINK【居宅介護支援】静岡県焼津市石津向町15－17", "url": "https://www.kaigokensaku.mhlw.go.jp/22/index.php?action_kouhyou_detail_004_kani=true&JigyosyoCd=2275101570-00&ServiceCd=430&Type=search", "url2": null }, "geometry": { "type": "Point", "coordinates": [ 138.322395300000011, 34.8422577 ] } },
{ "type": "Feature", "properties": { "内容": "たんぽぽ居宅介護支援事業所【居宅介護支援】静岡県焼津市下小田上町6番地の12", "url": "https://www.kaigokensaku.mhlw.go.jp/22/index.php?action_kouhyou_detail_004_kani=true&JigyosyoCd=2275100317-00&ServiceCd=430&Type=search", "url2": "https://yaizu-tanpopo.com" }, "geometry": { "type": "Point", "coordinates": [ 138.315396037820619, 34.838715060121089 ] } },
{ "type": "Feature", "properties": { "内容": "居宅介護支援事業所　つばさ豊田【居宅介護支援】焼津市保福島１２０２", "url": "https://www.kaigokensaku.mhlw.go.jp/22/index.php?action_kouhyou_detail_004_kani=true&JigyosyoCd=2275100671-00&ServiceCd=430&Type=search", "url2": "http://www.tubasatoyoda.jp" }, "geometry": { "type": "Point", "coordinates": [ 138.287691699999982, 34.8692533 ] } },
{ "type": "Feature", "properties": { "内容": "居宅介護支援事業所ごんべえ【居宅介護支援】静岡県焼津市西小川７丁目1-3", "url": "https://www.kaigokensaku.mhlw.go.jp/22/index.php?action_kouhyou_detail_004_kani=true&JigyosyoCd=2275101604-00&ServiceCd=430&Type=search", "url2": "https://www.gonbee.info" }, "geometry": { "type": "Point", "coordinates": [ 138.3081666, 34.8515435 ] } },
{ "type": "Feature", "properties": { "内容": "居宅介護支援事業所一休【居宅介護支援】静岡県焼津市中根新田1120番地1", "url": "https://www.kaigokensaku.mhlw.go.jp/22/index.php?action_kouhyou_detail_004_kani=true&JigyosyoCd=2275101240-00&ServiceCd=430&Type=search", "url2": "http://yaizu19.jp" }, "geometry": { "type": "Point", "coordinates": [ 138.29228020000005, 34.8308699 ] } },
{ "type": "Feature", "properties": { "内容": "高麓居宅介護支援事業所【居宅介護支援】焼津市坂本３８５－１", "url": "https://www.kaigokensaku.mhlw.go.jp/22/index.php?action_kouhyou_detail_004_kani=true&JigyosyoCd=2275100044-00&ServiceCd=430&Type=search", "url2": "http://www.kouroku.com/" }, "geometry": { "type": "Point", "coordinates": [ 138.309513299999907, 34.8910122 ] } },
{ "type": "Feature", "properties": { "内容": "ｼﾝｼｱｹｱﾌﾟﾗﾝｾﾝﾀｰ焼津【居宅介護支援】静岡県焼津市黒石1丁目4番地の34", "url": "https://www.kaigokensaku.mhlw.go.jp/22/index.php?action_kouhyou_detail_004_kani=true&JigyosyoCd=2275100994-00&ServiceCd=430&Type=search", "url2": "http:/www.gri.co.jp" }, "geometry": { "type": "Point", "coordinates": [ 138.30665895163034, 34.846071787092917 ] } },
{ "type": "Feature", "properties": { "内容": "有限会社オーテック　あげはり居宅介護支援事業所【居宅介護支援】掛川市上張９２５－８掛川プラザビル２F", "url": "https://www.kaigokensaku.mhlw.go.jp/22/index.php?action_kouhyou_detail_004_kani=true&JigyosyoCd=2277400152-00&ServiceCd=430&Type=search", "url2": "https://www.otecgrp.com" }, "geometry": { "type": "Point", "coordinates": [ 138.0206412, 34.7631231 ] } },
{ "type": "Feature", "properties": { "内容": "ケアプランセンター心楽【居宅介護支援】中央2丁目9-1", "url": "https://www.kaigokensaku.mhlw.go.jp/22/index.php?action_kouhyou_detail_004_kani=true&JigyosyoCd=2277400467-00&ServiceCd=430&Type=search", "url2": "http://kokora-kcp.xsrv.jp/gaiyo.html" }, "geometry": { "type": "Point", "coordinates": [ 140.123733799999968, 35.610176 ] } },
{ "type": "Feature", "properties": { "内容": "大東居宅介護支援事業所【居宅介護支援】掛川市下土方3584番地の1大東苑", "url": "https://www.kaigokensaku.mhlw.go.jp/22/index.php?action_kouhyou_detail_004_kani=true&JigyosyoCd=2276100035-00&ServiceCd=430&Type=search", "url2": "http://daitofukushikai.com/" }, "geometry": { "type": "Point", "coordinates": [ 138.043141, 34.6903472 ] } },
{ "type": "Feature", "properties": { "内容": "居宅介護支援事業所ききょう【居宅介護支援】静岡県掛川市下垂木115番地", "url": "https://www.kaigokensaku.mhlw.go.jp/22/index.php?action_kouhyou_detail_004_kani=true&JigyosyoCd=2277400822-00&ServiceCd=430&Type=search", "url2": null }, "geometry": { "type": "Point", "coordinates": [ 137.9871105, 34.7965732 ] } },
{ "type": "Feature", "properties": { "内容": "かけきた居宅介護支援事業所【居宅介護支援】静岡県掛川市水垂86-1", "url": "https://www.kaigokensaku.mhlw.go.jp/22/index.php?action_kouhyou_detail_004_kani=true&JigyosyoCd=2277400848-00&ServiceCd=430&Type=search", "url2": null }, "geometry": { "type": "Point", "coordinates": [ 138.0194634, 34.7820155 ] } },
{ "type": "Feature", "properties": { "内容": "みんなの薬局指定居宅介護支援事業所【居宅介護支援】掛川市下垂木２１４１－１", "url": "https://www.kaigokensaku.mhlw.go.jp/22/index.php?action_kouhyou_detail_004_kani=true&JigyosyoCd=2246210153-00&ServiceCd=430&Type=search", "url2": null }, "geometry": { "type": "Point", "coordinates": [ 137.978422, 34.779593200000015 ] } },
{ "type": "Feature", "properties": { "内容": "ケアプランセンターアイケア葛川【居宅介護支援】掛川市葛川310-3", "url": "https://www.kaigokensaku.mhlw.go.jp/22/index.php?action_kouhyou_detail_004_kani=true&JigyosyoCd=2277400194-00&ServiceCd=430&Type=search", "url2": "www.aicare.co.jp" }, "geometry": { "type": "Point", "coordinates": [ 138.0260237, 34.7740496 ] } },
{ "type": "Feature", "properties": { "内容": "指定居宅介護支援事業所　訪問看護S/T掛川【居宅介護支援】掛川市薗ヶ谷881番地の1掛川市東部地域健康医療支援センター内", "url": "https://www.kaigokensaku.mhlw.go.jp/22/index.php?action_kouhyou_detail_004_kani=true&JigyosyoCd=2266290010-00&ServiceCd=430&Type=search", "url2": null }, "geometry": { "type": "Point", "coordinates": [ 138.032761899999969, 34.7811825 ] } },
{ "type": "Feature", "properties": { "内容": "さやの家ケアサポートセンター【居宅介護支援】掛川市長谷1673", "url": "https://www.kaigokensaku.mhlw.go.jp/22/index.php?action_kouhyou_detail_004_kani=true&JigyosyoCd=2276200017-00&ServiceCd=430&Type=search", "url2": "http://www.tenryu-kohseikai.or.jp/" }, "geometry": { "type": "Point", "coordinates": [ 137.990346499999987, 34.7695638 ] } },
{ "type": "Feature", "properties": { "内容": "宮脇ケアサポートセンター【居宅介護支援】掛川市宮脇二丁目１６－３", "url": "https://www.kaigokensaku.mhlw.go.jp/22/index.php?action_kouhyou_detail_004_kani=true&JigyosyoCd=2276200082-00&ServiceCd=430&Type=search", "url2": "http://www.tenryu-kohseikai.or.jp/senior/miyawaki" }, "geometry": { "type": "Point", "coordinates": [ 138.029195499999986, 34.7819518 ] } },
{ "type": "Feature", "properties": { "内容": "神子の園居宅介護支援事業所【居宅介護支援】静岡県掛川市逆川１００", "url": "https://www.kaigokensaku.mhlw.go.jp/22/index.php?action_kouhyou_detail_004_kani=true&JigyosyoCd=2256280021-00&ServiceCd=430&Type=search", "url2": "http://www.mikosono.or.jp" }, "geometry": { "type": "Point", "coordinates": [ 138.040952899999979, 34.7804551 ] } },
{ "type": "Feature", "properties": { "内容": "おおすか苑居宅介護支援事業所【居宅介護支援】静岡県掛川市大渕4325番地の１", "url": "https://www.kaigokensaku.mhlw.go.jp/22/index.php?action_kouhyou_detail_004_kani=true&JigyosyoCd=2276100019-00&ServiceCd=430&Type=search", "url2": "http://www.oosukaen.or.jp" }, "geometry": { "type": "Point", "coordinates": [ 138.016579500000034, 34.6681879 ] } },
{ "type": "Feature", "properties": { "内容": "マザーズ長谷壱番館居宅介護支援事業所【居宅介護支援】静岡県掛川市長谷2丁目3番地の1", "url": "https://www.kaigokensaku.mhlw.go.jp/22/index.php?action_kouhyou_detail_004_kani=true&JigyosyoCd=2277400897-00&ServiceCd=430&Type=search", "url2": "https://www.kaigo-livent.jp" }, "geometry": { "type": "Point", "coordinates": [ 137.991967487483578, 34.767323296644939 ] } },
{ "type": "Feature", "properties": { "内容": "かけがわ苑居宅介護支援事業所【居宅介護支援】静岡県掛川市大池646番地1", "url": "https://www.kaigokensaku.mhlw.go.jp/22/index.php?action_kouhyou_detail_004_kani=true&JigyosyoCd=2276200033-00&ServiceCd=430&Type=search", "url2": "http://www.kake-en.or.jp" }, "geometry": { "type": "Point", "coordinates": [ 137.987560499999972, 34.7747188 ] } },
{ "type": "Feature", "properties": { "内容": "こでまり居宅介護支援事業所【居宅介護支援】静岡県掛川市下垂木2141-3", "url": "https://www.kaigokensaku.mhlw.go.jp/22/index.php?action_kouhyou_detail_004_kani=true&JigyosyoCd=2277400939-00&ServiceCd=430&Type=search", "url2": null }, "geometry": { "type": "Point", "coordinates": [ 137.978423799999973, 34.779606600000029 ] } },
{ "type": "Feature", "properties": { "内容": "ねねの里　居宅介護支援事業所【居宅介護支援】掛川市上内田875", "url": "https://www.kaigokensaku.mhlw.go.jp/22/index.php?action_kouhyou_detail_004_kani=true&JigyosyoCd=2276200264-00&ServiceCd=430&Type=search", "url2": "suzuki@nenenosato.co.jp" }, "geometry": { "type": "Point", "coordinates": [ 138.0418287, 34.7463147 ] } },
{ "type": "Feature", "properties": { "内容": "ニチイケアセンター掛川【居宅介護支援】掛川市天王町5-1", "url": "https://www.kaigokensaku.mhlw.go.jp/22/index.php?action_kouhyou_detail_004_kani=true&JigyosyoCd=2276200058-00&ServiceCd=430&Type=search", "url2": "http://www.hste09@nichiigakkann.co.jp" }, "geometry": { "type": "Point", "coordinates": [ 138.013585700000021, 34.7816876 ] } },
{ "type": "Feature", "properties": { "内容": "介護相談かなで大東　居宅介護支援事業所【居宅介護支援】静岡県掛川市大坂539（大東ショッピングプラザ「ピア」内）", "url": "https://www.kaigokensaku.mhlw.go.jp/22/index.php?action_kouhyou_detail_004_kani=true&JigyosyoCd=2277400889-00&ServiceCd=430&Type=search", "url2": null }, "geometry": { "type": "Point", "coordinates": [ 138.0462374, 34.6712546 ] } },
{ "type": "Feature", "properties": { "内容": "介護プランことぶき【居宅介護支援】静岡県掛川市国安2426番地東寿園", "url": "https://www.kaigokensaku.mhlw.go.jp/22/index.php?action_kouhyou_detail_004_kani=true&JigyosyoCd=2277400525-00&ServiceCd=430&Type=search", "url2": null }, "geometry": { "type": "Point", "coordinates": [ 138.0617018, 34.6554654 ] } },
{ "type": "Feature", "properties": { "内容": "ケアプランセンターふじわのもり【居宅介護支援】上土方嶺向2136-1", "url": "https://www.kaigokensaku.mhlw.go.jp/22/index.php?action_kouhyou_detail_004_kani=true&JigyosyoCd=2277400665-00&ServiceCd=430&Type=search", "url2": null }, "geometry": { "type": "Point", "coordinates": [ 138.036977100000058, 34.705277 ] } },
{ "type": "Feature", "properties": { "内容": "かかし介護相談所【居宅介護支援】静岡県掛川市入山瀬723番地の1", "url": "https://www.kaigokensaku.mhlw.go.jp/22/index.php?action_kouhyou_detail_004_kani=true&JigyosyoCd=2277400772-00&ServiceCd=430&Type=search", "url2": null }, "geometry": { "type": "Point", "coordinates": [ 138.023765186508172, 34.72648273179982 ] } },
{ "type": "Feature", "properties": { "内容": "ケアステーション明日香【居宅介護支援】掛川市杉谷南1-1-30中部ふくしあ内", "url": "https://www.kaigokensaku.mhlw.go.jp/22/index.php?action_kouhyou_detail_004_kani=true&JigyosyoCd=2276200025-00&ServiceCd=430&Type=search", "url2": "http://www.ryouwa-kai.com/" }, "geometry": { "type": "Point", "coordinates": [ 138.027118774521568, 34.760259002920847 ] } },
{ "type": "Feature", "properties": { "内容": "ケアプランセンター豆ランプ【居宅介護支援】静岡県藤枝市駅前2-1-17", "url": "https://www.kaigokensaku.mhlw.go.jp/22/index.php?action_kouhyou_detail_004_kani=true&JigyosyoCd=2275301576-00&ServiceCd=430&Type=search", "url2": "http://www.sense-of-fun.co.jp/" }, "geometry": { "type": "Point", "coordinates": [ 138.250019590861569, 34.850624084780044 ] } },
{ "type": "Feature", "properties": { "内容": "あまてらす【居宅介護支援】静岡県藤枝市泉町4-5フローラ泉町C-106", "url": "https://www.kaigokensaku.mhlw.go.jp/22/index.php?action_kouhyou_detail_004_kani=true&JigyosyoCd=2275302012-00&ServiceCd=430&Type=search", "url2": null }, "geometry": { "type": "Point", "coordinates": [ 138.265262917762016, 34.831536267257498 ] } },
{ "type": "Feature", "properties": { "内容": "こもれびケアマネジメント事業所【居宅介護支援】静岡県藤枝市立花3丁目6番地の５", "url": "https://www.kaigokensaku.mhlw.go.jp/22/index.php?action_kouhyou_detail_004_kani=true&JigyosyoCd=2275301097-00&ServiceCd=430&Type=search", "url2": null }, "geometry": { "type": "Point", "coordinates": [ 138.285958299999947, 34.8782911 ] } },
{ "type": "Feature", "properties": { "内容": "まごころ介護サービス藤枝南【居宅介護支援】藤枝市大洲4丁目12-13", "url": "https://www.kaigokensaku.mhlw.go.jp/22/index.php?action_kouhyou_detail_004_kani=true&JigyosyoCd=2275300561-00&ServiceCd=430&Type=search", "url2": "http://www.magokorokaigo.com" }, "geometry": { "type": "Point", "coordinates": [ 138.259417399999961, 34.8278464 ] } },
{ "type": "Feature", "properties": { "内容": "亀寿の郷指定居宅介護支援事業所【居宅介護支援】静岡県藤枝市岡部町内谷１３３４番地の４", "url": "https://www.kaigokensaku.mhlw.go.jp/22/index.php?action_kouhyou_detail_004_kani=true&JigyosyoCd=2275200026-00&ServiceCd=430&Type=search", "url2": "http://hadukikai.jp/kijyunosato/" }, "geometry": { "type": "Point", "coordinates": [ 138.289700453967271, 34.908491420508874 ] } },
{ "type": "Feature", "properties": { "内容": "ニチイケアセンター藤枝【居宅介護支援】静岡県藤枝市瀬古２丁目１２－４", "url": "https://www.kaigokensaku.mhlw.go.jp/22/index.php?action_kouhyou_detail_004_kani=true&JigyosyoCd=2275300115-00&ServiceCd=430&Type=search", "url2": "http://www.nichiigakkan.co.jp" }, "geometry": { "type": "Point", "coordinates": [ 138.241323800000032, 34.8638006 ] } },
{ "type": "Feature", "properties": { "内容": "居宅介護支援事業所　愛華の郷【居宅介護支援】静岡県藤枝市大東町58番地", "url": "https://www.kaigokensaku.mhlw.go.jp/22/index.php?action_kouhyou_detail_004_kani=true&JigyosyoCd=2275300446-00&ServiceCd=430&Type=search", "url2": "http://aikanosato.com/" }, "geometry": { "type": "Point", "coordinates": [ 138.262400399999933, 34.824833100000021 ] } },
{ "type": "Feature", "properties": { "内容": "夢コープ　しだ事業所【居宅介護支援】藤枝市平島602-96", "url": "https://www.kaigokensaku.mhlw.go.jp/22/index.php?action_kouhyou_detail_004_kani=true&JigyosyoCd=2275300347-00&ServiceCd=430&Type=search", "url2": "https://yumecoop.com" }, "geometry": { "type": "Point", "coordinates": [ 138.2874498, 34.8803186 ] } },
{ "type": "Feature", "properties": { "内容": "NASA介護スペース五十海【居宅介護支援】藤枝市五十海2-1-4", "url": "https://www.kaigokensaku.mhlw.go.jp/22/index.php?action_kouhyou_detail_004_kani=true&JigyosyoCd=2275300669-00&ServiceCd=430&Type=search", "url2": "nasa-corp.jp" }, "geometry": { "type": "Point", "coordinates": [ 138.257677699999931, 34.8790046 ] } },
{ "type": "Feature", "properties": { "内容": "居宅介護支援　グリーンヒルズ藤枝【居宅介護支援】藤枝市宮原４２０－１", "url": "https://www.kaigokensaku.mhlw.go.jp/22/index.php?action_kouhyou_detail_004_kani=true&JigyosyoCd=2255380020-00&ServiceCd=430&Type=search", "url2": "https://g-hills.jp" }, "geometry": { "type": "Point", "coordinates": [ 138.204757599999965, 34.8970948 ] } },
{ "type": "Feature", "properties": { "内容": "社会福祉法人藤枝市社会福祉協議会指定居宅介護支援事業所【居宅介護支援】静岡県藤枝市瀬戸新屋83番地の6", "url": "https://www.kaigokensaku.mhlw.go.jp/22/index.php?action_kouhyou_detail_004_kani=true&JigyosyoCd=2275300016-00&ServiceCd=430&Type=search", "url2": "http://www.fujiedashakyo.jp" }, "geometry": { "type": "Point", "coordinates": [ 138.243607200000042, 34.8505991 ] } },
{ "type": "Feature", "properties": { "内容": "指定居宅介護支援事業所スマイル優【居宅介護支援】静岡県藤枝市高柳1丁目15番21号", "url": "https://www.kaigokensaku.mhlw.go.jp/22/index.php?action_kouhyou_detail_004_kani=true&JigyosyoCd=2275300248-00&ServiceCd=430&Type=search", "url2": null }, "geometry": { "type": "Point", "coordinates": [ 138.265649599999961, 34.8526523 ] } },
{ "type": "Feature", "properties": { "内容": "ゆずりは【居宅介護支援】静岡県藤枝市高柳１－８－３６", "url": "https://www.kaigokensaku.mhlw.go.jp/22/index.php?action_kouhyou_detail_004_kani=true&JigyosyoCd=2275301352-00&ServiceCd=430&Type=search", "url2": null }, "geometry": { "type": "Point", "coordinates": [ 138.26470530000006, 34.8500859 ] } },
{ "type": "Feature", "properties": { "内容": "いちご居宅支援センター【居宅介護支援】藤枝市小石川町2丁目11-7", "url": "https://www.kaigokensaku.mhlw.go.jp/22/index.php?action_kouhyou_detail_004_kani=true&JigyosyoCd=2275300628-00&ServiceCd=430&Type=search", "url2": "http://web.thn.jp/ichigo/" }, "geometry": { "type": "Point", "coordinates": [ 138.256386600000042, 34.8554379 ] } },
{ "type": "Feature", "properties": { "内容": "コミュニティケアー藤枝　指定居宅介護支援事業所【居宅介護支援】静岡県藤枝市藤枝3-13-8", "url": "https://www.kaigokensaku.mhlw.go.jp/22/index.php?action_kouhyou_detail_004_kani=true&JigyosyoCd=2275301071-00&ServiceCd=430&Type=search", "url2": null }, "geometry": { "type": "Point", "coordinates": [ 138.2522533, 34.8719834 ] } },
{ "type": "Feature", "properties": { "内容": "ケアマネージメントセンター　フォレスタ藤枝【居宅介護支援】藤枝市小石川町２－８－１３", "url": "https://www.kaigokensaku.mhlw.go.jp/22/index.php?action_kouhyou_detail_004_kani=true&JigyosyoCd=2275300362-00&ServiceCd=430&Type=search", "url2": "http://www.forestafujieda.jp/" }, "geometry": { "type": "Point", "coordinates": [ 138.256497699999954, 34.8567267 ] } },
{ "type": "Feature", "properties": { "内容": "アースケアプラン藤枝【居宅介護支援】静岡県藤枝市岡出山１丁目９番15号2階", "url": "https://www.kaigokensaku.mhlw.go.jp/22/index.php?action_kouhyou_detail_004_kani=true&JigyosyoCd=2275301543-00&ServiceCd=430&Type=search", "url2": null }, "geometry": { "type": "Point", "coordinates": [ 138.257468737955833, 34.868173925139999 ] } },
{ "type": "Feature", "properties": { "内容": "岡出山居宅介護支援　グリーンヒルズ藤枝【居宅介護支援】静岡県藤枝市岡出山２丁目10-7コーポスズキA-2", "url": "https://www.kaigokensaku.mhlw.go.jp/22/index.php?action_kouhyou_detail_004_kani=true&JigyosyoCd=2275301923-00&ServiceCd=430&Type=search", "url2": null }, "geometry": { "type": "Point", "coordinates": [ 138.258597139252089, 34.867564620296669 ] } },
{ "type": "Feature", "properties": { "内容": "開寿園居宅介護支援事業所【居宅介護支援】藤枝市中ノ合252番地の1", "url": "https://www.kaigokensaku.mhlw.go.jp/22/index.php?action_kouhyou_detail_004_kani=true&JigyosyoCd=2275300065-00&ServiceCd=430&Type=search", "url2": "http://www.fusuikai.jp" }, "geometry": { "type": "Point", "coordinates": [ 138.250361699999985, 34.904734 ] } },
{ "type": "Feature", "properties": { "内容": "ふじトピア居宅介護支援事業所【居宅介護支援】静岡県藤枝市時ケ谷　４１７番地２", "url": "https://www.kaigokensaku.mhlw.go.jp/22/index.php?action_kouhyou_detail_004_kani=true&JigyosyoCd=2275300214-00&ServiceCd=430&Type=search", "url2": "https://fujitopia.jp/" }, "geometry": { "type": "Point", "coordinates": [ 138.258649900000023, 34.8858675 ] } },
{ "type": "Feature", "properties": { "内容": "ベストサポート【居宅介護支援】藤枝市瀬戸新屋487番地の2", "url": "https://www.kaigokensaku.mhlw.go.jp/22/index.php?action_kouhyou_detail_004_kani=true&JigyosyoCd=2275300545-00&ServiceCd=430&Type=search", "url2": null }, "geometry": { "type": "Point", "coordinates": [ 138.238882399999966, 34.857951 ] } },
{ "type": "Feature", "properties": { "内容": "居宅介護支援事業所菜の花【居宅介護支援】藤枝市内瀬戸194番地の1", "url": "https://www.kaigokensaku.mhlw.go.jp/22/index.php?action_kouhyou_detail_004_kani=true&JigyosyoCd=2275301196-00&ServiceCd=430&Type=search", "url2": "http://seikeikai.info/" }, "geometry": { "type": "Point", "coordinates": [ 138.233782900000051, 34.8530013 ] } },
{ "type": "Feature", "properties": { "内容": "居宅介護支援ココケア【居宅介護支援】静岡県藤枝市青木2丁目18番3号青木ビル２FC", "url": "https://www.kaigokensaku.mhlw.go.jp/22/index.php?action_kouhyou_detail_004_kani=true&JigyosyoCd=2275301816-00&ServiceCd=430&Type=search", "url2": "https://www.coco-care.net" }, "geometry": { "type": "Point", "coordinates": [ 138.25376510000001, 34.8579115 ] } },
{ "type": "Feature", "properties": { "内容": "ケアプランセンター太明堂【居宅介護支援】静岡県藤枝市音羽町3丁目9-15", "url": "https://www.kaigokensaku.mhlw.go.jp/22/index.php?action_kouhyou_detail_004_kani=true&JigyosyoCd=2275300503-00&ServiceCd=430&Type=search", "url2": "http://www.taimeido.com" }, "geometry": { "type": "Point", "coordinates": [ 138.238526699999966, 34.8736022 ] } },
{ "type": "Feature", "properties": { "内容": "居宅介護支援事業所　ゴールドエイジ藤枝【居宅介護支援】静岡県藤枝市本町2-1-35ゴールドエイジ藤枝", "url": "https://www.kaigokensaku.mhlw.go.jp/22/index.php?action_kouhyou_detail_004_kani=true&JigyosyoCd=2275301642-00&ServiceCd=430&Type=search", "url2": "https://www.goldage.co.jp" }, "geometry": { "type": "Point", "coordinates": [ 138.261371899999972, 34.8737804 ] } },
{ "type": "Feature", "properties": { "内容": "ケアプランセンターリヤンドファミーユ【居宅介護支援】静岡県藤枝市駅前一丁目8番11号", "url": "https://www.kaigokensaku.mhlw.go.jp/22/index.php?action_kouhyou_detail_004_kani=true&JigyosyoCd=2275301840-00&ServiceCd=430&Type=search", "url2": "https://liendefamille.jp/" }, "geometry": { "type": "Point", "coordinates": [ 138.25301060000001, 34.8500829 ] } },
{ "type": "Feature", "properties": { "内容": "さくらの里【居宅介護支援】田沼1丁目27番15号さくらビル", "url": "https://www.kaigokensaku.mhlw.go.jp/22/index.php?action_kouhyou_detail_004_kani=true&JigyosyoCd=2275301022-00&ServiceCd=430&Type=search", "url2": null }, "geometry": { "type": "Point", "coordinates": [ 138.257484, 34.8469943 ] } },
{ "type": "Feature", "properties": { "内容": "居宅介護支援事業所　ゆめ広場【居宅介護支援】静岡県藤枝市青葉町2丁目1番47号", "url": "https://www.kaigokensaku.mhlw.go.jp/22/index.php?action_kouhyou_detail_004_kani=true&JigyosyoCd=2275301782-00&ServiceCd=430&Type=search", "url2": "https://nishikino.net/" }, "geometry": { "type": "Point", "coordinates": [ 138.24651819999994, 34.8456885 ] } },
{ "type": "Feature", "properties": { "内容": "のぞみ居宅介護支援事業所【居宅介護支援】藤枝市前島３－７－５", "url": "https://www.kaigokensaku.mhlw.go.jp/22/index.php?action_kouhyou_detail_004_kani=true&JigyosyoCd=2265390035-00&ServiceCd=430&Type=search", "url2": "http://oiwanaika0018.hs.plala.or.jp/fujieda.html" }, "geometry": { "type": "Point", "coordinates": [ 138.251520699999986, 34.8428139 ] } },
{ "type": "Feature", "properties": { "内容": "ケアプラン笑楽日【居宅介護支援】静岡県静岡市岡部町岡部437番地の3", "url": "https://www.kaigokensaku.mhlw.go.jp/22/index.php?action_kouhyou_detail_004_kani=true&JigyosyoCd=2275301683-00&ServiceCd=430&Type=search", "url2": null }, "geometry": { "type": "Point", "coordinates": [ 138.280466620237718, 34.916970993644 ] } },
{ "type": "Feature", "properties": { "内容": "第２開寿園居宅介護支援事業所【居宅介護支援】静岡県藤枝市青南町1丁目12番地の13", "url": "https://www.kaigokensaku.mhlw.go.jp/22/index.php?action_kouhyou_detail_004_kani=true&JigyosyoCd=2275300073-00&ServiceCd=430&Type=search", "url2": "http://www.fusuikai.jp/" }, "geometry": { "type": "Point", "coordinates": [ 138.240627099999983, 34.8363586 ] } },
{ "type": "Feature", "properties": { "内容": "三輪医院居宅介護支援センター【居宅介護支援】藤枝市岡部町内谷６０－２", "url": "https://www.kaigokensaku.mhlw.go.jp/22/index.php?action_kouhyou_detail_004_kani=true&JigyosyoCd=2215210010-00&ServiceCd=430&Type=search", "url2": "http://www.e-miwasan.com/" }, "geometry": { "type": "Point", "coordinates": [ 138.280936827061396, 34.913029265294604 ] } },
{ "type": "Feature", "properties": { "内容": "きらら藤枝ケアプランセンター【居宅介護支援】藤枝市八幡198", "url": "https://www.kaigokensaku.mhlw.go.jp/22/index.php?action_kouhyou_detail_004_kani=true&JigyosyoCd=2275300834-00&ServiceCd=430&Type=search", "url2": "http://www.kenminkouseikai.net/" }, "geometry": { "type": "Point", "coordinates": [ 138.274598200000014, 34.8856595 ] } },
{ "type": "Feature", "properties": { "内容": "やすらぎケアプランセンター【居宅介護支援】静岡県藤枝市水守2丁目9-27", "url": "https://www.kaigokensaku.mhlw.go.jp/22/index.php?action_kouhyou_detail_004_kani=true&JigyosyoCd=2275300487-00&ServiceCd=430&Type=search", "url2": "https://www.yasuragikaigo.com" }, "geometry": { "type": "Point", "coordinates": [ 138.273524108796693, 34.87786959476918 ] } },
{ "type": "Feature", "properties": { "内容": "富岳リリーフセンター【居宅介護支援】静岡県御殿場市神山１９２５番地の１１９３", "url": "https://www.kaigokensaku.mhlw.go.jp/22/index.php?action_kouhyou_detail_004_kani=true&JigyosyoCd=2271200046-00&ServiceCd=430&Type=search", "url2": "http://www.fugakukai.com/" }, "geometry": { "type": "Point", "coordinates": [ 138.9023532, 35.2347848 ] } },
{ "type": "Feature", "properties": { "内容": "(有)ディアハウスウダガワ　ケアプランけやき【居宅介護支援】静岡県御殿場市御殿場市萩原１２７３－１４", "url": "https://www.kaigokensaku.mhlw.go.jp/22/index.php?action_kouhyou_detail_004_kani=true&JigyosyoCd=2271200830-00&ServiceCd=430&Type=search", "url2": null }, "geometry": { "type": "Point", "coordinates": [ 138.929689599999989, 35.2949566 ] } },
{ "type": "Feature", "properties": { "内容": "ほほえみ居宅介護支援事業所【居宅介護支援】静岡県御殿場市西田中452-3", "url": "https://www.kaigokensaku.mhlw.go.jp/22/index.php?action_kouhyou_detail_004_kani=true&JigyosyoCd=2271200418-00&ServiceCd=430&Type=search", "url2": "https://www.hohoemi-ikou.com/" }, "geometry": { "type": "Point", "coordinates": [ 138.956539600000042, 35.3068796 ] } },
{ "type": "Feature", "properties": { "内容": "御殿場市社会福祉協議会　居宅介護支援事業所【居宅介護支援】御殿場市萩原９８８－１", "url": "https://www.kaigokensaku.mhlw.go.jp/22/index.php?action_kouhyou_detail_004_kani=true&JigyosyoCd=2271200061-00&ServiceCd=430&Type=search", "url2": "http://gosyakyo.jp" }, "geometry": { "type": "Point", "coordinates": [ 138.909892799999966, 35.3117522 ] } },
{ "type": "Feature", "properties": { "内容": "フジ虎ノ門居宅介護支援センター【居宅介護支援】静岡県御殿場市杉名沢131-1", "url": "https://www.kaigokensaku.mhlw.go.jp/22/index.php?action_kouhyou_detail_004_kani=true&JigyosyoCd=2251280026-00&ServiceCd=430&Type=search", "url2": "http://www:toranomon.or.jp/" }, "geometry": { "type": "Point", "coordinates": [ 138.918605699999944, 35.2953993 ] } },
{ "type": "Feature", "properties": { "内容": "白雪居宅介護支援センター【居宅介護支援】御殿場市杉名沢字久保田３５１番地", "url": "https://www.kaigokensaku.mhlw.go.jp/22/index.php?action_kouhyou_detail_004_kani=true&JigyosyoCd=2271200277-00&ServiceCd=430&Type=search", "url2": "http://www.hakuyu-kai.or.jp" }, "geometry": { "type": "Point", "coordinates": [ 138.91541170000005, 35.2947298 ] } },
{ "type": "Feature", "properties": { "内容": "ケアサポートひなた【居宅介護支援】静岡県御殿場市中山455番地の6", "url": "https://www.kaigokensaku.mhlw.go.jp/22/index.php?action_kouhyou_detail_004_kani=true&JigyosyoCd=2271200574-00&ServiceCd=430&Type=search", "url2": "https://hinata-gotemba.com/" }, "geometry": { "type": "Point", "coordinates": [ 138.922007677645894, 35.255107631384519 ] } },
{ "type": "Feature", "properties": { "内容": "株式会社スルガケアサービス　御殿場事業所【居宅介護支援】御殿場市萩原７７９－２８", "url": "https://www.kaigokensaku.mhlw.go.jp/22/index.php?action_kouhyou_detail_004_kani=true&JigyosyoCd=2271200012-00&ServiceCd=430&Type=search", "url2": "http://www.surugacare.com/" }, "geometry": { "type": "Point", "coordinates": [ 138.928723600000012, 35.3062732 ] } },
{ "type": "Feature", "properties": { "内容": "居宅介護支援事業所　かつまた【居宅介護支援】静岡県御殿場市中山935番地の12", "url": "https://www.kaigokensaku.mhlw.go.jp/22/index.php?action_kouhyou_detail_004_kani=true&JigyosyoCd=2271200707-00&ServiceCd=430&Type=search", "url2": null }, "geometry": { "type": "Point", "coordinates": [ 138.91481, 35.2540938 ] } },
{ "type": "Feature", "properties": { "内容": "御殿場十字の園居宅介護支援事業所【居宅介護支援】御殿場市深沢１４６５番地の1", "url": "https://www.kaigokensaku.mhlw.go.jp/22/index.php?action_kouhyou_detail_004_kani=true&JigyosyoCd=2271200053-00&ServiceCd=430&Type=search", "url2": "http://www.jyuji.or.jp/" }, "geometry": { "type": "Point", "coordinates": [ 138.959625299999971, 35.3122431 ] } },
{ "type": "Feature", "properties": { "内容": "ニチイケアセンター袋井【居宅介護支援】袋井市新屋3-1-21", "url": "https://www.kaigokensaku.mhlw.go.jp/22/index.php?action_kouhyou_detail_004_kani=true&JigyosyoCd=2276400054-00&ServiceCd=430&Type=search", "url2": "http://www.nichiigakkann.co.jp" }, "geometry": { "type": "Point", "coordinates": [ 137.929101100000025, 34.7505957 ] } },
{ "type": "Feature", "properties": { "内容": "ケアプラン優【居宅介護支援】川井1184-1", "url": "https://www.kaigokensaku.mhlw.go.jp/22/index.php?action_kouhyou_detail_004_kani=true&JigyosyoCd=2277300725-00&ServiceCd=430&Type=search", "url2": null }, "geometry": { "type": "Point", "coordinates": [ 137.911692, 34.747339 ] } },
{ "type": "Feature", "properties": { "内容": "明和苑居宅介護支援事業所【居宅介護支援】袋井市宇刈８５０－１", "url": "https://www.kaigokensaku.mhlw.go.jp/22/index.php?action_kouhyou_detail_004_kani=true&JigyosyoCd=2276400039-00&ServiceCd=430&Type=search", "url2": "http://www.meiwakai.jp" }, "geometry": { "type": "Point", "coordinates": [ 137.922245400000065, 34.7923073 ] } },
{ "type": "Feature", "properties": { "内容": "ケアプラン　ルピナース袋井【居宅介護支援】静岡県袋井市久能1701-1", "url": "https://www.kaigokensaku.mhlw.go.jp/22/index.php?action_kouhyou_detail_004_kani=true&JigyosyoCd=2267390058-00&ServiceCd=430&Type=search", "url2": null }, "geometry": { "type": "Point", "coordinates": [ 137.917521099999988, 34.7596798 ] } },
{ "type": "Feature", "properties": { "内容": "ここあい袋井【居宅介護支援】静岡県袋井市下山梨2006-5", "url": "https://www.kaigokensaku.mhlw.go.jp/22/index.php?action_kouhyou_detail_004_kani=true&JigyosyoCd=2277300576-00&ServiceCd=430&Type=search", "url2": null }, "geometry": { "type": "Point", "coordinates": [ 137.912313553878221, 34.773587099999986 ] } },
{ "type": "Feature", "properties": { "内容": "ケアプランセンター和の湯【居宅介護支援】静岡県袋井市諸井2050番地3", "url": "https://www.kaigokensaku.mhlw.go.jp/22/index.php?action_kouhyou_detail_004_kani=true&JigyosyoCd=2277300592-00&ServiceCd=430&Type=search", "url2": null }, "geometry": { "type": "Point", "coordinates": [ 137.927386199397262, 34.730337938409114 ] } },
{ "type": "Feature", "properties": { "内容": "居宅介護支援事業所リフトライフ【居宅介護支援】静岡県袋井市湊944-6リフトライフ湊", "url": "https://www.kaigokensaku.mhlw.go.jp/22/index.php?action_kouhyou_detail_004_kani=true&JigyosyoCd=2277300600-00&ServiceCd=430&Type=search", "url2": "http:www.liftlife.co.jp" }, "geometry": { "type": "Point", "coordinates": [ 137.923966158044095, 34.679315483299554 ] } },
{ "type": "Feature", "properties": { "内容": "袋井ゆうあいの里居宅介護支援事業所【居宅介護支援】静岡県袋井市小山1410-1", "url": "https://www.kaigokensaku.mhlw.go.jp/22/index.php?action_kouhyou_detail_004_kani=true&JigyosyoCd=2277300048-00&ServiceCd=430&Type=search", "url2": "http://www.enchu-fukushikai.or.jp/" }, "geometry": { "type": "Point", "coordinates": [ 137.889095480256628, 34.750070433336283 ] } },
{ "type": "Feature", "properties": { "内容": "みつはし居宅介護支援センター【居宅介護支援】西田20-1", "url": "https://www.kaigokensaku.mhlw.go.jp/22/index.php?action_kouhyou_detail_004_kani=true&JigyosyoCd=2277300246-00&ServiceCd=430&Type=search", "url2": "//www.fukuju-kai.or.jp" }, "geometry": { "type": "Point", "coordinates": [ 137.91337439510653, 34.742351686810821 ] } },
{ "type": "Feature", "properties": { "内容": "ディアコニア支援センター【居宅介護支援】袋井市山崎5902-167", "url": "https://www.kaigokensaku.mhlw.go.jp/22/index.php?action_kouhyou_detail_004_kani=true&JigyosyoCd=2276400252-00&ServiceCd=430&Type=search", "url2": "http//www.denmark-bokujyo.or.jp" }, "geometry": { "type": "Point", "coordinates": [ 137.974092400000018, 34.7090543 ] } },
{ "type": "Feature", "properties": { "内容": "紅紫萩居宅介護支援センター【居宅介護支援】袋井市高尾１４６８", "url": "https://www.kaigokensaku.mhlw.go.jp/22/index.php?action_kouhyou_detail_004_kani=true&JigyosyoCd=2276400021-00&ServiceCd=430&Type=search", "url2": "http://koshikai.or.jp/shisetsu/koushihagi/index.html" }, "geometry": { "type": "Point", "coordinates": [ 137.929609699999986, 34.7321451 ] } },
{ "type": "Feature", "properties": { "内容": "萬松の里居宅介護支援事業所【居宅介護支援】袋井市久能2891", "url": "https://www.kaigokensaku.mhlw.go.jp/22/index.php?action_kouhyou_detail_004_kani=true&JigyosyoCd=2276400229-00&ServiceCd=430&Type=search", "url2": "http://www.banshoukai.com/" }, "geometry": { "type": "Point", "coordinates": [ 137.91933240000003, 34.7730873 ] } },
{ "type": "Feature", "properties": { "内容": "浅羽ケアマネジメントセンター【居宅介護支援】袋井市浅羽4140", "url": "https://www.kaigokensaku.mhlw.go.jp/22/index.php?action_kouhyou_detail_004_kani=true&JigyosyoCd=2276600042-00&ServiceCd=430&Type=search", "url2": "hppt://www18.ocn.ne.jp/~sanpo/" }, "geometry": { "type": "Point", "coordinates": [ 137.936757760804795, 34.713822551627189 ] } },
{ "type": "Feature", "properties": { "内容": "むらまつ居宅介護支援事業所【居宅介護支援】静岡県袋井市下山梨2-10-29", "url": "https://www.kaigokensaku.mhlw.go.jp/22/index.php?action_kouhyou_detail_004_kani=true&JigyosyoCd=2277300196-00&ServiceCd=430&Type=search", "url2": null }, "geometry": { "type": "Point", "coordinates": [ 137.909765042852769, 34.781428725707542 ] } },
{ "type": "Feature", "properties": { "内容": "合同会社　ケアマネハウスくるみ【居宅介護支援】静岡県袋井市方丈1丁目2番地の３８", "url": "https://www.kaigokensaku.mhlw.go.jp/22/index.php?action_kouhyou_detail_004_kani=true&JigyosyoCd=2277300501-00&ServiceCd=430&Type=search", "url2": null }, "geometry": { "type": "Point", "coordinates": [ 137.9299122, 34.7480683 ] } },
{ "type": "Feature", "properties": { "内容": "社会福祉法人　下田市社会福祉協議会　指定居宅介護支援事業所【居宅介護支援】下田市四丁目1番1号総合福祉会館内", "url": "https://www.kaigokensaku.mhlw.go.jp/22/index.php?action_kouhyou_detail_004_kani=true&JigyosyoCd=2270200021-00&ServiceCd=430&Type=search", "url2": "http://www.shimoda-shakyo.or.jp" }, "geometry": { "type": "Point", "coordinates": [ 138.942339254983608, 34.675964788684688 ] } },
{ "type": "Feature", "properties": { "内容": "介護サービス銀の鈴【居宅介護支援】下田市西中2-4", "url": "https://www.kaigokensaku.mhlw.go.jp/22/index.php?action_kouhyou_detail_004_kani=true&JigyosyoCd=2270200054-00&ServiceCd=430&Type=search", "url2": "https://silverbel.jp" }, "geometry": { "type": "Point", "coordinates": [ 138.9409412, 34.690996 ] } },
{ "type": "Feature", "properties": { "内容": "ケアプランセンターみくら【居宅介護支援】下田市吉佐美１０８６番地", "url": "https://www.kaigokensaku.mhlw.go.jp/22/index.php?action_kouhyou_detail_004_kani=true&JigyosyoCd=2270200179-00&ServiceCd=430&Type=search", "url2": "http://www.shiyuukai.or.jp" }, "geometry": { "type": "Point", "coordinates": [ 138.914027900000065, 34.6719507 ] } },
{ "type": "Feature", "properties": { "内容": "イーケアサービス【居宅介護支援】静岡県下田市大賀茂１４６番地笹本ビル３階", "url": "https://www.kaigokensaku.mhlw.go.jp/22/index.php?action_kouhyou_detail_004_kani=true&JigyosyoCd=2270200146-00&ServiceCd=430&Type=search", "url2": "https://e-careservice.com" }, "geometry": { "type": "Point", "coordinates": [ 138.916859, 34.6764859 ] } },
{ "type": "Feature", "properties": { "内容": "富士伊豆農業協同組合福祉相談センター【居宅介護支援】静岡県下田市柿崎22-9", "url": "https://www.kaigokensaku.mhlw.go.jp/22/index.php?action_kouhyou_detail_004_kani=true&JigyosyoCd=2270200294-00&ServiceCd=430&Type=search", "url2": null }, "geometry": { "type": "Point", "coordinates": [ 138.960161100000022, 34.677193400000021 ] } },
{ "type": "Feature", "properties": { "内容": "介護サービスとのおか【居宅介護支援】下田市吉佐美　1075-1", "url": "https://www.kaigokensaku.mhlw.go.jp/22/index.php?action_kouhyou_detail_004_kani=true&JigyosyoCd=2270200104-00&ServiceCd=430&Type=search", "url2": null }, "geometry": { "type": "Point", "coordinates": [ 138.913525908598331, 34.670526183268699 ] } },
{ "type": "Feature", "properties": { "内容": "ケアセンターうばめがし下田【居宅介護支援】静岡県下田市東本郷二丁目６番２号", "url": "https://www.kaigokensaku.mhlw.go.jp/22/index.php?action_kouhyou_detail_004_kani=true&JigyosyoCd=2270200237-00&ServiceCd=430&Type=search", "url2": "http://ubamegashi.viz" }, "geometry": { "type": "Point", "coordinates": [ 138.945952, 34.6836496 ] } },
{ "type": "Feature", "properties": { "内容": "ＫＭケアプランナーズ【居宅介護支援】静岡県下田市須崎1332-132", "url": "https://www.kaigokensaku.mhlw.go.jp/22/index.php?action_kouhyou_detail_004_kani=true&JigyosyoCd=2270200310-00&ServiceCd=430&Type=search", "url2": null }, "geometry": { "type": "Point", "coordinates": [ 138.976531424514491, 34.663668011932963 ] } },
{ "type": "Feature", "properties": { "内容": "ケアプランサービス上の山【居宅介護支援】柿崎432-1", "url": "https://www.kaigokensaku.mhlw.go.jp/22/index.php?action_kouhyou_detail_004_kani=true&JigyosyoCd=2260290040-00&ServiceCd=430&Type=search", "url2": "https://kenshinkai.group/" }, "geometry": { "type": "Point", "coordinates": [ 138.965208800000028, 34.6769481 ] } },
{ "type": "Feature", "properties": { "内容": "ゆかり居宅介護支援事業所【居宅介護支援】静岡県裾野市水窪124－23", "url": "https://www.kaigokensaku.mhlw.go.jp/22/index.php?action_kouhyou_detail_004_kani=true&JigyosyoCd=2271400422-00&ServiceCd=430&Type=search", "url2": "http://www.syouen.cp.jp/" }, "geometry": { "type": "Point", "coordinates": [ 138.902034689549282, 35.155370155275072 ] } },
{ "type": "Feature", "properties": { "内容": "みしゅくケアセンター介護支援事業所【居宅介護支援】裾野市御宿1475", "url": "https://www.kaigokensaku.mhlw.go.jp/22/index.php?action_kouhyou_detail_004_kani=true&JigyosyoCd=2271400133-00&ServiceCd=430&Type=search", "url2": "http://www.eikikai.or.jp/index1.html" }, "geometry": { "type": "Point", "coordinates": [ 138.9104638, 35.2135801 ] } },
{ "type": "Feature", "properties": { "内容": "居宅介護支援センター久根【居宅介護支援】裾野市久根５３７番地の２新井内科クリニック２階", "url": "https://www.kaigokensaku.mhlw.go.jp/22/index.php?action_kouhyou_detail_004_kani=true&JigyosyoCd=2271400620-00&ServiceCd=430&Type=search", "url2": "http://www.ainosato-shinjinkai.com/" }, "geometry": { "type": "Point", "coordinates": [ 138.9202238, 35.185372 ] } },
{ "type": "Feature", "properties": { "内容": "ケアプランセンターえくる【居宅介護支援】静岡県裾野市佐野104-4カーサビアンカⅡ１０１号", "url": "https://www.kaigokensaku.mhlw.go.jp/22/index.php?action_kouhyou_detail_004_kani=true&JigyosyoCd=2271400596-00&ServiceCd=430&Type=search", "url2": null }, "geometry": { "type": "Point", "coordinates": [ 138.9112121, 35.1876113 ] } },
{ "type": "Feature", "properties": { "内容": "居宅介護支援事業所　茶畑ヒルズ【居宅介護支援】裾野市茶畑1428-1", "url": "https://www.kaigokensaku.mhlw.go.jp/22/index.php?action_kouhyou_detail_004_kani=true&JigyosyoCd=2271400216-00&ServiceCd=430&Type=search", "url2": "http://kashokai.or.jp" }, "geometry": { "type": "Point", "coordinates": [ 138.928394, 35.1759658 ] } },
{ "type": "Feature", "properties": { "内容": "ヤザキケアセンター　紙ふうせん【居宅介護支援】裾野市御宿1500", "url": "https://www.kaigokensaku.mhlw.go.jp/22/index.php?action_kouhyou_detail_004_kani=true&JigyosyoCd=2271400174-00&ServiceCd=430&Type=search", "url2": "http://care-net.biz/22/kamifuusen/" }, "geometry": { "type": "Point", "coordinates": [ 138.910531793362452, 35.214769546780197 ] } },
{ "type": "Feature", "properties": { "内容": "すずな居宅介護支援事業所【居宅介護支援】静岡県裾野市茶畑１１８３番地の３", "url": "https://www.kaigokensaku.mhlw.go.jp/22/index.php?action_kouhyou_detail_004_kani=true&JigyosyoCd=2271400463-00&ServiceCd=430&Type=search", "url2": "https://social-care1371.com/company/" }, "geometry": { "type": "Point", "coordinates": [ 138.9216533, 35.1730937 ] } },
{ "type": "Feature", "properties": { "内容": "居宅介護支援事業所　たんぽぽ【居宅介護支援】静岡県裾野市茶畑1057-2", "url": "https://www.kaigokensaku.mhlw.go.jp/22/index.php?action_kouhyou_detail_004_kani=true&JigyosyoCd=2271400646-00&ServiceCd=430&Type=search", "url2": null }, "geometry": { "type": "Point", "coordinates": [ 138.9195466, 35.1725889 ] } },
{ "type": "Feature", "properties": { "内容": "K&Iケアプランセンター【居宅介護支援】静岡県裾野市久根５６７－４デイホーム　野の花くね内　２階", "url": "https://www.kaigokensaku.mhlw.go.jp/22/index.php?action_kouhyou_detail_004_kani=true&JigyosyoCd=2271400588-00&ServiceCd=430&Type=search", "url2": null }, "geometry": { "type": "Point", "coordinates": [ 138.920184400000011, 35.1839603 ] } },
{ "type": "Feature", "properties": { "内容": "ケアワークスJLC裾野【居宅介護支援】静岡県裾野市佐野338-2ホームケアセンターら・ら・ら2階", "url": "https://www.kaigokensaku.mhlw.go.jp/22/index.php?action_kouhyou_detail_004_kani=true&JigyosyoCd=2271400539-00&ServiceCd=430&Type=search", "url2": null }, "geometry": { "type": "Point", "coordinates": [ 138.9087757, 35.1829248 ] } },
{ "type": "Feature", "properties": { "内容": "裾野市居宅介護支援センター【居宅介護支援】裾野市石脇524-1福祉保健会館２階", "url": "https://www.kaigokensaku.mhlw.go.jp/22/index.php?action_kouhyou_detail_004_kani=true&JigyosyoCd=2271400018-00&ServiceCd=430&Type=search", "url2": "http://www.syakyo-susono.or.jp/" }, "geometry": { "type": "Point", "coordinates": [ 138.911111399999982, 35.1956466 ] } },
{ "type": "Feature", "properties": { "内容": "つなぐ居宅介護支援事業所【居宅介護支援】静岡県裾野市岩波105-1アークハイツ102", "url": "https://www.kaigokensaku.mhlw.go.jp/22/index.php?action_kouhyou_detail_004_kani=true&JigyosyoCd=2271400638-00&ServiceCd=430&Type=search", "url2": "https://tsunagu2022.info/" }, "geometry": { "type": "Point", "coordinates": [ 138.9199553, 35.2176547 ] } },
{ "type": "Feature", "properties": { "内容": "ケアプランセンター陽菜【居宅介護支援】静岡県湖西市古見124番地の4", "url": "https://www.kaigokensaku.mhlw.go.jp/22/index.php?action_kouhyou_detail_004_kani=true&JigyosyoCd=2278400326-00&ServiceCd=430&Type=search", "url2": "http://www.hinahina.co/ryoukin.html" }, "geometry": { "type": "Point", "coordinates": [ 137.531434200000035, 34.7133884 ] } },
{ "type": "Feature", "properties": { "内容": "浜名居宅介護支援センター【居宅介護支援】静岡県湖西市新所岡崎梅田入会地15番地の70浜名病院　本館1階", "url": "https://www.kaigokensaku.mhlw.go.jp/22/index.php?action_kouhyou_detail_004_kani=true&JigyosyoCd=2278400359-00&ServiceCd=430&Type=search", "url2": "http://www.hamanakai.or.jp" }, "geometry": { "type": "Point", "coordinates": [ 137.493442, 34.723602 ] } },
{ "type": "Feature", "properties": { "内容": "湖西市社協介護センターこさい【居宅介護支援】湖西市新居町浜名575番地", "url": "https://www.kaigokensaku.mhlw.go.jp/22/index.php?action_kouhyou_detail_004_kani=true&JigyosyoCd=2278400029-00&ServiceCd=430&Type=search", "url2": "http://www.kosai-sk.or.jp/" }, "geometry": { "type": "Point", "coordinates": [ 137.560692815072599, 34.687203061851683 ] } },
{ "type": "Feature", "properties": { "内容": "居宅介護支援事業所恵翔苑【居宅介護支援】湖西市新居町中之郷3636番地21", "url": "https://www.kaigokensaku.mhlw.go.jp/22/index.php?action_kouhyou_detail_004_kani=true&JigyosyoCd=2278400276-00&ServiceCd=430&Type=search", "url2": "http://juhoukai.jp" }, "geometry": { "type": "Point", "coordinates": [ 137.557537499999967, 34.7098235 ] } },
{ "type": "Feature", "properties": { "内容": "あらい居宅介護支援センター【居宅介護支援】湖西市新居町新居1800番地の1", "url": "https://www.kaigokensaku.mhlw.go.jp/22/index.php?action_kouhyou_detail_004_kani=true&JigyosyoCd=2278200049-00&ServiceCd=430&Type=search", "url2": "http://shinwakai-shizuoka.or.jp/" }, "geometry": { "type": "Point", "coordinates": [ 137.57625280000002, 34.6861375 ] } },
{ "type": "Feature", "properties": { "内容": "光湖苑在宅介護支援センター【居宅介護支援】静岡県湖西市新所岡崎梅田入会地17-20", "url": "https://www.kaigokensaku.mhlw.go.jp/22/index.php?action_kouhyou_detail_004_kani=true&JigyosyoCd=2278400011-00&ServiceCd=430&Type=search", "url2": "https://ｍ-hamanakokai.jp/" }, "geometry": { "type": "Point", "coordinates": [ 137.50126709999995, 34.7158398 ] } },
{ "type": "Feature", "properties": { "内容": "ケアプランセンター湖西白萩【居宅介護支援】湖西市太田450-1", "url": "https://www.kaigokensaku.mhlw.go.jp/22/index.php?action_kouhyou_detail_004_kani=true&JigyosyoCd=2278400136-00&ServiceCd=430&Type=search", "url2": "http://www.jihian.or.jp" }, "geometry": { "type": "Point", "coordinates": [ 137.510673, 34.7553658 ] } },
{ "type": "Feature", "properties": { "内容": "ケアマネ彩【居宅介護支援】静岡県湖西市坊瀬770番地", "url": "https://www.kaigokensaku.mhlw.go.jp/22/index.php?action_kouhyou_detail_004_kani=true&JigyosyoCd=2278400391-00&ServiceCd=430&Type=search", "url2": "https://rirakuma0916.com/" }, "geometry": { "type": "Point", "coordinates": [ 137.5160032, 34.7024033 ] } },
{ "type": "Feature", "properties": { "内容": "ケアプランかなめ【居宅介護支援】静岡県湖西市鷲津2966番地", "url": "https://www.kaigokensaku.mhlw.go.jp/22/index.php?action_kouhyou_detail_004_kani=true&JigyosyoCd=2278400383-00&ServiceCd=430&Type=search", "url2": "https://kaname-souken.co.jp/care-plan/" }, "geometry": { "type": "Point", "coordinates": [ 137.553854199999989, 34.7165641 ] } },
{ "type": "Feature", "properties": { "内容": "伊豆中央介護センター優しい家【居宅介護支援】伊豆市牧之郷３９４番地の１１", "url": "https://www.kaigokensaku.mhlw.go.jp/22/index.php?action_kouhyou_detail_004_kani=true&JigyosyoCd=2270300607-00&ServiceCd=430&Type=search", "url2": "http://zartheim.com" }, "geometry": { "type": "Point", "coordinates": [ 138.954725, 34.9925706 ] } },
{ "type": "Feature", "properties": { "内容": "同仁会居宅介護支援事業所【居宅介護支援】伊豆市松ヶ瀬　75", "url": "https://www.kaigokensaku.mhlw.go.jp/22/index.php?action_kouhyou_detail_004_kani=true&JigyosyoCd=2210310476-00&ServiceCd=430&Type=search", "url2": "https://nakajimahospital.or.jp" }, "geometry": { "type": "Point", "coordinates": [ 138.930967, 34.9428325 ] } },
{ "type": "Feature", "properties": { "内容": "伊豆慶友ケアプランセンター【居宅介護支援】静岡県伊豆市月ヶ瀬380-2", "url": "https://www.kaigokensaku.mhlw.go.jp/22/index.php?action_kouhyou_detail_004_kani=true&JigyosyoCd=2270700202-00&ServiceCd=430&Type=search", "url2": "izu@izukeiyu.or.jp" }, "geometry": { "type": "Point", "coordinates": [ 138.925036099999943, 34.9182147 ] } },
{ "type": "Feature", "properties": { "内容": "JA静岡厚生連　中伊豆温泉病院　居宅介護支援事業所【居宅介護支援】静岡県伊豆市下白岩75", "url": "https://www.kaigokensaku.mhlw.go.jp/22/index.php?action_kouhyou_detail_004_kani=true&JigyosyoCd=2210310179-00&ServiceCd=430&Type=search", "url2": "http://www.ja-shizuoka.or.jp/k-nakaizu" }, "geometry": { "type": "Point", "coordinates": [ 138.971789460584091, 34.96934557564299 ] } },
{ "type": "Feature", "properties": { "内容": "土肥戸田居宅介護支援センター【居宅介護支援】伊豆市小土肥787-2", "url": "https://www.kaigokensaku.mhlw.go.jp/22/index.php?action_kouhyou_detail_004_kani=true&JigyosyoCd=2270300052-00&ServiceCd=430&Type=search", "url2": "http://www.shinai-kai.jp/toihome/" }, "geometry": { "type": "Point", "coordinates": [ 138.791311899999982, 34.923828 ] } },
{ "type": "Feature", "properties": { "内容": "うさぎ薬局ケアプランセンター中伊豆【居宅介護支援】静岡県伊豆市下白岩８５-１うさぎ薬局中伊豆店２階", "url": "https://www.kaigokensaku.mhlw.go.jp/22/index.php?action_kouhyou_detail_004_kani=true&JigyosyoCd=2270700327-00&ServiceCd=430&Type=search", "url2": null }, "geometry": { "type": "Point", "coordinates": [ 139.0160763, 34.9921902 ] } },
{ "type": "Feature", "properties": { "内容": "ふれあい居宅介護支援事業所【居宅介護支援】伊豆市八幡33-1", "url": "https://www.kaigokensaku.mhlw.go.jp/22/index.php?action_kouhyou_detail_004_kani=true&JigyosyoCd=2270300110-00&ServiceCd=430&Type=search", "url2": "http://izushakyo.com/" }, "geometry": { "type": "Point", "coordinates": [ 139.0037327, 34.9582732 ] } },
{ "type": "Feature", "properties": { "内容": "中伊豆居宅介護支援事業所【居宅介護支援】伊豆市八幡123", "url": "https://www.kaigokensaku.mhlw.go.jp/22/index.php?action_kouhyou_detail_004_kani=true&JigyosyoCd=2270700160-00&ServiceCd=430&Type=search", "url2": null }, "geometry": { "type": "Point", "coordinates": [ 139.000266399999987, 34.9575315 ] } },
{ "type": "Feature", "properties": { "内容": "伊豆中央ケアセンター　居宅介護支援事業所【居宅介護支援】伊豆市大野304", "url": "https://www.kaigokensaku.mhlw.go.jp/22/index.php?action_kouhyou_detail_004_kani=true&JigyosyoCd=2270300094-00&ServiceCd=430&Type=search", "url2": "http://shunpuukai.com/" }, "geometry": { "type": "Point", "coordinates": [ 138.977754, 34.9838142 ] } },
{ "type": "Feature", "properties": { "内容": "居宅介護支援事業所　天城の杜【居宅介護支援】静岡県伊豆市湯ヶ島939番41", "url": "https://www.kaigokensaku.mhlw.go.jp/22/index.php?action_kouhyou_detail_004_kani=true&JigyosyoCd=2270700251-00&ServiceCd=430&Type=search", "url2": "http://www.swc-aisei.or.jp" }, "geometry": { "type": "Point", "coordinates": [ 138.921368799999982, 34.8693131 ] } },
{ "type": "Feature", "properties": { "内容": "居宅介護支援事業所はまおか【居宅介護支援】静岡県御前崎市池新田2070御前崎市総合保健福祉センター", "url": "https://www.kaigokensaku.mhlw.go.jp/22/index.php?action_kouhyou_detail_004_kani=true&JigyosyoCd=2216110151-00&ServiceCd=430&Type=search", "url2": "https://omaezaki-hospital.jp/carecenter/" }, "geometry": { "type": "Point", "coordinates": [ 138.1201691, 34.645441 ] } },
{ "type": "Feature", "properties": { "内容": "居宅介護支援事業所　平成園【居宅介護支援】静岡県御前崎市池新田4139番地の1", "url": "https://www.kaigokensaku.mhlw.go.jp/22/index.php?action_kouhyou_detail_004_kani=true&JigyosyoCd=2275690135-00&ServiceCd=430&Type=search", "url2": null }, "geometry": { "type": "Point", "coordinates": [ 138.1334218, 34.6434502 ] } },
{ "type": "Feature", "properties": { "内容": "よりみち居宅介護支援事業所【居宅介護支援】御前崎市御前崎２９４７－７", "url": "https://www.kaigokensaku.mhlw.go.jp/22/index.php?action_kouhyou_detail_004_kani=true&JigyosyoCd=2275500541-00&ServiceCd=430&Type=search", "url2": null }, "geometry": { "type": "Point", "coordinates": [ 138.215390500000012, 34.6039959 ] } },
{ "type": "Feature", "properties": { "内容": "居宅介護支援事業所げんきの郷【居宅介護支援】白羽5402番地の8", "url": "https://www.kaigokensaku.mhlw.go.jp/22/index.php?action_kouhyou_detail_004_kani=true&JigyosyoCd=2275690127-00&ServiceCd=430&Type=search", "url2": null }, "geometry": { "type": "Point", "coordinates": [ 138.203499066548119, 34.612065317925378 ] } },
{ "type": "Feature", "properties": { "内容": "灯光園居宅介護支援事業所【居宅介護支援】御前崎市御前崎35-37", "url": "https://www.kaigokensaku.mhlw.go.jp/22/index.php?action_kouhyou_detail_004_kani=true&JigyosyoCd=2275500060-00&ServiceCd=430&Type=search", "url2": "http://toukouen.sakura.ne.jp/" }, "geometry": { "type": "Point", "coordinates": [ 138.2228649, 34.6005881 ] } },
{ "type": "Feature", "properties": { "内容": "居宅介護支援事業所このはな【居宅介護支援】静岡県御前崎市池新田１５６７－１", "url": "https://www.kaigokensaku.mhlw.go.jp/22/index.php?action_kouhyou_detail_004_kani=true&JigyosyoCd=2275690176-00&ServiceCd=430&Type=search", "url2": "http://hp.kaipoke.biz/wcp/" }, "geometry": { "type": "Point", "coordinates": [ 138.11979668565192, 34.651392224024647 ] } },
{ "type": "Feature", "properties": { "内容": "東海清風園　居宅介護支援事業所【居宅介護支援】御前崎市池新田４０８９", "url": "https://www.kaigokensaku.mhlw.go.jp/22/index.php?action_kouhyou_detail_004_kani=true&JigyosyoCd=2276100118-00&ServiceCd=430&Type=search", "url2": "http://www.san-ikukai.or.jp/" }, "geometry": { "type": "Point", "coordinates": [ 138.131673699999965, 34.6414085 ] } },
{ "type": "Feature", "properties": { "内容": "ケアプランセンターさとの【居宅介護支援】静岡県菊川市堀之内14321階東", "url": "https://www.kaigokensaku.mhlw.go.jp/22/index.php?action_kouhyou_detail_004_kani=true&JigyosyoCd=2276800329-00&ServiceCd=430&Type=search", "url2": null }, "geometry": { "type": "Point", "coordinates": [ 138.0853359, 34.7595338 ] } },
{ "type": "Feature", "properties": { "内容": "きくがわ居宅介護支援事業所【居宅介護支援】菊川市半済1865", "url": "https://www.kaigokensaku.mhlw.go.jp/22/index.php?action_kouhyou_detail_004_kani=true&JigyosyoCd=2276100043-00&ServiceCd=430&Type=search", "url2": "http://www.kiku-syakyou.or.jp/" }, "geometry": { "type": "Point", "coordinates": [ 138.088384, 34.7595987 ] } },
{ "type": "Feature", "properties": { "内容": "ようこそ指定居宅介護支援事業所【居宅介護支援】静岡県菊川市潮海寺150-2", "url": "https://www.kaigokensaku.mhlw.go.jp/22/index.php?action_kouhyou_detail_004_kani=true&JigyosyoCd=2276100365-00&ServiceCd=430&Type=search", "url2": "http://www4.tokai.or.jp/youkoso/" }, "geometry": { "type": "Point", "coordinates": [ 138.093088399999942, 34.7654127 ] } },
{ "type": "Feature", "properties": { "内容": "遠州夢咲農業協同組合居宅介護支援事業所【居宅介護支援】菊川市下平川6265", "url": "https://www.kaigokensaku.mhlw.go.jp/22/index.php?action_kouhyou_detail_004_kani=true&JigyosyoCd=2276100183-00&ServiceCd=430&Type=search", "url2": "http://www.ja-shizuoka.or.jp/yumesaki/" }, "geometry": { "type": "Point", "coordinates": [ 138.092700400000012, 34.7002577 ] } },
{ "type": "Feature", "properties": { "内容": "ゆうプラン小笠居宅介護支援事業所【居宅介護支援】菊川市下平川6418", "url": "https://www.kaigokensaku.mhlw.go.jp/22/index.php?action_kouhyou_detail_004_kani=true&JigyosyoCd=2276800022-00&ServiceCd=430&Type=search", "url2": "http://www.you-plan.jp" }, "geometry": { "type": "Point", "coordinates": [ 138.091314300000022, 34.703396 ] } },
{ "type": "Feature", "properties": { "内容": "看護Ｓ／Ｔ小笠【居宅介護支援】菊川市上平川293", "url": "https://www.kaigokensaku.mhlw.go.jp/22/index.php?action_kouhyou_detail_004_kani=true&JigyosyoCd=2276100225-00&ServiceCd=430&Type=search", "url2": "http://www.allkango.jp" }, "geometry": { "type": "Point", "coordinates": [ 138.0805964, 34.7161157 ] } },
{ "type": "Feature", "properties": { "内容": "喜久の園　指定居宅介護支援事業所【居宅介護支援】静岡県菊川市仲島2丁目4番地の16", "url": "https://www.kaigokensaku.mhlw.go.jp/22/index.php?action_kouhyou_detail_004_kani=true&JigyosyoCd=2276800089-00&ServiceCd=430&Type=search", "url2": "http://www.hakuo.or.jp" }, "geometry": { "type": "Point", "coordinates": [ 138.0926766, 34.7543698 ] } },
{ "type": "Feature", "properties": { "内容": "マザーズ西方弐番館ケアマネジメントセンター【居宅介護支援】静岡県菊川市西方２４１０－１", "url": "https://www.kaigokensaku.mhlw.go.jp/22/index.php?action_kouhyou_detail_004_kani=true&JigyosyoCd=2276800154-00&ServiceCd=430&Type=search", "url2": null }, "geometry": { "type": "Point", "coordinates": [ 138.069248600000037, 34.7624099 ] } },
{ "type": "Feature", "properties": { "内容": "和松会ケアマネージメントサービスセンター【居宅介護支援】菊川市猿渡258-1", "url": "https://www.kaigokensaku.mhlw.go.jp/22/index.php?action_kouhyou_detail_004_kani=true&JigyosyoCd=2276100050-00&ServiceCd=430&Type=search", "url2": null }, "geometry": { "type": "Point", "coordinates": [ 138.105487600000089, 34.7032132 ] } },
{ "type": "Feature", "properties": { "内容": "さわだの庄　居宅介護支援事業所【居宅介護支援】菊川市半済１７７８－１", "url": "https://www.kaigokensaku.mhlw.go.jp/22/index.php?action_kouhyou_detail_004_kani=true&JigyosyoCd=2276800055-00&ServiceCd=430&Type=search", "url2": "http://www.seiwakai-sawada.or.jp" }, "geometry": { "type": "Point", "coordinates": [ 138.089134300000069, 34.7559046 ] } },
{ "type": "Feature", "properties": { "内容": "ケアマネジメント　柚子【居宅介護支援】菊川市奈良野３－２", "url": "https://www.kaigokensaku.mhlw.go.jp/22/index.php?action_kouhyou_detail_004_kani=true&JigyosyoCd=2276800220-00&ServiceCd=430&Type=search", "url2": null }, "geometry": { "type": "Point", "coordinates": [ 138.081346, 34.7517439 ] } },
{ "type": "Feature", "properties": { "内容": "ツクイ菊川【居宅介護支援】菊川市加茂184-1", "url": "https://www.kaigokensaku.mhlw.go.jp/22/index.php?action_kouhyou_detail_004_kani=true&JigyosyoCd=2276800279-00&ServiceCd=430&Type=search", "url2": "www.tsukui.net/" }, "geometry": { "type": "Point", "coordinates": [ 138.0842063, 34.7513352 ] } },
{ "type": "Feature", "properties": { "内容": "介護相談かなで居宅介護支援事業所【居宅介護支援】静岡県菊川市下内田4044番地の1", "url": "https://www.kaigokensaku.mhlw.go.jp/22/index.php?action_kouhyou_detail_004_kani=true&JigyosyoCd=2276800204-00&ServiceCd=430&Type=search", "url2": "http://www.comodo-care.jp" }, "geometry": { "type": "Point", "coordinates": [ 138.068835900000067, 34.7104558 ] } },
{ "type": "Feature", "properties": { "内容": "ハート居宅介護支援事業所【居宅介護支援】静岡県菊川市半済6番地の1", "url": "https://www.kaigokensaku.mhlw.go.jp/22/index.php?action_kouhyou_detail_004_kani=true&JigyosyoCd=2276100373-00&ServiceCd=430&Type=search", "url2": null }, "geometry": { "type": "Point", "coordinates": [ 138.095801599999987, 34.7426052 ] } },
{ "type": "Feature", "properties": { "内容": "ふじ居宅介護支援事業所【居宅介護支援】菊川市菊川市東横地1938-1", "url": "https://www.kaigokensaku.mhlw.go.jp/22/index.php?action_kouhyou_detail_004_kani=true&JigyosyoCd=2276800212-00&ServiceCd=430&Type=search", "url2": "https://tetos.galaxy.bindcloud.jp/kaigo/fujiday/" }, "geometry": { "type": "Point", "coordinates": [ 138.094909799999982, 34.72725 ] } },
{ "type": "Feature", "properties": { "内容": "ビルフィッシュ　居宅介護支援事業所【居宅介護支援】静岡県伊豆の国市長岡243-1かつらぎの風内", "url": "https://www.kaigokensaku.mhlw.go.jp/22/index.php?action_kouhyou_detail_004_kani=true&JigyosyoCd=2270800457-00&ServiceCd=430&Type=search", "url2": null }, "geometry": { "type": "Point", "coordinates": [ 138.930373300000042, 35.027345600000011 ] } },
{ "type": "Feature", "properties": { "内容": "ケアプラザ韮山・ぶなの森【居宅介護支援】静岡県伊豆の国市韮山山木391-1", "url": "https://www.kaigokensaku.mhlw.go.jp/22/index.php?action_kouhyou_detail_004_kani=true&JigyosyoCd=2270800184-00&ServiceCd=430&Type=search", "url2": "hppt://www.buna-no-mori.jp" }, "geometry": { "type": "Point", "coordinates": [ 138.961374100000057, 35.0629431 ] } },
{ "type": "Feature", "properties": { "内容": "医療法人　麗峰会　伊豆韮山温泉病院　居宅介護支援事業部【居宅介護支援】静岡県伊豆の国市中條234番地", "url": "https://www.kaigokensaku.mhlw.go.jp/22/index.php?action_kouhyou_detail_004_kani=true&JigyosyoCd=2270800192-00&ServiceCd=430&Type=search", "url2": "http://www.izu-nirayama-hp.or.jp" }, "geometry": { "type": "Point", "coordinates": [ 138.940195, 35.042225600000037 ] } },
{ "type": "Feature", "properties": { "内容": "伊豆の国市社協居宅介護支援事業所【居宅介護支援】伊豆の国市四日町３０２番地の１韮山福祉保健センター", "url": "https://www.kaigokensaku.mhlw.go.jp/22/index.php?action_kouhyou_detail_004_kani=true&JigyosyoCd=2270800011-00&ServiceCd=430&Type=search", "url2": "http://izunokuni-wel.jp/" }, "geometry": { "type": "Point", "coordinates": [ 138.951627599999938, 35.059174 ] } },
{ "type": "Feature", "properties": { "内容": "訪問看護ステーションひまわり【居宅介護支援】伊豆の国市田京270-1伊豆保健医療センター", "url": "https://www.kaigokensaku.mhlw.go.jp/22/index.php?action_kouhyou_detail_004_kani=true&JigyosyoCd=2260390048-00&ServiceCd=430&Type=search", "url2": "http://www2.ocn.ne.jp/~tagatahp/" }, "geometry": { "type": "Point", "coordinates": [ 138.94481159999998, 35.0134154 ] } },
{ "type": "Feature", "properties": { "内容": "クラシオン伊豆の国【居宅介護支援】天野6-3", "url": "https://www.kaigokensaku.mhlw.go.jp/22/index.php?action_kouhyou_detail_004_kani=true&JigyosyoCd=2270800044-00&ServiceCd=430&Type=search", "url2": "http://www.izukaigo.com" }, "geometry": { "type": "Point", "coordinates": [ 138.939745200000061, 35.0269053 ] } },
{ "type": "Feature", "properties": { "内容": "長岡リハビリテーション病院　居宅介護支援事業所【居宅介護支援】伊豆の国市長岡946", "url": "https://www.kaigokensaku.mhlw.go.jp/22/index.php?action_kouhyou_detail_004_kani=true&JigyosyoCd=2210310393-00&ServiceCd=430&Type=search", "url2": "http://www.naga-reha.or.jp/" }, "geometry": { "type": "Point", "coordinates": [ 138.930715, 35.037126 ] } },
{ "type": "Feature", "properties": { "内容": "いちごの里在宅介護支援センター【居宅介護支援】伊豆の国市北江間４５－１", "url": "https://www.kaigokensaku.mhlw.go.jp/22/index.php?action_kouhyou_detail_004_kani=true&JigyosyoCd=2270300474-00&ServiceCd=430&Type=search", "url2": "http://www.wbs.ne.jp.bt/ayamekai/" }, "geometry": { "type": "Point", "coordinates": [ 138.932420500000035, 35.0579124 ] } },
{ "type": "Feature", "properties": { "内容": "ひっと居宅介護支援センター【居宅介護支援】静岡県伊豆の国市原木1265-3", "url": "https://www.kaigokensaku.mhlw.go.jp/22/index.php?action_kouhyou_detail_004_kani=true&JigyosyoCd=2270800440-00&ServiceCd=430&Type=search", "url2": null }, "geometry": { "type": "Point", "coordinates": [ 138.946663599999965, 35.0695607 ] } },
{ "type": "Feature", "properties": { "内容": "ラポールあい　居宅介護支援事業所【居宅介護支援】静岡県伊豆の国市四日町378-2　時くうかん", "url": "https://www.kaigokensaku.mhlw.go.jp/22/index.php?action_kouhyou_detail_004_kani=true&JigyosyoCd=2260890013-00&ServiceCd=430&Type=search", "url2": "http://rapoai.co.jp" }, "geometry": { "type": "Point", "coordinates": [ 138.946725399179826, 35.05574708098306 ] } },
{ "type": "Feature", "properties": { "内容": "社会福祉法人　春風会　ぬくもりの里居宅介護支援事業所【居宅介護支援】静岡県伊豆の国市白山堂408-9プレーゲおおひと内", "url": "https://www.kaigokensaku.mhlw.go.jp/22/index.php?action_kouhyou_detail_004_kani=true&JigyosyoCd=2270800382-00&ServiceCd=430&Type=search", "url2": "http://www.shunpuukai.com/" }, "geometry": { "type": "Point", "coordinates": [ 138.942981199999963, 35.0168399 ] } },
{ "type": "Feature", "properties": { "内容": "ケアサポ－ト大川【居宅介護支援】伊豆の国市中島270-1", "url": "https://www.kaigokensaku.mhlw.go.jp/22/index.php?action_kouhyou_detail_004_kani=true&JigyosyoCd=2270300268-00&ServiceCd=430&Type=search", "url2": "http://www.cs-ookawa.com" }, "geometry": { "type": "Point", "coordinates": [ 138.939070500000071, 35.0041774 ] } },
{ "type": "Feature", "properties": { "内容": "ケアリンクプラン【居宅介護支援】静波1563", "url": "https://www.kaigokensaku.mhlw.go.jp/22/index.php?action_kouhyou_detail_004_kani=true&JigyosyoCd=2275800262-00&ServiceCd=430&Type=search", "url2": "http://carelink-web.com" }, "geometry": { "type": "Point", "coordinates": [ 138.230703799999986, 34.7415595 ] } },
{ "type": "Feature", "properties": { "内容": "ニチイケアセンター相良【居宅介護支援】牧之原市大沢4-1", "url": "https://www.kaigokensaku.mhlw.go.jp/22/index.php?action_kouhyou_detail_004_kani=true&JigyosyoCd=2275500276-00&ServiceCd=430&Type=search", "url2": "http://www.nichiigakkan.co.jp" }, "geometry": { "type": "Point", "coordinates": [ 138.1954978, 34.68896 ] } },
{ "type": "Feature", "properties": { "内容": "うたしあ指定居宅介護支援事業所【居宅介護支援】牧之原市道場４３番地", "url": "https://www.kaigokensaku.mhlw.go.jp/22/index.php?action_kouhyou_detail_004_kani=true&JigyosyoCd=2275500714-00&ServiceCd=430&Type=search", "url2": "https://utashia.or.jp" }, "geometry": { "type": "Point", "coordinates": [ 138.217828300000065, 34.7300774 ] } },
{ "type": "Feature", "properties": { "内容": "相良清風園居宅介護支援事業所　たんぽぽ【居宅介護支援】牧之原市西萩間695-6", "url": "https://www.kaigokensaku.mhlw.go.jp/22/index.php?action_kouhyou_detail_004_kani=true&JigyosyoCd=2275800098-00&ServiceCd=430&Type=search", "url2": "https://www.san-ikukai.or.jp/tokai/sagara/" }, "geometry": { "type": "Point", "coordinates": [ 138.155900355197957, 34.73465794204472 ] } },
{ "type": "Feature", "properties": { "内容": "まるに居宅介護支援事業所【居宅介護支援】牧之原市勝俣1265-1", "url": "https://www.kaigokensaku.mhlw.go.jp/22/index.php?action_kouhyou_detail_004_kani=true&JigyosyoCd=2275500698-00&ServiceCd=430&Type=search", "url2": "http://circle-2.info" }, "geometry": { "type": "Point", "coordinates": [ 138.2100322, 34.7435169 ] } },
{ "type": "Feature", "properties": { "内容": "牧之原市社協ケアプランセンター【居宅介護支援】静岡県牧之原市静波479番地2陽だまり2階", "url": "https://www.kaigokensaku.mhlw.go.jp/22/index.php?action_kouhyou_detail_004_kani=true&JigyosyoCd=2275500078-00&ServiceCd=430&Type=search", "url2": "http://www.makinohara-shakyo.jp" }, "geometry": { "type": "Point", "coordinates": [ 138.223443950035744, 34.741092612724209 ] } },
{ "type": "Feature", "properties": { "内容": "居宅介護支援事業所　シャローム【居宅介護支援】静岡県牧之原市坂部5623番地1", "url": "https://www.kaigokensaku.mhlw.go.jp/22/index.php?action_kouhyou_detail_004_kani=true&JigyosyoCd=2275800130-00&ServiceCd=430&Type=search", "url2": "http://www17.ocn.ne.jp/~yamabato/" }, "geometry": { "type": "Point", "coordinates": [ 138.195739499999945, 34.7781567 ] } },
{ "type": "Feature", "properties": { "内容": "ケアプラン榛南【居宅介護支援】静岡県牧之原市細江３２０５－１", "url": "https://www.kaigokensaku.mhlw.go.jp/22/index.php?action_kouhyou_detail_004_kani=true&JigyosyoCd=2275800346-00&ServiceCd=430&Type=search", "url2": "http://www.allkango.jp" }, "geometry": { "type": "Point", "coordinates": [ 138.239521, 34.758324 ] } },
{ "type": "Feature", "properties": { "内容": "海山荘居宅介護支援事業所【居宅介護支援】牧之原市片浜１０１３番地の１", "url": "https://www.kaigokensaku.mhlw.go.jp/22/index.php?action_kouhyou_detail_004_kani=true&JigyosyoCd=2275800015-00&ServiceCd=430&Type=search", "url2": "https://kaizansou.com/" }, "geometry": { "type": "Point", "coordinates": [ 138.212582600000019, 34.7180348 ] } },
{ "type": "Feature", "properties": { "内容": "居宅介護支援事業所サンシティはいばら【居宅介護支援】静岡県牧之原市仁田563-1１階", "url": "https://www.kaigokensaku.mhlw.go.jp/22/index.php?action_kouhyou_detail_004_kani=true&JigyosyoCd=2275500631-00&ServiceCd=430&Type=search", "url2": null }, "geometry": { "type": "Point", "coordinates": [ 138.218070842327847, 34.757433383855549 ] } },
{ "type": "Feature", "properties": { "内容": "さくら介護【居宅介護支援】静岡県賀茂郡東伊豆町白田323-14", "url": "https://www.kaigokensaku.mhlw.go.jp/22/index.php?action_kouhyou_detail_004_kani=true&JigyosyoCd=2270100601-00&ServiceCd=430&Type=search", "url2": null }, "geometry": { "type": "Point", "coordinates": [ 139.057238034323888, 34.803854823205839 ] } },
{ "type": "Feature", "properties": { "内容": "ライフケアガーデン熱川居宅介護支援事業所【居宅介護支援】静岡県賀茂郡東伊豆町白田459", "url": "https://www.kaigokensaku.mhlw.go.jp/22/index.php?action_kouhyou_detail_004_kani=true&JigyosyoCd=2270100650-00&ServiceCd=430&Type=search", "url2": "http://www.life-atagawa.jp/" }, "geometry": { "type": "Point", "coordinates": [ 139.0536227, 34.8061549 ] } },
{ "type": "Feature", "properties": { "内容": "（有）介護サービス　なかじま【居宅介護支援】賀茂郡東伊豆町白田443番地の9", "url": "https://www.kaigokensaku.mhlw.go.jp/22/index.php?action_kouhyou_detail_004_kani=true&JigyosyoCd=2270100163-00&ServiceCd=430&Type=search", "url2": null }, "geometry": { "type": "Point", "coordinates": [ 139.0498619, 34.8073853 ] } },
{ "type": "Feature", "properties": { "内容": "湯ヶ岡の郷　居宅介護支援センター【居宅介護支援】静岡県賀茂郡東伊豆町白田1200", "url": "https://www.kaigokensaku.mhlw.go.jp/22/index.php?action_kouhyou_detail_004_kani=true&JigyosyoCd=2270100023-00&ServiceCd=430&Type=search", "url2": "http://www.yugaokanosato.jp" }, "geometry": { "type": "Point", "coordinates": [ 139.040576500000071, 34.808521 ] } },
{ "type": "Feature", "properties": { "内容": "愛菜花ケアプランセンター【居宅介護支援】静岡県賀茂郡東伊豆町稲取1406-1", "url": "https://www.kaigokensaku.mhlw.go.jp/22/index.php?action_kouhyou_detail_004_kani=true&JigyosyoCd=2270100783-00&ServiceCd=430&Type=search", "url2": null }, "geometry": { "type": "Point", "coordinates": [ 139.042516500000033, 34.7674554 ] } },
{ "type": "Feature", "properties": { "内容": "有限会社こころ介護【居宅介護支援】賀茂郡東伊豆町白田311-16", "url": "https://www.kaigokensaku.mhlw.go.jp/22/index.php?action_kouhyou_detail_004_kani=true&JigyosyoCd=2270100452-00&ServiceCd=430&Type=search", "url2": null }, "geometry": { "type": "Point", "coordinates": [ 139.0603529, 34.802161 ] } },
{ "type": "Feature", "properties": { "内容": "よくよく介護【居宅介護支援】静岡県賀茂郡東伊豆町奈良本966-6", "url": "https://www.kaigokensaku.mhlw.go.jp/22/index.php?action_kouhyou_detail_004_kani=true&JigyosyoCd=2270100882-00&ServiceCd=430&Type=search", "url2": null }, "geometry": { "type": "Point", "coordinates": [ 139.069138177909878, 34.816289332943846 ] } },
{ "type": "Feature", "properties": { "内容": "社会福祉法人河津町社会福祉協議会指定居宅介護支援事業所【居宅介護支援】静岡県賀茂郡河津町田中２２６番地河津町地域子育て支援センター内", "url": "https://www.kaigokensaku.mhlw.go.jp/22/index.php?action_kouhyou_detail_004_kani=true&JigyosyoCd=2270100031-00&ServiceCd=430&Type=search", "url2": "https://www.kawazu-shakyo.com" }, "geometry": { "type": "Point", "coordinates": [ 138.987482099999966, 34.7572519 ] } },
{ "type": "Feature", "properties": { "内容": "居宅介護支援事業所　サンシニア河津【居宅介護支援】賀茂郡河津町田中520-1", "url": "https://www.kaigokensaku.mhlw.go.jp/22/index.php?action_kouhyou_detail_004_kani=true&JigyosyoCd=2270100338-00&ServiceCd=430&Type=search", "url2": "http://www.sunsenior-kawazu.jp/public/index.html" }, "geometry": { "type": "Point", "coordinates": [ 138.993645600000036, 34.7553022 ] } },
{ "type": "Feature", "properties": { "内容": "ケアプランあったか【居宅介護支援】賀茂郡南伊豆町下賀茂462番地の１６", "url": "https://www.kaigokensaku.mhlw.go.jp/22/index.php?action_kouhyou_detail_004_kani=true&JigyosyoCd=2270100478-00&ServiceCd=430&Type=search", "url2": null }, "geometry": { "type": "Point", "coordinates": [ 138.870900582803415, 34.648850604398021 ] } },
{ "type": "Feature", "properties": { "内容": "三連水車ケアプランセンター【居宅介護支援】青市1030-1", "url": "https://www.kaigokensaku.mhlw.go.jp/22/index.php?action_kouhyou_detail_004_kani=true&JigyosyoCd=2270100726-00&ServiceCd=430&Type=search", "url2": "sanrensuisya.cc.10@gmail.com" }, "geometry": { "type": "Point", "coordinates": [ 138.865502, 34.6504241 ] } },
{ "type": "Feature", "properties": { "内容": "ケアプラン空【居宅介護支援】静岡県賀茂郡南伊豆町下小野１０番地", "url": "https://www.kaigokensaku.mhlw.go.jp/22/index.php?action_kouhyou_detail_004_kani=true&JigyosyoCd=2270100858-00&ServiceCd=430&Type=search", "url2": null }, "geometry": { "type": "Point", "coordinates": [ 138.8442891, 34.6659992 ] } },
{ "type": "Feature", "properties": { "内容": "まつざき居宅介護支援事業所【居宅介護支援】賀茂郡松崎町宮内362-1", "url": "https://www.kaigokensaku.mhlw.go.jp/22/index.php?action_kouhyou_detail_004_kani=true&JigyosyoCd=2270100130-00&ServiceCd=430&Type=search", "url2": "https://www.syuuseikai.or.jp/facility03/" }, "geometry": { "type": "Point", "coordinates": [ 138.783959099999947, 34.7539079 ] } },
{ "type": "Feature", "properties": { "内容": "松崎十字の園居宅支援事業所【居宅介護支援】賀茂郡松崎町江奈157", "url": "https://www.kaigokensaku.mhlw.go.jp/22/index.php?action_kouhyou_detail_004_kani=true&JigyosyoCd=2270100262-00&ServiceCd=430&Type=search", "url2": "http://www.jyuji/or/jp/matsuzaki_city/" }, "geometry": { "type": "Point", "coordinates": [ 138.780562, 34.7569576 ] } },
{ "type": "Feature", "properties": { "内容": "エイジレス・ケア・スタッフ【居宅介護支援】賀茂郡松崎町松崎65-7", "url": "https://www.kaigokensaku.mhlw.go.jp/22/index.php?action_kouhyou_detail_004_kani=true&JigyosyoCd=2270100296-00&ServiceCd=430&Type=search", "url2": "http://ageless.fun" }, "geometry": { "type": "Point", "coordinates": [ 138.7791234, 34.7497801 ] } },
{ "type": "Feature", "properties": { "内容": "しんわ福祉サービス松崎【居宅介護支援】松崎町江奈574-3", "url": "https://www.kaigokensaku.mhlw.go.jp/22/index.php?action_kouhyou_detail_004_kani=true&JigyosyoCd=2270100486-00&ServiceCd=430&Type=search", "url2": "shinwa0031@yahoo.co.jp" }, "geometry": { "type": "Point", "coordinates": [ 138.780700799999977, 34.7600018 ] } },
{ "type": "Feature", "properties": { "内容": "居宅介護支援アールワイ【居宅介護支援】静岡県賀茂郡西伊豆町仁科521-1", "url": "https://www.kaigokensaku.mhlw.go.jp/22/index.php?action_kouhyou_detail_004_kani=true&JigyosyoCd=2270100635-00&ServiceCd=430&Type=search", "url2": "https://ry-reyond.com/vision/" }, "geometry": { "type": "Point", "coordinates": [ 138.779236699999956, 34.7677792 ] } },
{ "type": "Feature", "properties": { "内容": "花木居宅サービス【居宅介護支援】静岡県賀茂郡西伊豆町宇久須948", "url": "https://www.kaigokensaku.mhlw.go.jp/22/index.php?action_kouhyou_detail_004_kani=true&JigyosyoCd=2270100775-00&ServiceCd=430&Type=search", "url2": null }, "geometry": { "type": "Point", "coordinates": [ 138.787944599999946, 34.8469313 ] } },
{ "type": "Feature", "properties": { "内容": "かも居宅介護支援事業所【居宅介護支援】賀茂郡西伊豆町宇久須２０３０－１", "url": "https://www.kaigokensaku.mhlw.go.jp/22/index.php?action_kouhyou_detail_004_kani=true&JigyosyoCd=2270100122-00&ServiceCd=430&Type=search", "url2": "https://www.syuuseikai.or.jp" }, "geometry": { "type": "Point", "coordinates": [ 138.803040600000031, 34.8411511 ] } },
{ "type": "Feature", "properties": { "内容": "介護相談センター【居宅介護支援】静岡県賀茂郡西伊豆町仁科331-2", "url": "https://www.kaigokensaku.mhlw.go.jp/22/index.php?action_kouhyou_detail_004_kani=true&JigyosyoCd=2270100510-00&ServiceCd=430&Type=search", "url2": null }, "geometry": { "type": "Point", "coordinates": [ 138.776585235599327, 34.769664582617764 ] } },
{ "type": "Feature", "properties": { "内容": "西伊豆町社協居宅介護支援事業所【居宅介護支援】賀茂郡西伊豆町宇久須258-4西伊豆町賀茂健康センター", "url": "https://www.kaigokensaku.mhlw.go.jp/22/index.php?action_kouhyou_detail_004_kani=true&JigyosyoCd=2270100411-00&ServiceCd=430&Type=search", "url2": "http://www.shakyo.or.jp/hp/1013/" }, "geometry": { "type": "Point", "coordinates": [ 138.776045711114506, 34.848694693014259 ] } },
{ "type": "Feature", "properties": { "内容": "医療法人社団健育会ゆうあい訪問看護ステーション【居宅介護支援】静岡県賀茂郡西伊豆町仁科字南耕地１３８番地西伊豆健育会病院", "url": "https://www.kaigokensaku.mhlw.go.jp/22/index.php?action_kouhyou_detail_004_kani=true&JigyosyoCd=2260190059-00&ServiceCd=430&Type=search", "url2": null }, "geometry": { "type": "Point", "coordinates": [ 138.780523130641171, 34.770147111880306 ] } },
{ "type": "Feature", "properties": { "内容": "ケアプラザ函南・ぶなの森【居宅介護支援】静岡県田方郡函南町仁田284-5", "url": "https://www.kaigokensaku.mhlw.go.jp/22/index.php?action_kouhyou_detail_004_kani=true&JigyosyoCd=2270300698-00&ServiceCd=430&Type=search", "url2": "http://www.buna-no-mori.jp" }, "geometry": { "type": "Point", "coordinates": [ 138.941044799999986, 35.075966 ] } },
{ "type": "Feature", "properties": { "内容": "有限会社　福祉サービス栄【居宅介護支援】田方郡函南町柏谷７２３－７０", "url": "https://www.kaigokensaku.mhlw.go.jp/22/index.php?action_kouhyou_detail_004_kani=true&JigyosyoCd=2270300342-00&ServiceCd=430&Type=search", "url2": "http://www.geocities.jp/hukusisakae/index.html" }, "geometry": { "type": "Point", "coordinates": [ 138.96019339999998, 35.0805684 ] } },
{ "type": "Feature", "properties": { "内容": "社会福祉法人函南町社会福祉協議会指定居宅介護支援事業所【居宅介護支援】田方郡函南町平井717番地の28", "url": "https://www.kaigokensaku.mhlw.go.jp/22/index.php?action_kouhyou_detail_004_kani=true&JigyosyoCd=2270300185-00&ServiceCd=430&Type=search", "url2": "http://www.kannami-syakyo.jp/" }, "geometry": { "type": "Point", "coordinates": [ 138.954279700000029, 35.0890143 ] } },
{ "type": "Feature", "properties": { "内容": "ル・ソレイユ函南居宅介護支援事業所【居宅介護支援】田方郡函南町間宮760-3", "url": "https://www.kaigokensaku.mhlw.go.jp/22/index.php?action_kouhyou_detail_004_kani=true&JigyosyoCd=2270300953-00&ServiceCd=430&Type=search", "url2": "http://care-soleil.com/" }, "geometry": { "type": "Point", "coordinates": [ 138.942844599999944, 35.0845704 ] } },
{ "type": "Feature", "properties": { "内容": "みどりが丘ホーム居宅介護支援事業所【居宅介護支援】田方郡函南町大竹20-15", "url": "https://www.kaigokensaku.mhlw.go.jp/22/index.php?action_kouhyou_detail_004_kani=true&JigyosyoCd=2270300151-00&ServiceCd=430&Type=search", "url2": "http://nihonminsei.jp/" }, "geometry": { "type": "Point", "coordinates": [ 138.96173680000004, 35.1157311 ] } },
{ "type": "Feature", "properties": { "内容": "のどか居宅介護支援事業所函南【居宅介護支援】静岡県田方郡函南町間宮６８５－２白井アパート２０１", "url": "https://www.kaigokensaku.mhlw.go.jp/22/index.php?action_kouhyou_detail_004_kani=true&JigyosyoCd=2270301001-00&ServiceCd=430&Type=search", "url2": "kannami@nodoca.or.jp" }, "geometry": { "type": "Point", "coordinates": [ 138.938719799999944, 35.0855341 ] } },
{ "type": "Feature", "properties": { "内容": "ケアセンターやすらぎ【居宅介護支援】静岡県田方郡函南町間宮617-4105", "url": "https://www.kaigokensaku.mhlw.go.jp/22/index.php?action_kouhyou_detail_004_kani=true&JigyosyoCd=2270300912-00&ServiceCd=430&Type=search", "url2": "https://yasuragi-kaigo.jp/company-profile" }, "geometry": { "type": "Point", "coordinates": [ 138.940043576686577, 35.079084505489654 ] } },
{ "type": "Feature", "properties": { "内容": "上沢居宅介護支援事業所【居宅介護支援】静岡県田方郡函南町上沢80-18上沢薬局　2階", "url": "https://www.kaigokensaku.mhlw.go.jp/22/index.php?action_kouhyou_detail_004_kani=true&JigyosyoCd=2270301068-00&ServiceCd=430&Type=search", "url2": null }, "geometry": { "type": "Point", "coordinates": [ 138.9481829, 35.0924021 ] } },
{ "type": "Feature", "properties": { "内容": "共済福祉会　ほほえみ居宅介護支援事業所【居宅介護支援】田方郡函南町平井　717-38", "url": "https://www.kaigokensaku.mhlw.go.jp/22/index.php?action_kouhyou_detail_004_kani=true&JigyosyoCd=2270300060-00&ServiceCd=430&Type=search", "url2": "http://kyosaifukushikai.jp/" }, "geometry": { "type": "Point", "coordinates": [ 138.956135099999983, 35.0884061 ] } },
{ "type": "Feature", "properties": { "内容": "芽ぶき介護センター【居宅介護支援】田方郡函南町平井1740-1694", "url": "https://www.kaigokensaku.mhlw.go.jp/22/index.php?action_kouhyou_detail_004_kani=true&JigyosyoCd=2270300193-00&ServiceCd=430&Type=search", "url2": "http://npo-mebuki.jimdo.com" }, "geometry": { "type": "Point", "coordinates": [ 139.001175699999976, 35.0870687 ] } },
{ "type": "Feature", "properties": { "内容": "一般社団法人ラパン・パラディ【居宅介護支援】静岡県駿東郡清水町徳倉801-1ストークハウスA１０１号", "url": "https://www.kaigokensaku.mhlw.go.jp/22/index.php?action_kouhyou_detail_004_kani=true&JigyosyoCd=2271301190-00&ServiceCd=430&Type=search", "url2": null }, "geometry": { "type": "Point", "coordinates": [ 138.903185499999978, 35.085659600000035 ] } },
{ "type": "Feature", "properties": { "内容": "ケアプランセンターリライアンス【居宅介護支援】静岡県駿東郡清水町堂庭246-1はーとらいふ清水町内", "url": "https://www.kaigokensaku.mhlw.go.jp/22/index.php?action_kouhyou_detail_004_kani=true&JigyosyoCd=2271301240-00&ServiceCd=430&Type=search", "url2": null }, "geometry": { "type": "Point", "coordinates": [ 138.9067756, 35.0985271 ] } },
{ "type": "Feature", "properties": { "内容": "ケアプラン　結【居宅介護支援】静岡県駿東郡清水町長沢69-3ソフィアK201", "url": "https://www.kaigokensaku.mhlw.go.jp/22/index.php?action_kouhyou_detail_004_kani=true&JigyosyoCd=2271301141-00&ServiceCd=430&Type=search", "url2": null }, "geometry": { "type": "Point", "coordinates": [ 138.8897859, 35.1066391 ] } },
{ "type": "Feature", "properties": { "内容": "ケアマネジメントセンター　希望のわだち【居宅介護支援】静岡県駿東郡清水町柿田２６９－１サン・ドマーニ２０２", "url": "https://www.kaigokensaku.mhlw.go.jp/22/index.php?action_kouhyou_detail_004_kani=true&JigyosyoCd=2271301307-00&ServiceCd=430&Type=search", "url2": "https://www.kibou-kakita.com" }, "geometry": { "type": "Point", "coordinates": [ 138.8956249, 35.0993758 ] } },
{ "type": "Feature", "properties": { "内容": "居宅介護支援事業所　夢の樹の郷【居宅介護支援】駿東郡清水町玉川183-1", "url": "https://www.kaigokensaku.mhlw.go.jp/22/index.php?action_kouhyou_detail_004_kani=true&JigyosyoCd=2251380024-00&ServiceCd=430&Type=search", "url2": "https://www.keiju-kai.or.jp/yumenoki/" }, "geometry": { "type": "Point", "coordinates": [ 138.907933400000019, 35.106012 ] } },
{ "type": "Feature", "properties": { "内容": "株式会社大鳥居介護支援事業所【居宅介護支援】静岡県駿東郡清水町徳倉1566-2", "url": "https://www.kaigokensaku.mhlw.go.jp/22/index.php?action_kouhyou_detail_004_kani=true&JigyosyoCd=2271300374-00&ServiceCd=430&Type=search", "url2": "http://www.ootorii.jp" }, "geometry": { "type": "Point", "coordinates": [ 138.894346199999973, 35.0862944 ] } },
{ "type": "Feature", "properties": { "内容": "居宅介護支援センターエム【居宅介護支援】静岡県駿東郡清水町徳倉1013-1", "url": "https://www.kaigokensaku.mhlw.go.jp/22/index.php?action_kouhyou_detail_004_kani=true&JigyosyoCd=2211310277-00&ServiceCd=430&Type=search", "url2": "http://website2.infomity.net/8122334/emu/" }, "geometry": { "type": "Point", "coordinates": [ 138.899225489549281, 35.083401262038059 ] } },
{ "type": "Feature", "properties": { "内容": "柿田川ホーム居宅介護支援事業所【居宅介護支援】駿東郡清水町戸田54番地11", "url": "https://www.kaigokensaku.mhlw.go.jp/22/index.php?action_kouhyou_detail_004_kani=true&JigyosyoCd=2271300101-00&ServiceCd=430&Type=search", "url2": "https://kakita-home.jp" }, "geometry": { "type": "Point", "coordinates": [ 138.9123664, 35.0979323 ] } },
{ "type": "Feature", "properties": { "内容": "居宅介護支援センターとあに【居宅介護支援】静岡県駿東郡清水町徳倉2539番地1", "url": "https://www.kaigokensaku.mhlw.go.jp/22/index.php?action_kouhyou_detail_004_kani=true&JigyosyoCd=2271301067-00&ServiceCd=430&Type=search", "url2": null }, "geometry": { "type": "Point", "coordinates": [ 138.8932135, 35.0930277 ] } },
{ "type": "Feature", "properties": { "内容": "すまいる居宅介護支援事業所【居宅介護支援】静岡県駿東郡清水町徳倉889セントラルハイツⅡ　B102", "url": "https://www.kaigokensaku.mhlw.go.jp/22/index.php?action_kouhyou_detail_004_kani=true&JigyosyoCd=2271301000-00&ServiceCd=430&Type=search", "url2": null }, "geometry": { "type": "Point", "coordinates": [ 138.899859500000048, 35.0878471 ] } },
{ "type": "Feature", "properties": { "内容": "居宅介護支援センターかわせみ【居宅介護支援】駿東郡清水町的場188-6", "url": "https://www.kaigokensaku.mhlw.go.jp/22/index.php?action_kouhyou_detail_004_kani=true&JigyosyoCd=2271300176-00&ServiceCd=430&Type=search", "url2": "http://www.kawasemi.or.jp" }, "geometry": { "type": "Point", "coordinates": [ 138.906828200000064, 35.0870889 ] } },
{ "type": "Feature", "properties": { "内容": "居宅介護支援事業所　静春の里【居宅介護支援】駿東郡長泉町南一色３８－１", "url": "https://www.kaigokensaku.mhlw.go.jp/22/index.php?action_kouhyou_detail_004_kani=true&JigyosyoCd=2271300366-00&ServiceCd=430&Type=search", "url2": null }, "geometry": { "type": "Point", "coordinates": [ 138.894636100000071, 35.1511769 ] } },
{ "type": "Feature", "properties": { "内容": "居宅介護支援事業所　みどりの屋根【居宅介護支援】静岡県駿東郡長泉町上土狩452番地の７", "url": "https://www.kaigokensaku.mhlw.go.jp/22/index.php?action_kouhyou_detail_004_kani=true&JigyosyoCd=2271300549-00&ServiceCd=430&Type=search", "url2": "http://hp.kaipoke.biz/nrb/" }, "geometry": { "type": "Point", "coordinates": [ 138.900216399999977, 35.1402532 ] } },
{ "type": "Feature", "properties": { "内容": "居宅介護支援事業所綿ぼうし【居宅介護支援】静岡県駿東郡長泉町369-1", "url": "https://www.kaigokensaku.mhlw.go.jp/22/index.php?action_kouhyou_detail_004_kani=true&JigyosyoCd=2271301281-00&ServiceCd=430&Type=search", "url2": null }, "geometry": { "type": "Point", "coordinates": [ 138.9054333, 35.1280788 ] } },
{ "type": "Feature", "properties": { "内容": "居宅介護支援事業所　和み日和【居宅介護支援】静岡県駿東郡長泉町竹原247－1大沼フラッツA棟103", "url": "https://www.kaigokensaku.mhlw.go.jp/22/index.php?action_kouhyou_detail_004_kani=true&JigyosyoCd=2271301091-00&ServiceCd=430&Type=search", "url2": null }, "geometry": { "type": "Point", "coordinates": [ 138.8968908, 35.1206028 ] } },
{ "type": "Feature", "properties": { "内容": "さつき園　居宅介護支援事業所【居宅介護支援】駿東郡長泉町下土狩４５７番地の２", "url": "https://www.kaigokensaku.mhlw.go.jp/22/index.php?action_kouhyou_detail_004_kani=true&JigyosyoCd=2271300201-00&ServiceCd=430&Type=search", "url2": "http://www.satsukien.or.jp/" }, "geometry": { "type": "Point", "coordinates": [ 138.899394600000051, 35.1279239 ] } },
{ "type": "Feature", "properties": { "内容": "長泉町在宅福祉総合センター居宅介護支援事業所【居宅介護支援】静岡県駿東郡長泉町下土狩９７１番地", "url": "https://www.kaigokensaku.mhlw.go.jp/22/index.php?action_kouhyou_detail_004_kani=true&JigyosyoCd=2271300051-00&ServiceCd=430&Type=search", "url2": "http://www.nagaizumi-shakiyo.jp" }, "geometry": { "type": "Point", "coordinates": [ 138.893869799999948, 35.1379813 ] } },
{ "type": "Feature", "properties": { "内容": "博寿園居宅介護支援事業所【居宅介護支援】駿東郡長泉町本宿４１８番地の１", "url": "https://www.kaigokensaku.mhlw.go.jp/22/index.php?action_kouhyou_detail_004_kani=true&JigyosyoCd=2271300044-00&ServiceCd=430&Type=search", "url2": "http://www.ikeda-hp-g.or.jp/conntents7.htm" }, "geometry": { "type": "Point", "coordinates": [ 138.890045699999973, 35.1208634 ] } },
{ "type": "Feature", "properties": { "内容": "モク・オハナ居宅介護支援事業所【居宅介護支援】静岡県駿東郡長泉町下長窪781-1ながいずみホーム地域づくりセンターモク・オハナ", "url": "https://www.kaigokensaku.mhlw.go.jp/22/index.php?action_kouhyou_detail_004_kani=true&JigyosyoCd=2271300788-00&ServiceCd=430&Type=search", "url2": "http:/www.moku-ohana.com" }, "geometry": { "type": "Point", "coordinates": [ 138.88808419999998, 35.1375424 ] } },
{ "type": "Feature", "properties": { "内容": "ケアプランセンター結和【居宅介護支援】静岡県駿東郡長泉町納米里512－12", "url": "https://www.kaigokensaku.mhlw.go.jp/22/index.php?action_kouhyou_detail_004_kani=true&JigyosyoCd=2271300960-00&ServiceCd=430&Type=search", "url2": "https://calmlife.jp" }, "geometry": { "type": "Point", "coordinates": [ 138.896294432223982, 35.140979537376168 ] } },
{ "type": "Feature", "properties": { "内容": "居宅介護支援事業所えるなな【居宅介護支援】静岡県駿東郡長泉町下土狩460-3エキーロ2階", "url": "https://www.kaigokensaku.mhlw.go.jp/22/index.php?action_kouhyou_detail_004_kani=true&JigyosyoCd=2271300762-00&ServiceCd=430&Type=search", "url2": "http;//www.layer-seven.co.jp/erunana" }, "geometry": { "type": "Point", "coordinates": [ 138.898752136609943, 35.128048971244269 ] } },
{ "type": "Feature", "properties": { "内容": "桜づつみ指定居宅介護支援事業所【居宅介護支援】静岡県駿東郡長泉町中土狩５５７番地の３２１日幸マンション２０２", "url": "https://www.kaigokensaku.mhlw.go.jp/22/index.php?action_kouhyou_detail_004_kani=true&JigyosyoCd=2261390070-00&ServiceCd=430&Type=search", "url2": null }, "geometry": { "type": "Point", "coordinates": [ 138.903582799999981, 35.1402754 ] } },
{ "type": "Feature", "properties": { "内容": "居宅介護支援事業所　文月【居宅介護支援】下土狩1057番地の21", "url": "https://www.kaigokensaku.mhlw.go.jp/22/index.php?action_kouhyou_detail_004_kani=true&JigyosyoCd=2271301182-00&ServiceCd=430&Type=search", "url2": null }, "geometry": { "type": "Point", "coordinates": [ 138.891777, 35.1350766 ] } },
{ "type": "Feature", "properties": { "内容": "ケアワークスJLC長泉【居宅介護支援】静岡県駿東郡長泉町南一色181-1弐番館", "url": "https://www.kaigokensaku.mhlw.go.jp/22/index.php?action_kouhyou_detail_004_kani=true&JigyosyoCd=2271301265-00&ServiceCd=430&Type=search", "url2": null }, "geometry": { "type": "Point", "coordinates": [ 138.897628222453847, 35.156269136360869 ] } },
{ "type": "Feature", "properties": { "内容": "はあと居宅介護支援事業所【居宅介護支援】静岡県駿東郡小山町須走354-5", "url": "https://www.kaigokensaku.mhlw.go.jp/22/index.php?action_kouhyou_detail_004_kani=true&JigyosyoCd=2271301018-00&ServiceCd=430&Type=search", "url2": null }, "geometry": { "type": "Point", "coordinates": [ 138.864933899999983, 35.3575388 ] } },
{ "type": "Feature", "properties": { "内容": "徳風園居宅介護支援事業所【居宅介護支援】駿東郡小山町上野１４４０－１", "url": "https://www.kaigokensaku.mhlw.go.jp/22/index.php?action_kouhyou_detail_004_kani=true&JigyosyoCd=2271300069-00&ServiceCd=430&Type=search", "url2": "https://jukohkai.moon.bindcloud.jp/" }, "geometry": { "type": "Point", "coordinates": [ 138.957287700000052, 35.3664308 ] } },
{ "type": "Feature", "properties": { "内容": "居宅介護支援事業所おやまの杜【居宅介護支援】静岡県駿東郡小山町菅沼1839-3介護老人保健施設おやまの杜１階事務所内", "url": "https://www.kaigokensaku.mhlw.go.jp/22/index.php?action_kouhyou_detail_004_kani=true&JigyosyoCd=2251380032-00&ServiceCd=430&Type=search", "url2": null }, "geometry": { "type": "Point", "coordinates": [ 138.949611600000054, 35.3484027 ] } },
{ "type": "Feature", "properties": { "内容": "小山町社会福祉協議会居宅介護支援事業所【居宅介護支援】駿東郡小山町小山75-7小山町健康福祉会館", "url": "https://www.kaigokensaku.mhlw.go.jp/22/index.php?action_kouhyou_detail_004_kani=true&JigyosyoCd=2271300077-00&ServiceCd=430&Type=search", "url2": "http://www.fuji-oyama-wel.jp/" }, "geometry": { "type": "Point", "coordinates": [ 138.993305864418062, 35.360560447562861 ] } },
{ "type": "Feature", "properties": { "内容": "居宅介護支援センター　杉の子園【居宅介護支援】榛原郡吉田町片岡２８９５番地", "url": "https://www.kaigokensaku.mhlw.go.jp/22/index.php?action_kouhyou_detail_004_kani=true&JigyosyoCd=2275500011-00&ServiceCd=430&Type=search", "url2": "http://www.s-suginoko.or.jp/" }, "geometry": { "type": "Point", "coordinates": [ 138.241390899999942, 34.7720524 ] } },
{ "type": "Feature", "properties": { "内容": "アスケア　ケアプランセンター吉田【居宅介護支援】静岡県榛原郡吉田町神戸3333-1", "url": "https://www.kaigokensaku.mhlw.go.jp/22/index.php?action_kouhyou_detail_004_kani=true&JigyosyoCd=2275500839-00&ServiceCd=430&Type=search", "url2": "http://www.asahi-sun-clean.co.jp" }, "geometry": { "type": "Point", "coordinates": [ 138.228573202033886, 34.785712953684985 ] } },
{ "type": "Feature", "properties": { "内容": "コミュニティーケア吉田指定居宅介護支援事業所【居宅介護支援】榛原郡吉田町川尻1700-1", "url": "https://www.kaigokensaku.mhlw.go.jp/22/index.php?action_kouhyou_detail_004_kani=true&JigyosyoCd=2255580033-00&ServiceCd=430&Type=search", "url2": null }, "geometry": { "type": "Point", "coordinates": [ 138.272391299999981, 34.7691842 ] } },
{ "type": "Feature", "properties": { "内容": "ケアプランあめ色【居宅介護支援】榛原郡吉田町神戸７０－１", "url": "https://www.kaigokensaku.mhlw.go.jp/22/index.php?action_kouhyou_detail_004_kani=true&JigyosyoCd=2275500870-00&ServiceCd=430&Type=search", "url2": null }, "geometry": { "type": "Point", "coordinates": [ 138.2543996, 34.7860171 ] } },
{ "type": "Feature", "properties": { "内容": "吉田町社協居宅介護支援事業所【居宅介護支援】榛原郡吉田町片岡795-1健康福祉ｾﾝﾀｰ　はぁとふる", "url": "https://www.kaigokensaku.mhlw.go.jp/22/index.php?action_kouhyou_detail_004_kani=true&JigyosyoCd=2275500110-00&ServiceCd=430&Type=search", "url2": "http://www.yoshida-shakyo.jp" }, "geometry": { "type": "Point", "coordinates": [ 138.256859399999939, 34.7715446 ] } },
{ "type": "Feature", "properties": { "内容": "ケアプラン川音【居宅介護支援】下長尾262", "url": "https://www.kaigokensaku.mhlw.go.jp/22/index.php?action_kouhyou_detail_004_kani=true&JigyosyoCd=2275500987-00&ServiceCd=430&Type=search", "url2": null }, "geometry": { "type": "Point", "coordinates": [ 138.084883600000012, 35.0275769 ] } },
{ "type": "Feature", "properties": { "内容": "あかいしの郷居宅介護支援事業所【居宅介護支援】榛原郡川根本町徳山1620番地の１", "url": "https://www.kaigokensaku.mhlw.go.jp/22/index.php?action_kouhyou_detail_004_kani=true&JigyosyoCd=2275500722-00&ServiceCd=430&Type=search", "url2": "https://kojinkai-fukushi.com/akaishinosato/" }, "geometry": { "type": "Point", "coordinates": [ 138.115965800000026, 35.0750412 ] } },
{ "type": "Feature", "properties": { "内容": "川根本町社会福祉協議会居宅介護支援事業所【居宅介護支援】静岡県榛原郡川根本町上長尾990番地川根本町中川根高齢者デイサービスセンター", "url": "https://www.kaigokensaku.mhlw.go.jp/22/index.php?action_kouhyou_detail_004_kani=true&JigyosyoCd=2275500128-00&ServiceCd=430&Type=search", "url2": "http://kh-syakyo.com/" }, "geometry": { "type": "Point", "coordinates": [ 138.081178420614123, 35.043553333299698 ] } },
{ "type": "Feature", "properties": { "内容": "まつおか薬局居宅介護支援事業所【居宅介護支援】榛原郡川根本町徳山８２９", "url": "https://www.kaigokensaku.mhlw.go.jp/22/index.php?action_kouhyou_detail_004_kani=true&JigyosyoCd=2245510736-00&ServiceCd=430&Type=search", "url2": "http://care-matsuoka.jp/" }, "geometry": { "type": "Point", "coordinates": [ 138.112293799999946, 35.0754051 ] } },
{ "type": "Feature", "properties": { "内容": "居宅介護支援なないろ川根【居宅介護支援】静岡県榛原郡川根本町上長尾829-2-2", "url": "https://www.kaigokensaku.mhlw.go.jp/22/index.php?action_kouhyou_detail_004_kani=true&JigyosyoCd=2275500953-00&ServiceCd=430&Type=search", "url2": null }, "geometry": { "type": "Point", "coordinates": [ 138.08313720000001, 35.0429552 ] } },
{ "type": "Feature", "properties": { "内容": "森町社協ケアサービス【居宅介護支援】周智郡森町森５０－１森町保健福祉センター内", "url": "https://www.kaigokensaku.mhlw.go.jp/22/index.php?action_kouhyou_detail_004_kani=true&JigyosyoCd=2276300049-00&ServiceCd=430&Type=search", "url2": "https://www.mori-shakyou.or.jp/" }, "geometry": { "type": "Point", "coordinates": [ 137.928474100000017, 34.8368883 ] } },
{ "type": "Feature", "properties": { "内容": "めぶきケアプランセンター【居宅介護支援】静岡県周智郡森町森2117番地の7", "url": "https://www.kaigokensaku.mhlw.go.jp/22/index.php?action_kouhyou_detail_004_kani=true&JigyosyoCd=2276300288-00&ServiceCd=430&Type=search", "url2": null }, "geometry": { "type": "Point", "coordinates": [ 137.92721328334369, 34.83501365509327 ] } },
{ "type": "Feature", "properties": { "内容": "森町訪問看護ステーション居宅介護支援事業所【居宅介護支援】静岡県周智郡森町草ケ谷387番地の1森町家庭医療クリニック2階", "url": "https://www.kaigokensaku.mhlw.go.jp/22/index.php?action_kouhyou_detail_004_kani=true&JigyosyoCd=2276300221-00&ServiceCd=430&Type=search", "url2": "https://hospital.town.morimachi.shizuoka.jp" }, "geometry": { "type": "Point", "coordinates": [ 137.918380899999988, 34.8257572 ] } },
{ "type": "Feature", "properties": { "内容": "聖隷ケアプランセンター森町【居宅介護支援】周智郡森町一宮3150番地", "url": "https://www.kaigokensaku.mhlw.go.jp/22/index.php?action_kouhyou_detail_004_kani=true&JigyosyoCd=2276300023-00&ServiceCd=430&Type=search", "url2": "http://www.seirei.or.jp/elderlyhome/morimachi/" }, "geometry": { "type": "Point", "coordinates": [ 137.891694700000016, 34.8255416 ] } }
]
}
