{
"type": "FeatureCollection",
"name": "geo_22_訪問看護",
"crs": { "type": "name", "properties": { "name": "urn:ogc:def:crs:OGC:1.3:CRS84" } },
"features": [
{ "type": "Feature", "properties": { "内容": "静岡赤十字病院【訪問看護】静岡市葵区追手町8番2号", "url": "https://www.kaigokensaku.mhlw.go.jp/22/index.php?action_kouhyou_detail_004_kani=true&JigyosyoCd=2214160075-00&ServiceCd=130&Type=search", "url2": "houmon@shizuoka-med.jrc.or.jp" }, "geometry": { "type": "Point", "coordinates": [ 138.380651400000033, 34.976239700000015 ] } },
{ "type": "Feature", "properties": { "内容": "ハートピアの森リハビリ訪問看護ステーションサテライト瀬名【訪問看護】瀬名川1-32-1101アベニューJF101", "url": "https://www.kaigokensaku.mhlw.go.jp/22/index.php?action_kouhyou_detail_004_kani=true&JigyosyoCd=2264290277-00&ServiceCd=130&Type=search", "url2": "https://heart-pia.co.jp/" }, "geometry": { "type": "Point", "coordinates": [ 138.424747199999985, 35.007178 ] } },
{ "type": "Feature", "properties": { "内容": "医心館訪問看護ステーション静岡Ⅱ【訪問看護】静岡県静岡市葵区千代田5丁目10番20号", "url": "https://www.kaigokensaku.mhlw.go.jp/22/index.php?action_kouhyou_detail_004_kani=true&JigyosyoCd=2264290863-00&ServiceCd=130&Type=search", "url2": null }, "geometry": { "type": "Point", "coordinates": [ 138.4050177, 34.9983429 ] } },
{ "type": "Feature", "properties": { "内容": "ホウカンSHIZUOKA葵【訪問看護】静岡県静岡市葵区上足洗1丁目6-30サニーコート上足203号室", "url": "https://www.kaigokensaku.mhlw.go.jp/22/index.php?action_kouhyou_detail_004_kani=true&JigyosyoCd=2264290582-00&ServiceCd=130&Type=search", "url2": "https://hokantokyo.org/cameria/" }, "geometry": { "type": "Point", "coordinates": [ 138.394951638098178, 34.991740630899123 ] } },
{ "type": "Feature", "properties": { "内容": "訪問看護ステーションあやめ静岡葵【訪問看護】静岡県静岡市葵区上伝馬10-45パークサイド上伝馬202号室", "url": "https://www.kaigokensaku.mhlw.go.jp/22/index.php?action_kouhyou_detail_004_kani=true&JigyosyoCd=2264290905-00&ServiceCd=130&Type=search", "url2": "https://firstnurse.co.jp/" }, "geometry": { "type": "Point", "coordinates": [ 138.3710769, 35.0074732 ] } },
{ "type": "Feature", "properties": { "内容": "アクア葵訪問看護【訪問看護】静岡県静岡市葵区牧ケ谷2459-1", "url": "https://www.kaigokensaku.mhlw.go.jp/22/index.php?action_kouhyou_detail_004_kani=true&JigyosyoCd=2264290822-00&ServiceCd=130&Type=search", "url2": null }, "geometry": { "type": "Point", "coordinates": [ 138.3462644, 34.9699661 ] } },
{ "type": "Feature", "properties": { "内容": "訪問看護ステーションよいち【訪問看護】静岡県静岡市葵区与一五丁目21番28－3号", "url": "https://www.kaigokensaku.mhlw.go.jp/22/index.php?action_kouhyou_detail_004_kani=true&JigyosyoCd=2264290772-00&ServiceCd=130&Type=search", "url2": "https://houkan-yoichi.jimdosite.com/" }, "geometry": { "type": "Point", "coordinates": [ 138.368945599999989, 35.0117479 ] } },
{ "type": "Feature", "properties": { "内容": "訪問看護ステーション大岩【訪問看護】大岩２－４６－９コンシエール大岩２０１", "url": "https://www.kaigokensaku.mhlw.go.jp/22/index.php?action_kouhyou_detail_004_kani=true&JigyosyoCd=2264290186-00&ServiceCd=130&Type=search", "url2": null }, "geometry": { "type": "Point", "coordinates": [ 138.382242200000064, 34.9997008 ] } },
{ "type": "Feature", "properties": { "内容": "訪問看護ステーションガイア【訪問看護】静岡県静岡市葵区柚木90-9　ＭＳビル１階ＭＳビル１階", "url": "https://www.kaigokensaku.mhlw.go.jp/22/index.php?action_kouhyou_detail_004_kani=true&JigyosyoCd=2264290095-00&ServiceCd=130&Type=search", "url2": "https://www.r-and-o.jp/shizuoka-hmcc/gaia/" }, "geometry": { "type": "Point", "coordinates": [ 138.405573105215439, 34.98035193495339 ] } },
{ "type": "Feature", "properties": { "内容": "しずおか日赤訪問看護ステーション【訪問看護】両替町1丁目7-5", "url": "https://www.kaigokensaku.mhlw.go.jp/22/index.php?action_kouhyou_detail_004_kani=true&JigyosyoCd=2264290533-00&ServiceCd=130&Type=search", "url2": "https://www.shizuoka-med.jrc.or.jp/section/department/homenursing/" }, "geometry": { "type": "Point", "coordinates": [ 138.380570300000045, 34.9742644 ] } },
{ "type": "Feature", "properties": { "内容": "アクア葵竜南訪問介護【訪問看護】静岡県静岡市葵区竜南3丁目1-52", "url": "https://www.kaigokensaku.mhlw.go.jp/22/index.php?action_kouhyou_detail_004_kani=true&JigyosyoCd=2264290921-00&ServiceCd=130&Type=search", "url2": null }, "geometry": { "type": "Point", "coordinates": [ 138.4016288, 34.9976217 ] } },
{ "type": "Feature", "properties": { "内容": "訪問看護ステーション茶町【訪問看護】静岡県静岡市葵区北番町66-1", "url": "https://www.kaigokensaku.mhlw.go.jp/22/index.php?action_kouhyou_detail_004_kani=true&JigyosyoCd=2264190089-00&ServiceCd=130&Type=search", "url2": "http://www.ja-shizuoka.or.jp/szlosei-hosp/humon/humontop.htm" }, "geometry": { "type": "Point", "coordinates": [ 138.368821799999978, 34.9797476 ] } },
{ "type": "Feature", "properties": { "内容": "訪問看護ステーションポポハート【訪問看護】静岡県静岡市葵区太田町12-6仲野ビル4階", "url": "https://www.kaigokensaku.mhlw.go.jp/22/index.php?action_kouhyou_detail_004_kani=true&JigyosyoCd=2264290665-00&ServiceCd=130&Type=search", "url2": "https://rurinomura.com/" }, "geometry": { "type": "Point", "coordinates": [ 138.3929901, 34.984042 ] } },
{ "type": "Feature", "properties": { "内容": "訪問看護ステーションスマイルリラ【訪問看護】静岡県静岡市葵区長沼647", "url": "https://www.kaigokensaku.mhlw.go.jp/22/index.php?action_kouhyou_detail_004_kani=true&JigyosyoCd=2264290384-00&ServiceCd=130&Type=search", "url2": "https://www.lyremizoguchi.com/" }, "geometry": { "type": "Point", "coordinates": [ 138.4131231, 34.988295 ] } },
{ "type": "Feature", "properties": { "内容": "ハートピアの森リハビリ訪問看護ステーション瀬名【訪問看護】瀬名川1-32-1アベニューJF101", "url": "https://www.kaigokensaku.mhlw.go.jp/22/index.php?action_kouhyou_detail_004_kani=true&JigyosyoCd=2264290871-00&ServiceCd=130&Type=search", "url2": "https://heart-pia.co.jp" }, "geometry": { "type": "Point", "coordinates": [ 138.424754299999989, 35.0071799 ] } },
{ "type": "Feature", "properties": { "内容": "看護クラーク　静岡葵【訪問看護】瀬名一丁目１１番３号", "url": "https://www.kaigokensaku.mhlw.go.jp/22/index.php?action_kouhyou_detail_004_kani=true&JigyosyoCd=2264290566-00&ServiceCd=130&Type=search", "url2": null }, "geometry": { "type": "Point", "coordinates": [ 138.4212808, 35.0193334 ] } },
{ "type": "Feature", "properties": { "内容": "ほうもんかんごすてーしょんいのべるしずおか【訪問看護】静岡県静岡市葵区柚木１００４サーパス東静岡柚木１階事務所", "url": "https://www.kaigokensaku.mhlw.go.jp/22/index.php?action_kouhyou_detail_004_kani=true&JigyosyoCd=2264291044-00&ServiceCd=130&Type=search", "url2": null }, "geometry": { "type": "Point", "coordinates": [ 138.407569, 34.9829338 ] } },
{ "type": "Feature", "properties": { "内容": "静岡市社会福祉協議会訪問看護ステーションしずおか【訪問看護】静岡県静岡市葵区城内町1番1号静岡市中央福祉センター１階", "url": "https://www.kaigokensaku.mhlw.go.jp/22/index.php?action_kouhyou_detail_004_kani=true&JigyosyoCd=2264190030-00&ServiceCd=130&Type=search", "url2": "https://www.shizuoka-shakyo.or.jp/" }, "geometry": { "type": "Point", "coordinates": [ 138.381204, 34.981889 ] } },
{ "type": "Feature", "properties": { "内容": "医療法人社団静岡健生会　訪問看護ステーションふれあい【訪問看護】静岡県静岡市葵区田町５丁目２２番地", "url": "https://www.kaigokensaku.mhlw.go.jp/22/index.php?action_kouhyou_detail_004_kani=true&JigyosyoCd=2264190048-00&ServiceCd=130&Type=search", "url2": "http://www.shizumin.com/fureai/contents.html" }, "geometry": { "type": "Point", "coordinates": [ 138.368552125131259, 34.968112051293403 ] } },
{ "type": "Feature", "properties": { "内容": "訪問看護ステーション　マザー【訪問看護】静岡県静岡市葵区赤松8-16", "url": "https://www.kaigokensaku.mhlw.go.jp/22/index.php?action_kouhyou_detail_004_kani=true&JigyosyoCd=2264190097-00&ServiceCd=130&Type=search", "url2": "www.communi.or.jp" }, "geometry": { "type": "Point", "coordinates": [ 138.396401900000029, 35.024856300000025 ] } },
{ "type": "Feature", "properties": { "内容": "訪問看護ステーションあみ【訪問看護】静岡県静岡市葵区上伝馬23-6らぽーず", "url": "https://www.kaigokensaku.mhlw.go.jp/22/index.php?action_kouhyou_detail_004_kani=true&JigyosyoCd=2264190113-00&ServiceCd=130&Type=search", "url2": "http://www.shouei-kai.com" }, "geometry": { "type": "Point", "coordinates": [ 138.37261894939607, 35.010127310336038 ] } },
{ "type": "Feature", "properties": { "内容": "まはえの訪問看護リハビリステーション【訪問看護】山崎２丁目３－１１２F", "url": "https://www.kaigokensaku.mhlw.go.jp/22/index.php?action_kouhyou_detail_004_kani=true&JigyosyoCd=2264290210-00&ServiceCd=130&Type=search", "url2": "http://www.mahae-shizuoka.jp/" }, "geometry": { "type": "Point", "coordinates": [ 138.3550176, 34.977509 ] } },
{ "type": "Feature", "properties": { "内容": "かなで訪問看護リハビリステーション【訪問看護】沓谷6－14－5ブルーハイム沓谷１A", "url": "https://www.kaigokensaku.mhlw.go.jp/22/index.php?action_kouhyou_detail_004_kani=true&JigyosyoCd=2264290269-00&ServiceCd=130&Type=search", "url2": null }, "geometry": { "type": "Point", "coordinates": [ 138.413223763568766, 34.994286234271655 ] } },
{ "type": "Feature", "properties": { "内容": "はなうたの看護　葵【訪問看護】井宮町１０８－２２", "url": "https://www.kaigokensaku.mhlw.go.jp/22/index.php?action_kouhyou_detail_004_kani=true&JigyosyoCd=2264290301-00&ServiceCd=130&Type=search", "url2": "http://hanauta-world.com/" }, "geometry": { "type": "Point", "coordinates": [ 138.369185723122882, 34.987121519871792 ] } },
{ "type": "Feature", "properties": { "内容": "訪問看護ステーションあんどう【訪問看護】静岡県静岡市葵区安東一丁目23番12号", "url": "https://www.kaigokensaku.mhlw.go.jp/22/index.php?action_kouhyou_detail_004_kani=true&JigyosyoCd=2264290442-00&ServiceCd=130&Type=search", "url2": "http://npo-ikiiki.net/" }, "geometry": { "type": "Point", "coordinates": [ 138.382103564418003, 34.984707143163909 ] } },
{ "type": "Feature", "properties": { "内容": "かごうえ訪問看護【訪問看護】静岡県静岡市葵区籠上14-33", "url": "https://www.kaigokensaku.mhlw.go.jp/22/index.php?action_kouhyou_detail_004_kani=true&JigyosyoCd=2264290541-00&ServiceCd=130&Type=search", "url2": null }, "geometry": { "type": "Point", "coordinates": [ 138.369964699999969, 34.9934721 ] } },
{ "type": "Feature", "properties": { "内容": "訪問看護ステーション竜南【訪問看護】千代田5丁目6-51-3アルタミラ千代田A棟A2号室", "url": "https://www.kaigokensaku.mhlw.go.jp/22/index.php?action_kouhyou_detail_004_kani=true&JigyosyoCd=2264290558-00&ServiceCd=130&Type=search", "url2": null }, "geometry": { "type": "Point", "coordinates": [ 138.3989161, 34.9962538 ] } },
{ "type": "Feature", "properties": { "内容": "訪問看護ステーションはとり【訪問看護】静岡県静岡市葵区羽鳥3丁目5-12メゾンリメイラ105号室", "url": "https://www.kaigokensaku.mhlw.go.jp/22/index.php?action_kouhyou_detail_004_kani=true&JigyosyoCd=2264290590-00&ServiceCd=130&Type=search", "url2": "https://www.houkan-hatori.com/" }, "geometry": { "type": "Point", "coordinates": [ 138.3404152, 34.9803755 ] } },
{ "type": "Feature", "properties": { "内容": "かぶとむしの訪問看護リハビリステーション【訪問看護】静岡県静岡市葵区平和３丁目3-13", "url": "https://www.kaigokensaku.mhlw.go.jp/22/index.php?action_kouhyou_detail_004_kani=true&JigyosyoCd=2264290624-00&ServiceCd=130&Type=search", "url2": null }, "geometry": { "type": "Point", "coordinates": [ 138.37008430000003, 34.991774200000023 ] } },
{ "type": "Feature", "properties": { "内容": "訪問看護ステーション瀬名川【訪問看護】静岡県静岡市葵区瀬名川1丁目32-70", "url": "https://www.kaigokensaku.mhlw.go.jp/22/index.php?action_kouhyou_detail_004_kani=true&JigyosyoCd=2264290632-00&ServiceCd=130&Type=search", "url2": null }, "geometry": { "type": "Point", "coordinates": [ 138.425366700000012, 35.0079878 ] } },
{ "type": "Feature", "properties": { "内容": "訪問看護ステーションなのはな【訪問看護】昭府一丁目16番5号102号", "url": "https://www.kaigokensaku.mhlw.go.jp/22/index.php?action_kouhyou_detail_004_kani=true&JigyosyoCd=2264290764-00&ServiceCd=130&Type=search", "url2": null }, "geometry": { "type": "Point", "coordinates": [ 138.3710388, 34.9969324 ] } },
{ "type": "Feature", "properties": { "内容": "訪問看護ステーション結い【訪問看護】静岡県静岡市葵区唐瀬1丁目5－7ハイツ長坂101", "url": "https://www.kaigokensaku.mhlw.go.jp/22/index.php?action_kouhyou_detail_004_kani=true&JigyosyoCd=2264290855-00&ServiceCd=130&Type=search", "url2": "yui-houmon-kango.com" }, "geometry": { "type": "Point", "coordinates": [ 138.3833176, 35.0089878 ] } },
{ "type": "Feature", "properties": { "内容": "ザオーケア訪問看護ステーション静岡【訪問看護】静岡県静岡市葵区瀬名川２－３－４４久保田貸屋８号", "url": "https://www.kaigokensaku.mhlw.go.jp/22/index.php?action_kouhyou_detail_004_kani=true&JigyosyoCd=2264290947-00&ServiceCd=130&Type=search", "url2": null }, "geometry": { "type": "Point", "coordinates": [ 138.427252399999986, 35.0052869 ] } },
{ "type": "Feature", "properties": { "内容": "訪問看護リベル　静岡葵【訪問看護】沓谷6丁目11-4", "url": "https://www.kaigokensaku.mhlw.go.jp/22/index.php?action_kouhyou_detail_004_kani=true&JigyosyoCd=2264291143-00&ServiceCd=130&Type=search", "url2": null }, "geometry": { "type": "Point", "coordinates": [ 138.4115864, 34.9950268 ] } },
{ "type": "Feature", "properties": { "内容": "ひなたぼっこ水道町訪問看護ステーション【訪問看護】静岡県静岡市葵区水道町159-2", "url": "https://www.kaigokensaku.mhlw.go.jp/22/index.php?action_kouhyou_detail_004_kani=true&JigyosyoCd=2264290335-00&ServiceCd=130&Type=search", "url2": null }, "geometry": { "type": "Point", "coordinates": [ 138.367749803704783, 34.984167608252022 ] } },
{ "type": "Feature", "properties": { "内容": "訪問看護ステーション　マザー【訪問看護】静岡県静岡市葵区赤松8-16", "url": "https://www.kaigokensaku.mhlw.go.jp/22/index.php?action_kouhyou_detail_004_kani=true&JigyosyoCd=2264291218-00&ServiceCd=130&Type=search", "url2": "www.communi.or.jp" }, "geometry": { "type": "Point", "coordinates": [ 138.3962953, 35.0248663 ] } },
{ "type": "Feature", "properties": { "内容": "朋訪問看護ステーション葵【訪問看護】竜南3-17-10竜南コーポ104", "url": "https://www.kaigokensaku.mhlw.go.jp/22/index.php?action_kouhyou_detail_004_kani=true&JigyosyoCd=2264290988-00&ServiceCd=130&Type=search", "url2": null }, "geometry": { "type": "Point", "coordinates": [ 138.399648899999988, 34.999562 ] } },
{ "type": "Feature", "properties": { "内容": "訪問看護ステーション　ハーティ【訪問看護】静岡県静岡市葵区馬場町14番地OMビル　訪問看護ステーション　ハーティ", "url": "https://www.kaigokensaku.mhlw.go.jp/22/index.php?action_kouhyou_detail_004_kani=true&JigyosyoCd=2264290467-00&ServiceCd=130&Type=search", "url2": null }, "geometry": { "type": "Point", "coordinates": [ 138.377657099999965, 34.9792865 ] } },
{ "type": "Feature", "properties": { "内容": "つどいのおか訪問看護ステーション【訪問看護】静岡県静岡市葵区本通西町39つどいのおかクリニック4階", "url": "https://www.kaigokensaku.mhlw.go.jp/22/index.php?action_kouhyou_detail_004_kani=true&JigyosyoCd=2264290400-00&ServiceCd=130&Type=search", "url2": "https://eishinkai.tsudoinooka.com/home-nursing/" }, "geometry": { "type": "Point", "coordinates": [ 138.371674799999937, 34.9647299 ] } },
{ "type": "Feature", "properties": { "内容": "医療法人社団ヴィレ　とやまクリニック【訪問看護】静岡市駿河区東新田2丁目16番30号サンコーポ池ヶ谷103", "url": "https://www.kaigokensaku.mhlw.go.jp/22/index.php?action_kouhyou_detail_004_kani=true&JigyosyoCd=2214211522-00&ServiceCd=130&Type=search", "url2": "https://www.toyamaclinic.net" }, "geometry": { "type": "Point", "coordinates": [ 138.374375699999973, 34.9453982 ] } },
{ "type": "Feature", "properties": { "内容": "訪問看護ステーションあやめ駿河【訪問看護】中島1274-1カーサライトワンＢ棟215号", "url": "https://www.kaigokensaku.mhlw.go.jp/22/index.php?action_kouhyou_detail_004_kani=true&JigyosyoCd=2264290616-00&ServiceCd=130&Type=search", "url2": "http://www.firstnurse.co.jp" }, "geometry": { "type": "Point", "coordinates": [ 138.39424, 34.942734 ] } },
{ "type": "Feature", "properties": { "内容": "訪問看護ステーション　あおむし【訪問看護】静岡県静岡市駿河区大谷４０５番地", "url": "https://www.kaigokensaku.mhlw.go.jp/22/index.php?action_kouhyou_detail_004_kani=true&JigyosyoCd=2264290236-00&ServiceCd=130&Type=search", "url2": "www.aomushi-soramame.com" }, "geometry": { "type": "Point", "coordinates": [ 138.424056014268899, 34.967816917385605 ] } },
{ "type": "Feature", "properties": { "内容": "静岡済生会訪問看護ステーションおしか【訪問看護】静岡市駿河区小鹿1丁目1番1号", "url": "https://www.kaigokensaku.mhlw.go.jp/22/index.php?action_kouhyou_detail_004_kani=true&JigyosyoCd=2264190055-00&ServiceCd=130&Type=search", "url2": "http://www.siz.saiseikai.or.jp/station/index.html" }, "geometry": { "type": "Point", "coordinates": [ 138.412837399999944, 34.9760543 ] } },
{ "type": "Feature", "properties": { "内容": "ヒロ訪問看護ステーション【訪問看護】静岡県静岡市駿河区曲金2-1-39マンション未来302号", "url": "https://www.kaigokensaku.mhlw.go.jp/22/index.php?action_kouhyou_detail_004_kani=true&JigyosyoCd=2264290707-00&ServiceCd=130&Type=search", "url2": null }, "geometry": { "type": "Point", "coordinates": [ 138.403638699999988, 34.9756147 ] } },
{ "type": "Feature", "properties": { "内容": "指定訪問看護イノチテラス【訪問看護】静岡市駿河区南安倍3丁目12-1ガーデニアガーデン南安倍2F", "url": "https://www.kaigokensaku.mhlw.go.jp/22/index.php?action_kouhyou_detail_004_kani=true&JigyosyoCd=2264290756-00&ServiceCd=130&Type=search", "url2": null }, "geometry": { "type": "Point", "coordinates": [ 138.3763004, 34.9605015 ] } },
{ "type": "Feature", "properties": { "内容": "アクア駿河訪問看護【訪問看護】西脇877番2号", "url": "https://www.kaigokensaku.mhlw.go.jp/22/index.php?action_kouhyou_detail_004_kani=true&JigyosyoCd=2264290848-00&ServiceCd=130&Type=search", "url2": null }, "geometry": { "type": "Point", "coordinates": [ 134.969354900000013, 34.9933877 ] } },
{ "type": "Feature", "properties": { "内容": "すぴか訪問看護ステーション【訪問看護】静岡県静岡市駿河区東新田3丁目4番7号", "url": "https://www.kaigokensaku.mhlw.go.jp/22/index.php?action_kouhyou_detail_004_kani=true&JigyosyoCd=2264290699-00&ServiceCd=130&Type=search", "url2": "https://www.wille-mc.net/" }, "geometry": { "type": "Point", "coordinates": [ 138.370286200000038, 34.947112600000033 ] } },
{ "type": "Feature", "properties": { "内容": "ハートピアの森　リハビリ訪問看護ステーション【訪問看護】手越420-3", "url": "https://www.kaigokensaku.mhlw.go.jp/22/index.php?action_kouhyou_detail_004_kani=true&JigyosyoCd=2264290277-00&ServiceCd=130&Type=search", "url2": "https://heart-pia.co.jp" }, "geometry": { "type": "Point", "coordinates": [ 138.365273271163915, 34.955464400000515 ] } },
{ "type": "Feature", "properties": { "内容": "訪問看護ステーション丸子の里【訪問看護】静岡市駿河区みずほ2丁目12-7", "url": "https://www.kaigokensaku.mhlw.go.jp/22/index.php?action_kouhyou_detail_004_kani=true&JigyosyoCd=2264190071-00&ServiceCd=130&Type=search", "url2": "http://www.marikonosato.org" }, "geometry": { "type": "Point", "coordinates": [ 138.368968587288691, 34.940857841483798 ] } },
{ "type": "Feature", "properties": { "内容": "訪問看護ステーション萩【訪問看護】静岡市駿河区国吉田6丁目6-6", "url": "https://www.kaigokensaku.mhlw.go.jp/22/index.php?action_kouhyou_detail_004_kani=true&JigyosyoCd=2264190105-00&ServiceCd=130&Type=search", "url2": "http://ｗｗｗ.syujikai.ｊｐ" }, "geometry": { "type": "Point", "coordinates": [ 138.436106619475368, 34.988450134037826 ] } },
{ "type": "Feature", "properties": { "内容": "訪問看護ステーション　一休【訪問看護】静岡市駿河区新川２丁目４番３１号", "url": "https://www.kaigokensaku.mhlw.go.jp/22/index.php?action_kouhyou_detail_004_kani=true&JigyosyoCd=2264290012-00&ServiceCd=130&Type=search", "url2": null }, "geometry": { "type": "Point", "coordinates": [ 138.386220800000046, 34.9611054 ] } },
{ "type": "Feature", "properties": { "内容": "曲金訪問看護ステーション【訪問看護】静岡市駿河区曲金6丁目13-14", "url": "https://www.kaigokensaku.mhlw.go.jp/22/index.php?action_kouhyou_detail_004_kani=true&JigyosyoCd=2264290046-00&ServiceCd=130&Type=search", "url2": "http://magarikane.net/" }, "geometry": { "type": "Point", "coordinates": [ 138.412345021109786, 34.982078768530208 ] } },
{ "type": "Feature", "properties": { "内容": "訪問看護ステーションあしたば【訪問看護】静岡市駿河区中島1687-39", "url": "https://www.kaigokensaku.mhlw.go.jp/22/index.php?action_kouhyou_detail_004_kani=true&JigyosyoCd=2264290079-00&ServiceCd=130&Type=search", "url2": "http://www.nh-ashitaba.co.jp" }, "geometry": { "type": "Point", "coordinates": [ 138.400750799999969, 34.9349446 ] } },
{ "type": "Feature", "properties": { "内容": "訪問看護ステーションふるさとの家【訪問看護】静岡県静岡市駿河区みずほ5丁目3-1", "url": "https://www.kaigokensaku.mhlw.go.jp/22/index.php?action_kouhyou_detail_004_kani=true&JigyosyoCd=2264290368-00&ServiceCd=130&Type=search", "url2": null }, "geometry": { "type": "Point", "coordinates": [ 138.366593, 34.9384276 ] } },
{ "type": "Feature", "properties": { "内容": "訪問看護しんあい【訪問看護】静岡県静岡市駿河区池田756-13", "url": "https://www.kaigokensaku.mhlw.go.jp/22/index.php?action_kouhyou_detail_004_kani=true&JigyosyoCd=2264290434-00&ServiceCd=130&Type=search", "url2": null }, "geometry": { "type": "Point", "coordinates": [ 138.424598099999969, 34.9802835 ] } },
{ "type": "Feature", "properties": { "内容": "にじいろ訪問看護ステーション【訪問看護】八幡２丁目２－１７", "url": "https://www.kaigokensaku.mhlw.go.jp/22/index.php?action_kouhyou_detail_004_kani=true&JigyosyoCd=2264290640-00&ServiceCd=130&Type=search", "url2": "https://www.nijiiro-care.com" }, "geometry": { "type": "Point", "coordinates": [ 138.39488532186104, 34.969448983773603 ] } },
{ "type": "Feature", "properties": { "内容": "訪問看護ステーション　Relixir【訪問看護】静岡県静岡市駿河区中島1072-1住宅型有料老人ホームClassy", "url": "https://www.kaigokensaku.mhlw.go.jp/22/index.php?action_kouhyou_detail_004_kani=true&JigyosyoCd=2264290962-00&ServiceCd=130&Type=search", "url2": "https://life-is.me/" }, "geometry": { "type": "Point", "coordinates": [ 138.3962238, 34.9402456 ] } },
{ "type": "Feature", "properties": { "内容": "訪問看護リベル　県立美術館前【訪問看護】静岡県静岡市駿河区谷田34番5号", "url": "https://www.kaigokensaku.mhlw.go.jp/22/index.php?action_kouhyou_detail_004_kani=true&JigyosyoCd=2264291150-00&ServiceCd=130&Type=search", "url2": null }, "geometry": { "type": "Point", "coordinates": [ 138.4409212, 34.995277 ] } },
{ "type": "Feature", "properties": { "内容": "カンタキ訪問看護リベル　県立美術館前【訪問看護】静岡市駿河区谷田34番5号看護小規模多機能リベル　県立美術館前内", "url": "https://www.kaigokensaku.mhlw.go.jp/22/index.php?action_kouhyou_detail_004_kani=true&JigyosyoCd=2264291168-00&ServiceCd=130&Type=search", "url2": null }, "geometry": { "type": "Point", "coordinates": [ 138.4409212, 34.995277 ] } },
{ "type": "Feature", "properties": { "内容": "訪問看護けあLAB【訪問看護】静岡県静岡市駿河区稲川三丁目5-8サンハイツ稲川101号室", "url": "https://www.kaigokensaku.mhlw.go.jp/22/index.php?action_kouhyou_detail_004_kani=true&JigyosyoCd=2264291176-00&ServiceCd=130&Type=search", "url2": "http://www.care-lab1001.com/cont1/main.html" }, "geometry": { "type": "Point", "coordinates": [ 138.3937194, 34.9679548 ] } },
{ "type": "Feature", "properties": { "内容": "訪問看護ＭＹメディカル静岡【訪問看護】静岡県静岡市駿河区中原544番地2", "url": "https://www.kaigokensaku.mhlw.go.jp/22/index.php?action_kouhyou_detail_004_kani=true&JigyosyoCd=2264291192-00&ServiceCd=130&Type=search", "url2": null }, "geometry": { "type": "Point", "coordinates": [ 138.390136705557268, 34.954531216431043 ] } },
{ "type": "Feature", "properties": { "内容": "独立行政法人地域医療機能推進機構桜ヶ丘病院【訪問看護】静岡県静岡市清水区桜が丘町１３－２３", "url": "https://www.kaigokensaku.mhlw.go.jp/22/index.php?action_kouhyou_detail_004_kani=true&JigyosyoCd=2213260108-00&ServiceCd=130&Type=search", "url2": "http://sakuragaoka.jcho.go.jp" }, "geometry": { "type": "Point", "coordinates": [ 138.47954249999998, 35.0092023 ] } },
{ "type": "Feature", "properties": { "内容": "訪問看護ステーション日本平【訪問看護】静岡県静岡市清水区駒越2359-24", "url": "https://www.kaigokensaku.mhlw.go.jp/22/index.php?action_kouhyou_detail_004_kani=true&JigyosyoCd=2264290780-00&ServiceCd=130&Type=search", "url2": "https://www.seijin-kai.or.jp/" }, "geometry": { "type": "Point", "coordinates": [ 138.480171399999989, 34.9760711 ] } },
{ "type": "Feature", "properties": { "内容": "ノエルイースト訪問看護ステーション【訪問看護】静岡県静岡市清水区辻2丁目6-5", "url": "https://www.kaigokensaku.mhlw.go.jp/22/index.php?action_kouhyou_detail_004_kani=true&JigyosyoCd=2264290798-00&ServiceCd=130&Type=search", "url2": "http://hp.kaipoke.biz/d8d/" }, "geometry": { "type": "Point", "coordinates": [ 138.487098800000012, 35.026632 ] } },
{ "type": "Feature", "properties": { "内容": "訪問看護ステーション　デューン静岡【訪問看護】静岡県静岡市清水区草薙1丁目9-10岩崎ビル2階", "url": "https://www.kaigokensaku.mhlw.go.jp/22/index.php?action_kouhyou_detail_004_kani=true&JigyosyoCd=2264290806-00&ServiceCd=130&Type=search", "url2": "https://www.nfield.co.jp/" }, "geometry": { "type": "Point", "coordinates": [ 138.443070299999988, 35.0026971 ] } },
{ "type": "Feature", "properties": { "内容": "訪問看護ステーションあやめ清水御門台【訪問看護】静岡県静岡市清水区馬走北6-16グランシャリオ103号室", "url": "https://www.kaigokensaku.mhlw.go.jp/22/index.php?action_kouhyou_detail_004_kani=true&JigyosyoCd=2264290897-00&ServiceCd=130&Type=search", "url2": "https://firstnurse.co.jp/" }, "geometry": { "type": "Point", "coordinates": [ 138.4583963, 35.0071975 ] } },
{ "type": "Feature", "properties": { "内容": "訪問看護ステーションリアン【訪問看護】静岡市清水区渋川3丁目8-27ヴィラエスポワール102", "url": "https://www.kaigokensaku.mhlw.go.jp/22/index.php?action_kouhyou_detail_004_kani=true&JigyosyoCd=2264290673-00&ServiceCd=130&Type=search", "url2": null }, "geometry": { "type": "Point", "coordinates": [ 138.4671802, 35.0190267 ] } },
{ "type": "Feature", "properties": { "内容": "ナーシングステーション宮代【訪問看護】静岡県静岡市清水区宮代町２－５　grdbld.302号grdbld.302号", "url": "https://www.kaigokensaku.mhlw.go.jp/22/index.php?action_kouhyou_detail_004_kani=true&JigyosyoCd=2264291002-00&ServiceCd=130&Type=search", "url2": "https://nursingmiya.jp/miyashiro/" }, "geometry": { "type": "Point", "coordinates": [ 138.483040499999987, 35.0239135 ] } },
{ "type": "Feature", "properties": { "内容": "ぱるす訪問看護ステーション【訪問看護】静岡県静岡市清水区谷田21番21号", "url": "https://www.kaigokensaku.mhlw.go.jp/22/index.php?action_kouhyou_detail_004_kani=true&JigyosyoCd=2264290525-00&ServiceCd=130&Type=search", "url2": null }, "geometry": { "type": "Point", "coordinates": [ 138.445141149737509, 34.997207939038283 ] } },
{ "type": "Feature", "properties": { "内容": "訪問看護ステーション清水【訪問看護】静岡市清水区春日一丁目2番12号", "url": "https://www.kaigokensaku.mhlw.go.jp/22/index.php?action_kouhyou_detail_004_kani=true&JigyosyoCd=2263290013-00&ServiceCd=130&Type=search", "url2": "http://www.shizuoka-na.jp/" }, "geometry": { "type": "Point", "coordinates": [ 138.476026100000013, 35.0122269 ] } },
{ "type": "Feature", "properties": { "内容": "訪問看護ステーション駿河【訪問看護】静岡市清水区入江２丁目2-23-2", "url": "https://www.kaigokensaku.mhlw.go.jp/22/index.php?action_kouhyou_detail_004_kani=true&JigyosyoCd=2263290039-00&ServiceCd=130&Type=search", "url2": "http://shinnaika.jp/" }, "geometry": { "type": "Point", "coordinates": [ 138.478804479762289, 35.016978021095369 ] } },
{ "type": "Feature", "properties": { "内容": "訪問看護ステーションいはら【訪問看護】静岡市清水区庵原町578-1", "url": "https://www.kaigokensaku.mhlw.go.jp/22/index.php?action_kouhyou_detail_004_kani=true&JigyosyoCd=2263290047-00&ServiceCd=130&Type=search", "url2": "https://k-shimizu.ja-shizuoka.or.jp/" }, "geometry": { "type": "Point", "coordinates": [ 138.474397599999946, 35.0455451 ] } },
{ "type": "Feature", "properties": { "内容": "訪問看護ステーションきよみ【訪問看護】静岡市清水区興津東町1829", "url": "https://www.kaigokensaku.mhlw.go.jp/22/index.php?action_kouhyou_detail_004_kani=true&JigyosyoCd=2263290062-00&ServiceCd=130&Type=search", "url2": "http://www.ja-shizuoka.or.jp/k-kiyomi/" }, "geometry": { "type": "Point", "coordinates": [ 138.5348606, 35.061791 ] } },
{ "type": "Feature", "properties": { "内容": "訪問看護ステーションほたるしずおか【訪問看護】静岡市清水区中之郷一丁目1番18号", "url": "https://www.kaigokensaku.mhlw.go.jp/22/index.php?action_kouhyou_detail_004_kani=true&JigyosyoCd=2264190121-00&ServiceCd=130&Type=search", "url2": "http://www.generous.co.jp" }, "geometry": { "type": "Point", "coordinates": [ 138.441390813861062, 34.999815715449913 ] } },
{ "type": "Feature", "properties": { "内容": "訪問看護ステーション　エイム【訪問看護】静岡市清水区北矢部７８０－２えいむの丘１階", "url": "https://www.kaigokensaku.mhlw.go.jp/22/index.php?action_kouhyou_detail_004_kani=true&JigyosyoCd=2264290145-00&ServiceCd=130&Type=search", "url2": "hpp://aim-shimizu.com" }, "geometry": { "type": "Point", "coordinates": [ 138.473506845475384, 34.998540146393367 ] } },
{ "type": "Feature", "properties": { "内容": "訪問看護ステーション　れん【訪問看護】静岡県静岡市清水区大沢町１２番８号", "url": "https://www.kaigokensaku.mhlw.go.jp/22/index.php?action_kouhyou_detail_004_kani=true&JigyosyoCd=2264290327-00&ServiceCd=130&Type=search", "url2": null }, "geometry": { "type": "Point", "coordinates": [ 138.474782, 35.0042472 ] } },
{ "type": "Feature", "properties": { "内容": "訪問看護ステーション　有度の里【訪問看護】静岡県静岡市清水区追分1-7-18", "url": "https://www.kaigokensaku.mhlw.go.jp/22/index.php?action_kouhyou_detail_004_kani=true&JigyosyoCd=2264290350-00&ServiceCd=130&Type=search", "url2": "http://www.udonosato.com/" }, "geometry": { "type": "Point", "coordinates": [ 138.472315415247721, 35.014953003524589 ] } },
{ "type": "Feature", "properties": { "内容": "訪問看護ステーション　いちご【訪問看護】静岡県静岡市清水区神田町1-34", "url": "https://www.kaigokensaku.mhlw.go.jp/22/index.php?action_kouhyou_detail_004_kani=true&JigyosyoCd=2264290392-00&ServiceCd=130&Type=search", "url2": null }, "geometry": { "type": "Point", "coordinates": [ 138.47981470000002, 35.0086996 ] } },
{ "type": "Feature", "properties": { "内容": "訪問看護ステーションこまごえ【訪問看護】静岡県静岡市清水区駒越中2丁目2-35", "url": "https://www.kaigokensaku.mhlw.go.jp/22/index.php?action_kouhyou_detail_004_kani=true&JigyosyoCd=2264290681-00&ServiceCd=130&Type=search", "url2": "https://nico-komagoe.com" }, "geometry": { "type": "Point", "coordinates": [ 138.494600100000014, 34.980484 ] } },
{ "type": "Feature", "properties": { "内容": "独立行政法人地域医療機能推進機構清水さくら病院附属訪問看護ステーションさくら【訪問看護】静岡県静岡市清水区袖師町２００１番地", "url": "https://www.kaigokensaku.mhlw.go.jp/22/index.php?action_kouhyou_detail_004_kani=true&JigyosyoCd=2264290749-00&ServiceCd=130&Type=search", "url2": "https://sakuragaoka.jcho.go.jp" }, "geometry": { "type": "Point", "coordinates": [ 138.489850945777192, 35.024540466368343 ] } },
{ "type": "Feature", "properties": { "内容": "訪問看護i-station【訪問看護】静岡県静岡市清水区蒲原4875-36", "url": "https://www.kaigokensaku.mhlw.go.jp/22/index.php?action_kouhyou_detail_004_kani=true&JigyosyoCd=2264290830-00&ServiceCd=130&Type=search", "url2": "https://with-i-station.com/" }, "geometry": { "type": "Point", "coordinates": [ 138.6199971, 35.1267029 ] } },
{ "type": "Feature", "properties": { "内容": "さくらんぼ訪問看護ステーション【訪問看護】駒越中一丁目16-23", "url": "https://www.kaigokensaku.mhlw.go.jp/22/index.php?action_kouhyou_detail_004_kani=true&JigyosyoCd=2264290228-00&ServiceCd=130&Type=search", "url2": "https://kurashi-support.net/" }, "geometry": { "type": "Point", "coordinates": [ 138.501582851180416, 34.97807399461464 ] } },
{ "type": "Feature", "properties": { "内容": "訪問看護ステーションもも【訪問看護】静岡市清水区有東坂3番5号", "url": "https://www.kaigokensaku.mhlw.go.jp/22/index.php?action_kouhyou_detail_004_kani=true&JigyosyoCd=2264290178-00&ServiceCd=130&Type=search", "url2": "http://earth-group.co.jp" }, "geometry": { "type": "Point", "coordinates": [ 138.463616199999933, 35.0088075 ] } },
{ "type": "Feature", "properties": { "内容": "よもぎ訪問看護リハビリステーション【訪問看護】静岡県静岡市清水区入江南町5-10", "url": "https://www.kaigokensaku.mhlw.go.jp/22/index.php?action_kouhyou_detail_004_kani=true&JigyosyoCd=2264290483-00&ServiceCd=130&Type=search", "url2": null }, "geometry": { "type": "Point", "coordinates": [ 138.480009311092431, 35.015283469020154 ] } },
{ "type": "Feature", "properties": { "内容": "訪問看護ステーションあやめ高丘東【訪問看護】静岡県浜松市中区高丘東4丁目5-4Sコープ　S-1号室", "url": "https://www.kaigokensaku.mhlw.go.jp/22/index.php?action_kouhyou_detail_004_kani=true&JigyosyoCd=2267290670-00&ServiceCd=130&Type=search", "url2": "https://firstnurse.co.jp/" }, "geometry": { "type": "Point", "coordinates": [ 137.7088569, 34.7574094 ] } },
{ "type": "Feature", "properties": { "内容": "訪問看護ステーション小豆餅【訪問看護】静岡県浜松市中区小豆餅2-9-13", "url": "https://www.kaigokensaku.mhlw.go.jp/22/index.php?action_kouhyou_detail_004_kani=true&JigyosyoCd=2267290142-00&ServiceCd=130&Type=search", "url2": null }, "geometry": { "type": "Point", "coordinates": [ 137.7255653, 34.7522339 ] } },
{ "type": "Feature", "properties": { "内容": "訪問看護ステーションあやめ植松【訪問看護】静岡県浜松市東区植松町88-10マンション植松101号室", "url": "https://www.kaigokensaku.mhlw.go.jp/22/index.php?action_kouhyou_detail_004_kani=true&JigyosyoCd=2267290647-00&ServiceCd=130&Type=search", "url2": "https://firstnurse.co.jp/" }, "geometry": { "type": "Point", "coordinates": [ 137.7603456, 34.7108363 ] } },
{ "type": "Feature", "properties": { "内容": "訪問看護ステーションあやめ幸【訪問看護】幸2-52-7NSビル1階", "url": "https://www.kaigokensaku.mhlw.go.jp/22/index.php?action_kouhyou_detail_004_kani=true&JigyosyoCd=2267290340-00&ServiceCd=130&Type=search", "url2": "http://www.firstnurse.co.jp/" }, "geometry": { "type": "Point", "coordinates": [ 137.733172700000068, 34.736046 ] } },
{ "type": "Feature", "properties": { "内容": "訪問看護ステーションあやめ三幸【訪問看護】三幸町433-1", "url": "https://www.kaigokensaku.mhlw.go.jp/22/index.php?action_kouhyou_detail_004_kani=true&JigyosyoCd=2267290357-00&ServiceCd=130&Type=search", "url2": "http://www.firstnurse.co.jp/" }, "geometry": { "type": "Point", "coordinates": [ 137.72203490000004, 34.8034163 ] } },
{ "type": "Feature", "properties": { "内容": "訪問看護ステーション　デューン浜松早馬【訪問看護】静岡県浜松市中区早馬町３番１号天池館３階", "url": "https://www.kaigokensaku.mhlw.go.jp/22/index.php?action_kouhyou_detail_004_kani=true&JigyosyoCd=2267290266-00&ServiceCd=130&Type=search", "url2": null }, "geometry": { "type": "Point", "coordinates": [ 137.733667100000048, 34.7097375 ] } },
{ "type": "Feature", "properties": { "内容": "なかむらクリニック【訪問看護】静岡県浜松市西区入野町19954-550", "url": "https://www.kaigokensaku.mhlw.go.jp/22/index.php?action_kouhyou_detail_004_kani=true&JigyosyoCd=2217111737-00&ServiceCd=130&Type=search", "url2": "http://なかむらクリニック.jp" }, "geometry": { "type": "Point", "coordinates": [ 137.683262523278813, 34.702841115472374 ] } },
{ "type": "Feature", "properties": { "内容": "訪問看護ステーションはまゆり小沢渡【訪問看護】静岡県浜松市南区小沢渡町2195-2", "url": "https://www.kaigokensaku.mhlw.go.jp/22/index.php?action_kouhyou_detail_004_kani=true&JigyosyoCd=2267290464-00&ServiceCd=130&Type=search", "url2": null }, "geometry": { "type": "Point", "coordinates": [ 137.6785289, 34.6761082 ] } },
{ "type": "Feature", "properties": { "内容": "医心館訪問看護ステーション浜松早出【訪問看護】静岡県浜松市中区早出町872番地の7", "url": "https://www.kaigokensaku.mhlw.go.jp/22/index.php?action_kouhyou_detail_004_kani=true&JigyosyoCd=2267290498-00&ServiceCd=130&Type=search", "url2": "https://www.amvis.com/" }, "geometry": { "type": "Point", "coordinates": [ 137.747036, 34.7345939 ] } },
{ "type": "Feature", "properties": { "内容": "訪問看護ステーションあやめ増楽【訪問看護】静岡県浜松市南区増楽町2516Re・LuffyEast201号室", "url": "https://www.kaigokensaku.mhlw.go.jp/22/index.php?action_kouhyou_detail_004_kani=true&JigyosyoCd=2267290506-00&ServiceCd=130&Type=search", "url2": "https://firstnurse.co.jp/" }, "geometry": { "type": "Point", "coordinates": [ 137.69640480000001, 34.6922748 ] } },
{ "type": "Feature", "properties": { "内容": "訪問看護ステーション卸本町【訪問看護】静岡県浜松市南区卸本町13番地", "url": "https://www.kaigokensaku.mhlw.go.jp/22/index.php?action_kouhyou_detail_004_kani=true&JigyosyoCd=2267290589-00&ServiceCd=130&Type=search", "url2": null }, "geometry": { "type": "Point", "coordinates": [ 137.7237556, 34.6746882 ] } },
{ "type": "Feature", "properties": { "内容": "アクア浜松小池訪問看護【訪問看護】小池町440番地アクアホーム浜松東", "url": "https://www.kaigokensaku.mhlw.go.jp/22/index.php?action_kouhyou_detail_004_kani=true&JigyosyoCd=2267290555-00&ServiceCd=130&Type=search", "url2": null }, "geometry": { "type": "Point", "coordinates": [ 137.7579577, 34.7536164 ] } },
{ "type": "Feature", "properties": { "内容": "訪問看護ステーション夢眠はままつにし【訪問看護】静岡県浜松市西区舞阪町浜田631番地の1", "url": "https://www.kaigokensaku.mhlw.go.jp/22/index.php?action_kouhyou_detail_004_kani=true&JigyosyoCd=2267290639-00&ServiceCd=130&Type=search", "url2": null }, "geometry": { "type": "Point", "coordinates": [ 137.6245264, 34.6812043 ] } },
{ "type": "Feature", "properties": { "内容": "訪問看護ステーション安間【訪問看護】浜松市東区安間町55-8", "url": "https://www.kaigokensaku.mhlw.go.jp/22/index.php?action_kouhyou_detail_004_kani=true&JigyosyoCd=2267190136-00&ServiceCd=130&Type=search", "url2": "http://www.hashoukai.or.jp" }, "geometry": { "type": "Point", "coordinates": [ 137.790362100000038, 34.7270158 ] } },
{ "type": "Feature", "properties": { "内容": "坂の上ファミリークリニック【訪問看護】浜松市中区小豆餅4-4-20", "url": "https://www.kaigokensaku.mhlw.go.jp/22/index.php?action_kouhyou_detail_004_kani=true&JigyosyoCd=2217210208-00&ServiceCd=130&Type=search", "url2": "https://www.sakanoue-fc.jp/" }, "geometry": { "type": "Point", "coordinates": [ 137.732823400000029, 34.7505443 ] } },
{ "type": "Feature", "properties": { "内容": "訪問看護ステーションオハナ【訪問看護】静岡県浜松市中区上島五丁目4-25　クレアトゥールⅡ　106", "url": "https://www.kaigokensaku.mhlw.go.jp/22/index.php?action_kouhyou_detail_004_kani=true&JigyosyoCd=2267290571-00&ServiceCd=130&Type=search", "url2": null }, "geometry": { "type": "Point", "coordinates": [ 137.741953170569246, 34.743453213983358 ] } },
{ "type": "Feature", "properties": { "内容": "アクア浜松下石田訪問看護【訪問看護】静岡県浜松市東区下石田町1130-1", "url": "https://www.kaigokensaku.mhlw.go.jp/22/index.php?action_kouhyou_detail_004_kani=true&JigyosyoCd=2267290654-00&ServiceCd=130&Type=search", "url2": null }, "geometry": { "type": "Point", "coordinates": [ 137.784397399999989, 34.7395399 ] } },
{ "type": "Feature", "properties": { "内容": "櫻乃苑　浜松富塚【訪問看護】富塚町1040-3", "url": "https://www.kaigokensaku.mhlw.go.jp/22/index.php?action_kouhyou_detail_004_kani=true&JigyosyoCd=2267290191-00&ServiceCd=130&Type=search", "url2": "http://www.sakuranosono.jp" }, "geometry": { "type": "Point", "coordinates": [ 137.714597700000013, 34.730974 ] } },
{ "type": "Feature", "properties": { "内容": "はるの風訪問看護ステーション半田山【訪問看護】浜松市中央区半田山4丁目30-15フラットサードA-1", "url": "https://www.kaigokensaku.mhlw.go.jp/22/index.php?action_kouhyou_detail_004_kani=true&JigyosyoCd=2267290704-00&ServiceCd=130&Type=search", "url2": "https://haruno-kaze.com/index.html" }, "geometry": { "type": "Point", "coordinates": [ 137.742163399999981, 34.776496 ] } },
{ "type": "Feature", "properties": { "内容": "ツクイ浜松常盤訪問看護ステーション【訪問看護】常盤町145-1大樹生命浜松ビル７階", "url": "https://www.kaigokensaku.mhlw.go.jp/22/index.php?action_kouhyou_detail_004_kani=true&JigyosyoCd=2267290753-00&ServiceCd=130&Type=search", "url2": null }, "geometry": { "type": "Point", "coordinates": [ 137.7314381, 34.7097948 ] } },
{ "type": "Feature", "properties": { "内容": "訪問看護ステーションリヤンド浜松東【訪問看護】静岡県浜松市中央区下石田町1832-1", "url": "https://www.kaigokensaku.mhlw.go.jp/22/index.php?action_kouhyou_detail_004_kani=true&JigyosyoCd=2267290696-00&ServiceCd=130&Type=search", "url2": "https://liende-kizuna.jp/hamamatsu-higashi/" }, "geometry": { "type": "Point", "coordinates": [ 137.788691500000027, 34.735698 ] } },
{ "type": "Feature", "properties": { "内容": "訪問看護ステーション小池【訪問看護】静岡県浜松市中央区小池町2661-3", "url": "https://www.kaigokensaku.mhlw.go.jp/22/index.php?action_kouhyou_detail_004_kani=true&JigyosyoCd=2267290761-00&ServiceCd=130&Type=search", "url2": "https://folia-care.jp/koike" }, "geometry": { "type": "Point", "coordinates": [ 137.757522366209372, 34.743356868257273 ] } },
{ "type": "Feature", "properties": { "内容": "訪問看護ステーションやわらぎ高林【訪問看護】静岡県浜松市中央区高林5丁目1-23", "url": "https://www.kaigokensaku.mhlw.go.jp/22/index.php?action_kouhyou_detail_004_kani=true&JigyosyoCd=2267290712-00&ServiceCd=130&Type=search", "url2": "https://plaisir-japan.jp/takabayashi/" }, "geometry": { "type": "Point", "coordinates": [ 137.7353435, 34.7310633 ] } },
{ "type": "Feature", "properties": { "内容": "ルーク訪問看護ステーション浜松西【訪問看護】静岡県浜松市中央区入野町20034番地の13マンションはなきⅢ203", "url": "https://www.kaigokensaku.mhlw.go.jp/22/index.php?action_kouhyou_detail_004_kani=true&JigyosyoCd=2267290787-00&ServiceCd=130&Type=search", "url2": "https://lukehome4tksc.com" }, "geometry": { "type": "Point", "coordinates": [ 137.6772671, 34.707109 ] } },
{ "type": "Feature", "properties": { "内容": "アクア浜松入野訪問看護【訪問看護】静岡県浜松市中央区入野町10031番地の1", "url": "https://www.kaigokensaku.mhlw.go.jp/22/index.php?action_kouhyou_detail_004_kani=true&JigyosyoCd=2267290795-00&ServiceCd=130&Type=search", "url2": null }, "geometry": { "type": "Point", "coordinates": [ 137.673841900000014, 34.6995583 ] } },
{ "type": "Feature", "properties": { "内容": "ニチイケアセンター南浜松　訪問看護ステーション【訪問看護】浜松市中央区三和町776-1", "url": "https://www.kaigokensaku.mhlw.go.jp/22/index.php?action_kouhyou_detail_004_kani=true&JigyosyoCd=2267290134-00&ServiceCd=130&Type=search", "url2": "http://ww.nichiigakkan.co.jp" }, "geometry": { "type": "Point", "coordinates": [ 137.772564500000044, 34.7019122 ] } },
{ "type": "Feature", "properties": { "内容": "訪問看護ステーションcalm和合町【訪問看護】和合町936-337", "url": "https://www.kaigokensaku.mhlw.go.jp/22/index.php?action_kouhyou_detail_004_kani=true&JigyosyoCd=2267290720-00&ServiceCd=130&Type=search", "url2": null }, "geometry": { "type": "Point", "coordinates": [ 137.7069276, 34.7386809 ] } },
{ "type": "Feature", "properties": { "内容": "訪問看護カグラ浜松南【訪問看護】静岡県浜松市南区白羽町734番地の2", "url": "https://www.kaigokensaku.mhlw.go.jp/22/index.php?action_kouhyou_detail_004_kani=true&JigyosyoCd=2267290563-00&ServiceCd=130&Type=search", "url2": "https://hnv-kagura.com" }, "geometry": { "type": "Point", "coordinates": [ 137.737086528167424, 34.679331946225226 ] } },
{ "type": "Feature", "properties": { "内容": "訪問看護ステーション子安【訪問看護】静岡県浜松市東区子安町321-14-102", "url": "https://www.kaigokensaku.mhlw.go.jp/22/index.php?action_kouhyou_detail_004_kani=true&JigyosyoCd=2267290522-00&ServiceCd=130&Type=search", "url2": "ai-medical-kango.com" }, "geometry": { "type": "Point", "coordinates": [ 137.7628013, 34.7113926 ] } },
{ "type": "Feature", "properties": { "内容": "訪問看護ステーションアイル浜西【訪問看護】静岡県浜松市中央区入野町6303マルショウ15ビル7号室", "url": "https://www.kaigokensaku.mhlw.go.jp/22/index.php?action_kouhyou_detail_004_kani=true&JigyosyoCd=2267290829-00&ServiceCd=130&Type=search", "url2": "https://www.aisle-grace.jp" }, "geometry": { "type": "Point", "coordinates": [ 137.688780099999974, 34.700345365168559 ] } },
{ "type": "Feature", "properties": { "内容": "訪問看護ステーションしろわ【訪問看護】浜松市南区白羽町６１２−１", "url": "https://www.kaigokensaku.mhlw.go.jp/22/index.php?action_kouhyou_detail_004_kani=true&JigyosyoCd=2267290175-00&ServiceCd=130&Type=search", "url2": "http://www.alt-a.co.jp/kango/" }, "geometry": { "type": "Point", "coordinates": [ 137.739800699999932, 34.6793225 ] } },
{ "type": "Feature", "properties": { "内容": "訪問看護「庵」菅原事業所【訪問看護】静岡県浜松市中央区菅原町12-10ニューライフ浜松405", "url": "https://www.kaigokensaku.mhlw.go.jp/22/index.php?action_kouhyou_detail_004_kani=true&JigyosyoCd=2267290845-00&ServiceCd=130&Type=search", "url2": null }, "geometry": { "type": "Point", "coordinates": [ 137.7228398, 34.6972606 ] } },
{ "type": "Feature", "properties": { "内容": "訪問看護佐鳴湖ゆう【訪問看護】静岡県浜松市中央区入野町20020-5", "url": "https://www.kaigokensaku.mhlw.go.jp/22/index.php?action_kouhyou_detail_004_kani=true&JigyosyoCd=2267290803-00&ServiceCd=130&Type=search", "url2": null }, "geometry": { "type": "Point", "coordinates": [ 137.6809347, 34.7067434 ] } },
{ "type": "Feature", "properties": { "内容": "医療法人弘遠会　訪問看護ステーションすずかけ田尻【訪問看護】静岡県浜松市中央区田尻町120-1", "url": "https://www.kaigokensaku.mhlw.go.jp/22/index.php?action_kouhyou_detail_004_kani=true&JigyosyoCd=2267290837-00&ServiceCd=130&Type=search", "url2": "https://www.suzukake.or.jp/central/" }, "geometry": { "type": "Point", "coordinates": [ 137.7259249, 34.6806737 ] } },
{ "type": "Feature", "properties": { "内容": "四ッ池訪問看護ステーション【訪問看護】静岡県浜松市中央区上島６丁目２５番２２号三国ビル２D", "url": "https://www.kaigokensaku.mhlw.go.jp/22/index.php?action_kouhyou_detail_004_kani=true&JigyosyoCd=2267290209-00&ServiceCd=130&Type=search", "url2": null }, "geometry": { "type": "Point", "coordinates": [ 137.737720800000034, 34.7435118 ] } },
{ "type": "Feature", "properties": { "内容": "おうちですごす訪問看護ステーション初生【訪問看護】静岡県浜松市中央区初生町330-2エクセディア3F", "url": "https://www.kaigokensaku.mhlw.go.jp/22/index.php?action_kouhyou_detail_004_kani=true&JigyosyoCd=2267290480-00&ServiceCd=130&Type=search", "url2": "https://ouchide.co.jp/" }, "geometry": { "type": "Point", "coordinates": [ 137.7264973, 34.7593834 ] } },
{ "type": "Feature", "properties": { "内容": "訪問看護ステーション大平台【訪問看護】浜松市中央区大平台一丁目３４番３０号", "url": "https://www.kaigokensaku.mhlw.go.jp/22/index.php?action_kouhyou_detail_004_kani=true&JigyosyoCd=2267190185-00&ServiceCd=130&Type=search", "url2": "https://www.sankoukai.or.jp/" }, "geometry": { "type": "Point", "coordinates": [ 137.682829099999907, 34.718683 ] } },
{ "type": "Feature", "properties": { "内容": "あづみ訪問看護センター米津浜【訪問看護】静岡県浜松市中央区米津町719番地", "url": "https://www.kaigokensaku.mhlw.go.jp/22/index.php?action_kouhyou_detail_004_kani=true&JigyosyoCd=2267290894-00&ServiceCd=130&Type=search", "url2": "https://www.azumi-family.jp" }, "geometry": { "type": "Point", "coordinates": [ 137.717239299999989, 34.6722271 ] } },
{ "type": "Feature", "properties": { "内容": "訪問看護ステーション住吉【訪問看護】浜松市中央区和合町555和合せいれいの里3号館地下１階", "url": "https://www.kaigokensaku.mhlw.go.jp/22/index.php?action_kouhyou_detail_004_kani=true&JigyosyoCd=2267190011-00&ServiceCd=130&Type=search", "url2": "http://www.seirei.or.jp/hq/" }, "geometry": { "type": "Point", "coordinates": [ 137.701492899999948, 34.7422639 ] } },
{ "type": "Feature", "properties": { "内容": "訪問看護ステーション西山【訪問看護】静岡県浜松市中央区西山町500番地", "url": "https://www.kaigokensaku.mhlw.go.jp/22/index.php?action_kouhyou_detail_004_kani=true&JigyosyoCd=2267290407-00&ServiceCd=130&Type=search", "url2": "https://www.nishiyama.or.ja" }, "geometry": { "type": "Point", "coordinates": [ 137.688509394581615, 34.73678048155378 ] } },
{ "type": "Feature", "properties": { "内容": "サンウェルズ浜松和合訪問看護ステーション【訪問看護】静岡県浜松市中央区和合町220番地の210", "url": "https://www.kaigokensaku.mhlw.go.jp/22/index.php?action_kouhyou_detail_004_kani=true&JigyosyoCd=2267290928-00&ServiceCd=130&Type=search", "url2": "https://sunwels.jp/" }, "geometry": { "type": "Point", "coordinates": [ 137.7081835, 34.7401977 ] } },
{ "type": "Feature", "properties": { "内容": "訪問看護ステーションやわらぎ三方原【訪問看護】静岡県浜松市中央区三方原町656", "url": "https://www.kaigokensaku.mhlw.go.jp/22/index.php?action_kouhyou_detail_004_kani=true&JigyosyoCd=2267290936-00&ServiceCd=130&Type=search", "url2": "https://plaisir-japan.jp/" }, "geometry": { "type": "Point", "coordinates": [ 137.7115129, 34.7777569 ] } },
{ "type": "Feature", "properties": { "内容": "静岡県厚生農業協同組合連合会訪問看護ステーションときわ【訪問看護】浜松市中央区野口町297番地", "url": "https://www.kaigokensaku.mhlw.go.jp/22/index.php?action_kouhyou_detail_004_kani=true&JigyosyoCd=2267190052-00&ServiceCd=130&Type=search", "url2": "ww.ja-shizuoka.or.jp/ko-enshu/comedical/tokiwa.htm" }, "geometry": { "type": "Point", "coordinates": [ 137.738026847776837, 34.716889603549284 ] } },
{ "type": "Feature", "properties": { "内容": "訪問看護ステーション笠井【訪問看護】静岡県浜松市中央区貴平町562１F", "url": "https://www.kaigokensaku.mhlw.go.jp/22/index.php?action_kouhyou_detail_004_kani=true&JigyosyoCd=2267290399-00&ServiceCd=130&Type=search", "url2": "https://plaisir-japan.jp/kasai/" }, "geometry": { "type": "Point", "coordinates": [ 137.792005193254141, 34.754760314807655 ] } },
{ "type": "Feature", "properties": { "内容": "訪問看護ステーションやわらぎ三島【訪問看護】静岡県浜松市中央区三島町1522-1", "url": "https://www.kaigokensaku.mhlw.go.jp/22/index.php?action_kouhyou_detail_004_kani=true&JigyosyoCd=2267290548-00&ServiceCd=130&Type=search", "url2": "https://plaisir-japan.jp/" }, "geometry": { "type": "Point", "coordinates": [ 137.75246381415559, 34.690815613799266 ] } },
{ "type": "Feature", "properties": { "内容": "訪問看護ステーション笠井第二【訪問看護】静岡県浜松市中央区笠井町1211-1ノンパレイユ笠井305", "url": "https://www.kaigokensaku.mhlw.go.jp/22/index.php?action_kouhyou_detail_004_kani=true&JigyosyoCd=2267290597-00&ServiceCd=130&Type=search", "url2": "https://plaisir-japan.jp/kasai02/" }, "geometry": { "type": "Point", "coordinates": [ 137.7929158, 34.7687962 ] } },
{ "type": "Feature", "properties": { "内容": "あいず訪問看護ステーション東三方【訪問看護】静岡県浜松市北区東三方町94-51階", "url": "https://www.kaigokensaku.mhlw.go.jp/22/index.php?action_kouhyou_detail_004_kani=true&JigyosyoCd=2267290688-00&ServiceCd=130&Type=search", "url2": null }, "geometry": { "type": "Point", "coordinates": [ 137.733355673469106, 34.776777253664832 ] } },
{ "type": "Feature", "properties": { "内容": "訪問看護ステーション浅田【訪問看護】静岡県浜松市中央区都盛町193-1", "url": "https://www.kaigokensaku.mhlw.go.jp/22/index.php?action_kouhyou_detail_004_kani=true&JigyosyoCd=2267190037-00&ServiceCd=130&Type=search", "url2": "http://www.seirei.or.jp/hq/facility/home/visit/asada/index.html" }, "geometry": { "type": "Point", "coordinates": [ 137.754499500000094, 34.685097 ] } },
{ "type": "Feature", "properties": { "内容": "訪問看護ステーションやわらぎ西山【訪問看護】浜松市中央区西山町２パリタⅡ302", "url": "https://www.kaigokensaku.mhlw.go.jp/22/index.php?action_kouhyou_detail_004_kani=true&JigyosyoCd=2267290878-00&ServiceCd=130&Type=search", "url2": null }, "geometry": { "type": "Point", "coordinates": [ 137.6984826, 34.7407709 ] } },
{ "type": "Feature", "properties": { "内容": "訪問看護ステーション中島【訪問看護】浜松市中区中島2丁目7番1号", "url": "https://www.kaigokensaku.mhlw.go.jp/22/index.php?action_kouhyou_detail_004_kani=true&JigyosyoCd=2267290233-00&ServiceCd=130&Type=search", "url2": "https://www.nanakeikai.jp/" }, "geometry": { "type": "Point", "coordinates": [ 137.746004297917125, 34.701553259203848 ] } },
{ "type": "Feature", "properties": { "内容": "訪問看護ステーション三方原【訪問看護】静岡県浜松市中央区三方原町509番１", "url": "https://www.kaigokensaku.mhlw.go.jp/22/index.php?action_kouhyou_detail_004_kani=true&JigyosyoCd=2267290100-00&ServiceCd=130&Type=search", "url2": "http://www.seirei.or.jp/hq/" }, "geometry": { "type": "Point", "coordinates": [ 137.712554800000021, 34.776782 ] } },
{ "type": "Feature", "properties": { "内容": "伊佐見訪問看護ステーション【訪問看護】浜松市西区伊左地町8156", "url": "https://www.kaigokensaku.mhlw.go.jp/22/index.php?action_kouhyou_detail_004_kani=true&JigyosyoCd=2267190060-00&ServiceCd=130&Type=search", "url2": "http://www.kotou-wakeikai.com" }, "geometry": { "type": "Point", "coordinates": [ 137.654745100000014, 34.746859 ] } },
{ "type": "Feature", "properties": { "内容": "訪問看護ステーション遠州上島【訪問看護】静岡県浜松市中央区上島5丁目12番1号", "url": "https://www.kaigokensaku.mhlw.go.jp/22/index.php?action_kouhyou_detail_004_kani=true&JigyosyoCd=2267290126-00&ServiceCd=130&Type=search", "url2": "www.aicare.co.jp" }, "geometry": { "type": "Point", "coordinates": [ 137.743607800000063, 34.7431229 ] } },
{ "type": "Feature", "properties": { "内容": "訪問看護ステーション曳馬【訪問看護】曳馬6丁目5－23ー5アドステージB棟", "url": "https://www.kaigokensaku.mhlw.go.jp/22/index.php?action_kouhyou_detail_004_kani=true&JigyosyoCd=2267290381-00&ServiceCd=130&Type=search", "url2": null }, "geometry": { "type": "Point", "coordinates": [ 137.740296500320085, 34.734482964913717 ] } },
{ "type": "Feature", "properties": { "内容": "訪問看護ステーション鴨江【訪問看護】浜松市中央区鴨江4丁目25－13", "url": "https://www.kaigokensaku.mhlw.go.jp/22/index.php?action_kouhyou_detail_004_kani=true&JigyosyoCd=2267290423-00&ServiceCd=130&Type=search", "url2": null }, "geometry": { "type": "Point", "coordinates": [ 137.7180381, 34.7062958 ] } },
{ "type": "Feature", "properties": { "内容": "白梅訪問看護ステーション大人見【訪問看護】静岡県浜松市中央区大人見町３０１１番地の１", "url": "https://www.kaigokensaku.mhlw.go.jp/22/index.php?action_kouhyou_detail_004_kani=true&JigyosyoCd=2267290779-00&ServiceCd=130&Type=search", "url2": "http://www.shiraume.or.jp" }, "geometry": { "type": "Point", "coordinates": [ 137.658359499999989, 34.7402996 ] } },
{ "type": "Feature", "properties": { "内容": "訪問看護ステーションまいさか【訪問看護】浜松市西区舞阪町長十新田98-1", "url": "https://www.kaigokensaku.mhlw.go.jp/22/index.php?action_kouhyou_detail_004_kani=true&JigyosyoCd=2268290018-00&ServiceCd=130&Type=search", "url2": "https://medicalsanjinkai.jp/" }, "geometry": { "type": "Point", "coordinates": [ 137.613176399999929, 34.6822483 ] } },
{ "type": "Feature", "properties": { "内容": "訪問看護ステーション白脇【訪問看護】浜松市中央区法枝町２４８－３", "url": "https://www.kaigokensaku.mhlw.go.jp/22/index.php?action_kouhyou_detail_004_kani=true&JigyosyoCd=2267190243-00&ServiceCd=130&Type=search", "url2": "https://www.kotou-wakeikai.com/" }, "geometry": { "type": "Point", "coordinates": [ 137.727085100000039, 34.6784139 ] } },
{ "type": "Feature", "properties": { "内容": "訪問看護ステーションあすなろ【訪問看護】浜松市中央区佐藤１－２２－２２", "url": "https://www.kaigokensaku.mhlw.go.jp/22/index.php?action_kouhyou_detail_004_kani=true&JigyosyoCd=2267190045-00&ServiceCd=130&Type=search", "url2": "https://shizumin.com/asunaro/asunaro.html" }, "geometry": { "type": "Point", "coordinates": [ 137.744596900000062, 34.7121264 ] } },
{ "type": "Feature", "properties": { "内容": "訪問看護ステーション高丘【訪問看護】浜松市中央区高丘東4丁目43番11号", "url": "https://www.kaigokensaku.mhlw.go.jp/22/index.php?action_kouhyou_detail_004_kani=true&JigyosyoCd=2267190078-00&ServiceCd=130&Type=search", "url2": "http://www.seirei.or.jp/hq/" }, "geometry": { "type": "Point", "coordinates": [ 137.709372455217022, 34.760691963472674 ] } },
{ "type": "Feature", "properties": { "内容": "訪問看護ステーション上島【訪問看護】浜松市中央区上島7丁目13-18", "url": "https://www.kaigokensaku.mhlw.go.jp/22/index.php?action_kouhyou_detail_004_kani=true&JigyosyoCd=2267290027-00&ServiceCd=130&Type=search", "url2": "http://www.onkoryouin.jp" }, "geometry": { "type": "Point", "coordinates": [ 137.739311187696757, 34.748649808787704 ] } },
{ "type": "Feature", "properties": { "内容": "訪問看護ステーション上西【訪問看護】静岡県浜松市東区中田町55-1", "url": "https://www.kaigokensaku.mhlw.go.jp/22/index.php?action_kouhyou_detail_004_kani=true&JigyosyoCd=2267290290-00&ServiceCd=130&Type=search", "url2": null }, "geometry": { "type": "Point", "coordinates": [ 137.75562833931096, 34.734379893026897 ] } },
{ "type": "Feature", "properties": { "内容": "フィット訪問看護ステーション蒲【訪問看護】静岡県浜松市中央区上西町873番地リヴェール小杉106", "url": "https://www.kaigokensaku.mhlw.go.jp/22/index.php?action_kouhyou_detail_004_kani=true&JigyosyoCd=2267290472-00&ServiceCd=130&Type=search", "url2": "https://fit-homecare.net" }, "geometry": { "type": "Point", "coordinates": [ 137.7599174, 34.7249328 ] } },
{ "type": "Feature", "properties": { "内容": "ソフィアメディ訪問看護ステーション浜松中央【訪問看護】静岡県浜松市中央区中央1-17-23イーストアベニュー201", "url": "https://www.kaigokensaku.mhlw.go.jp/22/index.php?action_kouhyou_detail_004_kani=true&JigyosyoCd=2267290530-00&ServiceCd=130&Type=search", "url2": "https://www.sophiamedi.co.jp/station/hamamatsutyuuou/" }, "geometry": { "type": "Point", "coordinates": [ 137.736637600000023, 34.7093968 ] } },
{ "type": "Feature", "properties": { "内容": "医療法人社団心　坂の上訪問看護ステーションあずきもち【訪問看護】浜松市中央区小豆餅4-4-20", "url": "https://www.kaigokensaku.mhlw.go.jp/22/index.php?action_kouhyou_detail_004_kani=true&JigyosyoCd=2267290316-00&ServiceCd=130&Type=search", "url2": "http:///www.myclinic.ne.jp/sakanoue_f_c" }, "geometry": { "type": "Point", "coordinates": [ 137.732823400000029, 34.7505443 ] } },
{ "type": "Feature", "properties": { "内容": "訪問看護ステーション篠原【訪問看護】静岡県浜松市中央区篠原町1144-18", "url": "https://www.kaigokensaku.mhlw.go.jp/22/index.php?action_kouhyou_detail_004_kani=true&JigyosyoCd=2267290258-00&ServiceCd=130&Type=search", "url2": "https://helios-care.co.jp/business.html" }, "geometry": { "type": "Point", "coordinates": [ 137.671470773016409, 34.688218919090055 ] } },
{ "type": "Feature", "properties": { "内容": "訪問看護ステーション入野【訪問看護】浜松市中央区入野町6417番地", "url": "https://www.kaigokensaku.mhlw.go.jp/22/index.php?action_kouhyou_detail_004_kani=true&JigyosyoCd=2267190102-00&ServiceCd=130&Type=search", "url2": "http://www.kotou-wakeikai.com/" }, "geometry": { "type": "Point", "coordinates": [ 137.686754800000017, 34.6975384 ] } },
{ "type": "Feature", "properties": { "内容": "訪問看護ステーション有玉【訪問看護】浜松市東区有玉南町２４２１－３", "url": "https://www.kaigokensaku.mhlw.go.jp/22/index.php?action_kouhyou_detail_004_kani=true&JigyosyoCd=2267190219-00&ServiceCd=130&Type=search", "url2": "http://www.lily-s.co.jp/station.html" }, "geometry": { "type": "Point", "coordinates": [ 137.746136799999931, 34.747717 ] } },
{ "type": "Feature", "properties": { "内容": "訪問看護ステーション頭陀寺【訪問看護】浜松市南区頭陀寺町３３２－８", "url": "https://www.kaigokensaku.mhlw.go.jp/22/index.php?action_kouhyou_detail_004_kani=true&JigyosyoCd=2267190227-00&ServiceCd=130&Type=search", "url2": "http://www.tanakaya-s.com/" }, "geometry": { "type": "Point", "coordinates": [ 137.75694426050498, 34.696787657830406 ] } },
{ "type": "Feature", "properties": { "内容": "訪問看護ステーション浜松市野【訪問看護】天王町1530-1K.space202", "url": "https://www.kaigokensaku.mhlw.go.jp/22/index.php?action_kouhyou_detail_004_kani=true&JigyosyoCd=2267290449-00&ServiceCd=130&Type=search", "url2": "https://houmonkango-hamamatsu.com/" }, "geometry": { "type": "Point", "coordinates": [ 137.771215188034915, 34.734664391836624 ] } },
{ "type": "Feature", "properties": { "内容": "なすび訪問看護ステーションAlegria【訪問看護】浜松市中央区茄子町104番地１クレードⅠ　2FD号室", "url": "https://www.kaigokensaku.mhlw.go.jp/22/index.php?action_kouhyou_detail_004_kani=true&JigyosyoCd=2267291017-00&ServiceCd=130&Type=search", "url2": null }, "geometry": { "type": "Point", "coordinates": [ 137.7469106, 34.7208633 ] } },
{ "type": "Feature", "properties": { "内容": "医療法人社団　心　坂の上在宅医療支援医院【訪問看護】静岡県浜松市中区幸4-36-2", "url": "https://www.kaigokensaku.mhlw.go.jp/22/index.php?action_kouhyou_detail_004_kani=true&JigyosyoCd=2217211057-00&ServiceCd=130&Type=search", "url2": "http://www.sakanoue-fc.jp" }, "geometry": { "type": "Point", "coordinates": [ 137.73259280000002, 34.7459694 ] } },
{ "type": "Feature", "properties": { "内容": "訪問看護ステーション西島【訪問看護】静岡県浜松市中央区西島町781番地", "url": "https://www.kaigokensaku.mhlw.go.jp/22/index.php?action_kouhyou_detail_004_kani=true&JigyosyoCd=2267290993-00&ServiceCd=130&Type=search", "url2": "https://www.akari-medical.jp/" }, "geometry": { "type": "Point", "coordinates": [ 137.765894300000014, 34.6691156 ] } },
{ "type": "Feature", "properties": { "内容": "訪問看護ステーションリライアンス浜松向宿【訪問看護】静岡県浜松市中央区向宿二丁目17番8号", "url": "https://www.kaigokensaku.mhlw.go.jp/22/index.php?action_kouhyou_detail_004_kani=true&JigyosyoCd=2267291025-00&ServiceCd=130&Type=search", "url2": null }, "geometry": { "type": "Point", "coordinates": [ 137.7516574, 34.7051314 ] } },
{ "type": "Feature", "properties": { "内容": "訪問看護ステーションReafはままつかみじま【訪問看護】静岡県浜松市中央区上島六丁目２５番２２号三国ビル１C", "url": "https://www.kaigokensaku.mhlw.go.jp/22/index.php?action_kouhyou_detail_004_kani=true&JigyosyoCd=2267291009-00&ServiceCd=130&Type=search", "url2": "https://reaf.care-rapport.jp/hamamatsukamizima/" }, "geometry": { "type": "Point", "coordinates": [ 137.737646640475475, 34.743549380030501 ] } },
{ "type": "Feature", "properties": { "内容": "訪問看護ステーション富塚【訪問看護】静岡県浜松市中区富塚町2961-15", "url": "https://www.kaigokensaku.mhlw.go.jp/22/index.php?action_kouhyou_detail_004_kani=true&JigyosyoCd=2267290068-00&ServiceCd=130&Type=search", "url2": "schstomitsuka@saint-care.com" }, "geometry": { "type": "Point", "coordinates": [ 137.698118499999964, 34.7234183 ] } },
{ "type": "Feature", "properties": { "内容": "浜名クリニック【訪問看護】静岡県浜松市浜北区沼２３５－１", "url": "https://www.kaigokensaku.mhlw.go.jp/22/index.php?action_kouhyou_detail_004_kani=true&JigyosyoCd=2218310320-00&ServiceCd=130&Type=search", "url2": "www.hamana.or.jp" }, "geometry": { "type": "Point", "coordinates": [ 137.785872899999958, 34.7922195 ] } },
{ "type": "Feature", "properties": { "内容": "訪問看護ステーションココエル　気賀【訪問看護】静岡県浜松市北区細江町気賀1053-1", "url": "https://www.kaigokensaku.mhlw.go.jp/22/index.php?action_kouhyou_detail_004_kani=true&JigyosyoCd=2267290456-00&ServiceCd=130&Type=search", "url2": null }, "geometry": { "type": "Point", "coordinates": [ 137.6508804, 34.8096432 ] } },
{ "type": "Feature", "properties": { "内容": "訪問看護ステーションあやめ西美薗【訪問看護】静岡県浜松市浜北区西美薗1510-6エクセル21Ⅱ105号室", "url": "https://www.kaigokensaku.mhlw.go.jp/22/index.php?action_kouhyou_detail_004_kani=true&JigyosyoCd=2267290514-00&ServiceCd=130&Type=search", "url2": "https://firstnurse.co.jp/" }, "geometry": { "type": "Point", "coordinates": [ 137.7962666, 34.8021405 ] } },
{ "type": "Feature", "properties": { "内容": "ほうもんかんごでいじーきぶね【訪問看護】浜松市浜名区貴布祢265‐8", "url": "https://www.kaigokensaku.mhlw.go.jp/22/index.php?action_kouhyou_detail_004_kani=true&JigyosyoCd=2267290662-00&ServiceCd=130&Type=search", "url2": "https://daisy-kango.jimdosite.com/" }, "geometry": { "type": "Point", "coordinates": [ 137.7805208, 34.7937915 ] } },
{ "type": "Feature", "properties": { "内容": "十全訪問看護ステーション小松【訪問看護】静岡県浜松市浜名区小松1680十全オアシスクリニック", "url": "https://www.kaigokensaku.mhlw.go.jp/22/index.php?action_kouhyou_detail_004_kani=true&JigyosyoCd=2267290738-00&ServiceCd=130&Type=search", "url2": null }, "geometry": { "type": "Point", "coordinates": [ 137.765042614155618, 34.793323221379339 ] } },
{ "type": "Feature", "properties": { "内容": "ハロン訪問看護ステーション横須賀【訪問看護】静岡県浜松市浜名区横須賀1035-1テラスハウスハ号", "url": "https://www.kaigokensaku.mhlw.go.jp/22/index.php?action_kouhyou_detail_004_kani=true&JigyosyoCd=2267290746-00&ServiceCd=130&Type=search", "url2": "https://yuyu-support.com" }, "geometry": { "type": "Point", "coordinates": [ 137.7881339, 34.7890501 ] } },
{ "type": "Feature", "properties": { "内容": "日赤訪問看護ステーション【訪問看護】浜松市浜名区小林1088-1", "url": "https://www.kaigokensaku.mhlw.go.jp/22/index.php?action_kouhyou_detail_004_kani=true&JigyosyoCd=2268390032-00&ServiceCd=130&Type=search", "url2": "http://www.hamamatsu.jrc.or.jp/outline/related-facility/nisseki-visit/index.html" }, "geometry": { "type": "Point", "coordinates": [ 137.790615827887422, 34.805836980531929 ] } },
{ "type": "Feature", "properties": { "内容": "くるむ訪問看護ステーション湖北【訪問看護】静岡県はままつしはまなく細江町中川985-2tiara１階", "url": "https://www.kaigokensaku.mhlw.go.jp/22/index.php?action_kouhyou_detail_004_kani=true&JigyosyoCd=2267290852-00&ServiceCd=130&Type=search", "url2": "https://kurumu.life/" }, "geometry": { "type": "Point", "coordinates": [ 137.6879372, 34.8058789 ] } },
{ "type": "Feature", "properties": { "内容": "訪問看護ステーション不動平【訪問看護】静岡県浜松市浜名区細江町中川7172-100", "url": "https://www.kaigokensaku.mhlw.go.jp/22/index.php?action_kouhyou_detail_004_kani=true&JigyosyoCd=2267290043-00&ServiceCd=130&Type=search", "url2": "https://houkanpokke.sakura.ne.jp/" }, "geometry": { "type": "Point", "coordinates": [ 137.68066970000001, 34.7914705 ] } },
{ "type": "Feature", "properties": { "内容": "訪問看護ステーションつなぐ宮口【訪問看護】静岡県浜松浜名区宮口612-3", "url": "https://www.kaigokensaku.mhlw.go.jp/22/index.php?action_kouhyou_detail_004_kani=true&JigyosyoCd=2267290811-00&ServiceCd=130&Type=search", "url2": null }, "geometry": { "type": "Point", "coordinates": [ 137.7709281, 34.8271148 ] } },
{ "type": "Feature", "properties": { "内容": "訪問看護ステ－ションあんしん【訪問看護】浜松市浜名区中瀬３８３２－１", "url": "https://www.kaigokensaku.mhlw.go.jp/22/index.php?action_kouhyou_detail_004_kani=true&JigyosyoCd=2267290084-00&ServiceCd=130&Type=search", "url2": "https://totomihp.com" }, "geometry": { "type": "Point", "coordinates": [ 137.81144960000006, 34.8196759 ] } },
{ "type": "Feature", "properties": { "内容": "訪問看護ステーションつなぐ宮口【訪問看護】静岡県浜松市浜名区宮口612-3", "url": "https://www.kaigokensaku.mhlw.go.jp/22/index.php?action_kouhyou_detail_004_kani=true&JigyosyoCd=2267290951-00&ServiceCd=130&Type=search", "url2": "https://hosinomori.co.jp/" }, "geometry": { "type": "Point", "coordinates": [ 137.7709281, 34.8271148 ] } },
{ "type": "Feature", "properties": { "内容": "せいれいほうもんかんごすてーしょんみっかび【訪問看護】三ヶ日町鵺代58-20", "url": "https://www.kaigokensaku.mhlw.go.jp/22/index.php?action_kouhyou_detail_004_kani=true&JigyosyoCd=2267290431-00&ServiceCd=130&Type=search", "url2": null }, "geometry": { "type": "Point", "coordinates": [ 137.549908, 34.802001 ] } },
{ "type": "Feature", "properties": { "内容": "訪問看護ステーションやわらぎ鹿島【訪問看護】静岡県浜松市浜名区上島2345番地の233Upole301号", "url": "https://www.kaigokensaku.mhlw.go.jp/22/index.php?action_kouhyou_detail_004_kani=true&JigyosyoCd=2267290605-00&ServiceCd=130&Type=search", "url2": "https://plaisir-japan.jp" }, "geometry": { "type": "Point", "coordinates": [ 137.8114842, 34.8458567 ] } },
{ "type": "Feature", "properties": { "内容": "訪問看護ステーション貴布祢【訪問看護】浜松市浜名区高薗208-2", "url": "https://www.kaigokensaku.mhlw.go.jp/22/index.php?action_kouhyou_detail_004_kani=true&JigyosyoCd=2268390016-00&ServiceCd=130&Type=search", "url2": "http://www.seirei.or.jp/hq/" }, "geometry": { "type": "Point", "coordinates": [ 137.811989300000022, 34.7862022 ] } },
{ "type": "Feature", "properties": { "内容": "ホーパス訪問看護ステーション浜松小松事業所【訪問看護】静岡県浜松市浜名区小松７８０－２みらい館", "url": "https://www.kaigokensaku.mhlw.go.jp/22/index.php?action_kouhyou_detail_004_kani=true&JigyosyoCd=2267290886-00&ServiceCd=130&Type=search", "url2": "https://hopas-hamamatsu.com/" }, "geometry": { "type": "Point", "coordinates": [ 137.77581, 34.789347 ] } },
{ "type": "Feature", "properties": { "内容": "訪問看護ステーション細江【訪問看護】静岡県浜松市浜名区細江町中川7220-1", "url": "https://www.kaigokensaku.mhlw.go.jp/22/index.php?action_kouhyou_detail_004_kani=true&JigyosyoCd=2267190193-00&ServiceCd=130&Type=search", "url2": "http://www.seirei.or.jp/hg/" }, "geometry": { "type": "Point", "coordinates": [ 137.693058244166536, 34.793780281003897 ] } },
{ "type": "Feature", "properties": { "内容": "ウェルネス浜名湖訪問看護ステーションつづき【訪問看護】静岡県浜松市浜名区三ヶ日町都筑541-1", "url": "https://www.kaigokensaku.mhlw.go.jp/22/index.php?action_kouhyou_detail_004_kani=true&JigyosyoCd=2267290324-00&ServiceCd=130&Type=search", "url2": null }, "geometry": { "type": "Point", "coordinates": [ 137.580096700000013, 34.7826349 ] } },
{ "type": "Feature", "properties": { "内容": "リリー訪問看護ステーション北浜【訪問看護】静岡県浜松市浜名区中瀬463", "url": "https://www.kaigokensaku.mhlw.go.jp/22/index.php?action_kouhyou_detail_004_kani=true&JigyosyoCd=2267290613-00&ServiceCd=130&Type=search", "url2": "first-lily1201.com" }, "geometry": { "type": "Point", "coordinates": [ 137.806044766644391, 34.812377659007936 ] } },
{ "type": "Feature", "properties": { "内容": "訪問看護ステーション北斗わかば【訪問看護】静岡県浜松市浜名区豊保245-6北斗わかば介護施設", "url": "https://www.kaigokensaku.mhlw.go.jp/22/index.php?action_kouhyou_detail_004_kani=true&JigyosyoCd=2267290274-00&ServiceCd=130&Type=search", "url2": "http://kaigo.hokuto.wakaba.jp/" }, "geometry": { "type": "Point", "coordinates": [ 137.802275732401995, 34.829157082733566 ] } },
{ "type": "Feature", "properties": { "内容": "生協訪問看護ステーションあおぞら【訪問看護】静岡県浜松市浜名区高畑２１３－３", "url": "https://www.kaigokensaku.mhlw.go.jp/22/index.php?action_kouhyou_detail_004_kani=true&JigyosyoCd=2268390065-00&ServiceCd=130&Type=search", "url2": "http://www.mcp-hamakita.jp" }, "geometry": { "type": "Point", "coordinates": [ 137.7949913, 34.7912424 ] } },
{ "type": "Feature", "properties": { "内容": "櫻乃苑　浜松天竜【訪問看護】静岡県浜松市天竜区二俣町二俣56-1", "url": "https://www.kaigokensaku.mhlw.go.jp/22/index.php?action_kouhyou_detail_004_kani=true&JigyosyoCd=2267290167-00&ServiceCd=130&Type=search", "url2": "http://www.sakuranosono.jp/" }, "geometry": { "type": "Point", "coordinates": [ 137.8168464, 34.859455 ] } },
{ "type": "Feature", "properties": { "内容": "訪問看護ステーション天竜【訪問看護】浜松市天竜区二俣町二俣2396-56", "url": "https://www.kaigokensaku.mhlw.go.jp/22/index.php?action_kouhyou_detail_004_kani=true&JigyosyoCd=2266590013-00&ServiceCd=130&Type=search", "url2": "http://www.suzukake.or.jp/" }, "geometry": { "type": "Point", "coordinates": [ 137.813333244705149, 34.856711265655235 ] } },
{ "type": "Feature", "properties": { "内容": "ひりゅうクリニック訪問看護【訪問看護】二俣町阿蔵304-9", "url": "https://www.kaigokensaku.mhlw.go.jp/22/index.php?action_kouhyou_detail_004_kani=true&JigyosyoCd=2216510111-00&ServiceCd=130&Type=search", "url2": "http://www.fukuju-kai.or.jp/" }, "geometry": { "type": "Point", "coordinates": [ 137.8239458, 34.8564853 ] } },
{ "type": "Feature", "properties": { "内容": "天竜厚生会訪問看護ステーション【訪問看護】浜松市天竜区渡ヶ島221", "url": "https://www.kaigokensaku.mhlw.go.jp/22/index.php?action_kouhyou_detail_004_kani=true&JigyosyoCd=2267290019-00&ServiceCd=130&Type=search", "url2": "https://www.tenryu-kohseikai.or.jp/" }, "geometry": { "type": "Point", "coordinates": [ 137.7933061, 34.8573086 ] } },
{ "type": "Feature", "properties": { "内容": "訪問看護ステーションふくろう【訪問看護】静岡県沼津市西沢田６８４番地の9", "url": "https://www.kaigokensaku.mhlw.go.jp/22/index.php?action_kouhyou_detail_004_kani=true&JigyosyoCd=2261190314-00&ServiceCd=130&Type=search", "url2": null }, "geometry": { "type": "Point", "coordinates": [ 138.8484359, 35.1233752 ] } },
{ "type": "Feature", "properties": { "内容": "訪問看護ステーションハッピー【訪問看護】静岡県沼津市岡一色18-1ベルハイム201", "url": "https://www.kaigokensaku.mhlw.go.jp/22/index.php?action_kouhyou_detail_004_kani=true&JigyosyoCd=2261190447-00&ServiceCd=130&Type=search", "url2": "https://houmonhappy.ddns.net/" }, "geometry": { "type": "Point", "coordinates": [ 138.878154, 35.1215227 ] } },
{ "type": "Feature", "properties": { "内容": "プレーゲ訪問看護リハビリステーション【訪問看護】静岡県沼津市東椎路1639-1", "url": "https://www.kaigokensaku.mhlw.go.jp/22/index.php?action_kouhyou_detail_004_kani=true&JigyosyoCd=2261190397-00&ServiceCd=130&Type=search", "url2": "pflege-nursereha@biscuit.ocn.ne.jp" }, "geometry": { "type": "Point", "coordinates": [ 138.832560199999989, 35.130406 ] } },
{ "type": "Feature", "properties": { "内容": "訪問看護ステーションあやめ沼津【訪問看護】静岡県沼津市柳沢97-2エルディム明日香101号室", "url": "https://www.kaigokensaku.mhlw.go.jp/22/index.php?action_kouhyou_detail_004_kani=true&JigyosyoCd=2261190454-00&ServiceCd=130&Type=search", "url2": "https://firstnurse.co.jp/" }, "geometry": { "type": "Point", "coordinates": [ 138.8097732, 35.1297308 ] } },
{ "type": "Feature", "properties": { "内容": "訪問看護ステーション　あっぷる・しーど【訪問看護】大平914", "url": "https://www.kaigokensaku.mhlw.go.jp/22/index.php?action_kouhyou_detail_004_kani=true&JigyosyoCd=2261190439-00&ServiceCd=130&Type=search", "url2": null }, "geometry": { "type": "Point", "coordinates": [ 138.895853, 35.070231 ] } },
{ "type": "Feature", "properties": { "内容": "訪問看護ステーション　ブルースター沼津【訪問看護】沼津市原町中3丁目7‐11レアールモデルノS103", "url": "https://www.kaigokensaku.mhlw.go.jp/22/index.php?action_kouhyou_detail_004_kani=true&JigyosyoCd=2261190462-00&ServiceCd=130&Type=search", "url2": "https://wellstar.jp/" }, "geometry": { "type": "Point", "coordinates": [ 138.8004992, 35.1327593 ] } },
{ "type": "Feature", "properties": { "内容": "訪問看護ステーション　さん・さぽーと【訪問看護】静岡県沼津市岡宮９９１－３０", "url": "https://www.kaigokensaku.mhlw.go.jp/22/index.php?action_kouhyou_detail_004_kani=true&JigyosyoCd=2261190231-00&ServiceCd=130&Type=search", "url2": "http://coco-familia.com" }, "geometry": { "type": "Point", "coordinates": [ 138.873765966439834, 35.130423623682418 ] } },
{ "type": "Feature", "properties": { "内容": "訪問看護ステーションひなた【訪問看護】静岡県沼津市中沢田385番地BMビル203", "url": "https://www.kaigokensaku.mhlw.go.jp/22/index.php?action_kouhyou_detail_004_kani=true&JigyosyoCd=2261190363-00&ServiceCd=130&Type=search", "url2": null }, "geometry": { "type": "Point", "coordinates": [ 138.855496135581973, 35.121283838757755 ] } },
{ "type": "Feature", "properties": { "内容": "医療法人社団勝優会訪問看護ステーションホスピタルケア沼津【訪問看護】静岡県沼津市東熊堂465-1", "url": "https://www.kaigokensaku.mhlw.go.jp/22/index.php?action_kouhyou_detail_004_kani=true&JigyosyoCd=2261190470-00&ServiceCd=130&Type=search", "url2": null }, "geometry": { "type": "Point", "coordinates": [ 138.8665685, 35.1193872 ] } },
{ "type": "Feature", "properties": { "内容": "公益財団法人復康会　訪問看護ステ－ションうしぶせ【訪問看護】沼津市上香貫蔓陀ヶ原　2510-22", "url": "https://www.kaigokensaku.mhlw.go.jp/22/index.php?action_kouhyou_detail_004_kani=true&JigyosyoCd=2261190058-00&ServiceCd=130&Type=search", "url2": "http//WWW.fukkou-kai.jp/nrh/nursing/torikumi.html" }, "geometry": { "type": "Point", "coordinates": [ 138.86285356554572, 35.074947341191866 ] } },
{ "type": "Feature", "properties": { "内容": "訪問看護ステーションぬまづ【訪問看護】沼津市本田町6-13本田町ビル201号", "url": "https://www.kaigokensaku.mhlw.go.jp/22/index.php?action_kouhyou_detail_004_kani=true&JigyosyoCd=2261190017-00&ServiceCd=130&Type=search", "url2": "http://www5.ocn.ne.jp/~h-tazawa/" }, "geometry": { "type": "Point", "coordinates": [ 138.853281599999946, 35.1090219 ] } },
{ "type": "Feature", "properties": { "内容": "ケアル訪問看護リハビリステーション【訪問看護】静岡県沼津市東椎路1640-10", "url": "https://www.kaigokensaku.mhlw.go.jp/22/index.php?action_kouhyou_detail_004_kani=true&JigyosyoCd=2261190165-00&ServiceCd=130&Type=search", "url2": "https://hosikake.com/" }, "geometry": { "type": "Point", "coordinates": [ 138.832469199999963, 35.1297916 ] } },
{ "type": "Feature", "properties": { "内容": "訪問看護ステーション椎路【訪問看護】東椎路708番地の1", "url": "https://www.kaigokensaku.mhlw.go.jp/22/index.php?action_kouhyou_detail_004_kani=true&JigyosyoCd=2261190199-00&ServiceCd=130&Type=search", "url2": null }, "geometry": { "type": "Point", "coordinates": [ 138.830900187944053, 35.123852669479298 ] } },
{ "type": "Feature", "properties": { "内容": "訪問看護ステーションはまゆう【訪問看護】沼津市大岡1155　きせがわ支援センター2Fきせがわ支援センター２F", "url": "https://www.kaigokensaku.mhlw.go.jp/22/index.php?action_kouhyou_detail_004_kani=true&JigyosyoCd=2261190033-00&ServiceCd=130&Type=search", "url2": "shinyoukai.or.jp/houkan-hamayu/about.hutml" }, "geometry": { "type": "Point", "coordinates": [ 138.881029500000011, 35.104180200000066 ] } },
{ "type": "Feature", "properties": { "内容": "訪問看護ステーション咲【訪問看護】静岡県沼津市大岡1862-3", "url": "https://www.kaigokensaku.mhlw.go.jp/22/index.php?action_kouhyou_detail_004_kani=true&JigyosyoCd=2261190249-00&ServiceCd=130&Type=search", "url2": "info@mountfield.jp" }, "geometry": { "type": "Point", "coordinates": [ 138.872886200000039, 35.1027257 ] } },
{ "type": "Feature", "properties": { "内容": "訪問看護リベル　沼津【訪問看護】西椎路字東久保650-4", "url": "https://www.kaigokensaku.mhlw.go.jp/22/index.php?action_kouhyou_detail_004_kani=true&JigyosyoCd=2261190488-00&ServiceCd=130&Type=search", "url2": null }, "geometry": { "type": "Point", "coordinates": [ 138.826935230024731, 35.128439826011004 ] } },
{ "type": "Feature", "properties": { "内容": "白鳥訪問看護ステーション【訪問看護】沼津市新沢田町７－３３", "url": "https://www.kaigokensaku.mhlw.go.jp/22/index.php?action_kouhyou_detail_004_kani=true&JigyosyoCd=2261190124-00&ServiceCd=130&Type=search", "url2": "https://www.kaigo-shiratori.com" }, "geometry": { "type": "Point", "coordinates": [ 138.851489799999968, 35.1179824 ] } },
{ "type": "Feature", "properties": { "内容": "訪問看護ステーション平町【訪問看護】大岡1551-2第8平成ビル101号", "url": "https://www.kaigokensaku.mhlw.go.jp/22/index.php?action_kouhyou_detail_004_kani=true&JigyosyoCd=2261190348-00&ServiceCd=130&Type=search", "url2": null }, "geometry": { "type": "Point", "coordinates": [ 138.871372100000031, 35.1006238 ] } },
{ "type": "Feature", "properties": { "内容": "ゆいまる訪問看護ステーション【訪問看護】静岡県沼津市本錦町655-1コーポ錦102", "url": "https://www.kaigokensaku.mhlw.go.jp/22/index.php?action_kouhyou_detail_004_kani=true&JigyosyoCd=2261190272-00&ServiceCd=130&Type=search", "url2": "http://r.goope.jp/yuimarukango" }, "geometry": { "type": "Point", "coordinates": [ 138.851487607548506, 35.101348005246805 ] } },
{ "type": "Feature", "properties": { "内容": "東部訪問看護リハビリステーションテレサ【訪問看護】静岡県沼津市原1786-2", "url": "https://www.kaigokensaku.mhlw.go.jp/22/index.php?action_kouhyou_detail_004_kani=true&JigyosyoCd=2261190306-00&ServiceCd=130&Type=search", "url2": "teresa-hokan.jp" }, "geometry": { "type": "Point", "coordinates": [ 138.802898582556168, 35.131232176183232 ] } },
{ "type": "Feature", "properties": { "内容": "聖隷訪問看護ステーション千本【訪問看護】静岡県沼津市本字下一丁田898-1", "url": "https://www.kaigokensaku.mhlw.go.jp/22/index.php?action_kouhyou_detail_004_kani=true&JigyosyoCd=2261190041-00&ServiceCd=130&Type=search", "url2": "http://www.seirei.or.jp/numazu-hp/" }, "geometry": { "type": "Point", "coordinates": [ 138.851584300000013, 35.094709 ] } },
{ "type": "Feature", "properties": { "内容": "えんじぇるず訪問看護リハビリステーション【訪問看護】静岡県沼津市本白銀町489-5", "url": "https://www.kaigokensaku.mhlw.go.jp/22/index.php?action_kouhyou_detail_004_kani=true&JigyosyoCd=2261190330-00&ServiceCd=130&Type=search", "url2": null }, "geometry": { "type": "Point", "coordinates": [ 138.8530418342269, 35.102794727045961 ] } },
{ "type": "Feature", "properties": { "内容": "スローライフ訪問看護ステーション【訪問看護】静岡県沼津市大岡3882", "url": "https://www.kaigokensaku.mhlw.go.jp/22/index.php?action_kouhyou_detail_004_kani=true&JigyosyoCd=2261190298-00&ServiceCd=130&Type=search", "url2": null }, "geometry": { "type": "Point", "coordinates": [ 138.88463172261504, 35.128821401248238 ] } },
{ "type": "Feature", "properties": { "内容": "在宅リハビリ訪問看護ステーション春【訪問看護】静岡県沼津市岡宮375番地の13パステル緑ヶ丘１Ｆ", "url": "https://www.kaigokensaku.mhlw.go.jp/22/index.php?action_kouhyou_detail_004_kani=true&JigyosyoCd=2261190140-00&ServiceCd=130&Type=search", "url2": null }, "geometry": { "type": "Point", "coordinates": [ 138.8719496, 35.1187411 ] } },
{ "type": "Feature", "properties": { "内容": "訪問看護ステーション　ゆらっくす【訪問看護】静岡県熱海市青葉町26-40", "url": "https://www.kaigokensaku.mhlw.go.jp/22/index.php?action_kouhyou_detail_004_kani=true&JigyosyoCd=2260590068-00&ServiceCd=130&Type=search", "url2": null }, "geometry": { "type": "Point", "coordinates": [ 139.051835429083184, 35.087649713819722 ] } },
{ "type": "Feature", "properties": { "内容": "こあ訪問看護ステーション【訪問看護】上宿町9番地14号若狭ビル101", "url": "https://www.kaigokensaku.mhlw.go.jp/22/index.php?action_kouhyou_detail_004_kani=true&JigyosyoCd=2260590092-00&ServiceCd=130&Type=search", "url2": null }, "geometry": { "type": "Point", "coordinates": [ 139.069273399999986, 35.0972246 ] } },
{ "type": "Feature", "properties": { "内容": "らいふる訪問看護ステーション【訪問看護】静岡県三島市徳倉1000-13遠藤ハイツA1-C号室", "url": "https://www.kaigokensaku.mhlw.go.jp/22/index.php?action_kouhyou_detail_004_kani=true&JigyosyoCd=2260690249-00&ServiceCd=130&Type=search", "url2": "https://lifefull.jimdosite.com/" }, "geometry": { "type": "Point", "coordinates": [ 138.909848782803351, 35.144399802052483 ] } },
{ "type": "Feature", "properties": { "内容": "訪問看護ステーション　まりん【訪問看護】静岡県三島市谷田175-8コートリバーサイド102号", "url": "https://www.kaigokensaku.mhlw.go.jp/22/index.php?action_kouhyou_detail_004_kani=true&JigyosyoCd=2260690165-00&ServiceCd=130&Type=search", "url2": "http://www.izupokapoka.info/marin" }, "geometry": { "type": "Point", "coordinates": [ 138.927150542405684, 35.114985470753616 ] } },
{ "type": "Feature", "properties": { "内容": "アラモ訪問看護ステーション【訪問看護】静岡県三島市大宮町3-2-18こも池ガーデンテラス2F", "url": "https://www.kaigokensaku.mhlw.go.jp/22/index.php?action_kouhyou_detail_004_kani=true&JigyosyoCd=2260690256-00&ServiceCd=130&Type=search", "url2": null }, "geometry": { "type": "Point", "coordinates": [ 138.916093449073827, 35.124991218777751 ] } },
{ "type": "Feature", "properties": { "内容": "訪問看護ステーション　梅名の里【訪問看護】三島市梅名579-8", "url": "https://www.kaigokensaku.mhlw.go.jp/22/index.php?action_kouhyou_detail_004_kani=true&JigyosyoCd=2260690033-00&ServiceCd=130&Type=search", "url2": "Ｅｍａｉｌ：ｈｏｕｋａｎ.ｕｍｅｎａ@ｊｏｙ.ｏｃｎ.ｎｅ.ｊｐ" }, "geometry": { "type": "Point", "coordinates": [ 138.923453962565645, 35.097977787960026 ] } },
{ "type": "Feature", "properties": { "内容": "訪問看護ステーション　木の実【訪問看護】徳倉3丁目２４-3ロイヤルパレス徳倉102", "url": "https://www.kaigokensaku.mhlw.go.jp/22/index.php?action_kouhyou_detail_004_kani=true&JigyosyoCd=2260690108-00&ServiceCd=130&Type=search", "url2": "stkonomi.jimdo.com" }, "geometry": { "type": "Point", "coordinates": [ 138.917076100000031, 35.1414309 ] } },
{ "type": "Feature", "properties": { "内容": "訪問看護ステーションほほえみ【訪問看護】静岡県三島市八反畑127-1ベルメゾン２１　1-B", "url": "https://www.kaigokensaku.mhlw.go.jp/22/index.php?action_kouhyou_detail_004_kani=true&JigyosyoCd=2260690025-00&ServiceCd=130&Type=search", "url2": "http://www.shizumin.com/hohoemi.html" }, "geometry": { "type": "Point", "coordinates": [ 138.922231, 35.0993095 ] } },
{ "type": "Feature", "properties": { "内容": "三島市医師会訪問看護ステーション【訪問看護】静岡県三島市南本町４番３１号", "url": "https://www.kaigokensaku.mhlw.go.jp/22/index.php?action_kouhyou_detail_004_kani=true&JigyosyoCd=2260690017-00&ServiceCd=130&Type=search", "url2": "http://website2.infomity.net/8120000094/medical/houmon.html" }, "geometry": { "type": "Point", "coordinates": [ 138.913443700000016, 35.1164166 ] } },
{ "type": "Feature", "properties": { "内容": "三島中央病院訪問看護ステーション【訪問看護】静岡県三島市緑町1-3", "url": "https://www.kaigokensaku.mhlw.go.jp/22/index.php?action_kouhyou_detail_004_kani=true&JigyosyoCd=2260690181-00&ServiceCd=130&Type=search", "url2": null }, "geometry": { "type": "Point", "coordinates": [ 138.9124908, 35.1172084 ] } },
{ "type": "Feature", "properties": { "内容": "独立行政法人地域医療機能推進機構三島総合病院附属訪問看護ステーションりあん【訪問看護】静岡県三島市谷田字藤久保2276独立行政法人地域医療機能推進機構三島総合病院", "url": "https://www.kaigokensaku.mhlw.go.jp/22/index.php?action_kouhyou_detail_004_kani=true&JigyosyoCd=2260690199-00&ServiceCd=130&Type=search", "url2": "https://mishima.jcho.go.jp/introduction/efforts/%E8%A8%AA%E5%95%8F%E7%9C%8B%E8%AD%B7%E3%82%8A%E3%81%82%E3%82%93/" }, "geometry": { "type": "Point", "coordinates": [ 138.932878, 35.1164792 ] } },
{ "type": "Feature", "properties": { "内容": "ウェルズ訪問看護ステーション【訪問看護】静岡県三島市松本294-3いづの里クリニック２階", "url": "https://www.kaigokensaku.mhlw.go.jp/22/index.php?action_kouhyou_detail_004_kani=true&JigyosyoCd=2260690124-00&ServiceCd=130&Type=search", "url2": null }, "geometry": { "type": "Point", "coordinates": [ 138.916832699999986, 35.0925301 ] } },
{ "type": "Feature", "properties": { "内容": "フェニックス訪問看護ステーション【訪問看護】静岡県三島市徳倉１丁目９−３シフティーン三島2F　訪問看護事務室", "url": "https://www.kaigokensaku.mhlw.go.jp/22/index.php?action_kouhyou_detail_004_kani=true&JigyosyoCd=2260690207-00&ServiceCd=130&Type=search", "url2": "https://phoenix-recruit.net/" }, "geometry": { "type": "Point", "coordinates": [ 138.914543900000012, 35.140020161385365 ] } },
{ "type": "Feature", "properties": { "内容": "ナーシングステーションみや【訪問看護】静岡県富士宮市大岩530番地1グランディール大岩B", "url": "https://www.kaigokensaku.mhlw.go.jp/22/index.php?action_kouhyou_detail_004_kani=true&JigyosyoCd=2262190115-00&ServiceCd=130&Type=search", "url2": "https://nursingmiya.jp" }, "geometry": { "type": "Point", "coordinates": [ 138.6322117, 35.2488365 ] } },
{ "type": "Feature", "properties": { "内容": "東静訪問看護ステーション【訪問看護】富士宮市西小泉町14-9", "url": "https://www.kaigokensaku.mhlw.go.jp/22/index.php?action_kouhyou_detail_004_kani=true&JigyosyoCd=2262190024-00&ServiceCd=130&Type=search", "url2": "https://www.tohsei-cl.jp" }, "geometry": { "type": "Point", "coordinates": [ 138.628039700000045, 35.2177187 ] } },
{ "type": "Feature", "properties": { "内容": "看護リハビリケアステーションひより【訪問看護】静岡県富士宮市山宮２０５１番地の１地域複合施設ひより", "url": "https://www.kaigokensaku.mhlw.go.jp/22/index.php?action_kouhyou_detail_004_kani=true&JigyosyoCd=2262190081-00&ServiceCd=130&Type=search", "url2": "https://furarahiyori.jimdo.com/" }, "geometry": { "type": "Point", "coordinates": [ 138.624428200000011, 35.2593851 ] } },
{ "type": "Feature", "properties": { "内容": "訪問看護ステーション　げんき【訪問看護】静岡県富士宮市野中906－17", "url": "https://www.kaigokensaku.mhlw.go.jp/22/index.php?action_kouhyou_detail_004_kani=true&JigyosyoCd=2262190149-00&ServiceCd=130&Type=search", "url2": "http://hp.kaipoke.biz/9gu/" }, "geometry": { "type": "Point", "coordinates": [ 138.6066501, 35.2116929 ] } },
{ "type": "Feature", "properties": { "内容": "クローバーガーデン訪問看護ステーション【訪問看護】静岡県富士宮市弓沢町932", "url": "https://www.kaigokensaku.mhlw.go.jp/22/index.php?action_kouhyou_detail_004_kani=true&JigyosyoCd=2262190156-00&ServiceCd=130&Type=search", "url2": null }, "geometry": { "type": "Point", "coordinates": [ 138.62655006535951, 35.22153458382909 ] } },
{ "type": "Feature", "properties": { "内容": "訪問看護ステーション　ブーケ【訪問看護】粟倉南町１２２", "url": "https://www.kaigokensaku.mhlw.go.jp/22/index.php?action_kouhyou_detail_004_kani=true&JigyosyoCd=2262190131-00&ServiceCd=130&Type=search", "url2": null }, "geometry": { "type": "Point", "coordinates": [ 138.635694199999989, 35.2529602 ] } },
{ "type": "Feature", "properties": { "内容": "訪問看護ステーション・エコー【訪問看護】静岡県伊東市川奈1315-19", "url": "https://www.kaigokensaku.mhlw.go.jp/22/index.php?action_kouhyou_detail_004_kani=true&JigyosyoCd=2260490160-00&ServiceCd=130&Type=search", "url2": null }, "geometry": { "type": "Point", "coordinates": [ 139.124240506388389, 34.950303904268608 ] } },
{ "type": "Feature", "properties": { "内容": "訪問看護ステーションはな【訪問看護】伊東市玖須美元和田727-1001サンミナミC", "url": "https://www.kaigokensaku.mhlw.go.jp/22/index.php?action_kouhyou_detail_004_kani=true&JigyosyoCd=2260490129-00&ServiceCd=130&Type=search", "url2": "http://c-diem.jp" }, "geometry": { "type": "Point", "coordinates": [ 139.111920857116701, 34.951646895132598 ] } },
{ "type": "Feature", "properties": { "内容": "うさぎ薬局訪問看護ステーション【訪問看護】静岡県伊東市広野1-3-26　広野mcビル3F広野mcビル3F", "url": "https://www.kaigokensaku.mhlw.go.jp/22/index.php?action_kouhyou_detail_004_kani=true&JigyosyoCd=2260490137-00&ServiceCd=130&Type=search", "url2": "http://usagipharmacy.com/care/nurse" }, "geometry": { "type": "Point", "coordinates": [ 139.09124529087282, 34.962944107620736 ] } },
{ "type": "Feature", "properties": { "内容": "農協共済中伊豆リハビリテーションセンター訪問看護ステーションそよかぜ【訪問看護】伊東市岡1349-3伊東の丘事業所内", "url": "https://www.kaigokensaku.mhlw.go.jp/22/index.php?action_kouhyou_detail_004_kani=true&JigyosyoCd=2260490012-00&ServiceCd=130&Type=search", "url2": "https://www.nrc-ito.com/nur-soyokaze/" }, "geometry": { "type": "Point", "coordinates": [ 139.094924650580623, 34.95203233712234 ] } },
{ "type": "Feature", "properties": { "内容": "株式会社メディカル・スターツ　伊豆高原訪問看護ステーション【訪問看護】静岡県伊東市八幡野1417-1", "url": "https://www.kaigokensaku.mhlw.go.jp/22/index.php?action_kouhyou_detail_004_kani=true&JigyosyoCd=2260490087-00&ServiceCd=130&Type=search", "url2": "http://ｍｅｄｉｃａｌｓｔａｒｔｓ．ｃｏｍ/" }, "geometry": { "type": "Point", "coordinates": [ 139.094158003114472, 34.885184325146255 ] } },
{ "type": "Feature", "properties": { "内容": "株式会社　訪問看護ステーション・ナースの森【訪問看護】静岡県伊東市渚町5-38", "url": "https://www.kaigokensaku.mhlw.go.jp/22/index.php?action_kouhyou_detail_004_kani=true&JigyosyoCd=2260490079-00&ServiceCd=130&Type=search", "url2": "https://na-sunomori.jp" }, "geometry": { "type": "Point", "coordinates": [ 139.100237842189017, 34.971482590539686 ] } },
{ "type": "Feature", "properties": { "内容": "ふくだるまなーすすてーしょん【訪問看護】静岡県伊東市芝町1-26大公マンション1階", "url": "https://www.kaigokensaku.mhlw.go.jp/22/index.php?action_kouhyou_detail_004_kani=true&JigyosyoCd=2260490186-00&ServiceCd=130&Type=search", "url2": "https://resortterrace.co.jp/service/fukudaruma-nurse" }, "geometry": { "type": "Point", "coordinates": [ 139.103471477909864, 34.968633675750901 ] } },
{ "type": "Feature", "properties": { "内容": "訪問看護ステーションちこちゃん【訪問看護】静岡県島田市大津通1965－6サンライズビル島田202", "url": "https://www.kaigokensaku.mhlw.go.jp/22/index.php?action_kouhyou_detail_004_kani=true&JigyosyoCd=2265490074-00&ServiceCd=130&Type=search", "url2": null }, "geometry": { "type": "Point", "coordinates": [ 138.178081100000014, 34.8359061 ] } },
{ "type": "Feature", "properties": { "内容": "医療法人社団家山鈴木医院【訪問看護】静岡県島田市川根町家山３４５－１", "url": "https://www.kaigokensaku.mhlw.go.jp/22/index.php?action_kouhyou_detail_004_kani=true&JigyosyoCd=2215510161-00&ServiceCd=130&Type=search", "url2": "https://ieyama-suzuki-iin.com/" }, "geometry": { "type": "Point", "coordinates": [ 138.07670112638931, 34.94244972770835 ] } },
{ "type": "Feature", "properties": { "内容": "訪問看護ステーションもも島田【訪問看護】静岡県島田市向谷2丁目3-36アースヴィレッジ島田", "url": "https://www.kaigokensaku.mhlw.go.jp/22/index.php?action_kouhyou_detail_004_kani=true&JigyosyoCd=2265790028-00&ServiceCd=130&Type=search", "url2": null }, "geometry": { "type": "Point", "coordinates": [ 138.149237, 34.8410189 ] } },
{ "type": "Feature", "properties": { "内容": "訪問看護ステーションルピナース島田【訪問看護】静岡県島田市向谷元町1110-4", "url": "https://www.kaigokensaku.mhlw.go.jp/22/index.php?action_kouhyou_detail_004_kani=true&JigyosyoCd=2265490058-00&ServiceCd=130&Type=search", "url2": null }, "geometry": { "type": "Point", "coordinates": [ 138.154666770186282, 34.843945182583283 ] } },
{ "type": "Feature", "properties": { "内容": "島田市訪問看護ステーション【訪問看護】島田市中河町283番地の1島田市保健福祉センター　2階", "url": "https://www.kaigokensaku.mhlw.go.jp/22/index.php?action_kouhyou_detail_004_kani=true&JigyosyoCd=2265490017-00&ServiceCd=130&Type=search", "url2": "http://www.city.shimada.shizuoka.jp/houmon/houmonkango.html" }, "geometry": { "type": "Point", "coordinates": [ 138.179187823718422, 34.840758604673866 ] } },
{ "type": "Feature", "properties": { "内容": "訪問看護ステーションアポロン【訪問看護】島田市伊太２１７０－１", "url": "https://www.kaigokensaku.mhlw.go.jp/22/index.php?action_kouhyou_detail_004_kani=true&JigyosyoCd=2265490025-00&ServiceCd=130&Type=search", "url2": "http//www.apolon-shizuoka.com" }, "geometry": { "type": "Point", "coordinates": [ 138.153656329763834, 34.850957281294683 ] } },
{ "type": "Feature", "properties": { "内容": "一期一会訪問看護リハステーション島田【訪問看護】静岡県島田市横井四丁目7-3", "url": "https://www.kaigokensaku.mhlw.go.jp/22/index.php?action_kouhyou_detail_004_kani=true&JigyosyoCd=2265490082-00&ServiceCd=130&Type=search", "url2": "http://ichigoichie-care.com" }, "geometry": { "type": "Point", "coordinates": [ 138.176722, 34.8284535 ] } },
{ "type": "Feature", "properties": { "内容": "訪問看護ステーション　いろは【訪問看護】静岡県富士市厚原867-1", "url": "https://www.kaigokensaku.mhlw.go.jp/22/index.php?action_kouhyou_detail_004_kani=true&JigyosyoCd=2262390400-00&ServiceCd=130&Type=search", "url2": "irohairo8.com" }, "geometry": { "type": "Point", "coordinates": [ 138.655719, 35.1905154 ] } },
{ "type": "Feature", "properties": { "内容": "訪問看護ステーションこはる【訪問看護】長通101番地の1", "url": "https://www.kaigokensaku.mhlw.go.jp/22/index.php?action_kouhyou_detail_004_kani=true&JigyosyoCd=2262390335-00&ServiceCd=130&Type=search", "url2": "http://koharu-fuji.com" }, "geometry": { "type": "Point", "coordinates": [ 138.654978336002642, 35.170306659543094 ] } },
{ "type": "Feature", "properties": { "内容": "富士整形外科病院訪問看護ステーション【訪問看護】富士市錦町1-4-23", "url": "https://www.kaigokensaku.mhlw.go.jp/22/index.php?action_kouhyou_detail_004_kani=true&JigyosyoCd=2262390079-00&ServiceCd=130&Type=search", "url2": "http://fujiseikei.com/" }, "geometry": { "type": "Point", "coordinates": [ 138.679428503240956, 35.15956816973798 ] } },
{ "type": "Feature", "properties": { "内容": "訪問看護ステーションふじ【訪問看護】静岡県富士市天間1640-1", "url": "https://www.kaigokensaku.mhlw.go.jp/22/index.php?action_kouhyou_detail_004_kani=true&JigyosyoCd=2262390103-00&ServiceCd=130&Type=search", "url2": "http://www.iki-iki-hp.com" }, "geometry": { "type": "Point", "coordinates": [ 138.6519664, 35.208551 ] } },
{ "type": "Feature", "properties": { "内容": "訪問看護ステーションかもめ【訪問看護】富士市川成新町２５０", "url": "https://www.kaigokensaku.mhlw.go.jp/22/index.php?action_kouhyou_detail_004_kani=true&JigyosyoCd=2262390137-00&ServiceCd=130&Type=search", "url2": "http://web.thn.jp/ikebeclinic/cas/index.html" }, "geometry": { "type": "Point", "coordinates": [ 138.663904191262873, 35.133628086883746 ] } },
{ "type": "Feature", "properties": { "内容": "訪問看護ステーション　喜【訪問看護】富士市厚原370番地", "url": "https://www.kaigokensaku.mhlw.go.jp/22/index.php?action_kouhyou_detail_004_kani=true&JigyosyoCd=2262390038-00&ServiceCd=130&Type=search", "url2": "https://www.shinfuji.or.jp/atuhara/houmon" }, "geometry": { "type": "Point", "coordinates": [ 138.656994661188719, 35.18073513460655 ] } },
{ "type": "Feature", "properties": { "内容": "訪問看護ステーション　ケアメイト【訪問看護】静岡県富士市松本357番地の1", "url": "https://www.kaigokensaku.mhlw.go.jp/22/index.php?action_kouhyou_detail_004_kani=true&JigyosyoCd=2262390053-00&ServiceCd=130&Type=search", "url2": "http://kawamura-jp.jp/" }, "geometry": { "type": "Point", "coordinates": [ 138.649655269450392, 35.162609076488792 ] } },
{ "type": "Feature", "properties": { "内容": "訪問看護ステーション百葉【訪問看護】富士市大渕405番地25", "url": "https://www.kaigokensaku.mhlw.go.jp/22/index.php?action_kouhyou_detail_004_kani=true&JigyosyoCd=2262390046-00&ServiceCd=130&Type=search", "url2": "http://www.momoha.or.jp" }, "geometry": { "type": "Point", "coordinates": [ 138.696581807934507, 35.196665878977043 ] } },
{ "type": "Feature", "properties": { "内容": "共立蒲原総合病院訪問看護ステーション【訪問看護】富士市中之郷２５００番地の１", "url": "https://www.kaigokensaku.mhlw.go.jp/22/index.php?action_kouhyou_detail_004_kani=true&JigyosyoCd=2263190015-00&ServiceCd=130&Type=search", "url2": "houmon@kanbarhp.com" }, "geometry": { "type": "Point", "coordinates": [ 138.615405, 35.13327 ] } },
{ "type": "Feature", "properties": { "内容": "訪問看護ステーションけいあい【訪問看護】静岡県富士市南町３番1号", "url": "https://www.kaigokensaku.mhlw.go.jp/22/index.php?action_kouhyou_detail_004_kani=true&JigyosyoCd=2262390061-00&ServiceCd=130&Type=search", "url2": "http://www.seirei-fuji.com/" }, "geometry": { "type": "Point", "coordinates": [ 138.687687874799366, 35.160533920908115 ] } },
{ "type": "Feature", "properties": { "内容": "訪問看護ステーション　かえで【訪問看護】静岡県富士市中野483　メイプル在宅複合ケアセンター", "url": "https://www.kaigokensaku.mhlw.go.jp/22/index.php?action_kouhyou_detail_004_kani=true&JigyosyoCd=2262390194-00&ServiceCd=130&Type=search", "url2": "http://www.e-maple.com" }, "geometry": { "type": "Point", "coordinates": [ 138.677398162377528, 35.190515355238624 ] } },
{ "type": "Feature", "properties": { "内容": "訪問看護ステーションあい【訪問看護】静岡県富士市中丸882番地の1", "url": "https://www.kaigokensaku.mhlw.go.jp/22/index.php?action_kouhyou_detail_004_kani=true&JigyosyoCd=2262390202-00&ServiceCd=130&Type=search", "url2": null }, "geometry": { "type": "Point", "coordinates": [ 138.679811299999983, 35.13436 ] } },
{ "type": "Feature", "properties": { "内容": "訪問看護ステーションよろこび宮島【訪問看護】静岡県富士市宮島85番地10", "url": "https://www.kaigokensaku.mhlw.go.jp/22/index.php?action_kouhyou_detail_004_kani=true&JigyosyoCd=2262390228-00&ServiceCd=130&Type=search", "url2": "http://fmc-hh.co.jp/" }, "geometry": { "type": "Point", "coordinates": [ 138.653677499999958, 35.1437144 ] } },
{ "type": "Feature", "properties": { "内容": "訪問看護ステーションなないろ【訪問看護】静岡県富士市瓜島町１７２コンフォール富士４０７", "url": "https://www.kaigokensaku.mhlw.go.jp/22/index.php?action_kouhyou_detail_004_kani=true&JigyosyoCd=2262390269-00&ServiceCd=130&Type=search", "url2": null }, "geometry": { "type": "Point", "coordinates": [ 138.675255014590647, 35.164236142636966 ] } },
{ "type": "Feature", "properties": { "内容": "訪問看護ステーションこころ【訪問看護】静岡県富士市青島町201青島ビル1階", "url": "https://www.kaigokensaku.mhlw.go.jp/22/index.php?action_kouhyou_detail_004_kani=true&JigyosyoCd=2262390426-00&ServiceCd=130&Type=search", "url2": "cocoro-group.info" }, "geometry": { "type": "Point", "coordinates": [ 138.67349, 35.1608523 ] } },
{ "type": "Feature", "properties": { "内容": "SOU訪問看護ステーションささえ愛【訪問看護】静岡県富士市長通12-1", "url": "https://www.kaigokensaku.mhlw.go.jp/22/index.php?action_kouhyou_detail_004_kani=true&JigyosyoCd=2262390392-00&ServiceCd=130&Type=search", "url2": null }, "geometry": { "type": "Point", "coordinates": [ 138.6479563, 35.1726431 ] } },
{ "type": "Feature", "properties": { "内容": "訪問看護ステーション都富【訪問看護】静岡県富士市天間209-1", "url": "https://www.kaigokensaku.mhlw.go.jp/22/index.php?action_kouhyou_detail_004_kani=true&JigyosyoCd=2262390178-00&ServiceCd=130&Type=search", "url2": "http://www.tanakaya-s.com/" }, "geometry": { "type": "Point", "coordinates": [ 138.639253599999961, 35.1989177 ] } },
{ "type": "Feature", "properties": { "内容": "富士市立中央病院【訪問看護】富士市高島町50番地", "url": "https://www.kaigokensaku.mhlw.go.jp/22/index.php?action_kouhyou_detail_004_kani=true&JigyosyoCd=2212310094-00&ServiceCd=130&Type=search", "url2": "http://byoin.city.fuji.shizuoka.jp/" }, "geometry": { "type": "Point", "coordinates": [ 138.670693699999987, 35.1582219 ] } },
{ "type": "Feature", "properties": { "内容": "株式会社とやまかいご　ふじみ訪問看護ステーション【訪問看護】静岡県富士市柚木398-5", "url": "https://www.kaigokensaku.mhlw.go.jp/22/index.php?action_kouhyou_detail_004_kani=true&JigyosyoCd=2262390384-00&ServiceCd=130&Type=search", "url2": null }, "geometry": { "type": "Point", "coordinates": [ 138.646269600000011, 35.158154 ] } },
{ "type": "Feature", "properties": { "内容": "スマイル訪問看護リハビリステーション【訪問看護】静岡県富士市吉原4丁目10-47　市川ビル2階", "url": "https://www.kaigokensaku.mhlw.go.jp/22/index.php?action_kouhyou_detail_004_kani=true&JigyosyoCd=2262390293-00&ServiceCd=130&Type=search", "url2": "https://www.fujinokuni.co.jp/smile/" }, "geometry": { "type": "Point", "coordinates": [ 138.683458750873314, 35.165075685390974 ] } },
{ "type": "Feature", "properties": { "内容": "訪問看護ステーション　はるはる【訪問看護】静岡県磐田市宮本439-7エスポワール102号室", "url": "https://www.kaigokensaku.mhlw.go.jp/22/index.php?action_kouhyou_detail_004_kani=true&JigyosyoCd=2266990163-00&ServiceCd=130&Type=search", "url2": null }, "geometry": { "type": "Point", "coordinates": [ 137.807906511639402, 34.700116281434205 ] } },
{ "type": "Feature", "properties": { "内容": "あいず訪問看護ステーションとよおか【訪問看護】22211しいの木ビラC棟１号室", "url": "https://www.kaigokensaku.mhlw.go.jp/22/index.php?action_kouhyou_detail_004_kani=true&JigyosyoCd=2266990171-00&ServiceCd=130&Type=search", "url2": null }, "geometry": { "type": "Point", "coordinates": [ -77.076592699999978, 38.882578 ] } },
{ "type": "Feature", "properties": { "内容": "訪問看護ステーション和合【訪問看護】静岡県磐田市豊浜267-1", "url": "https://www.kaigokensaku.mhlw.go.jp/22/index.php?action_kouhyou_detail_004_kani=true&JigyosyoCd=2266990098-00&ServiceCd=130&Type=search", "url2": null }, "geometry": { "type": "Point", "coordinates": [ 137.900129500000048, 34.6821504 ] } },
{ "type": "Feature", "properties": { "内容": "訪問看護ステーション齋藤【訪問看護】静岡県磐田市高木１８０番地５", "url": "https://www.kaigokensaku.mhlw.go.jp/22/index.php?action_kouhyou_detail_004_kani=true&JigyosyoCd=2266990049-00&ServiceCd=130&Type=search", "url2": null }, "geometry": { "type": "Point", "coordinates": [ 137.8088573, 34.6963819 ] } },
{ "type": "Feature", "properties": { "内容": "訪問看護ステーション富士見【訪問看護】磐田市見付富士見町439-1", "url": "https://www.kaigokensaku.mhlw.go.jp/22/index.php?action_kouhyou_detail_004_kani=true&JigyosyoCd=2266990023-00&ServiceCd=130&Type=search", "url2": null }, "geometry": { "type": "Point", "coordinates": [ 137.865417100000059, 34.7283829 ] } },
{ "type": "Feature", "properties": { "内容": "訪問看護ステーション　ミィツリー【訪問看護】静岡県磐田市川袋１４４１−９レガンス１０２", "url": "https://www.kaigokensaku.mhlw.go.jp/22/index.php?action_kouhyou_detail_004_kani=true&JigyosyoCd=2266990189-00&ServiceCd=130&Type=search", "url2": "https://www.metree.site" }, "geometry": { "type": "Point", "coordinates": [ 137.804881099999989, 34.675088500000015 ] } },
{ "type": "Feature", "properties": { "内容": "訪問看護ステーションいわた【訪問看護】静岡県磐田市上大之郷51番地磐田市急患センター内", "url": "https://www.kaigokensaku.mhlw.go.jp/22/index.php?action_kouhyou_detail_004_kani=true&JigyosyoCd=2266790019-00&ServiceCd=130&Type=search", "url2": "http://www.shizuoka-na.jp" }, "geometry": { "type": "Point", "coordinates": [ 137.853179570808351, 34.695312883030873 ] } },
{ "type": "Feature", "properties": { "内容": "訪問看護ステーションとよだ【訪問看護】静岡県磐田市小立野102番地", "url": "https://www.kaigokensaku.mhlw.go.jp/22/index.php?action_kouhyou_detail_004_kani=true&JigyosyoCd=2266990031-00&ServiceCd=130&Type=search", "url2": "http://www.eisei-hospital.jp" }, "geometry": { "type": "Point", "coordinates": [ 137.820601033573041, 34.727453709252863 ] } },
{ "type": "Feature", "properties": { "内容": "訪問看護リハビリステーション　リューレント磐田【訪問看護】静岡県磐田市国府台64番地1", "url": "https://www.kaigokensaku.mhlw.go.jp/22/index.php?action_kouhyou_detail_004_kani=true&JigyosyoCd=2266990080-00&ServiceCd=130&Type=search", "url2": "https://www.ruhrend.jp/" }, "geometry": { "type": "Point", "coordinates": [ 137.847536920376569, 34.723559889862791 ] } },
{ "type": "Feature", "properties": { "内容": "聖隷訪問看護ステーション富丘【訪問看護】静岡県磐田市富丘677-1", "url": "https://www.kaigokensaku.mhlw.go.jp/22/index.php?action_kouhyou_detail_004_kani=true&JigyosyoCd=2266990114-00&ServiceCd=130&Type=search", "url2": "http://www.seirei.or.jp/hq/" }, "geometry": { "type": "Point", "coordinates": [ 137.843186800000012, 34.7307372 ] } },
{ "type": "Feature", "properties": { "内容": "大須賀医院【訪問看護】磐田市新開４８２－１", "url": "https://www.kaigokensaku.mhlw.go.jp/22/index.php?action_kouhyou_detail_004_kani=true&JigyosyoCd=2216910063-00&ServiceCd=130&Type=search", "url2": null }, "geometry": { "type": "Point", "coordinates": [ 137.843884900000035, 34.8345833 ] } },
{ "type": "Feature", "properties": { "内容": "磐田在宅医療クリニック【訪問看護】静岡県磐田市見付1752-5磐田在宅医療クリニック", "url": "https://www.kaigokensaku.mhlw.go.jp/22/index.php?action_kouhyou_detail_004_kani=true&JigyosyoCd=2216910220-00&ServiceCd=130&Type=search", "url2": "http://www.iwata-zaitaku.com" }, "geometry": { "type": "Point", "coordinates": [ 137.857245879911403, 34.747522655776841 ] } },
{ "type": "Feature", "properties": { "内容": "訪問看護ステーションすずらん【訪問看護】静岡県磐田市前野2890-2", "url": "https://www.kaigokensaku.mhlw.go.jp/22/index.php?action_kouhyou_detail_004_kani=true&JigyosyoCd=2266990106-00&ServiceCd=130&Type=search", "url2": "https://www.suzuran-station.com" }, "geometry": { "type": "Point", "coordinates": [ 137.820040249961892, 34.698554776115429 ] } },
{ "type": "Feature", "properties": { "内容": "訪問看護ステーションすずかけ【訪問看護】静岡県磐田市大原2042番地4", "url": "https://www.kaigokensaku.mhlw.go.jp/22/index.php?action_kouhyou_detail_004_kani=true&JigyosyoCd=2266990056-00&ServiceCd=130&Type=search", "url2": "https://www.suzukake.or.jp/healthcare/nursing/houmon/" }, "geometry": { "type": "Point", "coordinates": [ 137.8587248, 34.6934487 ] } },
{ "type": "Feature", "properties": { "内容": "訪問看護ステーション和来　いわた【訪問看護】静岡県磐田市二之宮東18-4イーストフラット94　5B", "url": "https://www.kaigokensaku.mhlw.go.jp/22/index.php?action_kouhyou_detail_004_kani=true&JigyosyoCd=2266990148-00&ServiceCd=130&Type=search", "url2": "iwata@warai.life" }, "geometry": { "type": "Point", "coordinates": [ 137.858075500000012, 34.7120475 ] } },
{ "type": "Feature", "properties": { "内容": "訪問看護ステーション「池ちゃん家」【訪問看護】五ケ堀之内530番地の3", "url": "https://www.kaigokensaku.mhlw.go.jp/22/index.php?action_kouhyou_detail_004_kani=true&JigyosyoCd=2265190054-00&ServiceCd=130&Type=search", "url2": "https://ikechanchi.jp/" }, "geometry": { "type": "Point", "coordinates": [ 138.29875119999997, 34.8638207 ] } },
{ "type": "Feature", "properties": { "内容": "社会医療法人駿甲会焼津北訪問看護ステーション【訪問看護】静岡県焼津市相川577-1", "url": "https://www.kaigokensaku.mhlw.go.jp/22/index.php?action_kouhyou_detail_004_kani=true&JigyosyoCd=2265190039-00&ServiceCd=130&Type=search", "url2": "http://sunkohkai.or.jp" }, "geometry": { "type": "Point", "coordinates": [ 138.267023612165247, 34.806105289396285 ] } },
{ "type": "Feature", "properties": { "内容": "ニチイケアセンター焼津訪問看護ステーション【訪問看護】静岡県焼津市西小川3－4－5", "url": "https://www.kaigokensaku.mhlw.go.jp/22/index.php?action_kouhyou_detail_004_kani=true&JigyosyoCd=2265190047-00&ServiceCd=130&Type=search", "url2": "ｈｔｔｐ//www.nichiigakkan.co.jp" }, "geometry": { "type": "Point", "coordinates": [ 138.30998569999997, 34.8580048 ] } },
{ "type": "Feature", "properties": { "内容": "看護クラーク駿河西【訪問看護】静岡県焼津市中根新田1315", "url": "https://www.kaigokensaku.mhlw.go.jp/22/index.php?action_kouhyou_detail_004_kani=true&JigyosyoCd=2265190096-00&ServiceCd=130&Type=search", "url2": "https://cuc-hospice.com/" }, "geometry": { "type": "Point", "coordinates": [ 138.286918, 34.8291716 ] } },
{ "type": "Feature", "properties": { "内容": "セントケア訪問看護ステーション　やいづ【訪問看護】与惣次225", "url": "https://www.kaigokensaku.mhlw.go.jp/22/index.php?action_kouhyou_detail_004_kani=true&JigyosyoCd=2265190120-00&ServiceCd=130&Type=search", "url2": null }, "geometry": { "type": "Point", "coordinates": [ 138.312257065214652, 34.845458711063863 ] } },
{ "type": "Feature", "properties": { "内容": "焼津訪問看護ステーション【訪問看護】焼津市小川新町5-2-3", "url": "https://www.kaigokensaku.mhlw.go.jp/22/index.php?action_kouhyou_detail_004_kani=true&JigyosyoCd=2265190013-00&ServiceCd=130&Type=search", "url2": "http://yuuyuu-kaigo.com" }, "geometry": { "type": "Point", "coordinates": [ 138.317898600000035, 34.8533231 ] } },
{ "type": "Feature", "properties": { "内容": "訪問看護・リハビリステーション寿丸【訪問看護】静岡県焼津市西小川7-1-3", "url": "https://www.kaigokensaku.mhlw.go.jp/22/index.php?action_kouhyou_detail_004_kani=true&JigyosyoCd=2265190088-00&ServiceCd=130&Type=search", "url2": "https://gonbee.net/74347/" }, "geometry": { "type": "Point", "coordinates": [ 138.3081666, 34.8515435 ] } },
{ "type": "Feature", "properties": { "内容": "訪問看護ステーション「池ちゃん家」【訪問看護】静岡県焼津市五ケ堀之内530-3", "url": "https://www.kaigokensaku.mhlw.go.jp/22/index.php?action_kouhyou_detail_004_kani=true&JigyosyoCd=2265190138-00&ServiceCd=130&Type=search", "url2": null }, "geometry": { "type": "Point", "coordinates": [ 138.298761422090109, 34.863816403150309 ] } },
{ "type": "Feature", "properties": { "内容": "焼津市医師会訪問看護ステーション【訪問看護】焼津市西小川5丁目6番地の3", "url": "https://www.kaigokensaku.mhlw.go.jp/22/index.php?action_kouhyou_detail_004_kani=true&JigyosyoCd=2265190021-00&ServiceCd=130&Type=search", "url2": "http://www.yaizu.shizuoka.med.or.jp" }, "geometry": { "type": "Point", "coordinates": [ 138.306327900000042, 34.8574382 ] } },
{ "type": "Feature", "properties": { "内容": "訪問看護かえる【訪問看護】静岡県焼津市石津957番地の1", "url": "https://www.kaigokensaku.mhlw.go.jp/22/index.php?action_kouhyou_detail_004_kani=true&JigyosyoCd=2265190104-00&ServiceCd=130&Type=search", "url2": "http://hp.kaipoke.biz/xmh/" }, "geometry": { "type": "Point", "coordinates": [ 138.320504471533184, 34.84647515306542 ] } },
{ "type": "Feature", "properties": { "内容": "訪問看護ステーションかなで【訪問看護】静岡県掛川市大坂539(大東ショッピングプラザ｢ピア｣内)", "url": "https://www.kaigokensaku.mhlw.go.jp/22/index.php?action_kouhyou_detail_004_kani=true&JigyosyoCd=2267490080-00&ServiceCd=130&Type=search", "url2": "http://www.comodo-care.jp" }, "geometry": { "type": "Point", "coordinates": [ 138.046607544844079, 34.671316365959349 ] } },
{ "type": "Feature", "properties": { "内容": "訪問看護ステーション彩羽【訪問看護】沖之須1894－2", "url": "https://www.kaigokensaku.mhlw.go.jp/22/index.php?action_kouhyou_detail_004_kani=true&JigyosyoCd=2267490106-00&ServiceCd=130&Type=search", "url2": "https://ayaha-supporter.com/station.html" }, "geometry": { "type": "Point", "coordinates": [ 137.9870771, 34.6689287 ] } },
{ "type": "Feature", "properties": { "内容": "訪問看護ステーションおおぞら【訪問看護】静岡県掛川市弥生町165番地", "url": "https://www.kaigokensaku.mhlw.go.jp/22/index.php?action_kouhyou_detail_004_kani=true&JigyosyoCd=2267490098-00&ServiceCd=130&Type=search", "url2": null }, "geometry": { "type": "Point", "coordinates": [ 138.0144228, 34.795220700000016 ] } },
{ "type": "Feature", "properties": { "内容": "訪問看護ステーションルピナース【訪問看護】掛川市大池２９３１－１　2階", "url": "https://www.kaigokensaku.mhlw.go.jp/22/index.php?action_kouhyou_detail_004_kani=true&JigyosyoCd=2267490023-00&ServiceCd=130&Type=search", "url2": null }, "geometry": { "type": "Point", "coordinates": [ 137.992140599999971, 34.774416 ] } },
{ "type": "Feature", "properties": { "内容": "ケアステーション明日香【訪問看護】静岡県掛川市杉谷南1-1-30中部ふくしあ内", "url": "https://www.kaigokensaku.mhlw.go.jp/22/index.php?action_kouhyou_detail_004_kani=true&JigyosyoCd=2266290028-00&ServiceCd=130&Type=search", "url2": "http://www.ryouwa-kai.com/" }, "geometry": { "type": "Point", "coordinates": [ 138.028113874066094, 34.760536650389042 ] } },
{ "type": "Feature", "properties": { "内容": "訪問看護ステーションどりいむ【訪問看護】静岡県掛川市大池2998-1　２Ｆ", "url": "https://www.kaigokensaku.mhlw.go.jp/22/index.php?action_kouhyou_detail_004_kani=true&JigyosyoCd=2267490056-00&ServiceCd=130&Type=search", "url2": "https://www.roto-dq.co.jp" }, "geometry": { "type": "Point", "coordinates": [ 137.9931718, 34.7732918 ] } },
{ "type": "Feature", "properties": { "内容": "訪問看護ステーション大東【訪問看護】掛川市三俣620番地掛川市南部大東地域健康医療支援センター内", "url": "https://www.kaigokensaku.mhlw.go.jp/22/index.php?action_kouhyou_detail_004_kani=true&JigyosyoCd=2266190012-00&ServiceCd=130&Type=search", "url2": null }, "geometry": { "type": "Point", "coordinates": [ 138.055082699999957, 34.6658615 ] } },
{ "type": "Feature", "properties": { "内容": "訪問看護ステーション掛川【訪問看護】掛川市薗ヶ谷881番地の1掛川市東部地域健康医療支援センター内", "url": "https://www.kaigokensaku.mhlw.go.jp/22/index.php?action_kouhyou_detail_004_kani=true&JigyosyoCd=2266290010-00&ServiceCd=130&Type=search", "url2": null }, "geometry": { "type": "Point", "coordinates": [ 138.032761899999969, 34.7811825 ] } },
{ "type": "Feature", "properties": { "内容": "訪問看護ステーションよこすか【訪問看護】静岡県掛川市横須賀1413番地の１", "url": "https://www.kaigokensaku.mhlw.go.jp/22/index.php?action_kouhyou_detail_004_kani=true&JigyosyoCd=2267490064-00&ServiceCd=130&Type=search", "url2": "https://www.yokosuka-stn.jp/" }, "geometry": { "type": "Point", "coordinates": [ 137.979919099999989, 34.6810273 ] } },
{ "type": "Feature", "properties": { "内容": "藤枝平成記念病院【訪問看護】藤枝市水上123番地の1", "url": "https://www.kaigokensaku.mhlw.go.jp/22/index.php?action_kouhyou_detail_004_kani=true&JigyosyoCd=2215310224-00&ServiceCd=130&Type=search", "url2": null }, "geometry": { "type": "Point", "coordinates": [ 138.242943299999979, 34.8540043 ] } },
{ "type": "Feature", "properties": { "内容": "医心館訪問看護ステーション藤枝【訪問看護】静岡県藤枝市青葉町１丁目４番14号", "url": "https://www.kaigokensaku.mhlw.go.jp/22/index.php?action_kouhyou_detail_004_kani=true&JigyosyoCd=2265390241-00&ServiceCd=130&Type=search", "url2": null }, "geometry": { "type": "Point", "coordinates": [ 138.2446706, 34.8463925 ] } },
{ "type": "Feature", "properties": { "内容": "フェリス訪問看護リハビリステーション【訪問看護】静岡県藤枝市駅前2-19-15アクセスビル2階", "url": "https://www.kaigokensaku.mhlw.go.jp/22/index.php?action_kouhyou_detail_004_kani=true&JigyosyoCd=2265390167-00&ServiceCd=130&Type=search", "url2": null }, "geometry": { "type": "Point", "coordinates": [ 138.255161056518148, 34.852791519660435 ] } },
{ "type": "Feature", "properties": { "内容": "セントケア訪問看護ステーション藤枝【訪問看護】静岡県藤枝市青木3丁14-1ソフィアビル１F-B", "url": "https://www.kaigokensaku.mhlw.go.jp/22/index.php?action_kouhyou_detail_004_kani=true&JigyosyoCd=2265390217-00&ServiceCd=130&Type=search", "url2": "https://saint-care-chubu.com/" }, "geometry": { "type": "Point", "coordinates": [ 138.254804083497589, 34.854701812343215 ] } },
{ "type": "Feature", "properties": { "内容": "びおら訪問看護ステーション【訪問看護】藤枝市高柳2丁目7-25", "url": "https://www.kaigokensaku.mhlw.go.jp/22/index.php?action_kouhyou_detail_004_kani=true&JigyosyoCd=2265390209-00&ServiceCd=130&Type=search", "url2": "https://wille-mc.net/toyamakaigo/" }, "geometry": { "type": "Point", "coordinates": [ 138.267752604229742, 34.848445519186804 ] } },
{ "type": "Feature", "properties": { "内容": "訪問看護ステーションフォレスタ藤枝【訪問看護】小石川町２－８－１３", "url": "https://www.kaigokensaku.mhlw.go.jp/22/index.php?action_kouhyou_detail_004_kani=true&JigyosyoCd=2265390100-00&ServiceCd=130&Type=search", "url2": "http://www.forestafujieda.jp/" }, "geometry": { "type": "Point", "coordinates": [ 138.256497699999954, 34.8567267 ] } },
{ "type": "Feature", "properties": { "内容": "株式会社訪問看護ステーション・スポット【訪問看護】静岡県藤枝市平島１１４番地１１", "url": "https://www.kaigokensaku.mhlw.go.jp/22/index.php?action_kouhyou_detail_004_kani=true&JigyosyoCd=2265390142-00&ServiceCd=130&Type=search", "url2": "https://spot8888.com/" }, "geometry": { "type": "Point", "coordinates": [ 138.281708799999933, 34.87637740000001 ] } },
{ "type": "Feature", "properties": { "内容": "訪問看護ステーションゆう＆あい【訪問看護】静岡県藤枝市田沼３丁目２１－１５ドリームスイン202", "url": "https://www.kaigokensaku.mhlw.go.jp/22/index.php?action_kouhyou_detail_004_kani=true&JigyosyoCd=2265390225-00&ServiceCd=130&Type=search", "url2": "https://www.you-i-bears.com" }, "geometry": { "type": "Point", "coordinates": [ 138.256519, 34.8446383 ] } },
{ "type": "Feature", "properties": { "内容": "志太訪問看護ステーション【訪問看護】藤枝市岡部町内谷６０－２", "url": "https://www.kaigokensaku.mhlw.go.jp/22/index.php?action_kouhyou_detail_004_kani=true&JigyosyoCd=2265290011-00&ServiceCd=130&Type=search", "url2": "http://www.e-miwasan.com/" }, "geometry": { "type": "Point", "coordinates": [ 138.280774599999972, 34.9130978 ] } },
{ "type": "Feature", "properties": { "内容": "あい訪問看護ステーション【訪問看護】静岡県藤枝市瀬戸新屋254-3", "url": "https://www.kaigokensaku.mhlw.go.jp/22/index.php?action_kouhyou_detail_004_kani=true&JigyosyoCd=2265390092-00&ServiceCd=130&Type=search", "url2": "https://fujieda-wakiaiai.com" }, "geometry": { "type": "Point", "coordinates": [ 138.242637800000011, 34.8509212 ] } },
{ "type": "Feature", "properties": { "内容": "藤枝市立総合病院訪問看護係【訪問看護】静岡県藤枝市駿河台4-1-11", "url": "https://www.kaigokensaku.mhlw.go.jp/22/index.php?action_kouhyou_detail_004_kani=true&JigyosyoCd=2215310554-00&ServiceCd=130&Type=search", "url2": "http://www.hospital.fujieda.shizuoka.jp/" }, "geometry": { "type": "Point", "coordinates": [ 138.2298955, 34.8612864 ] } },
{ "type": "Feature", "properties": { "内容": "訪問看護ステーション　すずゆう【訪問看護】深沢449番地6", "url": "https://www.kaigokensaku.mhlw.go.jp/22/index.php?action_kouhyou_detail_004_kani=true&JigyosyoCd=2261290056-00&ServiceCd=130&Type=search", "url2": null }, "geometry": { "type": "Point", "coordinates": [ 138.959098497340477, 35.323222177565619 ] } },
{ "type": "Feature", "properties": { "内容": "訪問看護ステーションごてんば【訪問看護】御殿場市茱萸沢1180-2", "url": "https://www.kaigokensaku.mhlw.go.jp/22/index.php?action_kouhyou_detail_004_kani=true&JigyosyoCd=2261290015-00&ServiceCd=130&Type=search", "url2": "http://www" }, "geometry": { "type": "Point", "coordinates": [ 138.920599680287211, 35.30625051088748 ] } },
{ "type": "Feature", "properties": { "内容": "一般社団法人神山復生会訪問看護ステーションマリア【訪問看護】神山1912-2", "url": "https://www.kaigokensaku.mhlw.go.jp/22/index.php?action_kouhyou_detail_004_kani=true&JigyosyoCd=2261290049-00&ServiceCd=130&Type=search", "url2": null }, "geometry": { "type": "Point", "coordinates": [ 138.9232068, 35.2392099 ] } },
{ "type": "Feature", "properties": { "内容": "訪問看護ステーション花結【訪問看護】静岡県御殿場市川島田329-43階菊水商事ビル3階", "url": "https://www.kaigokensaku.mhlw.go.jp/22/index.php?action_kouhyou_detail_004_kani=true&JigyosyoCd=2261290072-00&ServiceCd=130&Type=search", "url2": null }, "geometry": { "type": "Point", "coordinates": [ 138.9263521, 35.2943672 ] } },
{ "type": "Feature", "properties": { "内容": "訪問看護ステーションあやめ袋井【訪問看護】静岡県袋井市新屋３丁目5-23エクラン102号室", "url": "https://www.kaigokensaku.mhlw.go.jp/22/index.php?action_kouhyou_detail_004_kani=true&JigyosyoCd=2267390074-00&ServiceCd=130&Type=search", "url2": "https://firstnurse.co.jp/" }, "geometry": { "type": "Point", "coordinates": [ 137.928077, 34.7507026 ] } },
{ "type": "Feature", "properties": { "内容": "訪問看護ステーションルピナース袋井【訪問看護】静岡県袋井市久能1701-1", "url": "https://www.kaigokensaku.mhlw.go.jp/22/index.php?action_kouhyou_detail_004_kani=true&JigyosyoCd=2267390058-00&ServiceCd=130&Type=search", "url2": null }, "geometry": { "type": "Point", "coordinates": [ 137.9175404, 34.7596524 ] } },
{ "type": "Feature", "properties": { "内容": "訪問看護ステーション　ウエルライフ【訪問看護】袋井市方丈2丁目5－10", "url": "https://www.kaigokensaku.mhlw.go.jp/22/index.php?action_kouhyou_detail_004_kani=true&JigyosyoCd=2266490032-00&ServiceCd=130&Type=search", "url2": "https:wellhoukan.jp" }, "geometry": { "type": "Point", "coordinates": [ 137.926520210606213, 34.747805872025069 ] } },
{ "type": "Feature", "properties": { "内容": "あおき訪問看護ステーション【訪問看護】袋井市天神町２丁目５番地の１５", "url": "https://www.kaigokensaku.mhlw.go.jp/22/index.php?action_kouhyou_detail_004_kani=true&JigyosyoCd=2267390082-00&ServiceCd=130&Type=search", "url2": null }, "geometry": { "type": "Point", "coordinates": [ 137.9138122, 34.748609800000033 ] } },
{ "type": "Feature", "properties": { "内容": "指定訪問看護ステーションとうか【訪問看護】久能2516-2", "url": "https://www.kaigokensaku.mhlw.go.jp/22/index.php?action_kouhyou_detail_004_kani=true&JigyosyoCd=2267390033-00&ServiceCd=130&Type=search", "url2": "http://eimeikai.upper.jp/service2.html" }, "geometry": { "type": "Point", "coordinates": [ 137.9177092, 34.7673304 ] } },
{ "type": "Feature", "properties": { "内容": "研真会訪問看護ステーション上の山【訪問看護】静岡県下田市柿崎432-1", "url": "https://www.kaigokensaku.mhlw.go.jp/22/index.php?action_kouhyou_detail_004_kani=true&JigyosyoCd=2260290040-00&ServiceCd=130&Type=search", "url2": "https://kenshinkai.group/" }, "geometry": { "type": "Point", "coordinates": [ 138.9681593, 34.6759097 ] } },
{ "type": "Feature", "properties": { "内容": "訪問看護ステーション紡ぎ【訪問看護】河内77－1", "url": "https://www.kaigokensaku.mhlw.go.jp/22/index.php?action_kouhyou_detail_004_kani=true&JigyosyoCd=2260290032-00&ServiceCd=130&Type=search", "url2": null }, "geometry": { "type": "Point", "coordinates": [ 138.939729387841027, 34.700551274128571 ] } },
{ "type": "Feature", "properties": { "内容": "研真会訪問看護ステーション上の山【訪問看護】柿崎432-1", "url": "https://www.kaigokensaku.mhlw.go.jp/22/index.php?action_kouhyou_detail_004_kani=true&JigyosyoCd=2260290057-00&ServiceCd=130&Type=search", "url2": null }, "geometry": { "type": "Point", "coordinates": [ 138.965205300000036, 34.676902500000011 ] } },
{ "type": "Feature", "properties": { "内容": "なばな訪問看護ステーション【訪問看護】静岡県裾野市二ツ屋７３番地の１", "url": "https://www.kaigokensaku.mhlw.go.jp/22/index.php?action_kouhyou_detail_004_kani=true&JigyosyoCd=2261490086-00&ServiceCd=130&Type=search", "url2": "https://rishounotuki.jp" }, "geometry": { "type": "Point", "coordinates": [ 138.9032838, 35.1667687 ] } },
{ "type": "Feature", "properties": { "内容": "裾野訪問看護ステーション【訪問看護】裾野市久根５３７番地の２", "url": "https://www.kaigokensaku.mhlw.go.jp/22/index.php?action_kouhyou_detail_004_kani=true&JigyosyoCd=2261490011-00&ServiceCd=130&Type=search", "url2": "https://www.ainosato-shinjinkai.com/" }, "geometry": { "type": "Point", "coordinates": [ 138.920202600000039, 35.185345 ] } },
{ "type": "Feature", "properties": { "内容": "ヤザキケアセンター紙ふうせん【訪問看護】裾野市御宿1500", "url": "https://www.kaigokensaku.mhlw.go.jp/22/index.php?action_kouhyou_detail_004_kani=true&JigyosyoCd=2261490037-00&ServiceCd=130&Type=search", "url2": "http://care-net.biz/22/kamifuusen/" }, "geometry": { "type": "Point", "coordinates": [ 138.910596166378809, 35.21485281821942 ] } },
{ "type": "Feature", "properties": { "内容": "訪問看護ステーションすその日赤【訪問看護】静岡県裾野市佐野713番地", "url": "https://www.kaigokensaku.mhlw.go.jp/22/index.php?action_kouhyou_detail_004_kani=true&JigyosyoCd=2261490045-00&ServiceCd=130&Type=search", "url2": null }, "geometry": { "type": "Point", "coordinates": [ 138.9119425, 35.1789014 ] } },
{ "type": "Feature", "properties": { "内容": "つなぐ訪問看護リハビリステーション【訪問看護】静岡県裾野市岩波105-1アークハイツ102", "url": "https://www.kaigokensaku.mhlw.go.jp/22/index.php?action_kouhyou_detail_004_kani=true&JigyosyoCd=2261490078-00&ServiceCd=130&Type=search", "url2": "https://tsunagu2022.info/" }, "geometry": { "type": "Point", "coordinates": [ 138.9199553, 35.2176547 ] } },
{ "type": "Feature", "properties": { "内容": "訪問看護ステーションはまな【訪問看護】静岡県湖西市新所岡崎梅田入会地15番地の70", "url": "https://www.kaigokensaku.mhlw.go.jp/22/index.php?action_kouhyou_detail_004_kani=true&JigyosyoCd=2268490030-00&ServiceCd=130&Type=search", "url2": "http://www.hamanakai.or.jp/" }, "geometry": { "type": "Point", "coordinates": [ 137.493330835581958, 34.723955743248958 ] } },
{ "type": "Feature", "properties": { "内容": "R.Y訪問看護ステーション【訪問看護】古見786-14", "url": "https://www.kaigokensaku.mhlw.go.jp/22/index.php?action_kouhyou_detail_004_kani=true&JigyosyoCd=2268490048-00&ServiceCd=130&Type=search", "url2": "https://houkan.ry-reyond.com/" }, "geometry": { "type": "Point", "coordinates": [ 137.53793, 34.7114839 ] } },
{ "type": "Feature", "properties": { "内容": "あらいまち訪問看護ステーション【訪問看護】静岡県湖西市新居町新居205－３コーポレジエA201", "url": "https://www.kaigokensaku.mhlw.go.jp/22/index.php?action_kouhyou_detail_004_kani=true&JigyosyoCd=2268490055-00&ServiceCd=130&Type=search", "url2": "https://araimachi.studio.site/" }, "geometry": { "type": "Point", "coordinates": [ 137.5767621, 34.6895177 ] } },
{ "type": "Feature", "properties": { "内容": "訪問看護ステーションなかいず【訪問看護】静岡県伊豆市下白岩75", "url": "https://www.kaigokensaku.mhlw.go.jp/22/index.php?action_kouhyou_detail_004_kani=true&JigyosyoCd=2260390022-00&ServiceCd=130&Type=search", "url2": "http://www.ja-shizuoka.or.jp/k-nakaizu" }, "geometry": { "type": "Point", "coordinates": [ 138.971546, 34.969349 ] } },
{ "type": "Feature", "properties": { "内容": "訪問看護ステーション伊豆日赤【訪問看護】静岡県伊豆市小立野100-2", "url": "https://www.kaigokensaku.mhlw.go.jp/22/index.php?action_kouhyou_detail_004_kani=true&JigyosyoCd=2260790049-00&ServiceCd=130&Type=search", "url2": "http://izurc.jp" }, "geometry": { "type": "Point", "coordinates": [ 138.945367595106546, 34.976057558770925 ] } },
{ "type": "Feature", "properties": { "内容": "訪問看護ステーションはまおか【訪問看護】静岡県御前崎市池新田２０７０御前崎市総合保健福祉センター", "url": "https://www.kaigokensaku.mhlw.go.jp/22/index.php?action_kouhyou_detail_004_kani=true&JigyosyoCd=2266190038-00&ServiceCd=130&Type=search", "url2": "https://omaezaki-hospital.jp/carecenter/" }, "geometry": { "type": "Point", "coordinates": [ 138.1201691, 34.645441 ] } },
{ "type": "Feature", "properties": { "内容": "静岡県厚生農業協同組合連合会訪問看護ステーション夢咲【訪問看護】静岡県菊川市下平川6265", "url": "https://www.kaigokensaku.mhlw.go.jp/22/index.php?action_kouhyou_detail_004_kani=true&JigyosyoCd=2266890017-00&ServiceCd=130&Type=search", "url2": "http://k-enshu.ja-shizuoka.or.jp/" }, "geometry": { "type": "Point", "coordinates": [ 138.092700400000012, 34.7002577 ] } },
{ "type": "Feature", "properties": { "内容": "訪問看護ステーション小笠【訪問看護】上平川２９３番地", "url": "https://www.kaigokensaku.mhlw.go.jp/22/index.php?action_kouhyou_detail_004_kani=true&JigyosyoCd=2266190053-00&ServiceCd=130&Type=search", "url2": "http://www.allkango.jp" }, "geometry": { "type": "Point", "coordinates": [ 138.0805964, 34.7161157 ] } },
{ "type": "Feature", "properties": { "内容": "訪問看護ステーションつむぐ【訪問看護】静岡県菊川市東横地566番地1", "url": "https://www.kaigokensaku.mhlw.go.jp/22/index.php?action_kouhyou_detail_004_kani=true&JigyosyoCd=2266890033-00&ServiceCd=130&Type=search", "url2": "https://houmonkango-tsumugu.com" }, "geometry": { "type": "Point", "coordinates": [ 138.086541064418071, 34.723209327261792 ] } },
{ "type": "Feature", "properties": { "内容": "訪問看護ステーションルピナース菊川【訪問看護】静岡県菊川市堀之内1371太田ビル2階B", "url": "https://www.kaigokensaku.mhlw.go.jp/22/index.php?action_kouhyou_detail_004_kani=true&JigyosyoCd=2266890025-00&ServiceCd=130&Type=search", "url2": null }, "geometry": { "type": "Point", "coordinates": [ 138.0855085, 34.7607262 ] } },
{ "type": "Feature", "properties": { "内容": "農協共済中伊豆ﾘﾊﾋﾞﾘﾃｰｼｮﾝｾﾝﾀｰ訪問看護ステーションあおぞら伊豆【訪問看護】静岡県伊豆の国市田京654-1", "url": "https://www.kaigokensaku.mhlw.go.jp/22/index.php?action_kouhyou_detail_004_kani=true&JigyosyoCd=2260890047-00&ServiceCd=130&Type=search", "url2": "http://www.janrc.or.jp" }, "geometry": { "type": "Point", "coordinates": [ 138.947416299999986, 35.0157209 ] } },
{ "type": "Feature", "properties": { "内容": "訪問看護ステーションひまわり【訪問看護】伊豆の国市田京270-1伊豆保健医療センター", "url": "https://www.kaigokensaku.mhlw.go.jp/22/index.php?action_kouhyou_detail_004_kani=true&JigyosyoCd=2260390048-00&ServiceCd=130&Type=search", "url2": "http://izu-hmc.jp/himawari/index.html" }, "geometry": { "type": "Point", "coordinates": [ 138.94481159999998, 35.0134154 ] } },
{ "type": "Feature", "properties": { "内容": "ラポールあい　訪問看護ステーション【訪問看護】静岡県伊豆の国市四日町３７８－２時くうかん", "url": "https://www.kaigokensaku.mhlw.go.jp/22/index.php?action_kouhyou_detail_004_kani=true&JigyosyoCd=2260890013-00&ServiceCd=130&Type=search", "url2": "http://rapoai.co.jp" }, "geometry": { "type": "Point", "coordinates": [ 138.946732669819681, 35.055737159281641 ] } },
{ "type": "Feature", "properties": { "内容": "訪問看護ステーションわかば【訪問看護】静岡県牧之原市細江2887番地1榛原総合病院2階29番", "url": "https://www.kaigokensaku.mhlw.go.jp/22/index.php?action_kouhyou_detail_004_kani=true&JigyosyoCd=2265890067-00&ServiceCd=130&Type=search", "url2": "https://www.hospital.haibara.shizuoka.jp/cooperation/homenursing.php" }, "geometry": { "type": "Point", "coordinates": [ 138.237953344844044, 34.755434584844245 ] } },
{ "type": "Feature", "properties": { "内容": "訪問看護ステーション　どりい夢【訪問看護】賀茂郡東伊豆町奈良本797-3", "url": "https://www.kaigokensaku.mhlw.go.jp/22/index.php?action_kouhyou_detail_004_kani=true&JigyosyoCd=2260190034-00&ServiceCd=130&Type=search", "url2": null }, "geometry": { "type": "Point", "coordinates": [ 139.064507899999967, 34.8116404 ] } },
{ "type": "Feature", "properties": { "内容": "伊豆今井浜病院訪問看護ステーション【訪問看護】静岡県賀茂郡河津町見高178伊豆今井浜病院新館2階", "url": "https://www.kaigokensaku.mhlw.go.jp/22/index.php?action_kouhyou_detail_004_kani=true&JigyosyoCd=2260190091-00&ServiceCd=130&Type=search", "url2": null }, "geometry": { "type": "Point", "coordinates": [ 139.0046647, 34.7540876 ] } },
{ "type": "Feature", "properties": { "内容": "三連水車訪問看護ステーション【訪問看護】静岡県賀茂郡南伊豆町青市1030-1", "url": "https://www.kaigokensaku.mhlw.go.jp/22/index.php?action_kouhyou_detail_004_kani=true&JigyosyoCd=2260190117-00&ServiceCd=130&Type=search", "url2": null }, "geometry": { "type": "Point", "coordinates": [ 138.8894789, 34.6579712 ] } },
{ "type": "Feature", "properties": { "内容": "わかば訪問看護【訪問看護】静岡県賀茂郡南伊豆町下賀茂49番地の3", "url": "https://www.kaigokensaku.mhlw.go.jp/22/index.php?action_kouhyou_detail_004_kani=true&JigyosyoCd=2260190125-00&ServiceCd=130&Type=search", "url2": "https://raise-institution.com" }, "geometry": { "type": "Point", "coordinates": [ 138.8754955, 34.6459116 ] } },
{ "type": "Feature", "properties": { "内容": "＠Care訪問看護サービス【訪問看護】静岡県賀茂郡松崎町峰輪409番地3号", "url": "https://www.kaigokensaku.mhlw.go.jp/22/index.php?action_kouhyou_detail_004_kani=true&JigyosyoCd=2260190109-00&ServiceCd=130&Type=search", "url2": "https://satosoken.net/" }, "geometry": { "type": "Point", "coordinates": [ 138.8212409, 34.756965 ] } },
{ "type": "Feature", "properties": { "内容": "ゆうあい訪問看護ステーション【訪問看護】賀茂郡西伊豆町仁科字南耕地１３８", "url": "https://www.kaigokensaku.mhlw.go.jp/22/index.php?action_kouhyou_detail_004_kani=true&JigyosyoCd=2260190059-00&ServiceCd=130&Type=search", "url2": null }, "geometry": { "type": "Point", "coordinates": [ 138.769145200000025, 34.7770255 ] } },
{ "type": "Feature", "properties": { "内容": "訪問看護ステーション　やすらぎ【訪問看護】静岡県田方郡函南町間宮617-4ｼﾃｨﾊﾟﾚｽ柿島201", "url": "https://www.kaigokensaku.mhlw.go.jp/22/index.php?action_kouhyou_detail_004_kani=true&JigyosyoCd=2260390121-00&ServiceCd=130&Type=search", "url2": "https://yasuragi-kaigo.jp/company-profile" }, "geometry": { "type": "Point", "coordinates": [ 138.9400542, 35.07899 ] } },
{ "type": "Feature", "properties": { "内容": "総合介護事業所　渚【訪問看護】静岡県田方郡函南町柏谷1319番地の5", "url": "https://www.kaigokensaku.mhlw.go.jp/22/index.php?action_kouhyou_detail_004_kani=true&JigyosyoCd=2260390139-00&ServiceCd=130&Type=search", "url2": null }, "geometry": { "type": "Point", "coordinates": [ 138.9664459, 35.0878682 ] } },
{ "type": "Feature", "properties": { "内容": "訪問看護ももまさ【訪問看護】田方郡函南町平井841－1レジデンスソレイユ201号室", "url": "https://www.kaigokensaku.mhlw.go.jp/22/index.php?action_kouhyou_detail_004_kani=true&JigyosyoCd=2260390071-00&ServiceCd=130&Type=search", "url2": "https://www.momomasa.com" }, "geometry": { "type": "Point", "coordinates": [ 138.958551082863437, 35.092331312567445 ] } },
{ "type": "Feature", "properties": { "内容": "さくら訪問看護リハビリステーション【訪問看護】静岡県田方郡函南町仁田１５８－１", "url": "https://www.kaigokensaku.mhlw.go.jp/22/index.php?action_kouhyou_detail_004_kani=true&JigyosyoCd=2260390097-00&ServiceCd=130&Type=search", "url2": "http://hp.kaipoke.biz/16y/" }, "geometry": { "type": "Point", "coordinates": [ 138.94635610436859, 35.083043061145482 ] } },
{ "type": "Feature", "properties": { "内容": "こもれび訪問看護ステーション【訪問看護】静岡県田方郡函南町間宮４４１クボタハイツＡ－1", "url": "https://www.kaigokensaku.mhlw.go.jp/22/index.php?action_kouhyou_detail_004_kani=true&JigyosyoCd=2260390105-00&ServiceCd=130&Type=search", "url2": "https://komorebi-kango.studio.site" }, "geometry": { "type": "Point", "coordinates": [ 138.937954089282897, 35.083874807534315 ] } },
{ "type": "Feature", "properties": { "内容": "訪問看護ステーションAPOLLO【訪問看護】静岡県田方郡函南町塚本210−5", "url": "https://www.kaigokensaku.mhlw.go.jp/22/index.php?action_kouhyou_detail_004_kani=true&JigyosyoCd=2260390113-00&ServiceCd=130&Type=search", "url2": "https://tsproject0405.com" }, "geometry": { "type": "Point", "coordinates": [ 138.9344329, 35.080167 ] } },
{ "type": "Feature", "properties": { "内容": "ＮＴＴ東日本伊豆病院　訪問看護【訪問看護】田方郡函南町平井７５０", "url": "https://www.kaigokensaku.mhlw.go.jp/22/index.php?action_kouhyou_detail_004_kani=true&JigyosyoCd=2210360273-00&ServiceCd=130&Type=search", "url2": null }, "geometry": { "type": "Point", "coordinates": [ 138.957147839039635, 35.090371472480527 ] } },
{ "type": "Feature", "properties": { "内容": "医療法人　新光会　あたみ・かんなみ訪問看護ステーション【訪問看護】静岡県田方郡函南町平井1690-13", "url": "https://www.kaigokensaku.mhlw.go.jp/22/index.php?action_kouhyou_detail_004_kani=true&JigyosyoCd=2260390089-00&ServiceCd=130&Type=search", "url2": "http：//www.shinkohkai.jp/atami＿kannami/" }, "geometry": { "type": "Point", "coordinates": [ 138.987429064418052, 35.106760988533182 ] } },
{ "type": "Feature", "properties": { "内容": "訪問看護ステーションエム【訪問看護】静岡県駿東郡清水町徳倉1013-1", "url": "https://www.kaigokensaku.mhlw.go.jp/22/index.php?action_kouhyou_detail_004_kani=true&JigyosyoCd=2261390104-00&ServiceCd=130&Type=search", "url2": "http://website2.infomity.net/8122334/visit/" }, "geometry": { "type": "Point", "coordinates": [ 138.899182574205042, 35.083405651828457 ] } },
{ "type": "Feature", "properties": { "内容": "医心館訪問看護ステーション三島【訪問看護】静岡県駿東郡清水町伏見39番地の１", "url": "https://www.kaigokensaku.mhlw.go.jp/22/index.php?action_kouhyou_detail_004_kani=true&JigyosyoCd=2261390195-00&ServiceCd=130&Type=search", "url2": null }, "geometry": { "type": "Point", "coordinates": [ 138.9001714, 35.1102907 ] } },
{ "type": "Feature", "properties": { "内容": "なないろ看護ステーション【訪問看護】静岡県駿東郡清水町新宿190ｰ1石垣ビル１F", "url": "https://www.kaigokensaku.mhlw.go.jp/22/index.php?action_kouhyou_detail_004_kani=true&JigyosyoCd=2261390179-00&ServiceCd=130&Type=search", "url2": "https://www.recruit-associe-hd.co.jp/" }, "geometry": { "type": "Point", "coordinates": [ 138.9035404, 35.1164266 ] } },
{ "type": "Feature", "properties": { "内容": "アクア長泉訪問看護【訪問看護】静岡県駿東郡長泉町下土狩1507-1", "url": "https://www.kaigokensaku.mhlw.go.jp/22/index.php?action_kouhyou_detail_004_kani=true&JigyosyoCd=2261390161-00&ServiceCd=130&Type=search", "url2": null }, "geometry": { "type": "Point", "coordinates": [ 138.905444, 35.1280941 ] } },
{ "type": "Feature", "properties": { "内容": "訪問看護ステーション　希望のわだち【訪問看護】静岡県駿東郡長泉町下長窪789-1", "url": "https://www.kaigokensaku.mhlw.go.jp/22/index.php?action_kouhyou_detail_004_kani=true&JigyosyoCd=2261390187-00&ServiceCd=130&Type=search", "url2": "https://www.kibou-nagakubo.com/" }, "geometry": { "type": "Point", "coordinates": [ 138.8860531, 35.1478714 ] } },
{ "type": "Feature", "properties": { "内容": "農協共済中伊豆リハビリテーションセンター訪問看護ステーションあおぞら【訪問看護】駿東郡長泉町下土狩１２９３－１　ＪＡふじ伊豆　下土狩ビル３階ＪＡふじ伊豆　下土狩ﾋﾞﾙ　3階", "url": "https://www.kaigokensaku.mhlw.go.jp/22/index.php?action_kouhyou_detail_004_kani=true&JigyosyoCd=2261390039-00&ServiceCd=130&Type=search", "url2": "http://www.janrc.or.jp" }, "geometry": { "type": "Point", "coordinates": [ 138.8963559, 35.1296737 ] } },
{ "type": "Feature", "properties": { "内容": "訪問看護ステーション桜づつみ【訪問看護】駿東郡長泉町中土狩557番地の321日幸マンション２０２", "url": "https://www.kaigokensaku.mhlw.go.jp/22/index.php?action_kouhyou_detail_004_kani=true&JigyosyoCd=2261390070-00&ServiceCd=130&Type=search", "url2": null }, "geometry": { "type": "Point", "coordinates": [ 138.903582799999981, 35.140275400000014 ] } },
{ "type": "Feature", "properties": { "内容": "ケアーズ訪問看護リハビリステーション駿東【訪問看護】静岡県駿東郡長泉町南一色３８２－１Ｍビル東３", "url": "https://www.kaigokensaku.mhlw.go.jp/22/index.php?action_kouhyou_detail_004_kani=true&JigyosyoCd=2261390088-00&ServiceCd=130&Type=search", "url2": null }, "geometry": { "type": "Point", "coordinates": [ 138.896191400000021, 35.1550792 ] } },
{ "type": "Feature", "properties": { "内容": "マ・メゾン花水木　訪問看護・訪問リハビリステーション【訪問看護】静岡県駿東郡長泉町納米里55-5ディアス納米里　202号室", "url": "https://www.kaigokensaku.mhlw.go.jp/22/index.php?action_kouhyou_detail_004_kani=true&JigyosyoCd=2261390112-00&ServiceCd=130&Type=search", "url2": null }, "geometry": { "type": "Point", "coordinates": [ 138.900023092868054, 35.148086502873873 ] } },
{ "type": "Feature", "properties": { "内容": "訪問看護ステーション心和【訪問看護】静岡県駿東郡長泉町納米里405-8カームライフ納米里", "url": "https://www.kaigokensaku.mhlw.go.jp/22/index.php?action_kouhyou_detail_004_kani=true&JigyosyoCd=2261390153-00&ServiceCd=130&Type=search", "url2": "https://calmlife.jp/" }, "geometry": { "type": "Point", "coordinates": [ 138.8948024, 35.1432018 ] } },
{ "type": "Feature", "properties": { "内容": "訪問看護ステーション　おおきな木【訪問看護】静岡県駿東郡小山町菅沼753番地の4", "url": "https://www.kaigokensaku.mhlw.go.jp/22/index.php?action_kouhyou_detail_004_kani=true&JigyosyoCd=2261390146-00&ServiceCd=130&Type=search", "url2": null }, "geometry": { "type": "Point", "coordinates": [ 138.977258600000027, 35.3551102 ] } },
{ "type": "Feature", "properties": { "内容": "よしリハ訪問看護ステーション【訪問看護】住吉554-1", "url": "https://www.kaigokensaku.mhlw.go.jp/22/index.php?action_kouhyou_detail_004_kani=true&JigyosyoCd=2265590063-00&ServiceCd=130&Type=search", "url2": "https://yoshi-reha.com" }, "geometry": { "type": "Point", "coordinates": [ 139.8144266, 35.6887011 ] } },
{ "type": "Feature", "properties": { "内容": "川根本町訪問看護ステーション【訪問看護】静岡県榛原郡川根本町上長尾627番地川根本町役場", "url": "https://www.kaigokensaku.mhlw.go.jp/22/index.php?action_kouhyou_detail_004_kani=true&JigyosyoCd=2265590055-00&ServiceCd=130&Type=search", "url2": "https://www.town.kawanehon.shizuoka.jp/soshiki/koreishahukushi/houmonkango/13877.html" }, "geometry": { "type": "Point", "coordinates": [ 138.080928, 35.0469639 ] } },
{ "type": "Feature", "properties": { "内容": "森町訪問看護ステーション【訪問看護】周智郡森町草が谷387-1森町家庭医療センター　２階", "url": "https://www.kaigokensaku.mhlw.go.jp/22/index.php?action_kouhyou_detail_004_kani=true&JigyosyoCd=2266390018-00&ServiceCd=130&Type=search", "url2": "https://hospital.town.morimachi.shizuoka.jp/feature/visiting-nursing/" }, "geometry": { "type": "Point", "coordinates": [ 137.918367, 34.8257588 ] } }
]
}
