{
"type": "FeatureCollection",
"name": "geo_22_通所介護",
"crs": { "type": "name", "properties": { "name": "urn:ogc:def:crs:OGC:1.3:CRS84" } },
"features": [
{ "type": "Feature", "properties": { "内容": "デイサービスセンター　たまち【通所介護】静岡市葵区田町４丁目４５番地", "url": "https://www.kaigokensaku.mhlw.go.jp/22/index.php?action_kouhyou_detail_004_kani=true&JigyosyoCd=2274201736-00&ServiceCd=150&Type=search", "url2": null }, "geometry": { "type": "Point", "coordinates": [ 138.367227800000023, 34.969579400000022 ] } },
{ "type": "Feature", "properties": { "内容": "デイサービスふるさとの家　羽鳥【通所介護】静岡市葵区羽鳥2-3-10", "url": "https://www.kaigokensaku.mhlw.go.jp/22/index.php?action_kouhyou_detail_004_kani=true&JigyosyoCd=2274204490-00&ServiceCd=150&Type=search", "url2": null }, "geometry": { "type": "Point", "coordinates": [ 138.347562899999957, 34.977631 ] } },
{ "type": "Feature", "properties": { "内容": "あずみ苑　静岡【通所介護】北安東2‐26‐16", "url": "https://www.kaigokensaku.mhlw.go.jp/22/index.php?action_kouhyou_detail_004_kani=true&JigyosyoCd=2274209143-00&ServiceCd=150&Type=search", "url2": null }, "geometry": { "type": "Point", "coordinates": [ 138.383693099999988, 34.9969471 ] } },
{ "type": "Feature", "properties": { "内容": "デイサービスライフ古庄【通所介護】静岡市葵区古庄４丁目1-5デュオビル1Ｆ店舗", "url": "https://www.kaigokensaku.mhlw.go.jp/22/index.php?action_kouhyou_detail_004_kani=true&JigyosyoCd=2274208947-00&ServiceCd=150&Type=search", "url2": null }, "geometry": { "type": "Point", "coordinates": [ 138.41397, 34.9981295 ] } },
{ "type": "Feature", "properties": { "内容": "デイサービスライフ田町【通所介護】田町４－１７", "url": "https://www.kaigokensaku.mhlw.go.jp/22/index.php?action_kouhyou_detail_004_kani=true&JigyosyoCd=2274207832-00&ServiceCd=150&Type=search", "url2": null }, "geometry": { "type": "Point", "coordinates": [ 137.008476, 34.9814062 ] } },
{ "type": "Feature", "properties": { "内容": "AllforOne緑町【通所介護】静岡市葵区緑町５－２５", "url": "https://www.kaigokensaku.mhlw.go.jp/22/index.php?action_kouhyou_detail_004_kani=true&JigyosyoCd=2274204292-00&ServiceCd=150&Type=search", "url2": "http://oneforall-shizuoka.co.jp/" }, "geometry": { "type": "Point", "coordinates": [ 138.391219500000034, 34.9884272 ] } },
{ "type": "Feature", "properties": { "内容": "デイサービスココファン東静岡【通所介護】長沼南８－６ココファン東静岡", "url": "https://www.kaigokensaku.mhlw.go.jp/22/index.php?action_kouhyou_detail_004_kani=true&JigyosyoCd=2274209051-00&ServiceCd=150&Type=search", "url2": "https://www.cocofump.co.jp/facilities/detail/higashi-shizuoka/" }, "geometry": { "type": "Point", "coordinates": [ 138.417439400000035, 34.9893862 ] } },
{ "type": "Feature", "properties": { "内容": "羽鳥デイサービスセンター　ひなたぼっこ【通所介護】静岡市葵区建穂一丁目７番７号", "url": "https://www.kaigokensaku.mhlw.go.jp/22/index.php?action_kouhyou_detail_004_kani=true&JigyosyoCd=2274201413-00&ServiceCd=150&Type=search", "url2": "http://www.foryou-s.jp/index.ml/" }, "geometry": { "type": "Point", "coordinates": [ 138.3427438, 34.9840773 ] } },
{ "type": "Feature", "properties": { "内容": "デイサービスセンターアルクみずあおい【通所介護】静岡市葵区北3丁目26番29号", "url": "https://www.kaigokensaku.mhlw.go.jp/22/index.php?action_kouhyou_detail_004_kani=true&JigyosyoCd=2274202131-00&ServiceCd=150&Type=search", "url2": "http://www.koyama-gr.com" }, "geometry": { "type": "Point", "coordinates": [ 138.395640800000024, 35.0404988 ] } },
{ "type": "Feature", "properties": { "内容": "静岡市梅ヶ島高齢者生活福祉センター【通所介護】静岡市葵区入島246番地", "url": "https://www.kaigokensaku.mhlw.go.jp/22/index.php?action_kouhyou_detail_004_kani=true&JigyosyoCd=2274201223-00&ServiceCd=150&Type=search", "url2": null }, "geometry": { "type": "Point", "coordinates": [ 138.34473950000006, 35.232243 ] } },
{ "type": "Feature", "properties": { "内容": "りんどうデイサービスセンター【通所介護】静岡市葵区水見色360", "url": "https://www.kaigokensaku.mhlw.go.jp/22/index.php?action_kouhyou_detail_004_kani=true&JigyosyoCd=2274201959-00&ServiceCd=150&Type=search", "url2": "http://www.warashinafukushikai.or.jp" }, "geometry": { "type": "Point", "coordinates": [ 138.288623799999982, 35.0366165 ] } },
{ "type": "Feature", "properties": { "内容": "リフレア上土デイサービス【通所介護】静岡県静岡市葵区上土２丁目１３番３５号", "url": "https://www.kaigokensaku.mhlw.go.jp/22/index.php?action_kouhyou_detail_004_kani=true&JigyosyoCd=2274207345-00&ServiceCd=150&Type=search", "url2": "http://www.tokai-lifeplus.co.jp/" }, "geometry": { "type": "Point", "coordinates": [ 138.411177523942541, 35.004884245913779 ] } },
{ "type": "Feature", "properties": { "内容": "楽寿の園福祉エリアデイサービスセンター【通所介護】静岡市葵区与左衛門新田７４－６", "url": "https://www.kaigokensaku.mhlw.go.jp/22/index.php?action_kouhyou_detail_004_kani=true&JigyosyoCd=2274100102-00&ServiceCd=150&Type=search", "url2": "http://www.rakuju.or.jp" }, "geometry": { "type": "Point", "coordinates": [ 138.368957200000068, 35.027303 ] } },
{ "type": "Feature", "properties": { "内容": "アイ・ケア田沢デイサービスセンター【通所介護】静岡市葵区音羽町　１６番１０号", "url": "https://www.kaigokensaku.mhlw.go.jp/22/index.php?action_kouhyou_detail_004_kani=true&JigyosyoCd=2274100151-00&ServiceCd=150&Type=search", "url2": null }, "geometry": { "type": "Point", "coordinates": [ 138.39451669999994, 34.978434 ] } },
{ "type": "Feature", "properties": { "内容": "竜爪園デイサービスセンターほっこりーな【通所介護】静岡市葵区長尾89-1", "url": "https://www.kaigokensaku.mhlw.go.jp/22/index.php?action_kouhyou_detail_004_kani=true&JigyosyoCd=2274100169-00&ServiceCd=150&Type=search", "url2": "https://www.love.or.jp" }, "geometry": { "type": "Point", "coordinates": [ 138.4275824, 35.0381501 ] } },
{ "type": "Feature", "properties": { "内容": "デイサービスセンターカリタス21【通所介護】静岡市葵区桂山723-6", "url": "https://www.kaigokensaku.mhlw.go.jp/22/index.php?action_kouhyou_detail_004_kani=true&JigyosyoCd=2274100201-00&ServiceCd=150&Type=search", "url2": "http://www.c-katura.com" }, "geometry": { "type": "Point", "coordinates": [ 138.344051600000057, 35.1116913 ] } },
{ "type": "Feature", "properties": { "内容": "静岡市井川高齢者生活福祉センター【通所介護】静岡市葵区井川1133番地の2井川地区複合施設", "url": "https://www.kaigokensaku.mhlw.go.jp/22/index.php?action_kouhyou_detail_004_kani=true&JigyosyoCd=2274100466-00&ServiceCd=150&Type=search", "url2": "http://www.shizuoka-shakyo.or.jp/access.html" }, "geometry": { "type": "Point", "coordinates": [ 138.2442866, 35.2221031 ] } },
{ "type": "Feature", "properties": { "内容": "吉津園デイサービスセンター【通所介護】静岡県静岡市葵区吉津199番地", "url": "https://www.kaigokensaku.mhlw.go.jp/22/index.php?action_kouhyou_detail_004_kani=true&JigyosyoCd=2274100871-00&ServiceCd=150&Type=search", "url2": "http://www.yoshizuen.or.jp" }, "geometry": { "type": "Point", "coordinates": [ 138.309686599999964, 34.9795657 ] } },
{ "type": "Feature", "properties": { "内容": "静岡市大川高齢者生活福祉センター【通所介護】静岡市葵区日向10", "url": "https://www.kaigokensaku.mhlw.go.jp/22/index.php?action_kouhyou_detail_004_kani=true&JigyosyoCd=2274101134-00&ServiceCd=150&Type=search", "url2": "http://www.surugakai.net/okawa/" }, "geometry": { "type": "Point", "coordinates": [ 138.24216, 35.0825888 ] } },
{ "type": "Feature", "properties": { "内容": "竜爪園デイサービスセンターラシーナ【通所介護】静岡市葵区瀬名6-8-5", "url": "https://www.kaigokensaku.mhlw.go.jp/22/index.php?action_kouhyou_detail_004_kani=true&JigyosyoCd=2274101274-00&ServiceCd=150&Type=search", "url2": "http://www,love.or,jp" }, "geometry": { "type": "Point", "coordinates": [ 138.424251261715625, 35.028900916494763 ] } },
{ "type": "Feature", "properties": { "内容": "まつもとデイサービスセンター【通所介護】静岡市葵区東千代田2－10－18", "url": "https://www.kaigokensaku.mhlw.go.jp/22/index.php?action_kouhyou_detail_004_kani=true&JigyosyoCd=2274101316-00&ServiceCd=150&Type=search", "url2": null }, "geometry": { "type": "Point", "coordinates": [ 138.4073287, 35.0032342 ] } },
{ "type": "Feature", "properties": { "内容": "城北園デイサービスセンター【通所介護】静岡市葵区城北2丁目1-13", "url": "https://www.kaigokensaku.mhlw.go.jp/22/index.php?action_kouhyou_detail_004_kani=true&JigyosyoCd=2274101324-00&ServiceCd=150&Type=search", "url2": null }, "geometry": { "type": "Point", "coordinates": [ 138.391946800000028, 35.0021617 ] } },
{ "type": "Feature", "properties": { "内容": "ディサ－ビスセンタ－ドルフィン【通所介護】静岡市葵区桜町１丁目９番３４号", "url": "https://www.kaigokensaku.mhlw.go.jp/22/index.php?action_kouhyou_detail_004_kani=true&JigyosyoCd=2274101407-00&ServiceCd=150&Type=search", "url2": null }, "geometry": { "type": "Point", "coordinates": [ 138.360472100000038, 34.9964178 ] } },
{ "type": "Feature", "properties": { "内容": "しずはたデイプラザ金時園【通所介護】静岡市葵区平和１丁目１８番１８号", "url": "https://www.kaigokensaku.mhlw.go.jp/22/index.php?action_kouhyou_detail_004_kani=true&JigyosyoCd=2274101498-00&ServiceCd=150&Type=search", "url2": null }, "geometry": { "type": "Point", "coordinates": [ 138.36527179999996, 34.9901797 ] } },
{ "type": "Feature", "properties": { "内容": "デイサービスセンター　カリタスみわ【通所介護】静岡市葵区内牧479-1", "url": "https://www.kaigokensaku.mhlw.go.jp/22/index.php?action_kouhyou_detail_004_kani=true&JigyosyoCd=2274200357-00&ServiceCd=150&Type=search", "url2": "http://www.caritas21.jp/caritas_miwa/" }, "geometry": { "type": "Point", "coordinates": [ 138.345992700000011, 35.0198564 ] } },
{ "type": "Feature", "properties": { "内容": "アイユーデイサービス有限会社【通所介護】静岡市葵区沓谷四丁目１２番１２号", "url": "https://www.kaigokensaku.mhlw.go.jp/22/index.php?action_kouhyou_detail_004_kani=true&JigyosyoCd=2274200563-00&ServiceCd=150&Type=search", "url2": null }, "geometry": { "type": "Point", "coordinates": [ 138.407349740666518, 34.994517416272352 ] } },
{ "type": "Feature", "properties": { "内容": "デイサービス花桃【通所介護】静岡市葵区川合２丁目８番１８号", "url": "https://www.kaigokensaku.mhlw.go.jp/22/index.php?action_kouhyou_detail_004_kani=true&JigyosyoCd=2274201447-00&ServiceCd=150&Type=search", "url2": "http://www.aidrug.jp/" }, "geometry": { "type": "Point", "coordinates": [ 138.414328100000034, 35.0154552 ] } },
{ "type": "Feature", "properties": { "内容": "厚生苑デイサービスセンター新緑の郷【通所介護】静岡市葵区北番町66番地２", "url": "https://www.kaigokensaku.mhlw.go.jp/22/index.php?action_kouhyou_detail_004_kani=true&JigyosyoCd=2274201934-00&ServiceCd=150&Type=search", "url2": "https://www.shizuoka-kosei.or.jp/" }, "geometry": { "type": "Point", "coordinates": [ 138.3685385, 34.9797615 ] } },
{ "type": "Feature", "properties": { "内容": "まごころでい一番町【通所介護】静岡市葵区一番町６５", "url": "https://www.kaigokensaku.mhlw.go.jp/22/index.php?action_kouhyou_detail_004_kani=true&JigyosyoCd=2274202478-00&ServiceCd=150&Type=search", "url2": "http://www.magokorokaigo.com/" }, "geometry": { "type": "Point", "coordinates": [ 138.371210118215913, 34.976338084530632 ] } },
{ "type": "Feature", "properties": { "内容": "有限会社　山秀　マミー・ケア・サポート　デイサービス【通所介護】静岡市葵区新伝馬一丁目10-50", "url": "https://www.kaigokensaku.mhlw.go.jp/22/index.php?action_kouhyou_detail_004_kani=true&JigyosyoCd=2274202551-00&ServiceCd=150&Type=search", "url2": null }, "geometry": { "type": "Point", "coordinates": [ 138.3634217, 34.9976871 ] } },
{ "type": "Feature", "properties": { "内容": "デイサービス亀寿庵【通所介護】静岡市葵区千代田７丁目１－４５", "url": "https://www.kaigokensaku.mhlw.go.jp/22/index.php?action_kouhyou_detail_004_kani=true&JigyosyoCd=2274203344-00&ServiceCd=150&Type=search", "url2": null }, "geometry": { "type": "Point", "coordinates": [ 138.404898499999945, 35.0000734 ] } },
{ "type": "Feature", "properties": { "内容": "シニアあしたば指定通所介護事業所【通所介護】静岡市葵区五番町2-36", "url": "https://www.kaigokensaku.mhlw.go.jp/22/index.php?action_kouhyou_detail_004_kani=true&JigyosyoCd=2274203500-00&ServiceCd=150&Type=search", "url2": "http://www.nh-ashitaba.co.jp" }, "geometry": { "type": "Point", "coordinates": [ 138.372366100000022, 34.9728206 ] } },
{ "type": "Feature", "properties": { "内容": "クニリハビリスタジオ【通所介護】静岡市葵区城北2丁目17番5号", "url": "https://www.kaigokensaku.mhlw.go.jp/22/index.php?action_kouhyou_detail_004_kani=true&JigyosyoCd=2274203526-00&ServiceCd=150&Type=search", "url2": null }, "geometry": { "type": "Point", "coordinates": [ 138.389583099999982, 35.0045335 ] } },
{ "type": "Feature", "properties": { "内容": "亀寿庵デイサービス瀬名【通所介護】静岡市葵区瀬名中央1-6-73", "url": "https://www.kaigokensaku.mhlw.go.jp/22/index.php?action_kouhyou_detail_004_kani=true&JigyosyoCd=2274204920-00&ServiceCd=150&Type=search", "url2": null }, "geometry": { "type": "Point", "coordinates": [ 138.42282739999996, 35.007337 ] } },
{ "type": "Feature", "properties": { "内容": "元気広場　大岩【通所介護】静岡市葵区大岩2丁目27-1メゾンブラン１階", "url": "https://www.kaigokensaku.mhlw.go.jp/22/index.php?action_kouhyou_detail_004_kani=true&JigyosyoCd=2274205026-00&ServiceCd=150&Type=search", "url2": "http://www.genkihiroba.jp/index.html" }, "geometry": { "type": "Point", "coordinates": [ 138.382933900000012, 34.9981343 ] } },
{ "type": "Feature", "properties": { "内容": "リハサロン　ウェルビー　well-Bee【通所介護】静岡市葵区山崎二丁目２－８", "url": "https://www.kaigokensaku.mhlw.go.jp/22/index.php?action_kouhyou_detail_004_kani=true&JigyosyoCd=2274205059-00&ServiceCd=150&Type=search", "url2": "www.mahae-shizuoka.jp" }, "geometry": { "type": "Point", "coordinates": [ 138.3502211, 34.9791538 ] } },
{ "type": "Feature", "properties": { "内容": "デイサービスセンター　羽鳥の森【通所介護】静岡県静岡市葵区羽鳥７丁目６番３８号", "url": "https://www.kaigokensaku.mhlw.go.jp/22/index.php?action_kouhyou_detail_004_kani=true&JigyosyoCd=2274205430-00&ServiceCd=150&Type=search", "url2": "http://necro0013.wix.com/hakuju" }, "geometry": { "type": "Point", "coordinates": [ 138.334553, 34.9906151 ] } },
{ "type": "Feature", "properties": { "内容": "セントケア千代田デイサービス【通所介護】静岡県静岡市葵区千代田４丁目８－１０", "url": "https://www.kaigokensaku.mhlw.go.jp/22/index.php?action_kouhyou_detail_004_kani=true&JigyosyoCd=2274205786-00&ServiceCd=150&Type=search", "url2": "http://www.saint-care.com" }, "geometry": { "type": "Point", "coordinates": [ 138.399213, 34.9957849 ] } },
{ "type": "Feature", "properties": { "内容": "デイサービスセンターこだまの杜【通所介護】南安倍1-11-2", "url": "https://www.kaigokensaku.mhlw.go.jp/22/index.php?action_kouhyou_detail_004_kani=true&JigyosyoCd=2274205877-00&ServiceCd=150&Type=search", "url2": "http://www.kodama-mori.co.jp" }, "geometry": { "type": "Point", "coordinates": [ 138.374549600000023, 34.9605249 ] } },
{ "type": "Feature", "properties": { "内容": "デイサービスつなぐ【通所介護】羽鳥2丁目17-3", "url": "https://www.kaigokensaku.mhlw.go.jp/22/index.php?action_kouhyou_detail_004_kani=true&JigyosyoCd=2274205976-00&ServiceCd=150&Type=search", "url2": null }, "geometry": { "type": "Point", "coordinates": [ 138.344299399999954, 34.9780308 ] } },
{ "type": "Feature", "properties": { "内容": "厚生苑デイサービスセンター清流の郷【通所介護】葵区柳町185番地5", "url": "https://www.kaigokensaku.mhlw.go.jp/22/index.php?action_kouhyou_detail_004_kani=true&JigyosyoCd=2274206198-00&ServiceCd=150&Type=search", "url2": "http://www.shizuoka-kosei.or.jp" }, "geometry": { "type": "Point", "coordinates": [ 138.362698176057393, 34.979429895899763 ] } },
{ "type": "Feature", "properties": { "内容": "亀寿庵デイサービス西奈【通所介護】静岡市葵区瀬名7丁目24-25", "url": "https://www.kaigokensaku.mhlw.go.jp/22/index.php?action_kouhyou_detail_004_kani=true&JigyosyoCd=2274206271-00&ServiceCd=150&Type=search", "url2": null }, "geometry": { "type": "Point", "coordinates": [ 138.426707599999986, 35.0345338 ] } },
{ "type": "Feature", "properties": { "内容": "フォレストきらら【通所介護】平和一丁目１６番３５号", "url": "https://www.kaigokensaku.mhlw.go.jp/22/index.php?action_kouhyou_detail_004_kani=true&JigyosyoCd=2274206859-00&ServiceCd=150&Type=search", "url2": "http://msc-care.co.jp/" }, "geometry": { "type": "Point", "coordinates": [ 138.367055, 34.9898714 ] } },
{ "type": "Feature", "properties": { "内容": "デイサービス静岡亀松亭【通所介護】静岡県静岡市葵区羽鳥大門町１－９介護施設静岡亀松亭", "url": "https://www.kaigokensaku.mhlw.go.jp/22/index.php?action_kouhyou_detail_004_kani=true&JigyosyoCd=2274207709-00&ServiceCd=150&Type=search", "url2": "https://www.facebook.com/shizuokakishotei" }, "geometry": { "type": "Point", "coordinates": [ 138.353856700000051, 34.9740538 ] } },
{ "type": "Feature", "properties": { "内容": "つどいのおかデイサービスセンター【通所介護】静岡県静岡市葵区駒形通4丁目9-20", "url": "https://www.kaigokensaku.mhlw.go.jp/22/index.php?action_kouhyou_detail_004_kani=true&JigyosyoCd=2274207733-00&ServiceCd=150&Type=search", "url2": null }, "geometry": { "type": "Point", "coordinates": [ 138.375359862040682, 34.966598572281349 ] } },
{ "type": "Feature", "properties": { "内容": "ハピスポデイ　和かな【通所介護】静岡県静岡市葵区城東町３４－１４", "url": "https://www.kaigokensaku.mhlw.go.jp/22/index.php?action_kouhyou_detail_004_kani=true&JigyosyoCd=2274207824-00&ServiceCd=150&Type=search", "url2": "http://hapispo.org/" }, "geometry": { "type": "Point", "coordinates": [ 138.390464100000031, 34.9849998 ] } },
{ "type": "Feature", "properties": { "内容": "リハビリ特化型デイサービスカラダラボ静岡大岩【通所介護】静岡県静岡市葵区大岩4丁目38－23", "url": "https://www.kaigokensaku.mhlw.go.jp/22/index.php?action_kouhyou_detail_004_kani=true&JigyosyoCd=2274208392-00&ServiceCd=150&Type=search", "url2": "https://camellia-inc.com/" }, "geometry": { "type": "Point", "coordinates": [ 138.3811246, 35.0022295 ] } },
{ "type": "Feature", "properties": { "内容": "レッツ倶楽部　西瀬名【通所介護】西瀬名21-14", "url": "https://www.kaigokensaku.mhlw.go.jp/22/index.php?action_kouhyou_detail_004_kani=true&JigyosyoCd=2274208806-00&ServiceCd=150&Type=search", "url2": "https://www.lets-club.jp" }, "geometry": { "type": "Point", "coordinates": [ 138.414211499999965, 35.0142998 ] } },
{ "type": "Feature", "properties": { "内容": "きたえるーむ静岡北安東【通所介護】静岡県静岡市葵区北安東2丁目28-10", "url": "https://www.kaigokensaku.mhlw.go.jp/22/index.php?action_kouhyou_detail_004_kani=true&JigyosyoCd=2274208848-00&ServiceCd=150&Type=search", "url2": "http://kitaeroom.com/" }, "geometry": { "type": "Point", "coordinates": [ 138.3857726, 34.9983336 ] } },
{ "type": "Feature", "properties": { "内容": "リハビリデイサービス　ウィズ【通所介護】静岡県静岡市葵区千代田６丁目24-13", "url": "https://www.kaigokensaku.mhlw.go.jp/22/index.php?action_kouhyou_detail_004_kani=true&JigyosyoCd=2274209044-00&ServiceCd=150&Type=search", "url2": null }, "geometry": { "type": "Point", "coordinates": [ 138.408904829009657, 34.998601221720115 ] } },
{ "type": "Feature", "properties": { "内容": "ハピスポデイ和かな　西草深【通所介護】静岡県静岡市葵区西草深町9-15クラーク西草深1F", "url": "https://www.kaigokensaku.mhlw.go.jp/22/index.php?action_kouhyou_detail_004_kani=true&JigyosyoCd=2274209168-00&ServiceCd=150&Type=search", "url2": null }, "geometry": { "type": "Point", "coordinates": [ 138.380470699999933, 34.9823223 ] } },
{ "type": "Feature", "properties": { "内容": "竜宮しんてんま【通所介護】静岡県静岡市葵区新伝馬2丁目10-27", "url": "https://www.kaigokensaku.mhlw.go.jp/22/index.php?action_kouhyou_detail_004_kani=true&JigyosyoCd=2274209606-00&ServiceCd=150&Type=search", "url2": "https://urashima-ryugu.com/ryugu-shintenma" }, "geometry": { "type": "Point", "coordinates": [ 138.366569825794926, 34.998857267948168 ] } },
{ "type": "Feature", "properties": { "内容": "デイサービス　エスト北安東【通所介護】静岡県静岡市葵区北安東5丁目19-10", "url": "https://www.kaigokensaku.mhlw.go.jp/22/index.php?action_kouhyou_detail_004_kani=true&JigyosyoCd=2274209648-00&ServiceCd=150&Type=search", "url2": null }, "geometry": { "type": "Point", "coordinates": [ 138.390002900000013, 34.9973452 ] } },
{ "type": "Feature", "properties": { "内容": "ツクイ静岡葵沓谷【通所介護】静岡県静岡市葵区沓谷1-1-5", "url": "https://www.kaigokensaku.mhlw.go.jp/22/index.php?action_kouhyou_detail_004_kani=true&JigyosyoCd=2274209986-00&ServiceCd=150&Type=search", "url2": null }, "geometry": { "type": "Point", "coordinates": [ 138.3983246, 34.9881805 ] } },
{ "type": "Feature", "properties": { "内容": "アクタガワ　カフェ＆リハ静岡千代田【通所介護】静岡県静岡市葵区東千代田一丁目7番12号", "url": "https://www.kaigokensaku.mhlw.go.jp/22/index.php?action_kouhyou_detail_004_kani=true&JigyosyoCd=2274210208-00&ServiceCd=150&Type=search", "url2": "www.akutagawa-heartlife.jp" }, "geometry": { "type": "Point", "coordinates": [ 138.4088649, 35.000136400000031 ] } },
{ "type": "Feature", "properties": { "内容": "デイサービス籠上の湯【通所介護】静岡県静岡市葵区籠上7‐5", "url": "https://www.kaigokensaku.mhlw.go.jp/22/index.php?action_kouhyou_detail_004_kani=true&JigyosyoCd=2274210372-00&ServiceCd=150&Type=search", "url2": "http://www.tosco.ne.jp/kagouenoyu/" }, "geometry": { "type": "Point", "coordinates": [ 138.369000034444724, 34.98937619606037 ] } },
{ "type": "Feature", "properties": { "内容": "VivaTrainingぺリデ駒形【通所介護】静岡県静岡市葵区駒形通5丁目6-19　SOZOSYA駒形１F", "url": "https://www.kaigokensaku.mhlw.go.jp/22/index.php?action_kouhyou_detail_004_kani=true&JigyosyoCd=2274210430-00&ServiceCd=150&Type=search", "url2": null }, "geometry": { "type": "Point", "coordinates": [ 138.374893500000013, 34.9660785 ] } },
{ "type": "Feature", "properties": { "内容": "大樹デイ　Mattrz長沼【通所介護】静岡市葵区長沼２丁目１１－１５", "url": "https://www.kaigokensaku.mhlw.go.jp/22/index.php?action_kouhyou_detail_004_kani=true&JigyosyoCd=2274210976-00&ServiceCd=150&Type=search", "url2": null }, "geometry": { "type": "Point", "coordinates": [ 138.4142522, 34.9914268 ] } },
{ "type": "Feature", "properties": { "内容": "亀寿庵デイサービス緑町【通所介護】静岡市葵区緑町5-25", "url": "https://www.kaigokensaku.mhlw.go.jp/22/index.php?action_kouhyou_detail_004_kani=true&JigyosyoCd=2274211032-00&ServiceCd=150&Type=search", "url2": null }, "geometry": { "type": "Point", "coordinates": [ 138.3910214, 34.9881619 ] } },
{ "type": "Feature", "properties": { "内容": "よいち友遊デイサービス【通所介護】静岡県静岡市葵区与一３丁目５－66", "url": "https://www.kaigokensaku.mhlw.go.jp/22/index.php?action_kouhyou_detail_004_kani=true&JigyosyoCd=2274201454-00&ServiceCd=150&Type=search", "url2": "https://create-shizuoka.or.jp/" }, "geometry": { "type": "Point", "coordinates": [ 138.368751699999962, 35.008097 ] } },
{ "type": "Feature", "properties": { "内容": "しずてつケアステーション北安東通所介護事業所【通所介護】静岡市葵区北安東二丁目28-10", "url": "https://www.kaigokensaku.mhlw.go.jp/22/index.php?action_kouhyou_detail_004_kani=true&JigyosyoCd=2274200985-00&ServiceCd=150&Type=search", "url2": "http://www.shizutetsu.co.jp/care/" }, "geometry": { "type": "Point", "coordinates": [ 138.385800962088041, 34.998533189097834 ] } },
{ "type": "Feature", "properties": { "内容": "(有)岩本薬局　春日デイサービスセンター【通所介護】静岡市葵区春日二丁目8-103", "url": "https://www.kaigokensaku.mhlw.go.jp/22/index.php?action_kouhyou_detail_004_kani=true&JigyosyoCd=2274203062-00&ServiceCd=150&Type=search", "url2": "http://iwamotoyakkyoku.jp" }, "geometry": { "type": "Point", "coordinates": [ 138.402960399999984, 34.9795314 ] } },
{ "type": "Feature", "properties": { "内容": "元気広場　城西【通所介護】静岡県静岡市駿河区新川1-12-34", "url": "https://www.kaigokensaku.mhlw.go.jp/22/index.php?action_kouhyou_detail_004_kani=true&JigyosyoCd=2274208715-00&ServiceCd=150&Type=search", "url2": "http://www.genkihiroba.jp" }, "geometry": { "type": "Point", "coordinates": [ 138.38201, 34.9639717 ] } },
{ "type": "Feature", "properties": { "内容": "デイサービスセンターなぎさ苑【通所介護】静岡県静岡市駿河区大谷3丁目29ー１2", "url": "https://www.kaigokensaku.mhlw.go.jp/22/index.php?action_kouhyou_detail_004_kani=true&JigyosyoCd=2274203203-00&ServiceCd=150&Type=search", "url2": "http://nagisaen.net/" }, "geometry": { "type": "Point", "coordinates": [ 138.436226217890862, 34.949747047601235 ] } },
{ "type": "Feature", "properties": { "内容": "ケアポート八幡【通所介護】静岡市駿河区大坪町１２－３２", "url": "https://www.kaigokensaku.mhlw.go.jp/22/index.php?action_kouhyou_detail_004_kani=true&JigyosyoCd=2274200753-00&ServiceCd=150&Type=search", "url2": "http://www.telwel-west.co.jp/kaigo/" }, "geometry": { "type": "Point", "coordinates": [ 138.3972364, 34.9648635 ] } },
{ "type": "Feature", "properties": { "内容": "介護予防デイ　グランツ【通所介護】敷地1丁目18－28", "url": "https://www.kaigokensaku.mhlw.go.jp/22/index.php?action_kouhyou_detail_004_kani=true&JigyosyoCd=2274208590-00&ServiceCd=150&Type=search", "url2": "http://glanz-sc.com/" }, "geometry": { "type": "Point", "coordinates": [ 138.412739399999964, 34.951289 ] } },
{ "type": "Feature", "properties": { "内容": "生陽デイサービス　てるてるエルマーナ【通所介護】静岡市駿河区丸子３－１３－９", "url": "https://www.kaigokensaku.mhlw.go.jp/22/index.php?action_kouhyou_detail_004_kani=true&JigyosyoCd=2274200761-00&ServiceCd=150&Type=search", "url2": "https://www.ikiyo.co.jp" }, "geometry": { "type": "Point", "coordinates": [ 138.351913200000013, 34.9478791 ] } },
{ "type": "Feature", "properties": { "内容": "小鹿苑デイサービスセンター通所介護部【通所介護】静岡県静岡市駿河区小鹿一丁目１番２４号", "url": "https://www.kaigokensaku.mhlw.go.jp/22/index.php?action_kouhyou_detail_004_kani=true&JigyosyoCd=2274100094-00&ServiceCd=150&Type=search", "url2": "https://www.oshikaen.jp" }, "geometry": { "type": "Point", "coordinates": [ 138.414159499999982, 34.975640500000011 ] } },
{ "type": "Feature", "properties": { "内容": "登呂の家デイサービスセンター【通所介護】静岡市駿河区登呂３丁目４－１", "url": "https://www.kaigokensaku.mhlw.go.jp/22/index.php?action_kouhyou_detail_004_kani=true&JigyosyoCd=2274201892-00&ServiceCd=150&Type=search", "url2": "http://www.tenryu-kohseikai.or.jp/senior/toro/" }, "geometry": { "type": "Point", "coordinates": [ 138.406413499999985, 34.958956 ] } },
{ "type": "Feature", "properties": { "内容": "ハートピアの森リハビリデイサービス【通所介護】静岡県静岡市駿河区手越４２０－３ハートピアの森", "url": "https://www.kaigokensaku.mhlw.go.jp/22/index.php?action_kouhyou_detail_004_kani=true&JigyosyoCd=2274201231-00&ServiceCd=150&Type=search", "url2": "https://heart-pia.co.jp/" }, "geometry": { "type": "Point", "coordinates": [ 138.365284, 34.9554644 ] } },
{ "type": "Feature", "properties": { "内容": "ハートピアの森リハビリセンター【通所介護】手越420-3ハートピアの森", "url": "https://www.kaigokensaku.mhlw.go.jp/22/index.php?action_kouhyou_detail_004_kani=true&JigyosyoCd=2274209994-00&ServiceCd=150&Type=search", "url2": "https://heart-pia.co.jp/" }, "geometry": { "type": "Point", "coordinates": [ 138.365286700000013, 34.9554304 ] } },
{ "type": "Feature", "properties": { "内容": "TOKAIライフプラス㈱　リフレア聖一色デイサービス【通所介護】静岡県静岡市駿河区聖一色165-1", "url": "https://www.kaigokensaku.mhlw.go.jp/22/index.php?action_kouhyou_detail_004_kani=true&JigyosyoCd=2274205711-00&ServiceCd=150&Type=search", "url2": "https://www.refrea.net/dayservice/hijiriissiki_day/" }, "geometry": { "type": "Point", "coordinates": [ 138.424997100000041, 34.9873755 ] } },
{ "type": "Feature", "properties": { "内容": "シンシア駿河デイサービス【通所介護】静岡市駿河区西脇１６－４", "url": "https://www.kaigokensaku.mhlw.go.jp/22/index.php?action_kouhyou_detail_004_kani=true&JigyosyoCd=2274203732-00&ServiceCd=150&Type=search", "url2": "http://www.sincere-gri.com/suruga/top.htm" }, "geometry": { "type": "Point", "coordinates": [ 138.393859300000031, 34.9503317 ] } },
{ "type": "Feature", "properties": { "内容": "あしたばデイサービス【通所介護】中島1684-15", "url": "https://www.kaigokensaku.mhlw.go.jp/22/index.php?action_kouhyou_detail_004_kani=true&JigyosyoCd=2274211065-00&ServiceCd=150&Type=search", "url2": "https://www.tomorrowleaf.co.jp/" }, "geometry": { "type": "Point", "coordinates": [ 138.402169, 34.936133 ] } },
{ "type": "Feature", "properties": { "内容": "小坂の郷デイサービスセンター【通所介護】静岡市駿河区小坂1106-1", "url": "https://www.kaigokensaku.mhlw.go.jp/22/index.php?action_kouhyou_detail_004_kani=true&JigyosyoCd=2274201249-00&ServiceCd=150&Type=search", "url2": "http://osakanosato.com" }, "geometry": { "type": "Point", "coordinates": [ 138.349977599999988, 34.925187 ] } },
{ "type": "Feature", "properties": { "内容": "はつらつデイサービスみずほ【通所介護】静岡県静岡市駿河区みずほ3-2-2", "url": "https://www.kaigokensaku.mhlw.go.jp/22/index.php?action_kouhyou_detail_004_kani=true&JigyosyoCd=2274211149-00&ServiceCd=150&Type=search", "url2": "http://www.aiflex.co.jp" }, "geometry": { "type": "Point", "coordinates": [ 138.37012150000001, 34.9375962 ] } },
{ "type": "Feature", "properties": { "内容": "デイサービスセンター　丸子の里　きらり【通所介護】静岡市駿河区丸子3000番地の1", "url": "https://www.kaigokensaku.mhlw.go.jp/22/index.php?action_kouhyou_detail_004_kani=true&JigyosyoCd=2274100731-00&ServiceCd=150&Type=search", "url2": "info@marikonosato.org" }, "geometry": { "type": "Point", "coordinates": [ 138.3297682, 34.9493366 ] } },
{ "type": "Feature", "properties": { "内容": "聖ヨゼフの園デイサービスセンター【通所介護】静岡市駿河区八幡４丁目６番９号", "url": "https://www.kaigokensaku.mhlw.go.jp/22/index.php?action_kouhyou_detail_004_kani=true&JigyosyoCd=2274100193-00&ServiceCd=150&Type=search", "url2": "http://www.joseph-seibofukushikai.jp/" }, "geometry": { "type": "Point", "coordinates": [ 138.397681849737523, 34.968262787148163 ] } },
{ "type": "Feature", "properties": { "内容": "有限会社生陽会生陽デイサービスてるてるぼうず【通所介護】北丸子2-8-3", "url": "https://www.kaigokensaku.mhlw.go.jp/22/index.php?action_kouhyou_detail_004_kani=true&JigyosyoCd=2274100268-00&ServiceCd=150&Type=search", "url2": "https://www.ikiyo.co.jp" }, "geometry": { "type": "Point", "coordinates": [ 138.347247646002188, 34.950024640350698 ] } },
{ "type": "Feature", "properties": { "内容": "スマイル高松公園【通所介護】静岡市駿河区宮竹1-7-9", "url": "https://www.kaigokensaku.mhlw.go.jp/22/index.php?action_kouhyou_detail_004_kani=true&JigyosyoCd=2274100367-00&ServiceCd=150&Type=search", "url2": "www.smile-kaigo.co.jp" }, "geometry": { "type": "Point", "coordinates": [ 138.4152795, 34.954626 ] } },
{ "type": "Feature", "properties": { "内容": "デイサービスセンター　なごみ【通所介護】静岡市駿河区中島2850-1", "url": "https://www.kaigokensaku.mhlw.go.jp/22/index.php?action_kouhyou_detail_004_kani=true&JigyosyoCd=2274100391-00&ServiceCd=150&Type=search", "url2": "http://www.wayou-fukushikai.jp/" }, "geometry": { "type": "Point", "coordinates": [ 138.401976800000057, 34.9335952 ] } },
{ "type": "Feature", "properties": { "内容": "デイサービスセンター久能の里【通所介護】静岡市駿河区根古屋289-1", "url": "https://www.kaigokensaku.mhlw.go.jp/22/index.php?action_kouhyou_detail_004_kani=true&JigyosyoCd=2274101217-00&ServiceCd=150&Type=search", "url2": "http://sunpuaoikai.or.jp/kunou/" }, "geometry": { "type": "Point", "coordinates": [ 138.470435599999973, 34.9623648 ] } },
{ "type": "Feature", "properties": { "内容": "有限会社　ショージ　通所介護事業所　マーガレット【通所介護】静岡市駿河区西脇１０５２－１", "url": "https://www.kaigokensaku.mhlw.go.jp/22/index.php?action_kouhyou_detail_004_kani=true&JigyosyoCd=2274101415-00&ServiceCd=150&Type=search", "url2": null }, "geometry": { "type": "Point", "coordinates": [ 138.399514400000044, 34.9496013 ] } },
{ "type": "Feature", "properties": { "内容": "デイサービスセンター　みずほ【通所介護】静岡市駿河区みずほ3-2-30", "url": "https://www.kaigokensaku.mhlw.go.jp/22/index.php?action_kouhyou_detail_004_kani=true&JigyosyoCd=2274200911-00&ServiceCd=150&Type=search", "url2": "http://www.aiflex.co.jp" }, "geometry": { "type": "Point", "coordinates": [ 138.3701757, 34.9374082 ] } },
{ "type": "Feature", "properties": { "内容": "ニチイケアセンター駿河【通所介護】静岡市駿河区宮竹2丁目16-8", "url": "https://www.kaigokensaku.mhlw.go.jp/22/index.php?action_kouhyou_detail_004_kani=true&JigyosyoCd=2274201777-00&ServiceCd=150&Type=search", "url2": "http://www.nichiigakkan.co.jp" }, "geometry": { "type": "Point", "coordinates": [ 138.41877640000007, 34.9529151 ] } },
{ "type": "Feature", "properties": { "内容": "デイサービスセンター　ペリデ長田【通所介護】静岡市駿河区寺田206-1", "url": "https://www.kaigokensaku.mhlw.go.jp/22/index.php?action_kouhyou_detail_004_kani=true&JigyosyoCd=2274202213-00&ServiceCd=150&Type=search", "url2": "http://www.pelide.jp/" }, "geometry": { "type": "Point", "coordinates": [ 138.357201799999984, 34.9396857 ] } },
{ "type": "Feature", "properties": { "内容": "近藤医院デイサービス　アルバ３１０【通所介護】静岡市駿河区手越456", "url": "https://www.kaigokensaku.mhlw.go.jp/22/index.php?action_kouhyou_detail_004_kani=true&JigyosyoCd=2274202817-00&ServiceCd=150&Type=search", "url2": "https://www.taiyokai-kondoiin.com/" }, "geometry": { "type": "Point", "coordinates": [ 138.36388409999995, 34.9540701 ] } },
{ "type": "Feature", "properties": { "内容": "デイサービスセンター　ペリデ下川原【通所介護】下川原5丁目33-17", "url": "https://www.kaigokensaku.mhlw.go.jp/22/index.php?action_kouhyou_detail_004_kani=true&JigyosyoCd=2274205133-00&ServiceCd=150&Type=search", "url2": "http://www.pelide.jp" }, "geometry": { "type": "Point", "coordinates": [ 138.380029199999967, 34.9329762 ] } },
{ "type": "Feature", "properties": { "内容": "デイサービス　ふるさとの家　丸子【通所介護】丸子6275-1", "url": "https://www.kaigokensaku.mhlw.go.jp/22/index.php?action_kouhyou_detail_004_kani=true&JigyosyoCd=2274205232-00&ServiceCd=150&Type=search", "url2": "furusato-mariko@home-s.co.jp" }, "geometry": { "type": "Point", "coordinates": [ 138.319738700000016, 34.9412928 ] } },
{ "type": "Feature", "properties": { "内容": "スリーケアデイサービス【通所介護】静岡市駿河区八幡二丁目８－２５", "url": "https://www.kaigokensaku.mhlw.go.jp/22/index.php?action_kouhyou_detail_004_kani=true&JigyosyoCd=2274205240-00&ServiceCd=150&Type=search", "url2": "http://3-care.com" }, "geometry": { "type": "Point", "coordinates": [ 138.395442739470127, 34.970303136194474 ] } },
{ "type": "Feature", "properties": { "内容": "静岡ケアセンターそよ風【通所介護】中田4-5-13", "url": "https://www.kaigokensaku.mhlw.go.jp/22/index.php?action_kouhyou_detail_004_kani=true&JigyosyoCd=2274205810-00&ServiceCd=150&Type=search", "url2": null }, "geometry": { "type": "Point", "coordinates": [ 138.3983948, 34.9586781 ] } },
{ "type": "Feature", "properties": { "内容": "フィットネスデイ丸子の里りはら【通所介護】静岡県静岡市駿河区みずほ２丁目１２－４", "url": "https://www.kaigokensaku.mhlw.go.jp/22/index.php?action_kouhyou_detail_004_kani=true&JigyosyoCd=2274205992-00&ServiceCd=150&Type=search", "url2": "http://www.marikonosato.org/rihara.htm" }, "geometry": { "type": "Point", "coordinates": [ 138.36934240000005, 34.9407884 ] } },
{ "type": "Feature", "properties": { "内容": "静岡石田Ryuメディカルトレーニングデイ【通所介護】石田3丁目11番32号", "url": "https://www.kaigokensaku.mhlw.go.jp/22/index.php?action_kouhyou_detail_004_kani=true&JigyosyoCd=2274206313-00&ServiceCd=150&Type=search", "url2": "http://rmtd.ryu-medical.com" }, "geometry": { "type": "Point", "coordinates": [ 138.399186363754296, 34.956469267986101 ] } },
{ "type": "Feature", "properties": { "内容": "かがやきデイサービス静岡西脇【通所介護】静岡県静岡市駿河区西脇1326-1", "url": "https://www.kaigokensaku.mhlw.go.jp/22/index.php?action_kouhyou_detail_004_kani=true&JigyosyoCd=2274206594-00&ServiceCd=150&Type=search", "url2": "http://www.ymmd.co.jp" }, "geometry": { "type": "Point", "coordinates": [ 138.396275699999933, 34.9526093 ] } },
{ "type": "Feature", "properties": { "内容": "ケアステーションあさひ駿河【通所介護】静岡県静岡市駿河区丸子新田89番1", "url": "https://www.kaigokensaku.mhlw.go.jp/22/index.php?action_kouhyou_detail_004_kani=true&JigyosyoCd=2274206792-00&ServiceCd=150&Type=search", "url2": "http://www.vati.co.jp/" }, "geometry": { "type": "Point", "coordinates": [ 138.367581100000052, 34.9510205 ] } },
{ "type": "Feature", "properties": { "内容": "フォレスト高松デイサロンもりのいえ【通所介護】静岡市駿河区敷地1-10-9フォレスト高松", "url": "https://www.kaigokensaku.mhlw.go.jp/22/index.php?action_kouhyou_detail_004_kani=true&JigyosyoCd=2274206842-00&ServiceCd=150&Type=search", "url2": "msc-care.co.jp/" }, "geometry": { "type": "Point", "coordinates": [ 138.40932725993278, 34.952304142828005 ] } },
{ "type": "Feature", "properties": { "内容": "リフレアみずほ【通所介護】静岡県静岡市駿河区みずほ5丁目6番6号", "url": "https://www.kaigokensaku.mhlw.go.jp/22/index.php?action_kouhyou_detail_004_kani=true&JigyosyoCd=2274207287-00&ServiceCd=150&Type=search", "url2": "https://www.refrea.net/dayservice/mizuho/" }, "geometry": { "type": "Point", "coordinates": [ 138.366509400000041, 34.9366778 ] } },
{ "type": "Feature", "properties": { "内容": "まごころタウン＊でい＊草薙【通所介護】静岡県静岡市駿河区弥生町4-26", "url": "https://www.kaigokensaku.mhlw.go.jp/22/index.php?action_kouhyou_detail_004_kani=true&JigyosyoCd=2274207774-00&ServiceCd=150&Type=search", "url2": "http://www.magokoro-w.com/" }, "geometry": { "type": "Point", "coordinates": [ 138.4365904, 35.0041461 ] } },
{ "type": "Feature", "properties": { "内容": "デイサービス福助【通所介護】静岡県静岡市駿河区中原493-1", "url": "https://www.kaigokensaku.mhlw.go.jp/22/index.php?action_kouhyou_detail_004_kani=true&JigyosyoCd=2274207907-00&ServiceCd=150&Type=search", "url2": "http://www.keito-fukusuke.jp" }, "geometry": { "type": "Point", "coordinates": [ 138.385846, 34.9546506 ] } },
{ "type": "Feature", "properties": { "内容": "リハビリ特化型デイサービスカラダラボ静岡宮竹【通所介護】静岡県静岡市駿河区宮竹２丁目１-１", "url": "https://www.kaigokensaku.mhlw.go.jp/22/index.php?action_kouhyou_detail_004_kani=true&JigyosyoCd=2274208384-00&ServiceCd=150&Type=search", "url2": null }, "geometry": { "type": "Point", "coordinates": [ 138.415781399999986, 34.9517711 ] } },
{ "type": "Feature", "properties": { "内容": "アクティブデイ　カリタス有東【通所介護】静岡県静岡市駿河区有東2丁目9-22", "url": "https://www.kaigokensaku.mhlw.go.jp/22/index.php?action_kouhyou_detail_004_kani=true&JigyosyoCd=2274208855-00&ServiceCd=150&Type=search", "url2": null }, "geometry": { "type": "Point", "coordinates": [ 138.407621468786601, 34.962586049617656 ] } },
{ "type": "Feature", "properties": { "内容": "ツクイ静岡【通所介護】静岡県静岡市駿河区聖一色24-1なし", "url": "https://www.kaigokensaku.mhlw.go.jp/22/index.php?action_kouhyou_detail_004_kani=true&JigyosyoCd=2274209952-00&ServiceCd=150&Type=search", "url2": "https://www.tsukui.net/home-care/2115/" }, "geometry": { "type": "Point", "coordinates": [ 138.427392099999963, 34.9837446 ] } },
{ "type": "Feature", "properties": { "内容": "ツクイ静岡駿河下川原【通所介護】静岡県静岡市駿河区下川原4丁目16-32", "url": "https://www.kaigokensaku.mhlw.go.jp/22/index.php?action_kouhyou_detail_004_kani=true&JigyosyoCd=2274209960-00&ServiceCd=150&Type=search", "url2": "https://www.tsukui.net/home-care/2679/" }, "geometry": { "type": "Point", "coordinates": [ 138.3821781, 34.935949700000016 ] } },
{ "type": "Feature", "properties": { "内容": "アブレイズリハビリセンターするが【通所介護】静岡県静岡市駿河区大谷3-29-12", "url": "https://www.kaigokensaku.mhlw.go.jp/22/index.php?action_kouhyou_detail_004_kani=true&JigyosyoCd=2274210075-00&ServiceCd=150&Type=search", "url2": "https://ablaze-reha.com/" }, "geometry": { "type": "Point", "coordinates": [ 138.436217199999987, 34.9497801 ] } },
{ "type": "Feature", "properties": { "内容": "デイサービスしんあい【通所介護】静岡県静岡市駿河区池田761番地", "url": "https://www.kaigokensaku.mhlw.go.jp/22/index.php?action_kouhyou_detail_004_kani=true&JigyosyoCd=2274210117-00&ServiceCd=150&Type=search", "url2": "https://www.shinaiwel.com" }, "geometry": { "type": "Point", "coordinates": [ 138.4239722, 34.9798131 ] } },
{ "type": "Feature", "properties": { "内容": "あいトレ新川【通所介護】静岡県静岡市駿河区新川2丁目6-6-2あいネットビル２階", "url": "https://www.kaigokensaku.mhlw.go.jp/22/index.php?action_kouhyou_detail_004_kani=true&JigyosyoCd=2274210141-00&ServiceCd=150&Type=search", "url2": "https://aitore.life/" }, "geometry": { "type": "Point", "coordinates": [ 138.384365800000012, 34.9619292 ] } },
{ "type": "Feature", "properties": { "内容": "デイサービスセンター丸子の里　ほん若【通所介護】丸子3000-1", "url": "https://www.kaigokensaku.mhlw.go.jp/22/index.php?action_kouhyou_detail_004_kani=true&JigyosyoCd=2274210281-00&ServiceCd=150&Type=search", "url2": "https://marikonosato.org/dayhonwaka.htm" }, "geometry": { "type": "Point", "coordinates": [ 138.329872599999987, 34.949294 ] } },
{ "type": "Feature", "properties": { "内容": "デイサービス福りは【通所介護】静岡県静岡市駿河区新川２－５－３５", "url": "https://www.kaigokensaku.mhlw.go.jp/22/index.php?action_kouhyou_detail_004_kani=true&JigyosyoCd=2274210620-00&ServiceCd=150&Type=search", "url2": "https://www.keito-fukusuke.jp" }, "geometry": { "type": "Point", "coordinates": [ 138.3851817, 34.9620949 ] } },
{ "type": "Feature", "properties": { "内容": "デイサービス福助の家【通所介護】静岡県静岡市駿河区高松1-1-27", "url": "https://www.kaigokensaku.mhlw.go.jp/22/index.php?action_kouhyou_detail_004_kani=true&JigyosyoCd=2274210844-00&ServiceCd=150&Type=search", "url2": "https://www.keito-fukusuke.jp" }, "geometry": { "type": "Point", "coordinates": [ 138.4158098, 34.9565674 ] } },
{ "type": "Feature", "properties": { "内容": "フォレスト小鹿商店街リハサロンもりのいえ【通所介護】静岡市駿河区小鹿1丁目5-18", "url": "https://www.kaigokensaku.mhlw.go.jp/22/index.php?action_kouhyou_detail_004_kani=true&JigyosyoCd=2274210893-00&ServiceCd=150&Type=search", "url2": "https://msc-care.co.jp/" }, "geometry": { "type": "Point", "coordinates": [ 138.415525078573609, 34.976054702366611 ] } },
{ "type": "Feature", "properties": { "内容": "静岡市社会福祉協議会デイサービスセンターエン・フレンテ【通所介護】静岡市駿河区中野新田349-1", "url": "https://www.kaigokensaku.mhlw.go.jp/22/index.php?action_kouhyou_detail_004_kani=true&JigyosyoCd=2274100037-00&ServiceCd=150&Type=search", "url2": "https://www.shizuoka-shakyo.or.jp/" }, "geometry": { "type": "Point", "coordinates": [ 138.387584899999979, 34.9499762 ] } },
{ "type": "Feature", "properties": { "内容": "デイサロンさくら【通所介護】静岡市駿河区中原４９８－１", "url": "https://www.kaigokensaku.mhlw.go.jp/22/index.php?action_kouhyou_detail_004_kani=true&JigyosyoCd=2274101308-00&ServiceCd=150&Type=search", "url2": null }, "geometry": { "type": "Point", "coordinates": [ 138.388070994524838, 34.955687698754055 ] } },
{ "type": "Feature", "properties": { "内容": "ホノホノ下島【通所介護】下島324", "url": "https://www.kaigokensaku.mhlw.go.jp/22/index.php?action_kouhyou_detail_004_kani=true&JigyosyoCd=2274211198-00&ServiceCd=150&Type=search", "url2": "https://wondersketch.net/" }, "geometry": { "type": "Point", "coordinates": [ 138.4105917, 34.9482363 ] } },
{ "type": "Feature", "properties": { "内容": "デイサービス　ドルフィンともえ【通所介護】静岡県静岡市駿河区用宗巴町1-7デイサービス　ドルフィンともえ", "url": "https://www.kaigokensaku.mhlw.go.jp/22/index.php?action_kouhyou_detail_004_kani=true&JigyosyoCd=2274209705-00&ServiceCd=150&Type=search", "url2": null }, "geometry": { "type": "Point", "coordinates": [ 138.36312013862306, 34.93178307110292 ] } },
{ "type": "Feature", "properties": { "内容": "アクタガワ　生活リハビリ静岡中央デイサービスセンター【通所介護】静岡市駿河区馬渕１－８－１", "url": "https://www.kaigokensaku.mhlw.go.jp/22/index.php?action_kouhyou_detail_004_kani=true&JigyosyoCd=2274100946-00&ServiceCd=150&Type=search", "url2": "https://akutagawa-dayservice.com/facilities/shizuokatyuuou/" }, "geometry": { "type": "Point", "coordinates": [ 138.384236159663374, 34.968639897002269 ] } },
{ "type": "Feature", "properties": { "内容": "デイサービス萌の家【通所介護】静岡県静岡市駿河区宮川39-20", "url": "https://www.kaigokensaku.mhlw.go.jp/22/index.php?action_kouhyou_detail_004_kani=true&JigyosyoCd=2274201967-00&ServiceCd=150&Type=search", "url2": "https://koyokai.net" }, "geometry": { "type": "Point", "coordinates": [ 138.425943282278467, 34.959317124802283 ] } },
{ "type": "Feature", "properties": { "内容": "アクタガワ　生活リハビリ八幡【通所介護】静岡県静岡市駿河区有東2-10-10", "url": "https://www.kaigokensaku.mhlw.go.jp/22/index.php?action_kouhyou_detail_004_kani=true&JigyosyoCd=2274208582-00&ServiceCd=150&Type=search", "url2": "https://akutagawa-dayservice.com/facilities/yahata/" }, "geometry": { "type": "Point", "coordinates": [ 138.40802926430851, 34.963279832449174 ] } },
{ "type": "Feature", "properties": { "内容": "通所介護そら【通所介護】静岡県静岡市清水区庵原町２１９－１８", "url": "https://www.kaigokensaku.mhlw.go.jp/22/index.php?action_kouhyou_detail_004_kani=true&JigyosyoCd=2273200358-00&ServiceCd=150&Type=search", "url2": "http://n-sora.org/" }, "geometry": { "type": "Point", "coordinates": [ 138.474422600000025, 35.0438925 ] } },
{ "type": "Feature", "properties": { "内容": "デイサービス庵原屋日和館【通所介護】江尻町4-41", "url": "https://www.kaigokensaku.mhlw.go.jp/22/index.php?action_kouhyou_detail_004_kani=true&JigyosyoCd=2274205588-00&ServiceCd=150&Type=search", "url2": "http://www.iharaya.com/" }, "geometry": { "type": "Point", "coordinates": [ 138.482489200000032, 35.0189513 ] } },
{ "type": "Feature", "properties": { "内容": "デイサービス　平和【通所介護】静岡市清水区西久保１丁目１２－１６", "url": "https://www.kaigokensaku.mhlw.go.jp/22/index.php?action_kouhyou_detail_004_kani=true&JigyosyoCd=2274204771-00&ServiceCd=150&Type=search", "url2": "htto://www.issei-novas.jp/" }, "geometry": { "type": "Point", "coordinates": [ 138.4846996, 35.0340551 ] } },
{ "type": "Feature", "properties": { "内容": "ふれあい荘【通所介護】静岡市清水区袖師町１０３１－１", "url": "https://www.kaigokensaku.mhlw.go.jp/22/index.php?action_kouhyou_detail_004_kani=true&JigyosyoCd=2274204649-00&ServiceCd=150&Type=search", "url2": "http://fureaisou.com/" }, "geometry": { "type": "Point", "coordinates": [ 138.492281597212695, 35.036701814839219 ] } },
{ "type": "Feature", "properties": { "内容": "リハビリ特化型デイサービス　カラダラボ清水【通所介護】静岡県静岡市清水区江尻東１丁目４番１号庄司テナントビル1F", "url": "https://www.kaigokensaku.mhlw.go.jp/22/index.php?action_kouhyou_detail_004_kani=true&JigyosyoCd=2274208871-00&ServiceCd=150&Type=search", "url2": "https://s-spread.com/" }, "geometry": { "type": "Point", "coordinates": [ 138.485040486508183, 35.023488660291939 ] } },
{ "type": "Feature", "properties": { "内容": "デイサービスセンターゆひもや【通所介護】静岡市清水区由比427-14", "url": "https://www.kaigokensaku.mhlw.go.jp/22/index.php?action_kouhyou_detail_004_kani=true&JigyosyoCd=2273100129-00&ServiceCd=150&Type=search", "url2": "http://www4.tokai.or.jp/yuimoya/" }, "geometry": { "type": "Point", "coordinates": [ 138.562840300000062, 35.1073369 ] } },
{ "type": "Feature", "properties": { "内容": "ケアサポートてつなぎ【通所介護】静岡市清水区西久保３１８", "url": "https://www.kaigokensaku.mhlw.go.jp/22/index.php?action_kouhyou_detail_004_kani=true&JigyosyoCd=2274203112-00&ServiceCd=150&Type=search", "url2": "http://sasaya1203.wix.com/tetsunagi" }, "geometry": { "type": "Point", "coordinates": [ 138.486542245368895, 35.03365772891987 ] } },
{ "type": "Feature", "properties": { "内容": "浜石の郷デイサービスセンター【通所介護】静岡市清水区由比阿僧１８９番地の１", "url": "https://www.kaigokensaku.mhlw.go.jp/22/index.php?action_kouhyou_detail_004_kani=true&JigyosyoCd=2273100046-00&ServiceCd=150&Type=search", "url2": "http://www.jishoukai.com" }, "geometry": { "type": "Point", "coordinates": [ 138.5568214, 35.11523 ] } },
{ "type": "Feature", "properties": { "内容": "スマイル日本平【通所介護】静岡県静岡市清水区宮加三191-3", "url": "https://www.kaigokensaku.mhlw.go.jp/22/index.php?action_kouhyou_detail_004_kani=true&JigyosyoCd=2274206024-00&ServiceCd=150&Type=search", "url2": "31nihondaira@smile-kaigo.co.jp" }, "geometry": { "type": "Point", "coordinates": [ 138.4867203, 34.9858798 ] } },
{ "type": "Feature", "properties": { "内容": "スマイル辻【通所介護】静岡市清水区辻4-10-29", "url": "https://www.kaigokensaku.mhlw.go.jp/22/index.php?action_kouhyou_detail_004_kani=true&JigyosyoCd=2274209846-00&ServiceCd=150&Type=search", "url2": null }, "geometry": { "type": "Point", "coordinates": [ 138.4853874, 35.0298389 ] } },
{ "type": "Feature", "properties": { "内容": "元気広場　清水銀座【通所介護】銀座１３－３０パルシティ１階", "url": "https://www.kaigokensaku.mhlw.go.jp/22/index.php?action_kouhyou_detail_004_kani=true&JigyosyoCd=2274205505-00&ServiceCd=150&Type=search", "url2": "http://www.genkihiroba.jp/" }, "geometry": { "type": "Point", "coordinates": [ 138.484164, 35.0188208 ] } },
{ "type": "Feature", "properties": { "内容": "TOKAIライフプラス株式会社　リフレア清水駒越【通所介護】静岡県静岡市清水区駒越中2丁目15-22", "url": "https://www.kaigokensaku.mhlw.go.jp/22/index.php?action_kouhyou_detail_004_kani=true&JigyosyoCd=2274204987-00&ServiceCd=150&Type=search", "url2": "https://www.refrea.net/" }, "geometry": { "type": "Point", "coordinates": [ 138.495342, 34.9776473 ] } },
{ "type": "Feature", "properties": { "内容": "居宅サービス事業所　眞内科クリニック【通所介護】静岡市清水区入江南町９番２４号眞内科クリニック", "url": "https://www.kaigokensaku.mhlw.go.jp/22/index.php?action_kouhyou_detail_004_kani=true&JigyosyoCd=2263290039-00&ServiceCd=150&Type=search", "url2": "http://shinnaika.jp/" }, "geometry": { "type": "Point", "coordinates": [ 138.478633493254051, 35.016551166927833 ] } },
{ "type": "Feature", "properties": { "内容": "ケアかんばら浜石の郷デイサービスセンター【通所介護】静岡市清水区堰沢４７６番地の１", "url": "https://www.kaigokensaku.mhlw.go.jp/22/index.php?action_kouhyou_detail_004_kani=true&JigyosyoCd=2273100145-00&ServiceCd=150&Type=search", "url2": "http://www.jisyoukai.com" }, "geometry": { "type": "Point", "coordinates": [ 138.5794555, 35.1150104 ] } },
{ "type": "Feature", "properties": { "内容": "巴の園デイサービスセンター【通所介護】静岡市清水区万世町１丁目１番３０号", "url": "https://www.kaigokensaku.mhlw.go.jp/22/index.php?action_kouhyou_detail_004_kani=true&JigyosyoCd=2273200010-00&ServiceCd=150&Type=search", "url2": "http://seiunkai-t.or.jp" }, "geometry": { "type": "Point", "coordinates": [ 138.486988900000028, 35.0131271 ] } },
{ "type": "Feature", "properties": { "内容": "あすなろの家指定通所介護事業所【通所介護】静岡市清水区山原８７１－２", "url": "https://www.kaigokensaku.mhlw.go.jp/22/index.php?action_kouhyou_detail_004_kani=true&JigyosyoCd=2273200028-00&ServiceCd=150&Type=search", "url2": "http://www.s-asunaro.net/" }, "geometry": { "type": "Point", "coordinates": [ 138.46189030000005, 35.0448892 ] } },
{ "type": "Feature", "properties": { "内容": "デイサービスセンター羽衣の園【通所介護】静岡市清水区折戸5丁目18番36号", "url": "https://www.kaigokensaku.mhlw.go.jp/22/index.php?action_kouhyou_detail_004_kani=true&JigyosyoCd=2273200044-00&ServiceCd=150&Type=search", "url2": "https://sei-sei-kai.jp/" }, "geometry": { "type": "Point", "coordinates": [ 138.518561200000022, 34.9900601 ] } },
{ "type": "Feature", "properties": { "内容": "静岡市社会福祉協議会デイサービスセンターはーとぴあ清水【通所介護】静岡市清水区宮代町1番1号", "url": "https://www.kaigokensaku.mhlw.go.jp/22/index.php?action_kouhyou_detail_004_kani=true&JigyosyoCd=2273200077-00&ServiceCd=150&Type=search", "url2": "http://www.shizuoka-shakyo．or．jp/" }, "geometry": { "type": "Point", "coordinates": [ 138.483827799999972, 35.0240396 ] } },
{ "type": "Feature", "properties": { "内容": "株式会社日本ケアサービス【通所介護】静岡市清水区南矢部565番地の3", "url": "https://www.kaigokensaku.mhlw.go.jp/22/index.php?action_kouhyou_detail_004_kani=true&JigyosyoCd=2273200119-00&ServiceCd=150&Type=search", "url2": null }, "geometry": { "type": "Point", "coordinates": [ 138.475040400000012, 34.9985284 ] } },
{ "type": "Feature", "properties": { "内容": "巴の園有度デイサービスセンター【通所介護】静岡市清水区草薙杉道３丁目１０番７号", "url": "https://www.kaigokensaku.mhlw.go.jp/22/index.php?action_kouhyou_detail_004_kani=true&JigyosyoCd=2273200135-00&ServiceCd=150&Type=search", "url2": "http://seiunkai-t.or.jp/" }, "geometry": { "type": "Point", "coordinates": [ 138.449264699999958, 35.0026272 ] } },
{ "type": "Feature", "properties": { "内容": "デイサービスセンターさつき【通所介護】相生町３－３鈴与新清水ビル１Ｆ", "url": "https://www.kaigokensaku.mhlw.go.jp/22/index.php?action_kouhyou_detail_004_kani=true&JigyosyoCd=2273200168-00&ServiceCd=150&Type=search", "url2": "http://www.suzuyocare.com" }, "geometry": { "type": "Point", "coordinates": [ 138.4878632, 35.0164424 ] } },
{ "type": "Feature", "properties": { "内容": "ニチイケアセンター清水【通所介護】静岡市清水区月見町１１－２７", "url": "https://www.kaigokensaku.mhlw.go.jp/22/index.php?action_kouhyou_detail_004_kani=true&JigyosyoCd=2273200192-00&ServiceCd=150&Type=search", "url2": "http;//www.nichiigakkan.co.jp" }, "geometry": { "type": "Point", "coordinates": [ 138.479528800000026, 35.0039446 ] } },
{ "type": "Feature", "properties": { "内容": "特別養護老人ホーム　白扇閣【通所介護】静岡市清水区承元寺町１３４１番地", "url": "https://www.kaigokensaku.mhlw.go.jp/22/index.php?action_kouhyou_detail_004_kani=true&JigyosyoCd=2273200267-00&ServiceCd=150&Type=search", "url2": "http://hakusenkaku.jp/" }, "geometry": { "type": "Point", "coordinates": [ 138.519269799999961, 35.082291 ] } },
{ "type": "Feature", "properties": { "内容": "デイサービスセンター柏尾の里【通所介護】静岡市清水区柏尾387番地の2", "url": "https://www.kaigokensaku.mhlw.go.jp/22/index.php?action_kouhyou_detail_004_kani=true&JigyosyoCd=2273200309-00&ServiceCd=150&Type=search", "url2": "http://www.shimizufukushikai.com" }, "geometry": { "type": "Point", "coordinates": [ 138.440853400000037, 35.0385143 ] } },
{ "type": "Feature", "properties": { "内容": "特別養護法人ホーム　レジデンス花　デイサービス【通所介護】静岡市清水区中河内2717番地", "url": "https://www.kaigokensaku.mhlw.go.jp/22/index.php?action_kouhyou_detail_004_kani=true&JigyosyoCd=2274200704-00&ServiceCd=150&Type=search", "url2": "http://hanazonokai.com" }, "geometry": { "type": "Point", "coordinates": [ 138.472371, 35.1336029 ] } },
{ "type": "Feature", "properties": { "内容": "百葉清水浪漫館【通所介護】静岡市清水区高橋２丁目９番地１５号", "url": "https://www.kaigokensaku.mhlw.go.jp/22/index.php?action_kouhyou_detail_004_kani=true&JigyosyoCd=2274202536-00&ServiceCd=150&Type=search", "url2": "http://blog.canpan.info/romankan/" }, "geometry": { "type": "Point", "coordinates": [ 138.470612100000039, 35.0304051 ] } },
{ "type": "Feature", "properties": { "内容": "デイサービスセンターひだまり【通所介護】静岡市清水区吉原1731", "url": "https://www.kaigokensaku.mhlw.go.jp/22/index.php?action_kouhyou_detail_004_kani=true&JigyosyoCd=2274202668-00&ServiceCd=150&Type=search", "url2": "http://www.t-komorebi.com/" }, "geometry": { "type": "Point", "coordinates": [ 138.464406100000019, 35.0832623 ] } },
{ "type": "Feature", "properties": { "内容": "リハビリデイサービスセンターかんばら【通所介護】静岡県静岡市清水区蒲原４丁目6-10", "url": "https://www.kaigokensaku.mhlw.go.jp/22/index.php?action_kouhyou_detail_004_kani=true&JigyosyoCd=2274203823-00&ServiceCd=150&Type=search", "url2": "http://ablaze-reha.com/" }, "geometry": { "type": "Point", "coordinates": [ 138.6062197, 35.1162632 ] } },
{ "type": "Feature", "properties": { "内容": "デイサービスセンターいはら【通所介護】庵原町５９４－２０", "url": "https://www.kaigokensaku.mhlw.go.jp/22/index.php?action_kouhyou_detail_004_kani=true&JigyosyoCd=2274204367-00&ServiceCd=150&Type=search", "url2": "http://www.suzuyocare.com" }, "geometry": { "type": "Point", "coordinates": [ 138.476644699999952, 35.0436009 ] } },
{ "type": "Feature", "properties": { "内容": "げんきひろば　さくらがおか【通所介護】清水区下清水町1-6-1", "url": "https://www.kaigokensaku.mhlw.go.jp/22/index.php?action_kouhyou_detail_004_kani=true&JigyosyoCd=2274205018-00&ServiceCd=150&Type=search", "url2": "http://www.genkihiroba.jp/c_6.html" }, "geometry": { "type": "Point", "coordinates": [ 138.481934969004641, 35.0093320409866 ] } },
{ "type": "Feature", "properties": { "内容": "デイサービスセンターなでしこ【通所介護】静岡県静岡市清水区谷津町1丁目1068", "url": "https://www.kaigokensaku.mhlw.go.jp/22/index.php?action_kouhyou_detail_004_kani=true&JigyosyoCd=2274205620-00&ServiceCd=150&Type=search", "url2": "http://www4.tokai.or.jp/nadeshiko/sp/" }, "geometry": { "type": "Point", "coordinates": [ 138.522475500000041, 35.0723145 ] } },
{ "type": "Feature", "properties": { "内容": "竜宮江尻台【通所介護】江尻台町5-3プラザハイツ清水", "url": "https://www.kaigokensaku.mhlw.go.jp/22/index.php?action_kouhyou_detail_004_kani=true&JigyosyoCd=2274206321-00&ServiceCd=150&Type=search", "url2": "https://urashima-ryugu.com/ryugu-ejiridai" }, "geometry": { "type": "Point", "coordinates": [ 138.477811699999961, 35.022170199999984 ] } },
{ "type": "Feature", "properties": { "内容": "清水ケアセンターそよ風【通所介護】静岡県静岡市能島25-1清水ケアセンターそよ風", "url": "https://www.kaigokensaku.mhlw.go.jp/22/index.php?action_kouhyou_detail_004_kani=true&JigyosyoCd=2274206446-00&ServiceCd=150&Type=search", "url2": "https://www.sykz.co.jp/" }, "geometry": { "type": "Point", "coordinates": [ 138.459209896434032, 35.026900240006348 ] } },
{ "type": "Feature", "properties": { "内容": "デイサービスセンター　リフレア清水村松【通所介護】静岡県静岡市清水区村松２２０２－６", "url": "https://www.kaigokensaku.mhlw.go.jp/22/index.php?action_kouhyou_detail_004_kani=true&JigyosyoCd=2274206511-00&ServiceCd=150&Type=search", "url2": "https://www.refrea.net/dayservice/muramatsu/" }, "geometry": { "type": "Point", "coordinates": [ 138.482396675893369, 34.994239380410377 ] } },
{ "type": "Feature", "properties": { "内容": "リフレア草薙【通所介護】静岡市清水区中之郷２丁目13番17号", "url": "https://www.kaigokensaku.mhlw.go.jp/22/index.php?action_kouhyou_detail_004_kani=true&JigyosyoCd=2274206941-00&ServiceCd=150&Type=search", "url2": "https://www.refrea.net/dayservice/kusanagi/" }, "geometry": { "type": "Point", "coordinates": [ 138.439412599999969, 34.9991134 ] } },
{ "type": "Feature", "properties": { "内容": "竜宮春日【通所介護】静岡県静岡市清水区春日2丁目5-17", "url": "https://www.kaigokensaku.mhlw.go.jp/22/index.php?action_kouhyou_detail_004_kani=true&JigyosyoCd=2274207089-00&ServiceCd=150&Type=search", "url2": "https://urashima-ryugu.com/ryugu-kasuga" }, "geometry": { "type": "Point", "coordinates": [ 138.47187370000006, 35.0100937 ] } },
{ "type": "Feature", "properties": { "内容": "かがやきデイサービス清水八坂【通所介護】静岡県静岡市清水区八坂北1-23-62", "url": "https://www.kaigokensaku.mhlw.go.jp/22/index.php?action_kouhyou_detail_004_kani=true&JigyosyoCd=2274207188-00&ServiceCd=150&Type=search", "url2": "http://www.ymmd-scc.jp/location/shimizuyasaka/" }, "geometry": { "type": "Point", "coordinates": [ 138.4740117, 35.0356296 ] } },
{ "type": "Feature", "properties": { "内容": "デイサービス絆寿　七ッ新屋【通所介護】七ッ新屋２－７－６", "url": "https://www.kaigokensaku.mhlw.go.jp/22/index.php?action_kouhyou_detail_004_kani=true&JigyosyoCd=2274207246-00&ServiceCd=150&Type=search", "url2": null }, "geometry": { "type": "Point", "coordinates": [ 138.450403300000062, 35.0093487 ] } },
{ "type": "Feature", "properties": { "内容": "デイサービスはますか【通所介護】静岡県静岡市清水区駒越中一丁目17-18", "url": "https://www.kaigokensaku.mhlw.go.jp/22/index.php?action_kouhyou_detail_004_kani=true&JigyosyoCd=2274207501-00&ServiceCd=150&Type=search", "url2": null }, "geometry": { "type": "Point", "coordinates": [ 138.500644542466745, 34.977398379509083 ] } },
{ "type": "Feature", "properties": { "内容": "デイサービス季の結び【通所介護】静岡県静岡市清水区天神１丁目７番７号", "url": "https://www.kaigokensaku.mhlw.go.jp/22/index.php?action_kouhyou_detail_004_kani=true&JigyosyoCd=2274208533-00&ServiceCd=150&Type=search", "url2": "http://selfishcaresupport.co.jp/" }, "geometry": { "type": "Point", "coordinates": [ 138.479786399999966, 35.0263781 ] } },
{ "type": "Feature", "properties": { "内容": "リハビリデイ匠音【通所介護】静岡県静岡市清水区中之郷1-1-18", "url": "https://www.kaigokensaku.mhlw.go.jp/22/index.php?action_kouhyou_detail_004_kani=true&JigyosyoCd=2274208723-00&ServiceCd=150&Type=search", "url2": "http://www.generous.co.jp/" }, "geometry": { "type": "Point", "coordinates": [ 138.441398194442741, 34.999793511430582 ] } },
{ "type": "Feature", "properties": { "内容": "デイサービス未来　向田【通所介護】静岡県静岡市清水区向田町12-1", "url": "https://www.kaigokensaku.mhlw.go.jp/22/index.php?action_kouhyou_detail_004_kani=true&JigyosyoCd=2274208830-00&ServiceCd=150&Type=search", "url2": "mirai-mukaida.com" }, "geometry": { "type": "Point", "coordinates": [ 138.482081500000049, 34.9970981 ] } },
{ "type": "Feature", "properties": { "内容": "おきつデイサービスセンター【通所介護】興津中町275-3", "url": "https://www.kaigokensaku.mhlw.go.jp/22/index.php?action_kouhyou_detail_004_kani=true&JigyosyoCd=2274209259-00&ServiceCd=150&Type=search", "url2": "http://medical-tokai.com/" }, "geometry": { "type": "Point", "coordinates": [ 138.52552860000003, 35.0533002 ] } },
{ "type": "Feature", "properties": { "内容": "おきつアリーナ【通所介護】八木間町815-1", "url": "https://www.kaigokensaku.mhlw.go.jp/22/index.php?action_kouhyou_detail_004_kani=true&JigyosyoCd=2274209267-00&ServiceCd=150&Type=search", "url2": null }, "geometry": { "type": "Point", "coordinates": [ 138.523370099999966, 35.066693 ] } },
{ "type": "Feature", "properties": { "内容": "アブレイズリハビリセンターくさなぎ【通所介護】静岡県静岡市清水区長崎南町10番地32号", "url": "https://www.kaigokensaku.mhlw.go.jp/22/index.php?action_kouhyou_detail_004_kani=true&JigyosyoCd=2274209440-00&ServiceCd=150&Type=search", "url2": "http://ablaze-reha.com/" }, "geometry": { "type": "Point", "coordinates": [ 138.446033899999946, 35.0074192 ] } },
{ "type": "Feature", "properties": { "内容": "あいトレ追分Pro【通所介護】静岡県静岡市清水区追分2丁目1-11", "url": "https://www.kaigokensaku.mhlw.go.jp/22/index.php?action_kouhyou_detail_004_kani=true&JigyosyoCd=2274209481-00&ServiceCd=150&Type=search", "url2": "https://aitore.life" }, "geometry": { "type": "Point", "coordinates": [ 138.4741967, 35.0149687 ] } },
{ "type": "Feature", "properties": { "内容": "ツクイ清水渋川【通所介護】渋川2-9-6", "url": "https://www.kaigokensaku.mhlw.go.jp/22/index.php?action_kouhyou_detail_004_kani=true&JigyosyoCd=2274209978-00&ServiceCd=150&Type=search", "url2": "tsukui.net" }, "geometry": { "type": "Point", "coordinates": [ 138.4674819, 35.0191696 ] } },
{ "type": "Feature", "properties": { "内容": "シンシア清水デイサービス【通所介護】静岡県静岡市清水区押切1843", "url": "https://www.kaigokensaku.mhlw.go.jp/22/index.php?action_kouhyou_detail_004_kani=true&JigyosyoCd=2274210265-00&ServiceCd=150&Type=search", "url2": "https://sincere-gri.com/034_shimizuds/index.html" }, "geometry": { "type": "Point", "coordinates": [ 138.4543081, 35.036052 ] } },
{ "type": "Feature", "properties": { "内容": "ともしび【通所介護】静岡市清水区西久保30-4", "url": "https://www.kaigokensaku.mhlw.go.jp/22/index.php?action_kouhyou_detail_004_kani=true&JigyosyoCd=2274210398-00&ServiceCd=150&Type=search", "url2": null }, "geometry": { "type": "Point", "coordinates": [ 138.478445572352626, 35.039255416130786 ] } },
{ "type": "Feature", "properties": { "内容": "デイサービスティフォン【通所介護】静岡県静岡市巴町５番１号川島パーキングビル２F", "url": "https://www.kaigokensaku.mhlw.go.jp/22/index.php?action_kouhyou_detail_004_kani=true&JigyosyoCd=2274210968-00&ServiceCd=150&Type=search", "url2": null }, "geometry": { "type": "Point", "coordinates": [ 138.4868668, 35.0169853 ] } },
{ "type": "Feature", "properties": { "内容": "きたえるーむ静岡船越【通所介護】静岡県静岡市清水区船越南町792番地の１", "url": "https://www.kaigokensaku.mhlw.go.jp/22/index.php?action_kouhyou_detail_004_kani=true&JigyosyoCd=2274211438-00&ServiceCd=150&Type=search", "url2": null }, "geometry": { "type": "Point", "coordinates": [ 138.472177499999987, 34.9997266 ] } },
{ "type": "Feature", "properties": { "内容": "デイサービス福助清水【通所介護】静岡県静岡市清水区平川地17-21", "url": "https://www.kaigokensaku.mhlw.go.jp/22/index.php?action_kouhyou_detail_004_kani=true&JigyosyoCd=2274210505-00&ServiceCd=150&Type=search", "url2": "http://www.keito-fukusuke.jp" }, "geometry": { "type": "Point", "coordinates": [ 138.461144330688484, 35.009933320848155 ] } },
{ "type": "Feature", "properties": { "内容": "デイサービス　有度の里【通所介護】静岡市清水区長崎新田３１１", "url": "https://www.kaigokensaku.mhlw.go.jp/22/index.php?action_kouhyou_detail_004_kani=true&JigyosyoCd=2274200167-00&ServiceCd=150&Type=search", "url2": "http://www.udonosato.com/" }, "geometry": { "type": "Point", "coordinates": [ 138.44835050000006, 35.0166922 ] } },
{ "type": "Feature", "properties": { "内容": "生活介護事業所YOLO【通所介護】静岡県静岡市清水区長崎1147-1", "url": "https://www.kaigokensaku.mhlw.go.jp/22/index.php?action_kouhyou_detail_004_kani=true&JigyosyoCd=2274211313-00&ServiceCd=150&Type=search", "url2": "https://timugukuru.localinfo.jp/" }, "geometry": { "type": "Point", "coordinates": [ 138.4448481, 35.0186821 ] } },
{ "type": "Feature", "properties": { "内容": "静岡市社会福祉協議会　デイサービスセンターすこやか【通所介護】静岡市清水区蒲原721－4", "url": "https://www.kaigokensaku.mhlw.go.jp/22/index.php?action_kouhyou_detail_004_kani=true&JigyosyoCd=2273100012-00&ServiceCd=150&Type=search", "url2": "http://www.shizuoka-shakyo.or.jp" }, "geometry": { "type": "Point", "coordinates": [ 138.608675100000028, 35.1180464 ] } },
{ "type": "Feature", "properties": { "内容": "アクタガワ　生活リハビリ御門台【通所介護】静岡市清水区七ツ新屋2-1-28", "url": "https://www.kaigokensaku.mhlw.go.jp/22/index.php?action_kouhyou_detail_004_kani=true&JigyosyoCd=2273200416-00&ServiceCd=150&Type=search", "url2": "https://akutagawa-dayservice.com/facilities/mikadodai/" }, "geometry": { "type": "Point", "coordinates": [ 138.452047599999986, 35.0111596 ] } },
{ "type": "Feature", "properties": { "内容": "アクタガワ　生活リハビリ押切【通所介護】静岡県静岡市清水区押切845-2", "url": "https://www.kaigokensaku.mhlw.go.jp/22/index.php?action_kouhyou_detail_004_kani=true&JigyosyoCd=2274207048-00&ServiceCd=150&Type=search", "url2": "https://akutagawa-dayservice.com/facilities/oshikiri/" }, "geometry": { "type": "Point", "coordinates": [ 138.456769543685908, 35.028059001703497 ] } },
{ "type": "Feature", "properties": { "内容": "上島ハーモニータウンデイサービスセンター【通所介護】浜松市中区上島1-8-53オンリーワン", "url": "https://www.kaigokensaku.mhlw.go.jp/22/index.php?action_kouhyou_detail_004_kani=true&JigyosyoCd=2277102154-00&ServiceCd=150&Type=search", "url2": "http://wellnesssupport.jp/facility/kamijima.php" }, "geometry": { "type": "Point", "coordinates": [ 137.738787799999955, 34.7370681 ] } },
{ "type": "Feature", "properties": { "内容": "デイサービス　ほのぼの　櫻苑【通所介護】静岡県浜松市中区北寺島町２０６－２３番地", "url": "https://www.kaigokensaku.mhlw.go.jp/22/index.php?action_kouhyou_detail_004_kani=true&JigyosyoCd=2277200495-00&ServiceCd=150&Type=search", "url2": null }, "geometry": { "type": "Point", "coordinates": [ 137.744127899999967, 34.7036412 ] } },
{ "type": "Feature", "properties": { "内容": "レッツ倶楽部浜松浜北【通所介護】東美薗２１３", "url": "https://www.kaigokensaku.mhlw.go.jp/22/index.php?action_kouhyou_detail_004_kani=true&JigyosyoCd=2277206369-00&ServiceCd=150&Type=search", "url2": "https://www.lets-club.jp/shop/hamamatsuhamakita/" }, "geometry": { "type": "Point", "coordinates": [ 137.8028621, 34.7929988 ] } },
{ "type": "Feature", "properties": { "内容": "いきいきクラブ中島【通所介護】静岡県浜松市中区中島3-10-31", "url": "https://www.kaigokensaku.mhlw.go.jp/22/index.php?action_kouhyou_detail_004_kani=true&JigyosyoCd=2277204588-00&ServiceCd=150&Type=search", "url2": "http://www.dolsgroup.com/home.html" }, "geometry": { "type": "Point", "coordinates": [ 137.746136495071795, 34.698403324931419 ] } },
{ "type": "Feature", "properties": { "内容": "医療法人社団友成医院デイサービスセンター【通所介護】浜松市東区豊町2756-3", "url": "https://www.kaigokensaku.mhlw.go.jp/22/index.php?action_kouhyou_detail_004_kani=true&JigyosyoCd=2217111778-00&ServiceCd=150&Type=search", "url2": null }, "geometry": { "type": "Point", "coordinates": [ 137.803152400000045, 34.7699225 ] } },
{ "type": "Feature", "properties": { "内容": "デイサービスセンターあかい実【通所介護】浜松市北区三方原町５６６－１", "url": "https://www.kaigokensaku.mhlw.go.jp/22/index.php?action_kouhyou_detail_004_kani=true&JigyosyoCd=2277103178-00&ServiceCd=150&Type=search", "url2": null }, "geometry": { "type": "Point", "coordinates": [ 137.709187685844427, 34.774175338206966 ] } },
{ "type": "Feature", "properties": { "内容": "デイサービス潮の風【通所介護】浜松市西区舞阪町長十新田98-1", "url": "https://www.kaigokensaku.mhlw.go.jp/22/index.php?action_kouhyou_detail_004_kani=true&JigyosyoCd=2277103293-00&ServiceCd=150&Type=search", "url2": "https://medicalsanjinkai.jp/" }, "geometry": { "type": "Point", "coordinates": [ 137.613176399999929, 34.6822483 ] } },
{ "type": "Feature", "properties": { "内容": "和合愛光園デイサービスセンター【通所介護】浜松市中区和合町555番地", "url": "https://www.kaigokensaku.mhlw.go.jp/22/index.php?action_kouhyou_detail_004_kani=true&JigyosyoCd=2277100158-00&ServiceCd=150&Type=search", "url2": "http://www.seirei.or.jp/elderlyhome/wagou/indexhtml" }, "geometry": { "type": "Point", "coordinates": [ 137.701492899999948, 34.7422639 ] } },
{ "type": "Feature", "properties": { "内容": "共生型デイサービス幸【通所介護】静岡県浜松市中区曳馬６丁目２２－１９1階", "url": "https://www.kaigokensaku.mhlw.go.jp/22/index.php?action_kouhyou_detail_004_kani=true&JigyosyoCd=2277205809-00&ServiceCd=150&Type=search", "url2": "https://www.genkiyume.com/" }, "geometry": { "type": "Point", "coordinates": [ 137.7362752, 34.7380627 ] } },
{ "type": "Feature", "properties": { "内容": "ツクイ浜松南若林【通所介護】静岡県浜松市南区若林町1277-1", "url": "https://www.kaigokensaku.mhlw.go.jp/22/index.php?action_kouhyou_detail_004_kani=true&JigyosyoCd=2277205676-00&ServiceCd=150&Type=search", "url2": "http://www.tsukui.net/" }, "geometry": { "type": "Point", "coordinates": [ 137.7131186, 34.6882353 ] } },
{ "type": "Feature", "properties": { "内容": "通所介護事業所上大瀬【通所介護】静岡県浜松市東区大島町959-1", "url": "https://www.kaigokensaku.mhlw.go.jp/22/index.php?action_kouhyou_detail_004_kani=true&JigyosyoCd=2277203762-00&ServiceCd=150&Type=search", "url2": "http://www.youshoukai.or.jp/" }, "geometry": { "type": "Point", "coordinates": [ 137.781963499999961, 34.7662136 ] } },
{ "type": "Feature", "properties": { "内容": "通所介護事業所いずみ【通所介護】浜松市中区泉4丁目20番地の1", "url": "https://www.kaigokensaku.mhlw.go.jp/22/index.php?action_kouhyou_detail_004_kani=true&JigyosyoCd=2277203770-00&ServiceCd=150&Type=search", "url2": "http://www.youshoukai.or.jp/" }, "geometry": { "type": "Point", "coordinates": [ 137.719292528450097, 34.74805310499783 ] } },
{ "type": "Feature", "properties": { "内容": "TREE和合【通所介護】静岡県浜松市中央区和合町936-219", "url": "https://www.kaigokensaku.mhlw.go.jp/22/index.php?action_kouhyou_detail_004_kani=true&JigyosyoCd=2277206641-00&ServiceCd=150&Type=search", "url2": "https://ubcare.co.jp/" }, "geometry": { "type": "Point", "coordinates": [ 137.7069174, 34.7393211 ] } },
{ "type": "Feature", "properties": { "内容": "一空園デイサービスセンター【通所介護】浜松市中央区安新町38番地の1", "url": "https://www.kaigokensaku.mhlw.go.jp/22/index.php?action_kouhyou_detail_004_kani=true&JigyosyoCd=2277100083-00&ServiceCd=150&Type=search", "url2": "http://www.hashoukai.jp" }, "geometry": { "type": "Point", "coordinates": [ 137.790051746968004, 34.726130573340875 ] } },
{ "type": "Feature", "properties": { "内容": "ニチイケアセンター南浜松【通所介護】浜松市中央区三和町776-1", "url": "https://www.kaigokensaku.mhlw.go.jp/22/index.php?action_kouhyou_detail_004_kani=true&JigyosyoCd=2277102261-00&ServiceCd=150&Type=search", "url2": "http://www.nichiigakkan.co.jp" }, "geometry": { "type": "Point", "coordinates": [ 137.772564500000044, 34.7019122 ] } },
{ "type": "Feature", "properties": { "内容": "デイサービス藤乃花【通所介護】静岡県浜松市中央区幸四丁目21番1号", "url": "https://www.kaigokensaku.mhlw.go.jp/22/index.php?action_kouhyou_detail_004_kani=true&JigyosyoCd=2277204299-00&ServiceCd=150&Type=search", "url2": "https://www.fujihanakai.com/tokuyou/" }, "geometry": { "type": "Point", "coordinates": [ 137.72971, 34.7440589 ] } },
{ "type": "Feature", "properties": { "内容": "富塚パークタウンデイサービスセンター【通所介護】浜松市中区富塚町１９３３－１佐鳴湖パークタウンサウス１Ａ", "url": "https://www.kaigokensaku.mhlw.go.jp/22/index.php?action_kouhyou_detail_004_kani=true&JigyosyoCd=2277101453-00&ServiceCd=150&Type=search", "url2": "http://wellnesssupport.jp/" }, "geometry": { "type": "Point", "coordinates": [ 137.699970756483481, 34.721967953581029 ] } },
{ "type": "Feature", "properties": { "内容": "デイサービス　すばる和合の庄【通所介護】和合町220-2571", "url": "https://www.kaigokensaku.mhlw.go.jp/22/index.php?action_kouhyou_detail_004_kani=true&JigyosyoCd=2277203978-00&ServiceCd=150&Type=search", "url2": "http://pleiades-wagou.jp" }, "geometry": { "type": "Point", "coordinates": [ 137.706050799999957, 34.7423557 ] } },
{ "type": "Feature", "properties": { "内容": "デイサービスアビリティ佐鳴台【通所介護】静岡県浜松市中央区佐鳴台1-15-31", "url": "https://www.kaigokensaku.mhlw.go.jp/22/index.php?action_kouhyou_detail_004_kani=true&JigyosyoCd=2277205338-00&ServiceCd=150&Type=search", "url2": "https://www.ability-hamamatsu.com/" }, "geometry": { "type": "Point", "coordinates": [ 137.7024219, 34.70475 ] } },
{ "type": "Feature", "properties": { "内容": "ﾃﾞｲｻｰﾋﾞｽｾﾝﾀｰあかい実【通所介護】静岡県浜松市北区三方原町566-1", "url": "https://www.kaigokensaku.mhlw.go.jp/22/index.php?action_kouhyou_detail_004_kani=true&JigyosyoCd=2277206088-00&ServiceCd=150&Type=search", "url2": "https://www.ｐrosperlife.jp/akaimi" }, "geometry": { "type": "Point", "coordinates": [ 137.70919, 34.7741879 ] } },
{ "type": "Feature", "properties": { "内容": "デイサービスセンターいちご一会【通所介護】静岡県浜松市中央区富塚町1550-1", "url": "https://www.kaigokensaku.mhlw.go.jp/22/index.php?action_kouhyou_detail_004_kani=true&JigyosyoCd=2277204869-00&ServiceCd=150&Type=search", "url2": "http://s-ichigo-ichie.com" }, "geometry": { "type": "Point", "coordinates": [ 137.710950700000012, 34.7324154 ] } },
{ "type": "Feature", "properties": { "内容": "コンパスウォーク浜松東【通所介護】上新屋町238-27", "url": "https://www.kaigokensaku.mhlw.go.jp/22/index.php?action_kouhyou_detail_004_kani=true&JigyosyoCd=2277205585-00&ServiceCd=150&Type=search", "url2": null }, "geometry": { "type": "Point", "coordinates": [ 137.7540683, 34.7301924 ] } },
{ "type": "Feature", "properties": { "内容": "わごうケアセンターそよ風【通所介護】和合町9番地の5", "url": "https://www.kaigokensaku.mhlw.go.jp/22/index.php?action_kouhyou_detail_004_kani=true&JigyosyoCd=2277205841-00&ServiceCd=150&Type=search", "url2": null }, "geometry": { "type": "Point", "coordinates": [ 137.7154895, 34.732163 ] } },
{ "type": "Feature", "properties": { "内容": "デイサービス　えがおの樹【通所介護】浜松市中区中央１－５－２１", "url": "https://www.kaigokensaku.mhlw.go.jp/22/index.php?action_kouhyou_detail_004_kani=true&JigyosyoCd=2277201089-00&ServiceCd=150&Type=search", "url2": null }, "geometry": { "type": "Point", "coordinates": [ 137.735691800000041, 34.7129483 ] } },
{ "type": "Feature", "properties": { "内容": "デイサービスリゾートアロハ浜松新橋【通所介護】静岡県浜松市中央区新橋町398", "url": "https://www.kaigokensaku.mhlw.go.jp/22/index.php?action_kouhyou_detail_004_kani=true&JigyosyoCd=2277206815-00&ServiceCd=150&Type=search", "url2": null }, "geometry": { "type": "Point", "coordinates": [ 137.6998367, 34.6846594 ] } },
{ "type": "Feature", "properties": { "内容": "指定通所介護事業所砂丘荘【通所介護】浜松市南区田尻町１２００番地", "url": "https://www.kaigokensaku.mhlw.go.jp/22/index.php?action_kouhyou_detail_004_kani=true&JigyosyoCd=2277100604-00&ServiceCd=150&Type=search", "url2": "http://mitsuwakai-sunaoka.jp" }, "geometry": { "type": "Point", "coordinates": [ 137.7240356, 34.666834800000018 ] } },
{ "type": "Feature", "properties": { "内容": "ニチイケアセンター浜松【通所介護】浜松市中央区半田山4-23-21", "url": "https://www.kaigokensaku.mhlw.go.jp/22/index.php?action_kouhyou_detail_004_kani=true&JigyosyoCd=2277100951-00&ServiceCd=150&Type=search", "url2": "http://www.nichiigakkan.co.jp" }, "geometry": { "type": "Point", "coordinates": [ 137.743562257672124, 34.773891242569164 ] } },
{ "type": "Feature", "properties": { "内容": "三和デイサービス機能訓練センター【通所介護】浜松市南区三和町492-2", "url": "https://www.kaigokensaku.mhlw.go.jp/22/index.php?action_kouhyou_detail_004_kani=true&JigyosyoCd=2277102592-00&ServiceCd=150&Type=search", "url2": null }, "geometry": { "type": "Point", "coordinates": [ 137.76887320000003, 34.7033951 ] } },
{ "type": "Feature", "properties": { "内容": "松城デイサービスセンター【通所介護】浜松市中央区松城町２１１番８号", "url": "https://www.kaigokensaku.mhlw.go.jp/22/index.php?action_kouhyou_detail_004_kani=true&JigyosyoCd=2277103533-00&ServiceCd=150&Type=search", "url2": "https://www.sankoukai.or.jp" }, "geometry": { "type": "Point", "coordinates": [ 137.724385200000029, 34.7096195 ] } },
{ "type": "Feature", "properties": { "内容": "レッツリハビリデイサービスセンター浜松中央【通所介護】静岡県浜松市中央区早出町１２５９－１８", "url": "https://www.kaigokensaku.mhlw.go.jp/22/index.php?action_kouhyou_detail_004_kani=true&JigyosyoCd=2277201337-00&ServiceCd=150&Type=search", "url2": "https://lets-reha.com/" }, "geometry": { "type": "Point", "coordinates": [ 137.75126839999993, 34.7248 ] } },
{ "type": "Feature", "properties": { "内容": "デイサービスセンター・ショートステイ「てとて」【通所介護】浜松市中区北寺島町２１５－４", "url": "https://www.kaigokensaku.mhlw.go.jp/22/index.php?action_kouhyou_detail_004_kani=true&JigyosyoCd=2277202350-00&ServiceCd=150&Type=search", "url2": "http://te10te.site/" }, "geometry": { "type": "Point", "coordinates": [ 137.741386299999931, 34.7049132 ] } },
{ "type": "Feature", "properties": { "内容": "シンフォニー【通所介護】小豆餅４丁目１番１８号", "url": "https://www.kaigokensaku.mhlw.go.jp/22/index.php?action_kouhyou_detail_004_kani=true&JigyosyoCd=2277202947-00&ServiceCd=150&Type=search", "url2": "www.youmore.sakura.ne.jp" }, "geometry": { "type": "Point", "coordinates": [ 137.73040130000004, 34.7505277 ] } },
{ "type": "Feature", "properties": { "内容": "デイサービスビーフィット浜松【通所介護】葵西五丁目2番2号", "url": "https://www.kaigokensaku.mhlw.go.jp/22/index.php?action_kouhyou_detail_004_kani=true&JigyosyoCd=2277203309-00&ServiceCd=150&Type=search", "url2": null }, "geometry": { "type": "Point", "coordinates": [ 137.705582837304831, 34.775278031515604 ] } },
{ "type": "Feature", "properties": { "内容": "ツクイ浜松曳馬【通所介護】静岡県浜松市中央区曳馬2-14-16", "url": "https://www.kaigokensaku.mhlw.go.jp/22/index.php?action_kouhyou_detail_004_kani=true&JigyosyoCd=2277205643-00&ServiceCd=150&Type=search", "url2": "https://www.tsukui.net/" }, "geometry": { "type": "Point", "coordinates": [ 137.7414123, 34.7285761 ] } },
{ "type": "Feature", "properties": { "内容": "三幸の園デイサービスセンター【通所介護】静岡県浜松市中央区大平台１丁目３４番３０号", "url": "https://www.kaigokensaku.mhlw.go.jp/22/index.php?action_kouhyou_detail_004_kani=true&JigyosyoCd=2277100174-00&ServiceCd=150&Type=search", "url2": "https://www.sankoukai.or.jp./" }, "geometry": { "type": "Point", "coordinates": [ 137.682829099999907, 34.718683 ] } },
{ "type": "Feature", "properties": { "内容": "第二長上苑デイサービスセンター【通所介護】浜松市東区中田町５９０", "url": "https://www.kaigokensaku.mhlw.go.jp/22/index.php?action_kouhyou_detail_004_kani=true&JigyosyoCd=2277102865-00&ServiceCd=150&Type=search", "url2": "http://www.jade.dti.ne.jp/^ngkm" }, "geometry": { "type": "Point", "coordinates": [ 137.759648, 34.7364517 ] } },
{ "type": "Feature", "properties": { "内容": "おかやま内科　デイサービス【通所介護】静岡県浜松市中央区入野町６１４２－１", "url": "https://www.kaigokensaku.mhlw.go.jp/22/index.php?action_kouhyou_detail_004_kani=true&JigyosyoCd=2277200479-00&ServiceCd=150&Type=search", "url2": "https://okayama-day.wixsite.com/my-site-1" }, "geometry": { "type": "Point", "coordinates": [ 137.691733765737041, 34.698181712823526 ] } },
{ "type": "Feature", "properties": { "内容": "ツクイ浜松北島【通所介護】静岡県浜松市東区北島町743番地の1", "url": "https://www.kaigokensaku.mhlw.go.jp/22/index.php?action_kouhyou_detail_004_kani=true&JigyosyoCd=2277206419-00&ServiceCd=150&Type=search", "url2": null }, "geometry": { "type": "Point", "coordinates": [ 137.7824162, 34.7281111 ] } },
{ "type": "Feature", "properties": { "内容": "デイサービスセンターあいの街上島【通所介護】浜松市中央区上島５丁目１２番１号", "url": "https://www.kaigokensaku.mhlw.go.jp/22/index.php?action_kouhyou_detail_004_kani=true&JigyosyoCd=2277202293-00&ServiceCd=150&Type=search", "url2": "www.aicare.co.jp" }, "geometry": { "type": "Point", "coordinates": [ 137.7436117925904, 34.743148095 ] } },
{ "type": "Feature", "properties": { "内容": "浜松中央長上苑デイサービスセンター【通所介護】静岡県浜松市中区中島二丁目７番１号", "url": "https://www.kaigokensaku.mhlw.go.jp/22/index.php?action_kouhyou_detail_004_kani=true&JigyosyoCd=2277203275-00&ServiceCd=150&Type=search", "url2": "https://www.nanakeikai.jp/" }, "geometry": { "type": "Point", "coordinates": [ 137.746037111639453, 34.701561912386246 ] } },
{ "type": "Feature", "properties": { "内容": "デイサービスセンター　アカラ【通所介護】静岡県浜松市中央区新橋町1180番地", "url": "https://www.kaigokensaku.mhlw.go.jp/22/index.php?action_kouhyou_detail_004_kani=true&JigyosyoCd=2277204737-00&ServiceCd=150&Type=search", "url2": "links-fukushi.com" }, "geometry": { "type": "Point", "coordinates": [ 137.71657997786258, 34.680951802007478 ] } },
{ "type": "Feature", "properties": { "内容": "ラクラス上島デイサービス【通所介護】静岡県浜松市中央区上島3丁目37－19", "url": "https://www.kaigokensaku.mhlw.go.jp/22/index.php?action_kouhyou_detail_004_kani=true&JigyosyoCd=2277200818-00&ServiceCd=150&Type=search", "url2": "http://www.entetsu.co.jp/la-class/index.html" }, "geometry": { "type": "Point", "coordinates": [ 137.74560120000001, 34.7405066 ] } },
{ "type": "Feature", "properties": { "内容": "ラクラス富塚【通所介護】静岡県浜松市中央区富塚町848-2", "url": "https://www.kaigokensaku.mhlw.go.jp/22/index.php?action_kouhyou_detail_004_kani=true&JigyosyoCd=2277201873-00&ServiceCd=150&Type=search", "url2": "http://www.entetsu.co.jp/la-class/" }, "geometry": { "type": "Point", "coordinates": [ 137.705834800000048, 34.7263937 ] } },
{ "type": "Feature", "properties": { "内容": "ラクラス中島【通所介護】静岡県浜松市中央区中島2丁目11-47", "url": "https://www.kaigokensaku.mhlw.go.jp/22/index.php?action_kouhyou_detail_004_kani=true&JigyosyoCd=2277202244-00&ServiceCd=150&Type=search", "url2": "http://www.entetsu.co.jp/la-class" }, "geometry": { "type": "Point", "coordinates": [ 137.747066563754288, 34.700874577442754 ] } },
{ "type": "Feature", "properties": { "内容": "ラクラス葵西デイサービス【通所介護】静岡県浜松市中央区葵西4-8-11", "url": "https://www.kaigokensaku.mhlw.go.jp/22/index.php?action_kouhyou_detail_004_kani=true&JigyosyoCd=2277203655-00&ServiceCd=150&Type=search", "url2": "http://www.entetsu.co.jp/la-class" }, "geometry": { "type": "Point", "coordinates": [ 137.704367, 34.7733793 ] } },
{ "type": "Feature", "properties": { "内容": "ラクラス志都呂デイサービス【通所介護】静岡県浜松市中央区志都呂2-30-7", "url": "https://www.kaigokensaku.mhlw.go.jp/22/index.php?action_kouhyou_detail_004_kani=true&JigyosyoCd=2277204539-00&ServiceCd=150&Type=search", "url2": "http://www.entetsu.co.jp/la-class/" }, "geometry": { "type": "Point", "coordinates": [ 137.647172400000045, 34.7001535 ] } },
{ "type": "Feature", "properties": { "内容": "ラクラス西ヶ崎デイサービス【通所介護】静岡県浜松市中央区西ヶ崎町1421-1", "url": "https://www.kaigokensaku.mhlw.go.jp/22/index.php?action_kouhyou_detail_004_kani=true&JigyosyoCd=2277205528-00&ServiceCd=150&Type=search", "url2": "http://www.entetsu.co.jp/la-class/" }, "geometry": { "type": "Point", "coordinates": [ 137.762882900000022, 34.7754001 ] } },
{ "type": "Feature", "properties": { "内容": "ラクラス笠井デイサービス【通所介護】静岡県浜松市中央区笠井上町282", "url": "https://www.kaigokensaku.mhlw.go.jp/22/index.php?action_kouhyou_detail_004_kani=true&JigyosyoCd=2277206096-00&ServiceCd=150&Type=search", "url2": "https://www.la-class.jp/dayservice/kasai/" }, "geometry": { "type": "Point", "coordinates": [ 137.7989098, 34.7761954 ] } },
{ "type": "Feature", "properties": { "内容": "あおぞらライフデイサービス【通所介護】浜松市中央区大蒲町74-6", "url": "https://www.kaigokensaku.mhlw.go.jp/22/index.php?action_kouhyou_detail_004_kani=true&JigyosyoCd=2277101561-00&ServiceCd=150&Type=search", "url2": "http://www.ishigakinaika.jp/" }, "geometry": { "type": "Point", "coordinates": [ 137.763265, 34.7150795 ] } },
{ "type": "Feature", "properties": { "内容": "おおるり富塚　デイサービスセンター【通所介護】静岡県浜松市中区富塚町1222-309", "url": "https://www.kaigokensaku.mhlw.go.jp/22/index.php?action_kouhyou_detail_004_kani=true&JigyosyoCd=2277205858-00&ServiceCd=150&Type=search", "url2": "https://ohruri.jp/" }, "geometry": { "type": "Point", "coordinates": [ 137.710173398398439, 34.729895229841581 ] } },
{ "type": "Feature", "properties": { "内容": "長上苑【通所介護】中央区中田町584", "url": "https://www.kaigokensaku.mhlw.go.jp/22/index.php?action_kouhyou_detail_004_kani=true&JigyosyoCd=2277206377-00&ServiceCd=150&Type=search", "url2": "http://www.nanakeikai.jp" }, "geometry": { "type": "Point", "coordinates": [ 137.7592075, 34.7362174 ] } },
{ "type": "Feature", "properties": { "内容": "芳川デイサービスセンター【通所介護】浜松市南区石原町739", "url": "https://www.kaigokensaku.mhlw.go.jp/22/index.php?action_kouhyou_detail_004_kani=true&JigyosyoCd=2277100067-00&ServiceCd=150&Type=search", "url2": null }, "geometry": { "type": "Point", "coordinates": [ 137.769395199999963, 34.6881558 ] } },
{ "type": "Feature", "properties": { "内容": "デイサービスセンター白萩荘【通所介護】静岡県浜松市中央区鴨江三丁目７０番２７号", "url": "https://www.kaigokensaku.mhlw.go.jp/22/index.php?action_kouhyou_detail_004_kani=true&JigyosyoCd=2277100133-00&ServiceCd=150&Type=search", "url2": "http://www.jihian.or.jp" }, "geometry": { "type": "Point", "coordinates": [ 137.708194099999986, 34.7071874 ] } },
{ "type": "Feature", "properties": { "内容": "さぎの宮寮デイサービスセンター【通所介護】浜松市中央区小池町38-1", "url": "https://www.kaigokensaku.mhlw.go.jp/22/index.php?action_kouhyou_detail_004_kani=true&JigyosyoCd=2277100265-00&ServiceCd=150&Type=search", "url2": "http://houeikai5710.jp" }, "geometry": { "type": "Point", "coordinates": [ 137.76400179999996, 34.754028 ] } },
{ "type": "Feature", "properties": { "内容": "デイサービスさくら【通所介護】浜松市東区丸塚町522-2", "url": "https://www.kaigokensaku.mhlw.go.jp/22/index.php?action_kouhyou_detail_004_kani=true&JigyosyoCd=2277101388-00&ServiceCd=150&Type=search", "url2": "http://www.nozomi-sakura.jp/" }, "geometry": { "type": "Point", "coordinates": [ 137.756437499999947, 34.7257278 ] } },
{ "type": "Feature", "properties": { "内容": "おおせデイサービスセンター【通所介護】静岡県浜松市中央区大瀬町1558番地", "url": "https://www.kaigokensaku.mhlw.go.jp/22/index.php?action_kouhyou_detail_004_kani=true&JigyosyoCd=2277101925-00&ServiceCd=150&Type=search", "url2": "http://www.hamamatsu-kb.or.jp/" }, "geometry": { "type": "Point", "coordinates": [ 137.7712913, 34.763668099999975 ] } },
{ "type": "Feature", "properties": { "内容": "舘山寺の里　デイサービスセンター【通所介護】浜松市中央区舘山寺町463-1", "url": "https://www.kaigokensaku.mhlw.go.jp/22/index.php?action_kouhyou_detail_004_kani=true&JigyosyoCd=2277102097-00&ServiceCd=150&Type=search", "url2": "http://kanzanji-no-sato.shoeikai.or.jp/" }, "geometry": { "type": "Point", "coordinates": [ 137.619475526983706, 34.760746882881271 ] } },
{ "type": "Feature", "properties": { "内容": "おおせ第二デイサービスセンター【通所介護】静岡県浜松市中央区大瀬町１５３８", "url": "https://www.kaigokensaku.mhlw.go.jp/22/index.php?action_kouhyou_detail_004_kani=true&JigyosyoCd=2277200677-00&ServiceCd=150&Type=search", "url2": "http://www.hamamatsu-kb.or.jp" }, "geometry": { "type": "Point", "coordinates": [ 137.772160388557552, 34.763939911235589 ] } },
{ "type": "Feature", "properties": { "内容": "デイサービスセンター花畑【通所介護】静岡県浜松市中央区天王町1815-1", "url": "https://www.kaigokensaku.mhlw.go.jp/22/index.php?action_kouhyou_detail_004_kani=true&JigyosyoCd=2277201626-00&ServiceCd=150&Type=search", "url2": null }, "geometry": { "type": "Point", "coordinates": [ 137.769147460741806, 34.737245836223877 ] } },
{ "type": "Feature", "properties": { "内容": "デイサービスセンターあすなろ【通所介護】浜松市中央区曳馬5-4-45", "url": "https://www.kaigokensaku.mhlw.go.jp/22/index.php?action_kouhyou_detail_004_kani=true&JigyosyoCd=2277202095-00&ServiceCd=150&Type=search", "url2": "https://www.iterrace.net/" }, "geometry": { "type": "Point", "coordinates": [ 137.739579700000036, 34.7305854 ] } },
{ "type": "Feature", "properties": { "内容": "浜松ケアセンターそよ風【通所介護】和合町2番地の6", "url": "https://www.kaigokensaku.mhlw.go.jp/22/index.php?action_kouhyou_detail_004_kani=true&JigyosyoCd=2277202426-00&ServiceCd=150&Type=search", "url2": "https://www.sykz.co.jp/shisetsu-zaitaku/223151" }, "geometry": { "type": "Point", "coordinates": [ 137.714262055427554, 34.729883464063029 ] } },
{ "type": "Feature", "properties": { "内容": "浜松西ケアセンターそよ風【通所介護】雄踏1丁目8-17", "url": "https://www.kaigokensaku.mhlw.go.jp/22/index.php?action_kouhyou_detail_004_kani=true&JigyosyoCd=2277202996-00&ServiceCd=150&Type=search", "url2": "https://www.sykz.co.jp/shisetsu-zaitaku/223461" }, "geometry": { "type": "Point", "coordinates": [ 137.646789099999978, 34.6970955 ] } },
{ "type": "Feature", "properties": { "内容": "アクタガワ　生活リハビリ初生デイサービスセンター【通所介護】浜松市中央区初生町720-2", "url": "https://www.kaigokensaku.mhlw.go.jp/22/index.php?action_kouhyou_detail_004_kani=true&JigyosyoCd=2277203028-00&ServiceCd=150&Type=search", "url2": "https://akutagawa-dayservice.com/facilities/hatsuoi/" }, "geometry": { "type": "Point", "coordinates": [ 137.727539400000012, 34.764849 ] } },
{ "type": "Feature", "properties": { "内容": "かがやきデイサービス浜松薬師【通所介護】薬師町188", "url": "https://www.kaigokensaku.mhlw.go.jp/22/index.php?action_kouhyou_detail_004_kani=true&JigyosyoCd=2277203077-00&ServiceCd=150&Type=search", "url2": "http://www.nagoyakaclub.jp/hamamatsuyakushi/" }, "geometry": { "type": "Point", "coordinates": [ 137.78136040000004, 34.7228602 ] } },
{ "type": "Feature", "properties": { "内容": "かがやきデイサービス浜松助信【通所介護】静岡県浜松市中央区助信町44-41", "url": "https://www.kaigokensaku.mhlw.go.jp/22/index.php?action_kouhyou_detail_004_kani=true&JigyosyoCd=2277203333-00&ServiceCd=150&Type=search", "url2": "http://www.ymmd.co.jp" }, "geometry": { "type": "Point", "coordinates": [ 137.737644, 34.7245471 ] } },
{ "type": "Feature", "properties": { "内容": "きたぞうウォーク【通所介護】静岡県浜松市中央区大瀬町1538", "url": "https://www.kaigokensaku.mhlw.go.jp/22/index.php?action_kouhyou_detail_004_kani=true&JigyosyoCd=2277204794-00&ServiceCd=150&Type=search", "url2": "http://www.hamamatsu-kb.or.jp" }, "geometry": { "type": "Point", "coordinates": [ 137.772138, 34.763946800000014 ] } },
{ "type": "Feature", "properties": { "内容": "湖東の杜　デイサービスセンター【通所介護】静岡県浜松市中央区湖東町1074湖東の杜", "url": "https://www.kaigokensaku.mhlw.go.jp/22/index.php?action_kouhyou_detail_004_kani=true&JigyosyoCd=2277204802-00&ServiceCd=150&Type=search", "url2": "https://www.kotou-no-mori.jp" }, "geometry": { "type": "Point", "coordinates": [ 137.660955100000052, 34.761082 ] } },
{ "type": "Feature", "properties": { "内容": "デイサービスセンターやどり木【通所介護】静岡県浜松市中央区小沢渡町1334-1", "url": "https://www.kaigokensaku.mhlw.go.jp/22/index.php?action_kouhyou_detail_004_kani=true&JigyosyoCd=2277205049-00&ServiceCd=150&Type=search", "url2": "https://www.iterrace.net/" }, "geometry": { "type": "Point", "coordinates": [ 137.676117200000022, 34.684909 ] } },
{ "type": "Feature", "properties": { "内容": "デイサービスココファン浜松成子【通所介護】成子町12番ココファン浜松成子", "url": "https://www.kaigokensaku.mhlw.go.jp/22/index.php?action_kouhyou_detail_004_kani=true&JigyosyoCd=2277205486-00&ServiceCd=150&Type=search", "url2": "https://www.cocofump.co.jp/facilities/detail/hamamatsunarukochou/" }, "geometry": { "type": "Point", "coordinates": [ 137.726335400000011, 34.7008867 ] } },
{ "type": "Feature", "properties": { "内容": "まいさかデイサービスセンター【通所介護】浜松市西区舞阪町舞阪2668番地の27", "url": "https://www.kaigokensaku.mhlw.go.jp/22/index.php?action_kouhyou_detail_004_kani=true&JigyosyoCd=2278200031-00&ServiceCd=150&Type=search", "url2": "http://shinwakai-shizuoka.or.jp/" }, "geometry": { "type": "Point", "coordinates": [ 137.623053, 34.6784881 ] } },
{ "type": "Feature", "properties": { "内容": "静光園デイプラザ【通所介護】浜松市中央区小沢渡町１３００－１", "url": "https://www.kaigokensaku.mhlw.go.jp/22/index.php?action_kouhyou_detail_004_kani=true&JigyosyoCd=2277100331-00&ServiceCd=150&Type=search", "url2": "http://www.hikarinosono.or.jp" }, "geometry": { "type": "Point", "coordinates": [ 137.678128099999981, 34.6854813 ] } },
{ "type": "Feature", "properties": { "内容": "デイサービスセンターふるさと庵【通所介護】静岡県浜松市中央区豊岡町273-2", "url": "https://www.kaigokensaku.mhlw.go.jp/22/index.php?action_kouhyou_detail_004_kani=true&JigyosyoCd=2277102171-00&ServiceCd=150&Type=search", "url2": "http://www.yuutainosato.com" }, "geometry": { "type": "Point", "coordinates": [ 137.724189300000035, 34.7904084 ] } },
{ "type": "Feature", "properties": { "内容": "第２デイサービスセンター南風【通所介護】浜松市中央区倉松町598番地", "url": "https://www.kaigokensaku.mhlw.go.jp/22/index.php?action_kouhyou_detail_004_kani=true&JigyosyoCd=2277200586-00&ServiceCd=150&Type=search", "url2": "https://www.h-mimamikaze.com" }, "geometry": { "type": "Point", "coordinates": [ 137.697050756483463, 34.675273801914543 ] } },
{ "type": "Feature", "properties": { "内容": "聖隷デイサービスセンター三方原【通所介護】浜松市中央区三方原町５０９番1", "url": "https://www.kaigokensaku.mhlw.go.jp/22/index.php?action_kouhyou_detail_004_kani=true&JigyosyoCd=2277201394-00&ServiceCd=150&Type=search", "url2": "http://www.seirei.or.jp/hq/" }, "geometry": { "type": "Point", "coordinates": [ 137.712554800000021, 34.776782 ] } },
{ "type": "Feature", "properties": { "内容": "アモーレ和田デイサービス【通所介護】和田町３３１－１", "url": "https://www.kaigokensaku.mhlw.go.jp/22/index.php?action_kouhyou_detail_004_kani=true&JigyosyoCd=2277202830-00&ServiceCd=150&Type=search", "url2": null }, "geometry": { "type": "Point", "coordinates": [ 135.4751976, 34.4574805 ] } },
{ "type": "Feature", "properties": { "内容": "アモーレ大蒲デイサービス【通所介護】大蒲町115-10アモーレ大蒲", "url": "https://www.kaigokensaku.mhlw.go.jp/22/index.php?action_kouhyou_detail_004_kani=true&JigyosyoCd=2277204547-00&ServiceCd=150&Type=search", "url2": null }, "geometry": { "type": "Point", "coordinates": [ 137.769242535581952, 34.712650790350203 ] } },
{ "type": "Feature", "properties": { "内容": "社会福祉施設　デイサービス　宇布見【通所介護】静岡県浜松市中央区雄踏町宇布見9481-1", "url": "https://www.kaigokensaku.mhlw.go.jp/22/index.php?action_kouhyou_detail_004_kani=true&JigyosyoCd=2277204745-00&ServiceCd=150&Type=search", "url2": "http://www.ubuminosato.jp" }, "geometry": { "type": "Point", "coordinates": [ 137.633515699999947, 34.6981505 ] } },
{ "type": "Feature", "properties": { "内容": "デイサービス　楽の郷【通所介護】静岡県浜松市中央区豊町2472-2", "url": "https://www.kaigokensaku.mhlw.go.jp/22/index.php?action_kouhyou_detail_004_kani=true&JigyosyoCd=2277205387-00&ServiceCd=150&Type=search", "url2": "http://dowelfare.jp/" }, "geometry": { "type": "Point", "coordinates": [ 137.8053582, 34.7719428 ] } },
{ "type": "Feature", "properties": { "内容": "やまざきデイサービスセンター【通所介護】静岡県浜松市中央区雄踏町山崎２８２９番地", "url": "https://www.kaigokensaku.mhlw.go.jp/22/index.php?action_kouhyou_detail_004_kani=true&JigyosyoCd=2278200106-00&ServiceCd=150&Type=search", "url2": "https://www.sankoukai.or.jp/" }, "geometry": { "type": "Point", "coordinates": [ 137.627252708598348, 34.717196371778407 ] } },
{ "type": "Feature", "properties": { "内容": "きらら浜松機能訓練デイサービスセンター【通所介護】浜松市南区楊子町１３９番地", "url": "https://www.kaigokensaku.mhlw.go.jp/22/index.php?action_kouhyou_detail_004_kani=true&JigyosyoCd=2277204653-00&ServiceCd=150&Type=search", "url2": "http://www.kenminkouseikai.net/kirara/" }, "geometry": { "type": "Point", "coordinates": [ 137.746107195590952, 34.691903227012141 ] } },
{ "type": "Feature", "properties": { "内容": "おおるり三島デイサービスコミュニティ【通所介護】静岡県浜松市南区三島町335おおるり三島", "url": "https://www.kaigokensaku.mhlw.go.jp/22/index.php?action_kouhyou_detail_004_kani=true&JigyosyoCd=2277205536-00&ServiceCd=150&Type=search", "url2": "as-bee.jp" }, "geometry": { "type": "Point", "coordinates": [ 137.7409303, 34.6889872 ] } },
{ "type": "Feature", "properties": { "内容": "富塚倶楽部【通所介護】静岡県浜松市中央区富塚町400", "url": "https://www.kaigokensaku.mhlw.go.jp/22/index.php?action_kouhyou_detail_004_kani=true&JigyosyoCd=2277206633-00&ServiceCd=150&Type=search", "url2": "http://sosei.hamazo.tv/" }, "geometry": { "type": "Point", "coordinates": [ 137.69905562394257, 34.71464071454286 ] } },
{ "type": "Feature", "properties": { "内容": "デイサービスセンター鳳荘【通所介護】浜松市中央区庄和町2476の1", "url": "https://www.kaigokensaku.mhlw.go.jp/22/index.php?action_kouhyou_detail_004_kani=true&JigyosyoCd=2277100018-00&ServiceCd=150&Type=search", "url2": "http://www.wakoukai-net.com/" }, "geometry": { "type": "Point", "coordinates": [ 137.604540400000019, 34.7315706 ] } },
{ "type": "Feature", "properties": { "内容": "デイサービスセンター南風【通所介護】浜松市中央区倉松町５９３", "url": "https://www.kaigokensaku.mhlw.go.jp/22/index.php?action_kouhyou_detail_004_kani=true&JigyosyoCd=2277101636-00&ServiceCd=150&Type=search", "url2": "http://www.h-minamikaze.com/" }, "geometry": { "type": "Point", "coordinates": [ 137.69700210000002, 34.6759245 ] } },
{ "type": "Feature", "properties": { "内容": "デイサービスセンター　半田山九重【通所介護】浜松市東区半田山5-16-13", "url": "https://www.kaigokensaku.mhlw.go.jp/22/index.php?action_kouhyou_detail_004_kani=true&JigyosyoCd=2277103161-00&ServiceCd=150&Type=search", "url2": "http://jihian.or.jp" }, "geometry": { "type": "Point", "coordinates": [ 137.741804799999954, 34.7756723 ] } },
{ "type": "Feature", "properties": { "内容": "通所介護事業所おおしま【通所介護】浜松市中央区大島町891番地", "url": "https://www.kaigokensaku.mhlw.go.jp/22/index.php?action_kouhyou_detail_004_kani=true&JigyosyoCd=2277103343-00&ServiceCd=150&Type=search", "url2": "http://www.youshoukai.or.jp" }, "geometry": { "type": "Point", "coordinates": [ 137.779077700000016, 34.7649914 ] } },
{ "type": "Feature", "properties": { "内容": "デイサービスアビリティ雄踏【通所介護】雄踏町宇布見5196番地の1", "url": "https://www.kaigokensaku.mhlw.go.jp/22/index.php?action_kouhyou_detail_004_kani=true&JigyosyoCd=2277206955-00&ServiceCd=150&Type=search", "url2": "http://ability-hamamatsu.com/" }, "geometry": { "type": "Point", "coordinates": [ 137.633355997839629, 34.698514931027901 ] } },
{ "type": "Feature", "properties": { "内容": "神久呂の園デイサービスセンター【通所介護】静岡県浜松市中央区神ケ谷町6611番地", "url": "https://www.kaigokensaku.mhlw.go.jp/22/index.php?action_kouhyou_detail_004_kani=true&JigyosyoCd=2277100141-00&ServiceCd=150&Type=search", "url2": "http://tootsu.jp/" }, "geometry": { "type": "Point", "coordinates": [ 137.678345700000023, 34.730231500000016 ] } },
{ "type": "Feature", "properties": { "内容": "和合愛光園デイサービスセンター【通所介護】静岡県浜松市中央区和合町555", "url": "https://www.kaigokensaku.mhlw.go.jp/22/index.php?action_kouhyou_detail_004_kani=true&JigyosyoCd=2277101032-00&ServiceCd=150&Type=search", "url2": "http://www.seirei.or.jp/hq/" }, "geometry": { "type": "Point", "coordinates": [ 137.701289425277764, 34.742227820107402 ] } },
{ "type": "Feature", "properties": { "内容": "きらら浜松デイサービスセンター【通所介護】浜松市南区楊子町２１８", "url": "https://www.kaigokensaku.mhlw.go.jp/22/index.php?action_kouhyou_detail_004_kani=true&JigyosyoCd=2277200214-00&ServiceCd=150&Type=search", "url2": "http://www.kenminkouseikai.net/" }, "geometry": { "type": "Point", "coordinates": [ 137.74726110000006, 34.6926012 ] } },
{ "type": "Feature", "properties": { "内容": "脳リフレッシュサロン志都呂【通所介護】浜松市西区志都呂１丁目５番２０号", "url": "https://www.kaigokensaku.mhlw.go.jp/22/index.php?action_kouhyou_detail_004_kani=true&JigyosyoCd=2277200917-00&ServiceCd=150&Type=search", "url2": "http://www.nouriha.jp/" }, "geometry": { "type": "Point", "coordinates": [ 137.66391509999994, 34.7002207 ] } },
{ "type": "Feature", "properties": { "内容": "デイサービスセンター　神田ふるさと庵【通所介護】浜松市中区神田町510-1", "url": "https://www.kaigokensaku.mhlw.go.jp/22/index.php?action_kouhyou_detail_004_kani=true&JigyosyoCd=2277201949-00&ServiceCd=150&Type=search", "url2": "http://www.yuutainosato.com" }, "geometry": { "type": "Point", "coordinates": [ 137.718718800000033, 34.6900092 ] } },
{ "type": "Feature", "properties": { "内容": "てんりゅうデイサービス【通所介護】天龍川町858", "url": "https://www.kaigokensaku.mhlw.go.jp/22/index.php?action_kouhyou_detail_004_kani=true&JigyosyoCd=2277202707-00&ServiceCd=150&Type=search", "url2": null }, "geometry": { "type": "Point", "coordinates": [ 137.780137860713239, 34.721959671873464 ] } },
{ "type": "Feature", "properties": { "内容": "デイサービス　やすらぎ【通所介護】静岡県浜松市中央区向宿1-21-16やすらぎメディカルセンター", "url": "https://www.kaigokensaku.mhlw.go.jp/22/index.php?action_kouhyou_detail_004_kani=true&JigyosyoCd=2277204018-00&ServiceCd=150&Type=search", "url2": "http://www.yasuragi-tenryuu.com" }, "geometry": { "type": "Point", "coordinates": [ 137.754184488360551, 34.705845280448926 ] } },
{ "type": "Feature", "properties": { "内容": "デイサービスセンター西島寮【通所介護】浜松市南区西島町１０１番地", "url": "https://www.kaigokensaku.mhlw.go.jp/22/index.php?action_kouhyou_detail_004_kani=true&JigyosyoCd=2277100299-00&ServiceCd=150&Type=search", "url2": null }, "geometry": { "type": "Point", "coordinates": [ 137.764134499999955, 34.672094 ] } },
{ "type": "Feature", "properties": { "内容": "デイサービスセンターあいの街芳川【通所介護】浜松市南区下江町573-2", "url": "https://www.kaigokensaku.mhlw.go.jp/22/index.php?action_kouhyou_detail_004_kani=true&JigyosyoCd=2277103491-00&ServiceCd=150&Type=search", "url2": null }, "geometry": { "type": "Point", "coordinates": [ 137.769675600000028, 34.6792016 ] } },
{ "type": "Feature", "properties": { "内容": "聖隷リハビリプラザIN高丘【通所介護】浜松市中央区高丘東4丁目43－11聖隷ケアセンター高丘", "url": "https://www.kaigokensaku.mhlw.go.jp/22/index.php?action_kouhyou_detail_004_kani=true&JigyosyoCd=2277103616-00&ServiceCd=150&Type=search", "url2": "https://www.seirei.or.jp/hq/facility/day-service/takaoka/" }, "geometry": { "type": "Point", "coordinates": [ 137.709374154808728, 34.760658684187518 ] } },
{ "type": "Feature", "properties": { "内容": "リハビリデイサービスフアイブ【通所介護】静岡県浜松市中央区寺脇町682", "url": "https://www.kaigokensaku.mhlw.go.jp/22/index.php?action_kouhyou_detail_004_kani=true&JigyosyoCd=2277200727-00&ServiceCd=150&Type=search", "url2": "https;//www.tanakaya-s.com" }, "geometry": { "type": "Point", "coordinates": [ 137.750291395631422, 34.686079403627808 ] } },
{ "type": "Feature", "properties": { "内容": "リハビリデイサービスフアイブホソジマ【通所介護】静岡県浜松市中央区細島町1番3号", "url": "https://www.kaigokensaku.mhlw.go.jp/22/index.php?action_kouhyou_detail_004_kani=true&JigyosyoCd=2277201022-00&ServiceCd=150&Type=search", "url2": "http://www.tanakaya-s.com" }, "geometry": { "type": "Point", "coordinates": [ 137.751526799999965, 34.72139210000001 ] } },
{ "type": "Feature", "properties": { "内容": "デイフアイブ【通所介護】浜松市中央区東町345番地3", "url": "https://www.kaigokensaku.mhlw.go.jp/22/index.php?action_kouhyou_detail_004_kani=true&JigyosyoCd=2277201378-00&ServiceCd=150&Type=search", "url2": "http://www.tanakaya-s.com" }, "geometry": { "type": "Point", "coordinates": [ 137.782371399999988, 34.677872142485938 ] } },
{ "type": "Feature", "properties": { "内容": "デイサービスセンターつくし【通所介護】静岡県浜松市中央区高林一丁目７－１３", "url": "https://www.kaigokensaku.mhlw.go.jp/22/index.php?action_kouhyou_detail_004_kani=true&JigyosyoCd=2277201840-00&ServiceCd=150&Type=search", "url2": "https://ds-tukushi.com/" }, "geometry": { "type": "Point", "coordinates": [ 137.732399699999974, 34.7260192 ] } },
{ "type": "Feature", "properties": { "内容": "リハビリデイサービスフアイブさとう【通所介護】佐藤二丁目９－１５", "url": "https://www.kaigokensaku.mhlw.go.jp/22/index.php?action_kouhyou_detail_004_kani=true&JigyosyoCd=2277203069-00&ServiceCd=150&Type=search", "url2": "http://www.tanakaya-s.com" }, "geometry": { "type": "Point", "coordinates": [ 137.7495328, 34.7114266 ] } },
{ "type": "Feature", "properties": { "内容": "デイサービスセンターつくし・原島【通所介護】静岡県浜松市中央区原島町523番1", "url": "https://www.kaigokensaku.mhlw.go.jp/22/index.php?action_kouhyou_detail_004_kani=true&JigyosyoCd=2277204356-00&ServiceCd=150&Type=search", "url2": "https://ds-tukushi.com/" }, "geometry": { "type": "Point", "coordinates": [ 137.766786444774624, 34.727749730042873 ] } },
{ "type": "Feature", "properties": { "内容": "すずきデイサービス燦【通所介護】高林三丁目１１番９号", "url": "https://www.kaigokensaku.mhlw.go.jp/22/index.php?action_kouhyou_detail_004_kani=true&JigyosyoCd=2277204729-00&ServiceCd=150&Type=search", "url2": "http://www.suzuki-medical-clinic.jp" }, "geometry": { "type": "Point", "coordinates": [ 137.7351966, 34.7290828 ] } },
{ "type": "Feature", "properties": { "内容": "アモーレ駅南デイサービス【通所介護】静岡県浜松市中央区三島町84番地の2アモーレ駅南", "url": "https://www.kaigokensaku.mhlw.go.jp/22/index.php?action_kouhyou_detail_004_kani=true&JigyosyoCd=2277206179-00&ServiceCd=150&Type=search", "url2": null }, "geometry": { "type": "Point", "coordinates": [ 137.737915042327842, 34.688718757988113 ] } },
{ "type": "Feature", "properties": { "内容": "通所介護ウイル渡瀬【通所介護】浜松市中央区渡瀬町１６０番地の２", "url": "https://www.kaigokensaku.mhlw.go.jp/22/index.php?action_kouhyou_detail_004_kani=true&JigyosyoCd=2277101305-00&ServiceCd=150&Type=search", "url2": "http://will2002.co.jp/" }, "geometry": { "type": "Point", "coordinates": [ 137.761009749419571, 34.703977046634137 ] } },
{ "type": "Feature", "properties": { "内容": "聖隷デイサービスセンター初生【通所介護】静岡県浜松市中央区初生町1095-1聖隷ケアセンター初生", "url": "https://www.kaigokensaku.mhlw.go.jp/22/index.php?action_kouhyou_detail_004_kani=true&JigyosyoCd=2277102089-00&ServiceCd=150&Type=search", "url2": "http://www.seirei.or.jp/hq/facility/home/day-service/hatsuoi/index.html" }, "geometry": { "type": "Point", "coordinates": [ 137.734944400000018, 34.7712143 ] } },
{ "type": "Feature", "properties": { "内容": "あんしんの里デイサービスセンター【通所介護】静岡県浜松市中央区安新町33-1", "url": "https://www.kaigokensaku.mhlw.go.jp/22/index.php?action_kouhyou_detail_004_kani=true&JigyosyoCd=2277102212-00&ServiceCd=150&Type=search", "url2": "http://www.hashoukai.jp/" }, "geometry": { "type": "Point", "coordinates": [ 137.7901316, 34.7253577 ] } },
{ "type": "Feature", "properties": { "内容": "温故療院上島デイサービス【通所介護】浜松市中央区上島七丁目１３-１８", "url": "https://www.kaigokensaku.mhlw.go.jp/22/index.php?action_kouhyou_detail_004_kani=true&JigyosyoCd=2277103021-00&ServiceCd=150&Type=search", "url2": "http://onkoryouin.jp/" }, "geometry": { "type": "Point", "coordinates": [ 137.739520399999947, 34.7485308 ] } },
{ "type": "Feature", "properties": { "内容": "きさらぎデイサービスセンター【通所介護】静岡県浜松市中央区花川町818番地の1", "url": "https://www.kaigokensaku.mhlw.go.jp/22/index.php?action_kouhyou_detail_004_kani=true&JigyosyoCd=2277200297-00&ServiceCd=150&Type=search", "url2": "http://www.keiseikai6001.or.jp/dayservice.html" }, "geometry": { "type": "Point", "coordinates": [ 137.6818723, 34.773156 ] } },
{ "type": "Feature", "properties": { "内容": "デイサービスセンター葵の里【通所介護】静岡県浜松市中央区葵西6丁目10番62号", "url": "https://www.kaigokensaku.mhlw.go.jp/22/index.php?action_kouhyou_detail_004_kani=true&JigyosyoCd=2277201980-00&ServiceCd=150&Type=search", "url2": "http://www.kouwakai.server-shared.com/" }, "geometry": { "type": "Point", "coordinates": [ 137.70120929999996, 34.7682437 ] } },
{ "type": "Feature", "properties": { "内容": "かがやきデイサービス浜松海老塚【通所介護】静岡県浜松市中央区海老塚二丁目23番10号", "url": "https://www.kaigokensaku.mhlw.go.jp/22/index.php?action_kouhyou_detail_004_kani=true&JigyosyoCd=2277206666-00&ServiceCd=150&Type=search", "url2": "https://www.ymmd0.co.jp/" }, "geometry": { "type": "Point", "coordinates": [ 137.732783, 34.6970527 ] } },
{ "type": "Feature", "properties": { "内容": "白梅下石田デイサービス【通所介護】下石田町1588-1", "url": "https://www.kaigokensaku.mhlw.go.jp/22/index.php?action_kouhyou_detail_004_kani=true&JigyosyoCd=2277202608-00&ServiceCd=150&Type=search", "url2": "https://www.shiraume.or.jp/" }, "geometry": { "type": "Point", "coordinates": [ 137.783185201019251, 34.73452982404136 ] } },
{ "type": "Feature", "properties": { "内容": "かがやきデイサービス浜松山手【通所介護】静岡県浜松市中央区山手町35-28", "url": "https://www.kaigokensaku.mhlw.go.jp/22/index.php?action_kouhyou_detail_004_kani=true&JigyosyoCd=2277202822-00&ServiceCd=150&Type=search", "url2": "http:/www.ymmd.co.jp" }, "geometry": { "type": "Point", "coordinates": [ 137.703611200000097, 34.706934599999983 ] } },
{ "type": "Feature", "properties": { "内容": "かがやきデイサービス浜松蜆塚【通所介護】静岡県浜松市中区蜆塚2-12-9かがやきデイサービス浜松蜆塚", "url": "https://www.kaigokensaku.mhlw.go.jp/22/index.php?action_kouhyou_detail_004_kani=true&JigyosyoCd=2277203341-00&ServiceCd=150&Type=search", "url2": "http://www.ymmd.co.jp" }, "geometry": { "type": "Point", "coordinates": [ 137.708291, 34.7119258 ] } },
{ "type": "Feature", "properties": { "内容": "しじみづか福祉の杜デイサービスセンター【通所介護】蜆塚一丁目9番17号", "url": "https://www.kaigokensaku.mhlw.go.jp/22/index.php?action_kouhyou_detail_004_kani=true&JigyosyoCd=2277205312-00&ServiceCd=150&Type=search", "url2": null }, "geometry": { "type": "Point", "coordinates": [ 137.711879366270409, 34.712535096572715 ] } },
{ "type": "Feature", "properties": { "内容": "ツクイ浜松西ヶ崎【通所介護】静岡県浜松市中央区西ヶ崎町1330-1", "url": "https://www.kaigokensaku.mhlw.go.jp/22/index.php?action_kouhyou_detail_004_kani=true&JigyosyoCd=2277205650-00&ServiceCd=150&Type=search", "url2": "https://www.tsukui.net/home-care/2824/" }, "geometry": { "type": "Point", "coordinates": [ 137.766070961952209, 34.775874000633614 ] } },
{ "type": "Feature", "properties": { "内容": "デイサービスセンター鴨江白萩【通所介護】静岡県浜松市中央区鴨江３丁目６番１０号", "url": "https://www.kaigokensaku.mhlw.go.jp/22/index.php?action_kouhyou_detail_004_kani=true&JigyosyoCd=2277206724-00&ServiceCd=150&Type=search", "url2": "https://www.jihian.or.jp/" }, "geometry": { "type": "Point", "coordinates": [ 137.714892647885165, 34.706303289720431 ] } },
{ "type": "Feature", "properties": { "内容": "デイサービスグリーンサンガ【通所介護】静岡県浜松市中央区積志町108", "url": "https://www.kaigokensaku.mhlw.go.jp/22/index.php?action_kouhyou_detail_004_kani=true&JigyosyoCd=2277101719-00&ServiceCd=150&Type=search", "url2": "https://okai-naika.com/green/" }, "geometry": { "type": "Point", "coordinates": [ 137.76927705767207, 34.77266842254609 ] } },
{ "type": "Feature", "properties": { "内容": "Ｋａｔｚリハビリ・デイ【通所介護】浜松市中央区舞阪町舞阪5180番地の3", "url": "https://www.kaigokensaku.mhlw.go.jp/22/index.php?action_kouhyou_detail_004_kani=true&JigyosyoCd=2277103574-00&ServiceCd=150&Type=search", "url2": "http://www.katz2024.com" }, "geometry": { "type": "Point", "coordinates": [ 137.618663394176991, 34.684415546247017 ] } },
{ "type": "Feature", "properties": { "内容": "デイサービスセンター　鴨江の華【通所介護】浜松市中央区鴨江1丁目２３－９", "url": "https://www.kaigokensaku.mhlw.go.jp/22/index.php?action_kouhyou_detail_004_kani=true&JigyosyoCd=2277200537-00&ServiceCd=150&Type=search", "url2": "http://www.lily-s.co.jp" }, "geometry": { "type": "Point", "coordinates": [ 137.72083098650819, 34.702612211386871 ] } },
{ "type": "Feature", "properties": { "内容": "デイサービスセンター天王の華【通所介護】静岡県浜松市中央区天王町1622-1", "url": "https://www.kaigokensaku.mhlw.go.jp/22/index.php?action_kouhyou_detail_004_kani=true&JigyosyoCd=2277205106-00&ServiceCd=150&Type=search", "url2": null }, "geometry": { "type": "Point", "coordinates": [ 137.769189800000021, 34.73324250000001 ] } },
{ "type": "Feature", "properties": { "内容": "ツクイ浜松大平台【通所介護】浜松市西区大平台2丁目18番24号", "url": "https://www.kaigokensaku.mhlw.go.jp/22/index.php?action_kouhyou_detail_004_kani=true&JigyosyoCd=2277205668-00&ServiceCd=150&Type=search", "url2": "http://www.tsukui.net" }, "geometry": { "type": "Point", "coordinates": [ 137.682284399999986, 34.7144859 ] } },
{ "type": "Feature", "properties": { "内容": "リハタイム【通所介護】初生町381-7", "url": "https://www.kaigokensaku.mhlw.go.jp/22/index.php?action_kouhyou_detail_004_kani=true&JigyosyoCd=2277206161-00&ServiceCd=150&Type=search", "url2": "http://tanakaya-s.com/day_service/rehatime" }, "geometry": { "type": "Point", "coordinates": [ 137.727904750262411, 34.763958823975869 ] } },
{ "type": "Feature", "properties": { "内容": "五島デイサービス機能訓練センター【通所介護】浜松市中央区福島町２１８－１", "url": "https://www.kaigokensaku.mhlw.go.jp/22/index.php?action_kouhyou_detail_004_kani=true&JigyosyoCd=2277103269-00&ServiceCd=150&Type=search", "url2": "https://gotouday.jp" }, "geometry": { "type": "Point", "coordinates": [ 137.770439300000021, 34.6630564 ] } },
{ "type": "Feature", "properties": { "内容": "デイサービスきたえるーむ浜松中央【通所介護】静岡県浜松市中央区大工町140松下ビル1階", "url": "https://www.kaigokensaku.mhlw.go.jp/22/index.php?action_kouhyou_detail_004_kani=true&JigyosyoCd=2277204893-00&ServiceCd=150&Type=search", "url2": "http://kitaeroom.com/shop/post-63.shtml" }, "geometry": { "type": "Point", "coordinates": [ 137.728076, 34.7048156 ] } },
{ "type": "Feature", "properties": { "内容": "デイサービスぬくもり【通所介護】静岡県浜松市中央区下飯田町２１５", "url": "https://www.kaigokensaku.mhlw.go.jp/22/index.php?action_kouhyou_detail_004_kani=true&JigyosyoCd=2277100737-00&ServiceCd=150&Type=search", "url2": "http://day-nukumori.sakura.ne.jp/" }, "geometry": { "type": "Point", "coordinates": [ 137.781209550926206, 34.698351531237591 ] } },
{ "type": "Feature", "properties": { "内容": "ニチイケアセンター入野【通所介護】浜松市中央区入野町9712-1", "url": "https://www.kaigokensaku.mhlw.go.jp/22/index.php?action_kouhyou_detail_004_kani=true&JigyosyoCd=2277201212-00&ServiceCd=150&Type=search", "url2": "http://www.nichiigakkan.co.jp" }, "geometry": { "type": "Point", "coordinates": [ 137.6808129, 34.698299700000035 ] } },
{ "type": "Feature", "properties": { "内容": "ケアステーションあさひ浜松西【通所介護】静岡県浜松市中央区葵西六丁目25番89号", "url": "https://www.kaigokensaku.mhlw.go.jp/22/index.php?action_kouhyou_detail_004_kani=true&JigyosyoCd=2277202632-00&ServiceCd=150&Type=search", "url2": "http://www.vati.co.jp/" }, "geometry": { "type": "Point", "coordinates": [ 137.699283590213014, 34.769398977015854 ] } },
{ "type": "Feature", "properties": { "内容": "デイサービスセンター野の花【通所介護】浜松市中央区大山町2847-1", "url": "https://www.kaigokensaku.mhlw.go.jp/22/index.php?action_kouhyou_detail_004_kani=true&JigyosyoCd=2277206609-00&ServiceCd=150&Type=search", "url2": "http://www.keiseikai6001.or.jp" }, "geometry": { "type": "Point", "coordinates": [ 137.6791687, 34.7737164 ] } },
{ "type": "Feature", "properties": { "内容": "ラクラス原島デイサービス【通所介護】静岡県浜松市中央区原島町370-1", "url": "https://www.kaigokensaku.mhlw.go.jp/22/index.php?action_kouhyou_detail_004_kani=true&JigyosyoCd=2277205775-00&ServiceCd=150&Type=search", "url2": null }, "geometry": { "type": "Point", "coordinates": [ 137.7709299, 34.7321921 ] } },
{ "type": "Feature", "properties": { "内容": "特別養護老人ホーム細江の苑【通所介護】静岡県浜松市北区細江町中川7500-1", "url": "https://www.kaigokensaku.mhlw.go.jp/22/index.php?action_kouhyou_detail_004_kani=true&JigyosyoCd=2277205080-00&ServiceCd=150&Type=search", "url2": "http://www.daichi-hosoe.jp/" }, "geometry": { "type": "Point", "coordinates": [ 137.66183620000001, 34.8065064 ] } },
{ "type": "Feature", "properties": { "内容": "しあわせの園通所介護事業所【通所介護】浜松市北区都田町1854番地", "url": "https://www.kaigokensaku.mhlw.go.jp/22/index.php?action_kouhyou_detail_004_kani=true&JigyosyoCd=2277100257-00&ServiceCd=150&Type=search", "url2": "http://www.siawase-k.com" }, "geometry": { "type": "Point", "coordinates": [ 137.7164891, 34.8191237 ] } },
{ "type": "Feature", "properties": { "内容": "ライフケア金指通所介護事業所【通所介護】浜松市浜名区引佐町金指1869", "url": "https://www.kaigokensaku.mhlw.go.jp/22/index.php?action_kouhyou_detail_004_kani=true&JigyosyoCd=2277200065-00&ServiceCd=150&Type=search", "url2": null }, "geometry": { "type": "Point", "coordinates": [ 137.672093200000063, 34.8161005 ] } },
{ "type": "Feature", "properties": { "内容": "細江デイサービスセンター【通所介護】浜松市北区細江町中川7437-8ケアハウス　アドナイ館", "url": "https://www.kaigokensaku.mhlw.go.jp/22/index.php?action_kouhyou_detail_004_kani=true&JigyosyoCd=2278100108-00&ServiceCd=150&Type=search", "url2": "https://www.jyuji.or.jp/hamamatsu_city/adonai/service" }, "geometry": { "type": "Point", "coordinates": [ 137.694356100000022, 34.7923846 ] } },
{ "type": "Feature", "properties": { "内容": "生協デイサービスきたはまの郷【通所介護】静岡県浜松市浜名区高畑１９３番地", "url": "https://www.kaigokensaku.mhlw.go.jp/22/index.php?action_kouhyou_detail_004_kani=true&JigyosyoCd=2277203879-00&ServiceCd=150&Type=search", "url2": "http://www.mcp-hamakita.jp" }, "geometry": { "type": "Point", "coordinates": [ 137.796011354245024, 34.790936118540301 ] } },
{ "type": "Feature", "properties": { "内容": "デイサービスセンターあんず【通所介護】静岡県浜松市浜北区小林1284-2", "url": "https://www.kaigokensaku.mhlw.go.jp/22/index.php?action_kouhyou_detail_004_kani=true&JigyosyoCd=2277201402-00&ServiceCd=150&Type=search", "url2": null }, "geometry": { "type": "Point", "coordinates": [ 137.793117439160596, 34.807535320905011 ] } },
{ "type": "Feature", "properties": { "内容": "デイサービス　まりも【通所介護】静岡県浜松市浜名区横須賀６８５番地", "url": "https://www.kaigokensaku.mhlw.go.jp/22/index.php?action_kouhyou_detail_004_kani=true&JigyosyoCd=2277103053-00&ServiceCd=150&Type=search", "url2": "https://ds-marimo.com" }, "geometry": { "type": "Point", "coordinates": [ 137.79285, 34.7907089 ] } },
{ "type": "Feature", "properties": { "内容": "デイサービス和彩花【通所介護】静岡県浜松市浜名区東美薗76", "url": "https://www.kaigokensaku.mhlw.go.jp/22/index.php?action_kouhyou_detail_004_kani=true&JigyosyoCd=2277206302-00&ServiceCd=150&Type=search", "url2": "https://www.instagram.com/waika.hamamatsu/" }, "geometry": { "type": "Point", "coordinates": [ 137.8021879, 34.789651400000011 ] } },
{ "type": "Feature", "properties": { "内容": "デイサービスセンター第二九重荘【通所介護】浜松市浜名区都田町16番地の５", "url": "https://www.kaigokensaku.mhlw.go.jp/22/index.php?action_kouhyou_detail_004_kani=true&JigyosyoCd=2277100125-00&ServiceCd=150&Type=search", "url2": "http://www.jihian.or.jp/" }, "geometry": { "type": "Point", "coordinates": [ 137.714325700000046, 34.809872 ] } },
{ "type": "Feature", "properties": { "内容": "三和デイサービスYOKOSUKA【通所介護】浜松市浜北区横須賀184-1", "url": "https://www.kaigokensaku.mhlw.go.jp/22/index.php?action_kouhyou_detail_004_kani=true&JigyosyoCd=2277103764-00&ServiceCd=150&Type=search", "url2": "https://sanwaday.wixsite.com/mysite" }, "geometry": { "type": "Point", "coordinates": [ 137.79027, 34.7860953 ] } },
{ "type": "Feature", "properties": { "内容": "レッツリハビリデイサービスセンター浜北【通所介護】静岡県浜松市浜名区中条1037-1", "url": "https://www.kaigokensaku.mhlw.go.jp/22/index.php?action_kouhyou_detail_004_kani=true&JigyosyoCd=2277201964-00&ServiceCd=150&Type=search", "url2": "https://lets-reha.com/" }, "geometry": { "type": "Point", "coordinates": [ 137.7825414348099, 34.783015467332575 ] } },
{ "type": "Feature", "properties": { "内容": "デイサービスかもめの丘【通所介護】静岡県浜松市浜名区三ヶ日町佐久米５７２番地の１", "url": "https://www.kaigokensaku.mhlw.go.jp/22/index.php?action_kouhyou_detail_004_kani=true&JigyosyoCd=2277206922-00&ServiceCd=150&Type=search", "url2": null }, "geometry": { "type": "Point", "coordinates": [ 137.6037384, 34.7896177 ] } },
{ "type": "Feature", "properties": { "内容": "ツクイ浜北貴布祢【通所介護】静岡県浜松市浜名区貴布祢547-1", "url": "https://www.kaigokensaku.mhlw.go.jp/22/index.php?action_kouhyou_detail_004_kani=true&JigyosyoCd=2277205684-00&ServiceCd=150&Type=search", "url2": "https://www.tsukui.net/home-care/2607/" }, "geometry": { "type": "Point", "coordinates": [ 137.790833, 34.802138 ] } },
{ "type": "Feature", "properties": { "内容": "十字の園デイサービスセンター　みをつくし【通所介護】浜松市浜名区細江町中川7220-11", "url": "https://www.kaigokensaku.mhlw.go.jp/22/index.php?action_kouhyou_detail_004_kani=true&JigyosyoCd=2278100058-00&ServiceCd=150&Type=search", "url2": "https://www.jyuji.or.jp/hamamatsu/service" }, "geometry": { "type": "Point", "coordinates": [ 137.69450889999996, 34.7918903 ] } },
{ "type": "Feature", "properties": { "内容": "デイサ―ビスろくじゅ【通所介護】浜松市浜名区三ヶ日町平山678－25", "url": "https://www.kaigokensaku.mhlw.go.jp/22/index.php?action_kouhyou_detail_004_kani=true&JigyosyoCd=2278100256-00&ServiceCd=150&Type=search", "url2": "http://www.rokujyu.co.jp" }, "geometry": { "type": "Point", "coordinates": [ 137.53047289999995, 34.8248313 ] } },
{ "type": "Feature", "properties": { "内容": "ラクラス西美薗デイサービス【通所介護】静岡県浜松市浜名区西美薗1027-6", "url": "https://www.kaigokensaku.mhlw.go.jp/22/index.php?action_kouhyou_detail_004_kani=true&JigyosyoCd=2277202335-00&ServiceCd=150&Type=search", "url2": "http://www.entetsu.co.jp/la-class" }, "geometry": { "type": "Point", "coordinates": [ 137.79560749999996, 34.7990889 ] } },
{ "type": "Feature", "properties": { "内容": "浜松市社協在宅サービスセンターみっかび【通所介護】浜松市浜名区三ヶ日町宇志803", "url": "https://www.kaigokensaku.mhlw.go.jp/22/index.php?action_kouhyou_detail_004_kani=true&JigyosyoCd=2278100033-00&ServiceCd=150&Type=search", "url2": "http://www.hamamatsu-syakyou.jp" }, "geometry": { "type": "Point", "coordinates": [ 137.558685400000087, 34.8060594 ] } },
{ "type": "Feature", "properties": { "内容": "（介護予防）通所介護事業所みずうみ【通所介護】浜松市浜名区三ヶ日町三ヶ日1148-2", "url": "https://www.kaigokensaku.mhlw.go.jp/22/index.php?action_kouhyou_detail_004_kani=true&JigyosyoCd=2278100231-00&ServiceCd=150&Type=search", "url2": "http://matsukaze.uh-oh.jp" }, "geometry": { "type": "Point", "coordinates": [ 137.552363799999966, 34.8022402 ] } },
{ "type": "Feature", "properties": { "内容": "ニチイケアセンター西美薗【通所介護】西美薗2402-1", "url": "https://www.kaigokensaku.mhlw.go.jp/22/index.php?action_kouhyou_detail_004_kani=true&JigyosyoCd=2277202129-00&ServiceCd=150&Type=search", "url2": null }, "geometry": { "type": "Point", "coordinates": [ 137.8027373243591, 34.80811668878286 ] } },
{ "type": "Feature", "properties": { "内容": "いなさ愛光園デイサービスセンター【通所介護】静岡県浜松市浜名区引佐町東黒田37-2", "url": "https://www.kaigokensaku.mhlw.go.jp/22/index.php?action_kouhyou_detail_004_kani=true&JigyosyoCd=2278100066-00&ServiceCd=150&Type=search", "url2": "http://www.seirei.or.jp/elderlyhome/inasa" }, "geometry": { "type": "Point", "coordinates": [ 137.662730799999963, 34.8867108 ] } },
{ "type": "Feature", "properties": { "内容": "ケアステーションあさひ浜北【通所介護】静岡県浜松市浜名区西美薗字水流1514-1", "url": "https://www.kaigokensaku.mhlw.go.jp/22/index.php?action_kouhyou_detail_004_kani=true&JigyosyoCd=2277203085-00&ServiceCd=150&Type=search", "url2": null }, "geometry": { "type": "Point", "coordinates": [ 137.7958252, 34.8016123 ] } },
{ "type": "Feature", "properties": { "内容": "短時間ﾃﾞｲ　すみれ【通所介護】神宮寺町8-24", "url": "https://www.kaigokensaku.mhlw.go.jp/22/index.php?action_kouhyou_detail_004_kani=true&JigyosyoCd=2217210547-00&ServiceCd=150&Type=search", "url2": "http://www.hanadaira.com" }, "geometry": { "type": "Point", "coordinates": [ 137.6703436, 34.8312011 ] } },
{ "type": "Feature", "properties": { "内容": "デイサービスセンター都田【通所介護】静岡県浜松市浜名区都田町9291番地の3", "url": "https://www.kaigokensaku.mhlw.go.jp/22/index.php?action_kouhyou_detail_004_kani=true&JigyosyoCd=2277202541-00&ServiceCd=150&Type=search", "url2": "https://www.siawase-k.com/" }, "geometry": { "type": "Point", "coordinates": [ 137.74272849999997, 34.8161755 ] } },
{ "type": "Feature", "properties": { "内容": "しんぱらの家デイサービスセンター【通所介護】浜松市浜名区新原4092-2", "url": "https://www.kaigokensaku.mhlw.go.jp/22/index.php?action_kouhyou_detail_004_kani=true&JigyosyoCd=2278300294-00&ServiceCd=150&Type=search", "url2": "http://www.tenryu-kohseikai.or.jp/senior/shinpara/" }, "geometry": { "type": "Point", "coordinates": [ 137.772389800000042, 34.8128108 ] } },
{ "type": "Feature", "properties": { "内容": "引佐みやまの里デイサービスセンター　香の風【通所介護】静岡県浜松市浜名区引佐町奥山1576-81", "url": "https://www.kaigokensaku.mhlw.go.jp/22/index.php?action_kouhyou_detail_004_kani=true&JigyosyoCd=2277204877-00&ServiceCd=150&Type=search", "url2": "http://www.inasa-miyama.jp" }, "geometry": { "type": "Point", "coordinates": [ 137.618586599999986, 34.8477856 ] } },
{ "type": "Feature", "properties": { "内容": "デイサービスセンターしあわせ【通所介護】浜松市北区都田町9220-1", "url": "https://www.kaigokensaku.mhlw.go.jp/22/index.php?action_kouhyou_detail_004_kani=true&JigyosyoCd=2277102221-00&ServiceCd=150&Type=search", "url2": "https://www.siawase-k.com" }, "geometry": { "type": "Point", "coordinates": [ 137.7433145, 34.8171726 ] } },
{ "type": "Feature", "properties": { "内容": "北斗わかば通所介護事業所【通所介護】浜松市浜名区豊保２４５－６", "url": "https://www.kaigokensaku.mhlw.go.jp/22/index.php?action_kouhyou_detail_004_kani=true&JigyosyoCd=2277200578-00&ServiceCd=150&Type=search", "url2": "http://kaigo.hokuto-wakaba.jp" }, "geometry": { "type": "Point", "coordinates": [ 137.802285750787405, 34.829183826881064 ] } },
{ "type": "Feature", "properties": { "内容": "井伊谷デイサービス【通所介護】浜松市浜名区神宮寺町8番１５号井伊谷メディカルコートガーデン", "url": "https://www.kaigokensaku.mhlw.go.jp/22/index.php?action_kouhyou_detail_004_kani=true&JigyosyoCd=2277200651-00&ServiceCd=150&Type=search", "url2": "ｈｔｔｐ：//www.hanadaira.com" }, "geometry": { "type": "Point", "coordinates": [ 137.67041759037383, 34.830804939523659 ] } },
{ "type": "Feature", "properties": { "内容": "聖隷リハビリプラザいなさ・聖隷リハビリプラザいなさサテライト三ケ日【通所介護】静岡県浜松市浜名区引佐町井伊谷２５６９　（サテライト）浜松市浜名区三ケ日町鵺代58-20聖隷ケアセンターいなさ", "url": "https://www.kaigokensaku.mhlw.go.jp/22/index.php?action_kouhyou_detail_004_kani=true&JigyosyoCd=2277204109-00&ServiceCd=150&Type=search", "url2": null }, "geometry": { "type": "Point", "coordinates": [ 137.673312, 34.831683419243426 ] } },
{ "type": "Feature", "properties": { "内容": "多喜の園指定通所介護事業所【通所介護】浜松市浜名区中瀬3829-1", "url": "https://www.kaigokensaku.mhlw.go.jp/22/index.php?action_kouhyou_detail_004_kani=true&JigyosyoCd=2278300062-00&ServiceCd=150&Type=search", "url2": "http://www.daizen-f.com" }, "geometry": { "type": "Point", "coordinates": [ 137.811569100000042, 34.8204314 ] } },
{ "type": "Feature", "properties": { "内容": "生協デイサービスにじの家【通所介護】静岡県浜松市浜名区高畑213-3", "url": "https://www.kaigokensaku.mhlw.go.jp/22/index.php?action_kouhyou_detail_004_kani=true&JigyosyoCd=2277205148-00&ServiceCd=150&Type=search", "url2": "http://www.mcp-hamakita.jp/" }, "geometry": { "type": "Point", "coordinates": [ 137.7949552, 34.7911979 ] } },
{ "type": "Feature", "properties": { "内容": "浜北愛光園デイサービスセンター【通所介護】静岡県浜松市浜名区高薗208-2", "url": "https://www.kaigokensaku.mhlw.go.jp/22/index.php?action_kouhyou_detail_004_kani=true&JigyosyoCd=2278300047-00&ServiceCd=150&Type=search", "url2": "http://www.seirei.or.jp/elderlyhome/hamakita/" }, "geometry": { "type": "Point", "coordinates": [ 137.812000399999988, 34.7862272 ] } },
{ "type": "Feature", "properties": { "内容": "ケアステーションあさひ浜松いなさ【通所介護】静岡県浜松市浜名区引佐町井伊谷2086-1", "url": "https://www.kaigokensaku.mhlw.go.jp/22/index.php?action_kouhyou_detail_004_kani=true&JigyosyoCd=2277203515-00&ServiceCd=150&Type=search", "url2": "http://www.vati.co.jp/" }, "geometry": { "type": "Point", "coordinates": [ 137.674987099999981, 34.832343499999986 ] } },
{ "type": "Feature", "properties": { "内容": "三ヶ日デイサービス【通所介護】静岡県浜松市浜名区三ヶ日町都筑2951-1", "url": "https://www.kaigokensaku.mhlw.go.jp/22/index.php?action_kouhyou_detail_004_kani=true&JigyosyoCd=2277102899-00&ServiceCd=150&Type=search", "url2": "http://care-ohana.com/" }, "geometry": { "type": "Point", "coordinates": [ 137.575634299999962, 34.7899186 ] } },
{ "type": "Feature", "properties": { "内容": "エミフル中瀬デイサービスセンター【通所介護】静岡県浜松市浜名区西中瀬一丁目11番26号", "url": "https://www.kaigokensaku.mhlw.go.jp/22/index.php?action_kouhyou_detail_004_kani=true&JigyosyoCd=2277204604-00&ServiceCd=150&Type=search", "url2": null }, "geometry": { "type": "Point", "coordinates": [ 137.809228448353593, 34.821504740184366 ] } },
{ "type": "Feature", "properties": { "内容": "エミたす中瀬デイサービスセンター【通所介護】静岡県浜松市浜名区西中瀬一丁目9番地28号", "url": "https://www.kaigokensaku.mhlw.go.jp/22/index.php?action_kouhyou_detail_004_kani=true&JigyosyoCd=2277206146-00&ServiceCd=150&Type=search", "url2": null }, "geometry": { "type": "Point", "coordinates": [ 137.809084097483833, 34.820743134920029 ] } },
{ "type": "Feature", "properties": { "内容": "デイサービスセンターさくまの里【通所介護】浜松市天竜区佐久間町中部18-15", "url": "https://www.kaigokensaku.mhlw.go.jp/22/index.php?action_kouhyou_detail_004_kani=true&JigyosyoCd=2276600083-00&ServiceCd=150&Type=search", "url2": "http://www.seirei.or.jp/rel/sakuma/" }, "geometry": { "type": "Point", "coordinates": [ 137.799884099999986, 35.0835611 ] } },
{ "type": "Feature", "properties": { "内容": "デイサービスセンター秋葉の苑【通所介護】春野町堀之内71番地", "url": "https://www.kaigokensaku.mhlw.go.jp/22/index.php?action_kouhyou_detail_004_kani=true&JigyosyoCd=2277206773-00&ServiceCd=150&Type=search", "url2": "https://skihsnosono.webu.jp" }, "geometry": { "type": "Point", "coordinates": [ 137.889695, 34.9544675 ] } },
{ "type": "Feature", "properties": { "内容": "やまびこデイサービスセンター【通所介護】浜松市天竜区山東3382-2", "url": "https://www.kaigokensaku.mhlw.go.jp/22/index.php?action_kouhyou_detail_004_kani=true&JigyosyoCd=2276500044-00&ServiceCd=150&Type=search", "url2": "https://www.tenryu-kohseikai.or.jp/" }, "geometry": { "type": "Point", "coordinates": [ 137.826155500000027, 34.8706884 ] } },
{ "type": "Feature", "properties": { "内容": "みさくぼの里デイサービス【通所介護】浜松市天竜区水窪町奥領家２３５６－４", "url": "https://www.kaigokensaku.mhlw.go.jp/22/index.php?action_kouhyou_detail_004_kani=true&JigyosyoCd=2277204786-00&ServiceCd=150&Type=search", "url2": null }, "geometry": { "type": "Point", "coordinates": [ 137.8668821, 35.1533639 ] } },
{ "type": "Feature", "properties": { "内容": "みのり【通所介護】浜松市天竜区春野町豊岡2238-10", "url": "https://www.kaigokensaku.mhlw.go.jp/22/index.php?action_kouhyou_detail_004_kani=true&JigyosyoCd=2277205031-00&ServiceCd=150&Type=search", "url2": "http://www.koukyukai.jp/" }, "geometry": { "type": "Point", "coordinates": [ 137.912186199999951, 35.0114213 ] } },
{ "type": "Feature", "properties": { "内容": "通所介護事業所　ちょうどえ～2号館【通所介護】静岡県沼津市岡宮997-3", "url": "https://www.kaigokensaku.mhlw.go.jp/22/index.php?action_kouhyou_detail_004_kani=true&JigyosyoCd=2271102358-00&ServiceCd=150&Type=search", "url2": "ｓｙｕｎ．ｃｏ．ｊｐ＠ｗｏｎｄｅｒ．ｏｃｎ．ｎｅ．ｊｐ" }, "geometry": { "type": "Point", "coordinates": [ 138.871418700000049, 35.1307874 ] } },
{ "type": "Feature", "properties": { "内容": "ユアステップ　リハケアセンター【通所介護】静岡県沼津市中沢田512-2", "url": "https://www.kaigokensaku.mhlw.go.jp/22/index.php?action_kouhyou_detail_004_kani=true&JigyosyoCd=2271103471-00&ServiceCd=150&Type=search", "url2": "https://y-step.net" }, "geometry": { "type": "Point", "coordinates": [ 138.851765050926218, 35.122869712334605 ] } },
{ "type": "Feature", "properties": { "内容": "デイサービス　はまゆう【通所介護】静岡県沼津市大岡3882", "url": "https://www.kaigokensaku.mhlw.go.jp/22/index.php?action_kouhyou_detail_004_kani=true&JigyosyoCd=2271102465-00&ServiceCd=150&Type=search", "url2": null }, "geometry": { "type": "Point", "coordinates": [ 138.884775430969853, 35.128835918119577 ] } },
{ "type": "Feature", "properties": { "内容": "レコードブック沼津金岡【通所介護】筒井町18－3", "url": "https://www.kaigokensaku.mhlw.go.jp/22/index.php?action_kouhyou_detail_004_kani=true&JigyosyoCd=2271103612-00&ServiceCd=150&Type=search", "url2": "https://www.recordbook.jp/facility/numazukanaoka/" }, "geometry": { "type": "Point", "coordinates": [ 138.8647195, 35.1191302 ] } },
{ "type": "Feature", "properties": { "内容": "千本デイサービスセンター【通所介護】沼津市本字千本1910-206千本プラザ内", "url": "https://www.kaigokensaku.mhlw.go.jp/22/index.php?action_kouhyou_detail_004_kani=true&JigyosyoCd=2271100014-00&ServiceCd=150&Type=search", "url2": "http://numazu-shakyou.jp" }, "geometry": { "type": "Point", "coordinates": [ 138.849994704585242, 35.092826251206354 ] } },
{ "type": "Feature", "properties": { "内容": "デイサービスセンター炉暖の郷【通所介護】沼津市足高字尾上24-24", "url": "https://www.kaigokensaku.mhlw.go.jp/22/index.php?action_kouhyou_detail_004_kani=true&JigyosyoCd=2271100808-00&ServiceCd=150&Type=search", "url2": "http://www.rodankai.com/" }, "geometry": { "type": "Point", "coordinates": [ 138.845809920115698, 35.147526055668045 ] } },
{ "type": "Feature", "properties": { "内容": "デイサービスさん・さぽーと【通所介護】静岡県沼津市岡宮９９１－３０", "url": "https://www.kaigokensaku.mhlw.go.jp/22/index.php?action_kouhyou_detail_004_kani=true&JigyosyoCd=2271103091-00&ServiceCd=150&Type=search", "url2": "http://coco-familia.com" }, "geometry": { "type": "Point", "coordinates": [ 138.873744860970419, 35.130420595998224 ] } },
{ "type": "Feature", "properties": { "内容": "アースデイサロン小諏訪【通所介護】静岡県沼津市小諏訪976-1", "url": "https://www.kaigokensaku.mhlw.go.jp/22/index.php?action_kouhyou_detail_004_kani=true&JigyosyoCd=2271103414-00&ServiceCd=150&Type=search", "url2": null }, "geometry": { "type": "Point", "coordinates": [ 138.841203400000012, 35.1107679 ] } },
{ "type": "Feature", "properties": { "内容": "かぬきデイサービス【通所介護】沼津市下香貫猪沼981-2", "url": "https://www.kaigokensaku.mhlw.go.jp/22/index.php?action_kouhyou_detail_004_kani=true&JigyosyoCd=2271100097-00&ServiceCd=150&Type=search", "url2": "http：//www.shinai-kai.jp/numazuhome/" }, "geometry": { "type": "Point", "coordinates": [ 138.882872300000031, 35.0814889 ] } },
{ "type": "Feature", "properties": { "内容": "デイサービスセンター　あいの街沼津【通所介護】沼津市沢田10-12", "url": "https://www.kaigokensaku.mhlw.go.jp/22/index.php?action_kouhyou_detail_004_kani=true&JigyosyoCd=2271101624-00&ServiceCd=150&Type=search", "url2": null }, "geometry": { "type": "Point", "coordinates": [ 138.858443333682374, 35.12120538904243 ] } },
{ "type": "Feature", "properties": { "内容": "デイサービスセンターからふる沼津【通所介護】静岡県沼津市岡宮1302-12", "url": "https://www.kaigokensaku.mhlw.go.jp/22/index.php?action_kouhyou_detail_004_kani=true&JigyosyoCd=2271103463-00&ServiceCd=150&Type=search", "url2": null }, "geometry": { "type": "Point", "coordinates": [ 138.867183966864758, 35.139875686749434 ] } },
{ "type": "Feature", "properties": { "内容": "デイサービスセンター　沼津南陽光園【通所介護】静岡県沼津市下香貫浜田2985-1沼津南陽光園", "url": "https://www.kaigokensaku.mhlw.go.jp/22/index.php?action_kouhyou_detail_004_kani=true&JigyosyoCd=2271103265-00&ServiceCd=150&Type=search", "url2": "http://hakujukai-gp.jp/" }, "geometry": { "type": "Point", "coordinates": [ 138.8700776, 35.0770552 ] } },
{ "type": "Feature", "properties": { "内容": "デイサービス　アリスガーデン豊町【通所介護】静岡県沼津市豊町12番3アリスガーデン豊町", "url": "https://www.kaigokensaku.mhlw.go.jp/22/index.php?action_kouhyou_detail_004_kani=true&JigyosyoCd=2271103075-00&ServiceCd=150&Type=search", "url2": null }, "geometry": { "type": "Point", "coordinates": [ 138.860550778573611, 35.130188839858903 ] } },
{ "type": "Feature", "properties": { "内容": "はらデイサービスセンター【通所介護】沼津市原1200-3", "url": "https://www.kaigokensaku.mhlw.go.jp/22/index.php?action_kouhyou_detail_004_kani=true&JigyosyoCd=2271100154-00&ServiceCd=150&Type=search", "url2": "http://shunpuukai.com" }, "geometry": { "type": "Point", "coordinates": [ 138.79354520000004, 35.1294346 ] } },
{ "type": "Feature", "properties": { "内容": "戸田デイサービス【通所介護】静岡県沼津市戸田1575-1", "url": "https://www.kaigokensaku.mhlw.go.jp/22/index.php?action_kouhyou_detail_004_kani=true&JigyosyoCd=2270300276-00&ServiceCd=150&Type=search", "url2": "http://www.shinai-kai.jp/hedads/" }, "geometry": { "type": "Point", "coordinates": [ 138.792183699999981, 34.970519600000017 ] } },
{ "type": "Feature", "properties": { "内容": "あしたかホームデイサービスセンター【通所介護】沼津市東椎路1742番地の1", "url": "https://www.kaigokensaku.mhlw.go.jp/22/index.php?action_kouhyou_detail_004_kani=true&JigyosyoCd=2271100147-00&ServiceCd=150&Type=search", "url2": "http://www.shunpuukai.com" }, "geometry": { "type": "Point", "coordinates": [ 138.8313829, 35.1273474 ] } },
{ "type": "Feature", "properties": { "内容": "オーチャード沼津【通所介護】静岡県沼津市新宿町9-5", "url": "https://www.kaigokensaku.mhlw.go.jp/22/index.php?action_kouhyou_detail_004_kani=true&JigyosyoCd=2271103125-00&ServiceCd=150&Type=search", "url2": "http://numazu.orchard-care.co.jp/" }, "geometry": { "type": "Point", "coordinates": [ 138.86054230000002, 35.1072111 ] } },
{ "type": "Feature", "properties": { "内容": "デイサービスふれあいレジデンス大岡【通所介護】静岡県沼津市大岡2325-6", "url": "https://www.kaigokensaku.mhlw.go.jp/22/index.php?action_kouhyou_detail_004_kani=true&JigyosyoCd=2271101780-00&ServiceCd=150&Type=search", "url2": "http://w-being.jp" }, "geometry": { "type": "Point", "coordinates": [ 138.8775771760574, 35.112600181989606 ] } },
{ "type": "Feature", "properties": { "内容": "コスモスまかど【通所介護】沼津市東間門1-3-3番地", "url": "https://www.kaigokensaku.mhlw.go.jp/22/index.php?action_kouhyou_detail_004_kani=true&JigyosyoCd=2271100816-00&ServiceCd=150&Type=search", "url2": "http://www.cosmos-group.co.jp" }, "geometry": { "type": "Point", "coordinates": [ 138.844932299999982, 35.1013833 ] } },
{ "type": "Feature", "properties": { "内容": "沼津フジビューデイサービスセンター【通所介護】沼津市大岡字柏葉尾3571番地の１", "url": "https://www.kaigokensaku.mhlw.go.jp/22/index.php?action_kouhyou_detail_004_kani=true&JigyosyoCd=2271100030-00&ServiceCd=150&Type=search", "url2": "https://care-net.biz/22/suruga/" }, "geometry": { "type": "Point", "coordinates": [ 138.882118467983986, 35.138917903429551 ] } },
{ "type": "Feature", "properties": { "内容": "デイサービスセンターささのは【通所介護】沼津市筒井町8-22", "url": "https://www.kaigokensaku.mhlw.go.jp/22/index.php?action_kouhyou_detail_004_kani=true&JigyosyoCd=2271103521-00&ServiceCd=150&Type=search", "url2": "https://www.kslife-service.com/" }, "geometry": { "type": "Point", "coordinates": [ 138.864268399999986, 35.1198198 ] } },
{ "type": "Feature", "properties": { "内容": "リハビリデイ　あかつき【通所介護】静岡県沼津市高島本町12-20", "url": "https://www.kaigokensaku.mhlw.go.jp/22/index.php?action_kouhyou_detail_004_kani=true&JigyosyoCd=2271102978-00&ServiceCd=150&Type=search", "url2": "http://egawaiin.com/" }, "geometry": { "type": "Point", "coordinates": [ 138.861228715591466, 35.109939795928923 ] } },
{ "type": "Feature", "properties": { "内容": "白鳥デイサービスセンター【通所介護】沼津市新沢田町７－３３", "url": "https://www.kaigokensaku.mhlw.go.jp/22/index.php?action_kouhyou_detail_004_kani=true&JigyosyoCd=2271101129-00&ServiceCd=150&Type=search", "url2": "https://www.kaigo-shiratori.com" }, "geometry": { "type": "Point", "coordinates": [ 138.851489799999968, 35.1179824 ] } },
{ "type": "Feature", "properties": { "内容": "デイサービスセンターみはるの丘【通所介護】沼津市平沼929-1", "url": "https://www.kaigokensaku.mhlw.go.jp/22/index.php?action_kouhyou_detail_004_kani=true&JigyosyoCd=2271100972-00&ServiceCd=150&Type=search", "url2": "http://shunpuukai.com" }, "geometry": { "type": "Point", "coordinates": [ 138.781246600000031, 35.149157 ] } },
{ "type": "Feature", "properties": { "内容": "ケアステーションあさひ沼津片浜【通所介護】静岡県沼津市松長302-3", "url": "https://www.kaigokensaku.mhlw.go.jp/22/index.php?action_kouhyou_detail_004_kani=true&JigyosyoCd=2271102556-00&ServiceCd=150&Type=search", "url2": "http://www.vati.co.jp/" }, "geometry": { "type": "Point", "coordinates": [ 138.82305580000002, 35.115262 ] } },
{ "type": "Feature", "properties": { "内容": "デイサービス　のあのあ【通所介護】静岡県沼津市大平字出水2804-1", "url": "https://www.kaigokensaku.mhlw.go.jp/22/index.php?action_kouhyou_detail_004_kani=true&JigyosyoCd=2271102846-00&ServiceCd=150&Type=search", "url2": "https://www.wellnesscare.or.jp" }, "geometry": { "type": "Point", "coordinates": [ 138.914655300000049, 35.0705937 ] } },
{ "type": "Feature", "properties": { "内容": "デイサービスこころ沼津千本【通所介護】千本西町40", "url": "https://www.kaigokensaku.mhlw.go.jp/22/index.php?action_kouhyou_detail_004_kani=true&JigyosyoCd=2271103646-00&ServiceCd=150&Type=search", "url2": null }, "geometry": { "type": "Point", "coordinates": [ 138.854165, 35.0857795 ] } },
{ "type": "Feature", "properties": { "内容": "沼津ケアセンターそよ風【通所介護】沼津市中沢田字中沢391－1沼津ケアセンターソヨカゼ", "url": "https://www.kaigokensaku.mhlw.go.jp/22/index.php?action_kouhyou_detail_004_kani=true&JigyosyoCd=2271100824-00&ServiceCd=150&Type=search", "url2": null }, "geometry": { "type": "Point", "coordinates": [ 138.855639099999962, 35.1228035 ] } },
{ "type": "Feature", "properties": { "内容": "エミーズ東間門【通所介護】静岡県沼津市東間門625-6", "url": "https://www.kaigokensaku.mhlw.go.jp/22/index.php?action_kouhyou_detail_004_kani=true&JigyosyoCd=2271103315-00&ServiceCd=150&Type=search", "url2": "http://www.sunnlife.jp/emmys" }, "geometry": { "type": "Point", "coordinates": [ 138.846935, 35.10295 ] } },
{ "type": "Feature", "properties": { "内容": "エミーズ原【通所介護】静岡県沼津市大塚1134", "url": "https://www.kaigokensaku.mhlw.go.jp/22/index.php?action_kouhyou_detail_004_kani=true&JigyosyoCd=2271103331-00&ServiceCd=150&Type=search", "url2": "https://www.sunlife.jp/emmys/hara/" }, "geometry": { "type": "Point", "coordinates": [ 138.8062059, 35.127225 ] } },
{ "type": "Feature", "properties": { "内容": "ツクイ沼津下香貫【通所介護】静岡県沼津市下香貫字八重148-14", "url": "https://www.kaigokensaku.mhlw.go.jp/22/index.php?action_kouhyou_detail_004_kani=true&JigyosyoCd=2271103539-00&ServiceCd=150&Type=search", "url2": null }, "geometry": { "type": "Point", "coordinates": [ 138.876276791219709, 35.087393185792315 ] } },
{ "type": "Feature", "properties": { "内容": "デイサービスセンター陽光園【通所介護】沼津市岡宮字下松沢1417番地の1", "url": "https://www.kaigokensaku.mhlw.go.jp/22/index.php?action_kouhyou_detail_004_kani=true&JigyosyoCd=2271101509-00&ServiceCd=150&Type=search", "url2": "yokoen@pure.ocn.ne.jp" }, "geometry": { "type": "Point", "coordinates": [ 138.865402600000039, 35.1263349 ] } },
{ "type": "Feature", "properties": { "内容": "元気広場沼津【通所介護】静岡県沼津市大岡2147-1", "url": "https://www.kaigokensaku.mhlw.go.jp/22/index.php?action_kouhyou_detail_004_kani=true&JigyosyoCd=2271103695-00&ServiceCd=150&Type=search", "url2": "https://genkihiroba.jp/" }, "geometry": { "type": "Point", "coordinates": [ 138.8743359, 35.1180849 ] } },
{ "type": "Feature", "properties": { "内容": "デイサービスセンター豆の木【通所介護】静岡県沼津市青野14-2", "url": "https://www.kaigokensaku.mhlw.go.jp/22/index.php?action_kouhyou_detail_004_kani=true&JigyosyoCd=2271103653-00&ServiceCd=150&Type=search", "url2": null }, "geometry": { "type": "Point", "coordinates": [ 138.8070198, 35.1327363 ] } },
{ "type": "Feature", "properties": { "内容": "ひだまりの郷　通所介護事業所【通所介護】沼津市内浦重須624", "url": "https://www.kaigokensaku.mhlw.go.jp/22/index.php?action_kouhyou_detail_004_kani=true&JigyosyoCd=2271100113-00&ServiceCd=150&Type=search", "url2": null }, "geometry": { "type": "Point", "coordinates": [ 138.883811799999989, 35.0174992 ] } },
{ "type": "Feature", "properties": { "内容": "アクタガワ　カフェ＆リハ沼津開北【通所介護】沼津市沼北町1-1-7", "url": "https://www.kaigokensaku.mhlw.go.jp/22/index.php?action_kouhyou_detail_004_kani=true&JigyosyoCd=2271103703-00&ServiceCd=150&Type=search", "url2": "https://akutagawa-dayservice.com/cafe-reha/" }, "geometry": { "type": "Point", "coordinates": [ 138.854934899999989, 35.1118385 ] } },
{ "type": "Feature", "properties": { "内容": "友愛デイサービス【通所介護】静岡県沼津市西島町19番64号", "url": "https://www.kaigokensaku.mhlw.go.jp/22/index.php?action_kouhyou_detail_004_kani=true&JigyosyoCd=2271100832-00&ServiceCd=150&Type=search", "url2": "http:yuai01.webcrow.jp/" }, "geometry": { "type": "Point", "coordinates": [ 138.864606027692673, 35.084725695565595 ] } },
{ "type": "Feature", "properties": { "内容": "ケアステーションあさひ沼津香貫【通所介護】静岡県沼津市上香貫二瀬川町1486番14", "url": "https://www.kaigokensaku.mhlw.go.jp/22/index.php?action_kouhyou_detail_004_kani=true&JigyosyoCd=2271102606-00&ServiceCd=150&Type=search", "url2": "http://www.vati.co.jp/" }, "geometry": { "type": "Point", "coordinates": [ 138.870250700000042, 35.086649 ] } },
{ "type": "Feature", "properties": { "内容": "ツクイ西沢田【通所介護】沼津市西沢田498-2", "url": "https://www.kaigokensaku.mhlw.go.jp/22/index.php?action_kouhyou_detail_004_kani=true&JigyosyoCd=2271103380-00&ServiceCd=150&Type=search", "url2": null }, "geometry": { "type": "Point", "coordinates": [ 138.849546299999986, 35.1206919 ] } },
{ "type": "Feature", "properties": { "内容": "通所介護事業所海光園【通所介護】熱海市上多賀１０１６－１０", "url": "https://www.kaigokensaku.mhlw.go.jp/22/index.php?action_kouhyou_detail_004_kani=true&JigyosyoCd=2270500065-00&ServiceCd=150&Type=search", "url2": "https://www.kaikoukai-atami.org/" }, "geometry": { "type": "Point", "coordinates": [ 139.066299399999906, 35.0708125 ] } },
{ "type": "Feature", "properties": { "内容": "姫の沢荘デイサービスセンター【通所介護】熱海市西熱海町二丁目２４－８", "url": "https://www.kaigokensaku.mhlw.go.jp/22/index.php?action_kouhyou_detail_004_kani=true&JigyosyoCd=2270500057-00&ServiceCd=150&Type=search", "url2": "http://www.ideyunosono.or.jp" }, "geometry": { "type": "Point", "coordinates": [ 139.04990650000002, 35.1142629 ] } },
{ "type": "Feature", "properties": { "内容": "まりんデイサービスセンター【通所介護】熱海市網代４６２－７", "url": "https://www.kaigokensaku.mhlw.go.jp/22/index.php?action_kouhyou_detail_004_kani=true&JigyosyoCd=2270500461-00&ServiceCd=150&Type=search", "url2": "http://httr.jp" }, "geometry": { "type": "Point", "coordinates": [ 139.09296930000005, 35.0492999 ] } },
{ "type": "Feature", "properties": { "内容": "ディサービスセンター　熱海伊豆海の郷【通所介護】熱海市伊豆山７１７－１", "url": "https://www.kaigokensaku.mhlw.go.jp/22/index.php?action_kouhyou_detail_004_kani=true&JigyosyoCd=2270500313-00&ServiceCd=150&Type=search", "url2": "http://www.s-koseikai.jp/" }, "geometry": { "type": "Point", "coordinates": [ 139.084736600000042, 35.1165021 ] } },
{ "type": "Feature", "properties": { "内容": "クラシオンデポルテ熱海【通所介護】熱海市下多賀804-9", "url": "https://www.kaigokensaku.mhlw.go.jp/22/index.php?action_kouhyou_detail_004_kani=true&JigyosyoCd=2270500420-00&ServiceCd=150&Type=search", "url2": "http://www.izukaigo.com/" }, "geometry": { "type": "Point", "coordinates": [ 139.069135499999987, 35.0458605 ] } },
{ "type": "Feature", "properties": { "内容": "通所介護事業所ひまわり【通所介護】静岡県熱海市伊豆山1173-175", "url": "https://www.kaigokensaku.mhlw.go.jp/22/index.php?action_kouhyou_detail_004_kani=true&JigyosyoCd=2270500941-00&ServiceCd=150&Type=search", "url2": null }, "geometry": { "type": "Point", "coordinates": [ 139.0804479, 35.1218439 ] } },
{ "type": "Feature", "properties": { "内容": "フルーズ熱海【通所介護】熱海市緑ガ丘町9-7", "url": "https://www.kaigokensaku.mhlw.go.jp/22/index.php?action_kouhyou_detail_004_kani=true&JigyosyoCd=2270500610-00&ServiceCd=150&Type=search", "url2": "http://www.izukaigo.com/" }, "geometry": { "type": "Point", "coordinates": [ 139.064530399999967, 35.1069335 ] } },
{ "type": "Feature", "properties": { "内容": "あたみ翔裕館【通所介護】静岡県熱海市水口町2-3", "url": "https://www.kaigokensaku.mhlw.go.jp/22/index.php?action_kouhyou_detail_004_kani=true&JigyosyoCd=2270500966-00&ServiceCd=150&Type=search", "url2": "https://sangajapan.jp/product/atami" }, "geometry": { "type": "Point", "coordinates": [ 139.0667167, 35.0939425 ] } },
{ "type": "Feature", "properties": { "内容": "ライブリーデイ中銀熱海【通所介護】咲見町6-5中銀ケアホテルA棟3階", "url": "https://www.kaigokensaku.mhlw.go.jp/22/index.php?action_kouhyou_detail_004_kani=true&JigyosyoCd=2270500651-00&ServiceCd=150&Type=search", "url2": "http://www.lively-nakagin.com/dayservice/" }, "geometry": { "type": "Point", "coordinates": [ 139.072604700000056, 35.0993566 ] } },
{ "type": "Feature", "properties": { "内容": "ぽっかぽか・ハートケア熱海【通所介護】熱海市西熱海町一丁目２０番８号ぽっかぽか・熱海館２号館", "url": "https://www.kaigokensaku.mhlw.go.jp/22/index.php?action_kouhyou_detail_004_kani=true&JigyosyoCd=2270500594-00&ServiceCd=150&Type=search", "url2": "https://poka2.net" }, "geometry": { "type": "Point", "coordinates": [ 139.060275199999978, 35.1055447 ] } },
{ "type": "Feature", "properties": { "内容": "AMBIKあたみ【通所介護】熱海市上多賀967-24", "url": "https://www.kaigokensaku.mhlw.go.jp/22/index.php?action_kouhyou_detail_004_kani=true&JigyosyoCd=2270500016-00&ServiceCd=150&Type=search", "url2": "http://www.surugacare.com" }, "geometry": { "type": "Point", "coordinates": [ 139.075162299999988, 35.0666441 ] } },
{ "type": "Feature", "properties": { "内容": "まごころデイサービスエミディオ【通所介護】静岡県熱海市泉269-32", "url": "https://www.kaigokensaku.mhlw.go.jp/22/index.php?action_kouhyou_detail_004_kani=true&JigyosyoCd=2270500925-00&ServiceCd=150&Type=search", "url2": "http://www.richfield.co.jp/index.html" }, "geometry": { "type": "Point", "coordinates": [ 139.079854669836436, 35.136258373138517 ] } },
{ "type": "Feature", "properties": { "内容": "デイサービス　モアナテラス【通所介護】静岡県三島市松本39-3", "url": "https://www.kaigokensaku.mhlw.go.jp/22/index.php?action_kouhyou_detail_004_kani=true&JigyosyoCd=2270601350-00&ServiceCd=150&Type=search", "url2": null }, "geometry": { "type": "Point", "coordinates": [ 138.917744500000026, 35.0934223 ] } },
{ "type": "Feature", "properties": { "内容": "通所介護事業所　ひいらぎ【通所介護】静岡県三島市新谷154-11", "url": "https://www.kaigokensaku.mhlw.go.jp/22/index.php?action_kouhyou_detail_004_kani=true&JigyosyoCd=2270601426-00&ServiceCd=150&Type=search", "url2": "http://www.rhe.co.jp/" }, "geometry": { "type": "Point", "coordinates": [ 138.9161703, 35.1039869 ] } },
{ "type": "Feature", "properties": { "内容": "ケアサポートゆうき【通所介護】静岡県三島市谷田507-2", "url": "https://www.kaigokensaku.mhlw.go.jp/22/index.php?action_kouhyou_detail_004_kani=true&JigyosyoCd=2270601079-00&ServiceCd=150&Type=search", "url2": null }, "geometry": { "type": "Point", "coordinates": [ 138.933722435798927, 35.110222766013891 ] } },
{ "type": "Feature", "properties": { "内容": "共立福祉サービスセンターあおい【通所介護】静岡県三島市梅名５９４－１", "url": "https://www.kaigokensaku.mhlw.go.jp/22/index.php?action_kouhyou_detail_004_kani=true&JigyosyoCd=2270600386-00&ServiceCd=150&Type=search", "url2": null }, "geometry": { "type": "Point", "coordinates": [ 138.9258069, 35.0986211 ] } },
{ "type": "Feature", "properties": { "内容": "ニチイケアセンター三島【通所介護】徳倉2丁目13番11号", "url": "https://www.kaigokensaku.mhlw.go.jp/22/index.php?action_kouhyou_detail_004_kani=true&JigyosyoCd=2270600956-00&ServiceCd=150&Type=search", "url2": null }, "geometry": { "type": "Point", "coordinates": [ 138.917284399999971, 35.1370453 ] } },
{ "type": "Feature", "properties": { "内容": "デイサービス　勿忘草【通所介護】静岡県三島市一番町１３番１１号３階", "url": "https://www.kaigokensaku.mhlw.go.jp/22/index.php?action_kouhyou_detail_004_kani=true&JigyosyoCd=2270601558-00&ServiceCd=150&Type=search", "url2": null }, "geometry": { "type": "Point", "coordinates": [ 138.9129752, 35.124878400000021 ] } },
{ "type": "Feature", "properties": { "内容": "デイサービス　なでしこ【通所介護】静岡県三島市佐野７８", "url": "https://www.kaigokensaku.mhlw.go.jp/22/index.php?action_kouhyou_detail_004_kani=true&JigyosyoCd=2270600857-00&ServiceCd=150&Type=search", "url2": "http://ho.kaipoke.biz/178" }, "geometry": { "type": "Point", "coordinates": [ 138.924742, 35.1641643 ] } },
{ "type": "Feature", "properties": { "内容": "デイサービス　こうめちゃん【通所介護】三島市梅名585番地の2", "url": "https://www.kaigokensaku.mhlw.go.jp/22/index.php?action_kouhyou_detail_004_kani=true&JigyosyoCd=2250680044-00&ServiceCd=150&Type=search", "url2": "http://www.umenanosato.com" }, "geometry": { "type": "Point", "coordinates": [ 138.92416017661705, 35.098094243526909 ] } },
{ "type": "Feature", "properties": { "内容": "デイサービスセンターヴィターレ・ソラーレ【通所介護】三島市佐野1150-1", "url": "https://www.kaigokensaku.mhlw.go.jp/22/index.php?action_kouhyou_detail_004_kani=true&JigyosyoCd=2270600592-00&ServiceCd=150&Type=search", "url2": "https://vitale-dsv.com" }, "geometry": { "type": "Point", "coordinates": [ 138.921542300000027, 35.1555736 ] } },
{ "type": "Feature", "properties": { "内容": "デイサービスセンターヴィターレ・ルーチェ【通所介護】三島市佐野1150番地の1", "url": "https://www.kaigokensaku.mhlw.go.jp/22/index.php?action_kouhyou_detail_004_kani=true&JigyosyoCd=2270600725-00&ServiceCd=150&Type=search", "url2": "https:/www.vitale-dsv.com/" }, "geometry": { "type": "Point", "coordinates": [ 138.921542300000027, 35.1555736 ] } },
{ "type": "Feature", "properties": { "内容": "みしまケアセンターそよ風【通所介護】三島市萩196-1", "url": "https://www.kaigokensaku.mhlw.go.jp/22/index.php?action_kouhyou_detail_004_kani=true&JigyosyoCd=2270600352-00&ServiceCd=150&Type=search", "url2": "www.sykz.co.jp" }, "geometry": { "type": "Point", "coordinates": [ 138.908155123046413, 35.147520790705684 ] } },
{ "type": "Feature", "properties": { "内容": "デイサービス・ダイバ【通所介護】三島市大場３９２－２", "url": "https://www.kaigokensaku.mhlw.go.jp/22/index.php?action_kouhyou_detail_004_kani=true&JigyosyoCd=2270600402-00&ServiceCd=150&Type=search", "url2": "http://www.htdaiba.com" }, "geometry": { "type": "Point", "coordinates": [ 138.942691599999989, 35.0944884 ] } },
{ "type": "Feature", "properties": { "内容": "デイサービスセンターたまざわ【通所介護】三島市玉沢９５番地１", "url": "https://www.kaigokensaku.mhlw.go.jp/22/index.php?action_kouhyou_detail_004_kani=true&JigyosyoCd=2270600014-00&ServiceCd=150&Type=search", "url2": "http://www.syafuku-izu.jp/" }, "geometry": { "type": "Point", "coordinates": [ 138.961128300000041, 35.1222002 ] } },
{ "type": "Feature", "properties": { "内容": "老人デイサービス事業　南二日町【通所介護】静岡県三島市南二日町5-41", "url": "https://www.kaigokensaku.mhlw.go.jp/22/index.php?action_kouhyou_detail_004_kani=true&JigyosyoCd=2270601210-00&ServiceCd=150&Type=search", "url2": "http://kashokai.or.jp/futsukamachi/index" }, "geometry": { "type": "Point", "coordinates": [ 138.922495900000058, 35.1089089 ] } },
{ "type": "Feature", "properties": { "内容": "デイサービスラスベガス三島沢地【通所介護】静岡県三島市沢地149番地の8", "url": "https://www.kaigokensaku.mhlw.go.jp/22/index.php?action_kouhyou_detail_004_kani=true&JigyosyoCd=2270601376-00&ServiceCd=150&Type=search", "url2": "http://www.tamura-sougyo.co.jp/nursing/" }, "geometry": { "type": "Point", "coordinates": [ 138.924907299999973, 35.1389026 ] } },
{ "type": "Feature", "properties": { "内容": "老人デイサービスセンター「ふるさとの丘」【通所介護】三島市徳倉208-1", "url": "https://www.kaigokensaku.mhlw.go.jp/22/index.php?action_kouhyou_detail_004_kani=true&JigyosyoCd=2270600345-00&ServiceCd=150&Type=search", "url2": "http://www.furusatonooka.or.jp/" }, "geometry": { "type": "Point", "coordinates": [ 138.923295, 35.1425974 ] } },
{ "type": "Feature", "properties": { "内容": "デイサービスセンタードゥハーベスト【通所介護】三島市中田町５５１", "url": "https://www.kaigokensaku.mhlw.go.jp/22/index.php?action_kouhyou_detail_004_kani=true&JigyosyoCd=2270600840-00&ServiceCd=150&Type=search", "url2": "http:/harvest-life.net/" }, "geometry": { "type": "Point", "coordinates": [ 138.9189738, 35.1147973 ] } },
{ "type": "Feature", "properties": { "内容": "デイサービスふれあい富士【通所介護】静岡県三島市中319-4", "url": "https://www.kaigokensaku.mhlw.go.jp/22/index.php?action_kouhyou_detail_004_kani=true&JigyosyoCd=2270601087-00&ServiceCd=150&Type=search", "url2": "https://fureaifuji.com/" }, "geometry": { "type": "Point", "coordinates": [ 138.93072231229246, 35.10326120753539 ] } },
{ "type": "Feature", "properties": { "内容": "りは・かふぇ【通所介護】静岡県三島市松本294-6", "url": "https://www.kaigokensaku.mhlw.go.jp/22/index.php?action_kouhyou_detail_004_kani=true&JigyosyoCd=2270601335-00&ServiceCd=150&Type=search", "url2": "www.reha-cafe.com" }, "geometry": { "type": "Point", "coordinates": [ 138.916703044180309, 35.091890537479998 ] } },
{ "type": "Feature", "properties": { "内容": "ツクイ三島【通所介護】静岡県三島市徳倉1-15-18", "url": "https://www.kaigokensaku.mhlw.go.jp/22/index.php?action_kouhyou_detail_004_kani=true&JigyosyoCd=2270601400-00&ServiceCd=150&Type=search", "url2": null }, "geometry": { "type": "Point", "coordinates": [ 138.914418, 35.141672 ] } },
{ "type": "Feature", "properties": { "内容": "デイサービス福和家【通所介護】静岡県三島市徳倉３丁目１－２９", "url": "https://www.kaigokensaku.mhlw.go.jp/22/index.php?action_kouhyou_detail_004_kani=true&JigyosyoCd=2270601194-00&ServiceCd=150&Type=search", "url2": "http://www.calmlife.jp" }, "geometry": { "type": "Point", "coordinates": [ 138.917406600000049, 35.1404837 ] } },
{ "type": "Feature", "properties": { "内容": "ケアステーションあさひ三島【通所介護】静岡県三島市加茂川町3番33号", "url": "https://www.kaigokensaku.mhlw.go.jp/22/index.php?action_kouhyou_detail_004_kani=true&JigyosyoCd=2270600865-00&ServiceCd=150&Type=search", "url2": "http://www.vati.co.jp/" }, "geometry": { "type": "Point", "coordinates": [ 138.922525899999982, 35.1248297 ] } },
{ "type": "Feature", "properties": { "内容": "デイサービス　いづテラス【通所介護】静岡県三島市松本293番16ネックス", "url": "https://www.kaigokensaku.mhlw.go.jp/22/index.php?action_kouhyou_detail_004_kani=true&JigyosyoCd=2270601053-00&ServiceCd=150&Type=search", "url2": "http://www.izuterrace.jp/" }, "geometry": { "type": "Point", "coordinates": [ 138.916935500000022, 35.0925884 ] } },
{ "type": "Feature", "properties": { "内容": "機能訓練型デイサービスEast-one三島【通所介護】徳倉4丁目23番地41号", "url": "https://www.kaigokensaku.mhlw.go.jp/22/index.php?action_kouhyou_detail_004_kani=true&JigyosyoCd=2270601038-00&ServiceCd=150&Type=search", "url2": "http://ameblo.jp/east-one21/entry-11579122305.html" }, "geometry": { "type": "Point", "coordinates": [ 138.911251499999906, 35.144611 ] } },
{ "type": "Feature", "properties": { "内容": "株式会社　　スローライフ【通所介護】静岡県三島市徳倉3丁目23番１６スローライフ三島ガーデン", "url": "https://www.kaigokensaku.mhlw.go.jp/22/index.php?action_kouhyou_detail_004_kani=true&JigyosyoCd=2270601046-00&ServiceCd=150&Type=search", "url2": null }, "geometry": { "type": "Point", "coordinates": [ 138.916256699999963, 35.1411587 ] } },
{ "type": "Feature", "properties": { "内容": "デイサービスセンター星の郷【通所介護】静岡県富士宮市星山１０５８番地", "url": "https://www.kaigokensaku.mhlw.go.jp/22/index.php?action_kouhyou_detail_004_kani=true&JigyosyoCd=2272100203-00&ServiceCd=150&Type=search", "url2": "http://www.hoshi-no-sato.or.jp/" }, "geometry": { "type": "Point", "coordinates": [ 138.618088100000023, 35.20432 ] } },
{ "type": "Feature", "properties": { "内容": "デイサービスセンターみどりの里【通所介護】富士宮市上井出２０２９－１", "url": "https://www.kaigokensaku.mhlw.go.jp/22/index.php?action_kouhyou_detail_004_kani=true&JigyosyoCd=2272100013-00&ServiceCd=150&Type=search", "url2": "http://www.fujikoseikai.or.jp/" }, "geometry": { "type": "Point", "coordinates": [ 138.607156499999974, 35.3092847 ] } },
{ "type": "Feature", "properties": { "内容": "デイサービスセンター百恵の郷【通所介護】大鹿窪１４３－１", "url": "https://www.kaigokensaku.mhlw.go.jp/22/index.php?action_kouhyou_detail_004_kani=true&JigyosyoCd=2272200011-00&ServiceCd=150&Type=search", "url2": "http://s-koseikai.jp" }, "geometry": { "type": "Point", "coordinates": [ 138.556695399999967, 35.2533794 ] } },
{ "type": "Feature", "properties": { "内容": "デイサービスセンターいちばん星【通所介護】静岡県富士宮市淀川町３５－１５", "url": "https://www.kaigokensaku.mhlw.go.jp/22/index.php?action_kouhyou_detail_004_kani=true&JigyosyoCd=2272100963-00&ServiceCd=150&Type=search", "url2": "http//www.hoshi-no-sato.or.jp/" }, "geometry": { "type": "Point", "coordinates": [ 138.599778300000025, 35.2330937 ] } },
{ "type": "Feature", "properties": { "内容": "しらいとデイサービスセンター【通所介護】静岡県富士宮市上井出1285-1", "url": "https://www.kaigokensaku.mhlw.go.jp/22/index.php?action_kouhyou_detail_004_kani=true&JigyosyoCd=2272100062-00&ServiceCd=150&Type=search", "url2": "www.tenryu-kohseikai.or.jp" }, "geometry": { "type": "Point", "coordinates": [ 138.5963183, 35.3104524 ] } },
{ "type": "Feature", "properties": { "内容": "デイサービスセンターアルク百葉富士宮【通所介護】富士宮市小泉258-1", "url": "https://www.kaigokensaku.mhlw.go.jp/22/index.php?action_kouhyou_detail_004_kani=true&JigyosyoCd=2272100146-00&ServiceCd=150&Type=search", "url2": null }, "geometry": { "type": "Point", "coordinates": [ 138.634637407026133, 35.209138629452504 ] } },
{ "type": "Feature", "properties": { "内容": "ニチイケアセンター富士宮【通所介護】富士宮市淀師字渋沢496-16", "url": "https://www.kaigokensaku.mhlw.go.jp/22/index.php?action_kouhyou_detail_004_kani=true&JigyosyoCd=2272100120-00&ServiceCd=150&Type=search", "url2": "http://www.nichiigakkan.co.jp" }, "geometry": { "type": "Point", "coordinates": [ 138.596973, 35.2418148 ] } },
{ "type": "Feature", "properties": { "内容": "デイサービスセンターアルク富士宮【通所介護】静岡県富士宮市西小泉町21-5", "url": "https://www.kaigokensaku.mhlw.go.jp/22/index.php?action_kouhyou_detail_004_kani=true&JigyosyoCd=2272101318-00&ServiceCd=150&Type=search", "url2": null }, "geometry": { "type": "Point", "coordinates": [ 138.629280858860767, 35.216296199303713 ] } },
{ "type": "Feature", "properties": { "内容": "デイサービスセンター楓の丘【通所介護】静岡県富士宮市羽鮒２５０５－１", "url": "https://www.kaigokensaku.mhlw.go.jp/22/index.php?action_kouhyou_detail_004_kani=true&JigyosyoCd=2272101193-00&ServiceCd=150&Type=search", "url2": "http://s-koseikai.jp/" }, "geometry": { "type": "Point", "coordinates": [ 138.582502200000022, 35.2142483 ] } },
{ "type": "Feature", "properties": { "内容": "ディサービスセンター　やすらぎホーム【通所介護】静岡県富士宮市貫戸１０３番地の２", "url": "https://www.kaigokensaku.mhlw.go.jp/22/index.php?action_kouhyou_detail_004_kani=true&JigyosyoCd=2272100021-00&ServiceCd=150&Type=search", "url2": "http://www.takaharasou.jp/" }, "geometry": { "type": "Point", "coordinates": [ 138.623254164418057, 35.203852715453394 ] } },
{ "type": "Feature", "properties": { "内容": "デイサービスグラーダ小泉【通所介護】静岡県富士宮市小泉2145-1", "url": "https://www.kaigokensaku.mhlw.go.jp/22/index.php?action_kouhyou_detail_004_kani=true&JigyosyoCd=2272100930-00&ServiceCd=150&Type=search", "url2": "http://www.livleda.com/" }, "geometry": { "type": "Point", "coordinates": [ 138.640269499999931, 35.2192966 ] } },
{ "type": "Feature", "properties": { "内容": "デイサービスだんらん和が家【通所介護】富士宮市杉田546番地の２", "url": "https://www.kaigokensaku.mhlw.go.jp/22/index.php?action_kouhyou_detail_004_kani=true&JigyosyoCd=2272100484-00&ServiceCd=150&Type=search", "url2": "nagomi1216@wine.ocn.ne.jp" }, "geometry": { "type": "Point", "coordinates": [ 138.658132852392555, 35.214003555253086 ] } },
{ "type": "Feature", "properties": { "内容": "機能訓練StationRemind【通所介護】静岡県富士宮市西小泉町50-11", "url": "https://www.kaigokensaku.mhlw.go.jp/22/index.php?action_kouhyou_detail_004_kani=true&JigyosyoCd=2272101649-00&ServiceCd=150&Type=search", "url2": null }, "geometry": { "type": "Point", "coordinates": [ 138.630614499999979, 35.2194713 ] } },
{ "type": "Feature", "properties": { "内容": "デイサービスセンター小春【通所介護】富士宮市安居山７１０－４６", "url": "https://www.kaigokensaku.mhlw.go.jp/22/index.php?action_kouhyou_detail_004_kani=true&JigyosyoCd=2272100385-00&ServiceCd=150&Type=search", "url2": null }, "geometry": { "type": "Point", "coordinates": [ 138.591476599999964, 35.2132625 ] } },
{ "type": "Feature", "properties": { "内容": "デイサービスセンターひより【通所介護】富士宮市山宮2052-1介護センターひより", "url": "https://www.kaigokensaku.mhlw.go.jp/22/index.php?action_kouhyou_detail_004_kani=true&JigyosyoCd=2272100286-00&ServiceCd=150&Type=search", "url2": "http://sukoyakahiyori.jimdofree.com" }, "geometry": { "type": "Point", "coordinates": [ 138.619217599999956, 35.2658951 ] } },
{ "type": "Feature", "properties": { "内容": "デイサービス　シンGとハイG【通所介護】静岡県富士宮市田中町７６２－１介護付き有料老人ホーム　フクCー田中１階", "url": "https://www.kaigokensaku.mhlw.go.jp/22/index.php?action_kouhyou_detail_004_kani=true&JigyosyoCd=2272101490-00&ServiceCd=150&Type=search", "url2": "http://free-way.jp/" }, "geometry": { "type": "Point", "coordinates": [ 138.619359448370261, 35.216783833209448 ] } },
{ "type": "Feature", "properties": { "内容": "デイサービスセンターアルク百葉二の宮【通所介護】富士宮市北町１４－５", "url": "https://www.kaigokensaku.mhlw.go.jp/22/index.php?action_kouhyou_detail_004_kani=true&JigyosyoCd=2272100575-00&ServiceCd=150&Type=search", "url2": null }, "geometry": { "type": "Point", "coordinates": [ 138.6131934, 35.2336802 ] } },
{ "type": "Feature", "properties": { "内容": "通所介護えるなな富士宮【通所介護】静岡県富士宮市小泉481-7エルナナグレイス小泉", "url": "https://www.kaigokensaku.mhlw.go.jp/22/index.php?action_kouhyou_detail_004_kani=true&JigyosyoCd=2272101896-00&ServiceCd=150&Type=search", "url2": null }, "geometry": { "type": "Point", "coordinates": [ 138.63336334418031, 35.212583488910781 ] } },
{ "type": "Feature", "properties": { "内容": "ツクイ富士宮西小泉【通所介護】西小泉町37-7", "url": "https://www.kaigokensaku.mhlw.go.jp/22/index.php?action_kouhyou_detail_004_kani=true&JigyosyoCd=2272101854-00&ServiceCd=150&Type=search", "url2": null }, "geometry": { "type": "Point", "coordinates": [ 138.6295194, 35.220847 ] } },
{ "type": "Feature", "properties": { "内容": "デイサービスセンター　キャメル【通所介護】富士宮市外神東町34", "url": "https://www.kaigokensaku.mhlw.go.jp/22/index.php?action_kouhyou_detail_004_kani=true&JigyosyoCd=2272101391-00&ServiceCd=150&Type=search", "url2": "http://seijukai-gp.jp/" }, "geometry": { "type": "Point", "coordinates": [ 138.609336910416033, 35.262713185507955 ] } },
{ "type": "Feature", "properties": { "内容": "Ｋライン・ケアセンター富士宮【通所介護】静岡県富士宮市万野原新田3317-1", "url": "https://www.kaigokensaku.mhlw.go.jp/22/index.php?action_kouhyou_detail_004_kani=true&JigyosyoCd=2272100765-00&ServiceCd=150&Type=search", "url2": null }, "geometry": { "type": "Point", "coordinates": [ 138.624819900000034, 35.2496616 ] } },
{ "type": "Feature", "properties": { "内容": "デイサポートまんのはら【通所介護】静岡県富士宮市万野原新田３０４２－２０", "url": "https://www.kaigokensaku.mhlw.go.jp/22/index.php?action_kouhyou_detail_004_kani=true&JigyosyoCd=2272101359-00&ServiceCd=150&Type=search", "url2": null }, "geometry": { "type": "Point", "coordinates": [ 138.631611, 35.2555692 ] } },
{ "type": "Feature", "properties": { "内容": "機能訓練倶楽部　外神【通所介護】静岡県富士宮市外神8-26", "url": "https://www.kaigokensaku.mhlw.go.jp/22/index.php?action_kouhyou_detail_004_kani=true&JigyosyoCd=2272101797-00&ServiceCd=150&Type=search", "url2": null }, "geometry": { "type": "Point", "coordinates": [ 138.606620885844421, 35.257636512246002 ] } },
{ "type": "Feature", "properties": { "内容": "機能訓練倶楽部　野中【通所介護】静岡県富士宮市野中１０５４番地の１０", "url": "https://www.kaigokensaku.mhlw.go.jp/22/index.php?action_kouhyou_detail_004_kani=true&JigyosyoCd=2272101383-00&ServiceCd=150&Type=search", "url2": null }, "geometry": { "type": "Point", "coordinates": [ 138.607605599999943, 35.2098079 ] } },
{ "type": "Feature", "properties": { "内容": "デイサービスセンターわかみや【通所介護】富士宮市小泉2302-8", "url": "https://www.kaigokensaku.mhlw.go.jp/22/index.php?action_kouhyou_detail_004_kani=true&JigyosyoCd=2272101003-00&ServiceCd=150&Type=search", "url2": "http://www.altidea.com/" }, "geometry": { "type": "Point", "coordinates": [ 138.641780700000027, 35.2140195 ] } },
{ "type": "Feature", "properties": { "内容": "デイサービスセンター　　千寿【通所介護】静岡県富士宮市上条233番地1", "url": "https://www.kaigokensaku.mhlw.go.jp/22/index.php?action_kouhyou_detail_004_kani=true&JigyosyoCd=2272100542-00&ServiceCd=150&Type=search", "url2": "http://www.jcs-senju.jp/" }, "geometry": { "type": "Point", "coordinates": [ 138.583748771163982, 35.273489922782346 ] } },
{ "type": "Feature", "properties": { "内容": "ライフケア大山の里【通所介護】静岡県伊東市岡１３０７番地５", "url": "https://www.kaigokensaku.mhlw.go.jp/22/index.php?action_kouhyou_detail_004_kani=true&JigyosyoCd=2270400761-00&ServiceCd=150&Type=search", "url2": "https://www.lifecare-izu.com" }, "geometry": { "type": "Point", "coordinates": [ 139.104392800000028, 34.9474473 ] } },
{ "type": "Feature", "properties": { "内容": "社会福祉法人　農協共済中伊豆リハビリテーションセンターデイサービス伊東の丘きらめき【通所介護】静岡県伊東市岡1349番地3", "url": "https://www.kaigokensaku.mhlw.go.jp/22/index.php?action_kouhyou_detail_004_kani=true&JigyosyoCd=2270401082-00&ServiceCd=150&Type=search", "url2": null }, "geometry": { "type": "Point", "coordinates": [ 139.0950431, 34.9519658 ] } },
{ "type": "Feature", "properties": { "内容": "結生の風izukoiugen【通所介護】静岡県伊東市八幡野1414", "url": "https://www.kaigokensaku.mhlw.go.jp/22/index.php?action_kouhyou_detail_004_kani=true&JigyosyoCd=2270401066-00&ServiceCd=150&Type=search", "url2": "http://medicalstarts.com/" }, "geometry": { "type": "Point", "coordinates": [ 139.094197099999974, 34.8853021 ] } },
{ "type": "Feature", "properties": { "内容": "デイサービスセンター　伊豆の瞳【通所介護】静岡県伊東市吉田821-19特別養護老人ホーム　伊豆の瞳", "url": "https://www.kaigokensaku.mhlw.go.jp/22/index.php?action_kouhyou_detail_004_kani=true&JigyosyoCd=2270401116-00&ServiceCd=150&Type=search", "url2": "http://hakujukai-gp.jp/" }, "geometry": { "type": "Point", "coordinates": [ 139.107401799999934, 34.93280960000002 ] } },
{ "type": "Feature", "properties": { "内容": "クラシオンデポルテ【通所介護】伊東市川奈1220-1", "url": "https://www.kaigokensaku.mhlw.go.jp/22/index.php?action_kouhyou_detail_004_kani=true&JigyosyoCd=2270400530-00&ServiceCd=150&Type=search", "url2": "http://www.izukaigo.com/" }, "geometry": { "type": "Point", "coordinates": [ 139.121027799999979, 34.9501731 ] } },
{ "type": "Feature", "properties": { "内容": "クラシオンカフェ【通所介護】伊東市末広町6-1", "url": "https://www.kaigokensaku.mhlw.go.jp/22/index.php?action_kouhyou_detail_004_kani=true&JigyosyoCd=2270400712-00&ServiceCd=150&Type=search", "url2": "http://www.izukaigo.com" }, "geometry": { "type": "Point", "coordinates": [ 139.090648099999953, 34.9657087 ] } },
{ "type": "Feature", "properties": { "内容": "フルーズ【通所介護】伊東市音無町5-6伊豆介護センター", "url": "https://www.kaigokensaku.mhlw.go.jp/22/index.php?action_kouhyou_detail_004_kani=true&JigyosyoCd=2270400787-00&ServiceCd=150&Type=search", "url2": "http://www.izukaigo.com/" }, "geometry": { "type": "Point", "coordinates": [ 139.095639500000061, 34.9654868 ] } },
{ "type": "Feature", "properties": { "内容": "フルーズ伊豆高原【通所介護】富戸908-110", "url": "https://www.kaigokensaku.mhlw.go.jp/22/index.php?action_kouhyou_detail_004_kani=true&JigyosyoCd=2270400944-00&ServiceCd=150&Type=search", "url2": "http://www.izukaigo.com/" }, "geometry": { "type": "Point", "coordinates": [ 139.121574499999952, 34.8866387 ] } },
{ "type": "Feature", "properties": { "内容": "いこいの園デイサービスセンター【通所介護】伊東市富戸1219番地の9", "url": "https://www.kaigokensaku.mhlw.go.jp/22/index.php?action_kouhyou_detail_004_kani=true&JigyosyoCd=2270400043-00&ServiceCd=150&Type=search", "url2": "http://www.ikoinosato.jp/" }, "geometry": { "type": "Point", "coordinates": [ 139.136434652778689, 34.913139204554462 ] } },
{ "type": "Feature", "properties": { "内容": "奥野苑デイサービスセンター【通所介護】伊東市荻７７２－１", "url": "https://www.kaigokensaku.mhlw.go.jp/22/index.php?action_kouhyou_detail_004_kani=true&JigyosyoCd=2270400050-00&ServiceCd=150&Type=search", "url2": "http://www.h2.dion.ne.jp/~ikoi/" }, "geometry": { "type": "Point", "coordinates": [ 139.074248, 34.9371691 ] } },
{ "type": "Feature", "properties": { "内容": "伊豆高原十字の園デイサービスセンター【通所介護】伊東市八幡野1028番地の4", "url": "https://www.kaigokensaku.mhlw.go.jp/22/index.php?action_kouhyou_detail_004_kani=true&JigyosyoCd=2270400068-00&ServiceCd=150&Type=search", "url2": "http://www.jyuji.or.jp/ito_city/izukougen/" }, "geometry": { "type": "Point", "coordinates": [ 139.11648260000004, 34.8752683 ] } },
{ "type": "Feature", "properties": { "内容": "デイサービスセンターわかば【通所介護】静岡県伊東市岡1293-3", "url": "https://www.kaigokensaku.mhlw.go.jp/22/index.php?action_kouhyou_detail_004_kani=true&JigyosyoCd=2270401405-00&ServiceCd=150&Type=search", "url2": "https://www.wakaba-kaigo.co.jp/" }, "geometry": { "type": "Point", "coordinates": [ 139.1037402, 34.954509 ] } },
{ "type": "Feature", "properties": { "内容": "伊豆高原メディカル温泉リハビリテーションデイサービスセンター伊豆高原倶楽部【通所介護】伊東市八幡野1197-7", "url": "https://www.kaigokensaku.mhlw.go.jp/22/index.php?action_kouhyou_detail_004_kani=true&JigyosyoCd=2270400449-00&ServiceCd=150&Type=search", "url2": null }, "geometry": { "type": "Point", "coordinates": [ 139.104880200000025, 34.8791031 ] } },
{ "type": "Feature", "properties": { "内容": "ニチイケアセンター伊東【通所介護】静岡県伊東市荻471-16", "url": "https://www.kaigokensaku.mhlw.go.jp/22/index.php?action_kouhyou_detail_004_kani=true&JigyosyoCd=2270400936-00&ServiceCd=150&Type=search", "url2": "http://www.nichiigakkan.co.jp" }, "geometry": { "type": "Point", "coordinates": [ 139.087656077215598, 34.944877950639182 ] } },
{ "type": "Feature", "properties": { "内容": "スマイルデイサービスセンター【通所介護】静岡県伊東市宇佐美１０４８－１", "url": "https://www.kaigokensaku.mhlw.go.jp/22/index.php?action_kouhyou_detail_004_kani=true&JigyosyoCd=2270401157-00&ServiceCd=150&Type=search", "url2": null }, "geometry": { "type": "Point", "coordinates": [ 139.071510957672103, 35.013765938796659 ] } },
{ "type": "Feature", "properties": { "内容": "デイサービスシリセス【通所介護】静岡県伊東市松原657番19住宅型有料老人ホーム帆来村内", "url": "https://www.kaigokensaku.mhlw.go.jp/22/index.php?action_kouhyou_detail_004_kani=true&JigyosyoCd=2270401108-00&ServiceCd=150&Type=search", "url2": "https://www.instagram.com/shilisece.ito/" }, "geometry": { "type": "Point", "coordinates": [ 139.087895200000048, 34.9723969 ] } },
{ "type": "Feature", "properties": { "内容": "Natur【通所介護】玖須美元和田716-80", "url": "https://www.kaigokensaku.mhlw.go.jp/22/index.php?action_kouhyou_detail_004_kani=true&JigyosyoCd=2270401322-00&ServiceCd=150&Type=search", "url2": "http://www.richfield.co.jp" }, "geometry": { "type": "Point", "coordinates": [ 139.1139861, 34.9503834 ] } },
{ "type": "Feature", "properties": { "内容": "まごころデイサービスウェルカム伊豆高原【通所介護】八幡野1298-37プラザ21-B", "url": "https://www.kaigokensaku.mhlw.go.jp/22/index.php?action_kouhyou_detail_004_kani=true&JigyosyoCd=2270401389-00&ServiceCd=150&Type=search", "url2": "http://www.richfield.co.jp" }, "geometry": { "type": "Point", "coordinates": [ 139.104964099999989, 34.8856204 ] } },
{ "type": "Feature", "properties": { "内容": "デイサービスセンターゆずの里【通所介護】静岡県伊東市富戸1301‐693", "url": "https://www.kaigokensaku.mhlw.go.jp/22/index.php?action_kouhyou_detail_004_kani=true&JigyosyoCd=2270400951-00&ServiceCd=150&Type=search", "url2": "https://www.yuzunosato.org/" }, "geometry": { "type": "Point", "coordinates": [ 139.138694550581249, 34.927978291968543 ] } },
{ "type": "Feature", "properties": { "内容": "あいぜんデイサービスしまだ【通所介護】東町1971-5", "url": "https://www.kaigokensaku.mhlw.go.jp/22/index.php?action_kouhyou_detail_004_kani=true&JigyosyoCd=2275401137-00&ServiceCd=150&Type=search", "url2": "www.otecgrp.com" }, "geometry": { "type": "Point", "coordinates": [ 138.214861, 34.832011 ] } },
{ "type": "Feature", "properties": { "内容": "たんぽぽデイサービス金谷【通所介護】島田市金谷代官町839-8", "url": "https://www.kaigokensaku.mhlw.go.jp/22/index.php?action_kouhyou_detail_004_kani=true&JigyosyoCd=2275400741-00&ServiceCd=150&Type=search", "url2": null }, "geometry": { "type": "Point", "coordinates": [ 138.123396400000047, 34.8370681 ] } },
{ "type": "Feature", "properties": { "内容": "本当においしいごはんのある「大切なひとのための侭の家」【通所介護】静岡県島田市岸1498", "url": "https://www.kaigokensaku.mhlw.go.jp/22/index.php?action_kouhyou_detail_004_kani=true&JigyosyoCd=2275700017-00&ServiceCd=150&Type=search", "url2": "http://www.humanhappinessprojectjapan.com" }, "geometry": { "type": "Point", "coordinates": [ 138.203016600000012, 34.8517128 ] } },
{ "type": "Feature", "properties": { "内容": "みどりの園通所介護事業所【通所介護】島田市中河375番地の1", "url": "https://www.kaigokensaku.mhlw.go.jp/22/index.php?action_kouhyou_detail_004_kani=true&JigyosyoCd=2275400022-00&ServiceCd=150&Type=search", "url2": "http://care-net.biz/22/midori/" }, "geometry": { "type": "Point", "coordinates": [ 138.2356218, 34.8073841 ] } },
{ "type": "Feature", "properties": { "内容": "島田市川根デイサービスセンター【通所介護】島田市川根町身成3100番地", "url": "https://www.kaigokensaku.mhlw.go.jp/22/index.php?action_kouhyou_detail_004_kani=true&JigyosyoCd=2275400402-00&ServiceCd=150&Type=search", "url2": "http://www.shimada-shakyo.jp" }, "geometry": { "type": "Point", "coordinates": [ 138.086652400000048, 34.938716 ] } },
{ "type": "Feature", "properties": { "内容": "通所介護　あすか【通所介護】島田市中河町326番地の１", "url": "https://www.kaigokensaku.mhlw.go.jp/22/index.php?action_kouhyou_detail_004_kani=true&JigyosyoCd=2275400196-00&ServiceCd=150&Type=search", "url2": "http://care-net.biz/22/asuka/" }, "geometry": { "type": "Point", "coordinates": [ 138.17735760000005, 34.8395576 ] } },
{ "type": "Feature", "properties": { "内容": "デイサービスセンターくぼた【通所介護】静岡県島田市川根町家山３６７－３", "url": "https://www.kaigokensaku.mhlw.go.jp/22/index.php?action_kouhyou_detail_004_kani=true&JigyosyoCd=2275500797-00&ServiceCd=150&Type=search", "url2": null }, "geometry": { "type": "Point", "coordinates": [ 138.077755700000012, 34.941399 ] } },
{ "type": "Feature", "properties": { "内容": "ニチイケアセンター金谷【通所介護】金谷清水1752-29", "url": "https://www.kaigokensaku.mhlw.go.jp/22/index.php?action_kouhyou_detail_004_kani=true&JigyosyoCd=2275400600-00&ServiceCd=150&Type=search", "url2": null }, "geometry": { "type": "Point", "coordinates": [ 138.133112500000038, 34.8235645 ] } },
{ "type": "Feature", "properties": { "内容": "エッジ【通所介護】島田市牛尾４４２－１", "url": "https://www.kaigokensaku.mhlw.go.jp/22/index.php?action_kouhyou_detail_004_kani=true&JigyosyoCd=2275400592-00&ServiceCd=150&Type=search", "url2": "http://uraradayroom.jp" }, "geometry": { "type": "Point", "coordinates": [ 138.122756599444529, 34.845494857940317 ] } },
{ "type": "Feature", "properties": { "内容": "ツクイ島田御仮屋【通所介護】島田市御仮屋町7427-1", "url": "https://www.kaigokensaku.mhlw.go.jp/22/index.php?action_kouhyou_detail_004_kani=true&JigyosyoCd=2275401079-00&ServiceCd=150&Type=search", "url2": "http://www.tsukui.net" }, "geometry": { "type": "Point", "coordinates": [ 138.194751963903201, 34.83526672886719 ] } },
{ "type": "Feature", "properties": { "内容": "デイサービスセンター第２私の青空【通所介護】島田市東町1967-9", "url": "https://www.kaigokensaku.mhlw.go.jp/22/index.php?action_kouhyou_detail_004_kani=true&JigyosyoCd=2275400386-00&ServiceCd=150&Type=search", "url2": null }, "geometry": { "type": "Point", "coordinates": [ 138.2136762, 34.8319669 ] } },
{ "type": "Feature", "properties": { "内容": "有限会社　山朝【通所介護】静岡県島田市祇園町8626-24", "url": "https://www.kaigokensaku.mhlw.go.jp/22/index.php?action_kouhyou_detail_004_kani=true&JigyosyoCd=2275400980-00&ServiceCd=150&Type=search", "url2": null }, "geometry": { "type": "Point", "coordinates": [ 138.214698399999946, 34.8466598 ] } },
{ "type": "Feature", "properties": { "内容": "デイサービス水のさんち【通所介護】大柳南９５", "url": "https://www.kaigokensaku.mhlw.go.jp/22/index.php?action_kouhyou_detail_004_kani=true&JigyosyoCd=2275400642-00&ServiceCd=150&Type=search", "url2": "aid-bridge0403" }, "geometry": { "type": "Point", "coordinates": [ 138.225945082417297, 34.805608531835645 ] } },
{ "type": "Feature", "properties": { "内容": "あおぞらデイサービスセンター島田【通所介護】静岡県島田市阿知ヶ谷95-1", "url": "https://www.kaigokensaku.mhlw.go.jp/22/index.php?action_kouhyou_detail_004_kani=true&JigyosyoCd=2275400550-00&ServiceCd=150&Type=search", "url2": "www.aozora-ds.com" }, "geometry": { "type": "Point", "coordinates": [ 138.20013849999998, 34.8371913 ] } },
{ "type": "Feature", "properties": { "内容": "アスケア　デイサービスセンター島田【通所介護】静岡県島田市落合15-7", "url": "https://www.kaigokensaku.mhlw.go.jp/22/index.php?action_kouhyou_detail_004_kani=true&JigyosyoCd=2275400171-00&ServiceCd=150&Type=search", "url2": "https://www.as-care.co.jp/" }, "geometry": { "type": "Point", "coordinates": [ 138.182304599999952, 34.8534253 ] } },
{ "type": "Feature", "properties": { "内容": "老人デイサービスセンターとこは【通所介護】島田市川根町家山4168番地の1", "url": "https://www.kaigokensaku.mhlw.go.jp/22/index.php?action_kouhyou_detail_004_kani=true&JigyosyoCd=2275500508-00&ServiceCd=150&Type=search", "url2": "http://www.tokohafukushikai.or.jp" }, "geometry": { "type": "Point", "coordinates": [ 138.082594400000062, 34.919951 ] } },
{ "type": "Feature", "properties": { "内容": "デイサービスセンターグラシア島田【通所介護】静岡県島田市中河837-3デイサービスセンターグラシア島田", "url": "https://www.kaigokensaku.mhlw.go.jp/22/index.php?action_kouhyou_detail_004_kani=true&JigyosyoCd=2275400923-00&ServiceCd=150&Type=search", "url2": null }, "geometry": { "type": "Point", "coordinates": [ 138.228894500000024, 34.813161 ] } },
{ "type": "Feature", "properties": { "内容": "デイサービス　スマイル　アシスト【通所介護】静岡県島田市阪本１４４４あけぼの館５Ｆ", "url": "https://www.kaigokensaku.mhlw.go.jp/22/index.php?action_kouhyou_detail_004_kani=true&JigyosyoCd=2275401095-00&ServiceCd=150&Type=search", "url2": null }, "geometry": { "type": "Point", "coordinates": [ 138.2199431, 34.8062496 ] } },
{ "type": "Feature", "properties": { "内容": "シンシア島田デイサービス【通所介護】中河町　358番地の1", "url": "https://www.kaigokensaku.mhlw.go.jp/22/index.php?action_kouhyou_detail_004_kani=true&JigyosyoCd=2275400634-00&ServiceCd=150&Type=search", "url2": "http://www.sincere-gri.com" }, "geometry": { "type": "Point", "coordinates": [ 138.176415846627037, 34.842168712302261 ] } },
{ "type": "Feature", "properties": { "内容": "デイサービスセンターメルシー島田【通所介護】静岡県島田市元島田243番地３", "url": "https://www.kaigokensaku.mhlw.go.jp/22/index.php?action_kouhyou_detail_004_kani=true&JigyosyoCd=2275401020-00&ServiceCd=150&Type=search", "url2": null }, "geometry": { "type": "Point", "coordinates": [ 138.180855799999989, 34.8416241 ] } },
{ "type": "Feature", "properties": { "内容": "ミモザ島田初倉【通所介護】静岡県島田市大柳1357番", "url": "https://www.kaigokensaku.mhlw.go.jp/22/index.php?action_kouhyou_detail_004_kani=true&JigyosyoCd=2275401111-00&ServiceCd=150&Type=search", "url2": "https://www.mimoza-care.jp/base/shimada-hatsukura_ds.html" }, "geometry": { "type": "Point", "coordinates": [ 138.226936502655064, 34.813681312468887 ] } },
{ "type": "Feature", "properties": { "内容": "デイサービスセンター向日葵　天間【通所介護】富士市天間1450-17", "url": "https://www.kaigokensaku.mhlw.go.jp/22/index.php?action_kouhyou_detail_004_kani=true&JigyosyoCd=2272301843-00&ServiceCd=150&Type=search", "url2": null }, "geometry": { "type": "Point", "coordinates": [ 138.646378, 35.2003213 ] } },
{ "type": "Feature", "properties": { "内容": "Ｋライン・ケアセンター富士【通所介護】静岡県富士市今泉３１６９－１", "url": "https://www.kaigokensaku.mhlw.go.jp/22/index.php?action_kouhyou_detail_004_kani=true&JigyosyoCd=2272302007-00&ServiceCd=150&Type=search", "url2": "http://www.klinecare.com/" }, "geometry": { "type": "Point", "coordinates": [ 138.695692600000029, 35.1828378 ] } },
{ "type": "Feature", "properties": { "内容": "デイサービスセンター　それいゆ【通所介護】富士市今泉2022-13", "url": "https://www.kaigokensaku.mhlw.go.jp/22/index.php?action_kouhyou_detail_004_kani=true&JigyosyoCd=2272301231-00&ServiceCd=150&Type=search", "url2": null }, "geometry": { "type": "Point", "coordinates": [ 138.690274199999976, 35.1717556 ] } },
{ "type": "Feature", "properties": { "内容": "デイサービスセンター　ジムナスひばり【通所介護】国久保2丁目3番地１２号", "url": "https://www.kaigokensaku.mhlw.go.jp/22/index.php?action_kouhyou_detail_004_kani=true&JigyosyoCd=2272301835-00&ServiceCd=150&Type=search", "url2": "yoneyama@ia7.itkeeper.ne.jp" }, "geometry": { "type": "Point", "coordinates": [ 138.681230599999907, 35.1694086 ] } },
{ "type": "Feature", "properties": { "内容": "デイサービスグレイスケア【通所介護】静岡県富士市森下７－１", "url": "https://www.kaigokensaku.mhlw.go.jp/22/index.php?action_kouhyou_detail_004_kani=true&JigyosyoCd=2272302296-00&ServiceCd=150&Type=search", "url2": "http://grace-fuji.com/" }, "geometry": { "type": "Point", "coordinates": [ 138.642568417196713, 35.139969509097554 ] } },
{ "type": "Feature", "properties": { "内容": "デイサービスセンター月のあかり【通所介護】静岡県富士市大淵847-4", "url": "https://www.kaigokensaku.mhlw.go.jp/22/index.php?action_kouhyou_detail_004_kani=true&JigyosyoCd=2272302825-00&ServiceCd=150&Type=search", "url2": "http://www.s-koseikai.jp/facility/33" }, "geometry": { "type": "Point", "coordinates": [ 138.6971529, 35.2037881 ] } },
{ "type": "Feature", "properties": { "内容": "デイサービスセンターひばり【通所介護】富士市国久保2丁目3-12", "url": "https://www.kaigokensaku.mhlw.go.jp/22/index.php?action_kouhyou_detail_004_kani=true&JigyosyoCd=2272301165-00&ServiceCd=150&Type=search", "url2": "yoneyama@cy.tnc.ne.jp" }, "geometry": { "type": "Point", "coordinates": [ 138.681230599999907, 35.1694086 ] } },
{ "type": "Feature", "properties": { "内容": "ふようデイサービスセンター【通所介護】富士市今泉2196-2", "url": "https://www.kaigokensaku.mhlw.go.jp/22/index.php?action_kouhyou_detail_004_kani=true&JigyosyoCd=2272300209-00&ServiceCd=150&Type=search", "url2": "http://www.fuyoukai.org" }, "geometry": { "type": "Point", "coordinates": [ 138.685846593778905, 35.171855966850721 ] } },
{ "type": "Feature", "properties": { "内容": "きらら富士デイサービスセンター【通所介護】静岡県富士市一色２５８－４７", "url": "https://www.kaigokensaku.mhlw.go.jp/22/index.php?action_kouhyou_detail_004_kani=true&JigyosyoCd=2272301496-00&ServiceCd=150&Type=search", "url2": "http://www.kenminkouseikai.net/facility/fuji/" }, "geometry": { "type": "Point", "coordinates": [ 138.695098, 35.1904757 ] } },
{ "type": "Feature", "properties": { "内容": "デイサービスセンター　みもざ【通所介護】富士市岩本１３３－１", "url": "https://www.kaigokensaku.mhlw.go.jp/22/index.php?action_kouhyou_detail_004_kani=true&JigyosyoCd=2272301850-00&ServiceCd=150&Type=search", "url2": "http://www.gakuyoukai.or.jp" }, "geometry": { "type": "Point", "coordinates": [ 138.63922279999997, 35.176835 ] } },
{ "type": "Feature", "properties": { "内容": "デイサービスセンターかるがも【通所介護】富士市川成新町３１０", "url": "https://www.kaigokensaku.mhlw.go.jp/22/index.php?action_kouhyou_detail_004_kani=true&JigyosyoCd=2272301637-00&ServiceCd=150&Type=search", "url2": "http://web.thn.jp/ikebeclinic/cas/index.html" }, "geometry": { "type": "Point", "coordinates": [ 138.664837600000055, 35.1333517 ] } },
{ "type": "Feature", "properties": { "内容": "特別養護老人ホーム　シャローム富士川　デイサービスセンター・にこにこホーム【通所介護】富士市北松野１０７１番地", "url": "https://www.kaigokensaku.mhlw.go.jp/22/index.php?action_kouhyou_detail_004_kani=true&JigyosyoCd=2273100152-00&ServiceCd=150&Type=search", "url2": "http://www.fujikoseikai.or.jp/shalorm/index.html" }, "geometry": { "type": "Point", "coordinates": [ 138.587757499999952, 35.1892038 ] } },
{ "type": "Feature", "properties": { "内容": "SOUデイサービス松本【通所介護】富士市長通12-1", "url": "https://www.kaigokensaku.mhlw.go.jp/22/index.php?action_kouhyou_detail_004_kani=true&JigyosyoCd=2272301934-00&ServiceCd=150&Type=search", "url2": "http://www.altidea.com/navi/ds_matsumoto.html" }, "geometry": { "type": "Point", "coordinates": [ 138.647855700000036, 35.1727774 ] } },
{ "type": "Feature", "properties": { "内容": "ケアステーションあさひ富士久沢【通所介護】静岡県富士市久沢字浅ヶ久保1076番1", "url": "https://www.kaigokensaku.mhlw.go.jp/22/index.php?action_kouhyou_detail_004_kani=true&JigyosyoCd=2272302361-00&ServiceCd=150&Type=search", "url2": "http://www.vati.co.jp/" }, "geometry": { "type": "Point", "coordinates": [ 138.6500416, 35.1948443 ] } },
{ "type": "Feature", "properties": { "内容": "元気広場富士【通所介護】日乃出町24-1", "url": "https://www.kaigokensaku.mhlw.go.jp/22/index.php?action_kouhyou_detail_004_kani=true&JigyosyoCd=2272302064-00&ServiceCd=150&Type=search", "url2": "https://www.genki-fuji.jp" }, "geometry": { "type": "Point", "coordinates": [ 138.667990199999963, 35.1660729 ] } },
{ "type": "Feature", "properties": { "内容": "あずみ苑富士【通所介護】静岡県富士市中島400番地", "url": "https://www.kaigokensaku.mhlw.go.jp/22/index.php?action_kouhyou_detail_004_kani=true&JigyosyoCd=2272302916-00&ServiceCd=150&Type=search", "url2": "https://www.azumien.jp/search/fuji/" }, "geometry": { "type": "Point", "coordinates": [ 138.653421413457124, 35.161916575463174 ] } },
{ "type": "Feature", "properties": { "内容": "アーマビリータ【通所介護】富士市五貫島１６９番地", "url": "https://www.kaigokensaku.mhlw.go.jp/22/index.php?action_kouhyou_detail_004_kani=true&JigyosyoCd=2272301470-00&ServiceCd=150&Type=search", "url2": "http://blog.canpan.info/amabilita/" }, "geometry": { "type": "Point", "coordinates": [ 138.65106650000007, 35.1328238 ] } },
{ "type": "Feature", "properties": { "内容": "デイサービスセンター花嵐【通所介護】静岡県富士市松岡703-1", "url": "https://www.kaigokensaku.mhlw.go.jp/22/index.php?action_kouhyou_detail_004_kani=true&JigyosyoCd=2272303336-00&ServiceCd=150&Type=search", "url2": null }, "geometry": { "type": "Point", "coordinates": [ 138.63136990000001, 35.1614929 ] } },
{ "type": "Feature", "properties": { "内容": "デイサービスセンター花霞【通所介護】静岡県富士市厚原1204-1有料老人ホーム花霞", "url": "https://www.kaigokensaku.mhlw.go.jp/22/index.php?action_kouhyou_detail_004_kani=true&JigyosyoCd=2272303062-00&ServiceCd=150&Type=search", "url2": null }, "geometry": { "type": "Point", "coordinates": [ 138.662444300000061, 35.1886557 ] } },
{ "type": "Feature", "properties": { "内容": "デイサービスセンターアルク富士【通所介護】静岡県富士市石坂４２０－１", "url": "https://www.kaigokensaku.mhlw.go.jp/22/index.php?action_kouhyou_detail_004_kani=true&JigyosyoCd=2272302601-00&ServiceCd=150&Type=search", "url2": "http://momoha-medical.jp/" }, "geometry": { "type": "Point", "coordinates": [ 138.682184111639344, 35.181726210279017 ] } },
{ "type": "Feature", "properties": { "内容": "デイサービスセンターうらまち【通所介護】富士市松岡399-1", "url": "https://www.kaigokensaku.mhlw.go.jp/22/index.php?action_kouhyou_detail_004_kani=true&JigyosyoCd=2272301025-00&ServiceCd=150&Type=search", "url2": null }, "geometry": { "type": "Point", "coordinates": [ 138.641664399999968, 35.1665585 ] } },
{ "type": "Feature", "properties": { "内容": "デイサービス　イー･ケア中里【通所介護】静岡県富士市中里１７２－７", "url": "https://www.kaigokensaku.mhlw.go.jp/22/index.php?action_kouhyou_detail_004_kani=true&JigyosyoCd=2272302957-00&ServiceCd=150&Type=search", "url2": "https://ecare001.blogspot.com/" }, "geometry": { "type": "Point", "coordinates": [ 138.732072300000027, 35.1644018 ] } },
{ "type": "Feature", "properties": { "内容": "デイサービスセンターふじみ台【通所介護】三ツ沢217-2", "url": "https://www.kaigokensaku.mhlw.go.jp/22/index.php?action_kouhyou_detail_004_kani=true&JigyosyoCd=2272300217-00&ServiceCd=150&Type=search", "url2": "http://www.seishinkai.info/" }, "geometry": { "type": "Point", "coordinates": [ 138.7027137, 35.1828642 ] } },
{ "type": "Feature", "properties": { "内容": "デイサービスセンター　アルクそてつ【通所介護】富士市鮫島348番地4", "url": "https://www.kaigokensaku.mhlw.go.jp/22/index.php?action_kouhyou_detail_004_kani=true&JigyosyoCd=2272300761-00&ServiceCd=150&Type=search", "url2": null }, "geometry": { "type": "Point", "coordinates": [ 138.6737008, 35.1395205 ] } },
{ "type": "Feature", "properties": { "内容": "ヴィラージュ富士デイサービスセンター【通所介護】富士市厚原359-8", "url": "https://www.kaigokensaku.mhlw.go.jp/22/index.php?action_kouhyou_detail_004_kani=true&JigyosyoCd=2272300977-00&ServiceCd=150&Type=search", "url2": "http://www.syuuseikai.or.jp/facility04/" }, "geometry": { "type": "Point", "coordinates": [ 138.657185600000048, 35.180249 ] } },
{ "type": "Feature", "properties": { "内容": "デイサービスグラーダ【通所介護】富士市高嶺町１－１２", "url": "https://www.kaigokensaku.mhlw.go.jp/22/index.php?action_kouhyou_detail_004_kani=true&JigyosyoCd=2272301397-00&ServiceCd=150&Type=search", "url2": "http://www.livleda.com" }, "geometry": { "type": "Point", "coordinates": [ 138.684122099999968, 35.156974 ] } },
{ "type": "Feature", "properties": { "内容": "セントケア富士デイサービス【通所介護】静岡県富士市中島79番地の6", "url": "https://www.kaigokensaku.mhlw.go.jp/22/index.php?action_kouhyou_detail_004_kani=true&JigyosyoCd=2272303088-00&ServiceCd=150&Type=search", "url2": "http：//www.saint-care.com" }, "geometry": { "type": "Point", "coordinates": [ 138.650793300000032, 35.163261 ] } },
{ "type": "Feature", "properties": { "内容": "ニチイケアセンター富士水戸島【通所介護】富士市水戸島343－4", "url": "https://www.kaigokensaku.mhlw.go.jp/22/index.php?action_kouhyou_detail_004_kani=true&JigyosyoCd=2272301744-00&ServiceCd=150&Type=search", "url2": null }, "geometry": { "type": "Point", "coordinates": [ 138.645544699999959, 35.145139 ] } },
{ "type": "Feature", "properties": { "内容": "アクタガワ　生活リハビリ厚原デイサービスセンター【通所介護】厚原179-1", "url": "https://www.kaigokensaku.mhlw.go.jp/22/index.php?action_kouhyou_detail_004_kani=true&JigyosyoCd=2272302965-00&ServiceCd=150&Type=search", "url2": "https://akutagawa-dayservice.com/facilities/atsuhara/" }, "geometry": { "type": "Point", "coordinates": [ 138.651530399999956, 35.181659799999977 ] } },
{ "type": "Feature", "properties": { "内容": "元気デイサービスふじの花【通所介護】静岡県富士市一色495-1", "url": "https://www.kaigokensaku.mhlw.go.jp/22/index.php?action_kouhyou_detail_004_kani=true&JigyosyoCd=2272303302-00&ServiceCd=150&Type=search", "url2": "https://nakane-clinic.jp" }, "geometry": { "type": "Point", "coordinates": [ 138.7052644, 35.187455 ] } },
{ "type": "Feature", "properties": { "内容": "ヒューマンヒルズ新富士【通所介護】静岡県富士市柳島198番地3", "url": "https://www.kaigokensaku.mhlw.go.jp/22/index.php?action_kouhyou_detail_004_kani=true&JigyosyoCd=2272302775-00&ServiceCd=150&Type=search", "url2": "http://fmc-hh.co.jp/" }, "geometry": { "type": "Point", "coordinates": [ 138.666570900000011, 35.143209 ] } },
{ "type": "Feature", "properties": { "内容": "デイサービスセンター　かじま【通所介護】富士市水戸島本町7番8号", "url": "https://www.kaigokensaku.mhlw.go.jp/22/index.php?action_kouhyou_detail_004_kani=true&JigyosyoCd=2272300621-00&ServiceCd=150&Type=search", "url2": "http://www.kajimanosato.com" }, "geometry": { "type": "Point", "coordinates": [ 138.648552800000061, 35.1473694 ] } },
{ "type": "Feature", "properties": { "内容": "デイサービスセンターディアナの郷【通所介護】静岡県富士市宮島1476", "url": "https://www.kaigokensaku.mhlw.go.jp/22/index.php?action_kouhyou_detail_004_kani=true&JigyosyoCd=2272303021-00&ServiceCd=150&Type=search", "url2": "http:/diananosato.jp/" }, "geometry": { "type": "Point", "coordinates": [ 138.656675100000029, 35.1289658 ] } },
{ "type": "Feature", "properties": { "内容": "有限会社　吉原介護センター【通所介護】富士市伝法６５７－１", "url": "https://www.kaigokensaku.mhlw.go.jp/22/index.php?action_kouhyou_detail_004_kani=true&JigyosyoCd=2272300043-00&ServiceCd=150&Type=search", "url2": "http://yoshiwara-kaigo.jp/" }, "geometry": { "type": "Point", "coordinates": [ 138.670278599999961, 35.1858677 ] } },
{ "type": "Feature", "properties": { "内容": "みずほデイサービスセンター【通所介護】富士市瓜島町173-1", "url": "https://www.kaigokensaku.mhlw.go.jp/22/index.php?action_kouhyou_detail_004_kani=true&JigyosyoCd=2272300662-00&ServiceCd=150&Type=search", "url2": "http://mizuhocare.or.jp" }, "geometry": { "type": "Point", "coordinates": [ 138.675072900000032, 35.1640981 ] } },
{ "type": "Feature", "properties": { "内容": "ニチイケアセンター富士【通所介護】富士市厚原字八笠1976-4", "url": "https://www.kaigokensaku.mhlw.go.jp/22/index.php?action_kouhyou_detail_004_kani=true&JigyosyoCd=2272300308-00&ServiceCd=150&Type=search", "url2": "http://www.nichiigakkan.co.jp" }, "geometry": { "type": "Point", "coordinates": [ 138.662427100000059, 35.1921038 ] } },
{ "type": "Feature", "properties": { "内容": "デイサービスセンターサルビア【通所介護】富士市五味島２８０－１", "url": "https://www.kaigokensaku.mhlw.go.jp/22/index.php?action_kouhyou_detail_004_kani=true&JigyosyoCd=2272300803-00&ServiceCd=150&Type=search", "url2": "https://www.gakuyoukai.or.jp/" }, "geometry": { "type": "Point", "coordinates": [ 138.654938600000037, 35.166397900000014 ] } },
{ "type": "Feature", "properties": { "内容": "富士川デイサービスセンター【通所介護】富士市中之郷4100-1富士川地域福祉センター", "url": "https://www.kaigokensaku.mhlw.go.jp/22/index.php?action_kouhyou_detail_004_kani=true&JigyosyoCd=2272301595-00&ServiceCd=150&Type=search", "url2": "http://www.fujishishakyo.com/" }, "geometry": { "type": "Point", "coordinates": [ 138.612775199999987, 35.145608100000011 ] } },
{ "type": "Feature", "properties": { "内容": "ヒューマンヒルズ森島【通所介護】富士市森島511番地の1ヒューマンヒルズ森島", "url": "https://www.kaigokensaku.mhlw.go.jp/22/index.php?action_kouhyou_detail_004_kani=true&JigyosyoCd=2272302312-00&ServiceCd=150&Type=search", "url2": "http://fmc-hh.co.jp" }, "geometry": { "type": "Point", "coordinates": [ 138.647530703240932, 35.138518195349967 ] } },
{ "type": "Feature", "properties": { "内容": "デイサービスセンターでんぼうの丘【通所介護】伝法759-1", "url": "https://www.kaigokensaku.mhlw.go.jp/22/index.php?action_kouhyou_detail_004_kani=true&JigyosyoCd=2272302478-00&ServiceCd=150&Type=search", "url2": "http://yoshiwara-kaigo.jp/" }, "geometry": { "type": "Point", "coordinates": [ 138.674106299999949, 35.1694947 ] } },
{ "type": "Feature", "properties": { "内容": "美芳会デイサービスセンターはまかぜ【通所介護】富士市大野新田744-12", "url": "https://www.kaigokensaku.mhlw.go.jp/22/index.php?action_kouhyou_detail_004_kani=true&JigyosyoCd=2272300019-00&ServiceCd=150&Type=search", "url2": "http://www.miyoshikai.or.jp" }, "geometry": { "type": "Point", "coordinates": [ 138.718851299999983, 35.1385513 ] } },
{ "type": "Feature", "properties": { "内容": "デイサービスわくわくまつの【通所介護】静岡県　富士市　南松野　1889-1", "url": "https://www.kaigokensaku.mhlw.go.jp/22/index.php?action_kouhyou_detail_004_kani=true&JigyosyoCd=2272303518-00&ServiceCd=150&Type=search", "url2": null }, "geometry": { "type": "Point", "coordinates": [ 138.6003145, 35.1775807 ] } },
{ "type": "Feature", "properties": { "内容": "オアシスデイサービスセンター【通所介護】富士市比奈字一町六反159番２１", "url": "https://www.kaigokensaku.mhlw.go.jp/22/index.php?action_kouhyou_detail_004_kani=true&JigyosyoCd=2272300035-00&ServiceCd=150&Type=search", "url2": "http://care-net.biz/22/wakaba/" }, "geometry": { "type": "Point", "coordinates": [ 138.721540388946551, 35.164278447128019 ] } },
{ "type": "Feature", "properties": { "内容": "デイサービスセンター美原【通所介護】富士市伝法327-1", "url": "https://www.kaigokensaku.mhlw.go.jp/22/index.php?action_kouhyou_detail_004_kani=true&JigyosyoCd=2272300100-00&ServiceCd=150&Type=search", "url2": "https://www.syuuseikai.or.jp/" }, "geometry": { "type": "Point", "coordinates": [ 138.676764100000014, 35.1826681 ] } },
{ "type": "Feature", "properties": { "内容": "リ・ボン俱楽部富士【通所介護】富士市中央町1-10-12", "url": "https://www.kaigokensaku.mhlw.go.jp/22/index.php?action_kouhyou_detail_004_kani=true&JigyosyoCd=2272300688-00&ServiceCd=150&Type=search", "url2": "http://www.kaimeido.jp" }, "geometry": { "type": "Point", "coordinates": [ 138.683863699999961, 35.1599792 ] } },
{ "type": "Feature", "properties": { "内容": "ツクイ富士森島【通所介護】森島548-1", "url": "https://www.kaigokensaku.mhlw.go.jp/22/index.php?action_kouhyou_detail_004_kani=true&JigyosyoCd=2272303211-00&ServiceCd=150&Type=search", "url2": "https://www.tsukui.net/" }, "geometry": { "type": "Point", "coordinates": [ 138.647708922904457, 35.137725032701233 ] } },
{ "type": "Feature", "properties": { "内容": "ブルーミングケア富士久沢【通所介護】静岡県富士市久沢454-1", "url": "https://www.kaigokensaku.mhlw.go.jp/22/index.php?action_kouhyou_detail_004_kani=true&JigyosyoCd=2272303419-00&ServiceCd=150&Type=search", "url2": "https://yahiro-hd.com/cocokara/" }, "geometry": { "type": "Point", "coordinates": [ 138.65053869999997, 35.1936903 ] } },
{ "type": "Feature", "properties": { "内容": "でいさーびすあやめのさと　ふじいまいずみ【通所介護】静岡県富士市今泉1958-1あやめの郷富士今泉", "url": "https://www.kaigokensaku.mhlw.go.jp/22/index.php?action_kouhyou_detail_004_kani=true&JigyosyoCd=2272303476-00&ServiceCd=150&Type=search", "url2": "https://d-hlt.co.jp" }, "geometry": { "type": "Point", "coordinates": [ 138.691840164418039, 35.169916491840539 ] } },
{ "type": "Feature", "properties": { "内容": "ツクイ富士厚原【通所介護】厚原1009-2", "url": "https://www.kaigokensaku.mhlw.go.jp/22/index.php?action_kouhyou_detail_004_kani=true&JigyosyoCd=2272303229-00&ServiceCd=150&Type=search", "url2": "https://www.tsukui.net/" }, "geometry": { "type": "Point", "coordinates": [ 138.6653149, 35.1815814 ] } },
{ "type": "Feature", "properties": { "内容": "機能訓練プラザ【通所介護】岩本458-27", "url": "https://www.kaigokensaku.mhlw.go.jp/22/index.php?action_kouhyou_detail_004_kani=true&JigyosyoCd=2272302106-00&ServiceCd=150&Type=search", "url2": null }, "geometry": { "type": "Point", "coordinates": [ 138.639241340869546, 35.183001112954528 ] } },
{ "type": "Feature", "properties": { "内容": "ケアステーションあさひ富士三ツ沢【通所介護】静岡県富士市三ツ沢字治郎畑624番地", "url": "https://www.kaigokensaku.mhlw.go.jp/22/index.php?action_kouhyou_detail_004_kani=true&JigyosyoCd=2272302098-00&ServiceCd=150&Type=search", "url2": "http://www.vati.co.jp/" }, "geometry": { "type": "Point", "coordinates": [ 138.706444, 35.1851656 ] } },
{ "type": "Feature", "properties": { "内容": "デイサービス歩乃花【通所介護】静岡県磐田市平松508-1", "url": "https://www.kaigokensaku.mhlw.go.jp/22/index.php?action_kouhyou_detail_004_kani=true&JigyosyoCd=2276901358-00&ServiceCd=150&Type=search", "url2": null }, "geometry": { "type": "Point", "coordinates": [ 137.84679164722138, 34.804946554333419 ] } },
{ "type": "Feature", "properties": { "内容": "リハビリテーションプラザデイサービスいろどり【通所介護】静岡県磐田市天龍1107-1", "url": "https://www.kaigokensaku.mhlw.go.jp/22/index.php?action_kouhyou_detail_004_kani=true&JigyosyoCd=2276901333-00&ServiceCd=150&Type=search", "url2": "https://hy-n.jp" }, "geometry": { "type": "Point", "coordinates": [ 137.8429721, 34.7058445 ] } },
{ "type": "Feature", "properties": { "内容": "デイサービスセンター　いこいの里大原【通所介護】静岡県磐田市大原1911", "url": "https://www.kaigokensaku.mhlw.go.jp/22/index.php?action_kouhyou_detail_004_kani=true&JigyosyoCd=2276900509-00&ServiceCd=150&Type=search", "url2": "http://www.ikoinosatoshizuoka.com" }, "geometry": { "type": "Point", "coordinates": [ 137.866154599999987, 34.6957901 ] } },
{ "type": "Feature", "properties": { "内容": "レッツリハビリデイサービスセンター磐田【通所介護】静岡県磐田市岩井３０５１－１", "url": "https://www.kaigokensaku.mhlw.go.jp/22/index.php?action_kouhyou_detail_004_kani=true&JigyosyoCd=2276900293-00&ServiceCd=150&Type=search", "url2": "https://lets-reha.com/" }, "geometry": { "type": "Point", "coordinates": [ 137.8693078, 34.7453447 ] } },
{ "type": "Feature", "properties": { "内容": "ウェルビ福田デイサービスセンター【通所介護】磐田市福田２１２６－１", "url": "https://www.kaigokensaku.mhlw.go.jp/22/index.php?action_kouhyou_detail_004_kani=true&JigyosyoCd=2276900350-00&ServiceCd=150&Type=search", "url2": "https://wellbe-fukude.com" }, "geometry": { "type": "Point", "coordinates": [ 137.884140200000047, 34.677534 ] } },
{ "type": "Feature", "properties": { "内容": "デイサービスセンター陽だまりの里【通所介護】静岡県磐田市彦島３８５－２", "url": "https://www.kaigokensaku.mhlw.go.jp/22/index.php?action_kouhyou_detail_004_kani=true&JigyosyoCd=2276901135-00&ServiceCd=150&Type=search", "url2": "http://www.midoricare.co.jp" }, "geometry": { "type": "Point", "coordinates": [ 137.9004516, 34.7335498 ] } },
{ "type": "Feature", "properties": { "内容": "デイサービスセンターあいの街磐田【通所介護】磐田市新貝2丁目1－3おおるり新貝", "url": "https://www.kaigokensaku.mhlw.go.jp/22/index.php?action_kouhyou_detail_004_kani=true&JigyosyoCd=2276900152-00&ServiceCd=150&Type=search", "url2": null }, "geometry": { "type": "Point", "coordinates": [ 137.886197089688039, 34.723181783577189 ] } },
{ "type": "Feature", "properties": { "内容": "ふじがおかデイサービス磐田安久路【通所介護】静岡県磐田市安久路1丁目8-2", "url": "https://www.kaigokensaku.mhlw.go.jp/22/index.php?action_kouhyou_detail_004_kani=true&JigyosyoCd=2276900749-00&ServiceCd=150&Type=search", "url2": "http://www.fujigaoka-service.jp/" }, "geometry": { "type": "Point", "coordinates": [ 137.869941899999958, 34.7210562 ] } },
{ "type": "Feature", "properties": { "内容": "えいせいゆ～とぴあデイサービスセンター【通所介護】静岡県磐田市小立野386えいせいゆ～とぴあデイサービスセンター", "url": "https://www.kaigokensaku.mhlw.go.jp/22/index.php?action_kouhyou_detail_004_kani=true&JigyosyoCd=2276900889-00&ServiceCd=150&Type=search", "url2": "http://www.keiseikai.org/" }, "geometry": { "type": "Point", "coordinates": [ 137.8184718, 34.7255621 ] } },
{ "type": "Feature", "properties": { "内容": "豊田一空園デイサービスセンター【通所介護】磐田市東原２０７－１特別養護老人ホーム豊田一空園", "url": "https://www.kaigokensaku.mhlw.go.jp/22/index.php?action_kouhyou_detail_004_kani=true&JigyosyoCd=2276600018-00&ServiceCd=150&Type=search", "url2": "http://www.hashoukai.or.jp" }, "geometry": { "type": "Point", "coordinates": [ 137.84438810000006, 34.743222 ] } },
{ "type": "Feature", "properties": { "内容": "えいせい加茂デイサービスセンター【通所介護】静岡県磐田市加茂１２４２－５", "url": "https://www.kaigokensaku.mhlw.go.jp/22/index.php?action_kouhyou_detail_004_kani=true&JigyosyoCd=2276900418-00&ServiceCd=150&Type=search", "url2": "ｓｐｗｘ3ap@wit.och.ne.jp" }, "geometry": { "type": "Point", "coordinates": [ 137.820493299999953, 34.7385773 ] } },
{ "type": "Feature", "properties": { "内容": "社会福祉法人　丹穂会　福寿荘デイサービスセンター【通所介護】磐田市宇兵衛新田１８７", "url": "https://www.kaigokensaku.mhlw.go.jp/22/index.php?action_kouhyou_detail_004_kani=true&JigyosyoCd=2276600059-00&ServiceCd=150&Type=search", "url2": null }, "geometry": { "type": "Point", "coordinates": [ 137.860792400000037, 34.6752565 ] } },
{ "type": "Feature", "properties": { "内容": "デイサービスにじいろ【通所介護】静岡県磐田市豊岡6462", "url": "https://www.kaigokensaku.mhlw.go.jp/22/index.php?action_kouhyou_detail_004_kani=true&JigyosyoCd=2276901150-00&ServiceCd=150&Type=search", "url2": null }, "geometry": { "type": "Point", "coordinates": [ 137.8044624, 34.6857988 ] } },
{ "type": "Feature", "properties": { "内容": "ニチイケアセンター磐田【通所介護】磐田市富丘916-1", "url": "https://www.kaigokensaku.mhlw.go.jp/22/index.php?action_kouhyou_detail_004_kani=true&JigyosyoCd=2276600224-00&ServiceCd=150&Type=search", "url2": "http://www.nichiigakkann.co.jp" }, "geometry": { "type": "Point", "coordinates": [ 137.848315899999989, 34.7328318 ] } },
{ "type": "Feature", "properties": { "内容": "デイサービスせんず堂【通所介護】静岡県磐田市千手堂９６４－６", "url": "https://www.kaigokensaku.mhlw.go.jp/22/index.php?action_kouhyou_detail_004_kani=true&JigyosyoCd=2276901309-00&ServiceCd=150&Type=search", "url2": "http://www.hakuju.jp" }, "geometry": { "type": "Point", "coordinates": [ 137.841086100000012, 34.6929501 ] } },
{ "type": "Feature", "properties": { "内容": "デイサービス　りんご【通所介護】静岡県磐田市気子島496番地1", "url": "https://www.kaigokensaku.mhlw.go.jp/22/index.php?action_kouhyou_detail_004_kani=true&JigyosyoCd=2276900236-00&ServiceCd=150&Type=search", "url2": "www4.tokai,or,jp/day-rinngo/" }, "geometry": { "type": "Point", "coordinates": [ 137.829670754844756, 34.708505319074639 ] } },
{ "type": "Feature", "properties": { "内容": "ラクラス見付デイサービス【通所介護】磐田市見付235-10", "url": "https://www.kaigokensaku.mhlw.go.jp/22/index.php?action_kouhyou_detail_004_kani=true&JigyosyoCd=2276900640-00&ServiceCd=150&Type=search", "url2": "http://www.entetsu.co.jp/la-class/" }, "geometry": { "type": "Point", "coordinates": [ 137.854998900000027, 34.7263524 ] } },
{ "type": "Feature", "properties": { "内容": "ラクラス福田デイサービス【通所介護】静岡県磐田市福田2204-3", "url": "https://www.kaigokensaku.mhlw.go.jp/22/index.php?action_kouhyou_detail_004_kani=true&JigyosyoCd=2276900897-00&ServiceCd=150&Type=search", "url2": "http://www.entetsu.co.jp/la-class" }, "geometry": { "type": "Point", "coordinates": [ 137.889125599999943, 34.6806364 ] } },
{ "type": "Feature", "properties": { "内容": "ラクラス掛塚デイサービス【通所介護】静岡県磐田市白羽106-4", "url": "https://www.kaigokensaku.mhlw.go.jp/22/index.php?action_kouhyou_detail_004_kani=true&JigyosyoCd=2276901143-00&ServiceCd=150&Type=search", "url2": "http://www.entetsu.co.jp/la-class" }, "geometry": { "type": "Point", "coordinates": [ 137.798874599999976, 34.6747047 ] } },
{ "type": "Feature", "properties": { "内容": "デイサービス　アクティブまどか【通所介護】静岡県磐田市東原550番地1", "url": "https://www.kaigokensaku.mhlw.go.jp/22/index.php?action_kouhyou_detail_004_kani=true&JigyosyoCd=2276900848-00&ServiceCd=150&Type=search", "url2": "http://madoka.hamazo.tv/" }, "geometry": { "type": "Point", "coordinates": [ 137.849054437434347, 34.75179558487693 ] } },
{ "type": "Feature", "properties": { "内容": "デイサービスゆう加茂川【通所介護】磐田市見付５９６６－３", "url": "https://www.kaigokensaku.mhlw.go.jp/22/index.php?action_kouhyou_detail_004_kani=true&JigyosyoCd=2276900301-00&ServiceCd=150&Type=search", "url2": null }, "geometry": { "type": "Point", "coordinates": [ 137.853643499999976, 34.7230251 ] } },
{ "type": "Feature", "properties": { "内容": "リハケアーズ福田【通所介護】静岡県磐田市福田712番地", "url": "https://www.kaigokensaku.mhlw.go.jp/22/index.php?action_kouhyou_detail_004_kani=true&JigyosyoCd=2276901010-00&ServiceCd=150&Type=search", "url2": "www.celeno-fukude.jp/" }, "geometry": { "type": "Point", "coordinates": [ 137.879854787179056, 34.680627815817786 ] } },
{ "type": "Feature", "properties": { "内容": "あずみ苑磐田【通所介護】静岡県磐田市豊島1427-1", "url": "https://www.kaigokensaku.mhlw.go.jp/22/index.php?action_kouhyou_detail_004_kani=true&JigyosyoCd=2276901119-00&ServiceCd=150&Type=search", "url2": "https://www.azumien.jp/" }, "geometry": { "type": "Point", "coordinates": [ 137.844657662813717, 34.697460397469605 ] } },
{ "type": "Feature", "properties": { "内容": "機能訓練特化型デイサービスセンター　えいせい　いずみ【通所介護】静岡県磐田市見付1766-1えいせい脳外科クリニック", "url": "https://www.kaigokensaku.mhlw.go.jp/22/index.php?action_kouhyou_detail_004_kani=true&JigyosyoCd=2276901101-00&ServiceCd=150&Type=search", "url2": "http://www.keiseikai.org/" }, "geometry": { "type": "Point", "coordinates": [ 137.85811190000004, 34.742708599999986 ] } },
{ "type": "Feature", "properties": { "内容": "デイサービス　さくらんぼ【通所介護】磐田市国府台100-1", "url": "https://www.kaigokensaku.mhlw.go.jp/22/index.php?action_kouhyou_detail_004_kani=true&JigyosyoCd=2276700231-00&ServiceCd=150&Type=search", "url2": null }, "geometry": { "type": "Point", "coordinates": [ 137.846310468872105, 34.71751757860585 ] } },
{ "type": "Feature", "properties": { "内容": "第二遠州の園デイサービス【通所介護】磐田市鮫島1804-1", "url": "https://www.kaigokensaku.mhlw.go.jp/22/index.php?action_kouhyou_detail_004_kani=true&JigyosyoCd=2276700024-00&ServiceCd=150&Type=search", "url2": "http://www.tohtoumi-kouseien.or.jp/" }, "geometry": { "type": "Point", "coordinates": [ 137.8478854, 34.6678015 ] } },
{ "type": "Feature", "properties": { "内容": "豊田ゆうあいの里デイサービス【通所介護】静岡県磐田市下万能700番地", "url": "https://www.kaigokensaku.mhlw.go.jp/22/index.php?action_kouhyou_detail_004_kani=true&JigyosyoCd=2276900079-00&ServiceCd=150&Type=search", "url2": "http://www.enchu-fukushikai.or.jp/" }, "geometry": { "type": "Point", "coordinates": [ 137.83107080000002, 34.7150751 ] } },
{ "type": "Feature", "properties": { "内容": "白寿園デイサービスセンター【通所介護】静岡県磐田市掛塚3172番地", "url": "https://www.kaigokensaku.mhlw.go.jp/22/index.php?action_kouhyou_detail_004_kani=true&JigyosyoCd=2276600034-00&ServiceCd=150&Type=search", "url2": "http://www.hakuju.jp" }, "geometry": { "type": "Point", "coordinates": [ 137.8039387, 34.6642444 ] } },
{ "type": "Feature", "properties": { "内容": "豊仙苑デイサービスセンター【通所介護】磐田市敷地83番地9", "url": "https://www.kaigokensaku.mhlw.go.jp/22/index.php?action_kouhyou_detail_004_kani=true&JigyosyoCd=2276600075-00&ServiceCd=150&Type=search", "url2": "http://www.housenen.or.jp/" }, "geometry": { "type": "Point", "coordinates": [ 137.86168460541387, 34.821788760019714 ] } },
{ "type": "Feature", "properties": { "内容": "ふじがおか見付デイサービス【通所介護】静岡県磐田市見付2337-1", "url": "https://www.kaigokensaku.mhlw.go.jp/22/index.php?action_kouhyou_detail_004_kani=true&JigyosyoCd=2276900822-00&ServiceCd=150&Type=search", "url2": "mitsuke@fujigaoka-service.co.jp" }, "geometry": { "type": "Point", "coordinates": [ 137.857270699999958, 34.7311434 ] } },
{ "type": "Feature", "properties": { "内容": "磐田ケアセンターそよ風【通所介護】静岡県磐田市国府台10-1", "url": "https://www.kaigokensaku.mhlw.go.jp/22/index.php?action_kouhyou_detail_004_kani=true&JigyosyoCd=2276901168-00&ServiceCd=150&Type=search", "url2": "https://www.sykz.co.jp/" }, "geometry": { "type": "Point", "coordinates": [ 137.850564100000014, 34.7163409 ] } },
{ "type": "Feature", "properties": { "内容": "い～な見付デイサービスセンター【通所介護】磐田市見付1596-1", "url": "https://www.kaigokensaku.mhlw.go.jp/22/index.php?action_kouhyou_detail_004_kani=true&JigyosyoCd=2276900160-00&ServiceCd=150&Type=search", "url2": "http://care-net.biz/22/e-na-mitsuke-ds/index.php" }, "geometry": { "type": "Point", "coordinates": [ 137.863833600000021, 34.737626 ] } },
{ "type": "Feature", "properties": { "内容": "い～な豊田デイサービスセンター【通所介護】静岡県磐田市立野1374番地", "url": "https://www.kaigokensaku.mhlw.go.jp/22/index.php?action_kouhyou_detail_004_kani=true&JigyosyoCd=2276900798-00&ServiceCd=150&Type=search", "url2": null }, "geometry": { "type": "Point", "coordinates": [ 137.816689, 34.7168519 ] } },
{ "type": "Feature", "properties": { "内容": "遠州の園デイサービス『大藤』【通所介護】磐田市大久保522－1", "url": "https://www.kaigokensaku.mhlw.go.jp/22/index.php?action_kouhyou_detail_004_kani=true&JigyosyoCd=2276700032-00&ServiceCd=150&Type=search", "url2": "https://www.tohtoumi-kouseien.or.jp" }, "geometry": { "type": "Point", "coordinates": [ 137.853297345754953, 34.767739408135405 ] } },
{ "type": "Feature", "properties": { "内容": "梅香の里デイサービスセンター【通所介護】磐田市下野部363-1", "url": "https://www.kaigokensaku.mhlw.go.jp/22/index.php?action_kouhyou_detail_004_kani=true&JigyosyoCd=2276900186-00&ServiceCd=150&Type=search", "url2": "http://www.hashoukai.jp" }, "geometry": { "type": "Point", "coordinates": [ 137.8464401, 34.8350333 ] } },
{ "type": "Feature", "properties": { "内容": "ツクイ磐田【通所介護】静岡県磐田市森下24-1", "url": "https://www.kaigokensaku.mhlw.go.jp/22/index.php?action_kouhyou_detail_004_kani=true&JigyosyoCd=2276901176-00&ServiceCd=150&Type=search", "url2": "https://www.tsukui.net/" }, "geometry": { "type": "Point", "coordinates": [ 137.822199399999988, 34.7234451 ] } },
{ "type": "Feature", "properties": { "内容": "シオンの家デイサービスセンター【通所介護】磐田市西貝塚2356", "url": "https://www.kaigokensaku.mhlw.go.jp/22/index.php?action_kouhyou_detail_004_kani=true&JigyosyoCd=2276700099-00&ServiceCd=150&Type=search", "url2": null }, "geometry": { "type": "Point", "coordinates": [ 137.868574209665411, 34.715258212671181 ] } },
{ "type": "Feature", "properties": { "内容": "デイサービスセンター西貝の郷【通所介護】磐田市西貝塚２１１１番地１", "url": "https://www.kaigokensaku.mhlw.go.jp/22/index.php?action_kouhyou_detail_004_kani=true&JigyosyoCd=2276700181-00&ServiceCd=150&Type=search", "url2": "http://www.saishinkai.or.jp" }, "geometry": { "type": "Point", "coordinates": [ 137.872475099999974, 34.7177928 ] } },
{ "type": "Feature", "properties": { "内容": "ケアステーションあさひ磐田【通所介護】静岡県磐田市中泉802-2", "url": "https://www.kaigokensaku.mhlw.go.jp/22/index.php?action_kouhyou_detail_004_kani=true&JigyosyoCd=2276900921-00&ServiceCd=150&Type=search", "url2": "http://www.vati.co.jp/" }, "geometry": { "type": "Point", "coordinates": [ 137.849263899999983, 34.7044415 ] } },
{ "type": "Feature", "properties": { "内容": "デイサービスセンター福田ふれあい荘【通所介護】静岡県磐田市南島５２９", "url": "https://www.kaigokensaku.mhlw.go.jp/22/index.php?action_kouhyou_detail_004_kani=true&JigyosyoCd=2276900368-00&ServiceCd=150&Type=search", "url2": "http://www.enchu-fukushikai.or.jp/" }, "geometry": { "type": "Point", "coordinates": [ 137.879778900000019, 34.6861635 ] } },
{ "type": "Feature", "properties": { "内容": "ケアステーションあさひ磐田福田【通所介護】静岡県磐田市福田2397-2", "url": "https://www.kaigokensaku.mhlw.go.jp/22/index.php?action_kouhyou_detail_004_kani=true&JigyosyoCd=2276900517-00&ServiceCd=150&Type=search", "url2": "http://www.vati.co.jp/" }, "geometry": { "type": "Point", "coordinates": [ 137.889645, 34.6793977 ] } },
{ "type": "Feature", "properties": { "内容": "デイサービスビーフィット西貝塚【通所介護】静岡県磐田市西貝塚3036-1", "url": "https://www.kaigokensaku.mhlw.go.jp/22/index.php?action_kouhyou_detail_004_kani=true&JigyosyoCd=2276900632-00&ServiceCd=150&Type=search", "url2": null }, "geometry": { "type": "Point", "coordinates": [ 137.874708199999986, 34.7187233 ] } },
{ "type": "Feature", "properties": { "内容": "株式会社アズ・ライフケア　あずみ苑焼津【通所介護】静岡県焼津市五ケ堀之内1283-1あずみ苑焼津", "url": "https://www.kaigokensaku.mhlw.go.jp/22/index.php?action_kouhyou_detail_004_kani=true&JigyosyoCd=2275101406-00&ServiceCd=150&Type=search", "url2": "https://www.azumien.jp/search/yaizu/" }, "geometry": { "type": "Point", "coordinates": [ 138.295109872352612, 34.857730419603961 ] } },
{ "type": "Feature", "properties": { "内容": "シンシア焼津デイサービス【通所介護】靜岡県焼津市石津向町１９－４", "url": "https://www.kaigokensaku.mhlw.go.jp/22/index.php?action_kouhyou_detail_004_kani=true&JigyosyoCd=2275100747-00&ServiceCd=150&Type=search", "url2": "http://www.sincere.gri.com/" }, "geometry": { "type": "Point", "coordinates": [ 138.319506499999989, 34.8416844 ] } },
{ "type": "Feature", "properties": { "内容": "リハビリ特化型デイサービスカラダラボ焼津【通所介護】静岡県焼津市柳新屋830", "url": "https://www.kaigokensaku.mhlw.go.jp/22/index.php?action_kouhyou_detail_004_kani=true&JigyosyoCd=2275101554-00&ServiceCd=150&Type=search", "url2": "http://www.karadalabo.com/index.php" }, "geometry": { "type": "Point", "coordinates": [ 138.2911982, 34.8586597 ] } },
{ "type": "Feature", "properties": { "内容": "げんきひろばやいづ【通所介護】東道原１０番地の８", "url": "https://www.kaigokensaku.mhlw.go.jp/22/index.php?action_kouhyou_detail_004_kani=true&JigyosyoCd=2275100929-00&ServiceCd=150&Type=search", "url2": "http://www.genkihiroba.jp" }, "geometry": { "type": "Point", "coordinates": [ 138.307908200000043, 34.8359605 ] } },
{ "type": "Feature", "properties": { "内容": "大井川福祉サービスセンター【通所介護】焼津市宗高５７２－１", "url": "https://www.kaigokensaku.mhlw.go.jp/22/index.php?action_kouhyou_detail_004_kani=true&JigyosyoCd=2275100754-00&ServiceCd=150&Type=search", "url2": "http://www.yaizu-shakyo.or.jp/" }, "geometry": { "type": "Point", "coordinates": [ 138.290650699999986, 34.8031817 ] } },
{ "type": "Feature", "properties": { "内容": "通所介護事業所　つばさ【通所介護】焼津市田尻北７９２－１", "url": "https://www.kaigokensaku.mhlw.go.jp/22/index.php?action_kouhyou_detail_004_kani=true&JigyosyoCd=2275100201-00&ServiceCd=150&Type=search", "url2": "http://www.tubasa.or.jp" }, "geometry": { "type": "Point", "coordinates": [ 138.330058300000019, 34.8343994 ] } },
{ "type": "Feature", "properties": { "内容": "シンシア焼津西デイサロン【通所介護】黒石1丁目3番地の13シンシア焼津西", "url": "https://www.kaigokensaku.mhlw.go.jp/22/index.php?action_kouhyou_detail_004_kani=true&JigyosyoCd=2275101307-00&ServiceCd=150&Type=search", "url2": "http://www.sincere-gri.com" }, "geometry": { "type": "Point", "coordinates": [ 138.306011300000023, 34.8454093 ] } },
{ "type": "Feature", "properties": { "内容": "デイサービスセンター　ユピテル焼津【通所介護】大覚寺１丁目６番８号", "url": "https://www.kaigokensaku.mhlw.go.jp/22/index.php?action_kouhyou_detail_004_kani=true&JigyosyoCd=2275100788-00&ServiceCd=150&Type=search", "url2": null }, "geometry": { "type": "Point", "coordinates": [ 138.300910993562297, 34.876980738070856 ] } },
{ "type": "Feature", "properties": { "内容": "デイサービスセンターかがやき【通所介護】焼津市駅北１丁目９番１２号", "url": "https://www.kaigokensaku.mhlw.go.jp/22/index.php?action_kouhyou_detail_004_kani=true&JigyosyoCd=2275100515-00&ServiceCd=150&Type=search", "url2": "http//care-net.biz/22/kagayaki/" }, "geometry": { "type": "Point", "coordinates": [ 138.319884199999933, 34.8745528 ] } },
{ "type": "Feature", "properties": { "内容": "ゆうしん中里【通所介護】静岡県焼津市中里145", "url": "https://www.kaigokensaku.mhlw.go.jp/22/index.php?action_kouhyou_detail_004_kani=true&JigyosyoCd=2275101505-00&ServiceCd=150&Type=search", "url2": "yushin2011.co.jp" }, "geometry": { "type": "Point", "coordinates": [ 138.314457474438285, 34.887024350220884 ] } },
{ "type": "Feature", "properties": { "内容": "ニチイケアセンター焼津【通所介護】焼津市西小川3-4-5", "url": "https://www.kaigokensaku.mhlw.go.jp/22/index.php?action_kouhyou_detail_004_kani=true&JigyosyoCd=2275100135-00&ServiceCd=150&Type=search", "url2": "http://www.nichiigakkan.co.jp" }, "geometry": { "type": "Point", "coordinates": [ 138.30998569999997, 34.8580048 ] } },
{ "type": "Feature", "properties": { "内容": "ディサービス　とまと　宗高【通所介護】焼津市宗高848-1Ｍ’ｓビル1Ｆ", "url": "https://www.kaigokensaku.mhlw.go.jp/22/index.php?action_kouhyou_detail_004_kani=true&JigyosyoCd=2275100978-00&ServiceCd=150&Type=search", "url2": "http://dayservice-tomato.com/" }, "geometry": { "type": "Point", "coordinates": [ 138.2882677, 34.8012374 ] } },
{ "type": "Feature", "properties": { "内容": "たんぽぽデイサービス【通所介護】焼津市下小田上町6-12", "url": "https://www.kaigokensaku.mhlw.go.jp/22/index.php?action_kouhyou_detail_004_kani=true&JigyosyoCd=2275100176-00&ServiceCd=150&Type=search", "url2": null }, "geometry": { "type": "Point", "coordinates": [ 138.315382099999965, 34.838696 ] } },
{ "type": "Feature", "properties": { "内容": "きたえるーむ焼津小土【通所介護】焼津小土３０８－１", "url": "https://www.kaigokensaku.mhlw.go.jp/22/index.php?action_kouhyou_detail_004_kani=true&JigyosyoCd=2275101083-00&ServiceCd=150&Type=search", "url2": "http://www.kitaeroom.com" }, "geometry": { "type": "Point", "coordinates": [ 138.294724099999939, 34.868259 ] } },
{ "type": "Feature", "properties": { "内容": "あおい荘デイサービスセンター【通所介護】焼津市一色４３５番地", "url": "https://www.kaigokensaku.mhlw.go.jp/22/index.php?action_kouhyou_detail_004_kani=true&JigyosyoCd=2275100069-00&ServiceCd=150&Type=search", "url2": "https://www.aoiso.net" }, "geometry": { "type": "Point", "coordinates": [ 138.31477730000006, 34.8239092 ] } },
{ "type": "Feature", "properties": { "内容": "あおぞらデイサービスセンター焼津【通所介護】大住148番地1", "url": "https://www.kaigokensaku.mhlw.go.jp/22/index.php?action_kouhyou_detail_004_kani=true&JigyosyoCd=2275101059-00&ServiceCd=150&Type=search", "url2": "aozora-ds.com" }, "geometry": { "type": "Point", "coordinates": [ 138.291768899999965, 34.8504977 ] } },
{ "type": "Feature", "properties": { "内容": "デイサービスセンター陽だまりの樹【通所介護】吉永２９１－１", "url": "https://www.kaigokensaku.mhlw.go.jp/22/index.php?action_kouhyou_detail_004_kani=true&JigyosyoCd=2275101109-00&ServiceCd=150&Type=search", "url2": "http://hidamarinoki.net" }, "geometry": { "type": "Point", "coordinates": [ 138.292562792173726, 34.794070992258803 ] } },
{ "type": "Feature", "properties": { "内容": "デイサービス焼津亀松亭【通所介護】静岡県焼津市東小川２丁目１１－２５デイサービス焼津亀松亭", "url": "https://www.kaigokensaku.mhlw.go.jp/22/index.php?action_kouhyou_detail_004_kani=true&JigyosyoCd=2275101133-00&ServiceCd=150&Type=search", "url2": "https://www.facebook.com/yaizukishotei" }, "geometry": { "type": "Point", "coordinates": [ 138.313729500000022, 34.8586602 ] } },
{ "type": "Feature", "properties": { "内容": "デイサービスセンター大富陽光園【通所介護】静岡県焼津市三右衛門新田675-1", "url": "https://www.kaigokensaku.mhlw.go.jp/22/index.php?action_kouhyou_detail_004_kani=true&JigyosyoCd=2275101455-00&ServiceCd=150&Type=search", "url2": "https://www.hakuju-kai.com/" }, "geometry": { "type": "Point", "coordinates": [ 138.292767307849999, 34.846373327300071 ] } },
{ "type": "Feature", "properties": { "内容": "大井川睦園デイサービスセンター【通所介護】焼津市高新田２３２６番５８", "url": "https://www.kaigokensaku.mhlw.go.jp/22/index.php?action_kouhyou_detail_004_kani=true&JigyosyoCd=2275200018-00&ServiceCd=150&Type=search", "url2": "http://www.mutumien.jp/" }, "geometry": { "type": "Point", "coordinates": [ 138.312766250926188, 34.802114590251684 ] } },
{ "type": "Feature", "properties": { "内容": "永田デイサービスセンター【通所介護】焼津市関方６７－１", "url": "https://www.kaigokensaku.mhlw.go.jp/22/index.php?action_kouhyou_detail_004_kani=true&JigyosyoCd=2275100291-00&ServiceCd=150&Type=search", "url2": "https://day.nagata-care1987.com/" }, "geometry": { "type": "Point", "coordinates": [ 138.3010782, 34.8935451 ] } },
{ "type": "Feature", "properties": { "内容": "通所介護事業所　つばさ豊田【通所介護】焼津市保福島１２０２", "url": "https://www.kaigokensaku.mhlw.go.jp/22/index.php?action_kouhyou_detail_004_kani=true&JigyosyoCd=2275100663-00&ServiceCd=150&Type=search", "url2": "http://www.tubasatoyoda.jp" }, "geometry": { "type": "Point", "coordinates": [ 138.287691699999982, 34.8692533 ] } },
{ "type": "Feature", "properties": { "内容": "複合施設　一休【通所介護】静岡県焼津市中根新田1120-1", "url": "https://www.kaigokensaku.mhlw.go.jp/22/index.php?action_kouhyou_detail_004_kani=true&JigyosyoCd=2275101216-00&ServiceCd=150&Type=search", "url2": "http://yaizu19.jp" }, "geometry": { "type": "Point", "coordinates": [ 138.29228020000005, 34.8308699 ] } },
{ "type": "Feature", "properties": { "内容": "デイサービスセンター福聚【通所介護】焼津市大島620-1", "url": "https://www.kaigokensaku.mhlw.go.jp/22/index.php?action_kouhyou_detail_004_kani=true&JigyosyoCd=2275100077-00&ServiceCd=150&Type=search", "url2": "http://www.eiikukai.jp/" }, "geometry": { "type": "Point", "coordinates": [ 138.28224, 34.8220374 ] } },
{ "type": "Feature", "properties": { "内容": "デイサービスセンター　よつ葉のクローバー大井川【通所介護】焼津市相川387－4", "url": "https://www.kaigokensaku.mhlw.go.jp/22/index.php?action_kouhyou_detail_004_kani=true&JigyosyoCd=2275200125-00&ServiceCd=150&Type=search", "url2": "http://ooiwanaika.com/" }, "geometry": { "type": "Point", "coordinates": [ 138.260689599999978, 34.8090626 ] } },
{ "type": "Feature", "properties": { "内容": "ツクイ焼津【通所介護】静岡県焼津市焼津1丁目1-25", "url": "https://www.kaigokensaku.mhlw.go.jp/22/index.php?action_kouhyou_detail_004_kani=true&JigyosyoCd=2275101695-00&ServiceCd=150&Type=search", "url2": "https://www.tsukui.net/" }, "geometry": { "type": "Point", "coordinates": [ 138.316944091401666, 34.867101061789384 ] } },
{ "type": "Feature", "properties": { "内容": "デイサービス　ごんべえ【通所介護】静岡県焼津市大覚寺９９", "url": "https://www.kaigokensaku.mhlw.go.jp/22/index.php?action_kouhyou_detail_004_kani=true&JigyosyoCd=2275100879-00&ServiceCd=150&Type=search", "url2": "https://www.gonbee.info/" }, "geometry": { "type": "Point", "coordinates": [ 138.292555648721333, 34.871278302435059 ] } },
{ "type": "Feature", "properties": { "内容": "高麓デイサービスセンター【通所介護】焼津市坂本385-1", "url": "https://www.kaigokensaku.mhlw.go.jp/22/index.php?action_kouhyou_detail_004_kani=true&JigyosyoCd=2275100044-00&ServiceCd=150&Type=search", "url2": "http:/www.kouroku.com" }, "geometry": { "type": "Point", "coordinates": [ 138.309513299999907, 34.8910122 ] } },
{ "type": "Feature", "properties": { "内容": "シンシア焼津西デイサービス【通所介護】静岡県焼津市黒石1丁目4番地の34シンシア焼津西デイサービス", "url": "https://www.kaigokensaku.mhlw.go.jp/22/index.php?action_kouhyou_detail_004_kani=true&JigyosyoCd=2275101182-00&ServiceCd=150&Type=search", "url2": "http://www.gri.co.jp/" }, "geometry": { "type": "Point", "coordinates": [ 138.306636199999957, 34.84607860000002 ] } },
{ "type": "Feature", "properties": { "内容": "ケアステーションあさひ西焼津【通所介護】静岡県焼津市柳新屋915番4", "url": "https://www.kaigokensaku.mhlw.go.jp/22/index.php?action_kouhyou_detail_004_kani=true&JigyosyoCd=2275101166-00&ServiceCd=150&Type=search", "url2": "http://www.vati.co.jp/" }, "geometry": { "type": "Point", "coordinates": [ 138.288766600000031, 34.8600464 ] } },
{ "type": "Feature", "properties": { "内容": "おおとみデイサービス【通所介護】中根431", "url": "https://www.kaigokensaku.mhlw.go.jp/22/index.php?action_kouhyou_detail_004_kani=true&JigyosyoCd=2275101190-00&ServiceCd=150&Type=search", "url2": "http://www.otomi.jp/" }, "geometry": { "type": "Point", "coordinates": [ 138.296317962565553, 34.83787356690744 ] } },
{ "type": "Feature", "properties": { "内容": "あげはりデイサービス【通所介護】静岡県掛川市上張９２５－８", "url": "https://www.kaigokensaku.mhlw.go.jp/22/index.php?action_kouhyou_detail_004_kani=true&JigyosyoCd=2277400152-00&ServiceCd=150&Type=search", "url2": null }, "geometry": { "type": "Point", "coordinates": [ 138.0206412, 34.7631231 ] } },
{ "type": "Feature", "properties": { "内容": "コンパスウォーク掛川弥生【通所介護】弥生町195", "url": "https://www.kaigokensaku.mhlw.go.jp/22/index.php?action_kouhyou_detail_004_kani=true&JigyosyoCd=2277400921-00&ServiceCd=150&Type=search", "url2": "https://keigo-group.co.jp/" }, "geometry": { "type": "Point", "coordinates": [ 139.671996299999989, 35.6883573 ] } },
{ "type": "Feature", "properties": { "内容": "デイサービスエコ心愛【通所介護】掛川市西之谷５", "url": "https://www.kaigokensaku.mhlw.go.jp/22/index.php?action_kouhyou_detail_004_kani=true&JigyosyoCd=2277400046-00&ServiceCd=150&Type=search", "url2": null }, "geometry": { "type": "Point", "coordinates": [ 138.0635671, 34.6978967 ] } },
{ "type": "Feature", "properties": { "内容": "デイサービスセンターいこいの里　掛川【通所介護】静岡県掛川市下垂木字小山平2709-5", "url": "https://www.kaigokensaku.mhlw.go.jp/22/index.php?action_kouhyou_detail_004_kani=true&JigyosyoCd=2277400517-00&ServiceCd=150&Type=search", "url2": "http://www.ikoinosatoshizuoka.co.jp" }, "geometry": { "type": "Point", "coordinates": [ 137.985258499999986, 34.7806902 ] } },
{ "type": "Feature", "properties": { "内容": "グッドリハ　掛川【通所介護】静岡県掛川市上張９２５－８掛川プラザビル２階", "url": "https://www.kaigokensaku.mhlw.go.jp/22/index.php?action_kouhyou_detail_004_kani=true&JigyosyoCd=2277400756-00&ServiceCd=150&Type=search", "url2": "ny-plus.com" }, "geometry": { "type": "Point", "coordinates": [ 138.0206134, 34.7631197 ] } },
{ "type": "Feature", "properties": { "内容": "レッツリハビリデイサービスセンター掛川【通所介護】静岡県掛川市弥生町１６０", "url": "https://www.kaigokensaku.mhlw.go.jp/22/index.php?action_kouhyou_detail_004_kani=true&JigyosyoCd=2277400475-00&ServiceCd=150&Type=search", "url2": "https://lets-reha.com/" }, "geometry": { "type": "Point", "coordinates": [ 138.01015, 34.7803849 ] } },
{ "type": "Feature", "properties": { "内容": "デイサービスセンター　心楽【通所介護】中央２丁目９－１", "url": "https://www.kaigokensaku.mhlw.go.jp/22/index.php?action_kouhyou_detail_004_kani=true&JigyosyoCd=2277400467-00&ServiceCd=150&Type=search", "url2": "http://kokora-kcp.xsrv.jp/" }, "geometry": { "type": "Point", "coordinates": [ 138.00767898142999, 34.769620550661998 ] } },
{ "type": "Feature", "properties": { "内容": "さやの家デイサービスセンター【通所介護】静岡県掛川市長谷1673", "url": "https://www.kaigokensaku.mhlw.go.jp/22/index.php?action_kouhyou_detail_004_kani=true&JigyosyoCd=2276200017-00&ServiceCd=150&Type=search", "url2": "http://www.tenryu-kohseikai.or.jp" }, "geometry": { "type": "Point", "coordinates": [ 137.990346499999987, 34.7695638 ] } },
{ "type": "Feature", "properties": { "内容": "ＪＡデイサービス大城【通所介護】掛川市大坂２５２８番地", "url": "https://www.kaigokensaku.mhlw.go.jp/22/index.php?action_kouhyou_detail_004_kani=true&JigyosyoCd=2277400426-00&ServiceCd=150&Type=search", "url2": "https://jayumesaki.ja-shizuoka.or.jp/other/welfare/" }, "geometry": { "type": "Point", "coordinates": [ 138.042235900000037, 34.6783264 ] } },
{ "type": "Feature", "properties": { "内容": "デイサービスきたえるーむ掛川西【通所介護】静岡県掛川市大池2735-1", "url": "https://www.kaigokensaku.mhlw.go.jp/22/index.php?action_kouhyou_detail_004_kani=true&JigyosyoCd=2277400749-00&ServiceCd=150&Type=search", "url2": null }, "geometry": { "type": "Point", "coordinates": [ 137.988915100000014, 34.7792598 ] } },
{ "type": "Feature", "properties": { "内容": "ねねの里　デイサービスセンター【通所介護】掛川市上内田875", "url": "https://www.kaigokensaku.mhlw.go.jp/22/index.php?action_kouhyou_detail_004_kani=true&JigyosyoCd=2277400038-00&ServiceCd=150&Type=search", "url2": "suzuki@nenenosato.co.jp" }, "geometry": { "type": "Point", "coordinates": [ 138.0418287, 34.7463147 ] } },
{ "type": "Feature", "properties": { "内容": "ラクラス掛川デイサービス【通所介護】静岡県掛川市柳町118-1", "url": "https://www.kaigokensaku.mhlw.go.jp/22/index.php?action_kouhyou_detail_004_kani=true&JigyosyoCd=2277400558-00&ServiceCd=150&Type=search", "url2": "http://www.entetsu.co.jp/la-class" }, "geometry": { "type": "Point", "coordinates": [ 138.010894300000018, 34.7806738 ] } },
{ "type": "Feature", "properties": { "内容": "宮脇デイサービスセンター【通所介護】掛川市宮脇二丁目16-3", "url": "https://www.kaigokensaku.mhlw.go.jp/22/index.php?action_kouhyou_detail_004_kani=true&JigyosyoCd=2276200082-00&ServiceCd=150&Type=search", "url2": "http://www.tenryu-kohseikai.or.jp/senior/miyawaki/" }, "geometry": { "type": "Point", "coordinates": [ 138.029195499999986, 34.7819518 ] } },
{ "type": "Feature", "properties": { "内容": "くにやすデイサービスセンター【通所介護】掛川市国安１７１７番地の１番", "url": "https://www.kaigokensaku.mhlw.go.jp/22/index.php?action_kouhyou_detail_004_kani=true&JigyosyoCd=2276100415-00&ServiceCd=150&Type=search", "url2": "http://daitohukushikai.com" }, "geometry": { "type": "Point", "coordinates": [ 138.06642080000006, 34.6564432 ] } },
{ "type": "Feature", "properties": { "内容": "大東デイサービスセンター【通所介護】掛川市下土方3584番地の1", "url": "https://www.kaigokensaku.mhlw.go.jp/22/index.php?action_kouhyou_detail_004_kani=true&JigyosyoCd=2276100035-00&ServiceCd=150&Type=search", "url2": "http://www.daitofukushikai.com/" }, "geometry": { "type": "Point", "coordinates": [ 138.043141, 34.6903472 ] } },
{ "type": "Feature", "properties": { "内容": "すずらん【通所介護】掛川市下垂木２１４０－６", "url": "https://www.kaigokensaku.mhlw.go.jp/22/index.php?action_kouhyou_detail_004_kani=true&JigyosyoCd=2276200165-00&ServiceCd=150&Type=search", "url2": null }, "geometry": { "type": "Point", "coordinates": [ 137.9782748, 34.7793793 ] } },
{ "type": "Feature", "properties": { "内容": "こでまり【通所介護】静岡県掛川市下垂木2141-3", "url": "https://www.kaigokensaku.mhlw.go.jp/22/index.php?action_kouhyou_detail_004_kani=true&JigyosyoCd=2277400392-00&ServiceCd=150&Type=search", "url2": null }, "geometry": { "type": "Point", "coordinates": [ 137.978219200000012, 34.779609799999989 ] } },
{ "type": "Feature", "properties": { "内容": "マザーズ長谷壱番館【通所介護】静岡県掛川市長谷2丁目2番地の5", "url": "https://www.kaigokensaku.mhlw.go.jp/22/index.php?action_kouhyou_detail_004_kani=true&JigyosyoCd=2277400806-00&ServiceCd=150&Type=search", "url2": null }, "geometry": { "type": "Point", "coordinates": [ 137.9922635, 34.767355 ] } },
{ "type": "Feature", "properties": { "内容": "掛川東病院　デイサービスセンター【通所介護】静岡県掛川市仁藤宇神宮寺西2-1", "url": "https://www.kaigokensaku.mhlw.go.jp/22/index.php?action_kouhyou_detail_004_kani=true&JigyosyoCd=2277400855-00&ServiceCd=150&Type=search", "url2": "https://www.kakegawa-higashi.com/" }, "geometry": { "type": "Point", "coordinates": [ 138.020023715869144, 34.778483533361701 ] } },
{ "type": "Feature", "properties": { "内容": "おおすか苑デイサービスセンター（ほほえみ）【通所介護】掛川市大渕4895番地", "url": "https://www.kaigokensaku.mhlw.go.jp/22/index.php?action_kouhyou_detail_004_kani=true&JigyosyoCd=2276100084-00&ServiceCd=150&Type=search", "url2": "http://www.oosukaen.or.jp" }, "geometry": { "type": "Point", "coordinates": [ 138.016149, 34.6686712 ] } },
{ "type": "Feature", "properties": { "内容": "かけがわ苑通所介護事業所【通所介護】掛川市大池646番地１", "url": "https://www.kaigokensaku.mhlw.go.jp/22/index.php?action_kouhyou_detail_004_kani=true&JigyosyoCd=2276200033-00&ServiceCd=150&Type=search", "url2": "http://www.kake-en.or.jp" }, "geometry": { "type": "Point", "coordinates": [ 137.987560499999972, 34.7747188 ] } },
{ "type": "Feature", "properties": { "内容": "ニチイケアセンター　掛川【通所介護】掛川市天王町5-1", "url": "https://www.kaigokensaku.mhlw.go.jp/22/index.php?action_kouhyou_detail_004_kani=true&JigyosyoCd=2276200058-00&ServiceCd=150&Type=search", "url2": null }, "geometry": { "type": "Point", "coordinates": [ 138.013585700000021, 34.7816876 ] } },
{ "type": "Feature", "properties": { "内容": "デイサービスかなで　中の家【通所介護】中4265-3", "url": "https://www.kaigokensaku.mhlw.go.jp/22/index.php?action_kouhyou_detail_004_kani=true&JigyosyoCd=2277400640-00&ServiceCd=150&Type=search", "url2": "http://www.comodo-care.jp/" }, "geometry": { "type": "Point", "coordinates": [ 138.057170700000029, 34.6899393 ] } },
{ "type": "Feature", "properties": { "内容": "デイサービスセンタ―　ラスール掛川【通所介護】静岡県掛川市杉谷南1-1-20デイサービスセンター　ラスール掛川", "url": "https://www.kaigokensaku.mhlw.go.jp/22/index.php?action_kouhyou_detail_004_kani=true&JigyosyoCd=2277400707-00&ServiceCd=150&Type=search", "url2": "momoha-bloom.or.jp/lasoeur.html" }, "geometry": { "type": "Point", "coordinates": [ 138.028048682803359, 34.76041422130649 ] } },
{ "type": "Feature", "properties": { "内容": "ケアステーションあさひ掛川【通所介護】静岡県掛川市下垂木字新田2937番地3", "url": "https://www.kaigokensaku.mhlw.go.jp/22/index.php?action_kouhyou_detail_004_kani=true&JigyosyoCd=2277400442-00&ServiceCd=150&Type=search", "url2": "http://www.vati.co.jp/" }, "geometry": { "type": "Point", "coordinates": [ 137.981702199999972, 34.7843037 ] } },
{ "type": "Feature", "properties": { "内容": "特定非営利活動法人いやし処ほのぼの【通所介護】掛川市原里1521原田ふくし館内", "url": "https://www.kaigokensaku.mhlw.go.jp/22/index.php?action_kouhyou_detail_004_kani=true&JigyosyoCd=2277400095-00&ServiceCd=150&Type=search", "url2": "http/:hp.kaipoke.biz/t7n/" }, "geometry": { "type": "Point", "coordinates": [ 137.967162599999938, 34.841583 ] } },
{ "type": "Feature", "properties": { "内容": "デイサービスかなで七日町【通所介護】静岡県掛川市七日町155", "url": "https://www.kaigokensaku.mhlw.go.jp/22/index.php?action_kouhyou_detail_004_kani=true&JigyosyoCd=2277400947-00&ServiceCd=150&Type=search", "url2": "https://comodo-care.jp/" }, "geometry": { "type": "Point", "coordinates": [ 138.0024149, 34.7791508 ] } },
{ "type": "Feature", "properties": { "内容": "コンパスウォーク藤枝【通所介護】静岡県藤枝市下薮田62-1", "url": "https://www.kaigokensaku.mhlw.go.jp/22/index.php?action_kouhyou_detail_004_kani=true&JigyosyoCd=2275301873-00&ServiceCd=150&Type=search", "url2": "https://www.bing.com/ck/a?!&&p=e2afeb07b0389d4eJmltdHM9MTcwNjE0MDgwMCZpZ3VpZD0yYWNhMTg5Ni04YTMxLTY1MmYtMjM0YS0wYWU0OGJlMzY0ZmQmaW5zaWQ9NTIwNg&ptn=3&ver=2&hsh=3&fclid=2aca1896-8a31-652f-234a-0ae48be364fd&psq=%e3%82%b3%e3%83%b3%e3%83%91%e3%82%b9%e3%82%a6%e3" }, "geometry": { "type": "Point", "coordinates": [ 138.261530976057458, 34.887276791473965 ] } },
{ "type": "Feature", "properties": { "内容": "せいわデイサービス【通所介護】静岡県藤枝市前島2-12-13", "url": "https://www.kaigokensaku.mhlw.go.jp/22/index.php?action_kouhyou_detail_004_kani=true&JigyosyoCd=2275300776-00&ServiceCd=150&Type=search", "url2": "http://seiwakikaku.jp/" }, "geometry": { "type": "Point", "coordinates": [ 138.250156800000013, 34.84579140000001 ] } },
{ "type": "Feature", "properties": { "内容": "デイサービスはばたき【通所介護】静岡県藤枝市五十海４丁目4-27", "url": "https://www.kaigokensaku.mhlw.go.jp/22/index.php?action_kouhyou_detail_004_kani=true&JigyosyoCd=2275302020-00&ServiceCd=150&Type=search", "url2": null }, "geometry": { "type": "Point", "coordinates": [ 138.2606238, 34.879973300000032 ] } },
{ "type": "Feature", "properties": { "内容": "デイサービスセンター高草指定通所介護事業所【通所介護】静岡県藤枝市岡部町内谷１３３４番地の４", "url": "https://www.kaigokensaku.mhlw.go.jp/22/index.php?action_kouhyou_detail_004_kani=true&JigyosyoCd=2275200026-00&ServiceCd=150&Type=search", "url2": "http://hadukikai.jp/kijyunosato/" }, "geometry": { "type": "Point", "coordinates": [ 138.289738004893479, 34.908526613962046 ] } },
{ "type": "Feature", "properties": { "内容": "ニチイケアセンター藤枝【通所介護】藤枝市瀬古2丁目12-4", "url": "https://www.kaigokensaku.mhlw.go.jp/22/index.php?action_kouhyou_detail_004_kani=true&JigyosyoCd=2275300115-00&ServiceCd=150&Type=search", "url2": "http://www.nichiigakkan.co.jp" }, "geometry": { "type": "Point", "coordinates": [ 138.241323800000032, 34.8638006 ] } },
{ "type": "Feature", "properties": { "内容": "ツクイ藤枝茶町【通所介護】静岡県藤枝市茶町1-3-26", "url": "https://www.kaigokensaku.mhlw.go.jp/22/index.php?action_kouhyou_detail_004_kani=true&JigyosyoCd=2275302038-00&ServiceCd=150&Type=search", "url2": "https://www.tsukui.net/" }, "geometry": { "type": "Point", "coordinates": [ 138.2485381, 34.8714745 ] } },
{ "type": "Feature", "properties": { "内容": "西益津通所介護　グリーンヒルズ藤枝【通所介護】藤枝市郡　1120", "url": "https://www.kaigokensaku.mhlw.go.jp/22/index.php?action_kouhyou_detail_004_kani=true&JigyosyoCd=2275300263-00&ServiceCd=150&Type=search", "url2": "http://g-hills.jp/" }, "geometry": { "type": "Point", "coordinates": [ 138.279100800000037, 34.8731972 ] } },
{ "type": "Feature", "properties": { "内容": "老人デイサービスセンター愛華【通所介護】藤枝市大東町58番地", "url": "https://www.kaigokensaku.mhlw.go.jp/22/index.php?action_kouhyou_detail_004_kani=true&JigyosyoCd=2275300446-00&ServiceCd=150&Type=search", "url2": "http://aikanosato.com/" }, "geometry": { "type": "Point", "coordinates": [ 138.262400399999933, 34.8248331 ] } },
{ "type": "Feature", "properties": { "内容": "まごころでい藤枝南【通所介護】藤枝市大洲４丁目１２－１３", "url": "https://www.kaigokensaku.mhlw.go.jp/22/index.php?action_kouhyou_detail_004_kani=true&JigyosyoCd=2275300561-00&ServiceCd=150&Type=search", "url2": "http://www.magokorokaigo.com" }, "geometry": { "type": "Point", "coordinates": [ 138.259417399999961, 34.8278464 ] } },
{ "type": "Feature", "properties": { "内容": "NASA介護スペース五十海【通所介護】藤枝市五十海２丁目１－４", "url": "https://www.kaigokensaku.mhlw.go.jp/22/index.php?action_kouhyou_detail_004_kani=true&JigyosyoCd=2275300669-00&ServiceCd=150&Type=search", "url2": null }, "geometry": { "type": "Point", "coordinates": [ 138.257677699999931, 34.8790046 ] } },
{ "type": "Feature", "properties": { "内容": "ＮＡＳＡ介護スペース茶町【通所介護】藤枝市茶町１丁目10-25", "url": "https://www.kaigokensaku.mhlw.go.jp/22/index.php?action_kouhyou_detail_004_kani=true&JigyosyoCd=2275301063-00&ServiceCd=150&Type=search", "url2": "nasa.corp.jp" }, "geometry": { "type": "Point", "coordinates": [ 138.247342300000042, 34.8715861 ] } },
{ "type": "Feature", "properties": { "内容": "ふじトピア通所介護事業所【通所介護】藤枝市時ヶ谷417番地2", "url": "https://www.kaigokensaku.mhlw.go.jp/22/index.php?action_kouhyou_detail_004_kani=true&JigyosyoCd=2275300206-00&ServiceCd=150&Type=search", "url2": "https://fujitopia.jp/" }, "geometry": { "type": "Point", "coordinates": [ 138.258649900000023, 34.8858675 ] } },
{ "type": "Feature", "properties": { "内容": "デイサービスコミュニティーケア藤枝【通所介護】静岡県藤枝市藤枝3-13-8", "url": "https://www.kaigokensaku.mhlw.go.jp/22/index.php?action_kouhyou_detail_004_kani=true&JigyosyoCd=2275301071-00&ServiceCd=150&Type=search", "url2": null }, "geometry": { "type": "Point", "coordinates": [ 138.2522533, 34.8719834 ] } },
{ "type": "Feature", "properties": { "内容": "指定通所介護事業所　デイサロンまどか【通所介護】藤枝市瀬戸新屋429-21", "url": "https://www.kaigokensaku.mhlw.go.jp/22/index.php?action_kouhyou_detail_004_kani=true&JigyosyoCd=2275300537-00&ServiceCd=150&Type=search", "url2": "https://www.big-advance.site/s/124/1262" }, "geometry": { "type": "Point", "coordinates": [ 138.238321400000018, 34.8517016 ] } },
{ "type": "Feature", "properties": { "内容": "フォレスタデイ藤枝高洲【通所介護】藤枝市高洲1-13-3", "url": "https://www.kaigokensaku.mhlw.go.jp/22/index.php?action_kouhyou_detail_004_kani=true&JigyosyoCd=2275301279-00&ServiceCd=150&Type=search", "url2": "http://www.forestafujieda.jp/" }, "geometry": { "type": "Point", "coordinates": [ 138.266630498841891, 34.841421616680336 ] } },
{ "type": "Feature", "properties": { "内容": "フォレスタデイ　藤枝小石川【通所介護】静岡県藤枝市小石川町4-15-15", "url": "https://www.kaigokensaku.mhlw.go.jp/22/index.php?action_kouhyou_detail_004_kani=true&JigyosyoCd=2275301717-00&ServiceCd=150&Type=search", "url2": "www.foresutafujieda.jp" }, "geometry": { "type": "Point", "coordinates": [ 138.264391400000022, 34.8542327 ] } },
{ "type": "Feature", "properties": { "内容": "通所介護事業所　康楽【通所介護】藤枝市中ノ合257番地の1", "url": "https://www.kaigokensaku.mhlw.go.jp/22/index.php?action_kouhyou_detail_004_kani=true&JigyosyoCd=2275300065-00&ServiceCd=150&Type=search", "url2": "http://www.fusuikai.jp/" }, "geometry": { "type": "Point", "coordinates": [ 138.247670299999982, 34.9018176 ] } },
{ "type": "Feature", "properties": { "内容": "アクタガワ　生活リハビリ高柳デイサービスセンター【通所介護】静岡県藤枝市高柳3-29-31", "url": "https://www.kaigokensaku.mhlw.go.jp/22/index.php?action_kouhyou_detail_004_kani=true&JigyosyoCd=2275301386-00&ServiceCd=150&Type=search", "url2": "https://akutagawa-dayservice.com/facilities/takayanagi/" }, "geometry": { "type": "Point", "coordinates": [ 138.269327949212652, 34.847679414634875 ] } },
{ "type": "Feature", "properties": { "内容": "デイサービス菜の花【通所介護】静岡県藤枝市内瀬戸194番地の1", "url": "https://www.kaigokensaku.mhlw.go.jp/22/index.php?action_kouhyou_detail_004_kani=true&JigyosyoCd=2275301196-00&ServiceCd=150&Type=search", "url2": "http://seikeikai.info/" }, "geometry": { "type": "Point", "coordinates": [ 138.233782900000051, 34.8530013 ] } },
{ "type": "Feature", "properties": { "内容": "きらら藤枝デイサービスセンター【通所介護】藤枝市八幡198番地", "url": "https://www.kaigokensaku.mhlw.go.jp/22/index.php?action_kouhyou_detail_004_kani=true&JigyosyoCd=2275300883-00&ServiceCd=150&Type=search", "url2": "http://www.kenminkouseikai.net." }, "geometry": { "type": "Point", "coordinates": [ 138.274598200000014, 34.8856595 ] } },
{ "type": "Feature", "properties": { "内容": "FIT-ONE【通所介護】藤枝市小石川町4丁目１８－２８", "url": "https://www.kaigokensaku.mhlw.go.jp/22/index.php?action_kouhyou_detail_004_kani=true&JigyosyoCd=2275301188-00&ServiceCd=150&Type=search", "url2": "http://www.kaifuku-ichiban.jp" }, "geometry": { "type": "Point", "coordinates": [ 138.2645913, 34.8564435 ] } },
{ "type": "Feature", "properties": { "内容": "デイサービス福ろう【通所介護】静岡県藤枝市与左衛門３６５－１", "url": "https://www.kaigokensaku.mhlw.go.jp/22/index.php?action_kouhyou_detail_004_kani=true&JigyosyoCd=2275301295-00&ServiceCd=150&Type=search", "url2": "デイサービス福ろう" }, "geometry": { "type": "Point", "coordinates": [ 138.271640899999966, 34.8355851 ] } },
{ "type": "Feature", "properties": { "内容": "藤枝ケアセンターそよ風【通所介護】田沼5丁目4－7", "url": "https://www.kaigokensaku.mhlw.go.jp/22/index.php?action_kouhyou_detail_004_kani=true&JigyosyoCd=2275301915-00&ServiceCd=150&Type=search", "url2": "http://www.sykz.co.jp/" }, "geometry": { "type": "Point", "coordinates": [ 138.256909400000012, 34.8392962 ] } },
{ "type": "Feature", "properties": { "内容": "デイサービスゴールドエイジ藤枝【通所介護】静岡県藤枝市本町2-1-35ゴールドエイジ藤枝", "url": "https://www.kaigokensaku.mhlw.go.jp/22/index.php?action_kouhyou_detail_004_kani=true&JigyosyoCd=2275301634-00&ServiceCd=150&Type=search", "url2": "https://www.goldage.co.jp" }, "geometry": { "type": "Point", "coordinates": [ 138.261371899999972, 34.8737804 ] } },
{ "type": "Feature", "properties": { "内容": "Beans'CAFE【通所介護】高洲5-7", "url": "https://www.kaigokensaku.mhlw.go.jp/22/index.php?action_kouhyou_detail_004_kani=true&JigyosyoCd=2275301899-00&ServiceCd=150&Type=search", "url2": "https://beans-cafe2021.com/" }, "geometry": { "type": "Point", "coordinates": [ 138.2612634, 34.8402714 ] } },
{ "type": "Feature", "properties": { "内容": "デイサービスセンター　よつ葉のクローバー堀之内【通所介護】藤枝市堀之内５１９－５", "url": "https://www.kaigokensaku.mhlw.go.jp/22/index.php?action_kouhyou_detail_004_kani=true&JigyosyoCd=2275301105-00&ServiceCd=150&Type=search", "url2": "http://oiwanaika.com/yotsuba-no-clover-horinouchi" }, "geometry": { "type": "Point", "coordinates": [ 138.224028, 34.877915 ] } },
{ "type": "Feature", "properties": { "内容": "アクタガワ　生活リハビリ小石川デイサービスセンター【通所介護】藤枝市小石川３－１９－２３", "url": "https://www.kaigokensaku.mhlw.go.jp/22/index.php?action_kouhyou_detail_004_kani=true&JigyosyoCd=2275301535-00&ServiceCd=150&Type=search", "url2": "https://akutagawa-dayservice.com/facilities/koishikawa/" }, "geometry": { "type": "Point", "coordinates": [ 138.264078652253716, 34.857314190636934 ] } },
{ "type": "Feature", "properties": { "内容": "デイサービスセンター　からふる藤枝【通所介護】静岡県藤枝市高洲1-13-34", "url": "https://www.kaigokensaku.mhlw.go.jp/22/index.php?action_kouhyou_detail_004_kani=true&JigyosyoCd=2275301980-00&ServiceCd=150&Type=search", "url2": "https://colorfulgarden.jp/find-index/#visit" }, "geometry": { "type": "Point", "coordinates": [ 138.2667691, 34.8409046 ] } },
{ "type": "Feature", "properties": { "内容": "デイサービスセンター　よつ葉のクローバー【通所介護】藤枝市前島3-7-5", "url": "https://www.kaigokensaku.mhlw.go.jp/22/index.php?action_kouhyou_detail_004_kani=true&JigyosyoCd=2265390035-00&ServiceCd=150&Type=search", "url2": "https://ooiwanaika.com/" }, "geometry": { "type": "Point", "coordinates": [ 138.251527405522552, 34.842747859494743 ] } },
{ "type": "Feature", "properties": { "内容": "いちごケアセンター【通所介護】藤枝市小石川町2丁目11-7", "url": "https://www.kaigokensaku.mhlw.go.jp/22/index.php?action_kouhyou_detail_004_kani=true&JigyosyoCd=2275300636-00&ServiceCd=150&Type=search", "url2": "http://web.thn.jp/ichigo/" }, "geometry": { "type": "Point", "coordinates": [ 138.25641878650822, 34.855446704046159 ] } },
{ "type": "Feature", "properties": { "内容": "デイサービスユニバーサル園芸こんぴら倶楽部【通所介護】藤枝市瀬古一丁目２番４号", "url": "https://www.kaigokensaku.mhlw.go.jp/22/index.php?action_kouhyou_detail_004_kani=true&JigyosyoCd=2275300842-00&ServiceCd=150&Type=search", "url2": "http:/care-net.biz/22/konpira/" }, "geometry": { "type": "Point", "coordinates": [ 138.242909700000013, 34.865356 ] } },
{ "type": "Feature", "properties": { "内容": "第２開寿園通所介護事業所　青南【通所介護】静岡県藤枝市青南町１丁目１２番地の１３", "url": "https://www.kaigokensaku.mhlw.go.jp/22/index.php?action_kouhyou_detail_004_kani=true&JigyosyoCd=2275300073-00&ServiceCd=150&Type=search", "url2": "http://www.fusuikai.jp/" }, "geometry": { "type": "Point", "coordinates": [ 138.240627099999983, 34.8363586 ] } },
{ "type": "Feature", "properties": { "内容": "あおぞらデイサービスセンター【通所介護】藤枝市時ヶ谷382-5", "url": "https://www.kaigokensaku.mhlw.go.jp/22/index.php?action_kouhyou_detail_004_kani=true&JigyosyoCd=2275300917-00&ServiceCd=150&Type=search", "url2": "www.aozora-ds.com" }, "geometry": { "type": "Point", "coordinates": [ 138.255426279762332, 34.88352410468876 ] } },
{ "type": "Feature", "properties": { "内容": "デイサービス亀八茶屋【通所介護】岡部町羽佐間641", "url": "https://www.kaigokensaku.mhlw.go.jp/22/index.php?action_kouhyou_detail_004_kani=true&JigyosyoCd=2275301691-00&ServiceCd=150&Type=search", "url2": "https://www.8kame.com/" }, "geometry": { "type": "Point", "coordinates": [ 138.25786, 34.9445183 ] } },
{ "type": "Feature", "properties": { "内容": "みどりの風・おかべ通所介護事業所【通所介護】静岡県藤枝市岡部町内谷581-8", "url": "https://www.kaigokensaku.mhlw.go.jp/22/index.php?action_kouhyou_detail_004_kani=true&JigyosyoCd=2275301204-00&ServiceCd=150&Type=search", "url2": "http://e-miwasan.com" }, "geometry": { "type": "Point", "coordinates": [ 138.282271700000024, 34.9120146 ] } },
{ "type": "Feature", "properties": { "内容": "ニチイケアセンター藤枝青木【通所介護】藤枝市青木２－２７－２３", "url": "https://www.kaigokensaku.mhlw.go.jp/22/index.php?action_kouhyou_detail_004_kani=true&JigyosyoCd=2275301006-00&ServiceCd=150&Type=search", "url2": "http://www.nichiigakkan.co.jp" }, "geometry": { "type": "Point", "coordinates": [ 138.25109539999994, 34.856171 ] } },
{ "type": "Feature", "properties": { "内容": "北川医院　通所介護たかす【通所介護】静岡県藤枝市高洲６２－３", "url": "https://www.kaigokensaku.mhlw.go.jp/22/index.php?action_kouhyou_detail_004_kani=true&JigyosyoCd=2275301709-00&ServiceCd=150&Type=search", "url2": "http://kitagawa-uro.com" }, "geometry": { "type": "Point", "coordinates": [ 138.257185246032662, 34.836674894782369 ] } },
{ "type": "Feature", "properties": { "内容": "デイサービスこころ萩原【通所介護】静岡県御殿場市萩原２８番地の１６", "url": "https://www.kaigokensaku.mhlw.go.jp/22/index.php?action_kouhyou_detail_004_kani=true&JigyosyoCd=2271200723-00&ServiceCd=150&Type=search", "url2": null }, "geometry": { "type": "Point", "coordinates": [ 138.928779100000042, 35.3134918 ] } },
{ "type": "Feature", "properties": { "内容": "富岳ギャザーホーム【通所介護】静岡県御殿場市神山１９２５番地の１１９３", "url": "https://www.kaigokensaku.mhlw.go.jp/22/index.php?action_kouhyou_detail_004_kani=true&JigyosyoCd=2271200046-00&ServiceCd=150&Type=search", "url2": "http://www.fugakukai.com/" }, "geometry": { "type": "Point", "coordinates": [ 138.9023532, 35.2347848 ] } },
{ "type": "Feature", "properties": { "内容": "御殿場ケアセンターそよ風【通所介護】御殿場市萩原１２２－１３", "url": "https://www.kaigokensaku.mhlw.go.jp/22/index.php?action_kouhyou_detail_004_kani=true&JigyosyoCd=2271200426-00&ServiceCd=150&Type=search", "url2": "https://www.sykz.co.jp/shisetsu/106" }, "geometry": { "type": "Point", "coordinates": [ 138.929440099999965, 35.3079175 ] } },
{ "type": "Feature", "properties": { "内容": "デイサービスセンターすまいる【通所介護】御殿場市萩原９８８－１", "url": "https://www.kaigokensaku.mhlw.go.jp/22/index.php?action_kouhyou_detail_004_kani=true&JigyosyoCd=2271200061-00&ServiceCd=150&Type=search", "url2": "http//gosyakyo.jp" }, "geometry": { "type": "Point", "coordinates": [ 138.910429241802944, 35.311809107054742 ] } },
{ "type": "Feature", "properties": { "内容": "御殿場十字の園通所介護センター【通所介護】御殿場市深沢1465-1", "url": "https://www.kaigokensaku.mhlw.go.jp/22/index.php?action_kouhyou_detail_004_kani=true&JigyosyoCd=2271200053-00&ServiceCd=150&Type=search", "url2": "http://www.jyuji.or.jp/" }, "geometry": { "type": "Point", "coordinates": [ 138.959625299999971, 35.3122431 ] } },
{ "type": "Feature", "properties": { "内容": "特別養護老人ホームふじあざみ【通所介護】静岡県御殿場市印野字程塚15493番地の1", "url": "https://www.kaigokensaku.mhlw.go.jp/22/index.php?action_kouhyou_detail_004_kani=true&JigyosyoCd=2271200814-00&ServiceCd=150&Type=search", "url2": "http://www.hakuyu-kai.or.jp/fujiazami/facility/" }, "geometry": { "type": "Point", "coordinates": [ 138.809566499999988, 35.3060284 ] } },
{ "type": "Feature", "properties": { "内容": "デイサービスセンター白雪【通所介護】御殿場市川島田字南原２７０番地", "url": "https://www.kaigokensaku.mhlw.go.jp/22/index.php?action_kouhyou_detail_004_kani=true&JigyosyoCd=2271200277-00&ServiceCd=150&Type=search", "url2": "http://www.hakuyu-kai.or.jp/shirayuki/" }, "geometry": { "type": "Point", "coordinates": [ 138.9258125, 35.2946678 ] } },
{ "type": "Feature", "properties": { "内容": "デイサービス　ひなた【通所介護】静岡県御殿場市神場一丁目17番地", "url": "https://www.kaigokensaku.mhlw.go.jp/22/index.php?action_kouhyou_detail_004_kani=true&JigyosyoCd=2271200566-00&ServiceCd=150&Type=search", "url2": "http://hinata-gotemba.sakura.ne.jp/business/dayservice" }, "geometry": { "type": "Point", "coordinates": [ 138.9043802, 35.2742461 ] } },
{ "type": "Feature", "properties": { "内容": "デイサービスセンター　すずらん【通所介護】上小林字西野原1527-19", "url": "https://www.kaigokensaku.mhlw.go.jp/22/index.php?action_kouhyou_detail_004_kani=true&JigyosyoCd=2271200541-00&ServiceCd=150&Type=search", "url2": "www.hakuyu-kai.or.jp/suzuran." }, "geometry": { "type": "Point", "coordinates": [ 138.8974184598801, 35.3445209824866 ] } },
{ "type": "Feature", "properties": { "内容": "デイサービスなでしこ【通所介護】静岡県御殿場市竈704-13", "url": "https://www.kaigokensaku.mhlw.go.jp/22/index.php?action_kouhyou_detail_004_kani=true&JigyosyoCd=2271200657-00&ServiceCd=150&Type=search", "url2": null }, "geometry": { "type": "Point", "coordinates": [ 138.92557469999997, 35.2778384 ] } },
{ "type": "Feature", "properties": { "内容": "デイサービス　月音【通所介護】静岡県袋井市上山梨３丁目16-2シルバーハウス月音", "url": "https://www.kaigokensaku.mhlw.go.jp/22/index.php?action_kouhyou_detail_004_kani=true&JigyosyoCd=2277300758-00&ServiceCd=150&Type=search", "url2": "https://midoricare.co.jp/" }, "geometry": { "type": "Point", "coordinates": [ 137.9036207, 34.7894121 ] } },
{ "type": "Feature", "properties": { "内容": "デイサービス　オハナ【通所介護】静岡県袋井市川井1184-1", "url": "https://www.kaigokensaku.mhlw.go.jp/22/index.php?action_kouhyou_detail_004_kani=true&JigyosyoCd=2277300741-00&ServiceCd=150&Type=search", "url2": null }, "geometry": { "type": "Point", "coordinates": [ 137.9116597, 34.7473318 ] } },
{ "type": "Feature", "properties": { "内容": "浅羽デイサービスセンター【通所介護】袋井市浅羽4140", "url": "https://www.kaigokensaku.mhlw.go.jp/22/index.php?action_kouhyou_detail_004_kani=true&JigyosyoCd=2276600042-00&ServiceCd=150&Type=search", "url2": "http://www18.ocn.ne.jp/~sanpo/" }, "geometry": { "type": "Point", "coordinates": [ 137.936859799999979, 34.7138754 ] } },
{ "type": "Feature", "properties": { "内容": "ＳＩＮ太田デイサービスセンター【通所介護】静岡県袋井市太田50-1", "url": "https://www.kaigokensaku.mhlw.go.jp/22/index.php?action_kouhyou_detail_004_kani=true&JigyosyoCd=2277300519-00&ServiceCd=150&Type=search", "url2": null }, "geometry": { "type": "Point", "coordinates": [ 137.893629782378412, 34.76722690642297 ] } },
{ "type": "Feature", "properties": { "内容": "レッツリハビリデイサービスセンター袋井【通所介護】静岡県袋井市久能1985-1", "url": "https://www.kaigokensaku.mhlw.go.jp/22/index.php?action_kouhyou_detail_004_kani=true&JigyosyoCd=2277300626-00&ServiceCd=150&Type=search", "url2": "https://lets-reha.com/" }, "geometry": { "type": "Point", "coordinates": [ 137.915965699999987, 34.7635157 ] } },
{ "type": "Feature", "properties": { "内容": "明和からす森デイサービスセンター【通所介護】袋井市広岡3266-1", "url": "https://www.kaigokensaku.mhlw.go.jp/22/index.php?action_kouhyou_detail_004_kani=true&JigyosyoCd=2277300089-00&ServiceCd=150&Type=search", "url2": "https://www.meiwakai.jp/" }, "geometry": { "type": "Point", "coordinates": [ 137.95678769999995, 34.7602369 ] } },
{ "type": "Feature", "properties": { "内容": "紅紫萩デイサービスセンター【通所介護】袋井市高尾１４６８番地", "url": "https://www.kaigokensaku.mhlw.go.jp/22/index.php?action_kouhyou_detail_004_kani=true&JigyosyoCd=2276400021-00&ServiceCd=150&Type=search", "url2": "http://koshikai.or.jp/profile.php" }, "geometry": { "type": "Point", "coordinates": [ 137.929609699999986, 34.7321451 ] } },
{ "type": "Feature", "properties": { "内容": "デイサービスみどり【通所介護】静岡県袋井市見取字上幕ケ谷1683-7", "url": "https://www.kaigokensaku.mhlw.go.jp/22/index.php?action_kouhyou_detail_004_kani=true&JigyosyoCd=2277300634-00&ServiceCd=150&Type=search", "url2": "http://www.midoricare.co.jp/company.html" }, "geometry": { "type": "Point", "coordinates": [ 137.865113, 34.789965 ] } },
{ "type": "Feature", "properties": { "内容": "明和苑デイサービスセンター【通所介護】袋井市宇刈850-1", "url": "https://www.kaigokensaku.mhlw.go.jp/22/index.php?action_kouhyou_detail_004_kani=true&JigyosyoCd=2276400039-00&ServiceCd=150&Type=search", "url2": "http://www.meiwakai.jp" }, "geometry": { "type": "Point", "coordinates": [ 137.922245400000065, 34.7923073 ] } },
{ "type": "Feature", "properties": { "内容": "ユアーサポートこころふくろい【通所介護】豊沢1289－4", "url": "https://www.kaigokensaku.mhlw.go.jp/22/index.php?action_kouhyou_detail_004_kani=true&JigyosyoCd=2277300428-00&ServiceCd=150&Type=search", "url2": "http://ones-home.org" }, "geometry": { "type": "Point", "coordinates": [ 137.9426671, 34.7360696 ] } },
{ "type": "Feature", "properties": { "内容": "デイサービス　まなまな【通所介護】静岡県袋井市青木町6番地の1ふくろいあんしん館", "url": "https://www.kaigokensaku.mhlw.go.jp/22/index.php?action_kouhyou_detail_004_kani=true&JigyosyoCd=2277300378-00&ServiceCd=150&Type=search", "url2": "http://fukuroianshin-kan.com/manamana/" }, "geometry": { "type": "Point", "coordinates": [ 137.93098482803336, 34.734111912086874 ] } },
{ "type": "Feature", "properties": { "内容": "ラクラス可睡の杜【通所介護】静岡県袋井市可睡の杜51-7", "url": "https://www.kaigokensaku.mhlw.go.jp/22/index.php?action_kouhyou_detail_004_kani=true&JigyosyoCd=2277300279-00&ServiceCd=150&Type=search", "url2": "http://www.entetsu.co,jp/la-class/kasui/" }, "geometry": { "type": "Point", "coordinates": [ 137.919809900000018, 34.7796227 ] } },
{ "type": "Feature", "properties": { "内容": "温泉デイトレーニングセンター和の湯【通所介護】諸井2050番地3", "url": "https://www.kaigokensaku.mhlw.go.jp/22/index.php?action_kouhyou_detail_004_kani=true&JigyosyoCd=2277300568-00&ServiceCd=150&Type=search", "url2": "http://onsendaytraining-yawaraginoyu.com/" }, "geometry": { "type": "Point", "coordinates": [ 137.927382314155608, 34.730399718513155 ] } },
{ "type": "Feature", "properties": { "内容": "デイサービス紫陽花【通所介護】静岡県袋井市湊102", "url": "https://www.kaigokensaku.mhlw.go.jp/22/index.php?action_kouhyou_detail_004_kani=true&JigyosyoCd=2277300717-00&ServiceCd=150&Type=search", "url2": "https://minatoakari.jp/" }, "geometry": { "type": "Point", "coordinates": [ 137.908979322090175, 34.679774108790902 ] } },
{ "type": "Feature", "properties": { "内容": "デイサービスセンター袋井ふれあい荘【通所介護】静岡県袋井市久能1248-1", "url": "https://www.kaigokensaku.mhlw.go.jp/22/index.php?action_kouhyou_detail_004_kani=true&JigyosyoCd=2277300220-00&ServiceCd=150&Type=search", "url2": "http://www.enchu-fukushikai.or.jp/" }, "geometry": { "type": "Point", "coordinates": [ 137.91703, 34.757153 ] } },
{ "type": "Feature", "properties": { "内容": "ディアコニア・デイサービス【通所介護】袋井市山崎5902番地の167", "url": "https://www.kaigokensaku.mhlw.go.jp/22/index.php?action_kouhyou_detail_004_kani=true&JigyosyoCd=2276400161-00&ServiceCd=150&Type=search", "url2": "http//www.denmark-bokujyo.or.jp" }, "geometry": { "type": "Point", "coordinates": [ 137.974092400000018, 34.7090543 ] } },
{ "type": "Feature", "properties": { "内容": "明和ふかみの里ﾃﾞｲサービスセンター【通所介護】静岡県袋井市深見1764番地", "url": "https://www.kaigokensaku.mhlw.go.jp/22/index.php?action_kouhyou_detail_004_kani=true&JigyosyoCd=2277300584-00&ServiceCd=150&Type=search", "url2": "http://www.meiwakai.jp" }, "geometry": { "type": "Point", "coordinates": [ 137.888835182974162, 34.785134381703422 ] } },
{ "type": "Feature", "properties": { "内容": "萬松の里可睡門前デイサービスセンター【通所介護】久能2891", "url": "https://www.kaigokensaku.mhlw.go.jp/22/index.php?action_kouhyou_detail_004_kani=true&JigyosyoCd=2277300204-00&ServiceCd=150&Type=search", "url2": "http://www.banshoukai.com/" }, "geometry": { "type": "Point", "coordinates": [ 137.91933240000003, 34.773087300000014 ] } },
{ "type": "Feature", "properties": { "内容": "萬松の里デイサービスセンター【通所介護】袋井市久能2914-4", "url": "https://www.kaigokensaku.mhlw.go.jp/22/index.php?action_kouhyou_detail_004_kani=true&JigyosyoCd=2276400203-00&ServiceCd=150&Type=search", "url2": "http://www.banshoukai.com/" }, "geometry": { "type": "Point", "coordinates": [ 137.921531889579796, 34.776950686604785 ] } },
{ "type": "Feature", "properties": { "内容": "ニチイケアセンター袋井【通所介護】静岡県袋井市新屋3－1－21", "url": "https://www.kaigokensaku.mhlw.go.jp/22/index.php?action_kouhyou_detail_004_kani=true&JigyosyoCd=2276400054-00&ServiceCd=150&Type=search", "url2": "http://www.nichiigakkann.co.jp" }, "geometry": { "type": "Point", "coordinates": [ 137.929101100000025, 34.7505957 ] } },
{ "type": "Feature", "properties": { "内容": "い～な袋井デイサービスセンター【通所介護】静岡県袋井市広岡1463-6", "url": "https://www.kaigokensaku.mhlw.go.jp/22/index.php?action_kouhyou_detail_004_kani=true&JigyosyoCd=2277300782-00&ServiceCd=150&Type=search", "url2": "https://kenkokai-care.com/" }, "geometry": { "type": "Point", "coordinates": [ 137.9372606, 34.7563728 ] } },
{ "type": "Feature", "properties": { "内容": "プラチナ・デイサービス袋井【通所介護】静岡県袋井市高尾町５－２２袋井センタービル3階", "url": "https://www.kaigokensaku.mhlw.go.jp/22/index.php?action_kouhyou_detail_004_kani=true&JigyosyoCd=2277300238-00&ServiceCd=150&Type=search", "url2": "https://lakes21.co.jp" }, "geometry": { "type": "Point", "coordinates": [ 137.923714099999984, 34.7443121 ] } },
{ "type": "Feature", "properties": { "内容": "デイサービス　ビーフィット袋井【通所介護】静岡県袋井下山梨2006-5", "url": "https://www.kaigokensaku.mhlw.go.jp/22/index.php?action_kouhyou_detail_004_kani=true&JigyosyoCd=2277300360-00&ServiceCd=150&Type=search", "url2": "http://be-fit.jp/" }, "geometry": { "type": "Point", "coordinates": [ 137.912377699999979, 34.7735899 ] } },
{ "type": "Feature", "properties": { "内容": "すこやかデイサービス歩み【通所介護】静岡県袋井市愛野東１丁目８番地の１３", "url": "https://www.kaigokensaku.mhlw.go.jp/22/index.php?action_kouhyou_detail_004_kani=true&JigyosyoCd=2277300543-00&ServiceCd=150&Type=search", "url2": null }, "geometry": { "type": "Point", "coordinates": [ 137.958901700000069, 34.7525515 ] } },
{ "type": "Feature", "properties": { "内容": "ケアステーションあさひ袋井【通所介護】静岡県袋井市堀越707-5", "url": "https://www.kaigokensaku.mhlw.go.jp/22/index.php?action_kouhyou_detail_004_kani=true&JigyosyoCd=2277300527-00&ServiceCd=150&Type=search", "url2": "http://www.vati.co.jp/" }, "geometry": { "type": "Point", "coordinates": [ 137.9103169, 34.7514758 ] } },
{ "type": "Feature", "properties": { "内容": "い～な浅羽デイサービスセンター【通所介護】袋井市浅名７３３番地７", "url": "https://www.kaigokensaku.mhlw.go.jp/22/index.php?action_kouhyou_detail_004_kani=true&JigyosyoCd=2277300147-00&ServiceCd=150&Type=search", "url2": null }, "geometry": { "type": "Point", "coordinates": [ 137.929916400000025, 34.706229 ] } },
{ "type": "Feature", "properties": { "内容": "ツクイ袋井【通所介護】静岡県袋井市堀越1-3-19", "url": "https://www.kaigokensaku.mhlw.go.jp/22/index.php?action_kouhyou_detail_004_kani=true&JigyosyoCd=2277300667-00&ServiceCd=150&Type=search", "url2": "https://www.tsukui.net" }, "geometry": { "type": "Point", "coordinates": [ 137.914362, 34.75345810000001 ] } },
{ "type": "Feature", "properties": { "内容": "下田市デイサービスセンター【通所介護】静岡県下田市４丁目１番１号", "url": "https://www.kaigokensaku.mhlw.go.jp/22/index.php?action_kouhyou_detail_004_kani=true&JigyosyoCd=2270200021-00&ServiceCd=150&Type=search", "url2": "http:/www.shakyo.or.jp./hp/1001" }, "geometry": { "type": "Point", "coordinates": [ 138.9422803, 34.6759782 ] } },
{ "type": "Feature", "properties": { "内容": "ケアセンターうばめがし下田【通所介護】下田市東本郷二丁目６番２号", "url": "https://www.kaigokensaku.mhlw.go.jp/22/index.php?action_kouhyou_detail_004_kani=true&JigyosyoCd=2270200237-00&ServiceCd=150&Type=search", "url2": "http://ubamegashi.biz" }, "geometry": { "type": "Point", "coordinates": [ 138.945952, 34.6836496 ] } },
{ "type": "Feature", "properties": { "内容": "デイサービスセンター梓の里【通所介護】下田市加増野181番地の1", "url": "https://www.kaigokensaku.mhlw.go.jp/22/index.php?action_kouhyou_detail_004_kani=true&JigyosyoCd=2270200047-00&ServiceCd=150&Type=search", "url2": "http://www.shiyuukai.or.jp/" }, "geometry": { "type": "Point", "coordinates": [ 138.875893099999985, 34.7194836 ] } },
{ "type": "Feature", "properties": { "内容": "デイサービス銀の鈴【通所介護】下田市西本郷2－9－10", "url": "https://www.kaigokensaku.mhlw.go.jp/22/index.php?action_kouhyou_detail_004_kani=true&JigyosyoCd=2270200211-00&ServiceCd=150&Type=search", "url2": "https://silverbel.jp" }, "geometry": { "type": "Point", "coordinates": [ 138.942224500000066, 34.6842689 ] } },
{ "type": "Feature", "properties": { "内容": "デイサービスセンターみくらの里【通所介護】下田市吉佐美１０８６番地", "url": "https://www.kaigokensaku.mhlw.go.jp/22/index.php?action_kouhyou_detail_004_kani=true&JigyosyoCd=2270200179-00&ServiceCd=150&Type=search", "url2": "www.shiyuukai.or.jp" }, "geometry": { "type": "Point", "coordinates": [ 138.914027900000065, 34.6719507 ] } },
{ "type": "Feature", "properties": { "内容": "デイサービス桃園の家【通所介護】静岡県裾野市桃園122-139", "url": "https://www.kaigokensaku.mhlw.go.jp/22/index.php?action_kouhyou_detail_004_kani=true&JigyosyoCd=2271400562-00&ServiceCd=150&Type=search", "url2": "http://faith-ltd.jp" }, "geometry": { "type": "Point", "coordinates": [ 138.901476099999968, 35.1739781 ] } },
{ "type": "Feature", "properties": { "内容": "デイホーム野の花くね【通所介護】裾野市久根567-4", "url": "https://www.kaigokensaku.mhlw.go.jp/22/index.php?action_kouhyou_detail_004_kani=true&JigyosyoCd=2271400191-00&ServiceCd=150&Type=search", "url2": "http://dayhomenonohana.com/" }, "geometry": { "type": "Point", "coordinates": [ 138.920136946371457, 35.183989305357954 ] } },
{ "type": "Feature", "properties": { "内容": "裾野市デイサービスセンターいずみ荘【通所介護】裾野市茶畑302-1", "url": "https://www.kaigokensaku.mhlw.go.jp/22/index.php?action_kouhyou_detail_004_kani=true&JigyosyoCd=2271400034-00&ServiceCd=150&Type=search", "url2": "http://www.syakyo-susono.or.jp/" }, "geometry": { "type": "Point", "coordinates": [ 138.9124038, 35.1742991 ] } },
{ "type": "Feature", "properties": { "内容": "老人デイサービス事業　茶畑ヒルズ【通所介護】静岡県裾野市茶畑1428-1", "url": "https://www.kaigokensaku.mhlw.go.jp/22/index.php?action_kouhyou_detail_004_kani=true&JigyosyoCd=2271400216-00&ServiceCd=150&Type=search", "url2": "http://kashokai.or.jp" }, "geometry": { "type": "Point", "coordinates": [ 138.928394, 35.1759658 ] } },
{ "type": "Feature", "properties": { "内容": "デイサービス　ゆかりの郷【通所介護】水窪124番地の23", "url": "https://www.kaigokensaku.mhlw.go.jp/22/index.php?action_kouhyou_detail_004_kani=true&JigyosyoCd=2271400372-00&ServiceCd=150&Type=search", "url2": "http://www.syouen.co.jp" }, "geometry": { "type": "Point", "coordinates": [ 138.90208833372958, 35.155383313016259 ] } },
{ "type": "Feature", "properties": { "内容": "ヤザキケアセンター　紙ふうせん【通所介護】裾野市御宿1500", "url": "https://www.kaigokensaku.mhlw.go.jp/22/index.php?action_kouhyou_detail_004_kani=true&JigyosyoCd=2271400174-00&ServiceCd=150&Type=search", "url2": "http://care-net.biz/22/kamifuusen/" }, "geometry": { "type": "Point", "coordinates": [ 138.910510335690333, 35.214734485095697 ] } },
{ "type": "Feature", "properties": { "内容": "ケアステーションあさひ裾野【通所介護】静岡県裾野市富沢246-3", "url": "https://www.kaigokensaku.mhlw.go.jp/22/index.php?action_kouhyou_detail_004_kani=true&JigyosyoCd=2271400299-00&ServiceCd=150&Type=search", "url2": "http://www.vati.co.jp/" }, "geometry": { "type": "Point", "coordinates": [ 138.897432900000013, 35.1617673 ] } },
{ "type": "Feature", "properties": { "内容": "すみれデイサービス【通所介護】静岡県裾野市二ツ屋71番地の6", "url": "https://www.kaigokensaku.mhlw.go.jp/22/index.php?action_kouhyou_detail_004_kani=true&JigyosyoCd=2271400554-00&ServiceCd=150&Type=search", "url2": null }, "geometry": { "type": "Point", "coordinates": [ 138.903028100000029, 35.1653576 ] } },
{ "type": "Feature", "properties": { "内容": "一円荘デイサービスセンター【通所介護】静岡県湖西市白須賀3986-7", "url": "https://www.kaigokensaku.mhlw.go.jp/22/index.php?action_kouhyou_detail_004_kani=true&JigyosyoCd=2278400094-00&ServiceCd=150&Type=search", "url2": "http://www.ichienso.co.jp" }, "geometry": { "type": "Point", "coordinates": [ 137.498993, 34.6996082 ] } },
{ "type": "Feature", "properties": { "内容": "デイサービス　のどか【通所介護】静岡県湖西市新居町中之郷西川田1605番地-13", "url": "https://www.kaigokensaku.mhlw.go.jp/22/index.php?action_kouhyou_detail_004_kani=true&JigyosyoCd=2278400268-00&ServiceCd=150&Type=search", "url2": null }, "geometry": { "type": "Point", "coordinates": [ 137.556210998069787, 34.706830800911106 ] } },
{ "type": "Feature", "properties": { "内容": "デイサービスセンター恵翔苑【通所介護】湖西市新居町中之郷3636番地21", "url": "https://www.kaigokensaku.mhlw.go.jp/22/index.php?action_kouhyou_detail_004_kani=true&JigyosyoCd=2278400276-00&ServiceCd=150&Type=search", "url2": "http://juhoukai.jp" }, "geometry": { "type": "Point", "coordinates": [ 137.557470800000033, 34.709818 ] } },
{ "type": "Feature", "properties": { "内容": "あらいデイサービスセンター【通所介護】湖西市新居町新居1800番地の1", "url": "https://www.kaigokensaku.mhlw.go.jp/22/index.php?action_kouhyou_detail_004_kani=true&JigyosyoCd=2278200049-00&ServiceCd=150&Type=search", "url2": "shinwakai-shizuoka.or.jp" }, "geometry": { "type": "Point", "coordinates": [ 137.57625280000002, 34.6861375 ] } },
{ "type": "Feature", "properties": { "内容": "デイサービスセンター　ひなたぼっこ【通所介護】静岡県湖西市岡崎１７０８番地の４", "url": "https://www.kaigokensaku.mhlw.go.jp/22/index.php?action_kouhyou_detail_004_kani=true&JigyosyoCd=2278400052-00&ServiceCd=150&Type=search", "url2": "https://ds-hinatabokko.com/" }, "geometry": { "type": "Point", "coordinates": [ 137.514257499999985, 34.7234531 ] } },
{ "type": "Feature", "properties": { "内容": "老人デイサービスセンター光湖苑【通所介護】静岡県湖西市新所岡崎梅田入会地17-20", "url": "https://www.kaigokensaku.mhlw.go.jp/22/index.php?action_kouhyou_detail_004_kani=true&JigyosyoCd=2278400011-00&ServiceCd=150&Type=search", "url2": "https://m-hamanakokai.jp/" }, "geometry": { "type": "Point", "coordinates": [ 137.50126709999995, 34.7158398 ] } },
{ "type": "Feature", "properties": { "内容": "日ノ岡デイサービス【通所介護】湖西市岡崎2254-2", "url": "https://www.kaigokensaku.mhlw.go.jp/22/index.php?action_kouhyou_detail_004_kani=true&JigyosyoCd=2278400144-00&ServiceCd=150&Type=search", "url2": "http://care-ohana.com" }, "geometry": { "type": "Point", "coordinates": [ 137.52372643677063, 34.729386776136124 ] } },
{ "type": "Feature", "properties": { "内容": "ケアステーションあさひ湖西【通所介護】静岡県湖西市鷲津2688番1", "url": "https://www.kaigokensaku.mhlw.go.jp/22/index.php?action_kouhyou_detail_004_kani=true&JigyosyoCd=2278400318-00&ServiceCd=150&Type=search", "url2": "http://www.vati.co.jp/" }, "geometry": { "type": "Point", "coordinates": [ 137.5528905, 34.7140144 ] } },
{ "type": "Feature", "properties": { "内容": "デイサービスセンター　湖西白萩【通所介護】湖西市太田450－1", "url": "https://www.kaigokensaku.mhlw.go.jp/22/index.php?action_kouhyou_detail_004_kani=true&JigyosyoCd=2278400136-00&ServiceCd=150&Type=search", "url2": "httpｓ://www.jihian.or.jp" }, "geometry": { "type": "Point", "coordinates": [ 137.510673, 34.7553658 ] } },
{ "type": "Feature", "properties": { "内容": "デイサービスサンシティあらい【通所介護】静岡県湖西市新居町新居117-3", "url": "https://www.kaigokensaku.mhlw.go.jp/22/index.php?action_kouhyou_detail_004_kani=true&JigyosyoCd=2278200163-00&ServiceCd=150&Type=search", "url2": "http://www.yhkikaku.jp/" }, "geometry": { "type": "Point", "coordinates": [ 137.570406199999979, 34.6885954 ] } },
{ "type": "Feature", "properties": { "内容": "土肥デイサービス【通所介護】伊豆市小土肥７８７－２", "url": "https://www.kaigokensaku.mhlw.go.jp/22/index.php?action_kouhyou_detail_004_kani=true&JigyosyoCd=2270300052-00&ServiceCd=150&Type=search", "url2": "http://www.shinai-kai.jp/toihome/" }, "geometry": { "type": "Point", "coordinates": [ 138.791311899999982, 34.923828 ] } },
{ "type": "Feature", "properties": { "内容": "中伊豆デイサービスセンター【通所介護】伊豆市八幡123", "url": "https://www.kaigokensaku.mhlw.go.jp/22/index.php?action_kouhyou_detail_004_kani=true&JigyosyoCd=2270700160-00&ServiceCd=150&Type=search", "url2": null }, "geometry": { "type": "Point", "coordinates": [ 139.000266399999987, 34.9575315 ] } },
{ "type": "Feature", "properties": { "内容": "伊豆中央ケアセンター　デイサービスセンター【通所介護】伊豆市大野304", "url": "https://www.kaigokensaku.mhlw.go.jp/22/index.php?action_kouhyou_detail_004_kani=true&JigyosyoCd=2270300094-00&ServiceCd=150&Type=search", "url2": "http://shunpuukai.com/" }, "geometry": { "type": "Point", "coordinates": [ 138.977754, 34.9838142 ] } },
{ "type": "Feature", "properties": { "内容": "天城デイサービスセンター【通所介護】伊豆市月ヶ瀬408-1", "url": "https://www.kaigokensaku.mhlw.go.jp/22/index.php?action_kouhyou_detail_004_kani=true&JigyosyoCd=2270300219-00&ServiceCd=150&Type=search", "url2": "http://shunpuukai.com/" }, "geometry": { "type": "Point", "coordinates": [ 138.924083357533277, 34.916292006552567 ] } },
{ "type": "Feature", "properties": { "内容": "ふれあいデイサービスセンター【通所介護】伊豆市八幡３３－１", "url": "https://www.kaigokensaku.mhlw.go.jp/22/index.php?action_kouhyou_detail_004_kani=true&JigyosyoCd=2270300227-00&ServiceCd=150&Type=search", "url2": "http://shunpuukai.com/" }, "geometry": { "type": "Point", "coordinates": [ 139.0037327, 34.9582732 ] } },
{ "type": "Feature", "properties": { "内容": "デイサービス　夢無限つきがせ【通所介護】静岡県伊豆市月ヶ瀬337-2", "url": "https://www.kaigokensaku.mhlw.go.jp/22/index.php?action_kouhyou_detail_004_kani=true&JigyosyoCd=2270700319-00&ServiceCd=150&Type=search", "url2": null }, "geometry": { "type": "Point", "coordinates": [ 138.9230771, 34.9173294 ] } },
{ "type": "Feature", "properties": { "内容": "デイサービスセンター　天城の杜【通所介護】静岡県伊豆市湯ヶ島９３９番４１", "url": "https://www.kaigokensaku.mhlw.go.jp/22/index.php?action_kouhyou_detail_004_kani=true&JigyosyoCd=2270700251-00&ServiceCd=150&Type=search", "url2": "http://www.swc-aisei.or.jp/" }, "geometry": { "type": "Point", "coordinates": [ 138.921368799999982, 34.8693131 ] } },
{ "type": "Feature", "properties": { "内容": "デイサービス　御前崎　亀松亭【通所介護】静岡県御前崎市白羽７７７８－１介護施設御前崎亀松亭", "url": "https://www.kaigokensaku.mhlw.go.jp/22/index.php?action_kouhyou_detail_004_kani=true&JigyosyoCd=2275690051-00&ServiceCd=150&Type=search", "url2": "https://www.facebook.com/omaezakikishotei" }, "geometry": { "type": "Point", "coordinates": [ 138.183012900000023, 34.608083800000024 ] } },
{ "type": "Feature", "properties": { "内容": "コンパスウォーク御前崎【通所介護】静岡県御前崎市池新田3960-1", "url": "https://www.kaigokensaku.mhlw.go.jp/22/index.php?action_kouhyou_detail_004_kani=true&JigyosyoCd=2275690192-00&ServiceCd=150&Type=search", "url2": "keigo-group.co.jp" }, "geometry": { "type": "Point", "coordinates": [ 138.1278565, 34.6410497 ] } },
{ "type": "Feature", "properties": { "内容": "灯光園デイサービスセンター【通所介護】御前崎市御前崎８３－２", "url": "https://www.kaigokensaku.mhlw.go.jp/22/index.php?action_kouhyou_detail_004_kani=true&JigyosyoCd=2275500060-00&ServiceCd=150&Type=search", "url2": null }, "geometry": { "type": "Point", "coordinates": [ 138.208916400000021, 34.601179 ] } },
{ "type": "Feature", "properties": { "内容": "企業組合　よりみち【通所介護】御前崎市御前崎２９４７－７", "url": "https://www.kaigokensaku.mhlw.go.jp/22/index.php?action_kouhyou_detail_004_kani=true&JigyosyoCd=2275500541-00&ServiceCd=150&Type=search", "url2": null }, "geometry": { "type": "Point", "coordinates": [ 138.2155239, 34.6039348 ] } },
{ "type": "Feature", "properties": { "内容": "デイサービスげんきの郷【通所介護】静岡県御前崎市白羽５４０２番地８", "url": "https://www.kaigokensaku.mhlw.go.jp/22/index.php?action_kouhyou_detail_004_kani=true&JigyosyoCd=2275690127-00&ServiceCd=150&Type=search", "url2": null }, "geometry": { "type": "Point", "coordinates": [ 138.204774832565107, 34.611886784868595 ] } },
{ "type": "Feature", "properties": { "内容": "池新田デイサービスセンター【通所介護】御前崎市池新田4089", "url": "https://www.kaigokensaku.mhlw.go.jp/22/index.php?action_kouhyou_detail_004_kani=true&JigyosyoCd=2276100118-00&ServiceCd=150&Type=search", "url2": "http://www/san-ikukai.or.jp/" }, "geometry": { "type": "Point", "coordinates": [ 138.131673699999965, 34.6414085 ] } },
{ "type": "Feature", "properties": { "内容": "佐倉デイサービスセンター【通所介護】御前崎市宮内７０", "url": "https://www.kaigokensaku.mhlw.go.jp/22/index.php?action_kouhyou_detail_004_kani=true&JigyosyoCd=2275690101-00&ServiceCd=150&Type=search", "url2": "http://www.san-ikukai.or.jp/" }, "geometry": { "type": "Point", "coordinates": [ 138.163590200000044, 34.6366017 ] } },
{ "type": "Feature", "properties": { "内容": "デイサービスセンター平成園【通所介護】静岡県御前崎市池新田4139番地-1", "url": "https://www.kaigokensaku.mhlw.go.jp/22/index.php?action_kouhyou_detail_004_kani=true&JigyosyoCd=2275690135-00&ServiceCd=150&Type=search", "url2": "http://care-net.biz/22/heiseien21/" }, "geometry": { "type": "Point", "coordinates": [ 138.133456930781108, 34.643550644523913 ] } },
{ "type": "Feature", "properties": { "内容": "デイサロン　あかり【通所介護】御前崎市佐倉4800-1", "url": "https://www.kaigokensaku.mhlw.go.jp/22/index.php?action_kouhyou_detail_004_kani=true&JigyosyoCd=2275690093-00&ServiceCd=150&Type=search", "url2": "http://chubu-shizuoka.jp" }, "geometry": { "type": "Point", "coordinates": [ 138.140978600000039, 34.6360455 ] } },
{ "type": "Feature", "properties": { "内容": "コンパスウォーク菊川加茂【通所介護】静岡県菊川市加茂502-1", "url": "https://www.kaigokensaku.mhlw.go.jp/22/index.php?action_kouhyou_detail_004_kani=true&JigyosyoCd=2276800303-00&ServiceCd=150&Type=search", "url2": "https://keigo-group.co.jp/" }, "geometry": { "type": "Point", "coordinates": [ 138.079479, 34.7510416 ] } },
{ "type": "Feature", "properties": { "内容": "ニチイケアセンター菊川本所【通所介護】静岡県菊川市本所1725番2", "url": "https://www.kaigokensaku.mhlw.go.jp/22/index.php?action_kouhyou_detail_004_kani=true&JigyosyoCd=2276800170-00&ServiceCd=150&Type=search", "url2": "http://www.nichiigakkan.co.jp/" }, "geometry": { "type": "Point", "coordinates": [ 138.0911069, 34.7479525 ] } },
{ "type": "Feature", "properties": { "内容": "ＪＡデイサービス夢咲【通所介護】菊川市下平川６２６６", "url": "https://www.kaigokensaku.mhlw.go.jp/22/index.php?action_kouhyou_detail_004_kani=true&JigyosyoCd=2276100209-00&ServiceCd=150&Type=search", "url2": "https://jayumesaki.ja-shizuoka.or.jp/other/welfare/" }, "geometry": { "type": "Point", "coordinates": [ 138.091850499999964, 34.7006798 ] } },
{ "type": "Feature", "properties": { "内容": "デイサービス斉藤【通所介護】菊川市上平川293", "url": "https://www.kaigokensaku.mhlw.go.jp/22/index.php?action_kouhyou_detail_004_kani=true&JigyosyoCd=2276800071-00&ServiceCd=150&Type=search", "url2": "http://www.allkango.jp" }, "geometry": { "type": "Point", "coordinates": [ 138.0805964, 34.7161157 ] } },
{ "type": "Feature", "properties": { "内容": "内田デイサービスセンター【通所介護】菊川市下内田２２１８－２", "url": "https://www.kaigokensaku.mhlw.go.jp/22/index.php?action_kouhyou_detail_004_kani=true&JigyosyoCd=2276100341-00&ServiceCd=150&Type=search", "url2": "URLhttp://www.hakuo.or.jp/" }, "geometry": { "type": "Point", "coordinates": [ 138.067563800000016, 34.7167631 ] } },
{ "type": "Feature", "properties": { "内容": "デイサービスセンターさくら【通所介護】菊川市土橋４１４－１", "url": "https://www.kaigokensaku.mhlw.go.jp/22/index.php?action_kouhyou_detail_004_kani=true&JigyosyoCd=2276800113-00&ServiceCd=150&Type=search", "url2": "ds_sakura@clock.ocn.ne.jp" }, "geometry": { "type": "Point", "coordinates": [ 138.087579900000037, 34.7254053 ] } },
{ "type": "Feature", "properties": { "内容": "マザーズ西方弐番館【通所介護】静岡県菊川市西方２４１０番地の１", "url": "https://www.kaigokensaku.mhlw.go.jp/22/index.php?action_kouhyou_detail_004_kani=true&JigyosyoCd=2276800154-00&ServiceCd=150&Type=search", "url2": null }, "geometry": { "type": "Point", "coordinates": [ 138.069248600000037, 34.7624099 ] } },
{ "type": "Feature", "properties": { "内容": "ツクイ菊川【通所介護】菊川市加茂184-1", "url": "https://www.kaigokensaku.mhlw.go.jp/22/index.php?action_kouhyou_detail_004_kani=true&JigyosyoCd=2276800279-00&ServiceCd=150&Type=search", "url2": "https://www.tsukui.net" }, "geometry": { "type": "Point", "coordinates": [ 138.0842063, 34.7513352 ] } },
{ "type": "Feature", "properties": { "内容": "デイサービスかなで【通所介護】下内田４０４４番地の１", "url": "https://www.kaigokensaku.mhlw.go.jp/22/index.php?action_kouhyou_detail_004_kani=true&JigyosyoCd=2276800204-00&ServiceCd=150&Type=search", "url2": "http://www.comodo-care.jp/" }, "geometry": { "type": "Point", "coordinates": [ 138.068835900000067, 34.7104558 ] } },
{ "type": "Feature", "properties": { "内容": "ふじデイサービス【通所介護】菊川市東横地1938-1", "url": "https://www.kaigokensaku.mhlw.go.jp/22/index.php?action_kouhyou_detail_004_kani=true&JigyosyoCd=2276800212-00&ServiceCd=150&Type=search", "url2": null }, "geometry": { "type": "Point", "coordinates": [ 138.095641918585216, 34.728873220437421 ] } },
{ "type": "Feature", "properties": { "内容": "ふじトレーニング【通所介護】菊川市下平川1262", "url": "https://www.kaigokensaku.mhlw.go.jp/22/index.php?action_kouhyou_detail_004_kani=true&JigyosyoCd=2276800295-00&ServiceCd=150&Type=search", "url2": "http://tetos.galaxy.bindcloud.jp/kaigo/fujitore/" }, "geometry": { "type": "Point", "coordinates": [ 138.0915561, 34.6992811 ] } },
{ "type": "Feature", "properties": { "内容": "ケアステーションあさひ菊川【通所介護】静岡県菊川市上平川139番3", "url": "https://www.kaigokensaku.mhlw.go.jp/22/index.php?action_kouhyou_detail_004_kani=true&JigyosyoCd=2276800253-00&ServiceCd=150&Type=search", "url2": "http://www.vati.co.jp/" }, "geometry": { "type": "Point", "coordinates": [ 138.082243699999907, 34.7184457 ] } },
{ "type": "Feature", "properties": { "内容": "伊豆の国市社協デイサービスセンターにらやま【通所介護】伊豆の国市四日町302番地の1韮山福祉保健センター", "url": "https://www.kaigokensaku.mhlw.go.jp/22/index.php?action_kouhyou_detail_004_kani=true&JigyosyoCd=2270800028-00&ServiceCd=150&Type=search", "url2": "http://izunokuni-wel.jp" }, "geometry": { "type": "Point", "coordinates": [ 138.951627599999938, 35.059174 ] } },
{ "type": "Feature", "properties": { "内容": "江間デイサービス【通所介護】静岡県伊豆の国市南江間１３０６－１江間デイサービス", "url": "https://www.kaigokensaku.mhlw.go.jp/22/index.php?action_kouhyou_detail_004_kani=true&JigyosyoCd=2270800374-00&ServiceCd=150&Type=search", "url2": null }, "geometry": { "type": "Point", "coordinates": [ 138.922123899999974, 35.0523739 ] } },
{ "type": "Feature", "properties": { "内容": "デイサービス　ル・ソレイユ原木【通所介護】静岡県伊豆の国市原木733-2", "url": "https://www.kaigokensaku.mhlw.go.jp/22/index.php?action_kouhyou_detail_004_kani=true&JigyosyoCd=2270300516-00&ServiceCd=150&Type=search", "url2": "http://care-soleil.com/" }, "geometry": { "type": "Point", "coordinates": [ 138.941881, 35.0663061 ] } },
{ "type": "Feature", "properties": { "内容": "ぬくもりの里　デイサービスセンター【通所介護】伊豆の国市田京1259-29", "url": "https://www.kaigokensaku.mhlw.go.jp/22/index.php?action_kouhyou_detail_004_kani=true&JigyosyoCd=2270300086-00&ServiceCd=150&Type=search", "url2": "http://www.shunpuukai.com/" }, "geometry": { "type": "Point", "coordinates": [ 138.97113760000002, 35.0081584 ] } },
{ "type": "Feature", "properties": { "内容": "クラシオンカフェ伊豆の国【通所介護】伊豆の国市天野6-3", "url": "https://www.kaigokensaku.mhlw.go.jp/22/index.php?action_kouhyou_detail_004_kani=true&JigyosyoCd=2270800044-00&ServiceCd=150&Type=search", "url2": "http://www.izukaigo.com/" }, "geometry": { "type": "Point", "coordinates": [ 138.939745200000061, 35.0269053 ] } },
{ "type": "Feature", "properties": { "内容": "デイサービス　韮山・ぶなの森【通所介護】静岡県伊豆の国市韮山山木391番地の1", "url": "https://www.kaigokensaku.mhlw.go.jp/22/index.php?action_kouhyou_detail_004_kani=true&JigyosyoCd=2270800184-00&ServiceCd=150&Type=search", "url2": null }, "geometry": { "type": "Point", "coordinates": [ 138.9614636, 35.062908700000015 ] } },
{ "type": "Feature", "properties": { "内容": "プレーゲおおひと　デイサービスセンター【通所介護】静岡県伊豆の国市白山堂408-9", "url": "https://www.kaigokensaku.mhlw.go.jp/22/index.php?action_kouhyou_detail_004_kani=true&JigyosyoCd=2270800382-00&ServiceCd=150&Type=search", "url2": "ｈｔｔｐ：//ｗｗｗ．ｓｈｕｎｐｕｕｋａｉ．ｃｏｍ/" }, "geometry": { "type": "Point", "coordinates": [ 138.942981199999963, 35.0168399 ] } },
{ "type": "Feature", "properties": { "内容": "いちごの里デイサービスセンター【通所介護】伊豆の国市北江間４５－１", "url": "https://www.kaigokensaku.mhlw.go.jp/22/index.php?action_kouhyou_detail_004_kani=true&JigyosyoCd=2270300474-00&ServiceCd=150&Type=search", "url2": "http://www.wbs.ne.jp./bt/ayamekai/" }, "geometry": { "type": "Point", "coordinates": [ 138.932420500000035, 35.0579124 ] } },
{ "type": "Feature", "properties": { "内容": "ひなたぼっこデイサービスセンター　韮山【通所介護】原木字井沼７４５番６号", "url": "https://www.kaigokensaku.mhlw.go.jp/22/index.php?action_kouhyou_detail_004_kani=true&JigyosyoCd=2270800309-00&ServiceCd=150&Type=search", "url2": null }, "geometry": { "type": "Point", "coordinates": [ 138.940924806993053, 35.065249599105051 ] } },
{ "type": "Feature", "properties": { "内容": "ケアステーションあさひ伊豆の国【通所介護】静岡県伊豆の国市長岡1011番6", "url": "https://www.kaigokensaku.mhlw.go.jp/22/index.php?action_kouhyou_detail_004_kani=true&JigyosyoCd=2270800317-00&ServiceCd=150&Type=search", "url2": "http://www.vati.co.jp/" }, "geometry": { "type": "Point", "coordinates": [ 139.010222399999947, 35.0171625 ] } },
{ "type": "Feature", "properties": { "内容": "新健康家族　デイサービスセンター壱番館【通所介護】静岡県伊豆の国市長岡646番地の1新健康家族　壱番館", "url": "https://www.kaigokensaku.mhlw.go.jp/22/index.php?action_kouhyou_detail_004_kani=true&JigyosyoCd=2270800333-00&ServiceCd=150&Type=search", "url2": "http://sk\\kazoku.jp" }, "geometry": { "type": "Point", "coordinates": [ 138.929835174868771, 35.034072261388474 ] } },
{ "type": "Feature", "properties": { "内容": "ディサービスセンター　真菜【通所介護】牧之原市坂口2771番地1", "url": "https://www.kaigokensaku.mhlw.go.jp/22/index.php?action_kouhyou_detail_004_kani=true&JigyosyoCd=2275500102-00&ServiceCd=150&Type=search", "url2": "http://www.yamabatogakuen.jp/" }, "geometry": { "type": "Point", "coordinates": [ 138.1871296, 34.789014299999984 ] } },
{ "type": "Feature", "properties": { "内容": "はぎまデイサービスセンター【通所介護】牧之原市西萩間６９５－６", "url": "https://www.kaigokensaku.mhlw.go.jp/22/index.php?action_kouhyou_detail_004_kani=true&JigyosyoCd=2275500425-00&ServiceCd=150&Type=search", "url2": "https://www.san-ikukai.or.jp/tokai/sagara/" }, "geometry": { "type": "Point", "coordinates": [ 138.155801099999962, 34.7346175 ] } },
{ "type": "Feature", "properties": { "内容": "老人ディサービス事業　うたしあ【通所介護】牧之原市道場４３番地", "url": "https://www.kaigokensaku.mhlw.go.jp/22/index.php?action_kouhyou_detail_004_kani=true&JigyosyoCd=2275500714-00&ServiceCd=150&Type=search", "url2": "https://utashia.or.jp" }, "geometry": { "type": "Point", "coordinates": [ 138.217828300000065, 34.7300774 ] } },
{ "type": "Feature", "properties": { "内容": "ニチイケアセンター相良【通所介護】牧之原市大沢4-1", "url": "https://www.kaigokensaku.mhlw.go.jp/22/index.php?action_kouhyou_detail_004_kani=true&JigyosyoCd=2275500276-00&ServiceCd=150&Type=search", "url2": null }, "geometry": { "type": "Point", "coordinates": [ 138.195383699999979, 34.6889249 ] } },
{ "type": "Feature", "properties": { "内容": "社協陽だまり【通所介護】牧之原市静波479－2", "url": "https://www.kaigokensaku.mhlw.go.jp/22/index.php?action_kouhyou_detail_004_kani=true&JigyosyoCd=2275500227-00&ServiceCd=150&Type=search", "url2": "https://www.makinohara-shakyo.jp" }, "geometry": { "type": "Point", "coordinates": [ 138.22343087539366, 34.741115522921035 ] } },
{ "type": "Feature", "properties": { "内容": "デイサービス榛南【通所介護】静岡県牧之原市細江３２０５－１", "url": "https://www.kaigokensaku.mhlw.go.jp/22/index.php?action_kouhyou_detail_004_kani=true&JigyosyoCd=2275800320-00&ServiceCd=150&Type=search", "url2": "http://www.allkango.jp" }, "geometry": { "type": "Point", "coordinates": [ 138.239521, 34.758324 ] } },
{ "type": "Feature", "properties": { "内容": "デイサービス　海山荘【通所介護】牧之原市片浜１０１３番地の１", "url": "https://www.kaigokensaku.mhlw.go.jp/22/index.php?action_kouhyou_detail_004_kani=true&JigyosyoCd=2275800015-00&ServiceCd=150&Type=search", "url2": "http://kaizansou.com/" }, "geometry": { "type": "Point", "coordinates": [ 138.212582600000019, 34.7180348 ] } },
{ "type": "Feature", "properties": { "内容": "憩の家　みち【通所介護】牧之原市勝田８１６－３－２", "url": "https://www.kaigokensaku.mhlw.go.jp/22/index.php?action_kouhyou_detail_004_kani=true&JigyosyoCd=2275800049-00&ServiceCd=150&Type=search", "url2": "http://www.michi222.jp/" }, "geometry": { "type": "Point", "coordinates": [ 138.176600300000018, 34.7709409 ] } },
{ "type": "Feature", "properties": { "内容": "デイサービス　さくらんぼ【通所介護】静岡県賀茂郡東伊豆町稲取152-1", "url": "https://www.kaigokensaku.mhlw.go.jp/22/index.php?action_kouhyou_detail_004_kani=true&JigyosyoCd=2270100271-00&ServiceCd=150&Type=search", "url2": null }, "geometry": { "type": "Point", "coordinates": [ 139.0400491374171, 34.776229015531641 ] } },
{ "type": "Feature", "properties": { "内容": "ライフケアガーデン熱川デイサービスセンター【通所介護】静岡県賀茂郡東伊豆町白田459", "url": "https://www.kaigokensaku.mhlw.go.jp/22/index.php?action_kouhyou_detail_004_kani=true&JigyosyoCd=2270100650-00&ServiceCd=150&Type=search", "url2": "http://www.life-atagawa.jp/http://www.life-atagawa.jp/" }, "geometry": { "type": "Point", "coordinates": [ 139.0536227, 34.8061549 ] } },
{ "type": "Feature", "properties": { "内容": "デイサービスセンター　サンシニア河津【通所介護】賀茂郡河津町田中520-1", "url": "https://www.kaigokensaku.mhlw.go.jp/22/index.php?action_kouhyou_detail_004_kani=true&JigyosyoCd=2270100338-00&ServiceCd=150&Type=search", "url2": "http://www.sunsenior-kawazu.jp/public/index.html" }, "geometry": { "type": "Point", "coordinates": [ 138.993645600000036, 34.7553022 ] } },
{ "type": "Feature", "properties": { "内容": "三連水車デイサービスセンター【通所介護】静岡県賀茂郡南伊豆町青市1030-1合同会社　三連水車", "url": "https://www.kaigokensaku.mhlw.go.jp/22/index.php?action_kouhyou_detail_004_kani=true&JigyosyoCd=2270100817-00&ServiceCd=150&Type=search", "url2": null }, "geometry": { "type": "Point", "coordinates": [ 138.889557118534412, 34.657963804538554 ] } },
{ "type": "Feature", "properties": { "内容": "デイサービスセンターエクレシア南伊豆【通所介護】静岡県賀茂郡南伊豆町加納７９２番地", "url": "https://www.kaigokensaku.mhlw.go.jp/22/index.php?action_kouhyou_detail_004_kani=true&JigyosyoCd=2270100825-00&ServiceCd=150&Type=search", "url2": "http://www.shiyuukai.or.jp" }, "geometry": { "type": "Point", "coordinates": [ 138.855424299999981, 34.6554305 ] } },
{ "type": "Feature", "properties": { "内容": "デイサービスセンター松崎【通所介護】賀茂郡松崎町宮内362番地1", "url": "https://www.kaigokensaku.mhlw.go.jp/22/index.php?action_kouhyou_detail_004_kani=true&JigyosyoCd=2270100130-00&ServiceCd=150&Type=search", "url2": "https://www.syuuseikai.or.jp/facility03/" }, "geometry": { "type": "Point", "coordinates": [ 138.783959099999947, 34.7539079 ] } },
{ "type": "Feature", "properties": { "内容": "デイサービスセンター　松崎十字の園【通所介護】賀茂郡松崎町江奈１５７", "url": "https://www.kaigokensaku.mhlw.go.jp/22/index.php?action_kouhyou_detail_004_kani=true&JigyosyoCd=2270100262-00&ServiceCd=150&Type=search", "url2": "http://www.jyuji.or.jp/matsuzaki_city/" }, "geometry": { "type": "Point", "coordinates": [ 138.780562, 34.7569576 ] } },
{ "type": "Feature", "properties": { "内容": "株式会社　しんわ福祉サービス松崎【通所介護】松崎町江奈５７４－３", "url": "https://www.kaigokensaku.mhlw.go.jp/22/index.php?action_kouhyou_detail_004_kani=true&JigyosyoCd=2270100486-00&ServiceCd=150&Type=search", "url2": "https:shinwa0031@yahoo.co.jp" }, "geometry": { "type": "Point", "coordinates": [ 138.780700799999977, 34.7600018 ] } },
{ "type": "Feature", "properties": { "内容": "ヒューマンヴィラ伊豆デイサービスセンター【通所介護】賀茂郡西伊豆町宇久須2030-1", "url": "https://www.kaigokensaku.mhlw.go.jp/22/index.php?action_kouhyou_detail_004_kani=true&JigyosyoCd=2270100122-00&ServiceCd=150&Type=search", "url2": "https://www.syuuseikai.or.jp" }, "geometry": { "type": "Point", "coordinates": [ 138.803040600000031, 34.8411511 ] } },
{ "type": "Feature", "properties": { "内容": "デイサービスセンター太陽の里【通所介護】静岡県賀茂郡西伊豆町仁科３９３西伊豆町福祉センター内", "url": "https://www.kaigokensaku.mhlw.go.jp/22/index.php?action_kouhyou_detail_004_kani=true&JigyosyoCd=2270100213-00&ServiceCd=150&Type=search", "url2": "http://www.shiyuukai.or.jp/" }, "geometry": { "type": "Point", "coordinates": [ 138.775613099999987, 34.7711819 ] } },
{ "type": "Feature", "properties": { "内容": "函南町ほほえみの里デイサービスセンター【通所介護】田方郡函南町平井717番地の28", "url": "https://www.kaigokensaku.mhlw.go.jp/22/index.php?action_kouhyou_detail_004_kani=true&JigyosyoCd=2270300185-00&ServiceCd=150&Type=search", "url2": "chiiki-info@kannami-syakyo.jp" }, "geometry": { "type": "Point", "coordinates": [ 138.954279700000029, 35.0890143 ] } },
{ "type": "Feature", "properties": { "内容": "リハビリデイサロンノア【通所介護】静岡県田方郡函南町上沢71-1", "url": "https://www.kaigokensaku.mhlw.go.jp/22/index.php?action_kouhyou_detail_004_kani=true&JigyosyoCd=2270301118-00&ServiceCd=150&Type=search", "url2": "https://fukushi-sakae.co.jp/" }, "geometry": { "type": "Point", "coordinates": [ 138.9580767, 35.10388 ] } },
{ "type": "Feature", "properties": { "内容": "デイサービス函南・ぶなの森【通所介護】田方郡函南町仁田２８４－５", "url": "https://www.kaigokensaku.mhlw.go.jp/22/index.php?action_kouhyou_detail_004_kani=true&JigyosyoCd=2270300672-00&ServiceCd=150&Type=search", "url2": "http://www.buna-no-mori.jp" }, "geometry": { "type": "Point", "coordinates": [ 138.941044799999986, 35.075966 ] } },
{ "type": "Feature", "properties": { "内容": "デイサービス憩いの家【通所介護】仁田643-1", "url": "https://www.kaigokensaku.mhlw.go.jp/22/index.php?action_kouhyou_detail_004_kani=true&JigyosyoCd=2270301084-00&ServiceCd=150&Type=search", "url2": "http://yasuragi.kaigo.jp/" }, "geometry": { "type": "Point", "coordinates": [ 138.9502765, 35.0836283 ] } },
{ "type": "Feature", "properties": { "内容": "デイサービス　ル・ソレイユ函南【通所介護】間宮７６０－１ル・ソレイユ総合福祉センター", "url": "https://www.kaigokensaku.mhlw.go.jp/22/index.php?action_kouhyou_detail_004_kani=true&JigyosyoCd=2270300953-00&ServiceCd=150&Type=search", "url2": "http://care-soleil.com/" }, "geometry": { "type": "Point", "coordinates": [ 138.943253147529617, 35.084769933208797 ] } },
{ "type": "Feature", "properties": { "内容": "桜湯【通所介護】静岡県田方郡函南町間宮433番地の1", "url": "https://www.kaigokensaku.mhlw.go.jp/22/index.php?action_kouhyou_detail_004_kani=true&JigyosyoCd=2270301019-00&ServiceCd=150&Type=search", "url2": null }, "geometry": { "type": "Point", "coordinates": [ 138.934806900000012, 35.0827744 ] } },
{ "type": "Feature", "properties": { "内容": "LET'S倶楽部かんなみ【通所介護】静岡県田方郡函南町大土肥91-1", "url": "https://www.kaigokensaku.mhlw.go.jp/22/index.php?action_kouhyou_detail_004_kani=true&JigyosyoCd=2270300938-00&ServiceCd=150&Type=search", "url2": "https://www.lets-club.jp/shop/kannami/" }, "geometry": { "type": "Point", "coordinates": [ 138.946155399999952, 35.0866174 ] } },
{ "type": "Feature", "properties": { "内容": "デイサービス　やすらぎの家【通所介護】静岡県田方郡函南町仁田570-13", "url": "https://www.kaigokensaku.mhlw.go.jp/22/index.php?action_kouhyou_detail_004_kani=true&JigyosyoCd=2270301035-00&ServiceCd=150&Type=search", "url2": "http://yasuragi-kaigo.jp" }, "geometry": { "type": "Point", "coordinates": [ 138.9481542, 35.0823752 ] } },
{ "type": "Feature", "properties": { "内容": "かんなみ老人デイサービス【通所介護】田方郡函南町平井717-38", "url": "https://www.kaigokensaku.mhlw.go.jp/22/index.php?action_kouhyou_detail_004_kani=true&JigyosyoCd=2270300060-00&ServiceCd=150&Type=search", "url2": "https://kyosaifukushikai.jp/" }, "geometry": { "type": "Point", "coordinates": [ 138.956135099999983, 35.0884061 ] } },
{ "type": "Feature", "properties": { "内容": "デイサービスふなん【通所介護】田方郡函南町間宮９０１番地の５", "url": "https://www.kaigokensaku.mhlw.go.jp/22/index.php?action_kouhyou_detail_004_kani=true&JigyosyoCd=2270300763-00&ServiceCd=150&Type=search", "url2": "http://funan.co.jp" }, "geometry": { "type": "Point", "coordinates": [ 138.93301032781693, 35.085399244990704 ] } },
{ "type": "Feature", "properties": { "内容": "訪問介護リベルテ函南【通所介護】静岡県田方郡函南町大土肥182-18", "url": "https://www.kaigokensaku.mhlw.go.jp/22/index.php?action_kouhyou_detail_004_kani=true&JigyosyoCd=2270301076-00&ServiceCd=150&Type=search", "url2": null }, "geometry": { "type": "Point", "coordinates": [ 138.949728099999987, 35.0876342 ] } },
{ "type": "Feature", "properties": { "内容": "デイサービスセンター　れすぱいと【通所介護】静岡県駿東郡清水町徳倉１１８８-1デイサービスセンター　れすぱいと", "url": "https://www.kaigokensaku.mhlw.go.jp/22/index.php?action_kouhyou_detail_004_kani=true&JigyosyoCd=2271300580-00&ServiceCd=150&Type=search", "url2": null }, "geometry": { "type": "Point", "coordinates": [ 138.89376859999993, 35.0833419 ] } },
{ "type": "Feature", "properties": { "内容": "柿田川ホームデイサービスセンター【通所介護】駿東郡清水町戸田54番地11", "url": "https://www.kaigokensaku.mhlw.go.jp/22/index.php?action_kouhyou_detail_004_kani=true&JigyosyoCd=2271300101-00&ServiceCd=150&Type=search", "url2": "https://kakita-home.jp" }, "geometry": { "type": "Point", "coordinates": [ 138.9123664, 35.0979323 ] } },
{ "type": "Feature", "properties": { "内容": "ケアステーションあさひ清水町【通所介護】静岡県駿東郡清水町柿田332番3", "url": "https://www.kaigokensaku.mhlw.go.jp/22/index.php?action_kouhyou_detail_004_kani=true&JigyosyoCd=2271300721-00&ServiceCd=150&Type=search", "url2": "http://www.vati.co.jp/" }, "geometry": { "type": "Point", "coordinates": [ 138.89368479999996, 35.1008291 ] } },
{ "type": "Feature", "properties": { "内容": "通所介護　静春の里【通所介護】駿東郡長泉町南一色３８－１", "url": "https://www.kaigokensaku.mhlw.go.jp/22/index.php?action_kouhyou_detail_004_kani=true&JigyosyoCd=2271300358-00&ServiceCd=150&Type=search", "url2": null }, "geometry": { "type": "Point", "coordinates": [ 138.894636100000071, 35.1511769 ] } },
{ "type": "Feature", "properties": { "内容": "デイサービスえにしの郷【通所介護】静岡県駿東郡長泉町納米里１９１番地の１", "url": "https://www.kaigokensaku.mhlw.go.jp/22/index.php?action_kouhyou_detail_004_kani=true&JigyosyoCd=2271301224-00&ServiceCd=150&Type=search", "url2": null }, "geometry": { "type": "Point", "coordinates": [ 138.898168521056022, 35.14432987634212 ] } },
{ "type": "Feature", "properties": { "内容": "さつき園デイサービスセンター【通所介護】駿東郡長泉町下土狩４５７番地の２", "url": "https://www.kaigokensaku.mhlw.go.jp/22/index.php?action_kouhyou_detail_004_kani=true&JigyosyoCd=2271300201-00&ServiceCd=150&Type=search", "url2": "http://www.satsukien.or.jp/" }, "geometry": { "type": "Point", "coordinates": [ 138.899394600000051, 35.1279239 ] } },
{ "type": "Feature", "properties": { "内容": "モク・オハナ通所介護事業所【通所介護】静岡県駿東郡長泉町下長窪781-1地域づくりセンター　モク・オハナ", "url": "https://www.kaigokensaku.mhlw.go.jp/22/index.php?action_kouhyou_detail_004_kani=true&JigyosyoCd=2271300788-00&ServiceCd=150&Type=search", "url2": "http://www.moku-ohana.com/" }, "geometry": { "type": "Point", "coordinates": [ 138.886096785762305, 35.147116686337675 ] } },
{ "type": "Feature", "properties": { "内容": "アクタガワ　生活リハビリ長泉デイサービスセンター【通所介護】静岡県駿東郡長泉町竹原３６０－１", "url": "https://www.kaigokensaku.mhlw.go.jp/22/index.php?action_kouhyou_detail_004_kani=true&JigyosyoCd=2271300796-00&ServiceCd=150&Type=search", "url2": "https://akutagawa-dayservice.com/facilities/nagaizumi/" }, "geometry": { "type": "Point", "coordinates": [ 138.900548412303124, 35.118775957501477 ] } },
{ "type": "Feature", "properties": { "内容": "ケアステーションあさひ長泉【通所介護】静岡県駿東郡長泉町上土狩字前田69-9ふるさとホーム長泉", "url": "https://www.kaigokensaku.mhlw.go.jp/22/index.php?action_kouhyou_detail_004_kani=true&JigyosyoCd=2271300598-00&ServiceCd=150&Type=search", "url2": "http://www.vati.co.jp/" }, "geometry": { "type": "Point", "coordinates": [ 138.904460500000027, 35.140867 ] } },
{ "type": "Feature", "properties": { "内容": "デイサービス小春日和【通所介護】静岡県駿東郡長泉町納米里４０５－９", "url": "https://www.kaigokensaku.mhlw.go.jp/22/index.php?action_kouhyou_detail_004_kani=true&JigyosyoCd=2271300952-00&ServiceCd=150&Type=search", "url2": "https://calmlife.jp/" }, "geometry": { "type": "Point", "coordinates": [ 138.894898199999943, 35.1427666 ] } },
{ "type": "Feature", "properties": { "内容": "徳風園デイサービスセンター通所介護事業所【通所介護】駿東郡小山町上野１４４０－１", "url": "https://www.kaigokensaku.mhlw.go.jp/22/index.php?action_kouhyou_detail_004_kani=true&JigyosyoCd=2271300069-00&ServiceCd=150&Type=search", "url2": "https://jukohkai.moon.bindcloud.jp/" }, "geometry": { "type": "Point", "coordinates": [ 138.9572497, 35.3664569 ] } },
{ "type": "Feature", "properties": { "内容": "株式会社スルガケアサービス　ＡＭＢＩＫおやま【通所介護】駿東郡小山町一色２８０番地の４", "url": "https://www.kaigokensaku.mhlw.go.jp/22/index.php?action_kouhyou_detail_004_kani=true&JigyosyoCd=2271300218-00&ServiceCd=150&Type=search", "url2": "http://wwwsurugacare.com/" }, "geometry": { "type": "Point", "coordinates": [ 138.9460901, 35.340148100000015 ] } },
{ "type": "Feature", "properties": { "内容": "デイサービスセンター平成の杜【通所介護】静岡県駿東郡小山町小山２５５－２", "url": "https://www.kaigokensaku.mhlw.go.jp/22/index.php?action_kouhyou_detail_004_kani=true&JigyosyoCd=2271300499-00&ServiceCd=150&Type=search", "url2": null }, "geometry": { "type": "Point", "coordinates": [ 138.98765149999997, 35.3557468 ] } },
{ "type": "Feature", "properties": { "内容": "和心の家【通所介護】静岡県榛原郡吉田町神戸2608-2", "url": "https://www.kaigokensaku.mhlw.go.jp/22/index.php?action_kouhyou_detail_004_kani=true&JigyosyoCd=2275500896-00&ServiceCd=150&Type=search", "url2": null }, "geometry": { "type": "Point", "coordinates": [ 138.243851984757725, 34.778644386549736 ] } },
{ "type": "Feature", "properties": { "内容": "アスケアサンクリーンデイサービスセンター吉田【通所介護】榛原郡吉田町神戸3333-1", "url": "https://www.kaigokensaku.mhlw.go.jp/22/index.php?action_kouhyou_detail_004_kani=true&JigyosyoCd=2275500524-00&ServiceCd=150&Type=search", "url2": "http://www.asahi-sun-clean.co.jp" }, "geometry": { "type": "Point", "coordinates": [ 138.229136325581976, 34.78568669143413 ] } },
{ "type": "Feature", "properties": { "内容": "片岡杉の子園デイサービスセンター【通所介護】榛原郡吉田町片岡2895", "url": "https://www.kaigokensaku.mhlw.go.jp/22/index.php?action_kouhyou_detail_004_kani=true&JigyosyoCd=2275500011-00&ServiceCd=150&Type=search", "url2": "http://www.s-suginoko.or.jp/" }, "geometry": { "type": "Point", "coordinates": [ 138.241390899999942, 34.7720524 ] } },
{ "type": "Feature", "properties": { "内容": "デイサービスセンターグラシア吉田【通所介護】静岡県榛原郡吉田町川尻614番地の1特別養護老人ホームアスカの里1階", "url": "https://www.kaigokensaku.mhlw.go.jp/22/index.php?action_kouhyou_detail_004_kani=true&JigyosyoCd=2275500920-00&ServiceCd=150&Type=search", "url2": null }, "geometry": { "type": "Point", "coordinates": [ 138.2766859, 34.7716548 ] } },
{ "type": "Feature", "properties": { "内容": "吉田町社会福祉協議会　デイサービスセンターはぁとふる【通所介護】静岡県榛原郡吉田町片岡７９５－１", "url": "https://www.kaigokensaku.mhlw.go.jp/22/index.php?action_kouhyou_detail_004_kani=true&JigyosyoCd=2275500731-00&ServiceCd=150&Type=search", "url2": null }, "geometry": { "type": "Point", "coordinates": [ 138.256906, 34.771775500000011 ] } },
{ "type": "Feature", "properties": { "内容": "住吉杉の子園デイサービスセンター【通所介護】榛原郡吉田町住吉３２３９番地", "url": "https://www.kaigokensaku.mhlw.go.jp/22/index.php?action_kouhyou_detail_004_kani=true&JigyosyoCd=2275500615-00&ServiceCd=150&Type=search", "url2": "http://www.3.tokai.or.jp/suginokoen/index.html" }, "geometry": { "type": "Point", "coordinates": [ 138.251342600000044, 34.7523579 ] } },
{ "type": "Feature", "properties": { "内容": "あかいしの郷デイサービスセンター【通所介護】榛原郡川根本町徳山1620番地の１", "url": "https://www.kaigokensaku.mhlw.go.jp/22/index.php?action_kouhyou_detail_004_kani=true&JigyosyoCd=2275500441-00&ServiceCd=150&Type=search", "url2": "https://kojinkai-fukushi.com/akaishinosato/" }, "geometry": { "type": "Point", "coordinates": [ 138.115965800000026, 35.0750412 ] } },
{ "type": "Feature", "properties": { "内容": "本川根デイサービスセンター【通所介護】静岡県榛原郡川根本町上岸９０番地川根本町福祉センター", "url": "https://www.kaigokensaku.mhlw.go.jp/22/index.php?action_kouhyou_detail_004_kani=true&JigyosyoCd=2275500128-00&ServiceCd=150&Type=search", "url2": "http://kh-syakyo.com/" }, "geometry": { "type": "Point", "coordinates": [ 138.13923520000003, 35.0982107 ] } },
{ "type": "Feature", "properties": { "内容": "森町三倉デイサービスセンター【通所介護】周智郡森町三倉８１５", "url": "https://www.kaigokensaku.mhlw.go.jp/22/index.php?action_kouhyou_detail_004_kani=true&JigyosyoCd=2276300080-00&ServiceCd=150&Type=search", "url2": "http://www.mori-shakyou.or.jp/" }, "geometry": { "type": "Point", "coordinates": [ 137.942849700000011, 34.8983304 ] } },
{ "type": "Feature", "properties": { "内容": "森町もりデイサービスセンター【通所介護】周智郡森町森５０－１", "url": "https://www.kaigokensaku.mhlw.go.jp/22/index.php?action_kouhyou_detail_004_kani=true&JigyosyoCd=2276300163-00&ServiceCd=150&Type=search", "url2": "http://www.mori-shakyou.or.jp/" }, "geometry": { "type": "Point", "coordinates": [ 137.928474100000017, 34.8368883 ] } },
{ "type": "Feature", "properties": { "内容": "森町園田デイサービスセンター【通所介護】静岡県周智郡森町谷中513-10", "url": "https://www.kaigokensaku.mhlw.go.jp/22/index.php?action_kouhyou_detail_004_kani=true&JigyosyoCd=2276300171-00&ServiceCd=150&Type=search", "url2": "http://www.mori-shakyou.or.jp/" }, "geometry": { "type": "Point", "coordinates": [ 137.90115830000002, 34.8108522 ] } },
{ "type": "Feature", "properties": { "内容": "デイサービス　アクティブライフ　輝【通所介護】静岡県周智郡森町草ケ谷110-3", "url": "https://www.kaigokensaku.mhlw.go.jp/22/index.php?action_kouhyou_detail_004_kani=true&JigyosyoCd=2276300304-00&ServiceCd=150&Type=search", "url2": "http://www.ryokufu.jp/" }, "geometry": { "type": "Point", "coordinates": [ 137.9171326, 34.8262624 ] } },
{ "type": "Feature", "properties": { "内容": "森町愛光園デイサービスセンター【通所介護】周智郡森町一宮３１５０", "url": "https://www.kaigokensaku.mhlw.go.jp/22/index.php?action_kouhyou_detail_004_kani=true&JigyosyoCd=2276300023-00&ServiceCd=150&Type=search", "url2": "http://www.seirei.or.jp/elderlyhome/morimachi/" }, "geometry": { "type": "Point", "coordinates": [ 137.891694700000016, 34.8255416 ] } }
]
}
