{
"type": "FeatureCollection",
"name": "geo_22_認知症対応型共同生活介護",
"crs": { "type": "name", "properties": { "name": "urn:ogc:def:crs:OGC:1.3:CRS84" } },
"features": [
{ "type": "Feature", "properties": { "内容": "グループホームらくじゅの家【認知症対応型共同生活介護】静岡県静岡市葵区与左衛門新田74-6", "url": "https://www.kaigokensaku.mhlw.go.jp/22/index.php?action_kouhyou_detail_004_kani=true&JigyosyoCd=2274100102-00&ServiceCd=320&Type=search", "url2": "http://www.rakuju.or.jp" }, "geometry": { "type": "Point", "coordinates": [ 138.368957200000068, 35.027303 ] } },
{ "type": "Feature", "properties": { "内容": "グループホーム　きずな【認知症対応型共同生活介護】静岡市葵区羽鳥５丁目２５－４６ウイングバード１階", "url": "https://www.kaigokensaku.mhlw.go.jp/22/index.php?action_kouhyou_detail_004_kani=true&JigyosyoCd=2274201611-00&ServiceCd=320&Type=search", "url2": "http://kaigodb.com/jigyousho/2274201611-320/" }, "geometry": { "type": "Point", "coordinates": [ 138.338624799999934, 34.9858047 ] } },
{ "type": "Feature", "properties": { "内容": "はなまるホーム弥勒【認知症対応型共同生活介護】静岡県静岡市葵区弥勒2－7－3", "url": "https://www.kaigokensaku.mhlw.go.jp/22/index.php?action_kouhyou_detail_004_kani=true&JigyosyoCd=2294201641-00&ServiceCd=320&Type=search", "url2": null }, "geometry": { "type": "Point", "coordinates": [ 138.36985, 34.9629802 ] } },
{ "type": "Feature", "properties": { "内容": "アンビエスタ【認知症対応型共同生活介護】静岡市葵区松野１３５８", "url": "https://www.kaigokensaku.mhlw.go.jp/22/index.php?action_kouhyou_detail_004_kani=true&JigyosyoCd=2294200940-00&ServiceCd=320&Type=search", "url2": "www.ambiesta.com" }, "geometry": { "type": "Point", "coordinates": [ 138.368128, 35.0859065 ] } },
{ "type": "Feature", "properties": { "内容": "はなまるホーム大岩町【認知症対応型共同生活介護】静岡県静岡市葵区大岩町9-28", "url": "https://www.kaigokensaku.mhlw.go.jp/22/index.php?action_kouhyou_detail_004_kani=true&JigyosyoCd=2294202359-00&ServiceCd=320&Type=search", "url2": "https://www.aiseifukushi.jp/" }, "geometry": { "type": "Point", "coordinates": [ 138.377301, 34.9921389 ] } },
{ "type": "Feature", "properties": { "内容": "グループホーム　そよかぜタンポポの家【認知症対応型共同生活介護】上伝馬32-11", "url": "https://www.kaigokensaku.mhlw.go.jp/22/index.php?action_kouhyou_detail_004_kani=true&JigyosyoCd=2294201005-00&ServiceCd=320&Type=search", "url2": "http://www.foryou-s.jp/" }, "geometry": { "type": "Point", "coordinates": [ 138.373573477038605, 35.015352948060688 ] } },
{ "type": "Feature", "properties": { "内容": "グループホームみずあおい【認知症対応型共同生活介護】静岡市葵区北３丁目２６－２９", "url": "https://www.kaigokensaku.mhlw.go.jp/22/index.php?action_kouhyou_detail_004_kani=true&JigyosyoCd=2274202148-00&ServiceCd=320&Type=search", "url2": "http://www.koyama-gr.com" }, "geometry": { "type": "Point", "coordinates": [ 138.395640800000024, 35.0404988 ] } },
{ "type": "Feature", "properties": { "内容": "はなまるホーム銭座町【認知症対応型共同生活介護】静岡市葵区銭座町52－1", "url": "https://www.kaigokensaku.mhlw.go.jp/22/index.php?action_kouhyou_detail_004_kani=true&JigyosyoCd=2274200555-00&ServiceCd=320&Type=search", "url2": "http://www.aiseifukushi.jp/" }, "geometry": { "type": "Point", "coordinates": [ 138.396885699999984, 34.9868637 ] } },
{ "type": "Feature", "properties": { "内容": "グループホーム　ウエル城北【認知症対応型共同生活介護】静岡市葵区城北65グループホーム　ウエル城北　１階１０１～１０９　２階２０１～２０９", "url": "https://www.kaigokensaku.mhlw.go.jp/22/index.php?action_kouhyou_detail_004_kani=true&JigyosyoCd=2274201314-00&ServiceCd=320&Type=search", "url2": null }, "geometry": { "type": "Point", "coordinates": [ 138.393943900000068, 35.0005258 ] } },
{ "type": "Feature", "properties": { "内容": "グループホーム　ともえ【認知症対応型共同生活介護】静岡市葵区上土1丁目17番95号", "url": "https://www.kaigokensaku.mhlw.go.jp/22/index.php?action_kouhyou_detail_004_kani=true&JigyosyoCd=2274201579-00&ServiceCd=320&Type=search", "url2": "https://www.carequality.co.jp/" }, "geometry": { "type": "Point", "coordinates": [ 138.411303399999952, 35.0029622 ] } },
{ "type": "Feature", "properties": { "内容": "グループホーム服織【認知症対応型共同生活介護】静岡市葵区羽鳥2丁目15－50", "url": "https://www.kaigokensaku.mhlw.go.jp/22/index.php?action_kouhyou_detail_004_kani=true&JigyosyoCd=2274201587-00&ServiceCd=320&Type=search", "url2": "http://www.carequality.co.jp" }, "geometry": { "type": "Point", "coordinates": [ 138.3444604, 34.9793834 ] } },
{ "type": "Feature", "properties": { "内容": "まつもとデイ・グループホーム長沼【認知症対応型共同生活介護】静岡市葵区長沼2丁目11-20", "url": "https://www.kaigokensaku.mhlw.go.jp/22/index.php?action_kouhyou_detail_004_kani=true&JigyosyoCd=2274201686-00&ServiceCd=320&Type=search", "url2": "http://www.life-review.co.jp/" }, "geometry": { "type": "Point", "coordinates": [ 138.414536799999951, 34.9913525 ] } },
{ "type": "Feature", "properties": { "内容": "グループホーム大樹【認知症対応型共同生活介護】静岡市葵区竜南1-16-35", "url": "https://www.kaigokensaku.mhlw.go.jp/22/index.php?action_kouhyou_detail_004_kani=true&JigyosyoCd=2274202072-00&ServiceCd=320&Type=search", "url2": "http://www4.tokai.or.jp/taiju/" }, "geometry": { "type": "Point", "coordinates": [ 138.398765700000013, 34.9991178 ] } },
{ "type": "Feature", "properties": { "内容": "グループホーム　　大空【認知症対応型共同生活介護】静岡市葵区古庄3丁目23番1号", "url": "https://www.kaigokensaku.mhlw.go.jp/22/index.php?action_kouhyou_detail_004_kani=true&JigyosyoCd=2274202081-00&ServiceCd=320&Type=search", "url2": "gh-oozora@carequality.co.jp" }, "geometry": { "type": "Point", "coordinates": [ 138.420922100000013, 34.9949848 ] } },
{ "type": "Feature", "properties": { "内容": "グループホーム　樹寿【認知症対応型共同生活介護】静岡市葵区瀬名3丁目38番8号", "url": "https://www.kaigokensaku.mhlw.go.jp/22/index.php?action_kouhyou_detail_004_kani=true&JigyosyoCd=2274202346-00&ServiceCd=320&Type=search", "url2": "http://www.carequality.co.jp" }, "geometry": { "type": "Point", "coordinates": [ 138.4230857, 35.0225046 ] } },
{ "type": "Feature", "properties": { "内容": "グル－プホ－ム　ドルフィン【認知症対応型共同生活介護】静岡市葵区桜町１丁目９番３４号", "url": "https://www.kaigokensaku.mhlw.go.jp/22/index.php?action_kouhyou_detail_004_kani=true&JigyosyoCd=2274202429-00&ServiceCd=320&Type=search", "url2": null }, "geometry": { "type": "Point", "coordinates": [ 138.360472100000038, 34.9964178 ] } },
{ "type": "Feature", "properties": { "内容": "有限会社　山秀　マミー・ケア・サポート　グループホーム【認知症対応型共同生活介護】静岡市葵区新伝馬一丁目10-50", "url": "https://www.kaigokensaku.mhlw.go.jp/22/index.php?action_kouhyou_detail_004_kani=true&JigyosyoCd=2274202437-00&ServiceCd=320&Type=search", "url2": null }, "geometry": { "type": "Point", "coordinates": [ 138.363394877909826, 34.997656339206976 ] } },
{ "type": "Feature", "properties": { "内容": "グループホーム百葉わらしな【認知症対応型共同生活介護】静岡市葵区羽鳥6-25-11", "url": "https://www.kaigokensaku.mhlw.go.jp/22/index.php?action_kouhyou_detail_004_kani=true&JigyosyoCd=2274202445-00&ServiceCd=320&Type=search", "url2": "http;//koyama-gr.com/" }, "geometry": { "type": "Point", "coordinates": [ 138.33645839999997, 34.9871128 ] } },
{ "type": "Feature", "properties": { "内容": "グループホーム足久保らくじゅの家【認知症対応型共同生活介護】静岡県静岡市葵区足久保口組原田516-1", "url": "https://www.kaigokensaku.mhlw.go.jp/22/index.php?action_kouhyou_detail_004_kani=true&JigyosyoCd=2294200155-00&ServiceCd=320&Type=search", "url2": "http://www.rakuju.or.jp" }, "geometry": { "type": "Point", "coordinates": [ 138.3619281, 35.0444264 ] } },
{ "type": "Feature", "properties": { "内容": "セントケアホーム静岡上足洗【認知症対応型共同生活介護】静岡県静岡市葵区上足洗３丁目11-44", "url": "https://www.kaigokensaku.mhlw.go.jp/22/index.php?action_kouhyou_detail_004_kani=true&JigyosyoCd=2294200502-00&ServiceCd=320&Type=search", "url2": "http://www.saint-care.com" }, "geometry": { "type": "Point", "coordinates": [ 138.39376070000003, 34.9960708 ] } },
{ "type": "Feature", "properties": { "内容": "グループホームありがとう一番町【認知症対応型共同生活介護】静岡市葵区一番町３０", "url": "https://www.kaigokensaku.mhlw.go.jp/22/index.php?action_kouhyou_detail_004_kani=true&JigyosyoCd=2294200528-00&ServiceCd=320&Type=search", "url2": "https://www.morishima-group.jp" }, "geometry": { "type": "Point", "coordinates": [ 138.373527, 34.9760036 ] } },
{ "type": "Feature", "properties": { "内容": "ニチイケアセンター静岡羽鳥【認知症対応型共同生活介護】静岡県静岡市葵区羽鳥２丁目6-9", "url": "https://www.kaigokensaku.mhlw.go.jp/22/index.php?action_kouhyou_detail_004_kani=true&JigyosyoCd=2294200643-00&ServiceCd=320&Type=search", "url2": "http://www.nichiigakkan.co.jp" }, "geometry": { "type": "Point", "coordinates": [ 138.346313, 34.9781586 ] } },
{ "type": "Feature", "properties": { "内容": "ニチイケアセンター瀬名中央【認知症対応型共同生活介護】静岡県静岡市葵区瀬名中央1丁目6-70", "url": "https://www.kaigokensaku.mhlw.go.jp/22/index.php?action_kouhyou_detail_004_kani=true&JigyosyoCd=2294200650-00&ServiceCd=320&Type=search", "url2": "http;//www.nichiigakkan.co.jp" }, "geometry": { "type": "Point", "coordinates": [ 138.42286630000001, 35.0077675 ] } },
{ "type": "Feature", "properties": { "内容": "ニチイケアセンター静岡千代田【認知症対応型共同生活介護】静岡県静岡市葵区東千代田2丁目26番9号", "url": "https://www.kaigokensaku.mhlw.go.jp/22/index.php?action_kouhyou_detail_004_kani=true&JigyosyoCd=2294200668-00&ServiceCd=320&Type=search", "url2": "http://www.nichiigakkan.co.jp" }, "geometry": { "type": "Point", "coordinates": [ 138.409123099999988, 35.0018817 ] } },
{ "type": "Feature", "properties": { "内容": "グループホームふるさとの家富厚里【認知症対応型共同生活介護】静岡県静岡市葵区富厚里108-1", "url": "https://www.kaigokensaku.mhlw.go.jp/22/index.php?action_kouhyou_detail_004_kani=true&JigyosyoCd=2294200726-00&ServiceCd=320&Type=search", "url2": null }, "geometry": { "type": "Point", "coordinates": [ 138.279287900000014, 35.0048182 ] } },
{ "type": "Feature", "properties": { "内容": "グループホーム花音【認知症対応型共同生活介護】静岡市葵区水道町１２６－１", "url": "https://www.kaigokensaku.mhlw.go.jp/22/index.php?action_kouhyou_detail_004_kani=true&JigyosyoCd=2294200759-00&ServiceCd=320&Type=search", "url2": null }, "geometry": { "type": "Point", "coordinates": [ 138.366566299999931, 34.9841387 ] } },
{ "type": "Feature", "properties": { "内容": "グループホームケアクオリティ和音【認知症対応型共同生活介護】静岡県静岡市葵区緑町8-18", "url": "https://www.kaigokensaku.mhlw.go.jp/22/index.php?action_kouhyou_detail_004_kani=true&JigyosyoCd=2294200791-00&ServiceCd=320&Type=search", "url2": "http://www.cq-s.com" }, "geometry": { "type": "Point", "coordinates": [ 138.393097099999977, 34.9880023 ] } },
{ "type": "Feature", "properties": { "内容": "グループホームケアクオリティゆとりあ【認知症対応型共同生活介護】静岡県静岡市葵区田町３丁目30-1", "url": "https://www.kaigokensaku.mhlw.go.jp/22/index.php?action_kouhyou_detail_004_kani=true&JigyosyoCd=2294200809-00&ServiceCd=320&Type=search", "url2": "http://www.cq-s.com" }, "geometry": { "type": "Point", "coordinates": [ 138.36736940000003, 34.972437400000018 ] } },
{ "type": "Feature", "properties": { "内容": "グループホーム　たみの里ー静岡与一【認知症対応型共同生活介護】与一２丁目５－１９", "url": "https://www.kaigokensaku.mhlw.go.jp/22/index.php?action_kouhyou_detail_004_kani=true&JigyosyoCd=2294200858-00&ServiceCd=320&Type=search", "url2": "http://www.npo-sincere.org/" }, "geometry": { "type": "Point", "coordinates": [ 138.366596299999969, 35.0070443 ] } },
{ "type": "Feature", "properties": { "内容": "セントケアホーム竜南【認知症対応型共同生活介護】静岡市葵区竜南1丁目1番35号", "url": "https://www.kaigokensaku.mhlw.go.jp/22/index.php?action_kouhyou_detail_004_kani=true&JigyosyoCd=2294200882-00&ServiceCd=320&Type=search", "url2": "http://www.saint-caya.com" }, "geometry": { "type": "Point", "coordinates": [ 138.3987131, 34.9962904 ] } },
{ "type": "Feature", "properties": { "内容": "グループホーム　ケアクオリティ輝【認知症対応型共同生活介護】静岡県静岡市葵区昭府1丁目22-6", "url": "https://www.kaigokensaku.mhlw.go.jp/22/index.php?action_kouhyou_detail_004_kani=true&JigyosyoCd=2294201351-00&ServiceCd=320&Type=search", "url2": "http://www.cq-s.com" }, "geometry": { "type": "Point", "coordinates": [ 138.371238779098604, 35.000714323582464 ] } },
{ "type": "Feature", "properties": { "内容": "グループホーム　ケアクオリティアンダンテ【認知症対応型共同生活介護】静岡県静岡市葵区沓谷１丁目12-11", "url": "https://www.kaigokensaku.mhlw.go.jp/22/index.php?action_kouhyou_detail_004_kani=true&JigyosyoCd=2294201484-00&ServiceCd=320&Type=search", "url2": "http://www.cq-s.com" }, "geometry": { "type": "Point", "coordinates": [ 138.401343699999984, 34.9870638 ] } },
{ "type": "Feature", "properties": { "内容": "グループホームあおいの憩【認知症対応型共同生活介護】静岡県静岡市葵区古庄1-7-45", "url": "https://www.kaigokensaku.mhlw.go.jp/22/index.php?action_kouhyou_detail_004_kani=true&JigyosyoCd=2294201617-00&ServiceCd=320&Type=search", "url2": "http://www.frontier-gp.jp/home/aoi_gh.html" }, "geometry": { "type": "Point", "coordinates": [ 138.422886, 34.9920138 ] } },
{ "type": "Feature", "properties": { "内容": "スマイル住まいる大岩【認知症対応型共同生活介護】静岡県静岡市葵区大岩町9-23", "url": "https://www.kaigokensaku.mhlw.go.jp/22/index.php?action_kouhyou_detail_004_kani=true&JigyosyoCd=2294202318-00&ServiceCd=320&Type=search", "url2": "https://smile-kaigo.net/" }, "geometry": { "type": "Point", "coordinates": [ 138.376872300000059, 34.9919956 ] } },
{ "type": "Feature", "properties": { "内容": "ツクイ静岡川合グループホーム【認知症対応型共同生活介護】川合3-11-7", "url": "https://www.kaigokensaku.mhlw.go.jp/22/index.php?action_kouhyou_detail_004_kani=true&JigyosyoCd=2294202425-00&ServiceCd=320&Type=search", "url2": null }, "geometry": { "type": "Point", "coordinates": [ 138.415172, 34.972617 ] } },
{ "type": "Feature", "properties": { "内容": "はなまるホーム弥勒【認知症対応型共同生活介護】静岡県静岡市葵区弥勒2-7-3", "url": "https://www.kaigokensaku.mhlw.go.jp/22/index.php?action_kouhyou_detail_004_kani=true&JigyosyoCd=2294202482-00&ServiceCd=320&Type=search", "url2": "https://www.aiseifukushi.jp/" }, "geometry": { "type": "Point", "coordinates": [ 138.369857599999989, 34.9629545 ] } },
{ "type": "Feature", "properties": { "内容": "はなまるホーム大岩町【認知症対応型共同生活介護】静岡県静岡市葵区大岩町9-28", "url": "https://www.kaigokensaku.mhlw.go.jp/22/index.php?action_kouhyou_detail_004_kani=true&JigyosyoCd=2294202490-00&ServiceCd=320&Type=search", "url2": "https://www.aiseifukushi.jp" }, "geometry": { "type": "Point", "coordinates": [ 138.377301, 34.9921389 ] } },
{ "type": "Feature", "properties": { "内容": "グループホーム瀬名川【認知症対応型共同生活介護】静岡市葵区瀬名川1丁目10-20", "url": "https://www.kaigokensaku.mhlw.go.jp/22/index.php?action_kouhyou_detail_004_kani=true&JigyosyoCd=2294200122-00&ServiceCd=320&Type=search", "url2": null }, "geometry": { "type": "Point", "coordinates": [ 138.425271699999939, 35.0027265 ] } },
{ "type": "Feature", "properties": { "内容": "グループホーム　そよかぜ【認知症対応型共同生活介護】上伝馬３２－３", "url": "https://www.kaigokensaku.mhlw.go.jp/22/index.php?action_kouhyou_detail_004_kani=true&JigyosyoCd=2294201013-00&ServiceCd=320&Type=search", "url2": "http://www.foryou-s.jp/" }, "geometry": { "type": "Point", "coordinates": [ 138.373901199999978, 35.0151739 ] } },
{ "type": "Feature", "properties": { "内容": "まーがれっと上足洗【認知症対応型共同生活介護】静岡県静岡市葵区上足洗2-11-2", "url": "https://www.kaigokensaku.mhlw.go.jp/22/index.php?action_kouhyou_detail_004_kani=true&JigyosyoCd=2294202995-00&ServiceCd=320&Type=search", "url2": null }, "geometry": { "type": "Point", "coordinates": [ 138.393554099999989, 34.9913979 ] } },
{ "type": "Feature", "properties": { "内容": "グループホーム　こもれび【認知症対応型共同生活介護】静岡市葵区大岩4丁目34番17号", "url": "https://www.kaigokensaku.mhlw.go.jp/22/index.php?action_kouhyou_detail_004_kani=true&JigyosyoCd=2274202023-00&ServiceCd=320&Type=search", "url2": "http://www.carequality.co.jp/" }, "geometry": { "type": "Point", "coordinates": [ 138.379353499999979, 35.0023921 ] } },
{ "type": "Feature", "properties": { "内容": "グループホーム　ひなたぼっこ水道町【認知症対応型共同生活介護】静岡市葵区水道町159-2", "url": "https://www.kaigokensaku.mhlw.go.jp/22/index.php?action_kouhyou_detail_004_kani=true&JigyosyoCd=2294201492-00&ServiceCd=320&Type=search", "url2": "http://www.foryou_s.jp/" }, "geometry": { "type": "Point", "coordinates": [ 138.367792719049021, 34.984165410689634 ] } },
{ "type": "Feature", "properties": { "内容": "アクタガワ　ハートフルホーム城北【認知症対応型共同生活介護】静岡市葵区池ヶ谷6-20", "url": "https://www.kaigokensaku.mhlw.go.jp/22/index.php?action_kouhyou_detail_004_kani=true&JigyosyoCd=2274201471-00&ServiceCd=320&Type=search", "url2": "https://akutagawa-grouphome.com/facilities/heartfulhome-johoku/" }, "geometry": { "type": "Point", "coordinates": [ 138.384111399999938, 35.0073582 ] } },
{ "type": "Feature", "properties": { "内容": "アクタガワ　ハートフルホーム西奈【認知症対応型共同生活介護】静岡市葵区瀬名中央一丁目４番３号", "url": "https://www.kaigokensaku.mhlw.go.jp/22/index.php?action_kouhyou_detail_004_kani=true&JigyosyoCd=2294200874-00&ServiceCd=320&Type=search", "url2": "https://akutagawa-grouphome.com/facilities/heartfulhome-nisina/" }, "geometry": { "type": "Point", "coordinates": [ 138.421221899999978, 35.0069564 ] } },
{ "type": "Feature", "properties": { "内容": "グループホーム高松【認知症対応型共同生活介護】静岡市駿河区高松２６２５番地", "url": "https://www.kaigokensaku.mhlw.go.jp/22/index.php?action_kouhyou_detail_004_kani=true&JigyosyoCd=2274100524-00&ServiceCd=320&Type=search", "url2": "http://jukohkai.moon.bindcloud.jp/" }, "geometry": { "type": "Point", "coordinates": [ 138.4134216, 34.9465407 ] } },
{ "type": "Feature", "properties": { "内容": "ケアホーム　フォレストのあ【認知症対応型共同生活介護】静岡市駿河区下島261-1", "url": "https://www.kaigokensaku.mhlw.go.jp/22/index.php?action_kouhyou_detail_004_kani=true&JigyosyoCd=2294201260-00&ServiceCd=320&Type=search", "url2": null }, "geometry": { "type": "Point", "coordinates": [ 138.4075054, 34.9476989 ] } },
{ "type": "Feature", "properties": { "内容": "グループホーム　やよい苑【認知症対応型共同生活介護】静岡市駿河区登呂４丁目２７－２９", "url": "https://www.kaigokensaku.mhlw.go.jp/22/index.php?action_kouhyou_detail_004_kani=true&JigyosyoCd=2274200639-00&ServiceCd=320&Type=search", "url2": "http://www.yayoien.com" }, "geometry": { "type": "Point", "coordinates": [ 138.411177100000032, 34.9554509 ] } },
{ "type": "Feature", "properties": { "内容": "はなまるホーム馬渕【認知症対応型共同生活介護】静岡県静岡市馬渕4丁目10-39", "url": "https://www.kaigokensaku.mhlw.go.jp/22/index.php?action_kouhyou_detail_004_kani=true&JigyosyoCd=2274201348-00&ServiceCd=320&Type=search", "url2": "http://www.aiseifukushi.jp/" }, "geometry": { "type": "Point", "coordinates": [ 138.39156760000003, 34.9600445 ] } },
{ "type": "Feature", "properties": { "内容": "グループホームあいの街東新田【認知症対応型共同生活介護】静岡市駿河区東新田4丁目16－2", "url": "https://www.kaigokensaku.mhlw.go.jp/22/index.php?action_kouhyou_detail_004_kani=true&JigyosyoCd=2274201702-00&ServiceCd=320&Type=search", "url2": null }, "geometry": { "type": "Point", "coordinates": [ 138.375058399999944, 34.9438825 ] } },
{ "type": "Feature", "properties": { "内容": "スマイル住まいる静岡宮竹【認知症対応型共同生活介護】静岡県静岡市駿河区宮竹2-1-50", "url": "https://www.kaigokensaku.mhlw.go.jp/22/index.php?action_kouhyou_detail_004_kani=true&JigyosyoCd=2274202304-00&ServiceCd=320&Type=search", "url2": "www.smile-kaigo.co.jp" }, "geometry": { "type": "Point", "coordinates": [ 138.415901699999949, 34.9514875 ] } },
{ "type": "Feature", "properties": { "内容": "グループホームアダージョ【認知症対応型共同生活介護】中田4丁目6-1", "url": "https://www.kaigokensaku.mhlw.go.jp/22/index.php?action_kouhyou_detail_004_kani=true&JigyosyoCd=2274202486-00&ServiceCd=320&Type=search", "url2": "https://www.carequality.co.jp/" }, "geometry": { "type": "Point", "coordinates": [ 138.398597500000051, 34.9584392 ] } },
{ "type": "Feature", "properties": { "内容": "グループホーム　つぐみ下島【認知症対応型共同生活介護】静岡市駿河区下島447番地ー２", "url": "https://www.kaigokensaku.mhlw.go.jp/22/index.php?action_kouhyou_detail_004_kani=true&JigyosyoCd=2294201658-00&ServiceCd=320&Type=search", "url2": "http://ⅽareplan293.wix.com/famiyu" }, "geometry": { "type": "Point", "coordinates": [ 138.407944300000054, 34.9466795 ] } },
{ "type": "Feature", "properties": { "内容": "グループホーム浜屋【認知症対応型共同生活介護】静岡県静岡市駿河区中島2566-6", "url": "https://www.kaigokensaku.mhlw.go.jp/22/index.php?action_kouhyou_detail_004_kani=true&JigyosyoCd=2294200080-00&ServiceCd=320&Type=search", "url2": "http://www.wayou-fukushikai.jp/" }, "geometry": { "type": "Point", "coordinates": [ 138.400748099999987, 34.9344974 ] } },
{ "type": "Feature", "properties": { "内容": "グループホーム　静岡駿河の家【認知症対応型共同生活介護】静岡市駿河区中野新田396", "url": "https://www.kaigokensaku.mhlw.go.jp/22/index.php?action_kouhyou_detail_004_kani=true&JigyosyoCd=2294200098-00&ServiceCd=320&Type=search", "url2": "http://www.kaigo.or.jp" }, "geometry": { "type": "Point", "coordinates": [ 138.390529099999981, 34.9485764 ] } },
{ "type": "Feature", "properties": { "内容": "アクタガワ　ハートフルホーム八幡【認知症対応型共同生活介護】静岡市駿河区有東2-12-10", "url": "https://www.kaigokensaku.mhlw.go.jp/22/index.php?action_kouhyou_detail_004_kani=true&JigyosyoCd=2294200171-00&ServiceCd=320&Type=search", "url2": "https://akutagawa-grouphome.com/facilities/heartfulhome-yahata/" }, "geometry": { "type": "Point", "coordinates": [ 138.407304899999986, 34.9646054 ] } },
{ "type": "Feature", "properties": { "内容": "グループホーム　　富士見園【認知症対応型共同生活介護】静岡市駿河区富士見台２丁目８番１８号", "url": "https://www.kaigokensaku.mhlw.go.jp/22/index.php?action_kouhyou_detail_004_kani=true&JigyosyoCd=2294200353-00&ServiceCd=320&Type=search", "url2": "http://osakanosato.com" }, "geometry": { "type": "Point", "coordinates": [ 138.4173151, 34.9646085 ] } },
{ "type": "Feature", "properties": { "内容": "にこやかハウス【認知症対応型共同生活介護】静岡県静岡市駿河区丸子6-5-18", "url": "https://www.kaigokensaku.mhlw.go.jp/22/index.php?action_kouhyou_detail_004_kani=true&JigyosyoCd=2294200395-00&ServiceCd=320&Type=search", "url2": "https://www.ikiyo.co.jp" }, "geometry": { "type": "Point", "coordinates": [ 138.34825520000004, 34.948520600000023 ] } },
{ "type": "Feature", "properties": { "内容": "グループホーム　ファミリア西脇【認知症対応型共同生活介護】静岡市駿河区西脇521-1", "url": "https://www.kaigokensaku.mhlw.go.jp/22/index.php?action_kouhyou_detail_004_kani=true&JigyosyoCd=2294200536-00&ServiceCd=320&Type=search", "url2": "https://www.morishima-group.jp/" }, "geometry": { "type": "Point", "coordinates": [ 138.4012394, 34.945138 ] } },
{ "type": "Feature", "properties": { "内容": "グループホーム　ハーモニーみずほ【認知症対応型共同生活介護】静岡市駿河区みずほ2丁目5-8", "url": "https://www.kaigokensaku.mhlw.go.jp/22/index.php?action_kouhyou_detail_004_kani=true&JigyosyoCd=2294200544-00&ServiceCd=320&Type=search", "url2": "https://www.morishima-group.jp" }, "geometry": { "type": "Point", "coordinates": [ 138.370214466270426, 34.939725600081047 ] } },
{ "type": "Feature", "properties": { "内容": "ニチイケアセンター静岡下川原【認知症対応型共同生活介護】静岡県静岡市駿河区下川原南15-25", "url": "https://www.kaigokensaku.mhlw.go.jp/22/index.php?action_kouhyou_detail_004_kani=true&JigyosyoCd=2294200619-00&ServiceCd=320&Type=search", "url2": "http://www.nichiigakkan.co.jp" }, "geometry": { "type": "Point", "coordinates": [ 138.382928477909928, 34.931922625517281 ] } },
{ "type": "Feature", "properties": { "内容": "ニチイケアセンター静岡中原【認知症対応型共同生活介護】静岡市駿河区中原521-1", "url": "https://www.kaigokensaku.mhlw.go.jp/22/index.php?action_kouhyou_detail_004_kani=true&JigyosyoCd=2294200627-00&ServiceCd=320&Type=search", "url2": "http://www.nichiigakkan.co.jp" }, "geometry": { "type": "Point", "coordinates": [ 138.389770699999985, 34.9538007 ] } },
{ "type": "Feature", "properties": { "内容": "ニチイケアセンター静岡池田【認知症対応型共同生活介護】静岡県静岡市駿河区池田1331-1", "url": "https://www.kaigokensaku.mhlw.go.jp/22/index.php?action_kouhyou_detail_004_kani=true&JigyosyoCd=2294200635-00&ServiceCd=320&Type=search", "url2": "http://www.nichiigakkan.co.jp" }, "geometry": { "type": "Point", "coordinates": [ 138.428005399999961, 34.9804236 ] } },
{ "type": "Feature", "properties": { "内容": "グループホームケアクオリティ望静大前【認知症対応型共同生活介護】静岡県静岡市駿河区大谷4494-1", "url": "https://www.kaigokensaku.mhlw.go.jp/22/index.php?action_kouhyou_detail_004_kani=true&JigyosyoCd=2294200783-00&ServiceCd=320&Type=search", "url2": "http://www.cq-s.com" }, "geometry": { "type": "Point", "coordinates": [ 138.4284252, 34.9624616 ] } },
{ "type": "Feature", "properties": { "内容": "グループホーム　ケアクオリティシャンテ【認知症対応型共同生活介護】静岡県静岡市駿河区聖一色73-1", "url": "https://www.kaigokensaku.mhlw.go.jp/22/index.php?action_kouhyou_detail_004_kani=true&JigyosyoCd=2294200817-00&ServiceCd=320&Type=search", "url2": "https://www.cq-s.com" }, "geometry": { "type": "Point", "coordinates": [ 138.425261, 34.9862312 ] } },
{ "type": "Feature", "properties": { "内容": "グループホームいなほ【認知症対応型共同生活介護】静岡県静岡市駿河区高松１丁目12番10号", "url": "https://www.kaigokensaku.mhlw.go.jp/22/index.php?action_kouhyou_detail_004_kani=true&JigyosyoCd=2294200890-00&ServiceCd=320&Type=search", "url2": "rrr-shizuoka.org/contact/index.php" }, "geometry": { "type": "Point", "coordinates": [ 138.417716446081613, 34.955079663517211 ] } },
{ "type": "Feature", "properties": { "内容": "中野新田グループホームそよ風【認知症対応型共同生活介護】静岡県静岡市駿河区中野新田254-5", "url": "https://www.kaigokensaku.mhlw.go.jp/22/index.php?action_kouhyou_detail_004_kani=true&JigyosyoCd=2294200908-00&ServiceCd=320&Type=search", "url2": "http://www.unimat-rc.co.jp" }, "geometry": { "type": "Point", "coordinates": [ 138.386501599999974, 34.9506983 ] } },
{ "type": "Feature", "properties": { "内容": "にこやかハウス小鹿【認知症対応型共同生活介護】静岡県静岡市駿河区小鹿３２１－１いきようかい小鹿", "url": "https://www.kaigokensaku.mhlw.go.jp/22/index.php?action_kouhyou_detail_004_kani=true&JigyosyoCd=2294201054-00&ServiceCd=320&Type=search", "url2": "https://www.ikiyo.co.jp" }, "geometry": { "type": "Point", "coordinates": [ 138.424394900000038, 34.9696526 ] } },
{ "type": "Feature", "properties": { "内容": "グループホームふるさとの家みずほ【認知症対応型共同生活介護】みずほ５－３－１", "url": "https://www.kaigokensaku.mhlw.go.jp/22/index.php?action_kouhyou_detail_004_kani=true&JigyosyoCd=2294201336-00&ServiceCd=320&Type=search", "url2": null }, "geometry": { "type": "Point", "coordinates": [ 138.366584399999965, 34.9382692 ] } },
{ "type": "Feature", "properties": { "内容": "にこやかハウス大谷【認知症対応型共同生活介護】静岡県静岡市駿河区大谷　406-2スイートシャワー大谷", "url": "https://www.kaigokensaku.mhlw.go.jp/22/index.php?action_kouhyou_detail_004_kani=true&JigyosyoCd=2294201856-00&ServiceCd=320&Type=search", "url2": "https://www.ikiyo.co.jp" }, "geometry": { "type": "Point", "coordinates": [ 138.423881100000017, 34.9679166 ] } },
{ "type": "Feature", "properties": { "内容": "スマイル住まいる鞠子【認知症対応型共同生活介護】静岡県静岡市駿河区丸子2-16-11", "url": "https://www.kaigokensaku.mhlw.go.jp/22/index.php?action_kouhyou_detail_004_kani=true&JigyosyoCd=2294202052-00&ServiceCd=320&Type=search", "url2": "http://smile-kaigo.net/publics/index/279/" }, "geometry": { "type": "Point", "coordinates": [ 138.355485199999976, 34.944799 ] } },
{ "type": "Feature", "properties": { "内容": "グループホーム　たみの里-向敷地【認知症対応型共同生活介護】向敷地二丁目3番13号", "url": "https://www.kaigokensaku.mhlw.go.jp/22/index.php?action_kouhyou_detail_004_kani=true&JigyosyoCd=2294202078-00&ServiceCd=320&Type=search", "url2": "http://www.npo-sincere.org/" }, "geometry": { "type": "Point", "coordinates": [ 138.355773399999947, 34.966015900000038 ] } },
{ "type": "Feature", "properties": { "内容": "グループホーム　樹【認知症対応型共同生活介護】静岡市駿河区国吉田6丁目2-2", "url": "https://www.kaigokensaku.mhlw.go.jp/22/index.php?action_kouhyou_detail_004_kani=true&JigyosyoCd=2294202177-00&ServiceCd=320&Type=search", "url2": "http://sakura-brain.sakura.ne.jp/" }, "geometry": { "type": "Point", "coordinates": [ 138.436124100000029, 34.9864702 ] } },
{ "type": "Feature", "properties": { "内容": "グループホーム　まーがれっと鎌田【認知症対応型共同生活介護】静岡県静岡市駿河区鎌田121-1グループホーム　まーがれっと鎌田", "url": "https://www.kaigokensaku.mhlw.go.jp/22/index.php?action_kouhyou_detail_004_kani=true&JigyosyoCd=2294202847-00&ServiceCd=320&Type=search", "url2": "https://www.earth-group.co.jp" }, "geometry": { "type": "Point", "coordinates": [ 138.3625137, 34.9448142 ] } },
{ "type": "Feature", "properties": { "内容": "フォレスト大谷【認知症対応型共同生活介護】大谷3丁目12-4", "url": "https://www.kaigokensaku.mhlw.go.jp/22/index.php?action_kouhyou_detail_004_kani=true&JigyosyoCd=2294203084-00&ServiceCd=320&Type=search", "url2": null }, "geometry": { "type": "Point", "coordinates": [ 139.770513099999988, 35.7001468 ] } },
{ "type": "Feature", "properties": { "内容": "アクタガワ　ハートフルホーム小鹿公園前【認知症対応型共同生活介護】小鹿９２７-1", "url": "https://www.kaigokensaku.mhlw.go.jp/22/index.php?action_kouhyou_detail_004_kani=true&JigyosyoCd=2294201021-00&ServiceCd=320&Type=search", "url2": "https://akutagawa-grouphome.com/facilities/heartfulhome-osikakouenmae/" }, "geometry": { "type": "Point", "coordinates": [ 138.425911300000053, 34.9728105 ] } },
{ "type": "Feature", "properties": { "内容": "秀慈会　グループホーム　桃源の丘【認知症対応型共同生活介護】国吉田6丁目6-6", "url": "https://www.kaigokensaku.mhlw.go.jp/22/index.php?action_kouhyou_detail_004_kani=true&JigyosyoCd=2294201716-00&ServiceCd=320&Type=search", "url2": "http://shujikai.jp" }, "geometry": { "type": "Point", "coordinates": [ 138.4362324, 34.9885561 ] } },
{ "type": "Feature", "properties": { "内容": "グループホームゆひもや【認知症対応型共同生活介護】静岡市清水区由比427-14", "url": "https://www.kaigokensaku.mhlw.go.jp/22/index.php?action_kouhyou_detail_004_kani=true&JigyosyoCd=2273100137-00&ServiceCd=320&Type=search", "url2": null }, "geometry": { "type": "Point", "coordinates": [ 138.562840300000062, 35.1073369 ] } },
{ "type": "Feature", "properties": { "内容": "ニチイケアセンター清水草薙【認知症対応型共同生活介護】静岡市清水区草薙2丁目18番28号", "url": "https://www.kaigokensaku.mhlw.go.jp/22/index.php?action_kouhyou_detail_004_kani=true&JigyosyoCd=2294200569-00&ServiceCd=320&Type=search", "url2": "http://www.nichiigakkan.co.jp" }, "geometry": { "type": "Point", "coordinates": [ 138.446798100000024, 35.0050158 ] } },
{ "type": "Feature", "properties": { "内容": "グループホーム　わっしょい蒲原【認知症対応型共同生活介護】静岡県静岡市清水区蒲原新栄63-1", "url": "https://www.kaigokensaku.mhlw.go.jp/22/index.php?action_kouhyou_detail_004_kani=true&JigyosyoCd=2273100103-00&ServiceCd=320&Type=search", "url2": null }, "geometry": { "type": "Point", "coordinates": [ 138.621768299999985, 35.1252876 ] } },
{ "type": "Feature", "properties": { "内容": "グループホーム清水三保の家【認知症対応型共同生活介護】静岡市清水区三保３５０３－７４", "url": "https://www.kaigokensaku.mhlw.go.jp/22/index.php?action_kouhyou_detail_004_kani=true&JigyosyoCd=2274200373-00&ServiceCd=320&Type=search", "url2": null }, "geometry": { "type": "Point", "coordinates": [ 138.5188743, 35.0061363 ] } },
{ "type": "Feature", "properties": { "内容": "グループホーム小芝の家【認知症対応型共同生活介護】静岡市清水区小芝町２－１３", "url": "https://www.kaigokensaku.mhlw.go.jp/22/index.php?action_kouhyou_detail_004_kani=true&JigyosyoCd=2274200662-00&ServiceCd=320&Type=search", "url2": null }, "geometry": { "type": "Point", "coordinates": [ 138.483286200000066, 35.0225147 ] } },
{ "type": "Feature", "properties": { "内容": "愛の家グループホーム三保松原【認知症対応型共同生活介護】静岡市清水区三保2432-2", "url": "https://www.kaigokensaku.mhlw.go.jp/22/index.php?action_kouhyou_detail_004_kani=true&JigyosyoCd=2274201025-00&ServiceCd=320&Type=search", "url2": "http://www.mcsg.co.jp" }, "geometry": { "type": "Point", "coordinates": [ 138.520776899999987, 35.0185209 ] } },
{ "type": "Feature", "properties": { "内容": "グループホーム清水押切の家【認知症対応型共同生活介護】静岡市清水区押切１５５３", "url": "https://www.kaigokensaku.mhlw.go.jp/22/index.php?action_kouhyou_detail_004_kani=true&JigyosyoCd=2274201272-00&ServiceCd=320&Type=search", "url2": null }, "geometry": { "type": "Point", "coordinates": [ 138.4558551, 35.0297436 ] } },
{ "type": "Feature", "properties": { "内容": "グループホーム清水梅ヶ谷の家【認知症対応型共同生活介護】静岡市清水区梅ヶ谷227番地の1", "url": "https://www.kaigokensaku.mhlw.go.jp/22/index.php?action_kouhyou_detail_004_kani=true&JigyosyoCd=2274201322-00&ServiceCd=320&Type=search", "url2": null }, "geometry": { "type": "Point", "coordinates": [ 138.453255, 35.0409672 ] } },
{ "type": "Feature", "properties": { "内容": "グループホーム　清水石川の家【認知症対応型共同生活介護】静岡県静岡市清水区石川本町１８－９", "url": "https://www.kaigokensaku.mhlw.go.jp/22/index.php?action_kouhyou_detail_004_kani=true&JigyosyoCd=2274201603-00&ServiceCd=320&Type=search", "url2": null }, "geometry": { "type": "Point", "coordinates": [ 138.459410199999979, 35.0338516 ] } },
{ "type": "Feature", "properties": { "内容": "グループホーム　さくら【認知症対応型共同生活介護】静岡県静岡市清水区梅ヶ谷６４５－１３", "url": "https://www.kaigokensaku.mhlw.go.jp/22/index.php?action_kouhyou_detail_004_kani=true&JigyosyoCd=2274201769-00&ServiceCd=320&Type=search", "url2": null }, "geometry": { "type": "Point", "coordinates": [ 138.449172, 35.0439973 ] } },
{ "type": "Feature", "properties": { "内容": "グループホーム　ハーベスト【認知症対応型共同生活介護】静岡市清水区渋川2丁目14番20号", "url": "https://www.kaigokensaku.mhlw.go.jp/22/index.php?action_kouhyou_detail_004_kani=true&JigyosyoCd=2274201884-00&ServiceCd=320&Type=search", "url2": "http://www.carequality.co.jp/" }, "geometry": { "type": "Point", "coordinates": [ 138.469212500000026, 35.0209145 ] } },
{ "type": "Feature", "properties": { "内容": "グループホーム清水興津の家【認知症対応型共同生活介護】静岡県静岡市清水区八木間町１８４６", "url": "https://www.kaigokensaku.mhlw.go.jp/22/index.php?action_kouhyou_detail_004_kani=true&JigyosyoCd=2274202114-00&ServiceCd=320&Type=search", "url2": null }, "geometry": { "type": "Point", "coordinates": [ 138.5244616, 35.0693982 ] } },
{ "type": "Feature", "properties": { "内容": "スマイル住まいる清水興津【認知症対応型共同生活介護】静岡県静岡市清水区興津中町717-1", "url": "https://www.kaigokensaku.mhlw.go.jp/22/index.php?action_kouhyou_detail_004_kani=true&JigyosyoCd=2274202221-00&ServiceCd=320&Type=search", "url2": "gh-okitsu@smile-kaigo.co.jp" }, "geometry": { "type": "Point", "coordinates": [ 138.531736099999989, 35.0558305 ] } },
{ "type": "Feature", "properties": { "内容": "グループホーム　平和【認知症対応型共同生活介護】静岡市清水区西久保１丁目１３－２６", "url": "https://www.kaigokensaku.mhlw.go.jp/22/index.php?action_kouhyou_detail_004_kani=true&JigyosyoCd=2274202254-00&ServiceCd=320&Type=search", "url2": null }, "geometry": { "type": "Point", "coordinates": [ 138.4844885, 35.0341495 ] } },
{ "type": "Feature", "properties": { "内容": "グループホーム草薙【認知症対応型共同生活介護】静岡市清水区草薙1丁目23番16号", "url": "https://www.kaigokensaku.mhlw.go.jp/22/index.php?action_kouhyou_detail_004_kani=true&JigyosyoCd=2274202395-00&ServiceCd=320&Type=search", "url2": null }, "geometry": { "type": "Point", "coordinates": [ 138.445912099999987, 35.000669 ] } },
{ "type": "Feature", "properties": { "内容": "グループホームたみの里-清水【認知症対応型共同生活介護】静岡市清水区吉川129-4", "url": "https://www.kaigokensaku.mhlw.go.jp/22/index.php?action_kouhyou_detail_004_kani=true&JigyosyoCd=2274202494-00&ServiceCd=320&Type=search", "url2": "http://www.npo-sincere.org/" }, "geometry": { "type": "Point", "coordinates": [ 138.458749799999964, 35.0127735 ] } },
{ "type": "Feature", "properties": { "内容": "グループホーム草薙織音【認知症対応型共同生活介護】静岡市清水区草薙二丁目22－10", "url": "https://www.kaigokensaku.mhlw.go.jp/22/index.php?action_kouhyou_detail_004_kani=true&JigyosyoCd=2274202502-00&ServiceCd=320&Type=search", "url2": "gh-orion@carequaIity.co.jp" }, "geometry": { "type": "Point", "coordinates": [ 138.445052450926141, 35.004567394028818 ] } },
{ "type": "Feature", "properties": { "内容": "グループホーム百葉清水浪漫館【認知症対応型共同生活介護】静岡市清水区高橋２丁目９番１５号", "url": "https://www.kaigokensaku.mhlw.go.jp/22/index.php?action_kouhyou_detail_004_kani=true&JigyosyoCd=2274202528-00&ServiceCd=320&Type=search", "url2": "http://blog.canpan.info/romankan" }, "geometry": { "type": "Point", "coordinates": [ 138.470612100000039, 35.0304051 ] } },
{ "type": "Feature", "properties": { "内容": "まごころホームあい梅ヶ谷【認知症対応型共同生活介護】静岡県静岡市清水区梅ヶ谷189-2", "url": "https://www.kaigokensaku.mhlw.go.jp/22/index.php?action_kouhyou_detail_004_kani=true&JigyosyoCd=2294200460-00&ServiceCd=320&Type=search", "url2": "http://www.magokorokaigo.com" }, "geometry": { "type": "Point", "coordinates": [ 138.453063499999985, 35.0381592 ] } },
{ "type": "Feature", "properties": { "内容": "ニチイケアセンター清水楠【認知症対応型共同生活介護】静岡県静岡市清水区楠４０５-1", "url": "https://www.kaigokensaku.mhlw.go.jp/22/index.php?action_kouhyou_detail_004_kani=true&JigyosyoCd=2294200577-00&ServiceCd=320&Type=search", "url2": "http://www.nichiigakkan.co.jp" }, "geometry": { "type": "Point", "coordinates": [ 138.43860410000002, 35.0114758 ] } },
{ "type": "Feature", "properties": { "内容": "ニチイケアセンター清水中之郷【認知症対応型共同生活介護】静岡県静岡市清水区中之郷２丁目16-1", "url": "https://www.kaigokensaku.mhlw.go.jp/22/index.php?action_kouhyou_detail_004_kani=true&JigyosyoCd=2294200585-00&ServiceCd=320&Type=search", "url2": "http://www.nichiigakkan.co.jp" }, "geometry": { "type": "Point", "coordinates": [ 138.438465400000041, 34.9986468 ] } },
{ "type": "Feature", "properties": { "内容": "ニチイケアセンター清水八坂東【認知症対応型共同生活介護】静岡県静岡市清水区八坂東1丁目9番40号", "url": "https://www.kaigokensaku.mhlw.go.jp/22/index.php?action_kouhyou_detail_004_kani=true&JigyosyoCd=2294200593-00&ServiceCd=320&Type=search", "url2": "http://www.nichiigakkan.co.jp" }, "geometry": { "type": "Point", "coordinates": [ 138.479222299999947, 35.0341605 ] } },
{ "type": "Feature", "properties": { "内容": "ニチイケアセンター清水北矢部【認知症対応型共同生活介護】静岡市清水区北矢部町1丁目15番10号", "url": "https://www.kaigokensaku.mhlw.go.jp/22/index.php?action_kouhyou_detail_004_kani=true&JigyosyoCd=2294200601-00&ServiceCd=320&Type=search", "url2": "http://www.nichiigakkan.co.jp" }, "geometry": { "type": "Point", "coordinates": [ 138.4823063, 35.002431 ] } },
{ "type": "Feature", "properties": { "内容": "まごころホーム＊川原町【認知症対応型共同生活介護】静岡市清水区川原町10-20", "url": "https://www.kaigokensaku.mhlw.go.jp/22/index.php?action_kouhyou_detail_004_kani=true&JigyosyoCd=2294200700-00&ServiceCd=320&Type=search", "url2": "www.magokorokaigo.com" }, "geometry": { "type": "Point", "coordinates": [ 138.4764374, 35.0020253 ] } },
{ "type": "Feature", "properties": { "内容": "えいむの杜【認知症対応型共同生活介護】静岡市清水区北矢部851-1複合介護施設「えいむの杜」", "url": "https://www.kaigokensaku.mhlw.go.jp/22/index.php?action_kouhyou_detail_004_kani=true&JigyosyoCd=2294200718-00&ServiceCd=320&Type=search", "url2": "http://aim-shimizu.com" }, "geometry": { "type": "Point", "coordinates": [ 138.474579299999959, 34.9983395 ] } },
{ "type": "Feature", "properties": { "内容": "グループホームさくら２号館【認知症対応型共同生活介護】静岡県静岡市清水区蒲原中３０２－１", "url": "https://www.kaigokensaku.mhlw.go.jp/22/index.php?action_kouhyou_detail_004_kani=true&JigyosyoCd=2294200825-00&ServiceCd=320&Type=search", "url2": "http://www.yamanoue-hospital.jp/affiliated/sakura2.html" }, "geometry": { "type": "Point", "coordinates": [ 138.585088898776547, 35.114136726694994 ] } },
{ "type": "Feature", "properties": { "内容": "グループホームそな～れ【認知症対応型共同生活介護】静岡市清水区三保1598-14", "url": "https://www.kaigokensaku.mhlw.go.jp/22/index.php?action_kouhyou_detail_004_kani=true&JigyosyoCd=2294200932-00&ServiceCd=320&Type=search", "url2": "http;//sona-re.net" }, "geometry": { "type": "Point", "coordinates": [ 138.522249180217699, 34.999687942912715 ] } },
{ "type": "Feature", "properties": { "内容": "グループホームあいの街袖師【認知症対応型共同生活介護】静岡市清水区袖師町141番地の1", "url": "https://www.kaigokensaku.mhlw.go.jp/22/index.php?action_kouhyou_detail_004_kani=true&JigyosyoCd=2294201039-00&ServiceCd=320&Type=search", "url2": null }, "geometry": { "type": "Point", "coordinates": [ 138.4870105, 35.0390934 ] } },
{ "type": "Feature", "properties": { "内容": "グループホームつぐみ【認知症対応型共同生活介護】静岡市清水区八坂北2丁目20-25グループホームつぐみ", "url": "https://www.kaigokensaku.mhlw.go.jp/22/index.php?action_kouhyou_detail_004_kani=true&JigyosyoCd=2294201245-00&ServiceCd=320&Type=search", "url2": "https://tsugumi-shizuoka.jp" }, "geometry": { "type": "Point", "coordinates": [ 138.472000699999967, 35.0371127 ] } },
{ "type": "Feature", "properties": { "内容": "グループホーム　つぐみ押切【認知症対応型共同生活介護】静岡県静岡市清水区押切2119-1", "url": "https://www.kaigokensaku.mhlw.go.jp/22/index.php?action_kouhyou_detail_004_kani=true&JigyosyoCd=2294201401-00&ServiceCd=320&Type=search", "url2": "https://tsugumi-shizuoka.jp" }, "geometry": { "type": "Point", "coordinates": [ 138.4535247, 35.0327404 ] } },
{ "type": "Feature", "properties": { "内容": "ウェルビーイングふれあい船越【認知症対応型共同生活介護】静岡県静岡市清水区南矢部６５５-７", "url": "https://www.kaigokensaku.mhlw.go.jp/22/index.php?action_kouhyou_detail_004_kani=true&JigyosyoCd=2294201450-00&ServiceCd=320&Type=search", "url2": "http://w-being.jp" }, "geometry": { "type": "Point", "coordinates": [ 138.474890400000049, 34.9965369 ] } },
{ "type": "Feature", "properties": { "内容": "えいむの丘【認知症対応型共同生活介護】北矢部780-2えいむの丘２階", "url": "https://www.kaigokensaku.mhlw.go.jp/22/index.php?action_kouhyou_detail_004_kani=true&JigyosyoCd=2294201625-00&ServiceCd=320&Type=search", "url2": "http;//aim-shimizu.com" }, "geometry": { "type": "Point", "coordinates": [ 138.4736127, 34.9985977 ] } },
{ "type": "Feature", "properties": { "内容": "在宅総合サポートセンター山原【認知症対応型共同生活介護】静岡県静岡市清水区山原19－1", "url": "https://www.kaigokensaku.mhlw.go.jp/22/index.php?action_kouhyou_detail_004_kani=true&JigyosyoCd=2294201724-00&ServiceCd=320&Type=search", "url2": null }, "geometry": { "type": "Point", "coordinates": [ 138.4665761, 35.0396316 ] } },
{ "type": "Feature", "properties": { "内容": "グループホームおきつの家【認知症対応型共同生活介護】静岡県静岡市清水区興津中町1134-12Ｆ", "url": "https://www.kaigokensaku.mhlw.go.jp/22/index.php?action_kouhyou_detail_004_kani=true&JigyosyoCd=2294201971-00&ServiceCd=320&Type=search", "url2": "https://sunpuaoikai.or.jp/okitsu/" }, "geometry": { "type": "Point", "coordinates": [ 138.527197398811381, 35.057990578137868 ] } },
{ "type": "Feature", "properties": { "内容": "グループホーム　まーがれっと西里【認知症対応型共同生活介護】静岡県静岡市清水区西里1460-1", "url": "https://www.kaigokensaku.mhlw.go.jp/22/index.php?action_kouhyou_detail_004_kani=true&JigyosyoCd=2294202987-00&ServiceCd=320&Type=search", "url2": null }, "geometry": { "type": "Point", "coordinates": [ 138.4368976, 35.1250978 ] } },
{ "type": "Feature", "properties": { "内容": "グループホームもも　清水銀座【認知症対応型共同生活介護】清水区銀座1-18コミュニティセンターももの家清水銀座　2.3階", "url": "https://www.kaigokensaku.mhlw.go.jp/22/index.php?action_kouhyou_detail_004_kani=true&JigyosyoCd=2294201278-00&ServiceCd=320&Type=search", "url2": "http：//www.earth-group.co.jp/" }, "geometry": { "type": "Point", "coordinates": [ 138.4871915, 35.0189458 ] } },
{ "type": "Feature", "properties": { "内容": "まーがれっと高部【認知症対応型共同生活介護】静岡県静岡市清水区梅ケ谷58番地", "url": "https://www.kaigokensaku.mhlw.go.jp/22/index.php?action_kouhyou_detail_004_kani=true&JigyosyoCd=2294202979-00&ServiceCd=320&Type=search", "url2": null }, "geometry": { "type": "Point", "coordinates": [ 138.4505009, 35.0358151 ] } },
{ "type": "Feature", "properties": { "内容": "グループホーム　まーがれっと村松【認知症対応型共同生活介護】静岡県静岡市清水区村松原1-7-16", "url": "https://www.kaigokensaku.mhlw.go.jp/22/index.php?action_kouhyou_detail_004_kani=true&JigyosyoCd=2294202961-00&ServiceCd=320&Type=search", "url2": null }, "geometry": { "type": "Point", "coordinates": [ 138.4876534, 35.0004053 ] } },
{ "type": "Feature", "properties": { "内容": "クループホーム　桜の詩【認知症対応型共同生活介護】静岡市清水区船越二丁目９－７１グループホーム桜の詩", "url": "https://www.kaigokensaku.mhlw.go.jp/22/index.php?action_kouhyou_detail_004_kani=true&JigyosyoCd=2274202403-00&ServiceCd=320&Type=search", "url2": "gh-sakura@carequality.co.jp" }, "geometry": { "type": "Point", "coordinates": [ 138.467177200000037, 34.9993864 ] } },
{ "type": "Feature", "properties": { "内容": "ランの郷【認知症対応型共同生活介護】静岡県静岡市清水区承元寺町222番地", "url": "https://www.kaigokensaku.mhlw.go.jp/22/index.php?action_kouhyou_detail_004_kani=true&JigyosyoCd=2294203100-00&ServiceCd=320&Type=search", "url2": "https://www.jcanvas.jp/" }, "geometry": { "type": "Point", "coordinates": [ 138.5204257, 35.0831625 ] } },
{ "type": "Feature", "properties": { "内容": "グループホームまつばらの家【認知症対応型共同生活介護】静岡県静岡市清水区三保311-2", "url": "https://www.kaigokensaku.mhlw.go.jp/22/index.php?action_kouhyou_detail_004_kani=true&JigyosyoCd=2294201377-00&ServiceCd=320&Type=search", "url2": "生活スペースはバリアフリー" }, "geometry": { "type": "Point", "coordinates": [ 138.514576822090106, 35.001519831678365 ] } },
{ "type": "Feature", "properties": { "内容": "アクタガワ　ハートフルホーム御門台【認知症対応型共同生活介護】静岡市清水区七ツ新屋2-1-28", "url": "https://www.kaigokensaku.mhlw.go.jp/22/index.php?action_kouhyou_detail_004_kani=true&JigyosyoCd=2273200416-00&ServiceCd=320&Type=search", "url2": "https://akutagawa-grouphome.com/facilities/heartfulhome-mikadodai/" }, "geometry": { "type": "Point", "coordinates": [ 138.452047599999986, 35.0111596 ] } },
{ "type": "Feature", "properties": { "内容": "アクタガワ　ハートフルホーム有東坂【認知症対応型共同生活介護】静岡市清水区有東坂一丁目２２４－４５", "url": "https://www.kaigokensaku.mhlw.go.jp/22/index.php?action_kouhyou_detail_004_kani=true&JigyosyoCd=2294200841-00&ServiceCd=320&Type=search", "url2": "https://akutagawa-grouphome.com/facilities/heartfulhome-utozaka/" }, "geometry": { "type": "Point", "coordinates": [ 138.4679519, 35.0091826 ] } },
{ "type": "Feature", "properties": { "内容": "グループホーム明日香【認知症対応型共同生活介護】静岡県浜松市浜名区横須賀63－5", "url": "https://www.kaigokensaku.mhlw.go.jp/22/index.php?action_kouhyou_detail_004_kani=true&JigyosyoCd=2297201242-00&ServiceCd=320&Type=search", "url2": "https://eirplass.co.jp/" }, "geometry": { "type": "Point", "coordinates": [ 137.7903222, 34.7841471 ] } },
{ "type": "Feature", "properties": { "内容": "グループホームやわら【認知症対応型共同生活介護】鴨江1-30-14グループホームやわら", "url": "https://www.kaigokensaku.mhlw.go.jp/22/index.php?action_kouhyou_detail_004_kani=true&JigyosyoCd=2297200541-00&ServiceCd=320&Type=search", "url2": null }, "geometry": { "type": "Point", "coordinates": [ 137.7197989, 34.7018852 ] } },
{ "type": "Feature", "properties": { "内容": "ニチイケアセンター浜松飯田【認知症対応型共同生活介護】浜松市中央区区飯田町940", "url": "https://www.kaigokensaku.mhlw.go.jp/22/index.php?action_kouhyou_detail_004_kani=true&JigyosyoCd=2297200103-00&ServiceCd=320&Type=search", "url2": "www.nichiigakkan.co.jp" }, "geometry": { "type": "Point", "coordinates": [ 137.7721958, 34.7057886 ] } },
{ "type": "Feature", "properties": { "内容": "グループホームハイジの家【認知症対応型共同生活介護】静岡県浜松市西区西山町５２０番地", "url": "https://www.kaigokensaku.mhlw.go.jp/22/index.php?action_kouhyou_detail_004_kani=true&JigyosyoCd=2277101131-00&ServiceCd=320&Type=search", "url2": "URL:http://www.nishiyama.or.jp" }, "geometry": { "type": "Point", "coordinates": [ 137.688996800000041, 34.7367004 ] } },
{ "type": "Feature", "properties": { "内容": "グループホーム　ひだまりの森【認知症対応型共同生活介護】静岡県浜松市中央区城北二丁目5番60号", "url": "https://www.kaigokensaku.mhlw.go.jp/22/index.php?action_kouhyou_detail_004_kani=true&JigyosyoCd=2297200848-00&ServiceCd=320&Type=search", "url2": "https://www.morishima-group.jp" }, "geometry": { "type": "Point", "coordinates": [ 137.7223421, 34.7203001 ] } },
{ "type": "Feature", "properties": { "内容": "ニチイケアセンター浜松雄踏【認知症対応型共同生活介護】静岡県浜松市西区雄踏町宇布見９５５５－１", "url": "https://www.kaigokensaku.mhlw.go.jp/22/index.php?action_kouhyou_detail_004_kani=true&JigyosyoCd=2297201051-00&ServiceCd=320&Type=search", "url2": "https://www.nichii-kaigo.jp/" }, "geometry": { "type": "Point", "coordinates": [ 137.6246999, 34.6984124 ] } },
{ "type": "Feature", "properties": { "内容": "グループホームあいの街神田【認知症対応型共同生活介護】浜松市中央区神田町865番地", "url": "https://www.kaigokensaku.mhlw.go.jp/22/index.php?action_kouhyou_detail_004_kani=true&JigyosyoCd=2297200558-00&ServiceCd=320&Type=search", "url2": null }, "geometry": { "type": "Point", "coordinates": [ 137.7234225, 34.684655100000015 ] } },
{ "type": "Feature", "properties": { "内容": "グループホームあいの街篠ヶ瀬【認知症対応型共同生活介護】浜松市中央区篠ヶ瀬町３４５", "url": "https://www.kaigokensaku.mhlw.go.jp/22/index.php?action_kouhyou_detail_004_kani=true&JigyosyoCd=2277102188-00&ServiceCd=320&Type=search", "url2": null }, "geometry": { "type": "Point", "coordinates": [ 137.7733859, 34.7279841 ] } },
{ "type": "Feature", "properties": { "内容": "グループホームあいの街高塚【認知症対応型共同生活介護】浜松市中央区高塚町4514-1", "url": "https://www.kaigokensaku.mhlw.go.jp/22/index.php?action_kouhyou_detail_004_kani=true&JigyosyoCd=2277102071-00&ServiceCd=320&Type=search", "url2": null }, "geometry": { "type": "Point", "coordinates": [ 137.683697, 34.6883727 ] } },
{ "type": "Feature", "properties": { "内容": "グループホームあいの街浅田【認知症対応型共同生活介護】静岡県浜松市中央区西浅田二丁目５番５号", "url": "https://www.kaigokensaku.mhlw.go.jp/22/index.php?action_kouhyou_detail_004_kani=true&JigyosyoCd=2297201390-00&ServiceCd=320&Type=search", "url2": "g.h-asada@aicare.co.jp" }, "geometry": { "type": "Point", "coordinates": [ 137.724274084926918, 34.694979198786164 ] } },
{ "type": "Feature", "properties": { "内容": "グループホーム　ハーモニー【認知症対応型共同生活介護】浜松市中央区大人見町3028-1", "url": "https://www.kaigokensaku.mhlw.go.jp/22/index.php?action_kouhyou_detail_004_kani=true&JigyosyoCd=2277100919-00&ServiceCd=320&Type=search", "url2": "https://www.shiraume.or.jp" }, "geometry": { "type": "Point", "coordinates": [ 137.657853199999977, 34.74086 ] } },
{ "type": "Feature", "properties": { "内容": "セントケア曳馬【認知症対応型共同生活介護】浜松市中央区曳馬2丁目4番13号", "url": "https://www.kaigokensaku.mhlw.go.jp/22/index.php?action_kouhyou_detail_004_kani=true&JigyosyoCd=2297200483-00&ServiceCd=320&Type=search", "url2": "https://www.saint-care.com/center/804/" }, "geometry": { "type": "Point", "coordinates": [ 137.742004800000018, 34.7261109 ] } },
{ "type": "Feature", "properties": { "内容": "グループホームやまざき【認知症対応型共同生活介護】静岡県浜松市中央区雄踏町山崎２８２９番地", "url": "https://www.kaigokensaku.mhlw.go.jp/22/index.php?action_kouhyou_detail_004_kani=true&JigyosyoCd=2278200106-00&ServiceCd=320&Type=search", "url2": "https://www.sankoukai.or.jp/" }, "geometry": { "type": "Point", "coordinates": [ 137.627193700000021, 34.7172096 ] } },
{ "type": "Feature", "properties": { "内容": "グループホーム　貴葉の家【認知症対応型共同生活介護】浜松市中央区貴平町５３８番地", "url": "https://www.kaigokensaku.mhlw.go.jp/22/index.php?action_kouhyou_detail_004_kani=true&JigyosyoCd=2277101156-00&ServiceCd=320&Type=search", "url2": null }, "geometry": { "type": "Point", "coordinates": [ 137.79165230000001, 34.7532516 ] } },
{ "type": "Feature", "properties": { "内容": "グループホーム北寺島の家【認知症対応型共同生活介護】浜松市中央区北寺島町２０６－２７", "url": "https://www.kaigokensaku.mhlw.go.jp/22/index.php?action_kouhyou_detail_004_kani=true&JigyosyoCd=2277101446-00&ServiceCd=320&Type=search", "url2": null }, "geometry": { "type": "Point", "coordinates": [ 137.743780699999974, 34.7037717 ] } },
{ "type": "Feature", "properties": { "内容": "グループホーム曳馬の家【認知症対応型共同生活介護】静岡県浜松市中央区曳馬３丁目１２番５号", "url": "https://www.kaigokensaku.mhlw.go.jp/22/index.php?action_kouhyou_detail_004_kani=true&JigyosyoCd=2277101974-00&ServiceCd=320&Type=search", "url2": null }, "geometry": { "type": "Point", "coordinates": [ 137.742927, 34.7259082 ] } },
{ "type": "Feature", "properties": { "内容": "グループホーム言の葉の家【認知症対応型共同生活介護】浜松市東区貴平町５７１－１", "url": "https://www.kaigokensaku.mhlw.go.jp/22/index.php?action_kouhyou_detail_004_kani=true&JigyosyoCd=2277102048-00&ServiceCd=320&Type=search", "url2": null }, "geometry": { "type": "Point", "coordinates": [ 137.792004899999938, 34.7552986 ] } },
{ "type": "Feature", "properties": { "内容": "グループホーム大平台の家【認知症対応型共同生活介護】浜松市西区大平台３丁目３６番１０号", "url": "https://www.kaigokensaku.mhlw.go.jp/22/index.php?action_kouhyou_detail_004_kani=true&JigyosyoCd=2277102063-00&ServiceCd=320&Type=search", "url2": null }, "geometry": { "type": "Point", "coordinates": [ 137.675780199999963, 34.7121447 ] } },
{ "type": "Feature", "properties": { "内容": "グループホーム　市野の家【認知症対応型共同生活介護】静岡県浜松市東区市野町２８７番地の１", "url": "https://www.kaigokensaku.mhlw.go.jp/22/index.php?action_kouhyou_detail_004_kani=true&JigyosyoCd=2277102113-00&ServiceCd=320&Type=search", "url2": null }, "geometry": { "type": "Point", "coordinates": [ 137.771656900000039, 34.7516314 ] } },
{ "type": "Feature", "properties": { "内容": "グループホームねんりんはうす西都台【認知症対応型共同生活介護】浜松市中央区志都呂１丁目5番20号", "url": "https://www.kaigokensaku.mhlw.go.jp/22/index.php?action_kouhyou_detail_004_kani=true&JigyosyoCd=2277102287-00&ServiceCd=320&Type=search", "url2": "http://www.nouriha.jp" }, "geometry": { "type": "Point", "coordinates": [ 137.663516213491818, 34.700247979378275 ] } },
{ "type": "Feature", "properties": { "内容": "グループホーム　双葉の家【認知症対応型共同生活介護】静岡県浜松市中央区古川町２３４", "url": "https://www.kaigokensaku.mhlw.go.jp/22/index.php?action_kouhyou_detail_004_kani=true&JigyosyoCd=2277102361-00&ServiceCd=320&Type=search", "url2": null }, "geometry": { "type": "Point", "coordinates": [ 137.77635810000001, 34.689488100000041 ] } },
{ "type": "Feature", "properties": { "内容": "グループホーム　ねんりんはうす佐鳴湖【認知症対応型共同生活介護】浜松市中央区富塚町2884-4", "url": "https://www.kaigokensaku.mhlw.go.jp/22/index.php?action_kouhyou_detail_004_kani=true&JigyosyoCd=2277102428-00&ServiceCd=320&Type=search", "url2": "http://www.nouriha.jp/" }, "geometry": { "type": "Point", "coordinates": [ 137.692298661515792, 34.723826883774159 ] } },
{ "type": "Feature", "properties": { "内容": "グループホーム三葉の家【認知症対応型共同生活介護】静岡県浜松市南区若林町２８２５－１グループホーム三葉の家", "url": "https://www.kaigokensaku.mhlw.go.jp/22/index.php?action_kouhyou_detail_004_kani=true&JigyosyoCd=2277102477-00&ServiceCd=320&Type=search", "url2": null }, "geometry": { "type": "Point", "coordinates": [ 137.705161699999962, 34.6936876 ] } },
{ "type": "Feature", "properties": { "内容": "グループホーム高丘【認知症対応型共同生活介護】浜松市中央区高丘北2丁目17番15号", "url": "https://www.kaigokensaku.mhlw.go.jp/22/index.php?action_kouhyou_detail_004_kani=true&JigyosyoCd=2277102642-00&ServiceCd=320&Type=search", "url2": "http://takaoka-nc.com" }, "geometry": { "type": "Point", "coordinates": [ 137.7028702, 34.7634305 ] } },
{ "type": "Feature", "properties": { "内容": "グループホーム　蓬莱【認知症対応型共同生活介護】浜松市西区舞阪町舞阪4009-1", "url": "https://www.kaigokensaku.mhlw.go.jp/22/index.php?action_kouhyou_detail_004_kani=true&JigyosyoCd=2278200131-00&ServiceCd=320&Type=search", "url2": "https://medicalsanjinkai.jp/" }, "geometry": { "type": "Point", "coordinates": [ 137.6117127, 34.6825509 ] } },
{ "type": "Feature", "properties": { "内容": "グループホーム　おおやぎ【認知症対応型共同生活介護】浜松市中央区大柳町375-1", "url": "https://www.kaigokensaku.mhlw.go.jp/22/index.php?action_kouhyou_detail_004_kani=true&JigyosyoCd=2297200160-00&ServiceCd=320&Type=search", "url2": "http://www.nagatsuru.com" }, "geometry": { "type": "Point", "coordinates": [ 137.758740699999976, 34.680687845415477 ] } },
{ "type": "Feature", "properties": { "内容": "グループホーム安寿【認知症対応型共同生活介護】浜松市中央区高丘北2丁目16-4", "url": "https://www.kaigokensaku.mhlw.go.jp/22/index.php?action_kouhyou_detail_004_kani=true&JigyosyoCd=2297200368-00&ServiceCd=320&Type=search", "url2": "takaoka-nc.com" }, "geometry": { "type": "Point", "coordinates": [ 137.702453600000013, 34.7634472 ] } },
{ "type": "Feature", "properties": { "内容": "多機能ホームながつる【認知症対応型共同生活介護】長鶴町２４９", "url": "https://www.kaigokensaku.mhlw.go.jp/22/index.php?action_kouhyou_detail_004_kani=true&JigyosyoCd=2297200574-00&ServiceCd=320&Type=search", "url2": "https://www.nagatsuru.com/" }, "geometry": { "type": "Point", "coordinates": [ 137.77928309999993, 34.7136751 ] } },
{ "type": "Feature", "properties": { "内容": "グループホーム浜松和合の家【認知症対応型共同生活介護】静岡県浜松市中央区和合町886-1", "url": "https://www.kaigokensaku.mhlw.go.jp/22/index.php?action_kouhyou_detail_004_kani=true&JigyosyoCd=2297201143-00&ServiceCd=320&Type=search", "url2": null }, "geometry": { "type": "Point", "coordinates": [ 137.702766978579547, 34.738948708955625 ] } },
{ "type": "Feature", "properties": { "内容": "グループホーム　四葉の家【認知症対応型共同生活介護】静岡県浜松市中央区根洗町207－3", "url": "https://www.kaigokensaku.mhlw.go.jp/22/index.php?action_kouhyou_detail_004_kani=true&JigyosyoCd=2277100968-00&ServiceCd=320&Type=search", "url2": "http://www.kaigo.or.jp" }, "geometry": { "type": "Point", "coordinates": [ 137.70794049999995, 34.8010173 ] } },
{ "type": "Feature", "properties": { "内容": "グループホーム　泉の家【認知症対応型共同生活介護】静岡県浜松市中央区泉４丁目２８番５号", "url": "https://www.kaigokensaku.mhlw.go.jp/22/index.php?action_kouhyou_detail_004_kani=true&JigyosyoCd=2277101701-00&ServiceCd=320&Type=search", "url2": null }, "geometry": { "type": "Point", "coordinates": [ 137.714991499999968, 34.746936 ] } },
{ "type": "Feature", "properties": { "内容": "グループホーム　一葉の家【認知症対応型共同生活介護】静岡県浜松市中央区根洗町217番地", "url": "https://www.kaigokensaku.mhlw.go.jp/22/index.php?action_kouhyou_detail_004_kani=true&JigyosyoCd=2277101883-00&ServiceCd=320&Type=search", "url2": null }, "geometry": { "type": "Point", "coordinates": [ 137.708076600000027, 34.8000813 ] } },
{ "type": "Feature", "properties": { "内容": "グループホーム和葉の家【認知症対応型共同生活介護】浜松市中央区和地町5228-1", "url": "https://www.kaigokensaku.mhlw.go.jp/22/index.php?action_kouhyou_detail_004_kani=true&JigyosyoCd=2277102568-00&ServiceCd=320&Type=search", "url2": null }, "geometry": { "type": "Point", "coordinates": [ 137.658177600000045, 34.7625151 ] } },
{ "type": "Feature", "properties": { "内容": "グループホーム　ひまわり【認知症対応型共同生活介護】静岡県浜松市中央区中野町4258", "url": "https://www.kaigokensaku.mhlw.go.jp/22/index.php?action_kouhyou_detail_004_kani=true&JigyosyoCd=2277102576-00&ServiceCd=320&Type=search", "url2": "http://www.home-himawari.com" }, "geometry": { "type": "Point", "coordinates": [ 137.794006, 34.726055 ] } },
{ "type": "Feature", "properties": { "内容": "グループホーム　浜松山手の家【認知症対応型共同生活介護】浜松市中央区山手町2－36", "url": "https://www.kaigokensaku.mhlw.go.jp/22/index.php?action_kouhyou_detail_004_kani=true&JigyosyoCd=2297200137-00&ServiceCd=320&Type=search", "url2": null }, "geometry": { "type": "Point", "coordinates": [ 137.705966600000011, 34.7062097 ] } },
{ "type": "Feature", "properties": { "内容": "愛の家グループホーム浜松根洗【認知症対応型共同生活介護】静岡県浜松市中央区根洗町738-2", "url": "https://www.kaigokensaku.mhlw.go.jp/22/index.php?action_kouhyou_detail_004_kani=true&JigyosyoCd=2297200152-00&ServiceCd=320&Type=search", "url2": "http://www.mcsg.co.jp" }, "geometry": { "type": "Point", "coordinates": [ 137.697894499999961, 34.7934235 ] } },
{ "type": "Feature", "properties": { "内容": "グループホーム花みずき【認知症対応型共同生活介護】静岡県浜松市中央区大山町2882番地", "url": "https://www.kaigokensaku.mhlw.go.jp/22/index.php?action_kouhyou_detail_004_kani=true&JigyosyoCd=2277100588-00&ServiceCd=320&Type=search", "url2": "http://www.keiseikai6001.or.jp" }, "geometry": { "type": "Point", "coordinates": [ 137.679755800000066, 34.7734781 ] } },
{ "type": "Feature", "properties": { "内容": "グループホーム　ゆずりは【認知症対応型共同生活介護】静岡県浜松市中区早出町１３５５－６", "url": "https://www.kaigokensaku.mhlw.go.jp/22/index.php?action_kouhyou_detail_004_kani=true&JigyosyoCd=2277101685-00&ServiceCd=320&Type=search", "url2": null }, "geometry": { "type": "Point", "coordinates": [ 137.748851699999932, 34.7297772 ] } },
{ "type": "Feature", "properties": { "内容": "グループホーム　なの花【認知症対応型共同生活介護】浜松市中央区早出町１２００－２５", "url": "https://www.kaigokensaku.mhlw.go.jp/22/index.php?action_kouhyou_detail_004_kani=true&JigyosyoCd=2277101693-00&ServiceCd=320&Type=search", "url2": "gh.nanohana.@gmail.com" }, "geometry": { "type": "Point", "coordinates": [ 137.750152242327886, 34.733498740239163 ] } },
{ "type": "Feature", "properties": { "内容": "グループホームきらら浜松【認知症対応型共同生活介護】浜松市中央区楊子町２１８番地", "url": "https://www.kaigokensaku.mhlw.go.jp/22/index.php?action_kouhyou_detail_004_kani=true&JigyosyoCd=2297100253-00&ServiceCd=320&Type=search", "url2": "http://www.kenminkouseikai.net/" }, "geometry": { "type": "Point", "coordinates": [ 137.74726110000006, 34.6926012 ] } },
{ "type": "Feature", "properties": { "内容": "グループホームウイル【認知症対応型共同生活介護】静岡県浜松市中区名塚町17-1ウイル名塚　おもてなしの郷", "url": "https://www.kaigokensaku.mhlw.go.jp/22/index.php?action_kouhyou_detail_004_kani=true&JigyosyoCd=2297200657-00&ServiceCd=320&Type=search", "url2": "http://will2002.co.jp/" }, "geometry": { "type": "Point", "coordinates": [ 137.756310757741517, 34.706076197827663 ] } },
{ "type": "Feature", "properties": { "内容": "さぎの宮グループホーム【認知症対応型共同生活介護】静岡県浜松市中央区小池町38-1", "url": "https://www.kaigokensaku.mhlw.go.jp/22/index.php?action_kouhyou_detail_004_kani=true&JigyosyoCd=2277100927-00&ServiceCd=320&Type=search", "url2": "saginomiyaryo@mvh.biglobe.ne.jp" }, "geometry": { "type": "Point", "coordinates": [ 137.76400179999996, 34.754028 ] } },
{ "type": "Feature", "properties": { "内容": "うぇるケアホーム　あおば【認知症対応型共同生活介護】三方原町70番地の10", "url": "https://www.kaigokensaku.mhlw.go.jp/22/index.php?action_kouhyou_detail_004_kani=true&JigyosyoCd=2277102402-00&ServiceCd=320&Type=search", "url2": "URLhttp://www.wch.co.jp" }, "geometry": { "type": "Point", "coordinates": [ 137.717904399999952, 34.772752300000015 ] } },
{ "type": "Feature", "properties": { "内容": "グループホーム　入野やわらの家【認知症対応型共同生活介護】静岡県浜松市中央区入野町６４１０", "url": "https://www.kaigokensaku.mhlw.go.jp/22/index.php?action_kouhyou_detail_004_kani=true&JigyosyoCd=2277102444-00&ServiceCd=320&Type=search", "url2": "http://www.kotou-wakeikai.com/" }, "geometry": { "type": "Point", "coordinates": [ 137.686716100000012, 34.696392800000019 ] } },
{ "type": "Feature", "properties": { "内容": "グランマ「ハノン」【認知症対応型共同生活介護】静岡県浜松市中央区村櫛町３９６２", "url": "https://www.kaigokensaku.mhlw.go.jp/22/index.php?action_kouhyou_detail_004_kani=true&JigyosyoCd=2277102709-00&ServiceCd=320&Type=search", "url2": "https://grandma-hk.amebaownd.com" }, "geometry": { "type": "Point", "coordinates": [ 137.598974969311513, 34.72365710000016 ] } },
{ "type": "Feature", "properties": { "内容": "リリーズグループホーム「グレィス有玉」【認知症対応型共同生活介護】静岡県浜松市中央区有玉南町2421-3", "url": "https://www.kaigokensaku.mhlw.go.jp/22/index.php?action_kouhyou_detail_004_kani=true&JigyosyoCd=2277102345-00&ServiceCd=320&Type=search", "url2": "http://www.lily-s.co.jp" }, "geometry": { "type": "Point", "coordinates": [ 137.746136799999931, 34.747717 ] } },
{ "type": "Feature", "properties": { "内容": "ニチイケアセンター浜松高丘【認知症対応型共同生活介護】浜松市中央区高丘北3－7－14", "url": "https://www.kaigokensaku.mhlw.go.jp/22/index.php?action_kouhyou_detail_004_kani=true&JigyosyoCd=2297200087-00&ServiceCd=320&Type=search", "url2": "http://www.nichiigakkan.co.jp" }, "geometry": { "type": "Point", "coordinates": [ 137.697579200000035, 34.7635719 ] } },
{ "type": "Feature", "properties": { "内容": "グランマ　「カノン」【認知症対応型共同生活介護】浜松市中央区村櫛町３９６３", "url": "https://www.kaigokensaku.mhlw.go.jp/22/index.php?action_kouhyou_detail_004_kani=true&JigyosyoCd=2297200194-00&ServiceCd=320&Type=search", "url2": "https://grandma-hk.amebaownd.com" }, "geometry": { "type": "Point", "coordinates": [ 137.595375099999956, 34.7227014 ] } },
{ "type": "Feature", "properties": { "内容": "シエロアスール【認知症対応型共同生活介護】浜松市中央区中野町4210", "url": "https://www.kaigokensaku.mhlw.go.jp/22/index.php?action_kouhyou_detail_004_kani=true&JigyosyoCd=2297200681-00&ServiceCd=320&Type=search", "url2": "http://www.ishigakinaika.jp" }, "geometry": { "type": "Point", "coordinates": [ 137.796797199999986, 34.7278911 ] } },
{ "type": "Feature", "properties": { "内容": "グループホームるぴなすコート【認知症対応型共同生活介護】静岡県浜松市中央区積志町1878", "url": "https://www.kaigokensaku.mhlw.go.jp/22/index.php?action_kouhyou_detail_004_kani=true&JigyosyoCd=2297200236-00&ServiceCd=320&Type=search", "url2": "http://www.rupinus.jp" }, "geometry": { "type": "Point", "coordinates": [ 137.760511899999983, 34.7686848 ] } },
{ "type": "Feature", "properties": { "内容": "認知症対応型共同生活介護　るぴなすの杜【認知症対応型共同生活介護】静岡県浜松市東区有玉北町２０５番地の１", "url": "https://www.kaigokensaku.mhlw.go.jp/22/index.php?action_kouhyou_detail_004_kani=true&JigyosyoCd=2297200632-00&ServiceCd=320&Type=search", "url2": "http://rupinus.jp/rupinus_forest/" }, "geometry": { "type": "Point", "coordinates": [ 137.758654502260583, 34.772663226151913 ] } },
{ "type": "Feature", "properties": { "内容": "グループホームあいの街芳川【認知症対応型共同生活介護】静岡県浜松市中央区御給町263", "url": "https://www.kaigokensaku.mhlw.go.jp/22/index.php?action_kouhyou_detail_004_kani=true&JigyosyoCd=2277102394-00&ServiceCd=320&Type=search", "url2": null }, "geometry": { "type": "Point", "coordinates": [ 137.768703400000049, 34.674805 ] } },
{ "type": "Feature", "properties": { "内容": "ニチイケアセンター浜松有玉【認知症対応型共同生活介護】浜松市東区有玉南町１７１３－４", "url": "https://www.kaigokensaku.mhlw.go.jp/22/index.php?action_kouhyou_detail_004_kani=true&JigyosyoCd=2297200095-00&ServiceCd=320&Type=search", "url2": null }, "geometry": { "type": "Point", "coordinates": [ 137.75228919999995, 34.7486753 ] } },
{ "type": "Feature", "properties": { "内容": "愛の家グループホーム浜松富塚【認知症対応型共同生活介護】浜松市中区富塚町628-1", "url": "https://www.kaigokensaku.mhlw.go.jp/22/index.php?action_kouhyou_detail_004_kani=true&JigyosyoCd=2297200467-00&ServiceCd=320&Type=search", "url2": "http://mcs-ainoie.com/ins172.html" }, "geometry": { "type": "Point", "coordinates": [ 137.714228402421554, 34.730607730666698 ] } },
{ "type": "Feature", "properties": { "内容": "グループホーム　　　和【認知症対応型共同生活介護】静岡県浜松市浜北区東美薗６６", "url": "https://www.kaigokensaku.mhlw.go.jp/22/index.php?action_kouhyou_detail_004_kani=true&JigyosyoCd=2278300261-00&ServiceCd=320&Type=search", "url2": null }, "geometry": { "type": "Point", "coordinates": [ 137.800874, 34.7886902 ] } },
{ "type": "Feature", "properties": { "内容": "グループホーム　えがおの里浜北【認知症対応型共同生活介護】浜松市浜名区中条1102番地", "url": "https://www.kaigokensaku.mhlw.go.jp/22/index.php?action_kouhyou_detail_004_kani=true&JigyosyoCd=2297200376-00&ServiceCd=320&Type=search", "url2": "https://www.morishima-group.jp" }, "geometry": { "type": "Point", "coordinates": [ 137.782756798147574, 34.783953740919863 ] } },
{ "type": "Feature", "properties": { "内容": "三ヶ日グループホーム【認知症対応型共同生活介護】静岡県浜松市浜名区三ヶ日町都筑2922-2", "url": "https://www.kaigokensaku.mhlw.go.jp/22/index.php?action_kouhyou_detail_004_kani=true&JigyosyoCd=2278100223-00&ServiceCd=320&Type=search", "url2": "http://care-ohana.com/" }, "geometry": { "type": "Point", "coordinates": [ 137.575118800000041, 34.7899867 ] } },
{ "type": "Feature", "properties": { "内容": "グループホーム　いつくしみの郷【認知症対応型共同生活介護】浜松市浜名区平口2406-1", "url": "https://www.kaigokensaku.mhlw.go.jp/22/index.php?action_kouhyou_detail_004_kani=true&JigyosyoCd=2278300311-00&ServiceCd=320&Type=search", "url2": "http://www.e-del.jp" }, "geometry": { "type": "Point", "coordinates": [ 137.767582535787739, 34.796806673172725 ] } },
{ "type": "Feature", "properties": { "内容": "グループホーム　あいの街浜北【認知症対応型共同生活介護】浜松市浜名区於呂2406-1", "url": "https://www.kaigokensaku.mhlw.go.jp/22/index.php?action_kouhyou_detail_004_kani=true&JigyosyoCd=2297200293-00&ServiceCd=320&Type=search", "url2": null }, "geometry": { "type": "Point", "coordinates": [ 137.799109, 34.8340841 ] } },
{ "type": "Feature", "properties": { "内容": "ほのぼのケアガーデン【認知症対応型共同生活介護】浜松市浜名区引佐町東黒田37-2", "url": "https://www.kaigokensaku.mhlw.go.jp/22/index.php?action_kouhyou_detail_004_kani=true&JigyosyoCd=2278100066-00&ServiceCd=320&Type=search", "url2": "http://www.seirei.or.jp/elderlyhome/inasa" }, "geometry": { "type": "Point", "coordinates": [ 137.662730799999963, 34.8867108 ] } },
{ "type": "Feature", "properties": { "内容": "グループホーム桜葉の家【認知症対応型共同生活介護】静岡県浜松市浜名区細江町中川４５８９番地の４", "url": "https://www.kaigokensaku.mhlw.go.jp/22/index.php?action_kouhyou_detail_004_kani=true&JigyosyoCd=2278100165-00&ServiceCd=320&Type=search", "url2": null }, "geometry": { "type": "Point", "coordinates": [ 137.667121500000036, 34.8140256 ] } },
{ "type": "Feature", "properties": { "内容": "花平の郷【認知症対応型共同生活介護】静岡県浜松市浜名区引佐町花平725-1", "url": "https://www.kaigokensaku.mhlw.go.jp/22/index.php?action_kouhyou_detail_004_kani=true&JigyosyoCd=2278100249-00&ServiceCd=320&Type=search", "url2": "http://www.fujihanakai.com" }, "geometry": { "type": "Point", "coordinates": [ 137.672514500000034, 34.8467857 ] } },
{ "type": "Feature", "properties": { "内容": "グループホーム万葉の家【認知症対応型共同生活介護】静岡県浜松市浜名区宮口４４０７－１(代表)", "url": "https://www.kaigokensaku.mhlw.go.jp/22/index.php?action_kouhyou_detail_004_kani=true&JigyosyoCd=2278300336-00&ServiceCd=320&Type=search", "url2": null }, "geometry": { "type": "Point", "coordinates": [ 137.771339500000067, 34.8280532 ] } },
{ "type": "Feature", "properties": { "内容": "グループホーム浜北尾野の家【認知症対応型共同生活介護】静岡県浜松市浜名区尾野745番地の1", "url": "https://www.kaigokensaku.mhlw.go.jp/22/index.php?action_kouhyou_detail_004_kani=true&JigyosyoCd=2297201150-00&ServiceCd=320&Type=search", "url2": null }, "geometry": { "type": "Point", "coordinates": [ 137.790735265542907, 34.828201132724445 ] } },
{ "type": "Feature", "properties": { "内容": "浜松市永島グループホーム耀【認知症対応型共同生活介護】浜松市浜名区永島675-1", "url": "https://www.kaigokensaku.mhlw.go.jp/22/index.php?action_kouhyou_detail_004_kani=true&JigyosyoCd=2278300229-00&ServiceCd=320&Type=search", "url2": "https://totomihp.com/kagayaki/" }, "geometry": { "type": "Point", "coordinates": [ 137.812849599999936, 34.8071168 ] } },
{ "type": "Feature", "properties": { "内容": "グループホーム　都の家【認知症対応型共同生活介護】静岡県浜松市浜名区都田町7554番地36", "url": "https://www.kaigokensaku.mhlw.go.jp/22/index.php?action_kouhyou_detail_004_kani=true&JigyosyoCd=2277103061-00&ServiceCd=320&Type=search", "url2": null }, "geometry": { "type": "Point", "coordinates": [ 137.709282899999977, 34.805356499999967 ] } },
{ "type": "Feature", "properties": { "内容": "愛の家グループホーム浜松天竜【認知症対応型共同生活介護】山東4360-1", "url": "https://www.kaigokensaku.mhlw.go.jp/22/index.php?action_kouhyou_detail_004_kani=true&JigyosyoCd=2297200350-00&ServiceCd=320&Type=search", "url2": "http://www.mcs.co.jp" }, "geometry": { "type": "Point", "coordinates": [ 137.819036405197949, 34.872171122650208 ] } },
{ "type": "Feature", "properties": { "内容": "けあビジョンホーム浜松天竜【認知症対応型共同生活介護】山東2308-1", "url": "https://www.kaigokensaku.mhlw.go.jp/22/index.php?action_kouhyou_detail_004_kani=true&JigyosyoCd=2297201309-00&ServiceCd=320&Type=search", "url2": null }, "geometry": { "type": "Point", "coordinates": [ 117.02076, 36.6682599 ] } },
{ "type": "Feature", "properties": { "内容": "グループホームふなぎら【認知症対応型共同生活介護】静岡県浜松市天竜区船明436", "url": "https://www.kaigokensaku.mhlw.go.jp/22/index.php?action_kouhyou_detail_004_kani=true&JigyosyoCd=2297201002-00&ServiceCd=320&Type=search", "url2": "https://www.koukyukai.jp/" }, "geometry": { "type": "Point", "coordinates": [ 137.819122680148325, 34.8885318121648 ] } },
{ "type": "Feature", "properties": { "内容": "企業組合　つどい【認知症対応型共同生活介護】静岡県沼津市東椎路1502-2", "url": "https://www.kaigokensaku.mhlw.go.jp/22/index.php?action_kouhyou_detail_004_kani=true&JigyosyoCd=2271100841-00&ServiceCd=320&Type=search", "url2": "http://www.numazu-tsudoi.com" }, "geometry": { "type": "Point", "coordinates": [ 138.834081954987482, 35.123682644698953 ] } },
{ "type": "Feature", "properties": { "内容": "愛の家グループホーム沼津我入道【認知症対応型共同生活介護】沼津市我入道江川５－１", "url": "https://www.kaigokensaku.mhlw.go.jp/22/index.php?action_kouhyou_detail_004_kani=true&JigyosyoCd=2271100923-00&ServiceCd=320&Type=search", "url2": "http://www.mcsg.co.jp/" }, "geometry": { "type": "Point", "coordinates": [ 138.8632513, 35.0819518 ] } },
{ "type": "Feature", "properties": { "内容": "グループホームふれあい香貫【認知症対応型共同生活介護】静岡県沼津市下香貫楊原５３０－１６", "url": "https://www.kaigokensaku.mhlw.go.jp/22/index.php?action_kouhyou_detail_004_kani=true&JigyosyoCd=2271101335-00&ServiceCd=320&Type=search", "url2": "http://w-being.jp" }, "geometry": { "type": "Point", "coordinates": [ 138.87558660000002, 35.0841161 ] } },
{ "type": "Feature", "properties": { "内容": "グループホーム　和みの家【認知症対応型共同生活介護】沼津市大平1538-1", "url": "https://www.kaigokensaku.mhlw.go.jp/22/index.php?action_kouhyou_detail_004_kani=true&JigyosyoCd=2271100568-00&ServiceCd=320&Type=search", "url2": "http://www.shinai-kai.jp/nagomi/" }, "geometry": { "type": "Point", "coordinates": [ 138.9045731, 35.0750318 ] } },
{ "type": "Feature", "properties": { "内容": "ニチイケアセンター香貫山【認知症対応型共同生活介護】静岡県沼津市下香貫塩満1830-2", "url": "https://www.kaigokensaku.mhlw.go.jp/22/index.php?action_kouhyou_detail_004_kani=true&JigyosyoCd=2291100069-00&ServiceCd=320&Type=search", "url2": "hstT17@nichiigakkan.co.jp" }, "geometry": { "type": "Point", "coordinates": [ 138.877553300000045, 35.0776889 ] } },
{ "type": "Feature", "properties": { "内容": "ever優　グループホーム　沼津【認知症対応型共同生活介護】静岡県沼津市西添町10－12", "url": "https://www.kaigokensaku.mhlw.go.jp/22/index.php?action_kouhyou_detail_004_kani=true&JigyosyoCd=2271100691-00&ServiceCd=320&Type=search", "url2": null }, "geometry": { "type": "Point", "coordinates": [ 138.790345600000023, 35.1290956 ] } },
{ "type": "Feature", "properties": { "内容": "在宅支援センターふれあい　グループホームふれあい島郷【認知症対応型共同生活介護】静岡県沼津市下香貫清水２１３５グループホームふれあい島郷", "url": "https://www.kaigokensaku.mhlw.go.jp/22/index.php?action_kouhyou_detail_004_kani=true&JigyosyoCd=2291100184-00&ServiceCd=320&Type=search", "url2": "http://w-being.jp" }, "geometry": { "type": "Point", "coordinates": [ 138.879870710450774, 35.075616868540095 ] } },
{ "type": "Feature", "properties": { "内容": "グループホームふれあい奄美【認知症対応型共同生活介護】静岡県沼津市下香貫楊原550-4", "url": "https://www.kaigokensaku.mhlw.go.jp/22/index.php?action_kouhyou_detail_004_kani=true&JigyosyoCd=2271100675-00&ServiceCd=320&Type=search", "url2": "http://w-being.jp" }, "geometry": { "type": "Point", "coordinates": [ 138.877794900000026, 35.0838507 ] } },
{ "type": "Feature", "properties": { "内容": "グループホームくすのき【認知症対応型共同生活介護】静岡県沼津市千本常盤町５－１", "url": "https://www.kaigokensaku.mhlw.go.jp/22/index.php?action_kouhyou_detail_004_kani=true&JigyosyoCd=2271101145-00&ServiceCd=320&Type=search", "url2": "http://www.carequality.co.jp" }, "geometry": { "type": "Point", "coordinates": [ 138.85211, 35.0896898 ] } },
{ "type": "Feature", "properties": { "内容": "グループホームふれあい下香貫【認知症対応型共同生活介護】静岡県沼津市下香貫楊原651－2グループホームふれあい下香貫", "url": "https://www.kaigokensaku.mhlw.go.jp/22/index.php?action_kouhyou_detail_004_kani=true&JigyosyoCd=2291100473-00&ServiceCd=320&Type=search", "url2": "http://w-being.jp/" }, "geometry": { "type": "Point", "coordinates": [ 138.8777949, 35.0838507 ] } },
{ "type": "Feature", "properties": { "内容": "グループホームふれあい黄瀬川【認知症対応型共同生活介護】静岡県沼津市大岡２６６－９", "url": "https://www.kaigokensaku.mhlw.go.jp/22/index.php?action_kouhyou_detail_004_kani=true&JigyosyoCd=2271101343-00&ServiceCd=320&Type=search", "url2": "http://w-being.jp" }, "geometry": { "type": "Point", "coordinates": [ 138.883102199999939, 35.1031065 ] } },
{ "type": "Feature", "properties": { "内容": "グループホームふれあい静浦【認知症対応型共同生活介護】沼津市獅子浜１１１－１", "url": "https://www.kaigokensaku.mhlw.go.jp/22/index.php?action_kouhyou_detail_004_kani=true&JigyosyoCd=2291100077-00&ServiceCd=320&Type=search", "url2": "http://w-being.jp" }, "geometry": { "type": "Point", "coordinates": [ 138.885033199999953, 35.0536532 ] } },
{ "type": "Feature", "properties": { "内容": "グループホーム　春【認知症対応型共同生活介護】静岡県沼津市岡一色450-1", "url": "https://www.kaigokensaku.mhlw.go.jp/22/index.php?action_kouhyou_detail_004_kani=true&JigyosyoCd=2271100873-00&ServiceCd=320&Type=search", "url2": "http://www.carequality.co.jp" }, "geometry": { "type": "Point", "coordinates": [ 138.876263, 35.1284071 ] } },
{ "type": "Feature", "properties": { "内容": "グループホーム　ほのか【認知症対応型共同生活介護】静岡県沼津市大岡905-6", "url": "https://www.kaigokensaku.mhlw.go.jp/22/index.php?action_kouhyou_detail_004_kani=true&JigyosyoCd=2271101351-00&ServiceCd=320&Type=search", "url2": null }, "geometry": { "type": "Point", "coordinates": [ 138.87430530000006, 35.1104862 ] } },
{ "type": "Feature", "properties": { "内容": "こすもす原【認知症対応型共同生活介護】静岡県沼津市原1528-1", "url": "https://www.kaigokensaku.mhlw.go.jp/22/index.php?action_kouhyou_detail_004_kani=true&JigyosyoCd=2291100085-00&ServiceCd=320&Type=search", "url2": "http://www.cosmos-group.co.jp/care/" }, "geometry": { "type": "Point", "coordinates": [ 138.8019137, 35.1294349 ] } },
{ "type": "Feature", "properties": { "内容": "グループホーム　のどかの家　沼津【認知症対応型共同生活介護】静岡県沼津市大塚1127-3グループホーム　のどかの家沼津", "url": "https://www.kaigokensaku.mhlw.go.jp/22/index.php?action_kouhyou_detail_004_kani=true&JigyosyoCd=2291100101-00&ServiceCd=320&Type=search", "url2": "http://www.nodoca.or.jp/profile.html" }, "geometry": { "type": "Point", "coordinates": [ 138.806254800000033, 35.1268769 ] } },
{ "type": "Feature", "properties": { "内容": "アクタガワ　ハートフルホーム開北【認知症対応型共同生活介護】静岡県沼津市本田町2-52", "url": "https://www.kaigokensaku.mhlw.go.jp/22/index.php?action_kouhyou_detail_004_kani=true&JigyosyoCd=2291100234-00&ServiceCd=320&Type=search", "url2": "https://akutagawa-grouphome.com/facilities/heartfulhome-kaihoku/" }, "geometry": { "type": "Point", "coordinates": [ 138.856520031834378, 35.110972258128839 ] } },
{ "type": "Feature", "properties": { "内容": "沼津ケアセンターそよ風【認知症対応型共同生活介護】沼津市中沢田字中沢３９１－１沼津ケアセンターそよ風", "url": "https://www.kaigokensaku.mhlw.go.jp/22/index.php?action_kouhyou_detail_004_kani=true&JigyosyoCd=2271100824-00&ServiceCd=320&Type=search", "url2": "https://corp.sykz.co.jp" }, "geometry": { "type": "Point", "coordinates": [ 138.855639099999962, 35.123226650587128 ] } },
{ "type": "Feature", "properties": { "内容": "在宅支援センターふれあい　グループホームふれあい岡宮【認知症対応型共同生活介護】静岡県沼津市岡宮598-2", "url": "https://www.kaigokensaku.mhlw.go.jp/22/index.php?action_kouhyou_detail_004_kani=true&JigyosyoCd=2291100127-00&ServiceCd=320&Type=search", "url2": "http://w-being.jp" }, "geometry": { "type": "Point", "coordinates": [ 138.8708216, 35.1288848 ] } },
{ "type": "Feature", "properties": { "内容": "グループホームはづき【認知症対応型共同生活介護】静岡県沼津市東間門下中溝616-1", "url": "https://www.kaigokensaku.mhlw.go.jp/22/index.php?action_kouhyou_detail_004_kani=true&JigyosyoCd=2291100374-00&ServiceCd=320&Type=search", "url2": "https://positive-careworks.jimdo.com" }, "geometry": { "type": "Point", "coordinates": [ 138.847327, 35.103672 ] } },
{ "type": "Feature", "properties": { "内容": "グループホーム手鞠【認知症対応型共同生活介護】沼津市西島町１９番６４号", "url": "https://www.kaigokensaku.mhlw.go.jp/22/index.php?action_kouhyou_detail_004_kani=true&JigyosyoCd=2271100832-00&ServiceCd=320&Type=search", "url2": "http://yuai01.webcrow.jp/" }, "geometry": { "type": "Point", "coordinates": [ 138.864609728197138, 35.084678568848368 ] } },
{ "type": "Feature", "properties": { "内容": "グループホーム岡宮の憩【認知症対応型共同生活介護】静岡県沼津市岡宮字宮久保753－2グループホーム岡宮の憩", "url": "https://www.kaigokensaku.mhlw.go.jp/22/index.php?action_kouhyou_detail_004_kani=true&JigyosyoCd=2291100218-00&ServiceCd=320&Type=search", "url2": "gh-okanomiya@frontiernokaigo.jp" }, "geometry": { "type": "Point", "coordinates": [ 138.866948862704476, 35.124436228503406 ] } },
{ "type": "Feature", "properties": { "内容": "けあビジョンホーム熱海【認知症対応型共同生活介護】静岡県熱海市泉231-36けあビジョンホーム熱海", "url": "https://www.kaigokensaku.mhlw.go.jp/22/index.php?action_kouhyou_detail_004_kani=true&JigyosyoCd=2290500103-00&ServiceCd=320&Type=search", "url2": null }, "geometry": { "type": "Point", "coordinates": [ 139.074243700000011, 35.1436092 ] } },
{ "type": "Feature", "properties": { "内容": "愛の家グループホーム熱海水口【認知症対応型共同生活介護】静岡県熱海市水口町2－3－42", "url": "https://www.kaigokensaku.mhlw.go.jp/22/index.php?action_kouhyou_detail_004_kani=true&JigyosyoCd=2290500087-00&ServiceCd=320&Type=search", "url2": "http://www.mcsg.co.jp" }, "geometry": { "type": "Point", "coordinates": [ 139.067313424189706, 35.093682575045264 ] } },
{ "type": "Feature", "properties": { "内容": "グループホーム　のどかの家　熱海【認知症対応型共同生活介護】静岡県熱海市泉415-169", "url": "https://www.kaigokensaku.mhlw.go.jp/22/index.php?action_kouhyou_detail_004_kani=true&JigyosyoCd=2290500061-00&ServiceCd=320&Type=search", "url2": "http://www.nodoca.or.jp/index.html" }, "geometry": { "type": "Point", "coordinates": [ 139.065198499999951, 35.143318299999983 ] } },
{ "type": "Feature", "properties": { "内容": "グループホーム　すまいる【認知症対応型共同生活介護】熱海市福道町３－３", "url": "https://www.kaigokensaku.mhlw.go.jp/22/index.php?action_kouhyou_detail_004_kani=true&JigyosyoCd=2270500248-00&ServiceCd=320&Type=search", "url2": null }, "geometry": { "type": "Point", "coordinates": [ 139.06721349999998, 35.0984816 ] } },
{ "type": "Feature", "properties": { "内容": "グループホームすまいる青葉【認知症対応型共同生活介護】熱海市青葉町26-37", "url": "https://www.kaigokensaku.mhlw.go.jp/22/index.php?action_kouhyou_detail_004_kani=true&JigyosyoCd=2290500194-00&ServiceCd=320&Type=search", "url2": null }, "geometry": { "type": "Point", "coordinates": [ 139.049516, 35.0867801 ] } },
{ "type": "Feature", "properties": { "内容": "あたみ翔裕館【認知症対応型共同生活介護】静岡県熱海市水口町1-23", "url": "https://www.kaigokensaku.mhlw.go.jp/22/index.php?action_kouhyou_detail_004_kani=true&JigyosyoCd=2290500186-00&ServiceCd=320&Type=search", "url2": "https://sangajapan.jp/product/atami" }, "geometry": { "type": "Point", "coordinates": [ 139.0696761, 35.0964052 ] } },
{ "type": "Feature", "properties": { "内容": "クラシオン熱海【認知症対応型共同生活介護】熱海市下多賀804-2クラシオン熱海", "url": "https://www.kaigokensaku.mhlw.go.jp/22/index.php?action_kouhyou_detail_004_kani=true&JigyosyoCd=2270500321-00&ServiceCd=320&Type=search", "url2": "http://www.izukaigo.com" }, "geometry": { "type": "Point", "coordinates": [ 139.0693549, 35.0460243 ] } },
{ "type": "Feature", "properties": { "内容": "グループホーム　ＡＭＢＩＫ【認知症対応型共同生活介護】熱海市上多賀９６７－２４", "url": "https://www.kaigokensaku.mhlw.go.jp/22/index.php?action_kouhyou_detail_004_kani=true&JigyosyoCd=2270500016-00&ServiceCd=320&Type=search", "url2": null }, "geometry": { "type": "Point", "coordinates": [ 139.075162299999988, 35.0666441 ] } },
{ "type": "Feature", "properties": { "内容": "きたうえファミリー【認知症対応型共同生活介護】三島市徳倉1148-2", "url": "https://www.kaigokensaku.mhlw.go.jp/22/index.php?action_kouhyou_detail_004_kani=true&JigyosyoCd=2270600337-00&ServiceCd=320&Type=search", "url2": "http://www.kitauenosato.or.jp/" }, "geometry": { "type": "Point", "coordinates": [ 138.918753700000025, 35.1496854 ] } },
{ "type": "Feature", "properties": { "内容": "みしまケアセンターそよ風【認知症対応型共同生活介護】静岡県三島市萩196－1", "url": "https://www.kaigokensaku.mhlw.go.jp/22/index.php?action_kouhyou_detail_004_kani=true&JigyosyoCd=2270600352-00&ServiceCd=320&Type=search", "url2": "misima@sykz.co.jp" }, "geometry": { "type": "Point", "coordinates": [ 138.9081233, 35.1475332 ] } },
{ "type": "Feature", "properties": { "内容": "グループホームひかり【認知症対応型共同生活介護】三島市徳倉３－１－５１", "url": "https://www.kaigokensaku.mhlw.go.jp/22/index.php?action_kouhyou_detail_004_kani=true&JigyosyoCd=2270600568-00&ServiceCd=320&Type=search", "url2": null }, "geometry": { "type": "Point", "coordinates": [ 138.917401, 35.1388617 ] } },
{ "type": "Feature", "properties": { "内容": "グループホームふれあい三島二日町【認知症対応型共同生活介護】静岡県三島市南二日町6-21", "url": "https://www.kaigokensaku.mhlw.go.jp/22/index.php?action_kouhyou_detail_004_kani=true&JigyosyoCd=2290600200-00&ServiceCd=320&Type=search", "url2": "http://w-being.jp/" }, "geometry": { "type": "Point", "coordinates": [ 138.9220113, 35.1093165 ] } },
{ "type": "Feature", "properties": { "内容": "きたうえファミリーアネックス【認知症対応型共同生活介護】三島市徳倉1148番地の2", "url": "https://www.kaigokensaku.mhlw.go.jp/22/index.php?action_kouhyou_detail_004_kani=true&JigyosyoCd=2270600576-00&ServiceCd=320&Type=search", "url2": "http://www.kitauenosato.or.jp/" }, "geometry": { "type": "Point", "coordinates": [ 138.918753700000025, 35.1496854 ] } },
{ "type": "Feature", "properties": { "内容": "グループホーム富南の郷里【認知症対応型共同生活介護】静岡県三島市安久６６０番地の１０グループホーム富南の郷里", "url": "https://www.kaigokensaku.mhlw.go.jp/22/index.php?action_kouhyou_detail_004_kani=true&JigyosyoCd=2270600493-00&ServiceCd=320&Type=search", "url2": "www.funan.co.jp" }, "geometry": { "type": "Point", "coordinates": [ 138.934647899999959, 35.0888558 ] } },
{ "type": "Feature", "properties": { "内容": "グループホームみのり【認知症対応型共同生活介護】静岡県三島市南二日町650番地1", "url": "https://www.kaigokensaku.mhlw.go.jp/22/index.php?action_kouhyou_detail_004_kani=true&JigyosyoCd=2270600535-00&ServiceCd=320&Type=search", "url2": null }, "geometry": { "type": "Point", "coordinates": [ 138.9216348, 35.1111143 ] } },
{ "type": "Feature", "properties": { "内容": "グループホーム　かもがわ【認知症対応型共同生活介護】静岡県三島市加茂川町3-32", "url": "https://www.kaigokensaku.mhlw.go.jp/22/index.php?action_kouhyou_detail_004_kani=true&JigyosyoCd=2270600543-00&ServiceCd=320&Type=search", "url2": "http://www.carequality.co.jp/kamogawa.html" }, "geometry": { "type": "Point", "coordinates": [ 138.9225037, 35.1250797 ] } },
{ "type": "Feature", "properties": { "内容": "グループホームみのり天神原【認知症対応型共同生活介護】静岡県三島市加茂川町4032番地の8", "url": "https://www.kaigokensaku.mhlw.go.jp/22/index.php?action_kouhyou_detail_004_kani=true&JigyosyoCd=2290600143-00&ServiceCd=320&Type=search", "url2": "http://www.harvest-life.net/" }, "geometry": { "type": "Point", "coordinates": [ 138.9234314, 35.1257834 ] } },
{ "type": "Feature", "properties": { "内容": "グループホーム千草【認知症対応型共同生活介護】三島市徳倉３丁目6番16号", "url": "https://www.kaigokensaku.mhlw.go.jp/22/index.php?action_kouhyou_detail_004_kani=true&JigyosyoCd=2270600451-00&ServiceCd=320&Type=search", "url2": "https://chigusaelderhouse.wixsite.com/chigusa" }, "geometry": { "type": "Point", "coordinates": [ 138.922836700000062, 35.14519150000001 ] } },
{ "type": "Feature", "properties": { "内容": "ニチイケアセンター平田【認知症対応型共同生活介護】静岡県三島市平田47-2", "url": "https://www.kaigokensaku.mhlw.go.jp/22/index.php?action_kouhyou_detail_004_kani=true&JigyosyoCd=2290600069-00&ServiceCd=320&Type=search", "url2": "http://www.nichiigakkan.co.jp" }, "geometry": { "type": "Point", "coordinates": [ 138.914950399999952, 35.0989382 ] } },
{ "type": "Feature", "properties": { "内容": "グループホーム　いこいの家【認知症対応型共同生活介護】静岡県富士宮市万野原新田　３１６３－１", "url": "https://www.kaigokensaku.mhlw.go.jp/22/index.php?action_kouhyou_detail_004_kani=true&JigyosyoCd=2292100035-00&ServiceCd=320&Type=search", "url2": "http://sansei-kaigo.net/" }, "geometry": { "type": "Point", "coordinates": [ 138.626753471163966, 35.249407680838814 ] } },
{ "type": "Feature", "properties": { "内容": "グループホームいこいの家源道寺【認知症対応型共同生活介護】源道寺町841-1", "url": "https://www.kaigokensaku.mhlw.go.jp/22/index.php?action_kouhyou_detail_004_kani=true&JigyosyoCd=2292100233-00&ServiceCd=320&Type=search", "url2": "http://sansei-kaigo.net/" }, "geometry": { "type": "Point", "coordinates": [ 138.6240292, 35.2138781 ] } },
{ "type": "Feature", "properties": { "内容": "グループホームゆずの家１号館【認知症対応型共同生活介護】静岡県富士宮市大岩４９３－１３", "url": "https://www.kaigokensaku.mhlw.go.jp/22/index.php?action_kouhyou_detail_004_kani=true&JigyosyoCd=2272100161-00&ServiceCd=320&Type=search", "url2": null }, "geometry": { "type": "Point", "coordinates": [ 138.6304556, 35.247692600000015 ] } },
{ "type": "Feature", "properties": { "内容": "グループホームたかはら【認知症対応型共同生活介護】静岡県富士宮市小泉１６２５番地の２５", "url": "https://www.kaigokensaku.mhlw.go.jp/22/index.php?action_kouhyou_detail_004_kani=true&JigyosyoCd=2292100142-00&ServiceCd=320&Type=search", "url2": "http://www.takaharasou.jp" }, "geometry": { "type": "Point", "coordinates": [ 138.634394599999951, 35.227551 ] } },
{ "type": "Feature", "properties": { "内容": "グループホーム　いっしょに暮らそう【認知症対応型共同生活介護】静岡県富士宮市杉田1020-2", "url": "https://www.kaigokensaku.mhlw.go.jp/22/index.php?action_kouhyou_detail_004_kani=true&JigyosyoCd=2272100311-00&ServiceCd=320&Type=search", "url2": null }, "geometry": { "type": "Point", "coordinates": [ 138.649719, 35.2180776 ] } },
{ "type": "Feature", "properties": { "内容": "SOU　グループホーム　わかみや【認知症対応型共同生活介護】静岡県富士宮市小泉２３０２－７", "url": "https://www.kaigokensaku.mhlw.go.jp/22/index.php?action_kouhyou_detail_004_kani=true&JigyosyoCd=2292100076-00&ServiceCd=320&Type=search", "url2": "https://www.sou-seniorcare.co.jp/" }, "geometry": { "type": "Point", "coordinates": [ 138.641680700000052, 35.2138029 ] } },
{ "type": "Feature", "properties": { "内容": "グループホーム百葉二の宮【認知症対応型共同生活介護】富士宮市北町１４－５", "url": "https://www.kaigokensaku.mhlw.go.jp/22/index.php?action_kouhyou_detail_004_kani=true&JigyosyoCd=2272100583-00&ServiceCd=320&Type=search", "url2": null }, "geometry": { "type": "Point", "coordinates": [ 138.6131934, 35.2336802 ] } },
{ "type": "Feature", "properties": { "内容": "グループホームひまわり【認知症対応型共同生活介護】野中１０７６番地の４", "url": "https://www.kaigokensaku.mhlw.go.jp/22/index.php?action_kouhyou_detail_004_kani=true&JigyosyoCd=2292100084-00&ServiceCd=320&Type=search", "url2": null }, "geometry": { "type": "Point", "coordinates": [ 138.604342, 35.2116076 ] } },
{ "type": "Feature", "properties": { "内容": "多機能ホームあった家【認知症対応型共同生活介護】静岡県富士宮市大鹿窪１５１番地１", "url": "https://www.kaigokensaku.mhlw.go.jp/22/index.php?action_kouhyou_detail_004_kani=true&JigyosyoCd=2292200017-00&ServiceCd=320&Type=search", "url2": "http://www.s-koseikai.jp/" }, "geometry": { "type": "Point", "coordinates": [ 138.556351, 35.2536238 ] } },
{ "type": "Feature", "properties": { "内容": "グループホーム心音【認知症対応型共同生活介護】静岡県富士宮市北町15-7", "url": "https://www.kaigokensaku.mhlw.go.jp/22/index.php?action_kouhyou_detail_004_kani=true&JigyosyoCd=2292100365-00&ServiceCd=320&Type=search", "url2": null }, "geometry": { "type": "Point", "coordinates": [ 138.612485200000037, 35.2341579 ] } },
{ "type": "Feature", "properties": { "内容": "グループホームほほえみ【認知症対応型共同生活介護】静岡県富士宮市大中里1164-1", "url": "https://www.kaigokensaku.mhlw.go.jp/22/index.php?action_kouhyou_detail_004_kani=true&JigyosyoCd=2272100377-00&ServiceCd=320&Type=search", "url2": null }, "geometry": { "type": "Point", "coordinates": [ 138.596414900000013, 35.218662 ] } },
{ "type": "Feature", "properties": { "内容": "グループホームいこいの家北山【認知症対応型共同生活介護】静岡県富士宮市北山4777-1", "url": "https://www.kaigokensaku.mhlw.go.jp/22/index.php?action_kouhyou_detail_004_kani=true&JigyosyoCd=2292100159-00&ServiceCd=320&Type=search", "url2": null }, "geometry": { "type": "Point", "coordinates": [ 138.612853800000039, 35.2852514 ] } },
{ "type": "Feature", "properties": { "内容": "愛の家グループホーム富士宮【認知症対応型共同生活介護】富士宮市佐折８４０", "url": "https://www.kaigokensaku.mhlw.go.jp/22/index.php?action_kouhyou_detail_004_kani=true&JigyosyoCd=2292100043-00&ServiceCd=320&Type=search", "url2": "http//www.mcsg.co.jp" }, "geometry": { "type": "Point", "coordinates": [ 138.570820799999979, 35.3125028 ] } },
{ "type": "Feature", "properties": { "内容": "愛の家グループホーム伊東南町【認知症対応型共同生活介護】静岡県伊東市南町1-4-12", "url": "https://www.kaigokensaku.mhlw.go.jp/22/index.php?action_kouhyou_detail_004_kani=true&JigyosyoCd=2290400247-00&ServiceCd=320&Type=search", "url2": "http://www.mcsg.co.jp" }, "geometry": { "type": "Point", "coordinates": [ 139.090711700000043, 34.9569623 ] } },
{ "type": "Feature", "properties": { "内容": "グループホームうさぎ【認知症対応型共同生活介護】静岡県伊東市宇佐美2387番地の1", "url": "https://www.kaigokensaku.mhlw.go.jp/22/index.php?action_kouhyou_detail_004_kani=true&JigyosyoCd=2290400072-00&ServiceCd=320&Type=search", "url2": "http://usagipharmacy.com/kaigo/grouphome/" }, "geometry": { "type": "Point", "coordinates": [ 139.067109423278765, 35.000347255191734 ] } },
{ "type": "Feature", "properties": { "内容": "グループホームうさぎ伊東中央【認知症対応型共同生活介護】静岡県伊東市中央町13番31号", "url": "https://www.kaigokensaku.mhlw.go.jp/22/index.php?action_kouhyou_detail_004_kani=true&JigyosyoCd=2290400155-00&ServiceCd=320&Type=search", "url2": "http://usagiphatmacy.com/" }, "geometry": { "type": "Point", "coordinates": [ 139.093220947885129, 34.970612232680395 ] } },
{ "type": "Feature", "properties": { "内容": "グループホーム　三山ホーム伊東【認知症対応型共同生活介護】静岡県伊東市八幡野１２６１番地１４", "url": "https://www.kaigokensaku.mhlw.go.jp/22/index.php?action_kouhyou_detail_004_kani=true&JigyosyoCd=2270400167-00&ServiceCd=320&Type=search", "url2": null }, "geometry": { "type": "Point", "coordinates": [ 139.104408199999966, 34.8947619 ] } },
{ "type": "Feature", "properties": { "内容": "グループホームすかい【認知症対応型共同生活介護】伊東市八幡野１７５９－８００", "url": "https://www.kaigokensaku.mhlw.go.jp/22/index.php?action_kouhyou_detail_004_kani=true&JigyosyoCd=2270400407-00&ServiceCd=320&Type=search", "url2": "https://home-sukai.com" }, "geometry": { "type": "Point", "coordinates": [ 139.110905399999979, 34.8963405 ] } },
{ "type": "Feature", "properties": { "内容": "クラシオン【認知症対応型共同生活介護】伊東市末広町6-1クラシオン", "url": "https://www.kaigokensaku.mhlw.go.jp/22/index.php?action_kouhyou_detail_004_kani=true&JigyosyoCd=2270400019-00&ServiceCd=320&Type=search", "url2": "http://www.izukaigo.com/" }, "geometry": { "type": "Point", "coordinates": [ 139.090648099999953, 34.9657087 ] } },
{ "type": "Feature", "properties": { "内容": "グループホームわかば【認知症対応型共同生活介護】静岡県伊東市岡1293-3", "url": "https://www.kaigokensaku.mhlw.go.jp/22/index.php?action_kouhyou_detail_004_kani=true&JigyosyoCd=2290400403-00&ServiceCd=320&Type=search", "url2": "https://www.wakaba-kaigo.co.jp/" }, "geometry": { "type": "Point", "coordinates": [ 139.1037402, 34.954509 ] } },
{ "type": "Feature", "properties": { "内容": "グループホーム　伊豆の家【認知症対応型共同生活介護】静岡県伊東市吉田501番地１", "url": "https://www.kaigokensaku.mhlw.go.jp/22/index.php?action_kouhyou_detail_004_kani=true&JigyosyoCd=2270400373-00&ServiceCd=320&Type=search", "url2": "http://www.koureisya.or.jp" }, "geometry": { "type": "Point", "coordinates": [ 139.116579, 34.9340741 ] } },
{ "type": "Feature", "properties": { "内容": "グループホーム伊東【認知症対応型共同生活介護】静岡県伊東市富戸1105-25", "url": "https://www.kaigokensaku.mhlw.go.jp/22/index.php?action_kouhyou_detail_004_kani=true&JigyosyoCd=2290400437-00&ServiceCd=320&Type=search", "url2": "http://www.nambu-y.jp/index.html" }, "geometry": { "type": "Point", "coordinates": [ 139.1227696, 34.9095321 ] } },
{ "type": "Feature", "properties": { "内容": "グループホーム　ケアクオリティおかりや【認知症対応型共同生活介護】静岡県島田市御仮屋町９５３０", "url": "https://www.kaigokensaku.mhlw.go.jp/22/index.php?action_kouhyou_detail_004_kani=true&JigyosyoCd=2295400093-00&ServiceCd=320&Type=search", "url2": "http://www.cq-s.com" }, "geometry": { "type": "Point", "coordinates": [ 138.189745, 34.8358997 ] } },
{ "type": "Feature", "properties": { "内容": "グループホーム　ケアクオリティ初倉【認知症対応型共同生活介護】島田市阪本1444あけぼの館3階", "url": "https://www.kaigokensaku.mhlw.go.jp/22/index.php?action_kouhyou_detail_004_kani=true&JigyosyoCd=2295400028-00&ServiceCd=320&Type=search", "url2": "http://www.cq-s.com/hatsukura.html" }, "geometry": { "type": "Point", "coordinates": [ 138.2199339, 34.8063005 ] } },
{ "type": "Feature", "properties": { "内容": "グループホーム　あすか【認知症対応型共同生活介護】島田市中河町326番地の１", "url": "https://www.kaigokensaku.mhlw.go.jp/22/index.php?action_kouhyou_detail_004_kani=true&JigyosyoCd=2275400196-00&ServiceCd=320&Type=search", "url2": "http://care-net.biz/22/asuka/" }, "geometry": { "type": "Point", "coordinates": [ 138.17735760000005, 34.8395576 ] } },
{ "type": "Feature", "properties": { "内容": "まごころホーム島田【認知症対応型共同生活介護】中溝町580", "url": "https://www.kaigokensaku.mhlw.go.jp/22/index.php?action_kouhyou_detail_004_kani=true&JigyosyoCd=2295400036-00&ServiceCd=320&Type=search", "url2": "http//www.magokorokaigo.com" }, "geometry": { "type": "Point", "coordinates": [ 138.160256900000036, 34.8444319 ] } },
{ "type": "Feature", "properties": { "内容": "グループホームひぎり【認知症対応型共同生活介護】静岡県島田市島８２９番地の２", "url": "https://www.kaigokensaku.mhlw.go.jp/22/index.php?action_kouhyou_detail_004_kani=true&JigyosyoCd=2295400010-00&ServiceCd=320&Type=search", "url2": "http://www.youshoukai.or.jp" }, "geometry": { "type": "Point", "coordinates": [ 138.12282657151826, 34.839259597933939 ] } },
{ "type": "Feature", "properties": { "内容": "アポロン伊太【認知症対応型共同生活介護】島田市伊太２１７０－１", "url": "https://www.kaigokensaku.mhlw.go.jp/22/index.php?action_kouhyou_detail_004_kani=true&JigyosyoCd=2295400044-00&ServiceCd=320&Type=search", "url2": "www.apolon-shizuoka.com" }, "geometry": { "type": "Point", "coordinates": [ 138.1537387, 34.8509893 ] } },
{ "type": "Feature", "properties": { "内容": "グループホーム郷の家【認知症対応型共同生活介護】静岡県島田市東光寺178ｰ5", "url": "https://www.kaigokensaku.mhlw.go.jp/22/index.php?action_kouhyou_detail_004_kani=true&JigyosyoCd=2295700054-00&ServiceCd=320&Type=search", "url2": "https://www.gh-satonoie.jp" }, "geometry": { "type": "Point", "coordinates": [ 138.2040461, 34.8539453 ] } },
{ "type": "Feature", "properties": { "内容": "アクタガワ　ハートフルホーム島田東【認知症対応型共同生活介護】静岡県島田市東町1394", "url": "https://www.kaigokensaku.mhlw.go.jp/22/index.php?action_kouhyou_detail_004_kani=true&JigyosyoCd=2295400242-00&ServiceCd=320&Type=search", "url2": "https://akutagawa-grouphome.com/facilities/heartfulhome-shimadahigashi/" }, "geometry": { "type": "Point", "coordinates": [ 138.2298413, 34.8355998 ] } },
{ "type": "Feature", "properties": { "内容": "グループホーム一期一会のえにし【認知症対応型共同生活介護】静岡県島田市向谷4丁目1008-1", "url": "https://www.kaigokensaku.mhlw.go.jp/22/index.php?action_kouhyou_detail_004_kani=true&JigyosyoCd=2295400085-00&ServiceCd=320&Type=search", "url2": "http://ichigoichie-care.com" }, "geometry": { "type": "Point", "coordinates": [ 138.151620033451877, 34.842485822468795 ] } },
{ "type": "Feature", "properties": { "内容": "あったか広場一会【認知症対応型共同生活介護】静岡県島田市東町１１１６", "url": "https://www.kaigokensaku.mhlw.go.jp/22/index.php?action_kouhyou_detail_004_kani=true&JigyosyoCd=2295400143-00&ServiceCd=320&Type=search", "url2": "http://web.thn.jp/attakahiroba" }, "geometry": { "type": "Point", "coordinates": [ 138.2271652573165, 34.835598157712809 ] } },
{ "type": "Feature", "properties": { "内容": "グループホーム汽笛【認知症対応型共同生活介護】静岡県島田市川根町家山３８２－１", "url": "https://www.kaigokensaku.mhlw.go.jp/22/index.php?action_kouhyou_detail_004_kani=true&JigyosyoCd=2295400101-00&ServiceCd=320&Type=search", "url2": "http://www.kawanechikara.jp" }, "geometry": { "type": "Point", "coordinates": [ 138.076785299999983, 34.9407591 ] } },
{ "type": "Feature", "properties": { "内容": "グループホームあかり【認知症対応型共同生活介護】静岡県島田市宮川町2349-6", "url": "https://www.kaigokensaku.mhlw.go.jp/22/index.php?action_kouhyou_detail_004_kani=true&JigyosyoCd=2295400077-00&ServiceCd=320&Type=search", "url2": "http://akari-shimada.com/" }, "geometry": { "type": "Point", "coordinates": [ 138.169030799999973, 34.8357442 ] } },
{ "type": "Feature", "properties": { "内容": "ミモザ島田神座【認知症対応型共同生活介護】静岡県島田市神座2564番125", "url": "https://www.kaigokensaku.mhlw.go.jp/22/index.php?action_kouhyou_detail_004_kani=true&JigyosyoCd=2295400234-00&ServiceCd=320&Type=search", "url2": "https://www.mimoza-care.jp/" }, "geometry": { "type": "Point", "coordinates": [ 138.1232454, 34.8634238 ] } },
{ "type": "Feature", "properties": { "内容": "ひなのグループホーム【認知症対応型共同生活介護】静岡県富士市比奈993－1", "url": "https://www.kaigokensaku.mhlw.go.jp/22/index.php?action_kouhyou_detail_004_kani=true&JigyosyoCd=2292300395-00&ServiceCd=320&Type=search", "url2": null }, "geometry": { "type": "Point", "coordinates": [ 138.714992253767377, 35.165408512242955 ] } },
{ "type": "Feature", "properties": { "内容": "いづみのグループホーム【認知症対応型共同生活介護】静岡県富士市今泉1-11-21", "url": "https://www.kaigokensaku.mhlw.go.jp/22/index.php?action_kouhyou_detail_004_kani=true&JigyosyoCd=2292300593-00&ServiceCd=320&Type=search", "url2": null }, "geometry": { "type": "Point", "coordinates": [ 138.690716610450778, 35.16395798215872 ] } },
{ "type": "Feature", "properties": { "内容": "松岡グループホーム【認知症対応型共同生活介護】富士市松岡１２３１―１", "url": "https://www.kaigokensaku.mhlw.go.jp/22/index.php?action_kouhyou_detail_004_kani=true&JigyosyoCd=2292300114-00&ServiceCd=320&Type=search", "url2": null }, "geometry": { "type": "Point", "coordinates": [ 138.640161700000021, 35.1539461 ] } },
{ "type": "Feature", "properties": { "内容": "グループホーム２人３脚【認知症対応型共同生活介護】富士市境499-1", "url": "https://www.kaigokensaku.mhlw.go.jp/22/index.php?action_kouhyou_detail_004_kani=true&JigyosyoCd=2292300056-00&ServiceCd=320&Type=search", "url2": "http://care-net.biz/22/ni2n3kyaku/" }, "geometry": { "type": "Point", "coordinates": [ 138.764453164418029, 35.154492842116738 ] } },
{ "type": "Feature", "properties": { "内容": "多機能ホーム橙【認知症対応型共同生活介護】富士市中丸３９０－１", "url": "https://www.kaigokensaku.mhlw.go.jp/22/index.php?action_kouhyou_detail_004_kani=true&JigyosyoCd=2292300296-00&ServiceCd=320&Type=search", "url2": "http://koyama-gr.com/htm/facilities/central_koseikai/index.html" }, "geometry": { "type": "Point", "coordinates": [ 138.668951200000038, 35.1377568 ] } },
{ "type": "Feature", "properties": { "内容": "多機能ホーム　萌木【認知症対応型共同生活介護】静岡県富士市石坂７８－３", "url": "https://www.kaigokensaku.mhlw.go.jp/22/index.php?action_kouhyou_detail_004_kani=true&JigyosyoCd=2292300338-00&ServiceCd=320&Type=search", "url2": "http://www.s-koseikai.jp/" }, "geometry": { "type": "Point", "coordinates": [ 138.6819054, 35.1757578 ] } },
{ "type": "Feature", "properties": { "内容": "グループホームきらら富士【認知症対応型共同生活介護】富士市一色２５８－４７", "url": "https://www.kaigokensaku.mhlw.go.jp/22/index.php?action_kouhyou_detail_004_kani=true&JigyosyoCd=2292300122-00&ServiceCd=320&Type=search", "url2": "http://www.kouseikai.net/#fuji" }, "geometry": { "type": "Point", "coordinates": [ 138.695098, 35.1904757 ] } },
{ "type": "Feature", "properties": { "内容": "グループホームたみの里－日乃出町【認知症対応型共同生活介護】静岡県富士市日乃出町８１", "url": "https://www.kaigokensaku.mhlw.go.jp/22/index.php?action_kouhyou_detail_004_kani=true&JigyosyoCd=2272300969-00&ServiceCd=320&Type=search", "url2": "http://www.npo-sincere.org/" }, "geometry": { "type": "Point", "coordinates": [ 138.666504199999963, 35.1663701 ] } },
{ "type": "Feature", "properties": { "内容": "小規模多機能型ホーム富士の里【認知症対応型共同生活介護】静岡県富士市天間1627番地1小規模多機能型ホーム富士の里", "url": "https://www.kaigokensaku.mhlw.go.jp/22/index.php?action_kouhyou_detail_004_kani=true&JigyosyoCd=2292300320-00&ServiceCd=320&Type=search", "url2": "http://carehouse-fujinosato.com/" }, "geometry": { "type": "Point", "coordinates": [ 138.646305699999971, 35.2033348 ] } },
{ "type": "Feature", "properties": { "内容": "グループホーム　花ごろも【認知症対応型共同生活介護】岩本232-2", "url": "https://www.kaigokensaku.mhlw.go.jp/22/index.php?action_kouhyou_detail_004_kani=true&JigyosyoCd=2292300189-00&ServiceCd=320&Type=search", "url2": null }, "geometry": { "type": "Point", "coordinates": [ 138.640922700000033, 35.1771989 ] } },
{ "type": "Feature", "properties": { "内容": "医療法人財団湖聖会　グループホーム花咲み【認知症対応型共同生活介護】富士市宇東川西町8番41号", "url": "https://www.kaigokensaku.mhlw.go.jp/22/index.php?action_kouhyou_detail_004_kani=true&JigyosyoCd=2292300502-00&ServiceCd=320&Type=search", "url2": "http://momohanokai.jp/top.html" }, "geometry": { "type": "Point", "coordinates": [ 138.701427863893059, 35.169510238373896 ] } },
{ "type": "Feature", "properties": { "内容": "グループホームあいの街富士川【認知症対応型共同生活介護】富士市岩淵１３１－１", "url": "https://www.kaigokensaku.mhlw.go.jp/22/index.php?action_kouhyou_detail_004_kani=true&JigyosyoCd=2292300205-00&ServiceCd=320&Type=search", "url2": "http://www.aicare.co.jp" }, "geometry": { "type": "Point", "coordinates": [ 138.61757979999993, 35.1491765 ] } },
{ "type": "Feature", "properties": { "内容": "グループホーム　イー・ケア中里【認知症対応型共同生活介護】静岡県富士市中里１７２－７", "url": "https://www.kaigokensaku.mhlw.go.jp/22/index.php?action_kouhyou_detail_004_kani=true&JigyosyoCd=2292300288-00&ServiceCd=320&Type=search", "url2": "http://ecare001.blogspot.jp/" }, "geometry": { "type": "Point", "coordinates": [ 138.732059242327864, 35.16441814741394 ] } },
{ "type": "Feature", "properties": { "内容": "アクタガワ　ハートフルホーム厚原【認知症対応型共同生活介護】静岡県富士市厚原179-1", "url": "https://www.kaigokensaku.mhlw.go.jp/22/index.php?action_kouhyou_detail_004_kani=true&JigyosyoCd=2292300445-00&ServiceCd=320&Type=search", "url2": "https://akutagawa-grouphome.com/facilities/heartfulhome-atsuhara/" }, "geometry": { "type": "Point", "coordinates": [ 138.651515268717134, 35.182071622382871 ] } },
{ "type": "Feature", "properties": { "内容": "アクタガワ　ハートフルホーム加島【認知症対応型共同生活介護】静岡県富士市加島町８－１６", "url": "https://www.kaigokensaku.mhlw.go.jp/22/index.php?action_kouhyou_detail_004_kani=true&JigyosyoCd=2292300676-00&ServiceCd=320&Type=search", "url2": "https://akutagawa-grouphome.com/facilities/heartfulhome-kajima/" }, "geometry": { "type": "Point", "coordinates": [ 138.649005200000033, 35.1595882 ] } },
{ "type": "Feature", "properties": { "内容": "ウェルビーイングふれあい厚原【認知症対応型共同生活介護】静岡県富士市厚原1193番地の6", "url": "https://www.kaigokensaku.mhlw.go.jp/22/index.php?action_kouhyou_detail_004_kani=true&JigyosyoCd=2292300759-00&ServiceCd=320&Type=search", "url2": "info＠ｗ-being.jp" }, "geometry": { "type": "Point", "coordinates": [ 138.6614478, 35.1922333 ] } },
{ "type": "Feature", "properties": { "内容": "グループホーム　ももの花【認知症対応型共同生活介護】三ツ沢427-1", "url": "https://www.kaigokensaku.mhlw.go.jp/22/index.php?action_kouhyou_detail_004_kani=true&JigyosyoCd=2292300247-00&ServiceCd=320&Type=search", "url2": "https://nakane-clinic.jp" }, "geometry": { "type": "Point", "coordinates": [ 138.7061718, 35.1867459 ] } },
{ "type": "Feature", "properties": { "内容": "グループホームかりんの花【認知症対応型共同生活介護】富士市松本１３４－１", "url": "https://www.kaigokensaku.mhlw.go.jp/22/index.php?action_kouhyou_detail_004_kani=true&JigyosyoCd=2292300379-00&ServiceCd=320&Type=search", "url2": "https://nakane-clinic.jp" }, "geometry": { "type": "Point", "coordinates": [ 138.648329975115985, 35.170133627330713 ] } },
{ "type": "Feature", "properties": { "内容": "企業組合つどい　グループホームゆかり【認知症対応型共同生活介護】静岡県富士市今宮544-1グループホームゆかり", "url": "https://www.kaigokensaku.mhlw.go.jp/22/index.php?action_kouhyou_detail_004_kani=true&JigyosyoCd=2292300270-00&ServiceCd=320&Type=search", "url2": "http://www.fuji-yukari.com/" }, "geometry": { "type": "Point", "coordinates": [ 138.719764199999986, 35.1999948 ] } },
{ "type": "Feature", "properties": { "内容": "有限会社　吉原介護センター【認知症対応型共同生活介護】伝法657-1", "url": "https://www.kaigokensaku.mhlw.go.jp/22/index.php?action_kouhyou_detail_004_kani=true&JigyosyoCd=2272301066-00&ServiceCd=320&Type=search", "url2": "http://yoshiwara-kaigo.jp" }, "geometry": { "type": "Point", "coordinates": [ 138.670278599999961, 35.1858677 ] } },
{ "type": "Feature", "properties": { "内容": "グループホームおとなりさん【認知症対応型共同生活介護】静岡県富士市五貫島１６０番地１", "url": "https://www.kaigokensaku.mhlw.go.jp/22/index.php?action_kouhyou_detail_004_kani=true&JigyosyoCd=2272300571-00&ServiceCd=320&Type=search", "url2": "https://www.momohanokai.jp/group/otonarisan.html" }, "geometry": { "type": "Point", "coordinates": [ 138.652172, 35.1338126 ] } },
{ "type": "Feature", "properties": { "内容": "ニチイケアセンター富士水戸島　グループホームニチイのほほえみ【認知症対応型共同生活介護】靜岡県富士市水戸島343－4", "url": "https://www.kaigokensaku.mhlw.go.jp/22/index.php?action_kouhyou_detail_004_kani=true&JigyosyoCd=2292300163-00&ServiceCd=320&Type=search", "url2": "http://www.nichiigakkan.co.jp" }, "geometry": { "type": "Point", "coordinates": [ 138.645544699999959, 35.145139 ] } },
{ "type": "Feature", "properties": { "内容": "グループホーム　ぱれっと【認知症対応型共同生活介護】静岡県富士市五貫島61番2", "url": "https://www.kaigokensaku.mhlw.go.jp/22/index.php?action_kouhyou_detail_004_kani=true&JigyosyoCd=2292300569-00&ServiceCd=320&Type=search", "url2": null }, "geometry": { "type": "Point", "coordinates": [ 138.649097200000028, 35.1351208 ] } },
{ "type": "Feature", "properties": { "内容": "グループホーム　みなみ風【認知症対応型共同生活介護】富士市伝法１７７３－１", "url": "https://www.kaigokensaku.mhlw.go.jp/22/index.php?action_kouhyou_detail_004_kani=true&JigyosyoCd=2272300861-00&ServiceCd=320&Type=search", "url2": null }, "geometry": { "type": "Point", "coordinates": [ 138.672831299999984, 35.1777965 ] } },
{ "type": "Feature", "properties": { "内容": "医療法人社団道仁会グループホームひので【認知症対応型共同生活介護】静岡県富士市日乃出町１６５－３", "url": "https://www.kaigokensaku.mhlw.go.jp/22/index.php?action_kouhyou_detail_004_kani=true&JigyosyoCd=2272300506-00&ServiceCd=320&Type=search", "url2": "http://www13.plala.or/ghhinode/" }, "geometry": { "type": "Point", "coordinates": [ 138.667923500000029, 35.1635454 ] } },
{ "type": "Feature", "properties": { "内容": "グループホーム風【認知症対応型共同生活介護】静岡県富士市神戸738-6", "url": "https://www.kaigokensaku.mhlw.go.jp/22/index.php?action_kouhyou_detail_004_kani=true&JigyosyoCd=2292300072-00&ServiceCd=320&Type=search", "url2": "https://www.adamo-fuji.com" }, "geometry": { "type": "Point", "coordinates": [ 138.718253600000025, 35.1901792 ] } },
{ "type": "Feature", "properties": { "内容": "グループホームオアシス中之郷【認知症対応型共同生活介護】富士市中之郷３１５２－１", "url": "https://www.kaigokensaku.mhlw.go.jp/22/index.php?action_kouhyou_detail_004_kani=true&JigyosyoCd=2293100026-00&ServiceCd=320&Type=search", "url2": "oasis-shizuoka.com/company/" }, "geometry": { "type": "Point", "coordinates": [ 138.612185899999986, 35.1380139 ] } },
{ "type": "Feature", "properties": { "内容": "グループホーム快明堂【認知症対応型共同生活介護】富士市中央町1-10-12", "url": "https://www.kaigokensaku.mhlw.go.jp/22/index.php?action_kouhyou_detail_004_kani=true&JigyosyoCd=2292300049-00&ServiceCd=320&Type=search", "url2": "https://yahiro-hd.com/kaimeido/" }, "geometry": { "type": "Point", "coordinates": [ 138.683888700000011, 35.1599903 ] } },
{ "type": "Feature", "properties": { "内容": "グループホーム　わたしの家【認知症対応型共同生活介護】富士市大淵352-2", "url": "https://www.kaigokensaku.mhlw.go.jp/22/index.php?action_kouhyou_detail_004_kani=true&JigyosyoCd=2272300738-00&ServiceCd=320&Type=search", "url2": null }, "geometry": { "type": "Point", "coordinates": [ 138.695861599999944, 35.1961667 ] } },
{ "type": "Feature", "properties": { "内容": "グループホームまほろば【認知症対応型共同生活介護】静岡県富士市天間955番34", "url": "https://www.kaigokensaku.mhlw.go.jp/22/index.php?action_kouhyou_detail_004_kani=true&JigyosyoCd=2292300023-00&ServiceCd=320&Type=search", "url2": null }, "geometry": { "type": "Point", "coordinates": [ 138.641530800000027, 35.2097034 ] } },
{ "type": "Feature", "properties": { "内容": "富士南グループホーム【認知症対応型共同生活介護】富士市　鮫島４３６－1", "url": "https://www.kaigokensaku.mhlw.go.jp/22/index.php?action_kouhyou_detail_004_kani=true&JigyosyoCd=2292300221-00&ServiceCd=320&Type=search", "url2": null }, "geometry": { "type": "Point", "coordinates": [ 138.678186500000038, 35.135621 ] } },
{ "type": "Feature", "properties": { "内容": "グループホーム今日香【認知症対応型共同生活介護】磐田市上野部1519-5", "url": "https://www.kaigokensaku.mhlw.go.jp/22/index.php?action_kouhyou_detail_004_kani=true&JigyosyoCd=2296900166-00&ServiceCd=320&Type=search", "url2": "https://eirplass.co.jp/facility/1081/" }, "geometry": { "type": "Point", "coordinates": [ 137.8337354, 34.8384376 ] } },
{ "type": "Feature", "properties": { "内容": "グループホームこもれび【認知症対応型共同生活介護】静岡県磐田市二之宮東２１－４多機能ホーム二之宮", "url": "https://www.kaigokensaku.mhlw.go.jp/22/index.php?action_kouhyou_detail_004_kani=true&JigyosyoCd=2296900083-00&ServiceCd=320&Type=search", "url2": "http://takinou-ninomiya.jp/" }, "geometry": { "type": "Point", "coordinates": [ 137.8578324, 34.7116408 ] } },
{ "type": "Feature", "properties": { "内容": "グループホーム　福田はまぼうの家【認知症対応型共同生活介護】静岡県磐田市福田中島７２６番地", "url": "https://www.kaigokensaku.mhlw.go.jp/22/index.php?action_kouhyou_detail_004_kani=true&JigyosyoCd=2276600372-00&ServiceCd=320&Type=search", "url2": null }, "geometry": { "type": "Point", "coordinates": [ 137.875329599999986, 34.6807614 ] } },
{ "type": "Feature", "properties": { "内容": "グループホーム苦楽舎【認知症対応型共同生活介護】静岡県磐田市匂坂上234-1", "url": "https://www.kaigokensaku.mhlw.go.jp/22/index.php?action_kouhyou_detail_004_kani=true&JigyosyoCd=2276700222-00&ServiceCd=320&Type=search", "url2": null }, "geometry": { "type": "Point", "coordinates": [ 137.832707300000038, 34.7695296 ] } },
{ "type": "Feature", "properties": { "内容": "グループホーム　笑円【認知症対応型共同生活介護】静岡県磐田市富丘134", "url": "https://www.kaigokensaku.mhlw.go.jp/22/index.php?action_kouhyou_detail_004_kani=true&JigyosyoCd=2296900067-00&ServiceCd=320&Type=search", "url2": null }, "geometry": { "type": "Point", "coordinates": [ 137.842082657502715, 34.741209343319042 ] } },
{ "type": "Feature", "properties": { "内容": "グループホームつどい【認知症対応型共同生活介護】静岡県磐田市一色２５番地１グループホームつどい", "url": "https://www.kaigokensaku.mhlw.go.jp/22/index.php?action_kouhyou_detail_004_kani=true&JigyosyoCd=2296900075-00&ServiceCd=320&Type=search", "url2": "http://kinokinenkai.com.gh-tsudoi" }, "geometry": { "type": "Point", "coordinates": [ 137.857306599999987, 34.6751593 ] } },
{ "type": "Feature", "properties": { "内容": "グループホーム磐田富丘の家【認知症対応型共同生活介護】静岡県磐田市富丘675番地1グループホーム磐田富丘の家", "url": "https://www.kaigokensaku.mhlw.go.jp/22/index.php?action_kouhyou_detail_004_kani=true&JigyosyoCd=2296900182-00&ServiceCd=320&Type=search", "url2": null }, "geometry": { "type": "Point", "coordinates": [ 137.844059091818252, 34.731790714207833 ] } },
{ "type": "Feature", "properties": { "内容": "グループホーム　竜洋の家【認知症対応型共同生活介護】静岡県磐田市掛塚１７７８番地の１", "url": "https://www.kaigokensaku.mhlw.go.jp/22/index.php?action_kouhyou_detail_004_kani=true&JigyosyoCd=2276600381-00&ServiceCd=320&Type=search", "url2": "http://www.kaigo.or.jp" }, "geometry": { "type": "Point", "coordinates": [ 137.797892100000013, 34.6636774 ] } },
{ "type": "Feature", "properties": { "内容": "グループホーム和らぎの家【認知症対応型共同生活介護】磐田市大久保508-24", "url": "https://www.kaigokensaku.mhlw.go.jp/22/index.php?action_kouhyou_detail_004_kani=true&JigyosyoCd=2256780012-00&ServiceCd=320&Type=search", "url2": "toyugokokai.com" }, "geometry": { "type": "Point", "coordinates": [ 137.857589100000041, 34.7671112 ] } },
{ "type": "Feature", "properties": { "内容": "グループホーム　磐田かつらぎの家【認知症対応型共同生活介護】静岡県磐田市岩井2070番地の９", "url": "https://www.kaigokensaku.mhlw.go.jp/22/index.php?action_kouhyou_detail_004_kani=true&JigyosyoCd=2276700214-00&ServiceCd=320&Type=search", "url2": null }, "geometry": { "type": "Point", "coordinates": [ 137.875979162565642, 34.735098742266885 ] } },
{ "type": "Feature", "properties": { "内容": "グループホーム桜寿【認知症対応型共同生活介護】静岡県磐田市池田391-1", "url": "https://www.kaigokensaku.mhlw.go.jp/22/index.php?action_kouhyou_detail_004_kani=true&JigyosyoCd=2276600323-00&ServiceCd=320&Type=search", "url2": "http//iwata-nl.com" }, "geometry": { "type": "Point", "coordinates": [ 137.816710720515374, 34.736358964128314 ] } },
{ "type": "Feature", "properties": { "内容": "グループホーム　豊田長藤の家【認知症対応型共同生活介護】静岡県磐田市上新屋４８３の１", "url": "https://www.kaigokensaku.mhlw.go.jp/22/index.php?action_kouhyou_detail_004_kani=true&JigyosyoCd=2276600406-00&ServiceCd=320&Type=search", "url2": null }, "geometry": { "type": "Point", "coordinates": [ 137.822384899999946, 34.7341835 ] } },
{ "type": "Feature", "properties": { "内容": "グループホーム香寿【認知症対応型共同生活介護】静岡県磐田市平間１２５９－１", "url": "https://www.kaigokensaku.mhlw.go.jp/22/index.php?action_kouhyou_detail_004_kani=true&JigyosyoCd=2276600349-00&ServiceCd=320&Type=search", "url2": "http//iwata-nl.com" }, "geometry": { "type": "Point", "coordinates": [ 137.8144651, 34.6852811 ] } },
{ "type": "Feature", "properties": { "内容": "グループホーム福田の家【認知症対応型共同生活介護】静岡県磐田市東小島２６０", "url": "https://www.kaigokensaku.mhlw.go.jp/22/index.php?action_kouhyou_detail_004_kani=true&JigyosyoCd=2276600398-00&ServiceCd=320&Type=search", "url2": null }, "geometry": { "type": "Point", "coordinates": [ 137.8895976, 34.683736 ] } },
{ "type": "Feature", "properties": { "内容": "グループホーム旬彩【認知症対応型共同生活介護】静岡県磐田市今之浦１－１－１３", "url": "https://www.kaigokensaku.mhlw.go.jp/22/index.php?action_kouhyou_detail_004_kani=true&JigyosyoCd=2276700172-00&ServiceCd=320&Type=search", "url2": "https://www.syunsaitei.co.jp/group-home.php" }, "geometry": { "type": "Point", "coordinates": [ 137.865778699999964, 34.7144654 ] } },
{ "type": "Feature", "properties": { "内容": "サンシティとよだ【認知症対応型共同生活介護】磐田市豊田35番地", "url": "https://www.kaigokensaku.mhlw.go.jp/22/index.php?action_kouhyou_detail_004_kani=true&JigyosyoCd=2276600414-00&ServiceCd=320&Type=search", "url2": "http://www.yhkikaku.jp/" }, "geometry": { "type": "Point", "coordinates": [ 137.834933299999989, 34.7454048 ] } },
{ "type": "Feature", "properties": { "内容": "グループホーム実夢大覚寺【認知症対応型共同生活介護】静岡県焼津市大覚寺2丁目19番地の３", "url": "https://www.kaigokensaku.mhlw.go.jp/22/index.php?action_kouhyou_detail_004_kani=true&JigyosyoCd=2275100441-00&ServiceCd=320&Type=search", "url2": null }, "geometry": { "type": "Point", "coordinates": [ 138.295684899999969, 34.8750137 ] } },
{ "type": "Feature", "properties": { "内容": "グループホーム　シェリー【認知症対応型共同生活介護】焼津市上新田856－1", "url": "https://www.kaigokensaku.mhlw.go.jp/22/index.php?action_kouhyou_detail_004_kani=true&JigyosyoCd=2295100131-00&ServiceCd=320&Type=search", "url2": "http://www.cq-s.com/shery.html" }, "geometry": { "type": "Point", "coordinates": [ 138.2740576, 34.8149711 ] } },
{ "type": "Feature", "properties": { "内容": "グループホーム　つばさ【認知症対応型共同生活介護】焼津市田尻北790", "url": "https://www.kaigokensaku.mhlw.go.jp/22/index.php?action_kouhyou_detail_004_kani=true&JigyosyoCd=2295100164-00&ServiceCd=320&Type=search", "url2": "http://www.tubasa.or.jp/" }, "geometry": { "type": "Point", "coordinates": [ 138.330624899999947, 34.8345522 ] } },
{ "type": "Feature", "properties": { "内容": "スマイル住まいる小川【認知症対応型共同生活介護】静岡県焼津市南小川1－10－17", "url": "https://www.kaigokensaku.mhlw.go.jp/22/index.php?action_kouhyou_detail_004_kani=true&JigyosyoCd=2295100271-00&ServiceCd=320&Type=search", "url2": "https://smile-kaigo.net" }, "geometry": { "type": "Point", "coordinates": [ 138.31097987032291, 34.848326037200877 ] } },
{ "type": "Feature", "properties": { "内容": "グループホームあいの街焼津【認知症対応型共同生活介護】静岡県焼津市石津１丁目１０番地１１", "url": "https://www.kaigokensaku.mhlw.go.jp/22/index.php?action_kouhyou_detail_004_kani=true&JigyosyoCd=2295100099-00&ServiceCd=320&Type=search", "url2": null }, "geometry": { "type": "Point", "coordinates": [ 138.3120937, 34.842154 ] } },
{ "type": "Feature", "properties": { "内容": "スマイル住まいる与惣次【認知症対応型共同生活介護】静岡県焼津市与惣次1丁目21番地8", "url": "https://www.kaigokensaku.mhlw.go.jp/22/index.php?action_kouhyou_detail_004_kani=true&JigyosyoCd=2295100305-00&ServiceCd=320&Type=search", "url2": "https://smile-kaigo.net/publics/index/419/" }, "geometry": { "type": "Point", "coordinates": [ 138.307796599999989, 34.8458048 ] } },
{ "type": "Feature", "properties": { "内容": "グループホーム　かつを【認知症対応型共同生活介護】静岡県　焼津市　中根１８１", "url": "https://www.kaigokensaku.mhlw.go.jp/22/index.php?action_kouhyou_detail_004_kani=true&JigyosyoCd=2295100032-00&ServiceCd=320&Type=search", "url2": "tasuku,h,m@ocean,tnc,ne,jp" }, "geometry": { "type": "Point", "coordinates": [ 138.2976625, 34.8450484 ] } },
{ "type": "Feature", "properties": { "内容": "グループホームごんべえ【認知症対応型共同生活介護】静岡県焼津市塩津135-1", "url": "https://www.kaigokensaku.mhlw.go.jp/22/index.php?action_kouhyou_detail_004_kani=true&JigyosyoCd=2295100172-00&ServiceCd=320&Type=search", "url2": "gonbee.co.jp" }, "geometry": { "type": "Point", "coordinates": [ 138.309988400000066, 34.8666731 ] } },
{ "type": "Feature", "properties": { "内容": "グループホームすきっぷ【認知症対応型共同生活介護】静岡県焼津市保福島1251", "url": "https://www.kaigokensaku.mhlw.go.jp/22/index.php?action_kouhyou_detail_004_kani=true&JigyosyoCd=2275100382-00&ServiceCd=320&Type=search", "url2": "http://www3.tokai.or.jp/skip" }, "geometry": { "type": "Point", "coordinates": [ 138.288033300000052, 34.8708503 ] } },
{ "type": "Feature", "properties": { "内容": "グループホーム長者の森【認知症対応型共同生活介護】静岡県焼津市三ヶ名558－4", "url": "https://www.kaigokensaku.mhlw.go.jp/22/index.php?action_kouhyou_detail_004_kani=true&JigyosyoCd=2275100499-00&ServiceCd=320&Type=search", "url2": "http://www.choujanomori.com" }, "geometry": { "type": "Point", "coordinates": [ 138.302339599999982, 34.8586353 ] } },
{ "type": "Feature", "properties": { "内容": "コンフォートウェル焼津【認知症対応型共同生活介護】静岡県焼津市西小川2-9-1", "url": "https://www.kaigokensaku.mhlw.go.jp/22/index.php?action_kouhyou_detail_004_kani=true&JigyosyoCd=2295100214-00&ServiceCd=320&Type=search", "url2": null }, "geometry": { "type": "Point", "coordinates": [ 138.308018353967299, 34.860718982604922 ] } },
{ "type": "Feature", "properties": { "内容": "グループホームたんぽぽ【認知症対応型共同生活介護】焼津市下小田上町6-12", "url": "https://www.kaigokensaku.mhlw.go.jp/22/index.php?action_kouhyou_detail_004_kani=true&JigyosyoCd=2275100176-00&ServiceCd=320&Type=search", "url2": "http://tanpopo-6.jimdosite.com/" }, "geometry": { "type": "Point", "coordinates": [ 138.315382099999965, 34.838696 ] } },
{ "type": "Feature", "properties": { "内容": "グループホーム　ケアクオリティ和みの詩【認知症対応型共同生活介護】掛川市上張48番地の7", "url": "https://www.kaigokensaku.mhlw.go.jp/22/index.php?action_kouhyou_detail_004_kani=true&JigyosyoCd=2297400059-00&ServiceCd=320&Type=search", "url2": "http://www.cq-s.com" }, "geometry": { "type": "Point", "coordinates": [ 138.03048739999997, 34.7667506 ] } },
{ "type": "Feature", "properties": { "内容": "グループホーム常葉の家【認知症対応型共同生活介護】静岡県掛川市大坂398番地の1", "url": "https://www.kaigokensaku.mhlw.go.jp/22/index.php?action_kouhyou_detail_004_kani=true&JigyosyoCd=2276100332-00&ServiceCd=320&Type=search", "url2": "http://www.kaigo.or.jp/" }, "geometry": { "type": "Point", "coordinates": [ 138.0489523, 34.671694 ] } },
{ "type": "Feature", "properties": { "内容": "グループホームあいの街家代【認知症対応型共同生活介護】静岡県掛川市家代の里2丁目１３－１０", "url": "https://www.kaigokensaku.mhlw.go.jp/22/index.php?action_kouhyou_detail_004_kani=true&JigyosyoCd=2297400034-00&ServiceCd=320&Type=search", "url2": null }, "geometry": { "type": "Point", "coordinates": [ 137.976382899999976, 34.7903002 ] } },
{ "type": "Feature", "properties": { "内容": "グループホーム　野楽里【認知症対応型共同生活介護】静岡県掛川市大渕１２６８０－１", "url": "https://www.kaigokensaku.mhlw.go.jp/22/index.php?action_kouhyou_detail_004_kani=true&JigyosyoCd=2297400091-00&ServiceCd=320&Type=search", "url2": "http://www.oosukaen.or.jp" }, "geometry": { "type": "Point", "coordinates": [ 138.018083, 34.672408 ] } },
{ "type": "Feature", "properties": { "内容": "グループホーム　水垂の里【認知症対応型共同生活介護】水垂１２６－１", "url": "https://www.kaigokensaku.mhlw.go.jp/22/index.php?action_kouhyou_detail_004_kani=true&JigyosyoCd=2297400042-00&ServiceCd=320&Type=search", "url2": "http://brainsystem.jp" }, "geometry": { "type": "Point", "coordinates": [ 138.020704635582007, 34.782640911830633 ] } },
{ "type": "Feature", "properties": { "内容": "グループホーム稔りの安らぎ【認知症対応型共同生活介護】静岡県掛川市西大渕6803-2", "url": "https://www.kaigokensaku.mhlw.go.jp/22/index.php?action_kouhyou_detail_004_kani=true&JigyosyoCd=2276100399-00&ServiceCd=320&Type=search", "url2": null }, "geometry": { "type": "Point", "coordinates": [ 137.9778546, 34.6751888 ] } },
{ "type": "Feature", "properties": { "内容": "グループホームサンシテイ掛川【認知症対応型共同生活介護】掛川市杉谷南1丁目15番地の１３", "url": "https://www.kaigokensaku.mhlw.go.jp/22/index.php?action_kouhyou_detail_004_kani=true&JigyosyoCd=2276200207-00&ServiceCd=320&Type=search", "url2": null }, "geometry": { "type": "Point", "coordinates": [ 138.026837326983696, 34.76279430282171 ] } },
{ "type": "Feature", "properties": { "内容": "愛の家グループホーム藤枝高柳【認知症対応型共同生活介護】静岡県藤枝市高柳1丁目4-15愛の家グループホーム藤枝高柳", "url": "https://www.kaigokensaku.mhlw.go.jp/22/index.php?action_kouhyou_detail_004_kani=true&JigyosyoCd=2295300210-00&ServiceCd=320&Type=search", "url2": "http://www.mcsg.co.jp" }, "geometry": { "type": "Point", "coordinates": [ 138.263808199999971, 34.8520218 ] } },
{ "type": "Feature", "properties": { "内容": "ニチイケアセンター藤枝青木【認知症対応型共同生活介護】静岡県藤枝市青木2-27-23", "url": "https://www.kaigokensaku.mhlw.go.jp/22/index.php?action_kouhyou_detail_004_kani=true&JigyosyoCd=2295300111-00&ServiceCd=320&Type=search", "url2": "www.nichiigakkan.co.jp/" }, "geometry": { "type": "Point", "coordinates": [ 138.25109539999994, 34.856171 ] } },
{ "type": "Feature", "properties": { "内容": "まーがれっと藤枝二号館【認知症対応型共同生活介護】藤枝市茶町2丁目3-17", "url": "https://www.kaigokensaku.mhlw.go.jp/22/index.php?action_kouhyou_detail_004_kani=true&JigyosyoCd=2295300350-00&ServiceCd=320&Type=search", "url2": "http://www.earth-group.co.jp/" }, "geometry": { "type": "Point", "coordinates": [ 138.2479255, 34.869476 ] } },
{ "type": "Feature", "properties": { "内容": "まごころホーム＊青葉町【認知症対応型共同生活介護】静岡県藤枝市青葉町５丁目１２-１", "url": "https://www.kaigokensaku.mhlw.go.jp/22/index.php?action_kouhyou_detail_004_kani=true&JigyosyoCd=2295300160-00&ServiceCd=320&Type=search", "url2": "http://www.magokorokaigo.com/" }, "geometry": { "type": "Point", "coordinates": [ 138.241335299999946, 34.839325 ] } },
{ "type": "Feature", "properties": { "内容": "グループホームふじトピア【認知症対応型共同生活介護】藤枝市時ケ谷417番地2", "url": "https://www.kaigokensaku.mhlw.go.jp/22/index.php?action_kouhyou_detail_004_kani=true&JigyosyoCd=2295300046-00&ServiceCd=320&Type=search", "url2": "https://fujitopia.jp/" }, "geometry": { "type": "Point", "coordinates": [ 138.258649900000023, 34.8858675 ] } },
{ "type": "Feature", "properties": { "内容": "グループホーム　まーがれっと藤枝【認知症対応型共同生活介護】茶町4-18-5", "url": "https://www.kaigokensaku.mhlw.go.jp/22/index.php?action_kouhyou_detail_004_kani=true&JigyosyoCd=2295300137-00&ServiceCd=320&Type=search", "url2": null }, "geometry": { "type": "Point", "coordinates": [ 138.24238749999995, 34.8732246 ] } },
{ "type": "Feature", "properties": { "内容": "アクタガワ　ハートフルホーム藤枝青葉町【認知症対応型共同生活介護】静岡県藤枝市青葉町4-5-29", "url": "https://www.kaigokensaku.mhlw.go.jp/22/index.php?action_kouhyou_detail_004_kani=true&JigyosyoCd=2295300384-00&ServiceCd=320&Type=search", "url2": "https://www.akutagawa-heartlife.jp" }, "geometry": { "type": "Point", "coordinates": [ 138.244987199999969, 34.8403185 ] } },
{ "type": "Feature", "properties": { "内容": "グループホーム笑和【認知症対応型共同生活介護】静岡県藤枝市与左衛門１７２番地の１", "url": "https://www.kaigokensaku.mhlw.go.jp/22/index.php?action_kouhyou_detail_004_kani=true&JigyosyoCd=2295300376-00&ServiceCd=320&Type=search", "url2": null }, "geometry": { "type": "Point", "coordinates": [ 138.2734505, 34.8360767 ] } },
{ "type": "Feature", "properties": { "内容": "グループホームすきっぷ藤枝【認知症対応型共同生活介護】藤枝市稲川1丁目1番12号グループホームすきっぷ藤枝", "url": "https://www.kaigokensaku.mhlw.go.jp/22/index.php?action_kouhyou_detail_004_kani=true&JigyosyoCd=2275300701-00&ServiceCd=320&Type=search", "url2": "https://www.skip-rc.com/" }, "geometry": { "type": "Point", "coordinates": [ 138.252825499999972, 34.8660896 ] } },
{ "type": "Feature", "properties": { "内容": "グループホームすきっぷ五十海【認知症対応型共同生活介護】藤枝市五十海２丁目７番５号グループホームすきっぷ五十海", "url": "https://www.kaigokensaku.mhlw.go.jp/22/index.php?action_kouhyou_detail_004_kani=true&JigyosyoCd=2295300202-00&ServiceCd=320&Type=search", "url2": "http:tk-ss.com/skipfujieda" }, "geometry": { "type": "Point", "coordinates": [ 138.259197, 34.88056 ] } },
{ "type": "Feature", "properties": { "内容": "グループホーム実夢青木【認知症対応型共同生活介護】静岡県藤枝市青木２丁目１５－５", "url": "https://www.kaigokensaku.mhlw.go.jp/22/index.php?action_kouhyou_detail_004_kani=true&JigyosyoCd=2295300129-00&ServiceCd=320&Type=search", "url2": null }, "geometry": { "type": "Point", "coordinates": [ 138.251736, 34.8595844 ] } },
{ "type": "Feature", "properties": { "内容": "コンフォートウェル藤枝【認知症対応型共同生活介護】静岡県藤枝市五十海1-14-23", "url": "https://www.kaigokensaku.mhlw.go.jp/22/index.php?action_kouhyou_detail_004_kani=true&JigyosyoCd=2295300251-00&ServiceCd=320&Type=search", "url2": null }, "geometry": { "type": "Point", "coordinates": [ 138.260715800000071, 34.8793982 ] } },
{ "type": "Feature", "properties": { "内容": "セントケアホームいながわ【認知症対応型共同生活介護】静岡県藤枝市稲川1丁目9番13号", "url": "https://www.kaigokensaku.mhlw.go.jp/22/index.php?action_kouhyou_detail_004_kani=true&JigyosyoCd=2295300145-00&ServiceCd=320&Type=search", "url2": "hppt://saint-care.com" }, "geometry": { "type": "Point", "coordinates": [ 138.254866020237728, 34.864604587745674 ] } },
{ "type": "Feature", "properties": { "内容": "グループホームかわしまた【認知症対応型共同生活介護】静岡県御殿場市川島田809-1", "url": "https://www.kaigokensaku.mhlw.go.jp/22/index.php?action_kouhyou_detail_004_kani=true&JigyosyoCd=2271200251-00&ServiceCd=320&Type=search", "url2": "http://www.carequality.co.jp" }, "geometry": { "type": "Point", "coordinates": [ 138.925262461776668, 35.299955218419775 ] } },
{ "type": "Feature", "properties": { "内容": "御殿場ケアセンターそよ風【認知症対応型共同生活介護】静岡県御殿場市萩原122-13", "url": "https://www.kaigokensaku.mhlw.go.jp/22/index.php?action_kouhyou_detail_004_kani=true&JigyosyoCd=2291200034-00&ServiceCd=320&Type=search", "url2": "https://www.sykz.co.jp/" }, "geometry": { "type": "Point", "coordinates": [ 138.929440099999965, 35.3079175 ] } },
{ "type": "Feature", "properties": { "内容": "グループホーム東山【認知症対応型共同生活介護】東田中１４４７－１", "url": "https://www.kaigokensaku.mhlw.go.jp/22/index.php?action_kouhyou_detail_004_kani=true&JigyosyoCd=2271200145-00&ServiceCd=320&Type=search", "url2": null }, "geometry": { "type": "Point", "coordinates": [ 138.953443200000038, 35.2916347 ] } },
{ "type": "Feature", "properties": { "内容": "グループホーム萩【認知症対応型共同生活介護】御殿場市東田中　１４３１－１４", "url": "https://www.kaigokensaku.mhlw.go.jp/22/index.php?action_kouhyou_detail_004_kani=true&JigyosyoCd=2271200178-00&ServiceCd=320&Type=search", "url2": null }, "geometry": { "type": "Point", "coordinates": [ 138.952615499999979, 35.2909098 ] } },
{ "type": "Feature", "properties": { "内容": "グループホームふれんど【認知症対応型共同生活介護】静岡県御殿場市川島田1084-1", "url": "https://www.kaigokensaku.mhlw.go.jp/22/index.php?action_kouhyou_detail_004_kani=true&JigyosyoCd=2271200228-00&ServiceCd=320&Type=search", "url2": "http://www:toranomon.or.jp/" }, "geometry": { "type": "Point", "coordinates": [ 138.918122399999987, 35.2959936 ] } },
{ "type": "Feature", "properties": { "内容": "御殿場十字の園　グループホーム　笑みの里【認知症対応型共同生活介護】静岡県御殿場市北久原578-3", "url": "https://www.kaigokensaku.mhlw.go.jp/22/index.php?action_kouhyou_detail_004_kani=true&JigyosyoCd=2291200059-00&ServiceCd=320&Type=search", "url2": "http://www.jyuji.ne.jp/" }, "geometry": { "type": "Point", "coordinates": [ 138.93609743942568, 35.314704519267273 ] } },
{ "type": "Feature", "properties": { "内容": "ever優　グループホーム御殿場【認知症対応型共同生活介護】静岡県御殿場市萩原７７９－３２", "url": "https://www.kaigokensaku.mhlw.go.jp/22/index.php?action_kouhyou_detail_004_kani=true&JigyosyoCd=2271200020-00&ServiceCd=320&Type=search", "url2": null }, "geometry": { "type": "Point", "coordinates": [ 138.928684699999963, 35.3064426 ] } },
{ "type": "Feature", "properties": { "内容": "グループホームごてんば【認知症対応型共同生活介護】御殿場市新橋１５８６－１", "url": "https://www.kaigokensaku.mhlw.go.jp/22/index.php?action_kouhyou_detail_004_kani=true&JigyosyoCd=2271200111-00&ServiceCd=320&Type=search", "url2": null }, "geometry": { "type": "Point", "coordinates": [ 138.938950299999988, 35.2970804 ] } },
{ "type": "Feature", "properties": { "内容": "けあビジョンホーム袋井【認知症対応型共同生活介護】静岡県袋井市小川町19-3", "url": "https://www.kaigokensaku.mhlw.go.jp/22/index.php?action_kouhyou_detail_004_kani=true&JigyosyoCd=2297300135-00&ServiceCd=320&Type=search", "url2": null }, "geometry": { "type": "Point", "coordinates": [ 137.927192780950918, 34.734881063090512 ] } },
{ "type": "Feature", "properties": { "内容": "グループホームひなた【認知症対応型共同生活介護】浅羽84-9", "url": "https://www.kaigokensaku.mhlw.go.jp/22/index.php?action_kouhyou_detail_004_kani=true&JigyosyoCd=2297300101-00&ServiceCd=320&Type=search", "url2": "http://www18.ocn.ne.jp/~sanpo/" }, "geometry": { "type": "Point", "coordinates": [ 137.9225341, 34.717908 ] } },
{ "type": "Feature", "properties": { "内容": "グループホーム袋井やすらぎの家【認知症対応型共同生活介護】静岡県袋井市木原439番地の6", "url": "https://www.kaigokensaku.mhlw.go.jp/22/index.php?action_kouhyou_detail_004_kani=true&JigyosyoCd=2276400146-00&ServiceCd=320&Type=search", "url2": null }, "geometry": { "type": "Point", "coordinates": [ 137.903881599999949, 34.7449013 ] } },
{ "type": "Feature", "properties": { "内容": "グループホーム紅葉の家【認知症対応型共同生活介護】袋井市萱間944番地の1グループホーム紅葉の家", "url": "https://www.kaigokensaku.mhlw.go.jp/22/index.php?action_kouhyou_detail_004_kani=true&JigyosyoCd=2276400071-00&ServiceCd=320&Type=search", "url2": null }, "geometry": { "type": "Point", "coordinates": [ 137.887412600000062, 34.8116408 ] } },
{ "type": "Feature", "properties": { "内容": "グループホーム宝寿【認知症対応型共同生活介護】静岡県袋井市浅羽64の6", "url": "https://www.kaigokensaku.mhlw.go.jp/22/index.php?action_kouhyou_detail_004_kani=true&JigyosyoCd=2276600331-00&ServiceCd=320&Type=search", "url2": "http://www.iwata-nl.com" }, "geometry": { "type": "Point", "coordinates": [ 137.92279439999993, 34.717533 ] } },
{ "type": "Feature", "properties": { "内容": "布衣乃郷【認知症対応型共同生活介護】静岡県袋井市堀越694-1", "url": "https://www.kaigokensaku.mhlw.go.jp/22/index.php?action_kouhyou_detail_004_kani=true&JigyosyoCd=2276400278-00&ServiceCd=320&Type=search", "url2": "http://www.hoinosato.com/" }, "geometry": { "type": "Point", "coordinates": [ 137.908011699999946, 34.7573611 ] } },
{ "type": "Feature", "properties": { "内容": "愛の家グループホーム袋井【認知症対応型共同生活介護】静岡県袋井市堀越2丁目14-1", "url": "https://www.kaigokensaku.mhlw.go.jp/22/index.php?action_kouhyou_detail_004_kani=true&JigyosyoCd=2297300028-00&ServiceCd=320&Type=search", "url2": "http://www.mcsg.co.jp" }, "geometry": { "type": "Point", "coordinates": [ 137.91041139999993, 34.7522868 ] } },
{ "type": "Feature", "properties": { "内容": "グループホーム　松葉の家【認知症対応型共同生活介護】袋井市大野２７３０－４", "url": "https://www.kaigokensaku.mhlw.go.jp/22/index.php?action_kouhyou_detail_004_kani=true&JigyosyoCd=2276600315-00&ServiceCd=320&Type=search", "url2": null }, "geometry": { "type": "Point", "coordinates": [ 137.94337680000001, 34.6794349 ] } },
{ "type": "Feature", "properties": { "内容": "ケアビレッジ須崎【認知症対応型共同生活介護】静岡県下田市柿崎９９９番２号", "url": "https://www.kaigokensaku.mhlw.go.jp/22/index.php?action_kouhyou_detail_004_kani=true&JigyosyoCd=2270200203-00&ServiceCd=320&Type=search", "url2": "http://ryonan-kaigo.com" }, "geometry": { "type": "Point", "coordinates": [ 138.968664200000035, 34.672021 ] } },
{ "type": "Feature", "properties": { "内容": "ケアビレッジ下田【認知症対応型共同生活介護】静岡県下田市５丁目６－５８", "url": "https://www.kaigokensaku.mhlw.go.jp/22/index.php?action_kouhyou_detail_004_kani=true&JigyosyoCd=2270200161-00&ServiceCd=320&Type=search", "url2": "http://ryonan-kaigo.com/" }, "geometry": { "type": "Point", "coordinates": [ 138.9359184, 34.6705107 ] } },
{ "type": "Feature", "properties": { "内容": "須崎つわぶき荘【認知症対応型共同生活介護】静岡県下田市須崎１７５６－１", "url": "https://www.kaigokensaku.mhlw.go.jp/22/index.php?action_kouhyou_detail_004_kani=true&JigyosyoCd=2290200035-00&ServiceCd=320&Type=search", "url2": null }, "geometry": { "type": "Point", "coordinates": [ 138.962329, 34.663952 ] } },
{ "type": "Feature", "properties": { "内容": "グループホームふれあい裾野【認知症対応型共同生活介護】静岡県裾野市石脇４９５－２", "url": "https://www.kaigokensaku.mhlw.go.jp/22/index.php?action_kouhyou_detail_004_kani=true&JigyosyoCd=2291400022-00&ServiceCd=320&Type=search", "url2": "http://w-being.jp" }, "geometry": { "type": "Point", "coordinates": [ 138.910139299999969, 35.1936246 ] } },
{ "type": "Feature", "properties": { "内容": "認知症対応型共同生活滝頭【認知症対応型共同生活介護】静岡県裾野市茶畑字滝ヶ窪1072-3", "url": "https://www.kaigokensaku.mhlw.go.jp/22/index.php?action_kouhyou_detail_004_kani=true&JigyosyoCd=2291400089-00&ServiceCd=320&Type=search", "url2": "http://kashokai.or.jp" }, "geometry": { "type": "Point", "coordinates": [ 138.9198471, 35.172893800000047 ] } },
{ "type": "Feature", "properties": { "内容": "ヤザキケアセンター　紙ふうせん【認知症対応型共同生活介護】裾野市御宿1500", "url": "https://www.kaigokensaku.mhlw.go.jp/22/index.php?action_kouhyou_detail_004_kani=true&JigyosyoCd=2291400014-00&ServiceCd=320&Type=search", "url2": "http://care-net.biz/22/kamifuusen/" }, "geometry": { "type": "Point", "coordinates": [ 138.913696800000025, 35.2155409 ] } },
{ "type": "Feature", "properties": { "内容": "グループホームふれあい佐野【認知症対応型共同生活介護】静岡県裾野市佐野49-4ふれあい佐野", "url": "https://www.kaigokensaku.mhlw.go.jp/22/index.php?action_kouhyou_detail_004_kani=true&JigyosyoCd=2291400063-00&ServiceCd=320&Type=search", "url2": "http:ｗ-being.jp" }, "geometry": { "type": "Point", "coordinates": [ 138.907945725193031, 35.18548493387938 ] } },
{ "type": "Feature", "properties": { "内容": "グループホームふれあい稲荷【認知症対応型共同生活介護】稲荷6-2", "url": "https://www.kaigokensaku.mhlw.go.jp/22/index.php?action_kouhyou_detail_004_kani=true&JigyosyoCd=2291400030-00&ServiceCd=320&Type=search", "url2": "http://w-being.jp" }, "geometry": { "type": "Point", "coordinates": [ 139.828541800000039, 35.8331844 ] } },
{ "type": "Feature", "properties": { "内容": "おかさきグループホーム【認知症対応型共同生活介護】静岡県湖西市岡崎949-1", "url": "https://www.kaigokensaku.mhlw.go.jp/22/index.php?action_kouhyou_detail_004_kani=true&JigyosyoCd=2298400058-00&ServiceCd=320&Type=search", "url2": "http://www.ichienso.co.jp" }, "geometry": { "type": "Point", "coordinates": [ 137.5008808, 34.7211113 ] } },
{ "type": "Feature", "properties": { "内容": "一円荘グループホーム【認知症対応型共同生活介護】静岡県湖西市白須賀3986-7", "url": "https://www.kaigokensaku.mhlw.go.jp/22/index.php?action_kouhyou_detail_004_kani=true&JigyosyoCd=2298400033-00&ServiceCd=320&Type=search", "url2": "http://www.ichienso.co.jp" }, "geometry": { "type": "Point", "coordinates": [ 137.498993, 34.6996082 ] } },
{ "type": "Feature", "properties": { "内容": "愛の家グループホーム湖西【認知症対応型共同生活介護】静岡県湖西市鷲津２５２２－３３", "url": "https://www.kaigokensaku.mhlw.go.jp/22/index.php?action_kouhyou_detail_004_kani=true&JigyosyoCd=2298400041-00&ServiceCd=320&Type=search", "url2": "http://www.mcsg.co.jp" }, "geometry": { "type": "Point", "coordinates": [ 137.54678530000001, 34.7207076 ] } },
{ "type": "Feature", "properties": { "内容": "グループホーム　湖西新所の家【認知症対応型共同生活介護】静岡県湖西市新所字小ヤブ４９７８番地1", "url": "https://www.kaigokensaku.mhlw.go.jp/22/index.php?action_kouhyou_detail_004_kani=true&JigyosyoCd=2298400132-00&ServiceCd=320&Type=search", "url2": null }, "geometry": { "type": "Point", "coordinates": [ 137.518665564631192, 34.737781832095273 ] } },
{ "type": "Feature", "properties": { "内容": "日ノ岡グループホーム【認知症対応型共同生活介護】湖西市岡崎２２５４－２", "url": "https://www.kaigokensaku.mhlw.go.jp/22/index.php?action_kouhyou_detail_004_kani=true&JigyosyoCd=2298400017-00&ServiceCd=320&Type=search", "url2": "http://care-ohana.com" }, "geometry": { "type": "Point", "coordinates": [ 137.5239732, 34.7295499 ] } },
{ "type": "Feature", "properties": { "内容": "グループホームサンシティあらい【認知症対応型共同生活介護】静岡県湖西市新居町新居117-3", "url": "https://www.kaigokensaku.mhlw.go.jp/22/index.php?action_kouhyou_detail_004_kani=true&JigyosyoCd=2278200155-00&ServiceCd=320&Type=search", "url2": "http://www.yhkikaku.jp/" }, "geometry": { "type": "Point", "coordinates": [ 137.570400835581978, 34.6885733453366 ] } },
{ "type": "Feature", "properties": { "内容": "グループホーム菜の花ホーム【認知症対応型共同生活介護】伊豆市小土肥７８７－２", "url": "https://www.kaigokensaku.mhlw.go.jp/22/index.php?action_kouhyou_detail_004_kani=true&JigyosyoCd=2290700059-00&ServiceCd=320&Type=search", "url2": "toi.nanohana@shinai-kai.jp" }, "geometry": { "type": "Point", "coordinates": [ 138.791311899999982, 34.923828 ] } },
{ "type": "Feature", "properties": { "内容": "グループホーム中伊豆【認知症対応型共同生活介護】伊豆市八幡１２３", "url": "https://www.kaigokensaku.mhlw.go.jp/22/index.php?action_kouhyou_detail_004_kani=true&JigyosyoCd=2290700042-00&ServiceCd=320&Type=search", "url2": "http://www.wbs.ne.jp/bt/ayamekai/" }, "geometry": { "type": "Point", "coordinates": [ 139.000266399999987, 34.9575315 ] } },
{ "type": "Feature", "properties": { "内容": "グル－プホ－ムほほえみ【認知症対応型共同生活介護】伊豆市市山２４３－２", "url": "https://www.kaigokensaku.mhlw.go.jp/22/index.php?action_kouhyou_detail_004_kani=true&JigyosyoCd=2270700111-00&ServiceCd=320&Type=search", "url2": "https://hohoemi-izu.com/" }, "geometry": { "type": "Point", "coordinates": [ 138.926970100000062, 34.9026378 ] } },
{ "type": "Feature", "properties": { "内容": "北狩野ケアセンター【認知症対応型共同生活介護】静岡県伊豆市牧之郷１１６", "url": "https://www.kaigokensaku.mhlw.go.jp/22/index.php?action_kouhyou_detail_004_kani=true&JigyosyoCd=2290700026-00&ServiceCd=320&Type=search", "url2": "http://shunpuukai.com/" }, "geometry": { "type": "Point", "coordinates": [ 138.949764400000049, 34.9910762 ] } },
{ "type": "Feature", "properties": { "内容": "グループホーム磯葉の家【認知症対応型共同生活介護】静岡県御前崎市白羽5522番地の5", "url": "https://www.kaigokensaku.mhlw.go.jp/22/index.php?action_kouhyou_detail_004_kani=true&JigyosyoCd=2275500565-00&ServiceCd=320&Type=search", "url2": "http://www.kaigo.or.jp/" }, "geometry": { "type": "Point", "coordinates": [ 138.201144800000066, 34.6131386 ] } },
{ "type": "Feature", "properties": { "内容": "グループホーム浜岡の家【認知症対応型共同生活介護】静岡県御前崎市池新田2104番地の1", "url": "https://www.kaigokensaku.mhlw.go.jp/22/index.php?action_kouhyou_detail_004_kani=true&JigyosyoCd=2275690028-00&ServiceCd=320&Type=search", "url2": "http://www.kaigo.or.jp/" }, "geometry": { "type": "Point", "coordinates": [ 138.120369100000062, 34.6460576 ] } },
{ "type": "Feature", "properties": { "内容": "グループホーム　しおさいの家【認知症対応型共同生活介護】御前崎市池新田７４４９－１", "url": "https://www.kaigokensaku.mhlw.go.jp/22/index.php?action_kouhyou_detail_004_kani=true&JigyosyoCd=2276100316-00&ServiceCd=320&Type=search", "url2": null }, "geometry": { "type": "Point", "coordinates": [ 138.1266882, 34.6321593 ] } },
{ "type": "Feature", "properties": { "内容": "グループホーム小笠【認知症対応型共同生活介護】静岡県菊川市上平川２０１番地", "url": "https://www.kaigokensaku.mhlw.go.jp/22/index.php?action_kouhyou_detail_004_kani=true&JigyosyoCd=2296800036-00&ServiceCd=320&Type=search", "url2": "http://www.allkango.jp" }, "geometry": { "type": "Point", "coordinates": [ 138.080029800000034, 34.7169739 ] } },
{ "type": "Feature", "properties": { "内容": "グループホーム小笠２号館【認知症対応型共同生活介護】静岡県菊川市上平川２０１番地", "url": "https://www.kaigokensaku.mhlw.go.jp/22/index.php?action_kouhyou_detail_004_kani=true&JigyosyoCd=2296800051-00&ServiceCd=320&Type=search", "url2": "http://www.allkango.jp" }, "geometry": { "type": "Point", "coordinates": [ 138.080029800000034, 34.7169739 ] } },
{ "type": "Feature", "properties": { "内容": "愛の家グループホーム菊川【認知症対応型共同生活介護】静岡県菊川市堀之内1464", "url": "https://www.kaigokensaku.mhlw.go.jp/22/index.php?action_kouhyou_detail_004_kani=true&JigyosyoCd=2296800028-00&ServiceCd=320&Type=search", "url2": "http://www.mcsg.co.jp" }, "geometry": { "type": "Point", "coordinates": [ 138.084512, 34.759426599999983 ] } },
{ "type": "Feature", "properties": { "内容": "グループホーム　源氏庵【認知症対応型共同生活介護】伊豆の国市四日町３４６の２", "url": "https://www.kaigokensaku.mhlw.go.jp/22/index.php?action_kouhyou_detail_004_kani=true&JigyosyoCd=2270300599-00&ServiceCd=320&Type=search", "url2": null }, "geometry": { "type": "Point", "coordinates": [ 138.948097299999972, 35.0570186 ] } },
{ "type": "Feature", "properties": { "内容": "クラシオン伊豆の国【認知症対応型共同生活介護】静岡県伊豆の国市天野6-3クラシオン伊豆の国", "url": "https://www.kaigokensaku.mhlw.go.jp/22/index.php?action_kouhyou_detail_004_kani=true&JigyosyoCd=2270800044-00&ServiceCd=320&Type=search", "url2": "http://www.izukaigo.com/" }, "geometry": { "type": "Point", "coordinates": [ 138.939745200000061, 35.0269053 ] } },
{ "type": "Feature", "properties": { "内容": "グループホーム　いちごの里【認知症対応型共同生活介護】静岡県伊豆の国市北江間45番地の1", "url": "https://www.kaigokensaku.mhlw.go.jp/22/index.php?action_kouhyou_detail_004_kani=true&JigyosyoCd=2290800032-00&ServiceCd=320&Type=search", "url2": "http://www.wbs.ne.jp/bt/ayamekai/" }, "geometry": { "type": "Point", "coordinates": [ 138.932420500000035, 35.0579124 ] } },
{ "type": "Feature", "properties": { "内容": "グループホーム湯と里【認知症対応型共同生活介護】伊豆の国市長岡953-1", "url": "https://www.kaigokensaku.mhlw.go.jp/22/index.php?action_kouhyou_detail_004_kani=true&JigyosyoCd=2290800016-00&ServiceCd=320&Type=search", "url2": null }, "geometry": { "type": "Point", "coordinates": [ 138.930806699999948, 35.0368649 ] } },
{ "type": "Feature", "properties": { "内容": "グループホーム　ラポールあい【認知症対応型共同生活介護】静岡県伊豆の国市四日町378-2時くうかん", "url": "https://www.kaigokensaku.mhlw.go.jp/22/index.php?action_kouhyou_detail_004_kani=true&JigyosyoCd=2290800073-00&ServiceCd=320&Type=search", "url2": "http://rapoai.co.jp" }, "geometry": { "type": "Point", "coordinates": [ 138.946787, 35.0554935 ] } },
{ "type": "Feature", "properties": { "内容": "グループホーム　夢無限　おおひと【認知症対応型共同生活介護】静岡県伊豆の国市田京９２９－５", "url": "https://www.kaigokensaku.mhlw.go.jp/22/index.php?action_kouhyou_detail_004_kani=true&JigyosyoCd=2270800036-00&ServiceCd=320&Type=search", "url2": "https://yumemugen.com/" }, "geometry": { "type": "Point", "coordinates": [ 138.957271799999944, 35.0143323 ] } },
{ "type": "Feature", "properties": { "内容": "グループホーム実夢静波【認知症対応型共同生活介護】牧之原市静波203-1", "url": "https://www.kaigokensaku.mhlw.go.jp/22/index.php?action_kouhyou_detail_004_kani=true&JigyosyoCd=2295800078-00&ServiceCd=320&Type=search", "url2": null }, "geometry": { "type": "Point", "coordinates": [ 138.22522170000002, 34.7438033 ] } },
{ "type": "Feature", "properties": { "内容": "グループホーム相良の家【認知症対応型共同生活介護】静岡県牧之原市新庄1792番地の1", "url": "https://www.kaigokensaku.mhlw.go.jp/22/index.php?action_kouhyou_detail_004_kani=true&JigyosyoCd=2275500664-00&ServiceCd=320&Type=search", "url2": "http://www.kaigo.or.jp/" }, "geometry": { "type": "Point", "coordinates": [ 138.195300800000041, 34.6218792 ] } },
{ "type": "Feature", "properties": { "内容": "グループホーム牧之原波津の家【認知症対応型共同生活介護】静岡県牧之原市波津1324番地17", "url": "https://www.kaigokensaku.mhlw.go.jp/22/index.php?action_kouhyou_detail_004_kani=true&JigyosyoCd=2295800060-00&ServiceCd=320&Type=search", "url2": "http://www.kaigo.or.jp/" }, "geometry": { "type": "Point", "coordinates": [ 138.198336499999982, 34.6769097 ] } },
{ "type": "Feature", "properties": { "内容": "まるにグループホーム【認知症対応型共同生活介護】静岡県牧之原市勝俣1265-3", "url": "https://www.kaigokensaku.mhlw.go.jp/22/index.php?action_kouhyou_detail_004_kani=true&JigyosyoCd=2295800102-00&ServiceCd=320&Type=search", "url2": "http//circle-2.info" }, "geometry": { "type": "Point", "coordinates": [ 138.2100322, 34.743516900000017 ] } },
{ "type": "Feature", "properties": { "内容": "認知症対応型共同生活介護　スローライフ汐見台【認知症対応型共同生活介護】静岡県牧之原市汐見台14-1", "url": "https://www.kaigokensaku.mhlw.go.jp/22/index.php?action_kouhyou_detail_004_kani=true&JigyosyoCd=2295800128-00&ServiceCd=320&Type=search", "url2": null }, "geometry": { "type": "Point", "coordinates": [ 138.193981399999984, 34.6798732 ] } },
{ "type": "Feature", "properties": { "内容": "グループホーム　サンシティ　はいばら【認知症対応型共同生活介護】仁田５６３番地１", "url": "https://www.kaigokensaku.mhlw.go.jp/22/index.php?action_kouhyou_detail_004_kani=true&JigyosyoCd=2275500631-00&ServiceCd=320&Type=search", "url2": "http://www.yhkikaku.jp/" }, "geometry": { "type": "Point", "coordinates": [ 138.218092299999967, 34.7575039 ] } },
{ "type": "Feature", "properties": { "内容": "グループホーム　あたがわ【認知症対応型共同生活介護】静岡県賀茂郡東伊豆町奈良本１４２３－１０７", "url": "https://www.kaigokensaku.mhlw.go.jp/22/index.php?action_kouhyou_detail_004_kani=true&JigyosyoCd=2270100461-00&ServiceCd=320&Type=search", "url2": "http://g-atagawa.com/" }, "geometry": { "type": "Point", "coordinates": [ 139.059019199999966, 34.8174786 ] } },
{ "type": "Feature", "properties": { "内容": "グループホーム賀茂【認知症対応型共同生活介護】静岡県賀茂郡西伊豆町宇久須534-1", "url": "https://www.kaigokensaku.mhlw.go.jp/22/index.php?action_kouhyou_detail_004_kani=true&JigyosyoCd=2270100353-00&ServiceCd=320&Type=search", "url2": "aeh99400@moon.odn.ne.jp" }, "geometry": { "type": "Point", "coordinates": [ 138.77857, 34.8444035 ] } },
{ "type": "Feature", "properties": { "内容": "グループホームゆりかご【認知症対応型共同生活介護】静岡県田方郡函南町桑原１２９４－２０１", "url": "https://www.kaigokensaku.mhlw.go.jp/22/index.php?action_kouhyou_detail_004_kani=true&JigyosyoCd=2270300565-00&ServiceCd=320&Type=search", "url2": "http://www.izu-yurikago.co.jp" }, "geometry": { "type": "Point", "coordinates": [ 138.983349500000031, 35.1123931 ] } },
{ "type": "Feature", "properties": { "内容": "グループホームル・ソレイユ函南【認知症対応型共同生活介護】静岡県田方郡函南町間宮760-1", "url": "https://www.kaigokensaku.mhlw.go.jp/22/index.php?action_kouhyou_detail_004_kani=true&JigyosyoCd=2290300058-00&ServiceCd=320&Type=search", "url2": "http://care-soleil.com/" }, "geometry": { "type": "Point", "coordinates": [ 138.942848199999986, 35.0845771 ] } },
{ "type": "Feature", "properties": { "内容": "グループホームつながり【認知症対応型共同生活介護】静岡県田方郡函南町塚本７７－７", "url": "https://www.kaigokensaku.mhlw.go.jp/22/index.php?action_kouhyou_detail_004_kani=true&JigyosyoCd=2290300025-00&ServiceCd=320&Type=search", "url2": "http://www.shinkohkai.jp/tsunagari/" }, "geometry": { "type": "Point", "coordinates": [ 138.937031199999979, 35.0769741 ] } },
{ "type": "Feature", "properties": { "内容": "グループホーム　まみや【認知症対応型共同生活介護】静岡県田方郡函南町間宮891番地の8グループホームまみや", "url": "https://www.kaigokensaku.mhlw.go.jp/22/index.php?action_kouhyou_detail_004_kani=true&JigyosyoCd=2290300033-00&ServiceCd=320&Type=search", "url2": "http://www.funan.co.jp/publics/index/14/" }, "geometry": { "type": "Point", "coordinates": [ 138.934734, 35.0881809 ] } },
{ "type": "Feature", "properties": { "内容": "グループホーム　ル・ソレイユ間宮【認知症対応型共同生活介護】静岡県田方郡函南町間宮６１７－３", "url": "https://www.kaigokensaku.mhlw.go.jp/22/index.php?action_kouhyou_detail_004_kani=true&JigyosyoCd=2290300017-00&ServiceCd=320&Type=search", "url2": "http://care-soleil.com/" }, "geometry": { "type": "Point", "coordinates": [ 138.940383699999984, 35.0784323 ] } },
{ "type": "Feature", "properties": { "内容": "グループホームしおん【認知症対応型共同生活介護】静岡県駿東郡清水町徳倉405-6", "url": "https://www.kaigokensaku.mhlw.go.jp/22/index.php?action_kouhyou_detail_004_kani=true&JigyosyoCd=2271300119-00&ServiceCd=320&Type=search", "url2": null }, "geometry": { "type": "Point", "coordinates": [ 138.897828510867299, 35.082037259098314 ] } },
{ "type": "Feature", "properties": { "内容": "グループホーム徳倉【認知症対応型共同生活介護】静岡県駿東郡清水町徳倉900-1", "url": "https://www.kaigokensaku.mhlw.go.jp/22/index.php?action_kouhyou_detail_004_kani=true&JigyosyoCd=2271300168-00&ServiceCd=320&Type=search", "url2": "http://www.carequlity.co.jp/" }, "geometry": { "type": "Point", "coordinates": [ 138.897393100000045, 35.0858723 ] } },
{ "type": "Feature", "properties": { "内容": "グループホームふれあい伏見【認知症対応型共同生活介護】伏見280-2", "url": "https://www.kaigokensaku.mhlw.go.jp/22/index.php?action_kouhyou_detail_004_kani=true&JigyosyoCd=2291300057-00&ServiceCd=320&Type=search", "url2": "http://w-being.jp" }, "geometry": { "type": "Point", "coordinates": [ 138.892981731877143, 35.112594713455643 ] } },
{ "type": "Feature", "properties": { "内容": "グループホームふれあい長泉【認知症対応型共同生活介護】静岡県駿東郡長泉町中土狩498-4", "url": "https://www.kaigokensaku.mhlw.go.jp/22/index.php?action_kouhyou_detail_004_kani=true&JigyosyoCd=2291300214-00&ServiceCd=320&Type=search", "url2": "http://w-being.jp" }, "geometry": { "type": "Point", "coordinates": [ 138.903586268647814, 35.136066469557392 ] } },
{ "type": "Feature", "properties": { "内容": "グループホームたみの里－長泉【認知症対応型共同生活介護】静岡県駿東郡長泉町桜堤２丁目１０－１０", "url": "https://www.kaigokensaku.mhlw.go.jp/22/index.php?action_kouhyou_detail_004_kani=true&JigyosyoCd=2271300267-00&ServiceCd=320&Type=search", "url2": "http://www.npo-sincere.org/" }, "geometry": { "type": "Point", "coordinates": [ 138.906743600000027, 35.1435306 ] } },
{ "type": "Feature", "properties": { "内容": "グループホームなかとがり【認知症対応型共同生活介護】静岡県駿東郡長泉町中土狩３９１－６", "url": "https://www.kaigokensaku.mhlw.go.jp/22/index.php?action_kouhyou_detail_004_kani=true&JigyosyoCd=2271300283-00&ServiceCd=320&Type=search", "url2": "http://www.carequality.co.jp/" }, "geometry": { "type": "Point", "coordinates": [ 138.90352740000003, 35.1328762 ] } },
{ "type": "Feature", "properties": { "内容": "グループホームまーがれっと長泉【認知症対応型共同生活介護】静岡県駿東郡長泉町下長窪645-2グループホームまーがれっと長泉", "url": "https://www.kaigokensaku.mhlw.go.jp/22/index.php?action_kouhyou_detail_004_kani=true&JigyosyoCd=2291300180-00&ServiceCd=320&Type=search", "url2": null }, "geometry": { "type": "Point", "coordinates": [ 138.888928600000014, 35.1450047 ] } },
{ "type": "Feature", "properties": { "内容": "アスケア　グループホーム吉田【認知症対応型共同生活介護】静岡県榛原郡吉田町神戸3333-1", "url": "https://www.kaigokensaku.mhlw.go.jp/22/index.php?action_kouhyou_detail_004_kani=true&JigyosyoCd=2275500532-00&ServiceCd=320&Type=search", "url2": "https://www.as-care.co.jp/" }, "geometry": { "type": "Point", "coordinates": [ 138.228394024237105, 34.785643735335334 ] } },
{ "type": "Feature", "properties": { "内容": "認知症対応型共同生活介護　グループホームまつおか【認知症対応型共同生活介護】静岡県榛原郡川根本町徳山1680-1グループホームまつおか", "url": "https://www.kaigokensaku.mhlw.go.jp/22/index.php?action_kouhyou_detail_004_kani=true&JigyosyoCd=2295500066-00&ServiceCd=320&Type=search", "url2": "https://cara-matsuoka.jp" }, "geometry": { "type": "Point", "coordinates": [ 138.112485500000048, 35.0750468 ] } },
{ "type": "Feature", "properties": { "内容": "グループホームまつおかⅡ【認知症対応型共同生活介護】静岡県榛原郡川根本町徳山1682-13", "url": "https://www.kaigokensaku.mhlw.go.jp/22/index.php?action_kouhyou_detail_004_kani=true&JigyosyoCd=2295500090-00&ServiceCd=320&Type=search", "url2": "https://care-matsuoka.jp" }, "geometry": { "type": "Point", "coordinates": [ 138.112505880426056, 35.075143151054021 ] } },
{ "type": "Feature", "properties": { "内容": "グループホームたんより【認知症対応型共同生活介護】静岡県周智郡森町草ケ谷２１２－１", "url": "https://www.kaigokensaku.mhlw.go.jp/22/index.php?action_kouhyou_detail_004_kani=true&JigyosyoCd=2296300060-00&ServiceCd=320&Type=search", "url2": "kenko-dai1.jp/tanyori/" }, "geometry": { "type": "Point", "coordinates": [ 137.915412562443521, 34.827267046733624 ] } },
{ "type": "Feature", "properties": { "内容": "グループホーム虹の森【認知症対応型共同生活介護】静岡県周智郡森町森1588-5", "url": "https://www.kaigokensaku.mhlw.go.jp/22/index.php?action_kouhyou_detail_004_kani=true&JigyosyoCd=2296300011-00&ServiceCd=320&Type=search", "url2": "http://brainsystem.jp/" }, "geometry": { "type": "Point", "coordinates": [ 137.919833400000016, 34.8306804 ] } }
]
}
