{
"type": "FeatureCollection",
"name": "geo_22_短期入所生活介護",
"crs": { "type": "name", "properties": { "name": "urn:ogc:def:crs:OGC:1.3:CRS84" } },
"features": [
{ "type": "Feature", "properties": { "内容": "特別養護老人ホーム　きずなの街【短期入所生活介護】静岡県静岡市葵区辰起町9-11", "url": "https://www.kaigokensaku.mhlw.go.jp/22/index.php?action_kouhyou_detail_004_kani=true&JigyosyoCd=2274209069-00&ServiceCd=210&Type=search", "url2": null }, "geometry": { "type": "Point", "coordinates": [ 138.36384709999993, 34.9855219 ] } },
{ "type": "Feature", "properties": { "内容": "あずみ苑　静岡【短期入所生活介護】静岡県静岡市葵区北安東2‐26‐16", "url": "https://www.kaigokensaku.mhlw.go.jp/22/index.php?action_kouhyou_detail_004_kani=true&JigyosyoCd=2274209143-00&ServiceCd=210&Type=search", "url2": null }, "geometry": { "type": "Point", "coordinates": [ 138.384090500000013, 34.997263 ] } },
{ "type": "Feature", "properties": { "内容": "ショートステイつなぐ【短期入所生活介護】羽鳥２丁目１７－５", "url": "https://www.kaigokensaku.mhlw.go.jp/22/index.php?action_kouhyou_detail_004_kani=true&JigyosyoCd=2274205976-00&ServiceCd=210&Type=search", "url2": null }, "geometry": { "type": "Point", "coordinates": [ 138.344174400000043, 34.9782697 ] } },
{ "type": "Feature", "properties": { "内容": "ショートステイカリタス21【短期入所生活介護】静岡市葵区桂山723番地の6", "url": "https://www.kaigokensaku.mhlw.go.jp/22/index.php?action_kouhyou_detail_004_kani=true&JigyosyoCd=2274100201-00&ServiceCd=210&Type=search", "url2": "http://www.caritas21.jp" }, "geometry": { "type": "Point", "coordinates": [ 138.344051600000057, 35.1116913 ] } },
{ "type": "Feature", "properties": { "内容": "ショートステイ　りんどう【短期入所生活介護】静岡市葵区水見色360", "url": "https://www.kaigokensaku.mhlw.go.jp/22/index.php?action_kouhyou_detail_004_kani=true&JigyosyoCd=2274201959-00&ServiceCd=210&Type=search", "url2": "http://www.warashinafukushikai.or.jp" }, "geometry": { "type": "Point", "coordinates": [ 138.288623799999982, 35.0366165 ] } },
{ "type": "Feature", "properties": { "内容": "ショートステイ　子ねこ【短期入所生活介護】上伝馬32-9", "url": "https://www.kaigokensaku.mhlw.go.jp/22/index.php?action_kouhyou_detail_004_kani=true&JigyosyoCd=2274205729-00&ServiceCd=210&Type=search", "url2": null }, "geometry": { "type": "Point", "coordinates": [ 138.373604, 35.0151656 ] } },
{ "type": "Feature", "properties": { "内容": "麻機園【短期入所生活介護】静岡県静岡市葵区東５２７－１", "url": "https://www.kaigokensaku.mhlw.go.jp/22/index.php?action_kouhyou_detail_004_kani=true&JigyosyoCd=2274100045-00&ServiceCd=210&Type=search", "url2": "https://www.sakura.or.jp" }, "geometry": { "type": "Point", "coordinates": [ 138.397685200000069, 35.024167500000011 ] } },
{ "type": "Feature", "properties": { "内容": "厚生苑ショートステイ清流の郷【短期入所生活介護】静岡市葵区柳町１８５番地５", "url": "https://www.kaigokensaku.mhlw.go.jp/22/index.php?action_kouhyou_detail_004_kani=true&JigyosyoCd=2274100078-00&ServiceCd=210&Type=search", "url2": "https://shizuoka-kosei.or.jp" }, "geometry": { "type": "Point", "coordinates": [ 138.362800099999959, 34.9800892 ] } },
{ "type": "Feature", "properties": { "内容": "楽寿の園短期入所生活介護事業所【短期入所生活介護】静岡県静岡市葵区与左衛門新田７４－６", "url": "https://www.kaigokensaku.mhlw.go.jp/22/index.php?action_kouhyou_detail_004_kani=true&JigyosyoCd=2274100102-00&ServiceCd=210&Type=search", "url2": "http://www.rakuju.or.jp" }, "geometry": { "type": "Point", "coordinates": [ 138.368957200000068, 35.027303 ] } },
{ "type": "Feature", "properties": { "内容": "特別養護老人ホーム竜爪園【短期入所生活介護】静岡市葵区長尾89-1", "url": "https://www.kaigokensaku.mhlw.go.jp/22/index.php?action_kouhyou_detail_004_kani=true&JigyosyoCd=2274100169-00&ServiceCd=210&Type=search", "url2": "http://www.love.or.jp" }, "geometry": { "type": "Point", "coordinates": [ 138.4275824, 35.0381501 ] } },
{ "type": "Feature", "properties": { "内容": "晃の園ショートステイ【短期入所生活介護】静岡市葵区富沢1542番地の39", "url": "https://www.kaigokensaku.mhlw.go.jp/22/index.php?action_kouhyou_detail_004_kani=true&JigyosyoCd=2274100219-00&ServiceCd=210&Type=search", "url2": "http://www.surugakai.net/hikari/" }, "geometry": { "type": "Point", "coordinates": [ 138.260174900000038, 35.0197261 ] } },
{ "type": "Feature", "properties": { "内容": "特別養護老人ホーム吉津園短期入所生活介護事業所【短期入所生活介護】吉津１９９番地", "url": "https://www.kaigokensaku.mhlw.go.jp/22/index.php?action_kouhyou_detail_004_kani=true&JigyosyoCd=2274100888-00&ServiceCd=210&Type=search", "url2": "http://www.yoshizuen.or.jp" }, "geometry": { "type": "Point", "coordinates": [ 138.309686599999964, 34.9795657 ] } },
{ "type": "Feature", "properties": { "内容": "ショートステイまはえ【短期入所生活介護】静岡市葵区末広町117-1", "url": "https://www.kaigokensaku.mhlw.go.jp/22/index.php?action_kouhyou_detail_004_kani=true&JigyosyoCd=2274200415-00&ServiceCd=210&Type=search", "url2": "http://www.mahae-shizuoka.jp/" }, "geometry": { "type": "Point", "coordinates": [ 138.345562500000028, 35.00011990000003 ] } },
{ "type": "Feature", "properties": { "内容": "厚生苑ショートステイ新緑の郷【短期入所生活介護】静岡市葵区北番町66-2", "url": "https://www.kaigokensaku.mhlw.go.jp/22/index.php?action_kouhyou_detail_004_kani=true&JigyosyoCd=2274201926-00&ServiceCd=210&Type=search", "url2": "https://www.shizuoka-kosei.or.jp/" }, "geometry": { "type": "Point", "coordinates": [ 138.3685385, 34.9797615 ] } },
{ "type": "Feature", "properties": { "内容": "亀寿庵ショートステイ瀬名【短期入所生活介護】静岡市葵区瀬名中央1-6-73", "url": "https://www.kaigokensaku.mhlw.go.jp/22/index.php?action_kouhyou_detail_004_kani=true&JigyosyoCd=2274204920-00&ServiceCd=210&Type=search", "url2": null }, "geometry": { "type": "Point", "coordinates": [ 138.42282739999996, 35.007337 ] } },
{ "type": "Feature", "properties": { "内容": "ショートステイ　羽鳥の森【短期入所生活介護】静岡県静岡市葵区羽鳥７丁目６番３８号", "url": "https://www.kaigokensaku.mhlw.go.jp/22/index.php?action_kouhyou_detail_004_kani=true&JigyosyoCd=2274205430-00&ServiceCd=210&Type=search", "url2": null }, "geometry": { "type": "Point", "coordinates": [ 138.334524800000054, 34.9906024 ] } },
{ "type": "Feature", "properties": { "内容": "セントケア千代田【短期入所生活介護】静岡県静岡市葵区千代田４丁目8番１０号", "url": "https://www.kaigokensaku.mhlw.go.jp/22/index.php?action_kouhyou_detail_004_kani=true&JigyosyoCd=2274205786-00&ServiceCd=210&Type=search", "url2": null }, "geometry": { "type": "Point", "coordinates": [ 138.399213, 34.9957849 ] } },
{ "type": "Feature", "properties": { "内容": "薬師の園短期入所生活介護事業所【短期入所生活介護】静岡県静岡市葵区薬師１１番地の１特別養護老人ホーム薬師の園", "url": "https://www.kaigokensaku.mhlw.go.jp/22/index.php?action_kouhyou_detail_004_kani=true&JigyosyoCd=2274208178-00&ServiceCd=210&Type=search", "url2": "https://yakushinosono.com/" }, "geometry": { "type": "Point", "coordinates": [ 138.410567026319882, 35.026059397594366 ] } },
{ "type": "Feature", "properties": { "内容": "丸子の里わかばショートステイ【短期入所生活介護】静岡県静岡市駿河区丸子6丁目19-29-3", "url": "https://www.kaigokensaku.mhlw.go.jp/22/index.php?action_kouhyou_detail_004_kani=true&JigyosyoCd=2274202262-00&ServiceCd=210&Type=search", "url2": null }, "geometry": { "type": "Point", "coordinates": [ 138.349460385458343, 34.948271398825085 ] } },
{ "type": "Feature", "properties": { "内容": "小鹿苑（介護予防）短期入所部【短期入所生活介護】静岡県静岡市駿河区小鹿一丁目１番２４号", "url": "https://www.kaigokensaku.mhlw.go.jp/22/index.php?action_kouhyou_detail_004_kani=true&JigyosyoCd=2274100094-00&ServiceCd=210&Type=search", "url2": "https://www.oshikaen.jp" }, "geometry": { "type": "Point", "coordinates": [ 138.414159499999982, 34.975640500000011 ] } },
{ "type": "Feature", "properties": { "内容": "小鹿なでしこ苑ショートステイ【短期入所生活介護】静岡市駿河区小鹿402-1", "url": "https://www.kaigokensaku.mhlw.go.jp/22/index.php?action_kouhyou_detail_004_kani=true&JigyosyoCd=2274205679-00&ServiceCd=210&Type=search", "url2": "http://www.siz.saiseikai.or.jp" }, "geometry": { "type": "Point", "coordinates": [ 138.425408599999969, 34.9710246 ] } },
{ "type": "Feature", "properties": { "内容": "特別養護老人ホーム登呂の家【短期入所生活介護】静岡市駿河区登呂３丁目４－１", "url": "https://www.kaigokensaku.mhlw.go.jp/22/index.php?action_kouhyou_detail_004_kani=true&JigyosyoCd=2274201892-00&ServiceCd=210&Type=search", "url2": "http://www.tenryu-kohseikai.or.jp/senior/toro/" }, "geometry": { "type": "Point", "coordinates": [ 138.406413499999985, 34.958956 ] } },
{ "type": "Feature", "properties": { "内容": "リフレア聖一色　ショートステイ【短期入所生活介護】静岡市駿河区聖一色165-1", "url": "https://www.kaigokensaku.mhlw.go.jp/22/index.php?action_kouhyou_detail_004_kani=true&JigyosyoCd=2274205711-00&ServiceCd=210&Type=search", "url2": "https://www.refrea.net/shortstay/hijiriissiki_short/" }, "geometry": { "type": "Point", "coordinates": [ 138.424997100000041, 34.9873755 ] } },
{ "type": "Feature", "properties": { "内容": "短期入所生活介護　小坂の郷【短期入所生活介護】静岡市駿河区小坂1106番地の1", "url": "https://www.kaigokensaku.mhlw.go.jp/22/index.php?action_kouhyou_detail_004_kani=true&JigyosyoCd=2274201249-00&ServiceCd=210&Type=search", "url2": "http://osakanosato.jp" }, "geometry": { "type": "Point", "coordinates": [ 138.349977599999988, 34.925187 ] } },
{ "type": "Feature", "properties": { "内容": "社会福祉法人静和会　丸子の里ショートステイ【短期入所生活介護】静岡市駿河区丸子3000番地の1", "url": "https://www.kaigokensaku.mhlw.go.jp/22/index.php?action_kouhyou_detail_004_kani=true&JigyosyoCd=2274100755-00&ServiceCd=210&Type=search", "url2": "http;//www.marokonosato.org" }, "geometry": { "type": "Point", "coordinates": [ 138.3297682, 34.9493366 ] } },
{ "type": "Feature", "properties": { "内容": "ショートステイなごみ【短期入所生活介護】静岡市駿河区中島２５８０－１", "url": "https://www.kaigokensaku.mhlw.go.jp/22/index.php?action_kouhyou_detail_004_kani=true&JigyosyoCd=2274100391-00&ServiceCd=210&Type=search", "url2": "http://www.wayou-fukushikai.jp/" }, "geometry": { "type": "Point", "coordinates": [ 138.4002898, 34.9338975 ] } },
{ "type": "Feature", "properties": { "内容": "短期入所事業久能の里【短期入所生活介護】静岡市駿河区根古屋289-1", "url": "https://www.kaigokensaku.mhlw.go.jp/22/index.php?action_kouhyou_detail_004_kani=true&JigyosyoCd=2274101217-00&ServiceCd=210&Type=search", "url2": "https://sunpuaoikai.or.jp/kunou/" }, "geometry": { "type": "Point", "coordinates": [ 138.470435599999973, 34.9623648 ] } },
{ "type": "Feature", "properties": { "内容": "静岡ケアセンターそよ風【短期入所生活介護】中田4-5-13", "url": "https://www.kaigokensaku.mhlw.go.jp/22/index.php?action_kouhyou_detail_004_kani=true&JigyosyoCd=2274205810-00&ServiceCd=210&Type=search", "url2": null }, "geometry": { "type": "Point", "coordinates": [ 138.3983948, 34.9586781 ] } },
{ "type": "Feature", "properties": { "内容": "まごころタウン＊静岡【短期入所生活介護】静岡県静岡市駿河区弥生町4-26", "url": "https://www.kaigokensaku.mhlw.go.jp/22/index.php?action_kouhyou_detail_004_kani=true&JigyosyoCd=2274207766-00&ServiceCd=210&Type=search", "url2": "http://www.magokoro-w.com/" }, "geometry": { "type": "Point", "coordinates": [ 138.43663331534421, 35.004053824870041 ] } },
{ "type": "Feature", "properties": { "内容": "ショートステイ　ペリデ　アネックス【短期入所生活介護】静岡県静岡市駿河区寺田201-1", "url": "https://www.kaigokensaku.mhlw.go.jp/22/index.php?action_kouhyou_detail_004_kani=true&JigyosyoCd=2274208053-00&ServiceCd=210&Type=search", "url2": "http://www.pelide.jp/" }, "geometry": { "type": "Point", "coordinates": [ 138.357286201046719, 34.939428072285246 ] } },
{ "type": "Feature", "properties": { "内容": "ショートステイ萌の家【短期入所生活介護】静岡県静岡市駿河区宮川39-20", "url": "https://www.kaigokensaku.mhlw.go.jp/22/index.php?action_kouhyou_detail_004_kani=true&JigyosyoCd=2214111607-00&ServiceCd=210&Type=search", "url2": "https://www.koyokai.net/" }, "geometry": { "type": "Point", "coordinates": [ 138.426046353442388, 34.959453346781565 ] } },
{ "type": "Feature", "properties": { "内容": "ショートステイはっぴぃ【短期入所生活介護】静岡市清水区草薙１１３１－１", "url": "https://www.kaigokensaku.mhlw.go.jp/22/index.php?action_kouhyou_detail_004_kani=true&JigyosyoCd=2274203120-00&ServiceCd=210&Type=search", "url2": "http://www.happy-kaigo.jp" }, "geometry": { "type": "Point", "coordinates": [ 138.451600699999972, 34.9995331 ] } },
{ "type": "Feature", "properties": { "内容": "浜石の郷短期入所施設【短期入所生活介護】静岡市清水区由比阿僧189番地の１", "url": "https://www.kaigokensaku.mhlw.go.jp/22/index.php?action_kouhyou_detail_004_kani=true&JigyosyoCd=2273100046-00&ServiceCd=210&Type=search", "url2": "http://www.jishoukai.com" }, "geometry": { "type": "Point", "coordinates": [ 138.5568214, 35.11523 ] } },
{ "type": "Feature", "properties": { "内容": "ショートステイ高部陽光園【短期入所生活介護】静岡県静岡市清水区押切997-1", "url": "https://www.kaigokensaku.mhlw.go.jp/22/index.php?action_kouhyou_detail_004_kani=true&JigyosyoCd=2274209499-00&ServiceCd=210&Type=search", "url2": "https://www.hakuju-kai.com/takabeyokoen" }, "geometry": { "type": "Point", "coordinates": [ 138.454379, 35.0278576 ] } },
{ "type": "Feature", "properties": { "内容": "短期入所生活介護事業所　サテライト葵【短期入所生活介護】静岡県静岡市清水区押切997-5", "url": "https://www.kaigokensaku.mhlw.go.jp/22/index.php?action_kouhyou_detail_004_kani=true&JigyosyoCd=2254280197-00&ServiceCd=210&Type=search", "url2": "http://seijukai-gp.jp/" }, "geometry": { "type": "Point", "coordinates": [ 138.4546914, 35.0279281 ] } },
{ "type": "Feature", "properties": { "内容": "好日の園短期入所生活介護事業所【短期入所生活介護】静岡市清水区蒲原神沢１３５９－１", "url": "https://www.kaigokensaku.mhlw.go.jp/22/index.php?action_kouhyou_detail_004_kani=true&JigyosyoCd=2273100038-00&ServiceCd=210&Type=search", "url2": "https://www.koujitsu6500.jp" }, "geometry": { "type": "Point", "coordinates": [ 138.571625600000061, 35.1157909 ] } },
{ "type": "Feature", "properties": { "内容": "巴の園短期入所生活介護事業所【短期入所生活介護】静岡市清水区万世町1丁目1番３０号", "url": "https://www.kaigokensaku.mhlw.go.jp/22/index.php?action_kouhyou_detail_004_kani=true&JigyosyoCd=2273200010-00&ServiceCd=210&Type=search", "url2": "http://seiunkai-t.or.jp" }, "geometry": { "type": "Point", "coordinates": [ 138.486988900000028, 35.0131271 ] } },
{ "type": "Feature", "properties": { "内容": "特別養護老人ホームあすなろの家【短期入所生活介護】静岡市清水区山原８７１－２", "url": "https://www.kaigokensaku.mhlw.go.jp/22/index.php?action_kouhyou_detail_004_kani=true&JigyosyoCd=2273200028-00&ServiceCd=210&Type=search", "url2": "http://www.s-asunaro.net/" }, "geometry": { "type": "Point", "coordinates": [ 138.46189030000005, 35.0448892 ] } },
{ "type": "Feature", "properties": { "内容": "特別養護老人ホーム　羽衣の園【短期入所生活介護】静岡市清水区折戸5丁目18番36号", "url": "https://www.kaigokensaku.mhlw.go.jp/22/index.php?action_kouhyou_detail_004_kani=true&JigyosyoCd=2273200044-00&ServiceCd=210&Type=search", "url2": "https://sei-sei-kai.jp/" }, "geometry": { "type": "Point", "coordinates": [ 138.518561200000022, 34.9900601 ] } },
{ "type": "Feature", "properties": { "内容": "特別養護老人ホーム　白扇閣【短期入所生活介護】静岡市清水区承元寺町１３４１番地", "url": "https://www.kaigokensaku.mhlw.go.jp/22/index.php?action_kouhyou_detail_004_kani=true&JigyosyoCd=2273200275-00&ServiceCd=210&Type=search", "url2": "http://hakusenkaku.jp" }, "geometry": { "type": "Point", "coordinates": [ 138.519269799999961, 35.082291 ] } },
{ "type": "Feature", "properties": { "内容": "ショートステイ柏尾の里【短期入所生活介護】静岡市清水区柏尾387番地の2", "url": "https://www.kaigokensaku.mhlw.go.jp/22/index.php?action_kouhyou_detail_004_kani=true&JigyosyoCd=2273200317-00&ServiceCd=210&Type=search", "url2": "http://shimizufukushikai/com" }, "geometry": { "type": "Point", "coordinates": [ 138.440853400000037, 35.0385143 ] } },
{ "type": "Feature", "properties": { "内容": "ショートステイ　有度の里【短期入所生活介護】静岡市清水区長崎新田３１１", "url": "https://www.kaigokensaku.mhlw.go.jp/22/index.php?action_kouhyou_detail_004_kani=true&JigyosyoCd=2274200175-00&ServiceCd=210&Type=search", "url2": "http://www.udonosato.com/" }, "geometry": { "type": "Point", "coordinates": [ 138.44835050000006, 35.0166922 ] } },
{ "type": "Feature", "properties": { "内容": "特別養護老人ホームレジデンス花【短期入所生活介護】静岡市清水区中河内２７１７", "url": "https://www.kaigokensaku.mhlw.go.jp/22/index.php?action_kouhyou_detail_004_kani=true&JigyosyoCd=2274200688-00&ServiceCd=210&Type=search", "url2": "http://hanazonokai.com" }, "geometry": { "type": "Point", "coordinates": [ 138.472371, 35.1336029 ] } },
{ "type": "Feature", "properties": { "内容": "ショートステイこもれび【短期入所生活介護】静岡市清水区吉原1731", "url": "https://www.kaigokensaku.mhlw.go.jp/22/index.php?action_kouhyou_detail_004_kani=true&JigyosyoCd=2274202668-00&ServiceCd=210&Type=search", "url2": "https://t-komorebi.com/" }, "geometry": { "type": "Point", "coordinates": [ 138.464406100000019, 35.0832623 ] } },
{ "type": "Feature", "properties": { "内容": "シンシア清水ショートステイ【短期入所生活介護】静岡県静岡市清水区押切1885", "url": "https://www.kaigokensaku.mhlw.go.jp/22/index.php?action_kouhyou_detail_004_kani=true&JigyosyoCd=2274206248-00&ServiceCd=210&Type=search", "url2": "http://www.sincere-gri.com" }, "geometry": { "type": "Point", "coordinates": [ 138.4545551, 35.0357456 ] } },
{ "type": "Feature", "properties": { "内容": "清水ケアセンターそよ風【短期入所生活介護】静岡県静岡市清水区能島25-1", "url": "https://www.kaigokensaku.mhlw.go.jp/22/index.php?action_kouhyou_detail_004_kani=true&JigyosyoCd=2274206446-00&ServiceCd=210&Type=search", "url2": "http://www.unimat-rc.co.jp" }, "geometry": { "type": "Point", "coordinates": [ 138.459204532016003, 35.02686070453661 ] } },
{ "type": "Feature", "properties": { "内容": "ショートステイ絆寿【短期入所生活介護】楠４０２", "url": "https://www.kaigokensaku.mhlw.go.jp/22/index.php?action_kouhyou_detail_004_kani=true&JigyosyoCd=2274206453-00&ServiceCd=210&Type=search", "url2": "ts-hanjyu-s@galaxy.ocn.ne.jp" }, "geometry": { "type": "Point", "coordinates": [ 133.061787200000026, 33.9611226 ] } },
{ "type": "Feature", "properties": { "内容": "巴の園和郷短期入所生活介護事業所【短期入所生活介護】静岡市清水区万世町1-1-30", "url": "https://www.kaigokensaku.mhlw.go.jp/22/index.php?action_kouhyou_detail_004_kani=true&JigyosyoCd=2274207238-00&ServiceCd=210&Type=search", "url2": "http://seiunkai-t.or.jp/" }, "geometry": { "type": "Point", "coordinates": [ 138.486988900000028, 35.0131271 ] } },
{ "type": "Feature", "properties": { "内容": "ショートステイ竜宮【短期入所生活介護】静岡県静岡市清水区春日2丁目5-5", "url": "https://www.kaigokensaku.mhlw.go.jp/22/index.php?action_kouhyou_detail_004_kani=true&JigyosyoCd=2274208186-00&ServiceCd=210&Type=search", "url2": "https://urashima-ryugu.com/short-ryugu/" }, "geometry": { "type": "Point", "coordinates": [ 138.472707, 35.010533 ] } },
{ "type": "Feature", "properties": { "内容": "特別養護老人ホーム　いはらの里【短期入所生活介護】庵原町578-1", "url": "https://www.kaigokensaku.mhlw.go.jp/22/index.php?action_kouhyou_detail_004_kani=true&JigyosyoCd=2274204151-00&ServiceCd=210&Type=search", "url2": "http://ihara.ja-shizuoka.or.jp/" }, "geometry": { "type": "Point", "coordinates": [ 138.474889600000012, 35.0453021 ] } },
{ "type": "Feature", "properties": { "内容": "イブサヤンショートステイ【短期入所生活介護】静岡県静岡市清水区高橋南町７ー６２", "url": "https://www.kaigokensaku.mhlw.go.jp/22/index.php?action_kouhyou_detail_004_kani=true&JigyosyoCd=2274211388-00&ServiceCd=210&Type=search", "url2": null }, "geometry": { "type": "Point", "coordinates": [ 138.4760729, 35.0259026 ] } },
{ "type": "Feature", "properties": { "内容": "特別養護老人ホーム　ベイコート清水【短期入所生活介護】静岡市清水区折戸487-5", "url": "https://www.kaigokensaku.mhlw.go.jp/22/index.php?action_kouhyou_detail_004_kani=true&JigyosyoCd=2274204250-00&ServiceCd=210&Type=search", "url2": "http://www4.tokai.or.jp/baycoat/" }, "geometry": { "type": "Point", "coordinates": [ 138.513745183992029, 34.996930538885437 ] } },
{ "type": "Feature", "properties": { "内容": "特別養護老人ホーム蜂ヶ谷園【短期入所生活介護】蜂ヶ谷460-7", "url": "https://www.kaigokensaku.mhlw.go.jp/22/index.php?action_kouhyou_detail_004_kani=true&JigyosyoCd=2274208566-00&ServiceCd=210&Type=search", "url2": "http://sunpuaoikai.or.jp/hachigaya/" }, "geometry": { "type": "Point", "coordinates": [ 138.457275200000026, 35.0407491 ] } },
{ "type": "Feature", "properties": { "内容": "地域密着型介護老人福祉施設いしはらの里【短期入所生活介護】静岡県浜松市南区石原町749", "url": "https://www.kaigokensaku.mhlw.go.jp/22/index.php?action_kouhyou_detail_004_kani=true&JigyosyoCd=2277205288-00&ServiceCd=210&Type=search", "url2": "http://www.hougawanosato.jp/hogawa/" }, "geometry": { "type": "Point", "coordinates": [ 137.768567800000028, 34.688256 ] } },
{ "type": "Feature", "properties": { "内容": "こうこうのさと【短期入所生活介護】浜松市中央区入野町10825-1", "url": "https://www.kaigokensaku.mhlw.go.jp/22/index.php?action_kouhyou_detail_004_kani=true&JigyosyoCd=2277206617-00&ServiceCd=210&Type=search", "url2": "https://www.kouwakai-swc.com" }, "geometry": { "type": "Point", "coordinates": [ 137.6741638, 34.6956226 ] } },
{ "type": "Feature", "properties": { "内容": "介護老人福祉施設　一空園【短期入所生活介護】浜松市東区安新町38-1", "url": "https://www.kaigokensaku.mhlw.go.jp/22/index.php?action_kouhyou_detail_004_kani=true&JigyosyoCd=2277100083-00&ServiceCd=210&Type=search", "url2": "http://www.hashoukai.jp" }, "geometry": { "type": "Point", "coordinates": [ 137.790082209262096, 34.726416861079535 ] } },
{ "type": "Feature", "properties": { "内容": "特別養護老人ホ－ム浜名湖園【短期入所生活介護】浜松市中央区古人見町1212番地", "url": "https://www.kaigokensaku.mhlw.go.jp/22/index.php?action_kouhyou_detail_004_kani=true&JigyosyoCd=2277100240-00&ServiceCd=210&Type=search", "url2": "https://www.hamanakoen.net/" }, "geometry": { "type": "Point", "coordinates": [ 137.637503199999969, 34.7300085 ] } },
{ "type": "Feature", "properties": { "内容": "和合愛光園和合サテライト【短期入所生活介護】静岡県浜松市中央区和合町500番地-1", "url": "https://www.kaigokensaku.mhlw.go.jp/22/index.php?action_kouhyou_detail_004_kani=true&JigyosyoCd=2277203457-00&ServiceCd=210&Type=search", "url2": "http://www.seirei.or.jp/elderlyhome/wagou/" }, "geometry": { "type": "Point", "coordinates": [ 137.702655632868755, 34.743834816353143 ] } },
{ "type": "Feature", "properties": { "内容": "第三静光園いこいショートステイサービス【短期入所生活介護】浜松市中央区根洗町681-4", "url": "https://www.kaigokensaku.mhlw.go.jp/22/index.php?action_kouhyou_detail_004_kani=true&JigyosyoCd=2277100109-00&ServiceCd=210&Type=search", "url2": "http://www.hikarinosono.or.jp" }, "geometry": { "type": "Point", "coordinates": [ 137.6985138, 34.7962482 ] } },
{ "type": "Feature", "properties": { "内容": "和合愛光園初生サテライト【短期入所生活介護】静岡県浜松市中央区初生町1095-1", "url": "https://www.kaigokensaku.mhlw.go.jp/22/index.php?action_kouhyou_detail_004_kani=true&JigyosyoCd=2277203424-00&ServiceCd=210&Type=search", "url2": "http://www.seirei.or.jp/hq/" }, "geometry": { "type": "Point", "coordinates": [ 137.73500150000001, 34.7712 ] } },
{ "type": "Feature", "properties": { "内容": "第三静光園あかりショートステイサービス【短期入所生活介護】静岡県浜松市北区根洗町６８１番地の４", "url": "https://www.kaigokensaku.mhlw.go.jp/22/index.php?action_kouhyou_detail_004_kani=true&JigyosyoCd=2277203796-00&ServiceCd=210&Type=search", "url2": "http://www.hikarinosono.or.jp/age/support/" }, "geometry": { "type": "Point", "coordinates": [ 137.698033802377267, 34.795910194636797 ] } },
{ "type": "Feature", "properties": { "内容": "ショートステイ白萩【短期入所生活介護】浜松市中央区鴨江3丁目6番12号", "url": "https://www.kaigokensaku.mhlw.go.jp/22/index.php?action_kouhyou_detail_004_kani=true&JigyosyoCd=2277100133-00&ServiceCd=210&Type=search", "url2": "https://www.jihian.or.jp" }, "geometry": { "type": "Point", "coordinates": [ 137.7146459, 34.7060852 ] } },
{ "type": "Feature", "properties": { "内容": "デイサービスセンター・ショートステイ「てとて」【短期入所生活介護】浜松市中区北寺島町215－4", "url": "https://www.kaigokensaku.mhlw.go.jp/22/index.php?action_kouhyou_detail_004_kani=true&JigyosyoCd=2277202350-00&ServiceCd=210&Type=search", "url2": "http://te10te.site/" }, "geometry": { "type": "Point", "coordinates": [ 137.741386299999931, 34.7049132 ] } },
{ "type": "Feature", "properties": { "内容": "ユニット型短期入所施設三幸の園【短期入所生活介護】静岡県浜松市浜松市中央区大平台１丁目３４番３０号", "url": "https://www.kaigokensaku.mhlw.go.jp/22/index.php?action_kouhyou_detail_004_kani=true&JigyosyoCd=2277205510-00&ServiceCd=210&Type=search", "url2": "https://www.sankoukai.or.jp./" }, "geometry": { "type": "Point", "coordinates": [ 137.682886400000029, 34.7187659 ] } },
{ "type": "Feature", "properties": { "内容": "ショートステイ　あづきもち【短期入所生活介護】静岡県浜松市中区小豆餅三丁目20番22号", "url": "https://www.kaigokensaku.mhlw.go.jp/22/index.php?action_kouhyou_detail_004_kani=true&JigyosyoCd=2277202616-00&ServiceCd=210&Type=search", "url2": "http://www.jikeikai.info/" }, "geometry": { "type": "Point", "coordinates": [ 137.7290707, 34.7542578 ] } },
{ "type": "Feature", "properties": { "内容": "第二長上苑ショートステイ【短期入所生活介護】浜松市東区中田町５９０番地", "url": "https://www.kaigokensaku.mhlw.go.jp/22/index.php?action_kouhyou_detail_004_kani=true&JigyosyoCd=2277102741-00&ServiceCd=210&Type=search", "url2": "http://www.jade.dti.ne.jp/~ngkm" }, "geometry": { "type": "Point", "coordinates": [ 137.759648, 34.7364517 ] } },
{ "type": "Feature", "properties": { "内容": "天竜厚生会城北の家ショートステイ【短期入所生活介護】浜松市中央区城北１丁目２４番５号天竜厚生会城北の家", "url": "https://www.kaigokensaku.mhlw.go.jp/22/index.php?action_kouhyou_detail_004_kani=true&JigyosyoCd=2277204083-00&ServiceCd=210&Type=search", "url2": "https://www.tenryu-kohseikai.or.jp/" }, "geometry": { "type": "Point", "coordinates": [ 137.723614568647832, 34.721823856738546 ] } },
{ "type": "Feature", "properties": { "内容": "長上苑【短期入所生活介護】浜松市中央区中田町５８４", "url": "https://www.kaigokensaku.mhlw.go.jp/22/index.php?action_kouhyou_detail_004_kani=true&JigyosyoCd=2277100208-00&ServiceCd=210&Type=search", "url2": "http://www.nanakeikai.jp" }, "geometry": { "type": "Point", "coordinates": [ 137.75912029999995, 34.7362656 ] } },
{ "type": "Feature", "properties": { "内容": "ラクラス上島ショートステイ【短期入所生活介護】静岡県浜松市中央区上島３丁目３７番１９号", "url": "https://www.kaigokensaku.mhlw.go.jp/22/index.php?action_kouhyou_detail_004_kani=true&JigyosyoCd=2277200818-00&ServiceCd=210&Type=search", "url2": "http://www.entetsu.co.jp/la-class/" }, "geometry": { "type": "Point", "coordinates": [ 137.74560120000001, 34.7405066 ] } },
{ "type": "Feature", "properties": { "内容": "指定短期入所生活介護事業所　第二砂丘寮【短期入所生活介護】静岡県浜松市中央区田尻町１１８２番地指定短期入所生活介護事業所　第二砂丘寮", "url": "https://www.kaigokensaku.mhlw.go.jp/22/index.php?action_kouhyou_detail_004_kani=true&JigyosyoCd=2277100349-00&ServiceCd=210&Type=search", "url2": "https://mitsuwakai-sunaoka.jp/" }, "geometry": { "type": "Point", "coordinates": [ 137.723346200000037, 34.666894900000024 ] } },
{ "type": "Feature", "properties": { "内容": "あおぞらライフショートステイ【短期入所生活介護】浜松市中央区大蒲町74-6", "url": "https://www.kaigokensaku.mhlw.go.jp/22/index.php?action_kouhyou_detail_004_kani=true&JigyosyoCd=2277101561-00&ServiceCd=210&Type=search", "url2": "http://www.ishigakinaika.jp/" }, "geometry": { "type": "Point", "coordinates": [ 137.763265, 34.7150795 ] } },
{ "type": "Feature", "properties": { "内容": "舘山寺の里　短期入所施設【短期入所生活介護】浜松市中央区舘山寺町463-1", "url": "https://www.kaigokensaku.mhlw.go.jp/22/index.php?action_kouhyou_detail_004_kani=true&JigyosyoCd=2277102097-00&ServiceCd=210&Type=search", "url2": "http://kanzanji-no-sato.shoeikai.or.jp/" }, "geometry": { "type": "Point", "coordinates": [ 137.619464798147646, 34.760773325381287 ] } },
{ "type": "Feature", "properties": { "内容": "短期入所施設まほら舞阪【短期入所生活介護】静岡県浜松市中央区舞阪町弁天島３４８１番地の２６", "url": "https://www.kaigokensaku.mhlw.go.jp/22/index.php?action_kouhyou_detail_004_kani=true&JigyosyoCd=2277103434-00&ServiceCd=210&Type=search", "url2": "https://www.seiyuu-kai.com/" }, "geometry": { "type": "Point", "coordinates": [ 137.590831799999933, 34.6950291 ] } },
{ "type": "Feature", "properties": { "内容": "ユニット型短期入所施設　山崎園【短期入所生活介護】静岡県浜松市中央区雄踏町山崎２８２９番地", "url": "https://www.kaigokensaku.mhlw.go.jp/22/index.php?action_kouhyou_detail_004_kani=true&JigyosyoCd=2277201931-00&ServiceCd=210&Type=search", "url2": "https://www.sankoukai.or.jp/" }, "geometry": { "type": "Point", "coordinates": [ 137.627193700000021, 34.7172096 ] } },
{ "type": "Feature", "properties": { "内容": "浜松ケアセンターそよ風【短期入所生活介護】和合町2番地の6", "url": "https://www.kaigokensaku.mhlw.go.jp/22/index.php?action_kouhyou_detail_004_kani=true&JigyosyoCd=2277202426-00&ServiceCd=210&Type=search", "url2": "https://www.sykz.co.jp/" }, "geometry": { "type": "Point", "coordinates": [ 139.049632, 37.8986614 ] } },
{ "type": "Feature", "properties": { "内容": "浜松西ケアセンターそよ風【短期入所生活介護】雄踏1丁目8-17", "url": "https://www.kaigokensaku.mhlw.go.jp/22/index.php?action_kouhyou_detail_004_kani=true&JigyosyoCd=2277202996-00&ServiceCd=210&Type=search", "url2": "https://www.sykz.co.jp/shisetsu-zaitaku/223463" }, "geometry": { "type": "Point", "coordinates": [ 137.646789099999978, 34.6970955 ] } },
{ "type": "Feature", "properties": { "内容": "浜松東ショートステイそよ風【短期入所生活介護】下石田町1826-1", "url": "https://www.kaigokensaku.mhlw.go.jp/22/index.php?action_kouhyou_detail_004_kani=true&JigyosyoCd=2277203499-00&ServiceCd=210&Type=search", "url2": "http://www.sykz.co.jp" }, "geometry": { "type": "Point", "coordinates": [ 137.78945084127804, 34.736293198460736 ] } },
{ "type": "Feature", "properties": { "内容": "短期入所生活介護事業所上大瀬【短期入所生活介護】静岡県浜松市中央区大島町959-1", "url": "https://www.kaigokensaku.mhlw.go.jp/22/index.php?action_kouhyou_detail_004_kani=true&JigyosyoCd=2277203812-00&ServiceCd=210&Type=search", "url2": "http://www.youshoukai.or.jp" }, "geometry": { "type": "Point", "coordinates": [ 137.781963499999961, 34.7662136 ] } },
{ "type": "Feature", "properties": { "内容": "湖東の杜　短期入所生活介護【短期入所生活介護】静岡県浜松市中央区湖東町1074湖東の杜", "url": "https://www.kaigokensaku.mhlw.go.jp/22/index.php?action_kouhyou_detail_004_kani=true&JigyosyoCd=2277204778-00&ServiceCd=210&Type=search", "url2": "https://www.kotou-no-mori" }, "geometry": { "type": "Point", "coordinates": [ 137.660955100000052, 34.761082 ] } },
{ "type": "Feature", "properties": { "内容": "短期入所施設　山崎園【短期入所生活介護】静岡県浜松市中央区雄踏町山崎２８２９番地", "url": "https://www.kaigokensaku.mhlw.go.jp/22/index.php?action_kouhyou_detail_004_kani=true&JigyosyoCd=2278200106-00&ServiceCd=210&Type=search", "url2": "https://www.sankoukai.or.jp/" }, "geometry": { "type": "Point", "coordinates": [ 137.627193700000021, 34.7172096 ] } },
{ "type": "Feature", "properties": { "内容": "芳川の里短期入所生活介護事業所【短期入所生活介護】浜松市中央区石原町739", "url": "https://www.kaigokensaku.mhlw.go.jp/22/index.php?action_kouhyou_detail_004_kani=true&JigyosyoCd=2277100067-00&ServiceCd=210&Type=search", "url2": "https://www.tanpopo-kai.jp/" }, "geometry": { "type": "Point", "coordinates": [ 137.769306300000039, 34.688178 ] } },
{ "type": "Feature", "properties": { "内容": "ショートステイ西島寮【短期入所生活介護】浜松市南区西島町101番地", "url": "https://www.kaigokensaku.mhlw.go.jp/22/index.php?action_kouhyou_detail_004_kani=true&JigyosyoCd=2277100299-00&ServiceCd=210&Type=search", "url2": "http://www.jikeikai.info" }, "geometry": { "type": "Point", "coordinates": [ 137.764134499999955, 34.672094 ] } },
{ "type": "Feature", "properties": { "内容": "静光園ショートステイサービス【短期入所生活介護】浜松市南区小沢渡町1300-1", "url": "https://www.kaigokensaku.mhlw.go.jp/22/index.php?action_kouhyou_detail_004_kani=true&JigyosyoCd=2277100331-00&ServiceCd=210&Type=search", "url2": "http://www.hikarinosono.or.jp" }, "geometry": { "type": "Point", "coordinates": [ 137.678128099999981, 34.6854813 ] } },
{ "type": "Feature", "properties": { "内容": "短期入所生活介護事業所　ふるさと庵【短期入所生活介護】静岡県浜松市中央区豊岡町273-2", "url": "https://www.kaigokensaku.mhlw.go.jp/22/index.php?action_kouhyou_detail_004_kani=true&JigyosyoCd=2277102171-00&ServiceCd=210&Type=search", "url2": "http://www.yuutainosato.com" }, "geometry": { "type": "Point", "coordinates": [ 137.724189300000035, 34.7904084 ] } },
{ "type": "Feature", "properties": { "内容": "浜松中央長上苑ショートステイ【短期入所生活介護】静岡県浜松市中央区中島二丁目7番1号", "url": "https://www.kaigokensaku.mhlw.go.jp/22/index.php?action_kouhyou_detail_004_kani=true&JigyosyoCd=2277203275-00&ServiceCd=210&Type=search", "url2": "https://www.nanakeikai.jp/" }, "geometry": { "type": "Point", "coordinates": [ 137.74597401520532, 34.701603470175854 ] } },
{ "type": "Feature", "properties": { "内容": "空床利用型（介護予防）短期入所生活介護なごみ【短期入所生活介護】静岡県浜松市中央区三方原町1383-1地域密着型介護老人福祉施設なごみ", "url": "https://www.kaigokensaku.mhlw.go.jp/22/index.php?action_kouhyou_detail_004_kani=true&JigyosyoCd=2277205270-00&ServiceCd=210&Type=search", "url2": "http://www.nagomi.hybs.jp/" }, "geometry": { "type": "Point", "coordinates": [ 137.710803079762286, 34.782877163947262 ] } },
{ "type": "Feature", "properties": { "内容": "ショートステイ藤乃花【短期入所生活介護】静岡県浜松市中区幸四丁目21番1号", "url": "https://www.kaigokensaku.mhlw.go.jp/22/index.php?action_kouhyou_detail_004_kani=true&JigyosyoCd=2277204323-00&ServiceCd=210&Type=search", "url2": "https://www.fujihanakai.com/tokuyou/" }, "geometry": { "type": "Point", "coordinates": [ 137.724702, 34.7414092 ] } },
{ "type": "Feature", "properties": { "内容": "きらら浜松ショートステイ【短期入所生活介護】静岡県浜松市南区楊子町139", "url": "https://www.kaigokensaku.mhlw.go.jp/22/index.php?action_kouhyou_detail_004_kani=true&JigyosyoCd=2277204661-00&ServiceCd=210&Type=search", "url2": "http://www.kenminkouseikai.net/" }, "geometry": { "type": "Point", "coordinates": [ 137.746104513381937, 34.691923075410138 ] } },
{ "type": "Feature", "properties": { "内容": "短期滞在朝霧の園【短期入所生活介護】浜松市中央区庄和町2476-1", "url": "https://www.kaigokensaku.mhlw.go.jp/22/index.php?action_kouhyou_detail_004_kani=true&JigyosyoCd=2277100018-00&ServiceCd=210&Type=search", "url2": "http://www.wakoukai-net.com/" }, "geometry": { "type": "Point", "coordinates": [ 137.604540400000019, 34.7315706 ] } },
{ "type": "Feature", "properties": { "内容": "短期入所施設　三幸の園【短期入所生活介護】浜松市中央区大平台一丁目３４番３０号", "url": "https://www.kaigokensaku.mhlw.go.jp/22/index.php?action_kouhyou_detail_004_kani=true&JigyosyoCd=2277100174-00&ServiceCd=210&Type=search", "url2": "https://www.sankoukai.or.jp/" }, "geometry": { "type": "Point", "coordinates": [ 137.682829099999907, 34.718683 ] } },
{ "type": "Feature", "properties": { "内容": "短期入所生活介護事業所おおしま【短期入所生活介護】浜松市中央区大島町891番地", "url": "https://www.kaigokensaku.mhlw.go.jp/22/index.php?action_kouhyou_detail_004_kani=true&JigyosyoCd=2277103335-00&ServiceCd=210&Type=search", "url2": "http://www.youshoukai.or.jp" }, "geometry": { "type": "Point", "coordinates": [ 137.779077700000016, 34.7649914 ] } },
{ "type": "Feature", "properties": { "内容": "神久呂の園【短期入所生活介護】静岡県浜松市中央区神ケ谷町6611番地", "url": "https://www.kaigokensaku.mhlw.go.jp/22/index.php?action_kouhyou_detail_004_kani=true&JigyosyoCd=2277100141-00&ServiceCd=210&Type=search", "url2": "http://tootsu.jp/" }, "geometry": { "type": "Point", "coordinates": [ 137.678345700000023, 34.730231500000016 ] } },
{ "type": "Feature", "properties": { "内容": "特別養護老人ホーム　和合愛光園【短期入所生活介護】浜松市中央区和合町555番地", "url": "https://www.kaigokensaku.mhlw.go.jp/22/index.php?action_kouhyou_detail_004_kani=true&JigyosyoCd=2277100158-00&ServiceCd=210&Type=search", "url2": "http://www.seirei.or.jp/elderlyhome-wagou-index.html" }, "geometry": { "type": "Point", "coordinates": [ 137.701492899999948, 34.7422639 ] } },
{ "type": "Feature", "properties": { "内容": "短期入所生活介護事業所　神田ふるさと庵【短期入所生活介護】神田町510-1", "url": "https://www.kaigokensaku.mhlw.go.jp/22/index.php?action_kouhyou_detail_004_kani=true&JigyosyoCd=2277201949-00&ServiceCd=210&Type=search", "url2": "http://www.yuutainosato.com" }, "geometry": { "type": "Point", "coordinates": [ 137.718718800000033, 34.6900092 ] } },
{ "type": "Feature", "properties": { "内容": "特別養護老人ホーム　ケアホーム三方原【短期入所生活介護】東三方町239", "url": "https://www.kaigokensaku.mhlw.go.jp/22/index.php?action_kouhyou_detail_004_kani=true&JigyosyoCd=2277204281-00&ServiceCd=210&Type=search", "url2": "http://www.siawase-k.com/wp/" }, "geometry": { "type": "Point", "coordinates": [ 137.723359, 34.7828067 ] } },
{ "type": "Feature", "properties": { "内容": "短期入所生活介護　宇布見の里【短期入所生活介護】静岡県浜松市中央区雄踏町宇布見9481-1社会福祉施設　宇布見の里", "url": "https://www.kaigokensaku.mhlw.go.jp/22/index.php?action_kouhyou_detail_004_kani=true&JigyosyoCd=2277204745-00&ServiceCd=210&Type=search", "url2": "http://www.ubuminosato.jp" }, "geometry": { "type": "Point", "coordinates": [ 137.628800376551794, 34.706895906410978 ] } },
{ "type": "Feature", "properties": { "内容": "特別養護老人ホーム　和合愛光園（ユニット型）【短期入所生活介護】浜松市中央区和合町555番地", "url": "https://www.kaigokensaku.mhlw.go.jp/22/index.php?action_kouhyou_detail_004_kani=true&JigyosyoCd=2277205353-00&ServiceCd=210&Type=search", "url2": "http://www.seirei.or.jp/elderlyhome/wagou/index.html" }, "geometry": { "type": "Point", "coordinates": [ 137.7013475, 34.7422678 ] } },
{ "type": "Feature", "properties": { "内容": "特別養護老人ホーム　グリーンヒルズ東山【短期入所生活介護】静岡県浜松市中央区大山町2958番地の1", "url": "https://www.kaigokensaku.mhlw.go.jp/22/index.php?action_kouhyou_detail_004_kani=true&JigyosyoCd=2277101479-00&ServiceCd=210&Type=search", "url2": "http://www.keiseikai6001.or.jp" }, "geometry": { "type": "Point", "coordinates": [ 137.681086199999982, 34.7737614 ] } },
{ "type": "Feature", "properties": { "内容": "短期入所施設南風【短期入所生活介護】浜松市中央区倉松町593番地", "url": "https://www.kaigokensaku.mhlw.go.jp/22/index.php?action_kouhyou_detail_004_kani=true&JigyosyoCd=2277101636-00&ServiceCd=210&Type=search", "url2": "http://www.h-minamikaze-com" }, "geometry": { "type": "Point", "coordinates": [ 137.696948900000052, 34.6758996 ] } },
{ "type": "Feature", "properties": { "内容": "ケアハウスあんしんの里【短期入所生活介護】静岡県浜松市中央区安新町33-1", "url": "https://www.kaigokensaku.mhlw.go.jp/22/index.php?action_kouhyou_detail_004_kani=true&JigyosyoCd=2277102212-00&ServiceCd=210&Type=search", "url2": "http://www.hashoukai.jp/" }, "geometry": { "type": "Point", "coordinates": [ 137.790163786508174, 34.725423834558406 ] } },
{ "type": "Feature", "properties": { "内容": "葵の里【短期入所生活介護】静岡県浜松市中央区葵西６丁目１０番６２号", "url": "https://www.kaigokensaku.mhlw.go.jp/22/index.php?action_kouhyou_detail_004_kani=true&JigyosyoCd=2277201980-00&ServiceCd=210&Type=search", "url2": "http://www.kouwakai.server-shared.com/#" }, "geometry": { "type": "Point", "coordinates": [ 137.70120929999996, 34.7682437 ] } },
{ "type": "Feature", "properties": { "内容": "ショートステイあおぞら中ノ町【短期入所生活介護】静岡県浜松市中央区中野町１２１７", "url": "https://www.kaigokensaku.mhlw.go.jp/22/index.php?action_kouhyou_detail_004_kani=true&JigyosyoCd=2277203267-00&ServiceCd=210&Type=search", "url2": "http://www.ishigakinaika.jp" }, "geometry": { "type": "Point", "coordinates": [ 137.796538899999973, 34.7282355 ] } },
{ "type": "Feature", "properties": { "内容": "さぎの宮寮短期入所生活介護事業所【短期入所生活介護】浜松市中央小池町３８番地の1", "url": "https://www.kaigokensaku.mhlw.go.jp/22/index.php?action_kouhyou_detail_004_kani=true&JigyosyoCd=2277100265-00&ServiceCd=210&Type=search", "url2": "http://houeikai5710.jp" }, "geometry": { "type": "Point", "coordinates": [ 137.76400179999996, 34.754028 ] } },
{ "type": "Feature", "properties": { "内容": "白梅下石田ショートステイ【短期入所生活介護】浜松市東区下石田町１５８８番地の１", "url": "https://www.kaigokensaku.mhlw.go.jp/22/index.php?action_kouhyou_detail_004_kani=true&JigyosyoCd=2277202608-00&ServiceCd=210&Type=search", "url2": "https://www.shiraume.or.jp/" }, "geometry": { "type": "Point", "coordinates": [ 137.783154249484227, 34.734399307174435 ] } },
{ "type": "Feature", "properties": { "内容": "ショートステイ　白萩【短期入所生活介護】浜松市中央区鴨江3丁目6番12号", "url": "https://www.kaigokensaku.mhlw.go.jp/22/index.php?action_kouhyou_detail_004_kani=true&JigyosyoCd=2277101578-00&ServiceCd=210&Type=search", "url2": "http://www.jihian.or.jp" }, "geometry": { "type": "Point", "coordinates": [ 137.714635300000026, 34.7060847 ] } },
{ "type": "Feature", "properties": { "内容": "都ショートステイセンター【短期入所生活介護】浜松市中央区根洗町１２９番地の１", "url": "https://www.kaigokensaku.mhlw.go.jp/22/index.php?action_kouhyou_detail_004_kani=true&JigyosyoCd=2277101801-00&ServiceCd=210&Type=search", "url2": null }, "geometry": { "type": "Point", "coordinates": [ 137.713528799999949, 34.8020007 ] } },
{ "type": "Feature", "properties": { "内容": "ケアホームしあわせ　ショートステイ【短期入所生活介護】浜松市浜名区都田町9220－1", "url": "https://www.kaigokensaku.mhlw.go.jp/22/index.php?action_kouhyou_detail_004_kani=true&JigyosyoCd=2277102221-00&ServiceCd=210&Type=search", "url2": "http://www.siawase-k.com" }, "geometry": { "type": "Point", "coordinates": [ 137.7433145, 34.8171726 ] } },
{ "type": "Feature", "properties": { "内容": "ショートステイ　第二九重荘【短期入所生活介護】浜松市北区都田町16-5", "url": "https://www.kaigokensaku.mhlw.go.jp/22/index.php?action_kouhyou_detail_004_kani=true&JigyosyoCd=2277100125-00&ServiceCd=210&Type=search", "url2": "http://www.jihian.or.jp" }, "geometry": { "type": "Point", "coordinates": [ 137.714325700000018, 34.809872 ] } },
{ "type": "Feature", "properties": { "内容": "特別養護老人ホーム細江の苑【短期入所生活介護】浜松市浜名区細江町中川7500-1", "url": "https://www.kaigokensaku.mhlw.go.jp/22/index.php?action_kouhyou_detail_004_kani=true&JigyosyoCd=2277205080-00&ServiceCd=210&Type=search", "url2": "http://www.daichi-hosoe.jp/" }, "geometry": { "type": "Point", "coordinates": [ 137.661881308459584, 34.806853244523431 ] } },
{ "type": "Feature", "properties": { "内容": "十字の園　ショートステイ【短期入所生活介護】浜松市浜名区細江町中川7220-11", "url": "https://www.kaigokensaku.mhlw.go.jp/22/index.php?action_kouhyou_detail_004_kani=true&JigyosyoCd=2278100058-00&ServiceCd=210&Type=search", "url2": "http://www.jyuji.or.jp/hamamatsu/" }, "geometry": { "type": "Point", "coordinates": [ 137.69450889999996, 34.7918903 ] } },
{ "type": "Feature", "properties": { "内容": "きじの里短期入所施設【短期入所生活介護】染地台五丁目４番３号", "url": "https://www.kaigokensaku.mhlw.go.jp/22/index.php?action_kouhyou_detail_004_kani=true&JigyosyoCd=2277201485-00&ServiceCd=210&Type=search", "url2": "https://kijinosato-fukushi.com/" }, "geometry": { "type": "Point", "coordinates": [ 137.750120299999907, 34.7914567 ] } },
{ "type": "Feature", "properties": { "内容": "（介護予防）短期入所生活介護事業所みずうみ【短期入所生活介護】浜松市浜名区三ヶ日町三ヶ日1148-2", "url": "https://www.kaigokensaku.mhlw.go.jp/22/index.php?action_kouhyou_detail_004_kani=true&JigyosyoCd=2278100231-00&ServiceCd=210&Type=search", "url2": "https://matsukaze.uh-oh.jp" }, "geometry": { "type": "Point", "coordinates": [ 137.552363799999966, 34.8022402 ] } },
{ "type": "Feature", "properties": { "内容": "翠松苑ショートステイ【短期入所生活介護】浜松市浜北区於呂4201-6特別養護老人ホーム　翠松苑", "url": "https://www.kaigokensaku.mhlw.go.jp/22/index.php?action_kouhyou_detail_004_kani=true&JigyosyoCd=2278300039-00&ServiceCd=210&Type=search", "url2": "http://www.tenryu-kohseikai.or.jp/senior/suisyouen/" }, "geometry": { "type": "Point", "coordinates": [ 137.794083799999953, 34.8547645 ] } },
{ "type": "Feature", "properties": { "内容": "特別養護老人ホームしんぱらの家【短期入所生活介護】浜松市浜名区新原4092-2", "url": "https://www.kaigokensaku.mhlw.go.jp/22/index.php?action_kouhyou_detail_004_kani=true&JigyosyoCd=2278300286-00&ServiceCd=210&Type=search", "url2": "http://www.tenryu-kohseikai.or.jp/senior/shinpara" }, "geometry": { "type": "Point", "coordinates": [ 137.772331541139181, 34.812727352632415 ] } },
{ "type": "Feature", "properties": { "内容": "多喜の園ユニット型指定短期入所生活介護【短期入所生活介護】浜松市浜名区中瀬3829-1", "url": "https://www.kaigokensaku.mhlw.go.jp/22/index.php?action_kouhyou_detail_004_kani=true&JigyosyoCd=2277201972-00&ServiceCd=210&Type=search", "url2": "http://www.daizen-f.com" }, "geometry": { "type": "Point", "coordinates": [ 137.811569100000042, 34.8204314 ] } },
{ "type": "Feature", "properties": { "内容": "短期入所生活介護　多喜の園ステイハウス中瀬【短期入所生活介護】静岡県浜松市浜北区西中瀬二丁目18番3号", "url": "https://www.kaigokensaku.mhlw.go.jp/22/index.php?action_kouhyou_detail_004_kani=true&JigyosyoCd=2277203184-00&ServiceCd=210&Type=search", "url2": "http://www.daizen-f.com/" }, "geometry": { "type": "Point", "coordinates": [ 137.806519869311501, 34.823171203749254 ] } },
{ "type": "Feature", "properties": { "内容": "多喜の園指定短期入所生活介護事業所【短期入所生活介護】浜松市浜名区中瀬３８２９－１", "url": "https://www.kaigokensaku.mhlw.go.jp/22/index.php?action_kouhyou_detail_004_kani=true&JigyosyoCd=2278300062-00&ServiceCd=210&Type=search", "url2": "http://www.daizen-f.com" }, "geometry": { "type": "Point", "coordinates": [ 137.811569100000042, 34.8204314 ] } },
{ "type": "Feature", "properties": { "内容": "しあわせの園短期入所生活介護事業所【短期入所生活介護】浜松市北区都田町1854番地", "url": "https://www.kaigokensaku.mhlw.go.jp/22/index.php?action_kouhyou_detail_004_kani=true&JigyosyoCd=2277100257-00&ServiceCd=210&Type=search", "url2": "http://www.siawase-k.com" }, "geometry": { "type": "Point", "coordinates": [ 137.7164891, 34.8191237 ] } },
{ "type": "Feature", "properties": { "内容": "短期入所生活介護施設　ショートステイ　ひまわり【短期入所生活介護】浜松市北区引佐町花平７６６-１", "url": "https://www.kaigokensaku.mhlw.go.jp/22/index.php?action_kouhyou_detail_004_kani=true&JigyosyoCd=2277200453-00&ServiceCd=210&Type=search", "url2": "ss-himawari@tenor.ocn.ne.jp" }, "geometry": { "type": "Point", "coordinates": [ 137.671409, 34.846938500000014 ] } },
{ "type": "Feature", "properties": { "内容": "短期入所生活介護　引佐みやまの里【短期入所生活介護】静岡県浜松市浜名区引佐町奥山1576-81", "url": "https://www.kaigokensaku.mhlw.go.jp/22/index.php?action_kouhyou_detail_004_kani=true&JigyosyoCd=2277204877-00&ServiceCd=210&Type=search", "url2": "http://www.inasa-miyama.jp" }, "geometry": { "type": "Point", "coordinates": [ 137.619722004715101, 34.846577495028477 ] } },
{ "type": "Feature", "properties": { "内容": "いなさ愛光園【短期入所生活介護】静岡県浜松市浜名区引佐町東黒田37-2", "url": "https://www.kaigokensaku.mhlw.go.jp/22/index.php?action_kouhyou_detail_004_kani=true&JigyosyoCd=2278100066-00&ServiceCd=210&Type=search", "url2": "http://www.seirei.or.jp/elderlyhome/inasa" }, "geometry": { "type": "Point", "coordinates": [ 137.662730799999963, 34.886710800000017 ] } },
{ "type": "Feature", "properties": { "内容": "ユニット型短期入所生活介護浜北愛光園【短期入所生活介護】静岡県浜松市浜名区高薗208-2", "url": "https://www.kaigokensaku.mhlw.go.jp/22/index.php?action_kouhyou_detail_004_kani=true&JigyosyoCd=2277201998-00&ServiceCd=210&Type=search", "url2": "http://www.seirei.or.jp/elderlyhome/hamakita/" }, "geometry": { "type": "Point", "coordinates": [ 137.811989300000022, 34.7862022 ] } },
{ "type": "Feature", "properties": { "内容": "特別養護老人ホーム　鶴寿の里【短期入所生活介護】静岡県浜松市浜名区平口2438番地", "url": "https://www.kaigokensaku.mhlw.go.jp/22/index.php?action_kouhyou_detail_004_kani=true&JigyosyoCd=2277205072-00&ServiceCd=210&Type=search", "url2": "http://www.houyu-kai.com" }, "geometry": { "type": "Point", "coordinates": [ 137.767213698200521, 34.795084005841254 ] } },
{ "type": "Feature", "properties": { "内容": "浜北愛光園【短期入所生活介護】静岡県浜松市浜名区高薗208-2", "url": "https://www.kaigokensaku.mhlw.go.jp/22/index.php?action_kouhyou_detail_004_kani=true&JigyosyoCd=2278300047-00&ServiceCd=210&Type=search", "url2": "http://www.seirei.or.jp/elderlyhome/hamakita/" }, "geometry": { "type": "Point", "coordinates": [ 137.811989300000022, 34.7862022 ] } },
{ "type": "Feature", "properties": { "内容": "短期入所生活介護事業所　鹿島の郷【短期入所生活介護】静岡県浜松市天竜区二俣町南鹿島36-1-2", "url": "https://www.kaigokensaku.mhlw.go.jp/22/index.php?action_kouhyou_detail_004_kani=true&JigyosyoCd=2257280020-00&ServiceCd=210&Type=search", "url2": "http://seijukai-gp.jp/" }, "geometry": { "type": "Point", "coordinates": [ 137.808503699999989, 34.8442099 ] } },
{ "type": "Feature", "properties": { "内容": "特別養護老人ホームさくまの里【短期入所生活介護】静岡県浜松市天竜区佐久間町中部18-15", "url": "https://www.kaigokensaku.mhlw.go.jp/22/index.php?action_kouhyou_detail_004_kani=true&JigyosyoCd=2276600083-00&ServiceCd=210&Type=search", "url2": "http://www.seirei.or.jp/rel/sakuma/" }, "geometry": { "type": "Point", "coordinates": [ 137.799884099999986, 35.0835611 ] } },
{ "type": "Feature", "properties": { "内容": "百々山ショートステイ【短期入所生活介護】静岡県浜松市天竜区渡ヶ島217-3", "url": "https://www.kaigokensaku.mhlw.go.jp/22/index.php?action_kouhyou_detail_004_kani=true&JigyosyoCd=2276500051-00&ServiceCd=210&Type=search", "url2": "http://www.tenryu-kohseikai.or.jp/senior/momoyama/" }, "geometry": { "type": "Point", "coordinates": [ 137.796355799999986, 34.8569393 ] } },
{ "type": "Feature", "properties": { "内容": "ショートステイ秋葉の苑【短期入所生活介護】浜松市天竜区春野町堀之内７１", "url": "https://www.kaigokensaku.mhlw.go.jp/22/index.php?action_kouhyou_detail_004_kani=true&JigyosyoCd=2276300031-00&ServiceCd=210&Type=search", "url2": null }, "geometry": { "type": "Point", "coordinates": [ 137.890875899999969, 34.9550664 ] } },
{ "type": "Feature", "properties": { "内容": "特別養護老人ホーム　みさくぼの里【短期入所生活介護】静岡県浜松市天竜区水窪町奥領家2356番地の4", "url": "https://www.kaigokensaku.mhlw.go.jp/22/index.php?action_kouhyou_detail_004_kani=true&JigyosyoCd=2277204786-00&ServiceCd=210&Type=search", "url2": "http://www.misakubo1010.com/" }, "geometry": { "type": "Point", "coordinates": [ 137.8668821, 35.1533639 ] } },
{ "type": "Feature", "properties": { "内容": "特別養護老人ホーム炉暖の郷（短期入所介護）【短期入所生活介護】沼津市足高字尾上２４－２４", "url": "https://www.kaigokensaku.mhlw.go.jp/22/index.php?action_kouhyou_detail_004_kani=true&JigyosyoCd=2271100808-00&ServiceCd=210&Type=search", "url2": "http://www.rodankai.com/pc/index.html" }, "geometry": { "type": "Point", "coordinates": [ 138.862080200000037, 35.149399 ] } },
{ "type": "Feature", "properties": { "内容": "かぬきショートステイ【短期入所生活介護】沼津市下香貫猪沼981-2", "url": "https://www.kaigokensaku.mhlw.go.jp/22/index.php?action_kouhyou_detail_004_kani=true&JigyosyoCd=2271100097-00&ServiceCd=210&Type=search", "url2": "http://www.shinai-kai.jp/numazuhome/" }, "geometry": { "type": "Point", "coordinates": [ 138.882872300000031, 35.0814889 ] } },
{ "type": "Feature", "properties": { "内容": "短期入所生活介護　みはるの丘浮島【短期入所生活介護】沼津市平沼９２９-１", "url": "https://www.kaigokensaku.mhlw.go.jp/22/index.php?action_kouhyou_detail_004_kani=true&JigyosyoCd=2271100972-00&ServiceCd=210&Type=search", "url2": "http://www.shunpuukai.com" }, "geometry": { "type": "Point", "coordinates": [ 138.781246600000031, 35.149157 ] } },
{ "type": "Feature", "properties": { "内容": "ショートステイ沼津南陽光園【短期入所生活介護】静岡県沼津市下香貫浜田2985-1沼津南陽光園", "url": "https://www.kaigokensaku.mhlw.go.jp/22/index.php?action_kouhyou_detail_004_kani=true&JigyosyoCd=2271103265-00&ServiceCd=210&Type=search", "url2": "http://hakuju-kai.com" }, "geometry": { "type": "Point", "coordinates": [ 138.8700776, 35.077055200000011 ] } },
{ "type": "Feature", "properties": { "内容": "短期入所生活介護事業所　椎路の里【短期入所生活介護】静岡県沼津市東椎路32‐1", "url": "https://www.kaigokensaku.mhlw.go.jp/22/index.php?action_kouhyou_detail_004_kani=true&JigyosyoCd=2251180044-00&ServiceCd=210&Type=search", "url2": null }, "geometry": { "type": "Point", "coordinates": [ 138.841748200000012, 35.1184796 ] } },
{ "type": "Feature", "properties": { "内容": "沼津ショートステイそよ風【短期入所生活介護】静岡県沼津市岡宮1159", "url": "https://www.kaigokensaku.mhlw.go.jp/22/index.php?action_kouhyou_detail_004_kani=true&JigyosyoCd=2271102838-00&ServiceCd=210&Type=search", "url2": "http://sykz.co.jp" }, "geometry": { "type": "Point", "coordinates": [ 138.8669883, 35.1362315 ] } },
{ "type": "Feature", "properties": { "内容": "和みショートステイ【短期入所生活介護】沼津市大平1538-1", "url": "https://www.kaigokensaku.mhlw.go.jp/22/index.php?action_kouhyou_detail_004_kani=true&JigyosyoCd=2271100568-00&ServiceCd=210&Type=search", "url2": "http://www.shinai-kai.jp/nagomi/" }, "geometry": { "type": "Point", "coordinates": [ 138.9045731, 35.0750318 ] } },
{ "type": "Feature", "properties": { "内容": "社会福祉法人　春風会　あしたかホーム【短期入所生活介護】沼津市東椎路1742-1", "url": "https://www.kaigokensaku.mhlw.go.jp/22/index.php?action_kouhyou_detail_004_kani=true&JigyosyoCd=2271100147-00&ServiceCd=210&Type=search", "url2": "http://www.shunpuukai.com" }, "geometry": { "type": "Point", "coordinates": [ 138.83150350594326, 35.127255260027582 ] } },
{ "type": "Feature", "properties": { "内容": "沼津フジビューショートステイ【短期入所生活介護】沼津市大岡字柏葉尾3571番地の1", "url": "https://www.kaigokensaku.mhlw.go.jp/22/index.php?action_kouhyou_detail_004_kani=true&JigyosyoCd=2271100030-00&ServiceCd=210&Type=search", "url2": "https://care-net.biz/22/suruga/" }, "geometry": { "type": "Point", "coordinates": [ 138.882204298672463, 35.138926677030966 ] } },
{ "type": "Feature", "properties": { "内容": "ショートステイ　ノアノア【短期入所生活介護】静岡県沼津市大平2804-1ノアノアテラス", "url": "https://www.kaigokensaku.mhlw.go.jp/22/index.php?action_kouhyou_detail_004_kani=true&JigyosyoCd=2271102846-00&ServiceCd=210&Type=search", "url2": "https://www.wellnesscare.or.jp" }, "geometry": { "type": "Point", "coordinates": [ 138.9107105006469, 35.069781049425899 ] } },
{ "type": "Feature", "properties": { "内容": "エミーズ東間門【短期入所生活介護】静岡県沼津市東間門625-6", "url": "https://www.kaigokensaku.mhlw.go.jp/22/index.php?action_kouhyou_detail_004_kani=true&JigyosyoCd=2271103315-00&ServiceCd=210&Type=search", "url2": "https://www.sunlife.jp/emmys" }, "geometry": { "type": "Point", "coordinates": [ 138.846935, 35.10295 ] } },
{ "type": "Feature", "properties": { "内容": "ショートステイ陽光園【短期入所生活介護】静岡県沼津市岡宮字下松沢1417番地の1", "url": "https://www.kaigokensaku.mhlw.go.jp/22/index.php?action_kouhyou_detail_004_kani=true&JigyosyoCd=2271101509-00&ServiceCd=210&Type=search", "url2": "http//hakujukai-gp.jp" }, "geometry": { "type": "Point", "coordinates": [ 138.86362697763218, 35.131275051370274 ] } },
{ "type": "Feature", "properties": { "内容": "特別養護老人ホーム　一本松【短期入所生活介護】沼津市一本松175", "url": "https://www.kaigokensaku.mhlw.go.jp/22/index.php?action_kouhyou_detail_004_kani=true&JigyosyoCd=2271101764-00&ServiceCd=210&Type=search", "url2": null }, "geometry": { "type": "Point", "coordinates": [ 138.7747693, 35.1297619 ] } },
{ "type": "Feature", "properties": { "内容": "ひだまりの郷　短期入所生活介護事業所【短期入所生活介護】沼津市内浦重須624", "url": "https://www.kaigokensaku.mhlw.go.jp/22/index.php?action_kouhyou_detail_004_kani=true&JigyosyoCd=2271100113-00&ServiceCd=210&Type=search", "url2": null }, "geometry": { "type": "Point", "coordinates": [ 138.883811799999989, 35.0174992 ] } },
{ "type": "Feature", "properties": { "内容": "特別養護老人ホーム姫の沢荘【短期入所生活介護】熱海市西熱海町２丁目２４－８", "url": "https://www.kaigokensaku.mhlw.go.jp/22/index.php?action_kouhyou_detail_004_kani=true&JigyosyoCd=2270500057-00&ServiceCd=210&Type=search", "url2": "http://www.ideyunosono.or.jp" }, "geometry": { "type": "Point", "coordinates": [ 139.04990650000002, 35.1142629 ] } },
{ "type": "Feature", "properties": { "内容": "短期入所生活介護事業所　海光園【短期入所生活介護】静岡県熱海市上多賀1016-10", "url": "https://www.kaigokensaku.mhlw.go.jp/22/index.php?action_kouhyou_detail_004_kani=true&JigyosyoCd=2270500065-00&ServiceCd=210&Type=search", "url2": "https://kaikoukai-atami.org" }, "geometry": { "type": "Point", "coordinates": [ 139.066299399999906, 35.0708125 ] } },
{ "type": "Feature", "properties": { "内容": "特別養護老人ホーム熱海伊豆海の郷【短期入所生活介護】熱海市伊豆山７１７－１", "url": "https://www.kaigokensaku.mhlw.go.jp/22/index.php?action_kouhyou_detail_004_kani=true&JigyosyoCd=2270500313-00&ServiceCd=210&Type=search", "url2": "http://www.s-koseikai.jp/" }, "geometry": { "type": "Point", "coordinates": [ 139.084736600000042, 35.1165021 ] } },
{ "type": "Feature", "properties": { "内容": "中銀ケアホテル【短期入所生活介護】静岡県熱海市咲見町6-5", "url": "https://www.kaigokensaku.mhlw.go.jp/22/index.php?action_kouhyou_detail_004_kani=true&JigyosyoCd=2270500388-00&ServiceCd=210&Type=search", "url2": "http://www.carehotel.co.jp/" }, "geometry": { "type": "Point", "coordinates": [ 139.072613, 35.0993677 ] } },
{ "type": "Feature", "properties": { "内容": "ショートステイたまざわ【短期入所生活介護】静岡県三島市玉沢８０番地81-1", "url": "https://www.kaigokensaku.mhlw.go.jp/22/index.php?action_kouhyou_detail_004_kani=true&JigyosyoCd=2270600915-00&ServiceCd=210&Type=search", "url2": "http://www.syafuku-izu.jp" }, "geometry": { "type": "Point", "coordinates": [ 138.960164500000019, 35.122264 ] } },
{ "type": "Feature", "properties": { "内容": "ショートステイ　モアナテラス【短期入所生活介護】静岡県三島市松本３９－３", "url": "https://www.kaigokensaku.mhlw.go.jp/22/index.php?action_kouhyou_detail_004_kani=true&JigyosyoCd=2270601350-00&ServiceCd=210&Type=search", "url2": null }, "geometry": { "type": "Point", "coordinates": [ 138.917846423942621, 35.093236079630863 ] } },
{ "type": "Feature", "properties": { "内容": "きたうえショートステイ【短期入所生活介護】三島市徳倉1148番地2", "url": "https://www.kaigokensaku.mhlw.go.jp/22/index.php?action_kouhyou_detail_004_kani=true&JigyosyoCd=2270600337-00&ServiceCd=210&Type=search", "url2": "http://www.kitauenosato.or.jp/" }, "geometry": { "type": "Point", "coordinates": [ 138.918753700000025, 35.1496854 ] } },
{ "type": "Feature", "properties": { "内容": "あかなすの里ショートステイ【短期入所生活介護】三島市玉川４２５－１", "url": "https://www.kaigokensaku.mhlw.go.jp/22/index.php?action_kouhyou_detail_004_kani=true&JigyosyoCd=2270600253-00&ServiceCd=210&Type=search", "url2": "http://akanasu55.wix.com/akanasunosato" }, "geometry": { "type": "Point", "coordinates": [ 138.91385230000003, 35.1055398 ] } },
{ "type": "Feature", "properties": { "内容": "特別養護老人ホーム南二日町短期入所生活介護【短期入所生活介護】静岡県三島市南二日町5番41号", "url": "https://www.kaigokensaku.mhlw.go.jp/22/index.php?action_kouhyou_detail_004_kani=true&JigyosyoCd=2270601210-00&ServiceCd=210&Type=search", "url2": "http://kashokai.or.jp" }, "geometry": { "type": "Point", "coordinates": [ 138.923107443655454, 35.109128320575934 ] } },
{ "type": "Feature", "properties": { "内容": "老人ショートステイ「ふるさとの丘」【短期入所生活介護】三島市徳倉208-1", "url": "https://www.kaigokensaku.mhlw.go.jp/22/index.php?action_kouhyou_detail_004_kani=true&JigyosyoCd=2270600345-00&ServiceCd=210&Type=search", "url2": "http://www.furusatonooka.or.jp/" }, "geometry": { "type": "Point", "coordinates": [ 138.923295, 35.1425974 ] } },
{ "type": "Feature", "properties": { "内容": "御寿園短期入所生活介護事業所【短期入所生活介護】三島市御園５８０番地", "url": "https://www.kaigokensaku.mhlw.go.jp/22/index.php?action_kouhyou_detail_004_kani=true&JigyosyoCd=2270600022-00&ServiceCd=210&Type=search", "url2": "daijoukai.com" }, "geometry": { "type": "Point", "coordinates": [ 138.923529300000041, 35.0782403 ] } },
{ "type": "Feature", "properties": { "内容": "短期入所生活介護事業所いづテラス【短期入所生活介護】三島市松本２９２－１", "url": "https://www.kaigokensaku.mhlw.go.jp/22/index.php?action_kouhyou_detail_004_kani=true&JigyosyoCd=2270600667-00&ServiceCd=210&Type=search", "url2": "http://website.infomity.net/c0004633/" }, "geometry": { "type": "Point", "coordinates": [ 138.9173882, 35.0924162 ] } },
{ "type": "Feature", "properties": { "内容": "ショートステイ　外神陽光園【短期入所生活介護】静岡県富士宮市外神1638番地の1", "url": "https://www.kaigokensaku.mhlw.go.jp/22/index.php?action_kouhyou_detail_004_kani=true&JigyosyoCd=2272100971-00&ServiceCd=210&Type=search", "url2": "http://hakujukai-gp.jp/" }, "geometry": { "type": "Point", "coordinates": [ 138.594609, 35.257685 ] } },
{ "type": "Feature", "properties": { "内容": "ショートステイ　萩の里【短期入所生活介護】静岡県富士宮市上井出２０２９－１", "url": "https://www.kaigokensaku.mhlw.go.jp/22/index.php?action_kouhyou_detail_004_kani=true&JigyosyoCd=2272100013-00&ServiceCd=210&Type=search", "url2": "http://www.fujikoseikai.or.jp/fujinomiyasou/" }, "geometry": { "type": "Point", "coordinates": [ 138.607156499999974, 35.3092847 ] } },
{ "type": "Feature", "properties": { "内容": "特別養護老人ホーム百恵の郷【短期入所生活介護】静岡県富士宮市大鹿窪143-1", "url": "https://www.kaigokensaku.mhlw.go.jp/22/index.php?action_kouhyou_detail_004_kani=true&JigyosyoCd=2272200011-00&ServiceCd=210&Type=search", "url2": "http://www.koyama-gr.com/" }, "geometry": { "type": "Point", "coordinates": [ 138.556695399999967, 35.2533794 ] } },
{ "type": "Feature", "properties": { "内容": "シンシア富士宮【短期入所生活介護】静岡県富士宮市万野原新田３３１４－１１", "url": "https://www.kaigokensaku.mhlw.go.jp/22/index.php?action_kouhyou_detail_004_kani=true&JigyosyoCd=2272100799-00&ServiceCd=210&Type=search", "url2": "http://www.sinceregri.com/fujinomiya/fujinomiya.htm" }, "geometry": { "type": "Point", "coordinates": [ 138.6244977, 35.2500559 ] } },
{ "type": "Feature", "properties": { "内容": "ショートステイ　星の郷【短期入所生活介護】静岡県富士宮市星山１０５８番地特別養護老人ホーム　星の郷内", "url": "https://www.kaigokensaku.mhlw.go.jp/22/index.php?action_kouhyou_detail_004_kani=true&JigyosyoCd=2272100187-00&ServiceCd=210&Type=search", "url2": "http://www.hoshi-no-sato.co.jp/" }, "geometry": { "type": "Point", "coordinates": [ 138.618088100000023, 35.20432 ] } },
{ "type": "Feature", "properties": { "内容": "しらいとショートステイ【短期入所生活介護】富士宮市上井出１２８５－１", "url": "https://www.kaigokensaku.mhlw.go.jp/22/index.php?action_kouhyou_detail_004_kani=true&JigyosyoCd=2272100062-00&ServiceCd=210&Type=search", "url2": "https://www.tenryu-kohseikai.or.jp/senior/shiraito" }, "geometry": { "type": "Point", "coordinates": [ 138.596279699999968, 35.310226 ] } },
{ "type": "Feature", "properties": { "内容": "高原荘　短期入所生活介護事業所【短期入所生活介護】静岡県富士宮市貫戸１０３番地の２", "url": "https://www.kaigokensaku.mhlw.go.jp/22/index.php?action_kouhyou_detail_004_kani=true&JigyosyoCd=2272100021-00&ServiceCd=210&Type=search", "url2": "http://www.takaharasou.jp/" }, "geometry": { "type": "Point", "coordinates": [ 138.623205884655789, 35.203637933523744 ] } },
{ "type": "Feature", "properties": { "内容": "特別養護老人ホーム　楓の丘【短期入所生活介護】富士宮市羽鮒２５０５－１", "url": "https://www.kaigokensaku.mhlw.go.jp/22/index.php?action_kouhyou_detail_004_kani=true&JigyosyoCd=2272101193-00&ServiceCd=210&Type=search", "url2": "http://s-koseikai.jp/" }, "geometry": { "type": "Point", "coordinates": [ 138.582502200000022, 35.2142483 ] } },
{ "type": "Feature", "properties": { "内容": "万野原ショートステイ【短期入所生活介護】静岡県富士宮市万野原新田3314-13", "url": "https://www.kaigokensaku.mhlw.go.jp/22/index.php?action_kouhyou_detail_004_kani=true&JigyosyoCd=2272101441-00&ServiceCd=210&Type=search", "url2": "https://www.sincere-gri.com/028_mannoharass/index.html" }, "geometry": { "type": "Point", "coordinates": [ 138.624653, 35.2497961 ] } },
{ "type": "Feature", "properties": { "内容": "ショートステイにしき【短期入所生活介護】富士宮市錦町1番10号", "url": "https://www.kaigokensaku.mhlw.go.jp/22/index.php?action_kouhyou_detail_004_kani=true&JigyosyoCd=2272101813-00&ServiceCd=210&Type=search", "url2": "http://kinshinkai.jp/" }, "geometry": { "type": "Point", "coordinates": [ 138.614262599999989, 35.2207202 ] } },
{ "type": "Feature", "properties": { "内容": "短期入所生活介護事業所旭ヶ丘【短期入所生活介護】静岡県富士宮市山宮1027番地の2", "url": "https://www.kaigokensaku.mhlw.go.jp/22/index.php?action_kouhyou_detail_004_kani=true&JigyosyoCd=2252180050-00&ServiceCd=210&Type=search", "url2": "http://seijukai-gp.jp/" }, "geometry": { "type": "Point", "coordinates": [ 138.6229033, 35.259521 ] } },
{ "type": "Feature", "properties": { "内容": "うさみの園ショートステイ【短期入所生活介護】伊東市宇佐美２４０３－１", "url": "https://www.kaigokensaku.mhlw.go.jp/22/index.php?action_kouhyou_detail_004_kani=true&JigyosyoCd=2270400316-00&ServiceCd=210&Type=search", "url2": "http://www.kansekien.com" }, "geometry": { "type": "Point", "coordinates": [ 139.065860199999946, 35.0010242 ] } },
{ "type": "Feature", "properties": { "内容": "ショートステイ　伊豆の瞳【短期入所生活介護】静岡県伊東市吉田821-19", "url": "https://www.kaigokensaku.mhlw.go.jp/22/index.php?action_kouhyou_detail_004_kani=true&JigyosyoCd=2270401025-00&ServiceCd=210&Type=search", "url2": "http://hakujukai-gp.jp/" }, "geometry": { "type": "Point", "coordinates": [ 139.107612900000049, 34.9317485 ] } },
{ "type": "Feature", "properties": { "内容": "城ヶ崎いこいの園指定短期入所生活介護事業所【短期入所生活介護】伊東市富戸1219番地の5", "url": "https://www.kaigokensaku.mhlw.go.jp/22/index.php?action_kouhyou_detail_004_kani=true&JigyosyoCd=2270400043-00&ServiceCd=210&Type=search", "url2": "http://www.ikoinosato.jp/" }, "geometry": { "type": "Point", "coordinates": [ 139.1363758, 34.9135226 ] } },
{ "type": "Feature", "properties": { "内容": "奥野苑指定短期入所生活介護事業所【短期入所生活介護】伊東市荻７７２－１", "url": "https://www.kaigokensaku.mhlw.go.jp/22/index.php?action_kouhyou_detail_004_kani=true&JigyosyoCd=2270400050-00&ServiceCd=210&Type=search", "url2": "http://www.h2.dion.ne.jp/~ikoi/" }, "geometry": { "type": "Point", "coordinates": [ 139.074248, 34.9371691 ] } },
{ "type": "Feature", "properties": { "内容": "医療法人啓仁会　介護老人保健施設　いとうの杜　短期入所生活介護事業所【短期入所生活介護】静岡県伊東市湯川２８８番地９", "url": "https://www.kaigokensaku.mhlw.go.jp/22/index.php?action_kouhyou_detail_004_kani=true&JigyosyoCd=2270400514-00&ServiceCd=210&Type=search", "url2": "http://itou-mori.jp/" }, "geometry": { "type": "Point", "coordinates": [ 139.090858799999978, 34.9746746 ] } },
{ "type": "Feature", "properties": { "内容": "伊豆高原十字の園【短期入所生活介護】伊東市八幡野１０２8番地の4", "url": "https://www.kaigokensaku.mhlw.go.jp/22/index.php?action_kouhyou_detail_004_kani=true&JigyosyoCd=2270400068-00&ServiceCd=210&Type=search", "url2": "http://www.jyuji.or.jp/ito_city/izukougen/" }, "geometry": { "type": "Point", "coordinates": [ 139.11648260000004, 34.8752683 ] } },
{ "type": "Feature", "properties": { "内容": "クラシオン富士見【短期入所生活介護】静岡県伊東市玖須美元和田722-714", "url": "https://www.kaigokensaku.mhlw.go.jp/22/index.php?action_kouhyou_detail_004_kani=true&JigyosyoCd=2270400977-00&ServiceCd=210&Type=search", "url2": "http://www.izukaigo.com/" }, "geometry": { "type": "Point", "coordinates": [ 139.1099233, 34.9436035 ] } },
{ "type": "Feature", "properties": { "内容": "ショートステイゆずの里【短期入所生活介護】静岡県伊東市富戸１３０１番地の６９３", "url": "https://www.kaigokensaku.mhlw.go.jp/22/index.php?action_kouhyou_detail_004_kani=true&JigyosyoCd=2270400951-00&ServiceCd=210&Type=search", "url2": "https://www.yuzunosato.org/" }, "geometry": { "type": "Point", "coordinates": [ 139.138498221183113, 34.92792903288619 ] } },
{ "type": "Feature", "properties": { "内容": "短期入所生活介護事業所　ほたるの丘【短期入所生活介護】静岡県島田市阪本2449-2", "url": "https://www.kaigokensaku.mhlw.go.jp/22/index.php?action_kouhyou_detail_004_kani=true&JigyosyoCd=2275401129-00&ServiceCd=210&Type=search", "url2": "www.hotaru-oka.com" }, "geometry": { "type": "Point", "coordinates": [ 138.2073679, 34.8062366 ] } },
{ "type": "Feature", "properties": { "内容": "シンシア島田ショートステイ【短期入所生活介護】島田市中河町358番地の1", "url": "https://www.kaigokensaku.mhlw.go.jp/22/index.php?action_kouhyou_detail_004_kani=true&JigyosyoCd=2275400634-00&ServiceCd=210&Type=search", "url2": "http://www.sincere.-gri.com" }, "geometry": { "type": "Point", "coordinates": [ 138.176600919049093, 34.84197279044237 ] } },
{ "type": "Feature", "properties": { "内容": "特別養護老人ホーム　かなや【短期入所生活介護】静岡県島田市島５３６番１", "url": "https://www.kaigokensaku.mhlw.go.jp/22/index.php?action_kouhyou_detail_004_kani=true&JigyosyoCd=2275400378-00&ServiceCd=210&Type=search", "url2": "https://www.tokuyou-kanaya.com" }, "geometry": { "type": "Point", "coordinates": [ 138.1268265, 34.841987 ] } },
{ "type": "Feature", "properties": { "内容": "短期入所生活介護事業所ひぎり【短期入所生活介護】静岡県島田市島829-2", "url": "https://www.kaigokensaku.mhlw.go.jp/22/index.php?action_kouhyou_detail_004_kani=true&JigyosyoCd=2275400972-00&ServiceCd=210&Type=search", "url2": "http://www.youshoukai.or.jp" }, "geometry": { "type": "Point", "coordinates": [ 138.1226881, 34.8387179 ] } },
{ "type": "Feature", "properties": { "内容": "みどりの園短期入所生活介護事業所【短期入所生活介護】島田市中河375番地の1", "url": "https://www.kaigokensaku.mhlw.go.jp/22/index.php?action_kouhyou_detail_004_kani=true&JigyosyoCd=2275400022-00&ServiceCd=210&Type=search", "url2": "http://care-net.biz/22/midori/company.php" }, "geometry": { "type": "Point", "coordinates": [ 138.2356218, 34.8073841 ] } },
{ "type": "Feature", "properties": { "内容": "老人短期入所事業所とこは【短期入所生活介護】島田市川根町家山4168番地の1", "url": "https://www.kaigokensaku.mhlw.go.jp/22/index.php?action_kouhyou_detail_004_kani=true&JigyosyoCd=2275500491-00&ServiceCd=210&Type=search", "url2": "http://www.tokohafukushikai.or.jp" }, "geometry": { "type": "Point", "coordinates": [ 138.082594400000062, 34.919951 ] } },
{ "type": "Feature", "properties": { "内容": "特別養護老人ホーム　本田山荘【短期入所生活介護】島田市牛尾1102番地の1", "url": "https://www.kaigokensaku.mhlw.go.jp/22/index.php?action_kouhyou_detail_004_kani=true&JigyosyoCd=2275500151-00&ServiceCd=210&Type=search", "url2": "http://hondenyamaso.jp/" }, "geometry": { "type": "Point", "coordinates": [ 138.128395599999976, 34.850786 ] } },
{ "type": "Feature", "properties": { "内容": "特別養護老人ホームかたくら明和園【短期入所生活介護】富士市大淵2710-1", "url": "https://www.kaigokensaku.mhlw.go.jp/22/index.php?action_kouhyou_detail_004_kani=true&JigyosyoCd=2272301538-00&ServiceCd=210&Type=search", "url2": "http://www.seishinkai.info" }, "geometry": { "type": "Point", "coordinates": [ 138.678788599999962, 35.1995883 ] } },
{ "type": "Feature", "properties": { "内容": "特別養護老人ホーム月のあかり【短期入所生活介護】静岡県富士市大淵847番地4", "url": "https://www.kaigokensaku.mhlw.go.jp/22/index.php?action_kouhyou_detail_004_kani=true&JigyosyoCd=2272302684-00&ServiceCd=210&Type=search", "url2": "http://s-koseikai.jp/tsukinoakari/index.html" }, "geometry": { "type": "Point", "coordinates": [ 138.696483860141029, 35.203873881141845 ] } },
{ "type": "Feature", "properties": { "内容": "特別養護老人ホーム　富士楽寿園【短期入所生活介護】静岡県富士市大淵2087-1", "url": "https://www.kaigokensaku.mhlw.go.jp/22/index.php?action_kouhyou_detail_004_kani=true&JigyosyoCd=2272303310-00&ServiceCd=210&Type=search", "url2": "https://www.seishinkai.info/" }, "geometry": { "type": "Point", "coordinates": [ 138.685752961848067, 35.228330172893102 ] } },
{ "type": "Feature", "properties": { "内容": "ショートステイみぎわ園【短期入所生活介護】富士市今泉2210", "url": "https://www.kaigokensaku.mhlw.go.jp/22/index.php?action_kouhyou_detail_004_kani=true&JigyosyoCd=2272300852-00&ServiceCd=210&Type=search", "url2": "http://fuyoukai.org" }, "geometry": { "type": "Point", "coordinates": [ 138.686174599999958, 35.1723721 ] } },
{ "type": "Feature", "properties": { "内容": "すどの杜　ショートステイ事業所【短期入所生活介護】富士市増川510-1", "url": "https://www.kaigokensaku.mhlw.go.jp/22/index.php?action_kouhyou_detail_004_kani=true&JigyosyoCd=2272300092-00&ServiceCd=210&Type=search", "url2": "http://www.miyosikai.or.jp" }, "geometry": { "type": "Point", "coordinates": [ 138.746932300000026, 35.1584442 ] } },
{ "type": "Feature", "properties": { "内容": "特別養護老人ホーム　天間荘【短期入所生活介護】静岡県富士市天間1602", "url": "https://www.kaigokensaku.mhlw.go.jp/22/index.php?action_kouhyou_detail_004_kani=true&JigyosyoCd=2272300027-00&ServiceCd=210&Type=search", "url2": "http://shinai-kai.jp/" }, "geometry": { "type": "Point", "coordinates": [ 138.648091600000043, 35.2066206 ] } },
{ "type": "Feature", "properties": { "内容": "あずみ苑富士【短期入所生活介護】中島400番地", "url": "https://www.kaigokensaku.mhlw.go.jp/22/index.php?action_kouhyou_detail_004_kani=true&JigyosyoCd=2272302916-00&ServiceCd=210&Type=search", "url2": "https://www.azumien.jp/search/fuji/" }, "geometry": { "type": "Point", "coordinates": [ 138.653672200000017, 35.161901299999975 ] } },
{ "type": "Feature", "properties": { "内容": "ショートステイシャローム富士川【短期入所生活介護】富士市北松野１０７１", "url": "https://www.kaigokensaku.mhlw.go.jp/22/index.php?action_kouhyou_detail_004_kani=true&JigyosyoCd=2273100160-00&ServiceCd=210&Type=search", "url2": "http://www.fujikoseikai.or.jp/syarom/index.html" }, "geometry": { "type": "Point", "coordinates": [ 138.587757499999952, 35.1892038 ] } },
{ "type": "Feature", "properties": { "内容": "特別養護老人ホーム　加島の郷【短期入所生活介護】富士市水戸島本町7-8", "url": "https://www.kaigokensaku.mhlw.go.jp/22/index.php?action_kouhyou_detail_004_kani=true&JigyosyoCd=2272300605-00&ServiceCd=210&Type=search", "url2": "http://www.kajimanosato.com" }, "geometry": { "type": "Point", "coordinates": [ 138.648552800000061, 35.1473694 ] } },
{ "type": "Feature", "properties": { "内容": "ショートステイディアナの郷【短期入所生活介護】静岡県富士市宮島1476番地", "url": "https://www.kaigokensaku.mhlw.go.jp/22/index.php?action_kouhyou_detail_004_kani=true&JigyosyoCd=2272302999-00&ServiceCd=210&Type=search", "url2": "http://kajimanosato.com/" }, "geometry": { "type": "Point", "coordinates": [ 138.656814574868804, 35.128834179779602 ] } },
{ "type": "Feature", "properties": { "内容": "ヴィラージュ富士ショートステイ【短期入所生活介護】富士市厚原359番地の8", "url": "https://www.kaigokensaku.mhlw.go.jp/22/index.php?action_kouhyou_detail_004_kani=true&JigyosyoCd=2272300977-00&ServiceCd=210&Type=search", "url2": "https://www.syuuseikai.or.jp/facility04/" }, "geometry": { "type": "Point", "coordinates": [ 138.657185600000048, 35.180249 ] } },
{ "type": "Feature", "properties": { "内容": "短期入所生活介護事業所　かぐや富士【短期入所生活介護】静岡県富士市中里2546-7", "url": "https://www.kaigokensaku.mhlw.go.jp/22/index.php?action_kouhyou_detail_004_kani=true&JigyosyoCd=2252380049-00&ServiceCd=210&Type=search", "url2": "http://seijukai-gp.jp/w" }, "geometry": { "type": "Point", "coordinates": [ 138.748763199999985, 35.1376132 ] } },
{ "type": "Feature", "properties": { "内容": "地域密着型特別養護老人ホーム　あおば【短期入所生活介護】静岡県富士市五味島２８５－１", "url": "https://www.kaigokensaku.mhlw.go.jp/22/index.php?action_kouhyou_detail_004_kani=true&JigyosyoCd=2272302627-00&ServiceCd=210&Type=search", "url2": "http//gakuyoukai.or.jp/tokuyo-aoba/" }, "geometry": { "type": "Point", "coordinates": [ 138.655426087171918, 35.167200640995837 ] } },
{ "type": "Feature", "properties": { "内容": "鑑石園ショートステイ【短期入所生活介護】富士市原田1350-16", "url": "https://www.kaigokensaku.mhlw.go.jp/22/index.php?action_kouhyou_detail_004_kani=true&JigyosyoCd=2272300076-00&ServiceCd=210&Type=search", "url2": "https://kansekien.com" }, "geometry": { "type": "Point", "coordinates": [ 138.713585299999977, 35.1717869 ] } },
{ "type": "Feature", "properties": { "内容": "ケアハウス慈恩【短期入所生活介護】富士市五味島２８１", "url": "https://www.kaigokensaku.mhlw.go.jp/22/index.php?action_kouhyou_detail_004_kani=true&JigyosyoCd=2272301454-00&ServiceCd=210&Type=search", "url2": "http://www.gakuyoukai.or.jp" }, "geometry": { "type": "Point", "coordinates": [ 138.655302334393355, 35.166569432217024 ] } },
{ "type": "Feature", "properties": { "内容": "みずほショートスティ【短期入所生活介護】静岡県富士市瓜島町173-1", "url": "https://www.kaigokensaku.mhlw.go.jp/22/index.php?action_kouhyou_detail_004_kani=true&JigyosyoCd=2272300654-00&ServiceCd=210&Type=search", "url2": "http://mizuhocare.or.jp" }, "geometry": { "type": "Point", "coordinates": [ 138.6750821, 35.164105 ] } },
{ "type": "Feature", "properties": { "内容": "特別養護老人ホーム岩本園【短期入所生活介護】富士市岩本１１８４－１", "url": "https://www.kaigokensaku.mhlw.go.jp/22/index.php?action_kouhyou_detail_004_kani=true&JigyosyoCd=2272300118-00&ServiceCd=210&Type=search", "url2": "http://gakuyoukai.or.jp" }, "geometry": { "type": "Point", "coordinates": [ 138.632842699999969, 35.1800705 ] } },
{ "type": "Feature", "properties": { "内容": "風の杜ショートステイ事業所【短期入所生活介護】静岡県富士市原田2030-1", "url": "https://www.kaigokensaku.mhlw.go.jp/22/index.php?action_kouhyou_detail_004_kani=true&JigyosyoCd=2272302577-00&ServiceCd=210&Type=search", "url2": "http://www.miyoshikai.or.jp/" }, "geometry": { "type": "Point", "coordinates": [ 138.719847436862182, 35.178944656608842 ] } },
{ "type": "Feature", "properties": { "内容": "短期入所施設西貝の郷【短期入所生活介護】磐田市西貝塚2111番地1", "url": "https://www.kaigokensaku.mhlw.go.jp/22/index.php?action_kouhyou_detail_004_kani=true&JigyosyoCd=2276700181-00&ServiceCd=210&Type=search", "url2": "http://www.saishinkai.or.jp" }, "geometry": { "type": "Point", "coordinates": [ 137.872475099999974, 34.7177928 ] } },
{ "type": "Feature", "properties": { "内容": "短期入所施設　西之島の郷【短期入所生活介護】磐田市西之島26番地1", "url": "https://www.kaigokensaku.mhlw.go.jp/22/index.php?action_kouhyou_detail_004_kani=true&JigyosyoCd=2276900228-00&ServiceCd=210&Type=search", "url2": "http://saishinkai.or.jp/nishinoshima" }, "geometry": { "type": "Point", "coordinates": [ 137.879803199999969, 34.6984537 ] } },
{ "type": "Feature", "properties": { "内容": "ラクラス見付ショートステイ【短期入所生活介護】磐田市見付235-10", "url": "https://www.kaigokensaku.mhlw.go.jp/22/index.php?action_kouhyou_detail_004_kani=true&JigyosyoCd=2276900640-00&ServiceCd=210&Type=search", "url2": "http://www.entetsu.co.jp/la-class/" }, "geometry": { "type": "Point", "coordinates": [ 137.854998900000027, 34.7263524 ] } },
{ "type": "Feature", "properties": { "内容": "社会福祉法人　丹穂会　福寿荘【短期入所生活介護】磐田市宇兵衛新田１８７", "url": "https://www.kaigokensaku.mhlw.go.jp/22/index.php?action_kouhyou_detail_004_kani=true&JigyosyoCd=2276600059-00&ServiceCd=210&Type=search", "url2": "https://www.tansuikai.or.jp/fukujuso/" }, "geometry": { "type": "Point", "coordinates": [ 137.860792400000037, 34.6752565 ] } },
{ "type": "Feature", "properties": { "内容": "ゆやの里短期入所生活介護事業所【短期入所生活介護】磐田市加茂３９５番地", "url": "https://www.kaigokensaku.mhlw.go.jp/22/index.php?action_kouhyou_detail_004_kani=true&JigyosyoCd=2276900608-00&ServiceCd=210&Type=search", "url2": "http://www.hashoukai.or.jp" }, "geometry": { "type": "Point", "coordinates": [ 137.833239300000059, 34.7385444 ] } },
{ "type": "Feature", "properties": { "内容": "あずみ苑磐田【短期入所生活介護】静岡県磐田市豊島1427-1", "url": "https://www.kaigokensaku.mhlw.go.jp/22/index.php?action_kouhyou_detail_004_kani=true&JigyosyoCd=2276901119-00&ServiceCd=210&Type=search", "url2": "https://www.azumien.jp" }, "geometry": { "type": "Point", "coordinates": [ 137.844667348201909, 34.697430304069549 ] } },
{ "type": "Feature", "properties": { "内容": "特別養護老人ホーム中泉の里【短期入所生活介護】中泉2414-1", "url": "https://www.kaigokensaku.mhlw.go.jp/22/index.php?action_kouhyou_detail_004_kani=true&JigyosyoCd=2276900582-00&ServiceCd=210&Type=search", "url2": "http://nakaizuminosato.web.fc2.com/" }, "geometry": { "type": "Point", "coordinates": [ 137.8446113, 34.7141815 ] } },
{ "type": "Feature", "properties": { "内容": "豊田ゆうあいの里短期入所生活介護事業所【短期入所生活介護】磐田市下万能700番地", "url": "https://www.kaigokensaku.mhlw.go.jp/22/index.php?action_kouhyou_detail_004_kani=true&JigyosyoCd=2276900087-00&ServiceCd=210&Type=search", "url2": "http://www.enchu-fukushikai.or.jp/" }, "geometry": { "type": "Point", "coordinates": [ 137.83107080000002, 34.7150751 ] } },
{ "type": "Feature", "properties": { "内容": "介護老人福祉施設梅香の里【短期入所生活介護】磐田市下野部363-1", "url": "https://www.kaigokensaku.mhlw.go.jp/22/index.php?action_kouhyou_detail_004_kani=true&JigyosyoCd=2276900186-00&ServiceCd=210&Type=search", "url2": "http://www.hashoukai.jp" }, "geometry": { "type": "Point", "coordinates": [ 137.8464401, 34.8350333 ] } },
{ "type": "Feature", "properties": { "内容": "白寿園ショートステイ【短期入所生活介護】磐田市掛塚3172番地", "url": "https://www.kaigokensaku.mhlw.go.jp/22/index.php?action_kouhyou_detail_004_kani=true&JigyosyoCd=2276600034-00&ServiceCd=210&Type=search", "url2": "http://www.hakuju.jp" }, "geometry": { "type": "Point", "coordinates": [ 137.8039387, 34.6642444 ] } },
{ "type": "Feature", "properties": { "内容": "豊仙苑短期入所【短期入所生活介護】磐田市敷地83番地8", "url": "https://www.kaigokensaku.mhlw.go.jp/22/index.php?action_kouhyou_detail_004_kani=true&JigyosyoCd=2276600075-00&ServiceCd=210&Type=search", "url2": "http://www.housenen.or.jp/" }, "geometry": { "type": "Point", "coordinates": [ 137.861167099999989, 34.8218302 ] } },
{ "type": "Feature", "properties": { "内容": "磐田ケアセンターそよ風【短期入所生活介護】静岡県磐田市国府台10-1", "url": "https://www.kaigokensaku.mhlw.go.jp/22/index.php?action_kouhyou_detail_004_kani=true&JigyosyoCd=2276901168-00&ServiceCd=210&Type=search", "url2": null }, "geometry": { "type": "Point", "coordinates": [ 137.850564100000014, 34.7163409 ] } },
{ "type": "Feature", "properties": { "内容": "豊田一空園短期入所生活介護【短期入所生活介護】磐田市東原207-1", "url": "https://www.kaigokensaku.mhlw.go.jp/22/index.php?action_kouhyou_detail_004_kani=true&JigyosyoCd=2276600018-00&ServiceCd=210&Type=search", "url2": "http://hashoukai.or.jp" }, "geometry": { "type": "Point", "coordinates": [ 137.84438810000006, 34.743222 ] } },
{ "type": "Feature", "properties": { "内容": "遠州の園短期入所生活介護【短期入所生活介護】磐田市大久保522-1", "url": "https://www.kaigokensaku.mhlw.go.jp/22/index.php?action_kouhyou_detail_004_kani=true&JigyosyoCd=2276700032-00&ServiceCd=210&Type=search", "url2": "http://www.tohotoumi-kouseien.or.jp" }, "geometry": { "type": "Point", "coordinates": [ 137.853286616918894, 34.767633647093724 ] } },
{ "type": "Feature", "properties": { "内容": "特別養護老人ホーム第二遠州の園【短期入所生活介護】磐田市鮫島１８０４－１", "url": "https://www.kaigokensaku.mhlw.go.jp/22/index.php?action_kouhyou_detail_004_kani=true&JigyosyoCd=2276700024-00&ServiceCd=210&Type=search", "url2": "https://www.tohtoumi-kouseien.or.jp/" }, "geometry": { "type": "Point", "coordinates": [ 137.8478854, 34.6678015 ] } },
{ "type": "Feature", "properties": { "内容": "短期入所生活介護事業所　つばさ【短期入所生活介護】焼津市田尻北792-1", "url": "https://www.kaigokensaku.mhlw.go.jp/22/index.php?action_kouhyou_detail_004_kani=true&JigyosyoCd=2275100226-00&ServiceCd=210&Type=search", "url2": "http://www.tubasa.or.jp" }, "geometry": { "type": "Point", "coordinates": [ 138.330058300000019, 34.8343994 ] } },
{ "type": "Feature", "properties": { "内容": "シンシア焼津西【短期入所生活介護】静岡県焼津市黒石1丁目3番地の13", "url": "https://www.kaigokensaku.mhlw.go.jp/22/index.php?action_kouhyou_detail_004_kani=true&JigyosyoCd=2275100853-00&ServiceCd=210&Type=search", "url2": "http://wwwsincere.gri.com/" }, "geometry": { "type": "Point", "coordinates": [ 138.306011300000051, 34.8454093 ] } },
{ "type": "Feature", "properties": { "内容": "焼津ショートステイそよ風【短期入所生活介護】静岡県焼津市西小川３丁目ー１２ー５", "url": "https://www.kaigokensaku.mhlw.go.jp/22/index.php?action_kouhyou_detail_004_kani=true&JigyosyoCd=2275101232-00&ServiceCd=210&Type=search", "url2": "http://www.sykz.co.jp/" }, "geometry": { "type": "Point", "coordinates": [ 138.307988488885456, 34.856670445751618 ] } },
{ "type": "Feature", "properties": { "内容": "複合施設一休【短期入所生活介護】静岡県焼津市中根新田1120-1", "url": "https://www.kaigokensaku.mhlw.go.jp/22/index.php?action_kouhyou_detail_004_kani=true&JigyosyoCd=2275101224-00&ServiceCd=210&Type=search", "url2": "www.will-planning.com/ikkyu" }, "geometry": { "type": "Point", "coordinates": [ 138.29234918588287, 34.830759322964944 ] } },
{ "type": "Feature", "properties": { "内容": "あおい荘ショートステイサービスセンター【短期入所生活介護】焼津市一色４３５番地", "url": "https://www.kaigokensaku.mhlw.go.jp/22/index.php?action_kouhyou_detail_004_kani=true&JigyosyoCd=2275100069-00&ServiceCd=210&Type=search", "url2": "https://www.aoiso.net" }, "geometry": { "type": "Point", "coordinates": [ 138.31477730000006, 34.8239092 ] } },
{ "type": "Feature", "properties": { "内容": "特別養護老人ホーム福聚荘【短期入所生活介護】静岡県焼津市大島649", "url": "https://www.kaigokensaku.mhlw.go.jp/22/index.php?action_kouhyou_detail_004_kani=true&JigyosyoCd=2275100077-00&ServiceCd=210&Type=search", "url2": "http://www.eiikukai.jp/" }, "geometry": { "type": "Point", "coordinates": [ 138.2822261, 34.8214597 ] } },
{ "type": "Feature", "properties": { "内容": "ショートステイ　大富陽光園【短期入所生活介護】静岡県焼津市三右衛門新田675-1", "url": "https://www.kaigokensaku.mhlw.go.jp/22/index.php?action_kouhyou_detail_004_kani=true&JigyosyoCd=2275101455-00&ServiceCd=210&Type=search", "url2": "https://www.hakuju-kai.com/" }, "geometry": { "type": "Point", "coordinates": [ 138.292646231488874, 34.8464257881012 ] } },
{ "type": "Feature", "properties": { "内容": "大井川睦園ショートステイ【短期入所生活介護】静岡県焼津市高新田２３２６番５８", "url": "https://www.kaigokensaku.mhlw.go.jp/22/index.php?action_kouhyou_detail_004_kani=true&JigyosyoCd=2275200018-00&ServiceCd=210&Type=search", "url2": "https://www.mutumien.jp" }, "geometry": { "type": "Point", "coordinates": [ 138.31272869999998, 34.8021234 ] } },
{ "type": "Feature", "properties": { "内容": "ショートステイ　長者の森【短期入所生活介護】焼津市三ヶ名558-4", "url": "https://www.kaigokensaku.mhlw.go.jp/22/index.php?action_kouhyou_detail_004_kani=true&JigyosyoCd=2275100499-00&ServiceCd=210&Type=search", "url2": "http://choujanomori.com/" }, "geometry": { "type": "Point", "coordinates": [ 138.302339599999982, 34.8586353 ] } },
{ "type": "Feature", "properties": { "内容": "短期入所生活介護事業所　つばさ豊田【短期入所生活介護】焼津市保福島１２０２", "url": "https://www.kaigokensaku.mhlw.go.jp/22/index.php?action_kouhyou_detail_004_kani=true&JigyosyoCd=2275100655-00&ServiceCd=210&Type=search", "url2": "http://www.tubasatoyoda.jp" }, "geometry": { "type": "Point", "coordinates": [ 138.287691699999982, 34.8692533 ] } },
{ "type": "Feature", "properties": { "内容": "特別養護老人ホーム　高麓【短期入所生活介護】静岡県焼津市坂本385番地の1", "url": "https://www.kaigokensaku.mhlw.go.jp/22/index.php?action_kouhyou_detail_004_kani=true&JigyosyoCd=2275100044-00&ServiceCd=210&Type=search", "url2": "http://www.kouroku.com/" }, "geometry": { "type": "Point", "coordinates": [ 138.309513299999907, 34.8910122 ] } },
{ "type": "Feature", "properties": { "内容": "ユニット型特別養護老人ホーム高麓【短期入所生活介護】静岡県焼津市坂本３８５番地の1", "url": "https://www.kaigokensaku.mhlw.go.jp/22/index.php?action_kouhyou_detail_004_kani=true&JigyosyoCd=2275101281-00&ServiceCd=210&Type=search", "url2": "http://www.kouorku.com/" }, "geometry": { "type": "Point", "coordinates": [ 138.309513299999907, 34.8910122 ] } },
{ "type": "Feature", "properties": { "内容": "ショートステイ　心楽【短期入所生活介護】中央2丁目９－１", "url": "https://www.kaigokensaku.mhlw.go.jp/22/index.php?action_kouhyou_detail_004_kani=true&JigyosyoCd=2277400467-00&ServiceCd=210&Type=search", "url2": "http://kokora-kcp.xsrv.jp/" }, "geometry": { "type": "Point", "coordinates": [ 138.007652159339841, 34.769611737441338 ] } },
{ "type": "Feature", "properties": { "内容": "短期入所生活介護事業所掛川福祉ノ郷【短期入所生活介護】掛川市上西郷7921-1", "url": "https://www.kaigokensaku.mhlw.go.jp/22/index.php?action_kouhyou_detail_004_kani=true&JigyosyoCd=2277400137-00&ServiceCd=210&Type=search", "url2": "http://taki@daizen-f.com" }, "geometry": { "type": "Point", "coordinates": [ 138.023578199999946, 34.8186229 ] } },
{ "type": "Feature", "properties": { "内容": "さやの家ショートステイ【短期入所生活介護】掛川市長谷1673", "url": "https://www.kaigokensaku.mhlw.go.jp/22/index.php?action_kouhyou_detail_004_kani=true&JigyosyoCd=2277400384-00&ServiceCd=210&Type=search", "url2": "http://www.tenryu-kohseikai.or.jp" }, "geometry": { "type": "Point", "coordinates": [ 137.990346499999987, 34.7695638 ] } },
{ "type": "Feature", "properties": { "内容": "さやの家ショートステイ【短期入所生活介護】掛川市長谷1673", "url": "https://www.kaigokensaku.mhlw.go.jp/22/index.php?action_kouhyou_detail_004_kani=true&JigyosyoCd=2276200017-00&ServiceCd=210&Type=search", "url2": "http://www.tenryu-kohseikai.or.jp" }, "geometry": { "type": "Point", "coordinates": [ 137.990346499999987, 34.7695638 ] } },
{ "type": "Feature", "properties": { "内容": "おおすか苑　ショートステイ【短期入所生活介護】掛川市大渕４８９５番地", "url": "https://www.kaigokensaku.mhlw.go.jp/22/index.php?action_kouhyou_detail_004_kani=true&JigyosyoCd=2276100084-00&ServiceCd=210&Type=search", "url2": "http://www.oosukaen.or.jp" }, "geometry": { "type": "Point", "coordinates": [ 138.016149, 34.6686712 ] } },
{ "type": "Feature", "properties": { "内容": "くにやすショートステイサービス【短期入所生活介護】掛川市国安1717-1", "url": "https://www.kaigokensaku.mhlw.go.jp/22/index.php?action_kouhyou_detail_004_kani=true&JigyosyoCd=2276100423-00&ServiceCd=210&Type=search", "url2": "https://daitofukushikai.com" }, "geometry": { "type": "Point", "coordinates": [ 138.06642080000006, 34.6564432 ] } },
{ "type": "Feature", "properties": { "内容": "かけがわ苑短期入所生活介護事業所【短期入所生活介護】静岡県掛川市大池648番地", "url": "https://www.kaigokensaku.mhlw.go.jp/22/index.php?action_kouhyou_detail_004_kani=true&JigyosyoCd=2276200033-00&ServiceCd=210&Type=search", "url2": "http://www.kake-en.or.jp" }, "geometry": { "type": "Point", "coordinates": [ 137.987914447221328, 34.774798459485105 ] } },
{ "type": "Feature", "properties": { "内容": "特別養護老人ホーム　ラスール掛川【短期入所生活介護】静岡県掛川市杉谷南1-1-20特別養護老人ホーム　ラスール掛川", "url": "https://www.kaigokensaku.mhlw.go.jp/22/index.php?action_kouhyou_detail_004_kani=true&JigyosyoCd=2277400731-00&ServiceCd=210&Type=search", "url2": "momoha-bloom.or.jp/lasoeur.html" }, "geometry": { "type": "Point", "coordinates": [ 138.028080869311538, 34.760440663913037 ] } },
{ "type": "Feature", "properties": { "内容": "大東ショートステイサービス【短期入所生活介護】掛川市下土方3584番地の1", "url": "https://www.kaigokensaku.mhlw.go.jp/22/index.php?action_kouhyou_detail_004_kani=true&JigyosyoCd=2276100035-00&ServiceCd=210&Type=search", "url2": "daitoen@piano.ocn.ne.jp" }, "geometry": { "type": "Point", "coordinates": [ 138.043141, 34.6903472 ] } },
{ "type": "Feature", "properties": { "内容": "亀寿の郷指定短期入所生活介護事業所【短期入所生活介護】静岡県藤枝市岡部町内谷１３３４番地の４", "url": "https://www.kaigokensaku.mhlw.go.jp/22/index.php?action_kouhyou_detail_004_kani=true&JigyosyoCd=2275200026-00&ServiceCd=210&Type=search", "url2": "http://hadukikai.jp/kijyunosato/" }, "geometry": { "type": "Point", "coordinates": [ 138.28972727605742, 34.908495819691325 ] } },
{ "type": "Feature", "properties": { "内容": "ふじトピア短期入所生活介護事業所【短期入所生活介護】藤枝市時ケ谷417番地2", "url": "https://www.kaigokensaku.mhlw.go.jp/22/index.php?action_kouhyou_detail_004_kani=true&JigyosyoCd=2275300181-00&ServiceCd=210&Type=search", "url2": "http://fujitopia.jp/" }, "geometry": { "type": "Point", "coordinates": [ 138.258649900000023, 34.8858675 ] } },
{ "type": "Feature", "properties": { "内容": "きらら藤枝ショートステイ【短期入所生活介護】静岡県藤枝市八幡198番地", "url": "https://www.kaigokensaku.mhlw.go.jp/22/index.php?action_kouhyou_detail_004_kani=true&JigyosyoCd=2275300826-00&ServiceCd=210&Type=search", "url2": "http://www.kenminkouseikai.net/" }, "geometry": { "type": "Point", "coordinates": [ 138.274598200000014, 34.8856595 ] } },
{ "type": "Feature", "properties": { "内容": "藤枝ケアセンターそよ風【短期入所生活介護】田沼5丁目4－7", "url": "https://www.kaigokensaku.mhlw.go.jp/22/index.php?action_kouhyou_detail_004_kani=true&JigyosyoCd=2275301915-00&ServiceCd=210&Type=search", "url2": "http://www.sykz.co.jp/" }, "geometry": { "type": "Point", "coordinates": [ 138.256909400000012, 34.8392962 ] } },
{ "type": "Feature", "properties": { "内容": "開寿園短期入所生活介護事業所【短期入所生活介護】藤枝市中ノ合２５２番地の1特別養護老人ホーム　開寿園", "url": "https://www.kaigokensaku.mhlw.go.jp/22/index.php?action_kouhyou_detail_004_kani=true&JigyosyoCd=2275300065-00&ServiceCd=210&Type=search", "url2": "http://fusuikai.jp" }, "geometry": { "type": "Point", "coordinates": [ 138.250361699999985, 34.904734 ] } },
{ "type": "Feature", "properties": { "内容": "ショートステイ菜の花【短期入所生活介護】藤枝市内瀬戸194番地の1", "url": "https://www.kaigokensaku.mhlw.go.jp/22/index.php?action_kouhyou_detail_004_kani=true&JigyosyoCd=2275301196-00&ServiceCd=210&Type=search", "url2": "http://seikeikai.info/" }, "geometry": { "type": "Point", "coordinates": [ 138.233782900000051, 34.8530013 ] } },
{ "type": "Feature", "properties": { "内容": "介護老人福祉施設　第2開寿園【短期入所生活介護】藤枝市青南町1-12-13", "url": "https://www.kaigokensaku.mhlw.go.jp/22/index.php?action_kouhyou_detail_004_kani=true&JigyosyoCd=2275300073-00&ServiceCd=210&Type=search", "url2": "http://www.fusuikai.jp/" }, "geometry": { "type": "Point", "coordinates": [ 138.240627099999983, 34.8363586 ] } },
{ "type": "Feature", "properties": { "内容": "憩う【短期入所生活介護】静岡県御殿場市西田中452-3", "url": "https://www.kaigokensaku.mhlw.go.jp/22/index.php?action_kouhyou_detail_004_kani=true&JigyosyoCd=2271200699-00&ServiceCd=210&Type=search", "url2": "https://www.hohoemi-ikou.com/" }, "geometry": { "type": "Point", "coordinates": [ 138.9417856, 35.3209916 ] } },
{ "type": "Feature", "properties": { "内容": "短期入所生活介護ふじあざみ【短期入所生活介護】静岡県御殿場市印野字程塚1549-1", "url": "https://www.kaigokensaku.mhlw.go.jp/22/index.php?action_kouhyou_detail_004_kani=true&JigyosyoCd=2271200814-00&ServiceCd=210&Type=search", "url2": "http://www.hakuyu-kai.or.jp/fujiazami/" }, "geometry": { "type": "Point", "coordinates": [ 138.809566499999988, 35.3060284 ] } },
{ "type": "Feature", "properties": { "内容": "御殿場十字の園短期入所生活事業所【短期入所生活介護】御殿場市深沢1465番地の１", "url": "https://www.kaigokensaku.mhlw.go.jp/22/index.php?action_kouhyou_detail_004_kani=true&JigyosyoCd=2271200053-00&ServiceCd=210&Type=search", "url2": "http://www.jyuji.or.jp/" }, "geometry": { "type": "Point", "coordinates": [ 138.959625299999971, 35.3122431 ] } },
{ "type": "Feature", "properties": { "内容": "短期入所生活介護白雪【短期入所生活介護】御殿場市川島田字南原２７０番地", "url": "https://www.kaigokensaku.mhlw.go.jp/22/index.php?action_kouhyou_detail_004_kani=true&JigyosyoCd=2271200277-00&ServiceCd=210&Type=search", "url2": "http://www.hakuyu-kai.or.jp/shirayuki/" }, "geometry": { "type": "Point", "coordinates": [ 138.9258125, 35.2946678 ] } },
{ "type": "Feature", "properties": { "内容": "短期入所生活介護　百寿【短期入所生活介護】静岡県御殿場市杉名沢字久保田351番地", "url": "https://www.kaigokensaku.mhlw.go.jp/22/index.php?action_kouhyou_detail_004_kani=true&JigyosyoCd=2271200392-00&ServiceCd=210&Type=search", "url2": "http://www.hakuyu-kai.or.jp/shirayuki/" }, "geometry": { "type": "Point", "coordinates": [ 138.91541170000005, 35.2947298 ] } },
{ "type": "Feature", "properties": { "内容": "ショートステイたんぽぽ【短期入所生活介護】静岡県御殿場市川島田1084-1", "url": "https://www.kaigokensaku.mhlw.go.jp/22/index.php?action_kouhyou_detail_004_kani=true&JigyosyoCd=2271200228-00&ServiceCd=210&Type=search", "url2": "http://www:toranomon.or.jp/" }, "geometry": { "type": "Point", "coordinates": [ 138.918127654372569, 35.296001644371231 ] } },
{ "type": "Feature", "properties": { "内容": "短期入所生活介護　すずらん【短期入所生活介護】上小林字西野原1527-19", "url": "https://www.kaigokensaku.mhlw.go.jp/22/index.php?action_kouhyou_detail_004_kani=true&JigyosyoCd=2271200541-00&ServiceCd=210&Type=search", "url2": "www.hakuyu-kai.or.jp/suzuran." }, "geometry": { "type": "Point", "coordinates": [ 138.89743455313419, 35.344534109565046 ] } },
{ "type": "Feature", "properties": { "内容": "指定介護老人福祉施設　オレンジシャトー富岳【短期入所生活介護】静岡県御殿場市神山１９２５番地の１１９３", "url": "https://www.kaigokensaku.mhlw.go.jp/22/index.php?action_kouhyou_detail_004_kani=true&JigyosyoCd=2271200046-00&ServiceCd=210&Type=search", "url2": "http://www.fugakukai.com/" }, "geometry": { "type": "Point", "coordinates": [ 138.9023532, 35.2347848 ] } },
{ "type": "Feature", "properties": { "内容": "社会福祉法人浴光会ぐみさわ苑【短期入所生活介護】茱萸沢１９８－１", "url": "https://www.kaigokensaku.mhlw.go.jp/22/index.php?action_kouhyou_detail_004_kani=true&JigyosyoCd=2271200269-00&ServiceCd=210&Type=search", "url2": null }, "geometry": { "type": "Point", "coordinates": [ 138.923890799999981, 35.3147665 ] } },
{ "type": "Feature", "properties": { "内容": "紫雲の園【短期入所生活介護】袋井市浅名１５７７－１", "url": "https://www.kaigokensaku.mhlw.go.jp/22/index.php?action_kouhyou_detail_004_kani=true&JigyosyoCd=2276600042-00&ServiceCd=210&Type=search", "url2": "http://www.sanpo-kai.jp/" }, "geometry": { "type": "Point", "coordinates": [ 137.9373015, 34.7131144 ] } },
{ "type": "Feature", "properties": { "内容": "明和苑ショートスティ【短期入所生活介護】袋井市宇刈８５０－１", "url": "https://www.kaigokensaku.mhlw.go.jp/22/index.php?action_kouhyou_detail_004_kani=true&JigyosyoCd=2276400039-00&ServiceCd=210&Type=search", "url2": "http:www.meiwakai.jp" }, "geometry": { "type": "Point", "coordinates": [ 137.922245400000065, 34.7923073 ] } },
{ "type": "Feature", "properties": { "内容": "介護老人福祉施設　萩の花【短期入所生活介護】袋井市高尾1439-1", "url": "https://www.kaigokensaku.mhlw.go.jp/22/index.php?action_kouhyou_detail_004_kani=true&JigyosyoCd=2276400104-00&ServiceCd=210&Type=search", "url2": "http:/koshikai.or.jp" }, "geometry": { "type": "Point", "coordinates": [ 137.929312500000037, 34.7327284 ] } },
{ "type": "Feature", "properties": { "内容": "袋井ゆうあいの里短期入所生活介護事業所【短期入所生活介護】静岡県袋井市小山1410-1", "url": "https://www.kaigokensaku.mhlw.go.jp/22/index.php?action_kouhyou_detail_004_kani=true&JigyosyoCd=2277300469-00&ServiceCd=210&Type=search", "url2": "http://www.enchu-fukushikai.or.jp/" }, "geometry": { "type": "Point", "coordinates": [ 137.889089659771827, 34.750092976500724 ] } },
{ "type": "Feature", "properties": { "内容": "ディアコニア・ショートステイ【短期入所生活介護】袋井市山崎5902番地の167", "url": "https://www.kaigokensaku.mhlw.go.jp/22/index.php?action_kouhyou_detail_004_kani=true&JigyosyoCd=2276400179-00&ServiceCd=210&Type=search", "url2": "http//www.denmark-bokujyo.or.jp" }, "geometry": { "type": "Point", "coordinates": [ 137.974092400000018, 34.7090543 ] } },
{ "type": "Feature", "properties": { "内容": "萬松の里ショートステイ【短期入所生活介護】袋井市久能2914-4", "url": "https://www.kaigokensaku.mhlw.go.jp/22/index.php?action_kouhyou_detail_004_kani=true&JigyosyoCd=2276400211-00&ServiceCd=210&Type=search", "url2": "http://www.banshoukai.com/" }, "geometry": { "type": "Point", "coordinates": [ 137.921498700000029, 34.7770619 ] } },
{ "type": "Feature", "properties": { "内容": "老人短期入所梓の里【短期入所生活介護】下田市加増野181番地の1", "url": "https://www.kaigokensaku.mhlw.go.jp/22/index.php?action_kouhyou_detail_004_kani=true&JigyosyoCd=2270200047-00&ServiceCd=210&Type=search", "url2": "http://www.shiyuukai.or.jp/" }, "geometry": { "type": "Point", "coordinates": [ 138.875893099999985, 34.7194836 ] } },
{ "type": "Feature", "properties": { "内容": "老人短期入所　みくらの里【短期入所生活介護】下田市吉佐美１０８６番地", "url": "https://www.kaigokensaku.mhlw.go.jp/22/index.php?action_kouhyou_detail_004_kani=true&JigyosyoCd=2270200179-00&ServiceCd=210&Type=search", "url2": "http://www.shiyuukai.or.jp" }, "geometry": { "type": "Point", "coordinates": [ 138.914027900000065, 34.6719507 ] } },
{ "type": "Feature", "properties": { "内容": "特別養護老人ホーム　茶畑ヒルズ【短期入所生活介護】裾野市茶畑1428-1", "url": "https://www.kaigokensaku.mhlw.go.jp/22/index.php?action_kouhyou_detail_004_kani=true&JigyosyoCd=2271400216-00&ServiceCd=210&Type=search", "url2": "http://kashokai.or.jp" }, "geometry": { "type": "Point", "coordinates": [ 138.928394, 35.1759658 ] } },
{ "type": "Feature", "properties": { "内容": "社会福祉法人　富岳会　富岳一ノ瀬荘【短期入所生活介護】裾野市茶畑1707番地の3", "url": "https://www.kaigokensaku.mhlw.go.jp/22/index.php?action_kouhyou_detail_004_kani=true&JigyosyoCd=2271400026-00&ServiceCd=210&Type=search", "url2": "https://fugakukai.com/ichinoseso" }, "geometry": { "type": "Point", "coordinates": [ 138.939573399999972, 35.1734303 ] } },
{ "type": "Feature", "properties": { "内容": "富岳ダイヤモンドライフすその【短期入所生活介護】静岡県裾野市須山字大野2949", "url": "https://www.kaigokensaku.mhlw.go.jp/22/index.php?action_kouhyou_detail_004_kani=true&JigyosyoCd=2271400455-00&ServiceCd=210&Type=search", "url2": null }, "geometry": { "type": "Point", "coordinates": [ 138.857236100000023, 35.2654816 ] } },
{ "type": "Feature", "properties": { "内容": "短期入所施設燦光【短期入所生活介護】湖西市新居町新居1800番地の1", "url": "https://www.kaigokensaku.mhlw.go.jp/22/index.php?action_kouhyou_detail_004_kani=true&JigyosyoCd=2278200049-00&ServiceCd=210&Type=search", "url2": "http://shinwakai-shizuoka.or.jp/" }, "geometry": { "type": "Point", "coordinates": [ 137.57625280000002, 34.6861375 ] } },
{ "type": "Feature", "properties": { "内容": "ショートステイ恵翔苑【短期入所生活介護】湖西市新居町中之郷３６３６番地２１", "url": "https://www.kaigokensaku.mhlw.go.jp/22/index.php?action_kouhyou_detail_004_kani=true&JigyosyoCd=2278400276-00&ServiceCd=210&Type=search", "url2": "http://jyuhoukai.jp" }, "geometry": { "type": "Point", "coordinates": [ 137.557470800000033, 34.709818 ] } },
{ "type": "Feature", "properties": { "内容": "老人短期入所事業光湖苑【短期入所生活介護】湖西市新所岡崎梅田入会地17-20", "url": "https://www.kaigokensaku.mhlw.go.jp/22/index.php?action_kouhyou_detail_004_kani=true&JigyosyoCd=2278400011-00&ServiceCd=210&Type=search", "url2": "https://m-hamanakokai.jp/" }, "geometry": { "type": "Point", "coordinates": [ 137.50126709999995, 34.7158398 ] } },
{ "type": "Feature", "properties": { "内容": "ショートステイ湖西白萩【短期入所生活介護】湖西市太田450-1", "url": "https://www.kaigokensaku.mhlw.go.jp/22/index.php?action_kouhyou_detail_004_kani=true&JigyosyoCd=2278400136-00&ServiceCd=210&Type=search", "url2": "http://www.jihian.or.jp" }, "geometry": { "type": "Point", "coordinates": [ 137.510673, 34.7553658 ] } },
{ "type": "Feature", "properties": { "内容": "地域密着型特別養護老人ホーム寿松園【短期入所生活介護】静岡県湖西市岡崎602番地の1地域密着型特別養護老人ホーム寿松園", "url": "https://www.kaigokensaku.mhlw.go.jp/22/index.php?action_kouhyou_detail_004_kani=true&JigyosyoCd=2278400367-00&ServiceCd=210&Type=search", "url2": "https://jushouen.jp/" }, "geometry": { "type": "Point", "coordinates": [ 137.5066784, 34.7224648 ] } },
{ "type": "Feature", "properties": { "内容": "土肥ショートステイ【短期入所生活介護】伊豆市小土肥７８７－２", "url": "https://www.kaigokensaku.mhlw.go.jp/22/index.php?action_kouhyou_detail_004_kani=true&JigyosyoCd=2270300052-00&ServiceCd=210&Type=search", "url2": "http://www.shinai-kai.jp/toihome/" }, "geometry": { "type": "Point", "coordinates": [ 138.791311899999982, 34.923828 ] } },
{ "type": "Feature", "properties": { "内容": "中伊豆短期入所生活介護【短期入所生活介護】伊豆市八幡123", "url": "https://www.kaigokensaku.mhlw.go.jp/22/index.php?action_kouhyou_detail_004_kani=true&JigyosyoCd=2270700160-00&ServiceCd=210&Type=search", "url2": "http://www.wbs.ne.jp/bt/ayamekai/" }, "geometry": { "type": "Point", "coordinates": [ 139.000266399999987, 34.9575315 ] } },
{ "type": "Feature", "properties": { "内容": "伊豆中央ケアセンター短期入所生活介護事業所【短期入所生活介護】伊豆市大野304", "url": "https://www.kaigokensaku.mhlw.go.jp/22/index.php?action_kouhyou_detail_004_kani=true&JigyosyoCd=2270300094-00&ServiceCd=210&Type=search", "url2": "http://www.shunpuukai.com" }, "geometry": { "type": "Point", "coordinates": [ 138.977754, 34.9838142 ] } },
{ "type": "Feature", "properties": { "内容": "ショートステイ　天城の杜【短期入所生活介護】静岡県伊豆市湯ヶ島９３９番４１", "url": "https://www.kaigokensaku.mhlw.go.jp/22/index.php?action_kouhyou_detail_004_kani=true&JigyosyoCd=2270700251-00&ServiceCd=210&Type=search", "url2": "http://www.swc-aisei.or.jp/" }, "geometry": { "type": "Point", "coordinates": [ 138.921368799999982, 34.8693131 ] } },
{ "type": "Feature", "properties": { "内容": "特別養護老人ホーム　　　東海清風園【短期入所生活介護】静岡県御前崎市池新田4094", "url": "https://www.kaigokensaku.mhlw.go.jp/22/index.php?action_kouhyou_detail_004_kani=true&JigyosyoCd=2276100100-00&ServiceCd=210&Type=search", "url2": "http://www.san-ikukai.or.jp/" }, "geometry": { "type": "Point", "coordinates": [ 138.131890399999946, 34.6417085 ] } },
{ "type": "Feature", "properties": { "内容": "特別養護老人ホーム　灯光園　短期入所生活介護事業所【短期入所生活介護】御前崎市御前崎３５－３７", "url": "https://www.kaigokensaku.mhlw.go.jp/22/index.php?action_kouhyou_detail_004_kani=true&JigyosyoCd=2275500060-00&ServiceCd=210&Type=search", "url2": "http://toukouen.sakura.ne.jp/" }, "geometry": { "type": "Point", "coordinates": [ 138.2228649, 34.6005881 ] } },
{ "type": "Feature", "properties": { "内容": "松寿園短期入所生活介護事業所【短期入所生活介護】静岡県菊川市棚草1261", "url": "https://www.kaigokensaku.mhlw.go.jp/22/index.php?action_kouhyou_detail_004_kani=true&JigyosyoCd=2276100092-00&ServiceCd=210&Type=search", "url2": "http://washoukai.or.jp/" }, "geometry": { "type": "Point", "coordinates": [ 138.1046711, 34.7032381 ] } },
{ "type": "Feature", "properties": { "内容": "特別養護老人ホーム　喜久の園【短期入所生活介護】菊川市仲島二丁目４番地の１６", "url": "https://www.kaigokensaku.mhlw.go.jp/22/index.php?action_kouhyou_detail_004_kani=true&JigyosyoCd=2276800089-00&ServiceCd=210&Type=search", "url2": "http://www.hakuo.or.jp/" }, "geometry": { "type": "Point", "coordinates": [ 138.092647700000043, 34.7543884 ] } },
{ "type": "Feature", "properties": { "内容": "社会福祉法人　春風会　ぬくもりの里【短期入所生活介護】伊豆の国市田京1259-29", "url": "https://www.kaigokensaku.mhlw.go.jp/22/index.php?action_kouhyou_detail_004_kani=true&JigyosyoCd=2270300086-00&ServiceCd=210&Type=search", "url2": "http://www.shunpuukai.com/" }, "geometry": { "type": "Point", "coordinates": [ 138.97113760000002, 35.0081584 ] } },
{ "type": "Feature", "properties": { "内容": "ショートステイ韮山・ぶなの森【短期入所生活介護】伊豆の国市韮山山木391-1", "url": "https://www.kaigokensaku.mhlw.go.jp/22/index.php?action_kouhyou_detail_004_kani=true&JigyosyoCd=2270800184-00&ServiceCd=210&Type=search", "url2": "http://www.buna-no-mori.jp" }, "geometry": { "type": "Point", "coordinates": [ 138.961374100000057, 35.0629431 ] } },
{ "type": "Feature", "properties": { "内容": "特別養護老人ホーム　いちごの里【短期入所生活介護】伊豆の国市北江間４５－１", "url": "https://www.kaigokensaku.mhlw.go.jp/22/index.php?action_kouhyou_detail_004_kani=true&JigyosyoCd=2270300474-00&ServiceCd=210&Type=search", "url2": "http//www.wbs.ne.jp./bt/ayamekai" }, "geometry": { "type": "Point", "coordinates": [ 138.932420500000035, 35.0579124 ] } },
{ "type": "Feature", "properties": { "内容": "社会福祉法人　春風会　プレーゲおおひと【短期入所生活介護】静岡県伊豆の国市白山堂408-9", "url": "https://www.kaigokensaku.mhlw.go.jp/22/index.php?action_kouhyou_detail_004_kani=true&JigyosyoCd=2270800382-00&ServiceCd=210&Type=search", "url2": "http://www.shunpuukai.com/" }, "geometry": { "type": "Point", "coordinates": [ 138.942981199999963, 35.0168399 ] } },
{ "type": "Feature", "properties": { "内容": "相良清風園【短期入所生活介護】牧之原市西萩間６９５－６", "url": "https://www.kaigokensaku.mhlw.go.jp/22/index.php?action_kouhyou_detail_004_kani=true&JigyosyoCd=2275500425-00&ServiceCd=210&Type=search", "url2": "https://www.san-ikukai.or.jp/tokai/sagara/" }, "geometry": { "type": "Point", "coordinates": [ 138.155801099999962, 34.7346175 ] } },
{ "type": "Feature", "properties": { "内容": "聖ルカショートステイ【短期入所生活介護】坂口2766番地1", "url": "https://www.kaigokensaku.mhlw.go.jp/22/index.php?action_kouhyou_detail_004_kani=true&JigyosyoCd=2275800270-00&ServiceCd=210&Type=search", "url2": "https://yamabatogakuen.jp/office/seiruka" }, "geometry": { "type": "Point", "coordinates": [ 138.196547600000031, 34.7820868 ] } },
{ "type": "Feature", "properties": { "内容": "特別養護老人ホーム　海山荘【短期入所生活介護】牧之原市片浜1013番地の1", "url": "https://www.kaigokensaku.mhlw.go.jp/22/index.php?action_kouhyou_detail_004_kani=true&JigyosyoCd=2275800015-00&ServiceCd=210&Type=search", "url2": "http//kaizansou.com/" }, "geometry": { "type": "Point", "coordinates": [ 138.212582600000019, 34.7180348 ] } },
{ "type": "Feature", "properties": { "内容": "老人短期入所事業うたしあ【短期入所生活介護】牧之原市道場43番地", "url": "https://www.kaigokensaku.mhlw.go.jp/22/index.php?action_kouhyou_detail_004_kani=true&JigyosyoCd=2275500714-00&ServiceCd=210&Type=search", "url2": "https://utashia.or.jp" }, "geometry": { "type": "Point", "coordinates": [ 138.217828300000065, 34.7300774 ] } },
{ "type": "Feature", "properties": { "内容": "ライフケアガーデン熱川本館短期入所【短期入所生活介護】静岡県賀茂郡東伊豆町白田415", "url": "https://www.kaigokensaku.mhlw.go.jp/22/index.php?action_kouhyou_detail_004_kani=true&JigyosyoCd=2270100643-00&ServiceCd=210&Type=search", "url2": "http://www.life-atagawa.jp/" }, "geometry": { "type": "Point", "coordinates": [ 139.054139299999946, 34.8066438 ] } },
{ "type": "Feature", "properties": { "内容": "湯ヶ岡の郷【短期入所生活介護】静岡県賀茂郡東伊豆町白田1200", "url": "https://www.kaigokensaku.mhlw.go.jp/22/index.php?action_kouhyou_detail_004_kani=true&JigyosyoCd=2270100023-00&ServiceCd=210&Type=search", "url2": "http://www.yugaokansato.jp" }, "geometry": { "type": "Point", "coordinates": [ 139.040576500000071, 34.808521 ] } },
{ "type": "Feature", "properties": { "内容": "短期入所生活介護　サンシニア河津【短期入所生活介護】賀茂郡河津町田中520-1", "url": "https://www.kaigokensaku.mhlw.go.jp/22/index.php?action_kouhyou_detail_004_kani=true&JigyosyoCd=2270100338-00&ServiceCd=210&Type=search", "url2": "http://www.sunsenior-kawazu.jp/public/index.html" }, "geometry": { "type": "Point", "coordinates": [ 138.993645600000036, 34.7553022 ] } },
{ "type": "Feature", "properties": { "内容": "老人短期入所エクレシア南伊豆【短期入所生活介護】静岡県賀茂郡南伊豆町加納７９２番地", "url": "https://www.kaigokensaku.mhlw.go.jp/22/index.php?action_kouhyou_detail_004_kani=true&JigyosyoCd=2270100825-00&ServiceCd=210&Type=search", "url2": "http://www.shiyuukai.or.jp" }, "geometry": { "type": "Point", "coordinates": [ 138.855424299999981, 34.6554305 ] } },
{ "type": "Feature", "properties": { "内容": "老人短期入所　みなとの園【短期入所生活介護】賀茂郡南伊豆町湊６３８－１", "url": "https://www.kaigokensaku.mhlw.go.jp/22/index.php?action_kouhyou_detail_004_kani=true&JigyosyoCd=2270100080-00&ServiceCd=210&Type=search", "url2": "http://www.shiyuukai.or.jp/" }, "geometry": { "type": "Point", "coordinates": [ 138.8932039, 34.6396641 ] } },
{ "type": "Feature", "properties": { "内容": "松崎十字の園ショートステイ【短期入所生活介護】賀茂郡松崎町江奈１５７", "url": "https://www.kaigokensaku.mhlw.go.jp/22/index.php?action_kouhyou_detail_004_kani=true&JigyosyoCd=2270100262-00&ServiceCd=210&Type=search", "url2": "http://www.jyuji.or.jp/matsuzaki_city/" }, "geometry": { "type": "Point", "coordinates": [ 138.780562, 34.7569576 ] } },
{ "type": "Feature", "properties": { "内容": "ヒューマンヴィラ伊豆　短期入所生活介護事業所【短期入所生活介護】賀茂郡西伊豆町字久須２０３０－１", "url": "https://www.kaigokensaku.mhlw.go.jp/22/index.php?action_kouhyou_detail_004_kani=true&JigyosyoCd=2270100122-00&ServiceCd=210&Type=search", "url2": "https://www.syuuseikai.or.jp/facility02/" }, "geometry": { "type": "Point", "coordinates": [ 138.803040600000031, 34.8411511 ] } },
{ "type": "Feature", "properties": { "内容": "老人短期入所　　太陽の里【短期入所生活介護】静岡県賀茂郡西伊豆町仁科１１３４", "url": "https://www.kaigokensaku.mhlw.go.jp/22/index.php?action_kouhyou_detail_004_kani=true&JigyosyoCd=2270100247-00&ServiceCd=210&Type=search", "url2": "http://www.shiyuukai.or.jp/" }, "geometry": { "type": "Point", "coordinates": [ 138.776439399999958, 34.772526 ] } },
{ "type": "Feature", "properties": { "内容": "ショートステイ函南・ぶなの森【短期入所生活介護】田方郡函南町仁田284－5", "url": "https://www.kaigokensaku.mhlw.go.jp/22/index.php?action_kouhyou_detail_004_kani=true&JigyosyoCd=2270300681-00&ServiceCd=210&Type=search", "url2": "http://www.buna-no-mori.jp" }, "geometry": { "type": "Point", "coordinates": [ 138.941044799999986, 35.075966 ] } },
{ "type": "Feature", "properties": { "内容": "みどりが丘ホーム短期入所生活介護事業所【短期入所生活介護】田方郡函南町大竹20-15", "url": "https://www.kaigokensaku.mhlw.go.jp/22/index.php?action_kouhyou_detail_004_kani=true&JigyosyoCd=2270300151-00&ServiceCd=210&Type=search", "url2": "http://nihonminsei.jp/" }, "geometry": { "type": "Point", "coordinates": [ 138.96173680000004, 35.1157311 ] } },
{ "type": "Feature", "properties": { "内容": "富士見が丘いこいの園　短期入所生活介護事業所【短期入所生活介護】静岡県田方郡函南町大竹２０－１", "url": "https://www.kaigokensaku.mhlw.go.jp/22/index.php?action_kouhyou_detail_004_kani=true&JigyosyoCd=2270300995-00&ServiceCd=210&Type=search", "url2": "http://nihonminsei.ip/" }, "geometry": { "type": "Point", "coordinates": [ 138.96226251296693, 35.116727181268914 ] } },
{ "type": "Feature", "properties": { "内容": "特別養護老人ホーム伊豆白寿園【短期入所生活介護】田方郡函南町平井７５０", "url": "https://www.kaigokensaku.mhlw.go.jp/22/index.php?action_kouhyou_detail_004_kani=true&JigyosyoCd=2270300078-00&ServiceCd=210&Type=search", "url2": "http://kyosaifukushikai.jp" }, "geometry": { "type": "Point", "coordinates": [ 138.954696300000023, 35.0889449 ] } },
{ "type": "Feature", "properties": { "内容": "短期入所生活介護かわせみ【短期入所生活介護】駿東郡清水町的場188－6", "url": "https://www.kaigokensaku.mhlw.go.jp/22/index.php?action_kouhyou_detail_004_kani=true&JigyosyoCd=2271300176-00&ServiceCd=210&Type=search", "url2": "http://www.kawasemi.or.jp" }, "geometry": { "type": "Point", "coordinates": [ 138.906828200000064, 35.0870889 ] } },
{ "type": "Feature", "properties": { "内容": "柿田川ホームショートステイケアセンター【短期入所生活介護】駿東郡清水町戸田54番地11", "url": "https://www.kaigokensaku.mhlw.go.jp/22/index.php?action_kouhyou_detail_004_kani=true&JigyosyoCd=2271300101-00&ServiceCd=210&Type=search", "url2": "https://kakita-home.jp" }, "geometry": { "type": "Point", "coordinates": [ 138.9123664, 35.0979323 ] } },
{ "type": "Feature", "properties": { "内容": "ショートステイ　さつき園【短期入所生活介護】静岡県駿東郡長泉町下土狩４５７番地の２", "url": "https://www.kaigokensaku.mhlw.go.jp/22/index.php?action_kouhyou_detail_004_kani=true&JigyosyoCd=2271300201-00&ServiceCd=210&Type=search", "url2": "http://www.satsukien.or.jp/" }, "geometry": { "type": "Point", "coordinates": [ 138.899394600000051, 35.1279239 ] } },
{ "type": "Feature", "properties": { "内容": "ながいずみホーム短期入所生活介護事業所【短期入所生活介護】静岡県駿東郡長泉町元長窪８８８－６９", "url": "https://www.kaigokensaku.mhlw.go.jp/22/index.php?action_kouhyou_detail_004_kani=true&JigyosyoCd=2271300028-00&ServiceCd=210&Type=search", "url2": "http//www.nagaizumi-home.jp/" }, "geometry": { "type": "Point", "coordinates": [ 138.865690800000039, 35.1685992 ] } },
{ "type": "Feature", "properties": { "内容": "特別養護老人ホーム　徳風園　短期入所生活介護事業所【短期入所生活介護】静岡県駿東郡小山町小山２５５番地の2", "url": "https://www.kaigokensaku.mhlw.go.jp/22/index.php?action_kouhyou_detail_004_kani=true&JigyosyoCd=2271301166-00&ServiceCd=210&Type=search", "url2": "http://jukohkai.moon.bindcloud.jp/" }, "geometry": { "type": "Point", "coordinates": [ 138.987684, 35.355807800000044 ] } },
{ "type": "Feature", "properties": { "内容": "短期入所生活介護事業所おやまの杜【短期入所生活介護】静岡県駿東郡小山町菅沼1839-3", "url": "https://www.kaigokensaku.mhlw.go.jp/22/index.php?action_kouhyou_detail_004_kani=true&JigyosyoCd=2251380032-00&ServiceCd=210&Type=search", "url2": "http://seijukai-gp.jp/" }, "geometry": { "type": "Point", "coordinates": [ 138.9496351, 35.3486709 ] } },
{ "type": "Feature", "properties": { "内容": "短期入所生活介護　菜の花の丘【短期入所生活介護】竹之下３２１", "url": "https://www.kaigokensaku.mhlw.go.jp/22/index.php?action_kouhyou_detail_004_kani=true&JigyosyoCd=2271300812-00&ServiceCd=210&Type=search", "url2": "http://toranomon.or.jp/index/nanohana.html" }, "geometry": { "type": "Point", "coordinates": [ 138.975303085675023, 35.331624189547519 ] } },
{ "type": "Feature", "properties": { "内容": "平成の杜【短期入所生活介護】静岡県駿東郡小山町小山255-2", "url": "https://www.kaigokensaku.mhlw.go.jp/22/index.php?action_kouhyou_detail_004_kani=true&JigyosyoCd=2271300499-00&ServiceCd=210&Type=search", "url2": "http://www18.ocn.ne.jp/^tokufuen/" }, "geometry": { "type": "Point", "coordinates": [ 138.98765149999997, 35.3557468 ] } },
{ "type": "Feature", "properties": { "内容": "特別養護老人ホーム片岡杉の子園【短期入所生活介護】榛原郡吉田町片岡2895番地", "url": "https://www.kaigokensaku.mhlw.go.jp/22/index.php?action_kouhyou_detail_004_kani=true&JigyosyoCd=2275500011-00&ServiceCd=210&Type=search", "url2": "http://www.s-suginoko.or.jp/" }, "geometry": { "type": "Point", "coordinates": [ 138.241390899999942, 34.7720524 ] } },
{ "type": "Feature", "properties": { "内容": "特別養護老人ホーム住吉杉の子園【短期入所生活介護】静岡県榛原郡吉田町住吉3239番地", "url": "https://www.kaigokensaku.mhlw.go.jp/22/index.php?action_kouhyou_detail_004_kani=true&JigyosyoCd=2275500615-00&ServiceCd=210&Type=search", "url2": "http://s-suginoko.or.jp" }, "geometry": { "type": "Point", "coordinates": [ 138.2514055, 34.7524475 ] } },
{ "type": "Feature", "properties": { "内容": "あかいしの郷短期入所生活介護事業所【短期入所生活介護】榛原郡川根本町徳山1620番地の１", "url": "https://www.kaigokensaku.mhlw.go.jp/22/index.php?action_kouhyou_detail_004_kani=true&JigyosyoCd=2275500458-00&ServiceCd=210&Type=search", "url2": "https://kojinkai-fukushi.com/akaishinosato/" }, "geometry": { "type": "Point", "coordinates": [ 138.115965800000026, 35.0750412 ] } },
{ "type": "Feature", "properties": { "内容": "森町愛光園【短期入所生活介護】周智郡森町一宮３１５０番地", "url": "https://www.kaigokensaku.mhlw.go.jp/22/index.php?action_kouhyou_detail_004_kani=true&JigyosyoCd=2276300023-00&ServiceCd=210&Type=search", "url2": "http://www.seirei.or.jp/elderlyhome/morimachi/" }, "geometry": { "type": "Point", "coordinates": [ 137.891694700000016, 34.8255416 ] } }
]
}
